i18n.words_bootstrap	alxp	function	(text)
i18n.words_bootstrap	x	function	(text1, text)
i18n.words_context	alxp	function	(text)
i18n.words_context	x	function	(text1, text)
i18n.words_context	sprachen	defaultdict	13
i18n.words_context	sprachen[0].key	str	english
i18n.words_context	sprachen[0].value	str	en
i18n.words_context	sprachen[1].key	str	englisch
i18n.words_context	sprachen[1].value	str	en
i18n.words_context	sprachen[2].key	str	deutsch
i18n.words_context	sprachen[2].value	str	de
i18n.words_context	sprachen[3].key	str	german
i18n.words_context	sprachen[3].value	str	de
i18n.words_context	sprachen[4].key	str	vietnamesisch
i18n.words_context	sprachen[4].value	str	vn
i18n.words_context	sprachen[5].key	str	vietnamese
i18n.words_context	sprachen[5].value	str	vn
i18n.words_context	sprachen[6].key	str	tiếngviệt
i18n.words_context	sprachen[6].value	str	vn
i18n.words_context	sprachen[7].key	str	chinesisch
i18n.words_context	sprachen[7].value	str	cn
i18n.words_context	sprachen[8].key	str	chinese
i18n.words_context	sprachen[8].value	str	cn
i18n.words_context	sprachen[9].key	str	中國人
i18n.words_context	sprachen[9].value	str	cn
i18n.words_context	sprachen[10].key	str	koreanisch
i18n.words_context	sprachen[10].value	str	kr
i18n.words_context	sprachen[11].key	str	korean
i18n.words_context	sprachen[11].value	str	kr
i18n.words_context	sprachen[12].key	str	한국인
i18n.words_context	sprachen[12].value	str	kr
i18n.words_context	sprachen2	defaultdict	13
i18n.words_context	sprachen2[0].key	str	english
i18n.words_context	sprachen2[0].value	str	messages
i18n.words_context	sprachen2[1].key	str	englisch
i18n.words_context	sprachen2[1].value	str	messages
i18n.words_context	sprachen2[2].key	str	deutsch
i18n.words_context	sprachen2[2].value	str	messages
i18n.words_context	sprachen2[3].key	str	german
i18n.words_context	sprachen2[3].value	str	messages
i18n.words_context	sprachen2[4].key	str	vietnamesisch
i18n.words_context	sprachen2[4].value	str	vn
i18n.words_context	sprachen2[5].key	str	vietnamese
i18n.words_context	sprachen2[5].value	str	vn
i18n.words_context	sprachen2[6].key	str	tiếngviệt
i18n.words_context	sprachen2[6].value	str	vn
i18n.words_context	sprachen2[7].key	str	chinesisch
i18n.words_context	sprachen2[7].value	str	cn
i18n.words_context	sprachen2[8].key	str	chinese
i18n.words_context	sprachen2[8].value	str	cn
i18n.words_context	sprachen2[9].key	str	中國人
i18n.words_context	sprachen2[9].value	str	cn
i18n.words_context	sprachen2[10].key	str	koreanisch
i18n.words_context	sprachen2[10].value	str	kr
i18n.words_context	sprachen2[11].key	str	korean
i18n.words_context	sprachen2[11].value	str	kr
i18n.words_context	sprachen2[12].key	str	한국인
i18n.words_context	sprachen2[12].value	str	kr
i18n.words_context	sprachenWahl	str	chinese
i18n.words_context	sprachenParameterWort	str	-language=
i18n.words_context	flagS	bool	true
i18n.words_context	arg	str	-language=chinese
i18n.words_context	subFolder	str	cn
i18n.words_context	sprachenFileName	str	cn
i18n.words_context	i18nPath	str	python_reference/i18n
i18n.words_context	Multiplikationen	list	1
i18n.words_context	Multiplikationen[0]	tuple	2
i18n.words_context	Multiplikationen[0][0]	str	multiplications
i18n.words_context	Multiplikationen[0][1]	str	
i18n.words_context	netzwerkWort	str	network
i18n.words_context	Primzahlkreuz_pro_contra_strs	tuple	2
i18n.words_context	Primzahlkreuz_pro_contra_strs[0]	str	Primzahlkreuz_pro_contra
i18n.words_context	Primzahlkreuz_pro_contra_strs[1]	str	nachvollziehen_emotional_oder_geistig_durch_Primzahl-Kreuz-Algorithmus_(15)
i18n.words_context	keineTabellenAusgabe	str	one time no table content
i18n.words_context	Primzahlkreuz_pro_contra_strs_Fkt	tuple	2
i18n.words_context	Primzahlkreuz_pro_contra_strs_Fkt[0]	str	prime_cross_pro_contra
i18n.words_context	Primzahlkreuz_pro_contra_strs_Fkt[1]	str	comprehend_emotionally_or_mentally_by_prime_cross_algorithm_(15)
i18n.words_context	Primzahlkreuz_pro_contra_strs_Dict	dict	1
i18n.words_context	Primzahlkreuz_pro_contra_strs_Dict[0].key	ref	i18n.words_context:Primzahlkreuz_pro_contra_strs
i18n.words_context	Primzahlkreuz_pro_contra_strs_Dict[0].value	ref	i18n.words_context:Primzahlkreuz_pro_contra_strs_Fkt
i18n.words_context	gebrochenSpaltenMaximumPlus1	int	24
i18n.words_context	primzahlWort	str	prime_number
i18n.words_context	geistWort	str	mind
i18n.words_context	emotionWort	str	emotions
i18n.words_context	ausgabeParas	dict	13
i18n.words_context	ausgabeParas[0].key	str	nocolor
i18n.words_context	ausgabeParas[0].value	str	nocolor
i18n.words_context	ausgabeParas[1].key	str	justtext
i18n.words_context	ausgabeParas[1].value	str	justtext
i18n.words_context	ausgabeParas[2].key	str	art
i18n.words_context	ausgabeParas[2].value	str	type
i18n.words_context	ausgabeParas[3].key	str	onetable
i18n.words_context	ausgabeParas[3].value	str	onetable
i18n.words_context	ausgabeParas[4].key	str	spaltenreihenfolgeundnurdiese
i18n.words_context	ausgabeParas[4].value	str	columnorderandonlythese
i18n.words_context	ausgabeParas[5].key	str	endlessscreen
i18n.words_context	ausgabeParas[5].value	str	endlessscreen
i18n.words_context	ausgabeParas[6].key	str	endless
i18n.words_context	ausgabeParas[6].value	str	endless
i18n.words_context	ausgabeParas[7].key	str	dontwrap
i18n.words_context	ausgabeParas[7].value	str	dontwrap
i18n.words_context	ausgabeParas[8].key	str	breite
i18n.words_context	ausgabeParas[8].value	str	width
i18n.words_context	ausgabeParas[9].key	str	breiten
i18n.words_context	ausgabeParas[9].value	str	widths
i18n.words_context	ausgabeParas[10].key	str	keineleereninhalte
i18n.words_context	ausgabeParas[10].value	str	noblankcontents
i18n.words_context	ausgabeParas[11].key	str	keinenummerierung
i18n.words_context	ausgabeParas[11].value	str	nonumbering
i18n.words_context	ausgabeParas[12].key	str	keineueberschriften
i18n.words_context	ausgabeParas[12].value	str	noheadings
i18n.words_context	ausgabeParasEqSign	dict	13
i18n.words_context	ausgabeParasEqSign[0].key	str	nocolor
i18n.words_context	ausgabeParasEqSign[0].value	bool	false
i18n.words_context	ausgabeParasEqSign[1].key	str	justtext
i18n.words_context	ausgabeParasEqSign[1].value	bool	false
i18n.words_context	ausgabeParasEqSign[2].key	str	art
i18n.words_context	ausgabeParasEqSign[2].value	bool	true
i18n.words_context	ausgabeParasEqSign[3].key	str	onetable
i18n.words_context	ausgabeParasEqSign[3].value	bool	false
i18n.words_context	ausgabeParasEqSign[4].key	str	spaltenreihenfolgeundnurdiese
i18n.words_context	ausgabeParasEqSign[4].value	bool	true
i18n.words_context	ausgabeParasEqSign[5].key	str	endlessscreen
i18n.words_context	ausgabeParasEqSign[5].value	bool	false
i18n.words_context	ausgabeParasEqSign[6].key	str	endless
i18n.words_context	ausgabeParasEqSign[6].value	bool	false
i18n.words_context	ausgabeParasEqSign[7].key	str	dontwrap
i18n.words_context	ausgabeParasEqSign[7].value	bool	false
i18n.words_context	ausgabeParasEqSign[8].key	str	breite
i18n.words_context	ausgabeParasEqSign[8].value	bool	true
i18n.words_context	ausgabeParasEqSign[9].key	str	breiten
i18n.words_context	ausgabeParasEqSign[9].value	bool	true
i18n.words_context	ausgabeParasEqSign[10].key	str	keineleereninhalte
i18n.words_context	ausgabeParasEqSign[10].value	bool	false
i18n.words_context	ausgabeParasEqSign[11].key	str	keinenummerierung
i18n.words_context	ausgabeParasEqSign[11].value	bool	false
i18n.words_context	ausgabeParasEqSign[12].key	str	keineueberschriften
i18n.words_context	ausgabeParasEqSign[12].value	bool	false
i18n.words_context	ausgabeParasLen	dict	13
i18n.words_context	ausgabeParasLen[0].key	str	nocolor
i18n.words_context	ausgabeParasLen[0].value	int	7
i18n.words_context	ausgabeParasLen[1].key	str	justtext
i18n.words_context	ausgabeParasLen[1].value	int	8
i18n.words_context	ausgabeParasLen[2].key	str	art
i18n.words_context	ausgabeParasLen[2].value	int	4
i18n.words_context	ausgabeParasLen[3].key	str	onetable
i18n.words_context	ausgabeParasLen[3].value	int	8
i18n.words_context	ausgabeParasLen[4].key	str	spaltenreihenfolgeundnurdiese
i18n.words_context	ausgabeParasLen[4].value	int	23
i18n.words_context	ausgabeParasLen[5].key	str	endlessscreen
i18n.words_context	ausgabeParasLen[5].value	int	13
i18n.words_context	ausgabeParasLen[6].key	str	endless
i18n.words_context	ausgabeParasLen[6].value	int	7
i18n.words_context	ausgabeParasLen[7].key	str	dontwrap
i18n.words_context	ausgabeParasLen[7].value	int	8
i18n.words_context	ausgabeParasLen[8].key	str	breite
i18n.words_context	ausgabeParasLen[8].value	int	5
i18n.words_context	ausgabeParasLen[9].key	str	breiten
i18n.words_context	ausgabeParasLen[9].value	int	6
i18n.words_context	ausgabeParasLen[10].key	str	keineleereninhalte
i18n.words_context	ausgabeParasLen[10].value	int	15
i18n.words_context	ausgabeParasLen[11].key	str	keinenummerierung
i18n.words_context	ausgabeParasLen[11].value	int	11
i18n.words_context	ausgabeParasLen[12].key	str	keineueberschriften
i18n.words_context	ausgabeParasLen[12].value	int	10
i18n.words_context	kombiMainParas	dict	2
i18n.words_context	kombiMainParas[0].key	str	galaxie
i18n.words_context	kombiMainParas[0].value	str	galaxy
i18n.words_context	kombiMainParas[1].key	str	universum
i18n.words_context	kombiMainParas[1].value	str	universe
i18n.words_context	zeilenParas	dict	27
i18n.words_context	zeilenParas[0].key	str	alles
i18n.words_context	zeilenParas[0].value	str	all
i18n.words_context	zeilenParas[1].key	str	gestern
i18n.words_context	zeilenParas[1].value	str	yesterday
i18n.words_context	zeilenParas[2].key	str	heute
i18n.words_context	zeilenParas[2].value	str	today
i18n.words_context	zeilenParas[3].key	str	hoehemaximal
i18n.words_context	zeilenParas[3].value	str	heightmaximum
i18n.words_context	zeilenParas[4].key	str	mond
i18n.words_context	zeilenParas[4].value	str	moon
i18n.words_context	zeilenParas[5].key	str	morgen
i18n.words_context	zeilenParas[5].value	str	tomorrow
i18n.words_context	zeilenParas[6].key	str	nachtraeglichneuabzaehlung
i18n.words_context	zeilenParas[6].value	str	retrospectiverecount
i18n.words_context	zeilenParas[7].key	str	nachtraeglichneuabzaehlungvielfache
i18n.words_context	zeilenParas[7].value	str	retrospectiverecountmultiples
i18n.words_context	zeilenParas[8].key	str	oberesmaximum
i18n.words_context	zeilenParas[8].value	str	uppermaximum
i18n.words_context	zeilenParas[9].key	str	planet
i18n.words_context	zeilenParas[9].value	str	planet
i18n.words_context	zeilenParas[10].key	str	potenzenvonzahlen
i18n.words_context	zeilenParas[10].value	str	potenciesofnumbers
i18n.words_context	zeilenParas[11].key	str	primzahlvielfache
i18n.words_context	zeilenParas[11].value	str	primemultiples
i18n.words_context	zeilenParas[12].key	str	schwarzesonne
i18n.words_context	zeilenParas[12].value	str	blacksun
i18n.words_context	zeilenParas[13].key	str	sonne
i18n.words_context	zeilenParas[13].value	str	sun
i18n.words_context	zeilenParas[14].key	str	typ
i18n.words_context	zeilenParas[14].value	str	type
i18n.words_context	zeilenParas[15].key	str	vielfachevonzahlen
i18n.words_context	zeilenParas[15].value	str	multiplesofnumbers
i18n.words_context	zeilenParas[16].key	str	vorhervonausschnitt
i18n.words_context	zeilenParas[16].value	str	thisrangebefore
i18n.words_context	zeilenParas[17].key	str	vorhervonausschnittteiler
i18n.words_context	zeilenParas[17].value	str	thisrangebeforedividers
i18n.words_context	zeilenParas[18].key	str	zaehlung
i18n.words_context	zeilenParas[18].value	str	ranges
i18n.words_context	zeilenParas[19].key	str	zeit
i18n.words_context	zeilenParas[19].value	str	time
i18n.words_context	zeilenParas[20].key	str	primzahlen
i18n.words_context	zeilenParas[20].value	str	primenumbers
i18n.words_context	zeilenParas[21].key	str	aussenerste
i18n.words_context	zeilenParas[21].value	str	outsidefirst
i18n.words_context	zeilenParas[22].key	str	innenerste
i18n.words_context	zeilenParas[22].value	str	insidefirst
i18n.words_context	zeilenParas[23].key	str	aussenalle
i18n.words_context	zeilenParas[23].value	str	outsideall
i18n.words_context	zeilenParas[24].key	str	innenalle
i18n.words_context	zeilenParas[24].value	str	insideall
i18n.words_context	zeilenParas[25].key	str	invertieren
i18n.words_context	zeilenParas[25].value	str	invert
i18n.words_context	zeilenParas[26].key	str	SonneMitMondanteil
i18n.words_context	zeilenParas[26].value	str	sunWithMoonParts
i18n.words_context	zeilenParasLen	dict	27
i18n.words_context	zeilenParasLen[0].key	str	alles
i18n.words_context	zeilenParasLen[0].value	int	3
i18n.words_context	zeilenParasLen[1].key	str	gestern
i18n.words_context	zeilenParasLen[1].value	int	9
i18n.words_context	zeilenParasLen[2].key	str	heute
i18n.words_context	zeilenParasLen[2].value	int	5
i18n.words_context	zeilenParasLen[3].key	str	hoehemaximal
i18n.words_context	zeilenParasLen[3].value	int	13
i18n.words_context	zeilenParasLen[4].key	str	mond
i18n.words_context	zeilenParasLen[4].value	int	4
i18n.words_context	zeilenParasLen[5].key	str	morgen
i18n.words_context	zeilenParasLen[5].value	int	8
i18n.words_context	zeilenParasLen[6].key	str	nachtraeglichneuabzaehlung
i18n.words_context	zeilenParasLen[6].value	int	20
i18n.words_context	zeilenParasLen[7].key	str	nachtraeglichneuabzaehlungvielfache
i18n.words_context	zeilenParasLen[7].value	int	29
i18n.words_context	zeilenParasLen[8].key	str	oberesmaximum
i18n.words_context	zeilenParasLen[8].value	int	12
i18n.words_context	zeilenParasLen[9].key	str	planet
i18n.words_context	zeilenParasLen[9].value	int	6
i18n.words_context	zeilenParasLen[10].key	str	potenzenvonzahlen
i18n.words_context	zeilenParasLen[10].value	int	18
i18n.words_context	zeilenParasLen[11].key	str	primzahlvielfache
i18n.words_context	zeilenParasLen[11].value	int	14
i18n.words_context	zeilenParasLen[12].key	str	schwarzesonne
i18n.words_context	zeilenParasLen[12].value	int	8
i18n.words_context	zeilenParasLen[13].key	str	sonne
i18n.words_context	zeilenParasLen[13].value	int	3
i18n.words_context	zeilenParasLen[14].key	str	typ
i18n.words_context	zeilenParasLen[14].value	int	4
i18n.words_context	zeilenParasLen[15].key	str	vielfachevonzahlen
i18n.words_context	zeilenParasLen[15].value	int	18
i18n.words_context	zeilenParasLen[16].key	str	vorhervonausschnitt
i18n.words_context	zeilenParasLen[16].value	int	15
i18n.words_context	zeilenParasLen[17].key	str	vorhervonausschnittteiler
i18n.words_context	zeilenParasLen[17].value	int	23
i18n.words_context	zeilenParasLen[18].key	str	zaehlung
i18n.words_context	zeilenParasLen[18].value	int	6
i18n.words_context	zeilenParasLen[19].key	str	zeit
i18n.words_context	zeilenParasLen[19].value	int	4
i18n.words_context	zeilenParasLen[20].key	str	primzahlen
i18n.words_context	zeilenParasLen[20].value	int	12
i18n.words_context	zeilenParasLen[21].key	str	aussenerste
i18n.words_context	zeilenParasLen[21].value	int	12
i18n.words_context	zeilenParasLen[22].key	str	innenerste
i18n.words_context	zeilenParasLen[22].value	int	11
i18n.words_context	zeilenParasLen[23].key	str	aussenalle
i18n.words_context	zeilenParasLen[23].value	int	10
i18n.words_context	zeilenParasLen[24].key	str	innenalle
i18n.words_context	zeilenParasLen[24].value	int	9
i18n.words_context	zeilenParasLen[25].key	str	invertieren
i18n.words_context	zeilenParasLen[25].value	int	6
i18n.words_context	zeilenParasLen[26].key	str	SonneMitMondanteil
i18n.words_context	zeilenParasLen[26].value	int	16
i18n.words_context	hauptForNeben	dict	8
i18n.words_context	hauptForNeben[0].key	str	zeilen
i18n.words_context	hauptForNeben[0].value	str	lines
i18n.words_context	hauptForNeben[1].key	str	spalten
i18n.words_context	hauptForNeben[1].value	str	columns
i18n.words_context	hauptForNeben[2].key	str	kombination
i18n.words_context	hauptForNeben[2].value	str	combination
i18n.words_context	hauptForNeben[3].key	str	ausgabe
i18n.words_context	hauptForNeben[3].value	str	output
i18n.words_context	hauptForNeben[4].key	str	h
i18n.words_context	hauptForNeben[4].value	str	h
i18n.words_context	hauptForNeben[5].key	str	help
i18n.words_context	hauptForNeben[5].value	str	help
i18n.words_context	hauptForNeben[6].key	str	debug
i18n.words_context	hauptForNeben[6].value	str	debug
i18n.words_context	hauptForNeben[7].key	str	nichts
i18n.words_context	hauptForNeben[7].value	str	nothing
i18n.words_context	ausgabeArt	dict	7
i18n.words_context	ausgabeArt[0].key	str	bbcode
i18n.words_context	ausgabeArt[0].value	str	bbcode
i18n.words_context	ausgabeArt[1].key	str	html
i18n.words_context	ausgabeArt[1].value	str	html
i18n.words_context	ausgabeArt[2].key	str	csv
i18n.words_context	ausgabeArt[2].value	str	csv
i18n.words_context	ausgabeArt[3].key	str	shell
i18n.words_context	ausgabeArt[3].value	str	shell
i18n.words_context	ausgabeArt[4].key	str	markdown
i18n.words_context	ausgabeArt[4].value	str	markdown
i18n.words_context	ausgabeArt[5].key	str	emacs
i18n.words_context	ausgabeArt[5].value	str	emacs
i18n.words_context	ausgabeArt[6].key	str	nichts
i18n.words_context	ausgabeArt[6].value	str	nothing
i18n.words_context	wahl16Words	dict	2
i18n.words_context	wahl16Words[0].key	str	Multiversalien_(16)
i18n.words_context	wahl16Words[0].value	str	multiversalias_(16)
i18n.words_context	wahl16Words[1].key	str	P
i18n.words_context	wahl16Words[1].value	str	P
i18n.words_context	wahl15Words	dict	54
i18n.words_context	wahl15Words[0].key	str	Strukturalien_bzw_Meta-Paradigmen_bzw_Transzendentalien_(15),Geist_(15),Model_of_Hierarchical_Complexity,nachvollziehen_emotional_oder_geistig_durch_Primzahl-Kreuz-Algorithmus_(15)
i18n.words_context	wahl15Words[0].value	str	structural_paradigms_or_meta-paradigms_or_transcendental_(15),mind_(15),model_of_Hierarchical_Complexity),,comprehend_emotionally_or_mentally_by_prime_cross_algorithm_(15)
i18n.words_context	wahl15Words[1].key	str	Konkreta_und_Focus_(2)
i18n.words_context	wahl15Words[1].value	str	concretes_and_Focus_(2)
i18n.words_context	wahl15Words[2].key	str	Impulse_(5)
i18n.words_context	wahl15Words[2].value	str	impulses_(5)
i18n.words_context	wahl15Words[3].key	str	Gefühle_(7)
i18n.words_context	wahl15Words[3].value	str	feelings_(7)
i18n.words_context	wahl15Words[4].key	str	Modus_und_Sein_(8)
i18n.words_context	wahl15Words[4].value	str	mode_and_being_(8)
i18n.words_context	wahl15Words[5].key	str	Wirklichkeiten_Wahrheit_Wahrnehmung_(10)
i18n.words_context	wahl15Words[5].value	str	realities_truth_perception_(10)
i18n.words_context	wahl15Words[6].key	str	Meta-Systeme_(12),Ordnung_und_Filterung_12_und_1pro12
i18n.words_context	wahl15Words[6].value	str	Meta-Systeme_(12),order_and_Filtering_12_and_1pro12
i18n.words_context	wahl15Words[7].key	str	Paradigmen_sind_Absichten_(13)
i18n.words_context	wahl15Words[7].value	str	paradigms_are_intentions_(13)
i18n.words_context	wahl15Words[8].key	str	Gedanken_sind_Positionen_(17)
i18n.words_context	wahl15Words[8].value	str	thoughts_are_positions_(17)
i18n.words_context	wahl15Words[9].key	str	Verbundenheiten_(18)
i18n.words_context	wahl15Words[9].value	str	connections_(18)
i18n.words_context	wahl15Words[10].key	str	Triebe_und_Bedürfnisse_(6)
i18n.words_context	wahl15Words[10].value	str	drives_and_needs_(6)
i18n.words_context	wahl15Words[11].key	str	Lust_(9)
i18n.words_context	wahl15Words[11].value	str	lust_(9)
i18n.words_context	wahl15Words[12].key	str	Reflexe_(3),Existenzialien_(3)
i18n.words_context	wahl15Words[12].value	str	reflexes_(3),existentials_(3)
i18n.words_context	wahl15Words[13].key	str	Absicht_6_ist_Vorteilsmaximierung
i18n.words_context	wahl15Words[13].value	str	intention_6_is_advantage_maximization.
i18n.words_context	wahl15Words[14].key	str	Absicht_7_ist_Selbstlosigkeit
i18n.words_context	wahl15Words[14].value	str	intention_7_is_selflessness
i18n.words_context	wahl15Words[15].key	str	Absicht_10_ist_Wirklichkeit_erkennen
i18n.words_context	wahl15Words[15].value	str	intention_10_is_recognition_of_reality
i18n.words_context	wahl15Words[16].key	str	Absicht_17_ist_zu_meinen
i18n.words_context	wahl15Words[16].value	str	intention_17_is_to_mean_opionions
i18n.words_context	wahl15Words[17].key	str	Zeit_(4)_als_Wirklichkeit
i18n.words_context	wahl15Words[17].value	str	time_(4)_as_reality
i18n.words_context	wahl15Words[18].key	str	Funktionen_Vorstellungen_(16)
i18n.words_context	wahl15Words[18].value	str	functions_Conceptions_(16)
i18n.words_context	wahl15Words[19].key	str	Achtung_(4)
i18n.words_context	wahl15Words[19].value	str	attention_(4)
i18n.words_context	wahl15Words[20].key	str	Absicht_1/8
i18n.words_context	wahl15Words[20].value	str	intention_1/8
i18n.words_context	wahl15Words[21].key	str	Absicht_1/6_ist_Reinigung_und_Klarheit
i18n.words_context	wahl15Words[21].value	str	intention_1/6_is_cleaning_and_clarity
i18n.words_context	wahl15Words[22].key	str	Reflektion_und_Kategorien_(1/15)
i18n.words_context	wahl15Words[22].value	str	reflection_and_Categories_(1/15)
i18n.words_context	wahl15Words[23].key	str	Bewusstheit_statt_Bewusstsein_(1)
i18n.words_context	wahl15Words[23].value	str	awareness_instead_of_consciousness_(1)
i18n.words_context	wahl15Words[24].key	str	Energie_und_universelle_Eigenschaften_(30)
i18n.words_context	wahl15Words[24].value	str	energy_and_universal_properties_(30)
i18n.words_context	wahl15Words[25].key	str	Stimmungen_Kombinationen_(14)
i18n.words_context	wahl15Words[25].value	str	moods_combinations_(14)
i18n.words_context	wahl15Words[26].key	str	Klassen_(20)
i18n.words_context	wahl15Words[26].value	str	classes_(20)
i18n.words_context	wahl15Words[27].key	str	Empathie_(37)
i18n.words_context	wahl15Words[27].value	str	empathy_(37)
i18n.words_context	wahl15Words[28].key	str	Garben_und_Verhalten_nachfühlen(31)
i18n.words_context	wahl15Words[28].value	str	sheaf_and_behavior_empathy_(31)
i18n.words_context	wahl15Words[29].key	str	Verhalten_(11)
i18n.words_context	wahl15Words[29].value	str	behavior_(11)
i18n.words_context	wahl15Words[30].key	str	Bedeutung_(10)
i18n.words_context	wahl15Words[30].value	str	meaning_(10)
i18n.words_context	wahl15Words[31].key	str	Themen_(6)
i18n.words_context	wahl15Words[31].value	str	topics_(6)
i18n.words_context	wahl15Words[32].key	str	Optimierung_(10)
i18n.words_context	wahl15Words[32].value	str	optimization_(10)
i18n.words_context	wahl15Words[33].key	str	Attraktionen_(36)
i18n.words_context	wahl15Words[33].value	str	attractions_(36)
i18n.words_context	wahl15Words[34].key	str	Absicht_16_ist_zu_genügen
i18n.words_context	wahl15Words[34].value	str	intention_16_is_to_be_enough
i18n.words_context	wahl15Words[35].key	str	Liebe_(7)
i18n.words_context	wahl15Words[35].value	str	love_(7)
i18n.words_context	wahl15Words[36].key	str	Koalitionen_(10)
i18n.words_context	wahl15Words[36].value	str	coalitions_(10)
i18n.words_context	wahl15Words[37].key	str	Ansichten_Standpunkte_(18_17)
i18n.words_context	wahl15Words[37].value	str	views_Stances_(18_17)
i18n.words_context	wahl15Words[38].key	str	Prinzipien(1/8)
i18n.words_context	wahl15Words[38].value	str	principles(1/8)
i18n.words_context	wahl15Words[39].key	str	Bestrebungen(1/5)
i18n.words_context	wahl15Words[39].value	str	aspirations(1/5)
i18n.words_context	wahl15Words[40].key	str	Bedingung_und_Auslöser_(1/3)
i18n.words_context	wahl15Words[40].value	str	condition_and_trigger_(1/3)
i18n.words_context	wahl15Words[41].key	str	relativer_Zeit-Betrag_(15_10_4_18_6)
i18n.words_context	wahl15Words[41].value	str	relative_time_amount_(15_10_4_18_6)
i18n.words_context	wahl15Words[42].key	str	Zahlenvergleich_(15_18_6)
i18n.words_context	wahl15Words[42].value	str	comparision_of_numbers_(15_18_6)
i18n.words_context	wahl15Words[43].key	str	Leidenschaften_(21)
i18n.words_context	wahl15Words[43].value	str	passions_(21)
i18n.words_context	wahl15Words[44].key	str	Erwartungshaltungen_(26)
i18n.words_context	wahl15Words[44].value	str	expectations_(26)
i18n.words_context	wahl15Words[45].key	str	Extremalien_(19),Ziele_(19)
i18n.words_context	wahl15Words[45].value	str	extremalias_(19),goals_(19)
i18n.words_context	wahl15Words[46].key	str	universeller_Komperativ_(18→15)
i18n.words_context	wahl15Words[46].value	str	universal_comperative_(18→15)
i18n.words_context	wahl15Words[47].key	str	Relation_zueinander_reziprok_Universellen_(18→n_vs._1/n)
i18n.words_context	wahl15Words[47].value	str	relation_to_each_other_reciprocal_universal_(18→n_vs._1/n)
i18n.words_context	wahl15Words[48].key	str	Sollen_Frage_Vorgehensweise_(1/13)
i18n.words_context	wahl15Words[48].value	str	shall_question_procedure_(1/13)
i18n.words_context	wahl15Words[49].key	str	Fundament_(1/19)
i18n.words_context	wahl15Words[49].value	str	foundation_(1/19)
i18n.words_context	wahl15Words[50].key	str	abhängige_Verbundenheit_(90)
i18n.words_context	wahl15Words[50].value	str	dependent_connectedness_(90)
i18n.words_context	wahl15Words[51].key	str	Absicht_13_ist_Helfen
i18n.words_context	wahl15Words[51].value	str	intention_13_is_helping
i18n.words_context	wahl15Words[52].key	str	Karte_Filter_und_Unterscheidung_(1/12)
i18n.words_context	wahl15Words[52].value	str	map_filter_and_distinction_(1/12)
i18n.words_context	wahl15Words[53].key	str	Maßnahmen_39
i18n.words_context	wahl15Words[53].value	str	measures_(39)
i18n.words_context	kugelnKreise	list	2
i18n.words_context	kugelnKreise[0]	str	kugeln
i18n.words_context	kugelnKreise[1]	str	kreise
i18n.words_context	ParametersMain	namedtuple	ParametersMain\x1f33
i18n.words_context	ParametersMain.wichtigste	tuple	2
i18n.words_context	ParametersMain.wichtigste[0]	str	most_important_to_understand
i18n.words_context	ParametersMain.wichtigste[1]	str	mostimportanttounderstand
i18n.words_context	ParametersMain.wichtigste2	tuple	2
i18n.words_context	ParametersMain.wichtigste2[0]	str	most_important_to_think_about
i18n.words_context	ParametersMain.wichtigste2[1]	str	mostImportantToClassify
i18n.words_context	ParametersMain.religionen	tuple	3
i18n.words_context	ParametersMain.religionen[0]	str	religions
i18n.words_context	ParametersMain.religionen[1]	str	religions
i18n.words_context	ParametersMain.religionen[2]	str	religion
i18n.words_context	ParametersMain.galaxie	tuple	6
i18n.words_context	ParametersMain.galaxie[0]	str	galaxy
i18n.words_context	ParametersMain.galaxie[1]	str	galaxy
i18n.words_context	ParametersMain.galaxie[2]	str	ancientscripts
i18n.words_context	ParametersMain.galaxie[3]	str	circle
i18n.words_context	ParametersMain.galaxie[4]	str	galaxies
i18n.words_context	ParametersMain.galaxie[5]	str	circles
i18n.words_context	ParametersMain.strukturgroesse	tuple	9
i18n.words_context	ParametersMain.strukturgroesse[0]	str	scale
i18n.words_context	ParametersMain.strukturgroesse[1]	str	scale
i18n.words_context	ParametersMain.strukturgroesse[2]	str	structuresize
i18n.words_context	ParametersMain.strukturgroesse[3]	str	structuresize
i18n.words_context	ParametersMain.strukturgroesse[4]	str	structuresize
i18n.words_context	ParametersMain.strukturgroesse[5]	str	structuresize
i18n.words_context	ParametersMain.strukturgroesse[6]	str	size
i18n.words_context	ParametersMain.strukturgroesse[7]	str	level
i18n.words_context	ParametersMain.strukturgroesse[8]	str	organizations
i18n.words_context	ParametersMain.universum	tuple	9
i18n.words_context	ParametersMain.universum[0]	str	universe
i18n.words_context	ParametersMain.universum[1]	str	universe
i18n.words_context	ParametersMain.universum[2]	str	transcendentals
i18n.words_context	ParametersMain.universum[3]	str	structurals
i18n.words_context	ParametersMain.universum[4]	str	sphere
i18n.words_context	ParametersMain.universum[5]	str	spheres
i18n.words_context	ParametersMain.universum[6]	str	ball
i18n.words_context	ParametersMain.universum[7]	str	balls
i18n.words_context	ParametersMain.universum[8]	str	balls
i18n.words_context	ParametersMain.multiversum	tuple	2
i18n.words_context	ParametersMain.multiversum[0]	str	multiverse
i18n.words_context	ParametersMain.multiversum[1]	str	multiverse
i18n.words_context	ParametersMain.wirtschaft	tuple	2
i18n.words_context	ParametersMain.wirtschaft[0]	str	economy
i18n.words_context	ParametersMain.wirtschaft[1]	str	economy
i18n.words_context	ParametersMain.menschliches	tuple	2
i18n.words_context	ParametersMain.menschliches[0]	str	human
i18n.words_context	ParametersMain.menschliches[1]	str	human
i18n.words_context	ParametersMain.procontra	tuple	3
i18n.words_context	ParametersMain.procontra[0]	str	pro_contra
i18n.words_context	ParametersMain.procontra[1]	str	procontra
i18n.words_context	ParametersMain.procontra[2]	str	procontra
i18n.words_context	ParametersMain.licht	tuple	2
i18n.words_context	ParametersMain.licht[0]	str	light
i18n.words_context	ParametersMain.licht[1]	str	light
i18n.words_context	ParametersMain.bedeutung	tuple	2
i18n.words_context	ParametersMain.bedeutung[0]	str	meaning
i18n.words_context	ParametersMain.bedeutung[1]	str	meaning
i18n.words_context	ParametersMain.symbole	tuple	2
i18n.words_context	ParametersMain.symbole[0]	str	symbols
i18n.words_context	ParametersMain.symbole[1]	str	symbols
i18n.words_context	ParametersMain.Multiplikationen	list	1
i18n.words_context	ParametersMain.Multiplikationen[0]	str	multiplications
i18n.words_context	ParametersMain.konzept	tuple	5
i18n.words_context	ParametersMain.konzept[0]	str	properties_n
i18n.words_context	ParametersMain.konzept[1]	str	properties
i18n.words_context	ParametersMain.konzept[2]	str	property
i18n.words_context	ParametersMain.konzept[3]	str	concept
i18n.words_context	ParametersMain.konzept[4]	str	concepts
i18n.words_context	ParametersMain.konzept2	tuple	3
i18n.words_context	ParametersMain.konzept2[0]	str	properties_1/n
i18n.words_context	ParametersMain.konzept2[1]	str	concept2
i18n.words_context	ParametersMain.konzept2[2]	str	concepts2
i18n.words_context	ParametersMain.inkrementieren	tuple	2
i18n.words_context	ParametersMain.inkrementieren[0]	str	increment
i18n.words_context	ParametersMain.inkrementieren[1]	str	increment
i18n.words_context	ParametersMain.operationen	tuple	2
i18n.words_context	ParametersMain.operationen[0]	str	operations
i18n.words_context	ParametersMain.operationen[1]	str	operations
i18n.words_context	ParametersMain.universummetakonkret	tuple	2
i18n.words_context	ParametersMain.universummetakonkret[0]	str	meta_vs_concrete_(universe)
i18n.words_context	ParametersMain.universummetakonkret[1]	str	universeMetaConcrete
i18n.words_context	ParametersMain.primzahlwirkung	tuple	2
i18n.words_context	ParametersMain.primzahlwirkung[0]	str	prime_effect
i18n.words_context	ParametersMain.primzahlwirkung[1]	str	primeeffect
i18n.words_context	ParametersMain.gebrochenuniversum	tuple	2
i18n.words_context	ParametersMain.gebrochenuniversum[0]	str	fractional_universe_n/m
i18n.words_context	ParametersMain.gebrochenuniversum[1]	str	gebrochenuniversum_fractionaluniverse
i18n.words_context	ParametersMain.gebrochengalaxie	tuple	2
i18n.words_context	ParametersMain.gebrochengalaxie[0]	str	fractional_galaxy_n/m
i18n.words_context	ParametersMain.gebrochengalaxie[1]	str	gebrochengalaxie_fractionalgalaxy
i18n.words_context	ParametersMain.gebrochenemotion	tuple	2
i18n.words_context	ParametersMain.gebrochenemotion[0]	str	fractional-rational_numbered_emotions_n/m
i18n.words_context	ParametersMain.gebrochenemotion[1]	str	fractionedemotion
i18n.words_context	ParametersMain.gebrochengroesse	tuple	2
i18n.words_context	ParametersMain.gebrochengroesse[0]	str	fractional-rational_numbered_structure_sizes_n/m
i18n.words_context	ParametersMain.gebrochengroesse[1]	str	fractionalnumberedstructuresize
i18n.words_context	ParametersMain.primvielfache	tuple	2
i18n.words_context	ParametersMain.primvielfache[0]	str	multiplications
i18n.words_context	ParametersMain.primvielfache[1]	str	multiplications
i18n.words_context	ParametersMain.planet	tuple	2
i18n.words_context	ParametersMain.planet[0]	str	planet_(10_and_or_12)
i18n.words_context	ParametersMain.planet[1]	str	planet
i18n.words_context	ParametersMain.strukturenkleinere	tuple	2
i18n.words_context	ParametersMain.strukturenkleinere[0]	str	structures_1_to_9
i18n.words_context	ParametersMain.strukturenkleinere[1]	str	structureLessTen
i18n.words_context	ParametersMain.grundstrukturen	tuple	2
i18n.words_context	ParametersMain.grundstrukturen[0]	str	basic_structures
i18n.words_context	ParametersMain.grundstrukturen[1]	str	basic_structures
i18n.words_context	ParametersMain.teilchen	tuple	2
i18n.words_context	ParametersMain.teilchen[0]	str	particle-meta-physics
i18n.words_context	ParametersMain.teilchen[1]	str	particles
i18n.words_context	ParametersMain.kontinuum	tuple	2
i18n.words_context	ParametersMain.kontinuum[0]	str	continuum
i18n.words_context	ParametersMain.kontinuum[1]	str	continuum
i18n.words_context	ParametersMain.herrschaft	tuple	2
i18n.words_context	ParametersMain.herrschaft[0]	str	Herrschaft
i18n.words_context	ParametersMain.herrschaft[1]	str	macht
i18n.words_context	ParametersMain.metachemiemetametaphysik	tuple	1
i18n.words_context	ParametersMain.metachemiemetametaphysik[0]	str	MetaMetaPhysik_und_MetaChemie
i18n.words_context	ParametersMain.alles	tuple	1
i18n.words_context	ParametersMain.alles[0]	str	all
i18n.words_context	konzeptE	dict	2
i18n.words_context	konzeptE[0].key	str	konzept
i18n.words_context	konzeptE[0].value	str	concept
i18n.words_context	konzeptE[1].key	str	konzept2
i18n.words_context	konzeptE[1].value	str	concept2
i18n.words_context	gebrochenUniGal	dict	4
i18n.words_context	gebrochenUniGal[0].key	str	gebrochenuniversum
i18n.words_context	gebrochenUniGal[0].value	ref	i18n.words_context:ParametersMain.gebrochenuniversum
i18n.words_context	gebrochenUniGal[1].key	str	gebrochengalaxie
i18n.words_context	gebrochenUniGal[1].value	ref	i18n.words_context:ParametersMain.gebrochengalaxie
i18n.words_context	gebrochenUniGal[2].key	str	gebrochenemotion
i18n.words_context	gebrochenUniGal[2].value	ref	i18n.words_context:ParametersMain.gebrochenemotion
i18n.words_context	gebrochenUniGal[3].key	str	gebrochengroesse
i18n.words_context	gebrochenUniGal[3].value	ref	i18n.words_context:ParametersMain.gebrochengroesse
i18n.words_context	gebrochenUniGalEinzeln	set	8
i18n.words_context	gebrochenUniGalEinzeln[0]	str	fractional-rational_numbered_emotions_n/m
i18n.words_context	gebrochenUniGalEinzeln[1]	str	fractional-rational_numbered_structure_sizes_n/m
i18n.words_context	gebrochenUniGalEinzeln[2]	str	fractional_galaxy_n/m
i18n.words_context	gebrochenUniGalEinzeln[3]	str	fractional_universe_n/m
i18n.words_context	gebrochenUniGalEinzeln[4]	str	fractionalnumberedstructuresize
i18n.words_context	gebrochenUniGalEinzeln[5]	str	fractionedemotion
i18n.words_context	gebrochenUniGalEinzeln[6]	str	gebrochengalaxie_fractionalgalaxy
i18n.words_context	gebrochenUniGalEinzeln[7]	str	gebrochenuniversum_fractionaluniverse
i18n.words_context	wahl15	dict	65
i18n.words_context	wahl15[0].key	str	15
i18n.words_context	wahl15[0].value	str	structural_paradigms_or_meta-paradigms_or_transcendental_(15),mind_(15),model_of_Hierarchical_Complexity,biological_tree_(15),particles_other_universe,comprehend_emotionally_or_mentally_by_prime_cross_algorithm_(15)
i18n.words_context	wahl15[1].key	str	2
i18n.words_context	wahl15[1].value	str	concretes_and_Focus_(2)
i18n.words_context	wahl15[2].key	str	5
i18n.words_context	wahl15[2].value	str	impulses_(5)
i18n.words_context	wahl15[3].key	str	7
i18n.words_context	wahl15[3].value	str	feelings_(7),leadership_types_(7),salvation
i18n.words_context	wahl15[4].key	str	8
i18n.words_context	wahl15[4].value	str	mode_and_being_(8),punishment,violence
i18n.words_context	wahl15[5].key	str	10
i18n.words_context	wahl15[5].value	str	realities_truth_perception_(10)
i18n.words_context	wahl15[6].key	str	1pro30
i18n.words_context	wahl15[6].value	str	analytic_ontology
i18n.words_context	wahl15[7].key	str	12
i18n.words_context	wahl15[7].value	str	meta-systems_(12),order_and_Filtering_12_and_1pro12
i18n.words_context	wahl15[8].key	str	13
i18n.words_context	wahl15[8].value	str	paradigms_are_intentions_(13)
i18n.words_context	wahl15[9].key	str	17
i18n.words_context	wahl15[9].value	str	thoughts_are_positions_(17)
i18n.words_context	wahl15[10].key	str	18
i18n.words_context	wahl15[10].value	str	connections_(18)
i18n.words_context	wahl15[11].key	str	6
i18n.words_context	wahl15[11].value	str	drives_and_needs_(6),system
i18n.words_context	wahl15[12].key	str	9
i18n.words_context	wahl15[12].value	str	lust_(9)
i18n.words_context	wahl15[13].key	str	3
i18n.words_context	wahl15[13].value	str	reflexes_(3),existentials_(3)
i18n.words_context	wahl15[14].key	str	13_6
i18n.words_context	wahl15[14].value	str	intention_6_is_advantage_maximization.
i18n.words_context	wahl15[15].key	str	13_7
i18n.words_context	wahl15[15].value	str	intention_7_is_selflessness
i18n.words_context	wahl15[16].key	str	13_10
i18n.words_context	wahl15[16].value	str	intention_10_is_recognition_of_reality
i18n.words_context	wahl15[17].key	str	13_17
i18n.words_context	wahl15[17].value	str	intention_17_is_to_mean_opionions
i18n.words_context	wahl15[18].key	str	10_4
i18n.words_context	wahl15[18].value	str	time_(4)_as_reality
i18n.words_context	wahl15[19].key	str	16
i18n.words_context	wahl15[19].value	str	functions_Conceptions_(16)
i18n.words_context	wahl15[20].key	str	4
i18n.words_context	wahl15[20].value	str	attention_(4)
i18n.words_context	wahl15[21].key	str	13_1pro8
i18n.words_context	wahl15[21].value	str	intention_1/8
i18n.words_context	wahl15[22].key	str	13_1pro6
i18n.words_context	wahl15[22].value	str	intention_1/6_is_cleaning_and_clarity
i18n.words_context	wahl15[23].key	str	1pro15
i18n.words_context	wahl15[23].value	str	reflection_and_Categories_(1/15)
i18n.words_context	wahl15[24].key	str	1
i18n.words_context	wahl15[24].value	str	awareness_instead_of_consciousness_(1)
i18n.words_context	wahl15[25].key	str	30
i18n.words_context	wahl15[25].value	str	energy_and_universal_properties_(30)
i18n.words_context	wahl15[26].key	str	14
i18n.words_context	wahl15[26].value	str	moods_combinations_(14)
i18n.words_context	wahl15[27].key	str	14_6
i18n.words_context	wahl15[27].value	str	calculate
i18n.words_context	wahl15[28].key	str	20
i18n.words_context	wahl15[28].value	str	classes_(20)
i18n.words_context	wahl15[29].key	str	37
i18n.words_context	wahl15[29].value	str	empathy_(37)
i18n.words_context	wahl15[30].key	str	31
i18n.words_context	wahl15[30].value	str	sheaf_and_behavior_empathy_(31)
i18n.words_context	wahl15[31].key	str	11
i18n.words_context	wahl15[31].value	str	behavior_(11)
i18n.words_context	wahl15[32].key	str	5_10
i18n.words_context	wahl15[32].value	str	meaning_(10)
i18n.words_context	wahl15[33].key	str	17_6
i18n.words_context	wahl15[33].value	str	topics_(6)
i18n.words_context	wahl15[34].key	str	17_6_10with4
i18n.words_context	wahl15[34].value	str	optimization_(10)
i18n.words_context	wahl15[35].key	str	36
i18n.words_context	wahl15[35].value	str	attractions_(36)
i18n.words_context	wahl15[36].key	str	13_16
i18n.words_context	wahl15[36].value	str	intention_16_is_to_be_enough
i18n.words_context	wahl15[37].key	str	18_7
i18n.words_context	wahl15[37].value	str	love_(7)
i18n.words_context	wahl15[38].key	str	18_10
i18n.words_context	wahl15[38].value	str	coalitions_(10)
i18n.words_context	wahl15[39].key	str	18_17
i18n.words_context	wahl15[39].value	str	views_Stances_(18_17)
i18n.words_context	wahl15[40].key	str	1pro8
i18n.words_context	wahl15[40].value	str	principles(1/8)
i18n.words_context	wahl15[41].key	str	1pro5
i18n.words_context	wahl15[41].value	str	aspirations(1/5)
i18n.words_context	wahl15[42].key	str	1pro3
i18n.words_context	wahl15[42].value	str	condition_and_trigger_(1/3)
i18n.words_context	wahl15[43].key	str	10_4_18_6
i18n.words_context	wahl15[43].value	str	relative_time_amount_(15_10_4_18_6)
i18n.words_context	wahl15[44].key	str	18_6
i18n.words_context	wahl15[44].value	str	comparision_of_numbers_(15_18_6)
i18n.words_context	wahl15[45].key	str	21
i18n.words_context	wahl15[45].value	str	passions_(21)
i18n.words_context	wahl15[46].key	str	26
i18n.words_context	wahl15[46].value	str	expectations_(26)
i18n.words_context	wahl15[47].key	str	19
i18n.words_context	wahl15[47].value	str	extremalias_(19),goals_(19)
i18n.words_context	wahl15[48].key	str	18_15
i18n.words_context	wahl15[48].value	str	universal_comperative_(18→15)
i18n.words_context	wahl15[49].key	str	18_15_n-vs-1pron
i18n.words_context	wahl15[49].value	str	relation_to_each_other_reciprocal_universal_(18→n_vs._1/n)
i18n.words_context	wahl15[50].key	str	1pro13
i18n.words_context	wahl15[50].value	str	shall_question_procedure_(1/13)
i18n.words_context	wahl15[51].key	str	1pro19
i18n.words_context	wahl15[51].value	str	foundation_(1/19)
i18n.words_context	wahl15[52].key	str	90
i18n.words_context	wahl15[52].value	str	dependent_connectedness_(90)
i18n.words_context	wahl15[53].key	str	13_13
i18n.words_context	wahl15[53].value	str	intention_13_is_helping
i18n.words_context	wahl15[54].key	str	1pro12
i18n.words_context	wahl15[54].value	str	map_filter_and_distinction_(1/12)
i18n.words_context	wahl15[55].key	str	39
i18n.words_context	wahl15[55].value	str	measures_(39)
i18n.words_context	wahl15[56].key	str	1pro6
i18n.words_context	wahl15[56].value	str	inner-values_1/6_of_cleaning_and_clarity
i18n.words_context	wahl15[57].key	str	28
i18n.words_context	wahl15[57].value	str	areas_of_life_and_classes_of_problems(28)
i18n.words_context	wahl15[58].key	str	24
i18n.words_context	wahl15[58].value	str	network
i18n.words_context	wahl15[59].key	str	32
i18n.words_context	wahl15[59].value	str	mathematical_design_(32)
i18n.words_context	wahl15[60].key	str	against5
i18n.words_context	wahl15[60].value	str	against_5
i18n.words_context	wahl15[61].key	str	9_6
i18n.words_context	wahl15[61].value	str	scale
i18n.words_context	wahl15[62].key	str	51
i18n.words_context	wahl15[62].value	str	controversy_(51)
i18n.words_context	wahl15[63].key	str	13_4
i18n.words_context	wahl15[63].value	str	actions
i18n.words_context	wahl15[64].key	str	7with6
i18n.words_context	wahl15[64].value	str	well-being_(7with6)
i18n.words_context	wahl16	dict	9
i18n.words_context	wahl16[0].key	str	1
i18n.words_context	wahl16[0].value	str	meta_physic_particles_(1)
i18n.words_context	wahl16[1].key	str	2
i18n.words_context	wahl16[1].value	str	structural_paradigms_or_meta-paradigms_or_transcendental_(15),model_of_Hierarchical_Complexity
i18n.words_context	wahl16[2].key	str	3
i18n.words_context	wahl16[2].value	str	particles_other_universe
i18n.words_context	wahl16[3].key	str	5
i18n.words_context	wahl16[3].value	str	structural_paradigms_or_meta-paradigms_or_transcendental_(15),model_of_Hierarchical_Complexity,biological_tree_(16_->_15),P5
i18n.words_context	wahl16[4].key	str	6
i18n.words_context	wahl16[4].value	str	mind_(15)
i18n.words_context	wahl16[5].key	str	15
i18n.words_context	wahl16[5].value	str	structural_paradigms_or_meta-paradigms_or_transcendental_(15),model_of_Hierarchical_Complexity
i18n.words_context	wahl16[6].key	str	10
i18n.words_context	wahl16[6].value	str	structure_sciences_(10)
i18n.words_context	wahl16[7].key	str	16
i18n.words_context	wahl16[7].value	str	multiversalias_(16),P
i18n.words_context	wahl16[8].key	str	20
i18n.words_context	wahl16[8].value	str	pattern_sciences_(20)
i18n.words_context	freiheitGleichheit	tuple	2
i18n.words_context	freiheitGleichheit[0]	str	freiheit
i18n.words_context	freiheitGleichheit[1]	str	gleichheit
i18n.words_context	gemeinsamkeitenWort	str	commonalities
i18n.words_context	befehle2	ordereddict	221
i18n.words_context	befehle2[0].key	str	15_15
i18n.words_context	befehle2[0].value	str	15_15
i18n.words_context	befehle2[1].key	str	15_2
i18n.words_context	befehle2[1].value	str	15_2
i18n.words_context	befehle2[2].key	str	15_5
i18n.words_context	befehle2[2].value	str	15_5
i18n.words_context	befehle2[3].key	str	15_7
i18n.words_context	befehle2[3].value	str	15_7
i18n.words_context	befehle2[4].key	str	15_8
i18n.words_context	befehle2[4].value	str	15_8
i18n.words_context	befehle2[5].key	str	15_10
i18n.words_context	befehle2[5].value	str	15_10
i18n.words_context	befehle2[6].key	str	15_1pro30
i18n.words_context	befehle2[6].value	str	15_1pro30
i18n.words_context	befehle2[7].key	str	15_12
i18n.words_context	befehle2[7].value	str	15_12
i18n.words_context	befehle2[8].key	str	15_13
i18n.words_context	befehle2[8].value	str	15_13
i18n.words_context	befehle2[9].key	str	15_17
i18n.words_context	befehle2[9].value	str	15_17
i18n.words_context	befehle2[10].key	str	15_18
i18n.words_context	befehle2[10].value	str	15_18
i18n.words_context	befehle2[11].key	str	15_6
i18n.words_context	befehle2[11].value	str	15_6
i18n.words_context	befehle2[12].key	str	15_9
i18n.words_context	befehle2[12].value	str	15_9
i18n.words_context	befehle2[13].key	str	15_3
i18n.words_context	befehle2[13].value	str	15_3
i18n.words_context	befehle2[14].key	str	15_13_6
i18n.words_context	befehle2[14].value	str	15_13_6
i18n.words_context	befehle2[15].key	str	15_13_7
i18n.words_context	befehle2[15].value	str	15_13_7
i18n.words_context	befehle2[16].key	str	15_13_10
i18n.words_context	befehle2[16].value	str	15_13_10
i18n.words_context	befehle2[17].key	str	15_13_17
i18n.words_context	befehle2[17].value	str	15_13_17
i18n.words_context	befehle2[18].key	str	15_10_4
i18n.words_context	befehle2[18].value	str	15_10_4
i18n.words_context	befehle2[19].key	str	15_16
i18n.words_context	befehle2[19].value	str	15_16
i18n.words_context	befehle2[20].key	str	15_4
i18n.words_context	befehle2[20].value	str	15_4
i18n.words_context	befehle2[21].key	str	15_13_1pro8
i18n.words_context	befehle2[21].value	str	15_13_1pro8
i18n.words_context	befehle2[22].key	str	15_13_1pro6
i18n.words_context	befehle2[22].value	str	15_13_1pro6
i18n.words_context	befehle2[23].key	str	15_1pro15
i18n.words_context	befehle2[23].value	str	15_1pro15
i18n.words_context	befehle2[24].key	str	15_1
i18n.words_context	befehle2[24].value	str	15_1
i18n.words_context	befehle2[25].key	str	15_30
i18n.words_context	befehle2[25].value	str	15_30
i18n.words_context	befehle2[26].key	str	15_14
i18n.words_context	befehle2[26].value	str	15_14
i18n.words_context	befehle2[27].key	str	15_14_6
i18n.words_context	befehle2[27].value	str	15_14_6
i18n.words_context	befehle2[28].key	str	15_20
i18n.words_context	befehle2[28].value	str	15_20
i18n.words_context	befehle2[29].key	str	15_37
i18n.words_context	befehle2[29].value	str	15_37
i18n.words_context	befehle2[30].key	str	15_31
i18n.words_context	befehle2[30].value	str	15_31
i18n.words_context	befehle2[31].key	str	15_11
i18n.words_context	befehle2[31].value	str	15_11
i18n.words_context	befehle2[32].key	str	15_5_10
i18n.words_context	befehle2[32].value	str	15_5_10
i18n.words_context	befehle2[33].key	str	15_17_6
i18n.words_context	befehle2[33].value	str	15_17_6
i18n.words_context	befehle2[34].key	str	15_17_6_10with4
i18n.words_context	befehle2[34].value	str	15_17_6_10with4
i18n.words_context	befehle2[35].key	str	15_36
i18n.words_context	befehle2[35].value	str	15_36
i18n.words_context	befehle2[36].key	str	15_13_16
i18n.words_context	befehle2[36].value	str	15_13_16
i18n.words_context	befehle2[37].key	str	15_18_7
i18n.words_context	befehle2[37].value	str	15_18_7
i18n.words_context	befehle2[38].key	str	15_18_10
i18n.words_context	befehle2[38].value	str	15_18_10
i18n.words_context	befehle2[39].key	str	15_18_17
i18n.words_context	befehle2[39].value	str	15_18_17
i18n.words_context	befehle2[40].key	str	15_1pro8
i18n.words_context	befehle2[40].value	str	15_1pro8
i18n.words_context	befehle2[41].key	str	15_1pro5
i18n.words_context	befehle2[41].value	str	15_1pro5
i18n.words_context	befehle2[42].key	str	15_1pro3
i18n.words_context	befehle2[42].value	str	15_1pro3
i18n.words_context	befehle2[43].key	str	15_10_4_18_6
i18n.words_context	befehle2[43].value	str	15_10_4_18_6
i18n.words_context	befehle2[44].key	str	15_18_6
i18n.words_context	befehle2[44].value	str	15_18_6
i18n.words_context	befehle2[45].key	str	15_21
i18n.words_context	befehle2[45].value	str	15_21
i18n.words_context	befehle2[46].key	str	15_26
i18n.words_context	befehle2[46].value	str	15_26
i18n.words_context	befehle2[47].key	str	15_19
i18n.words_context	befehle2[47].value	str	15_19
i18n.words_context	befehle2[48].key	str	15_18_15
i18n.words_context	befehle2[48].value	str	15_18_15
i18n.words_context	befehle2[49].key	str	15_18_15_n-vs-1pron
i18n.words_context	befehle2[49].value	str	15_18_15_n-vs-1pron
i18n.words_context	befehle2[50].key	str	15_1pro13
i18n.words_context	befehle2[50].value	str	15_1pro13
i18n.words_context	befehle2[51].key	str	15_1pro19
i18n.words_context	befehle2[51].value	str	15_1pro19
i18n.words_context	befehle2[52].key	str	15_90
i18n.words_context	befehle2[52].value	str	15_90
i18n.words_context	befehle2[53].key	str	15_13_13
i18n.words_context	befehle2[53].value	str	15_13_13
i18n.words_context	befehle2[54].key	str	15_1pro12
i18n.words_context	befehle2[54].value	str	15_1pro12
i18n.words_context	befehle2[55].key	str	15_39
i18n.words_context	befehle2[55].value	str	15_39
i18n.words_context	befehle2[56].key	str	15_1pro6
i18n.words_context	befehle2[56].value	str	15_1pro6
i18n.words_context	befehle2[57].key	str	15_28
i18n.words_context	befehle2[57].value	str	15_28
i18n.words_context	befehle2[58].key	str	15_24
i18n.words_context	befehle2[58].value	str	15_24
i18n.words_context	befehle2[59].key	str	15_32
i18n.words_context	befehle2[59].value	str	15_32
i18n.words_context	befehle2[60].key	str	15_against5
i18n.words_context	befehle2[60].value	str	15_against5
i18n.words_context	befehle2[61].key	str	15_9_6
i18n.words_context	befehle2[61].value	str	15_9_6
i18n.words_context	befehle2[62].key	str	15_51
i18n.words_context	befehle2[62].value	str	15_51
i18n.words_context	befehle2[63].key	str	15_13_4
i18n.words_context	befehle2[63].value	str	15_13_4
i18n.words_context	befehle2[64].key	str	15_7with6
i18n.words_context	befehle2[64].value	str	15_7with6
i18n.words_context	befehle2[65].key	str	16_15_2
i18n.words_context	befehle2[65].value	str	16_15_2
i18n.words_context	befehle2[66].key	str	16_15_5
i18n.words_context	befehle2[66].value	str	16_15_5
i18n.words_context	befehle2[67].key	str	16_15_7
i18n.words_context	befehle2[67].value	str	16_15_7
i18n.words_context	befehle2[68].key	str	16_15_8
i18n.words_context	befehle2[68].value	str	16_15_8
i18n.words_context	befehle2[69].key	str	16_15_10
i18n.words_context	befehle2[69].value	str	16_15_10
i18n.words_context	befehle2[70].key	str	16_15_1pro30
i18n.words_context	befehle2[70].value	str	16_15_1pro30
i18n.words_context	befehle2[71].key	str	16_15_12
i18n.words_context	befehle2[71].value	str	16_15_12
i18n.words_context	befehle2[72].key	str	16_15_13
i18n.words_context	befehle2[72].value	str	16_15_13
i18n.words_context	befehle2[73].key	str	16_15_17
i18n.words_context	befehle2[73].value	str	16_15_17
i18n.words_context	befehle2[74].key	str	16_15_18
i18n.words_context	befehle2[74].value	str	16_15_18
i18n.words_context	befehle2[75].key	str	16_15_6
i18n.words_context	befehle2[75].value	str	16_15_6
i18n.words_context	befehle2[76].key	str	16_15_9
i18n.words_context	befehle2[76].value	str	16_15_9
i18n.words_context	befehle2[77].key	str	16_15_3
i18n.words_context	befehle2[77].value	str	16_15_3
i18n.words_context	befehle2[78].key	str	16_15_13_6
i18n.words_context	befehle2[78].value	str	16_15_13_6
i18n.words_context	befehle2[79].key	str	16_15_13_7
i18n.words_context	befehle2[79].value	str	16_15_13_7
i18n.words_context	befehle2[80].key	str	16_15_13_10
i18n.words_context	befehle2[80].value	str	16_15_13_10
i18n.words_context	befehle2[81].key	str	16_15_13_17
i18n.words_context	befehle2[81].value	str	16_15_13_17
i18n.words_context	befehle2[82].key	str	16_15_10_4
i18n.words_context	befehle2[82].value	str	16_15_10_4
i18n.words_context	befehle2[83].key	str	16_15_16
i18n.words_context	befehle2[83].value	str	16_15_16
i18n.words_context	befehle2[84].key	str	16_15_4
i18n.words_context	befehle2[84].value	str	16_15_4
i18n.words_context	befehle2[85].key	str	16_15_13_1pro8
i18n.words_context	befehle2[85].value	str	16_15_13_1pro8
i18n.words_context	befehle2[86].key	str	16_15_13_1pro6
i18n.words_context	befehle2[86].value	str	16_15_13_1pro6
i18n.words_context	befehle2[87].key	str	16_15_1pro15
i18n.words_context	befehle2[87].value	str	16_15_1pro15
i18n.words_context	befehle2[88].key	str	16_15_1
i18n.words_context	befehle2[88].value	str	16_15_1
i18n.words_context	befehle2[89].key	str	16_15_30
i18n.words_context	befehle2[89].value	str	16_15_30
i18n.words_context	befehle2[90].key	str	16_15_14
i18n.words_context	befehle2[90].value	str	16_15_14
i18n.words_context	befehle2[91].key	str	16_15_14_6
i18n.words_context	befehle2[91].value	str	16_15_14_6
i18n.words_context	befehle2[92].key	str	16_15_20
i18n.words_context	befehle2[92].value	str	16_15_20
i18n.words_context	befehle2[93].key	str	16_15_37
i18n.words_context	befehle2[93].value	str	16_15_37
i18n.words_context	befehle2[94].key	str	16_15_31
i18n.words_context	befehle2[94].value	str	16_15_31
i18n.words_context	befehle2[95].key	str	16_15_11
i18n.words_context	befehle2[95].value	str	16_15_11
i18n.words_context	befehle2[96].key	str	16_15_5_10
i18n.words_context	befehle2[96].value	str	16_15_5_10
i18n.words_context	befehle2[97].key	str	16_15_17_6
i18n.words_context	befehle2[97].value	str	16_15_17_6
i18n.words_context	befehle2[98].key	str	16_15_17_6_10with4
i18n.words_context	befehle2[98].value	str	16_15_17_6_10with4
i18n.words_context	befehle2[99].key	str	16_15_36
i18n.words_context	befehle2[99].value	str	16_15_36
i18n.words_context	befehle2[100].key	str	16_15_13_16
i18n.words_context	befehle2[100].value	str	16_15_13_16
i18n.words_context	befehle2[101].key	str	16_15_18_7
i18n.words_context	befehle2[101].value	str	16_15_18_7
i18n.words_context	befehle2[102].key	str	16_15_18_10
i18n.words_context	befehle2[102].value	str	16_15_18_10
i18n.words_context	befehle2[103].key	str	16_15_18_17
i18n.words_context	befehle2[103].value	str	16_15_18_17
i18n.words_context	befehle2[104].key	str	16_15_1pro8
i18n.words_context	befehle2[104].value	str	16_15_1pro8
i18n.words_context	befehle2[105].key	str	16_15_1pro5
i18n.words_context	befehle2[105].value	str	16_15_1pro5
i18n.words_context	befehle2[106].key	str	16_15_1pro3
i18n.words_context	befehle2[106].value	str	16_15_1pro3
i18n.words_context	befehle2[107].key	str	16_15_10_4_18_6
i18n.words_context	befehle2[107].value	str	16_15_10_4_18_6
i18n.words_context	befehle2[108].key	str	16_15_18_6
i18n.words_context	befehle2[108].value	str	16_15_18_6
i18n.words_context	befehle2[109].key	str	16_15_21
i18n.words_context	befehle2[109].value	str	16_15_21
i18n.words_context	befehle2[110].key	str	16_15_26
i18n.words_context	befehle2[110].value	str	16_15_26
i18n.words_context	befehle2[111].key	str	16_15_19
i18n.words_context	befehle2[111].value	str	16_15_19
i18n.words_context	befehle2[112].key	str	16_15_18_15
i18n.words_context	befehle2[112].value	str	16_15_18_15
i18n.words_context	befehle2[113].key	str	16_15_18_15_n-vs-1pron
i18n.words_context	befehle2[113].value	str	16_15_18_15_n-vs-1pron
i18n.words_context	befehle2[114].key	str	16_15_1pro13
i18n.words_context	befehle2[114].value	str	16_15_1pro13
i18n.words_context	befehle2[115].key	str	16_15_1pro19
i18n.words_context	befehle2[115].value	str	16_15_1pro19
i18n.words_context	befehle2[116].key	str	16_15_90
i18n.words_context	befehle2[116].value	str	16_15_90
i18n.words_context	befehle2[117].key	str	16_15_13_13
i18n.words_context	befehle2[117].value	str	16_15_13_13
i18n.words_context	befehle2[118].key	str	16_15_1pro12
i18n.words_context	befehle2[118].value	str	16_15_1pro12
i18n.words_context	befehle2[119].key	str	16_15_39
i18n.words_context	befehle2[119].value	str	16_15_39
i18n.words_context	befehle2[120].key	str	16_15_1pro6
i18n.words_context	befehle2[120].value	str	16_15_1pro6
i18n.words_context	befehle2[121].key	str	16_15_28
i18n.words_context	befehle2[121].value	str	16_15_28
i18n.words_context	befehle2[122].key	str	16_15_24
i18n.words_context	befehle2[122].value	str	16_15_24
i18n.words_context	befehle2[123].key	str	16_15_32
i18n.words_context	befehle2[123].value	str	16_15_32
i18n.words_context	befehle2[124].key	str	16_15_against5
i18n.words_context	befehle2[124].value	str	16_15_against5
i18n.words_context	befehle2[125].key	str	16_15_9_6
i18n.words_context	befehle2[125].value	str	16_15_9_6
i18n.words_context	befehle2[126].key	str	16_15_51
i18n.words_context	befehle2[126].value	str	16_15_51
i18n.words_context	befehle2[127].key	str	16_15_13_4
i18n.words_context	befehle2[127].value	str	16_15_13_4
i18n.words_context	befehle2[128].key	str	16_15_7with6
i18n.words_context	befehle2[128].value	str	16_15_7with6
i18n.words_context	befehle2[129].key	str	16_1
i18n.words_context	befehle2[129].value	str	16_1
i18n.words_context	befehle2[130].key	str	16_2
i18n.words_context	befehle2[130].value	str	16_2
i18n.words_context	befehle2[131].key	str	16_3
i18n.words_context	befehle2[131].value	str	16_3
i18n.words_context	befehle2[132].key	str	16_5
i18n.words_context	befehle2[132].value	str	16_5
i18n.words_context	befehle2[133].key	str	16_6
i18n.words_context	befehle2[133].value	str	16_6
i18n.words_context	befehle2[134].key	str	16_15
i18n.words_context	befehle2[134].value	str	16_15
i18n.words_context	befehle2[135].key	str	16_10
i18n.words_context	befehle2[135].value	str	16_10
i18n.words_context	befehle2[136].key	str	16_16
i18n.words_context	befehle2[136].value	str	16_16
i18n.words_context	befehle2[137].key	str	16_20
i18n.words_context	befehle2[137].value	str	16_20
i18n.words_context	befehle2[138].key	str	invertieren
i18n.words_context	befehle2[138].value	str	invert
i18n.words_context	befehle2[139].key	str	netzwerk
i18n.words_context	befehle2[139].value	str	network
i18n.words_context	befehle2[140].key	str	komplex
i18n.words_context	befehle2[140].value	str	complex
i18n.words_context	befehle2[141].key	str	ee
i18n.words_context	befehle2[141].value	str	ee
i18n.words_context	befehle2[142].key	str	groesse
i18n.words_context	befehle2[142].value	str	size
i18n.words_context	befehle2[143].key	str	emotion
i18n.words_context	befehle2[143].value	str	emotions
i18n.words_context	befehle2[144].key	str	freiheit
i18n.words_context	befehle2[144].value	str	freedom
i18n.words_context	befehle2[145].key	str	gleichheit
i18n.words_context	befehle2[145].value	str	equality
i18n.words_context	befehle2[146].key	str	kurzbefehle
i18n.words_context	befehle2[146].value	str	shortcuts
i18n.words_context	befehle2[147].key	str	leeren
i18n.words_context	befehle2[147].value	str	clear
i18n.words_context	befehle2[148].key	str	kugeln
i18n.words_context	befehle2[148].value	str	spheres
i18n.words_context	befehle2[149].key	str	kreise
i18n.words_context	befehle2[149].value	str	circles
i18n.words_context	befehle2[150].key	str	mond
i18n.words_context	befehle2[150].value	str	moon
i18n.words_context	befehle2[151].key	str	reta
i18n.words_context	befehle2[151].value	str	reta
i18n.words_context	befehle2[152].key	str	absicht
i18n.words_context	befehle2[152].value	str	intent
i18n.words_context	befehle2[153].key	str	motiv
i18n.words_context	befehle2[153].value	str	motive
i18n.words_context	befehle2[154].key	str	thomas
i18n.words_context	befehle2[154].value	str	thomas
i18n.words_context	befehle2[155].key	str	universum
i18n.words_context	befehle2[155].value	str	universe
i18n.words_context	befehle2[156].key	str	impulse
i18n.words_context	befehle2[156].value	str	impulses
i18n.words_context	befehle2[157].key	str	motive
i18n.words_context	befehle2[157].value	str	motifs
i18n.words_context	befehle2[158].key	str	absichten
i18n.words_context	befehle2[158].value	str	intentions
i18n.words_context	befehle2[159].key	str	primfaktorenvergleich
i18n.words_context	befehle2[159].value	str	primaryfactorcomparison
i18n.words_context	befehle2[160].key	str	vielfache
i18n.words_context	befehle2[160].value	str	multiple
i18n.words_context	befehle2[161].key	str	einzeln
i18n.words_context	befehle2[161].value	str	single
i18n.words_context	befehle2[162].key	str	multis
i18n.words_context	befehle2[162].value	str	multis
i18n.words_context	befehle2[163].key	str	multis3
i18n.words_context	befehle2[163].value	str	multis3
i18n.words_context	befehle2[164].key	str	modulo
i18n.words_context	befehle2[164].value	str	modulo
i18n.words_context	befehle2[165].key	str	prim
i18n.words_context	befehle2[165].value	str	prime
i18n.words_context	befehle2[166].key	str	primfaktorzerlegung
i18n.words_context	befehle2[166].value	str	primefactorization
i18n.words_context	befehle2[167].key	str	prim24
i18n.words_context	befehle2[167].value	str	prime24
i18n.words_context	befehle2[168].key	str	primfaktorzerlegungModulo24
i18n.words_context	befehle2[168].value	str	primefactorizationModulo24
i18n.words_context	befehle2[169].key	str	help
i18n.words_context	befehle2[169].value	str	HELP
i18n.words_context	befehle2[170].key	str	hilfe
i18n.words_context	befehle2[170].value	str	help
i18n.words_context	befehle2[171].key	str	abc
i18n.words_context	befehle2[171].value	str	abc
i18n.words_context	befehle2[172].key	str	abcd
i18n.words_context	befehle2[172].value	str	abcd
i18n.words_context	befehle2[173].key	str	alles
i18n.words_context	befehle2[173].value	str	all
i18n.words_context	befehle2[174].key	str	geist
i18n.words_context	befehle2[174].value	str	mind
i18n.words_context	befehle2[175].key	str	a
i18n.words_context	befehle2[175].value	str	i
i18n.words_context	befehle2[176].key	str	R
i18n.words_context	befehle2[176].value	str	R
i18n.words_context	befehle2[177].key	str	range
i18n.words_context	befehle2[177].value	str	range
i18n.words_context	befehle2[178].key	str	B
i18n.words_context	befehle2[178].value	str	C
i18n.words_context	befehle2[179].key	str	bewusstsein
i18n.words_context	befehle2[179].value	str	consciousness
i18n.words_context	befehle2[180].key	str	E
i18n.words_context	befehle2[180].value	str	E
i18n.words_context	befehle2[181].key	str	G
i18n.words_context	befehle2[181].value	str	M
i18n.words_context	befehle2[182].key	str	u
i18n.words_context	befehle2[182].value	str	u
i18n.words_context	befehle2[183].key	str	I
i18n.words_context	befehle2[183].value	str	I
i18n.words_context	befehle2[184].key	str	T
i18n.words_context	befehle2[184].value	str	D
i18n.words_context	befehle2[185].key	str	W
i18n.words_context	befehle2[185].value	str	T
i18n.words_context	befehle2[186].key	str	wirklichkeit
i18n.words_context	befehle2[186].value	str	truthRealities
i18n.words_context	befehle2[187].key	str	triebe
i18n.words_context	befehle2[187].value	str	drive
i18n.words_context	befehle2[188].key	str	befehle
i18n.words_context	befehle2[188].value	str	commands
i18n.words_context	befehle2[189].key	str	t
i18n.words_context	befehle2[189].value	str	t
i18n.words_context	befehle2[190].key	str	richtung
i18n.words_context	befehle2[190].value	str	direction
i18n.words_context	befehle2[191].key	str	r
i18n.words_context	befehle2[191].value	str	r
i18n.words_context	befehle2[192].key	str	v
i18n.words_context	befehle2[192].value	str	m
i18n.words_context	befehle2[193].key	str	h
i18n.words_context	befehle2[193].value	str	h
i18n.words_context	befehle2[194].key	str	p
i18n.words_context	befehle2[194].value	str	p
i18n.words_context	befehle2[195].key	str	primzahlkreuz
i18n.words_context	befehle2[195].value	str	primecross
i18n.words_context	befehle2[196].key	str	ende
i18n.words_context	befehle2[196].value	str	end
i18n.words_context	befehle2[197].key	str	exit
i18n.words_context	befehle2[197].value	str	exit
i18n.words_context	befehle2[198].key	str	quit
i18n.words_context	befehle2[198].value	str	quit
i18n.words_context	befehle2[199].key	str	q
i18n.words_context	befehle2[199].value	str	q
i18n.words_context	befehle2[200].key	str	:q
i18n.words_context	befehle2[200].value	str	:q
i18n.words_context	befehle2[201].key	str	shell
i18n.words_context	befehle2[201].value	str	shell
i18n.words_context	befehle2[202].key	str	s
i18n.words_context	befehle2[202].value	str	s
i18n.words_context	befehle2[203].key	str	math
i18n.words_context	befehle2[203].value	str	math
i18n.words_context	befehle2[204].key	str	loggen
i18n.words_context	befehle2[204].value	str	logging_yes
i18n.words_context	befehle2[205].key	str	nichtloggen
i18n.words_context	befehle2[205].value	str	logging_no
i18n.words_context	befehle2[206].key	str	mulpri
i18n.words_context	befehle2[206].value	str	mulpri
i18n.words_context	befehle2[207].key	str	python
i18n.words_context	befehle2[207].value	str	python
i18n.words_context	befehle2[208].key	str	w
i18n.words_context	befehle2[208].value	str	d
i18n.words_context	befehle2[209].key	str	teiler
i18n.words_context	befehle2[209].value	str	divider
i18n.words_context	befehle2[210].key	str	BefehlSpeichernDanach
i18n.words_context	befehle2[210].value	str	CommandSaveAfter
i18n.words_context	befehle2[211].key	str	S
i18n.words_context	befehle2[211].value	str	S
i18n.words_context	befehle2[212].key	str	BefehlSpeicherungLöschen
i18n.words_context	befehle2[212].value	str	CommandClearSaves
i18n.words_context	befehle2[213].key	str	l
i18n.words_context	befehle2[213].value	str	c
i18n.words_context	befehle2[214].key	str	BefehlSpeicherungAusgeben
i18n.words_context	befehle2[214].value	str	CommandSaveOutput
i18n.words_context	befehle2[215].key	str	o
i18n.words_context	befehle2[215].value	str	o
i18n.words_context	befehle2[216].key	str	e
i18n.words_context	befehle2[216].value	str	e
i18n.words_context	befehle2[217].key	str	BefehlSpeichernDavor
i18n.words_context	befehle2[217].value	str	CommandSaveBefore
i18n.words_context	befehle2[218].key	str	keineEinZeichenZeilenPlusKeineAusgabeWelcherBefehlEsWar
i18n.words_context	befehle2[218].value	str	noOneCharacterLinePlusNoOutputWhichCommandItWas
i18n.words_context	befehle2[219].key	str	abstand
i18n.words_context	befehle2[219].value	str	distance
i18n.words_context	befehle2[220].key	str	abstandPrim
i18n.words_context	befehle2[220].value	str	distancePrime
i18n.words_context	finde_mehrfache_vorkommen	function	(stringliste)
i18n.words_context	befehle	list	221
i18n.words_context	befehle[0]	str	15_15
i18n.words_context	befehle[1]	str	15_2
i18n.words_context	befehle[2]	str	15_5
i18n.words_context	befehle[3]	str	15_7
i18n.words_context	befehle[4]	str	15_8
i18n.words_context	befehle[5]	str	15_10
i18n.words_context	befehle[6]	str	15_1pro30
i18n.words_context	befehle[7]	str	15_12
i18n.words_context	befehle[8]	str	15_13
i18n.words_context	befehle[9]	str	15_17
i18n.words_context	befehle[10]	str	15_18
i18n.words_context	befehle[11]	str	15_6
i18n.words_context	befehle[12]	str	15_9
i18n.words_context	befehle[13]	str	15_3
i18n.words_context	befehle[14]	str	15_13_6
i18n.words_context	befehle[15]	str	15_13_7
i18n.words_context	befehle[16]	str	15_13_10
i18n.words_context	befehle[17]	str	15_13_17
i18n.words_context	befehle[18]	str	15_10_4
i18n.words_context	befehle[19]	str	15_16
i18n.words_context	befehle[20]	str	15_4
i18n.words_context	befehle[21]	str	15_13_1pro8
i18n.words_context	befehle[22]	str	15_13_1pro6
i18n.words_context	befehle[23]	str	15_1pro15
i18n.words_context	befehle[24]	str	15_1
i18n.words_context	befehle[25]	str	15_30
i18n.words_context	befehle[26]	str	15_14
i18n.words_context	befehle[27]	str	15_14_6
i18n.words_context	befehle[28]	str	15_20
i18n.words_context	befehle[29]	str	15_37
i18n.words_context	befehle[30]	str	15_31
i18n.words_context	befehle[31]	str	15_11
i18n.words_context	befehle[32]	str	15_5_10
i18n.words_context	befehle[33]	str	15_17_6
i18n.words_context	befehle[34]	str	15_17_6_10with4
i18n.words_context	befehle[35]	str	15_36
i18n.words_context	befehle[36]	str	15_13_16
i18n.words_context	befehle[37]	str	15_18_7
i18n.words_context	befehle[38]	str	15_18_10
i18n.words_context	befehle[39]	str	15_18_17
i18n.words_context	befehle[40]	str	15_1pro8
i18n.words_context	befehle[41]	str	15_1pro5
i18n.words_context	befehle[42]	str	15_1pro3
i18n.words_context	befehle[43]	str	15_10_4_18_6
i18n.words_context	befehle[44]	str	15_18_6
i18n.words_context	befehle[45]	str	15_21
i18n.words_context	befehle[46]	str	15_26
i18n.words_context	befehle[47]	str	15_19
i18n.words_context	befehle[48]	str	15_18_15
i18n.words_context	befehle[49]	str	15_18_15_n-vs-1pron
i18n.words_context	befehle[50]	str	15_1pro13
i18n.words_context	befehle[51]	str	15_1pro19
i18n.words_context	befehle[52]	str	15_90
i18n.words_context	befehle[53]	str	15_13_13
i18n.words_context	befehle[54]	str	15_1pro12
i18n.words_context	befehle[55]	str	15_39
i18n.words_context	befehle[56]	str	15_1pro6
i18n.words_context	befehle[57]	str	15_28
i18n.words_context	befehle[58]	str	15_24
i18n.words_context	befehle[59]	str	15_32
i18n.words_context	befehle[60]	str	15_against5
i18n.words_context	befehle[61]	str	15_9_6
i18n.words_context	befehle[62]	str	15_51
i18n.words_context	befehle[63]	str	15_13_4
i18n.words_context	befehle[64]	str	15_7with6
i18n.words_context	befehle[65]	str	16_15_2
i18n.words_context	befehle[66]	str	16_15_5
i18n.words_context	befehle[67]	str	16_15_7
i18n.words_context	befehle[68]	str	16_15_8
i18n.words_context	befehle[69]	str	16_15_10
i18n.words_context	befehle[70]	str	16_15_1pro30
i18n.words_context	befehle[71]	str	16_15_12
i18n.words_context	befehle[72]	str	16_15_13
i18n.words_context	befehle[73]	str	16_15_17
i18n.words_context	befehle[74]	str	16_15_18
i18n.words_context	befehle[75]	str	16_15_6
i18n.words_context	befehle[76]	str	16_15_9
i18n.words_context	befehle[77]	str	16_15_3
i18n.words_context	befehle[78]	str	16_15_13_6
i18n.words_context	befehle[79]	str	16_15_13_7
i18n.words_context	befehle[80]	str	16_15_13_10
i18n.words_context	befehle[81]	str	16_15_13_17
i18n.words_context	befehle[82]	str	16_15_10_4
i18n.words_context	befehle[83]	str	16_15_16
i18n.words_context	befehle[84]	str	16_15_4
i18n.words_context	befehle[85]	str	16_15_13_1pro8
i18n.words_context	befehle[86]	str	16_15_13_1pro6
i18n.words_context	befehle[87]	str	16_15_1pro15
i18n.words_context	befehle[88]	str	16_15_1
i18n.words_context	befehle[89]	str	16_15_30
i18n.words_context	befehle[90]	str	16_15_14
i18n.words_context	befehle[91]	str	16_15_14_6
i18n.words_context	befehle[92]	str	16_15_20
i18n.words_context	befehle[93]	str	16_15_37
i18n.words_context	befehle[94]	str	16_15_31
i18n.words_context	befehle[95]	str	16_15_11
i18n.words_context	befehle[96]	str	16_15_5_10
i18n.words_context	befehle[97]	str	16_15_17_6
i18n.words_context	befehle[98]	str	16_15_17_6_10with4
i18n.words_context	befehle[99]	str	16_15_36
i18n.words_context	befehle[100]	str	16_15_13_16
i18n.words_context	befehle[101]	str	16_15_18_7
i18n.words_context	befehle[102]	str	16_15_18_10
i18n.words_context	befehle[103]	str	16_15_18_17
i18n.words_context	befehle[104]	str	16_15_1pro8
i18n.words_context	befehle[105]	str	16_15_1pro5
i18n.words_context	befehle[106]	str	16_15_1pro3
i18n.words_context	befehle[107]	str	16_15_10_4_18_6
i18n.words_context	befehle[108]	str	16_15_18_6
i18n.words_context	befehle[109]	str	16_15_21
i18n.words_context	befehle[110]	str	16_15_26
i18n.words_context	befehle[111]	str	16_15_19
i18n.words_context	befehle[112]	str	16_15_18_15
i18n.words_context	befehle[113]	str	16_15_18_15_n-vs-1pron
i18n.words_context	befehle[114]	str	16_15_1pro13
i18n.words_context	befehle[115]	str	16_15_1pro19
i18n.words_context	befehle[116]	str	16_15_90
i18n.words_context	befehle[117]	str	16_15_13_13
i18n.words_context	befehle[118]	str	16_15_1pro12
i18n.words_context	befehle[119]	str	16_15_39
i18n.words_context	befehle[120]	str	16_15_1pro6
i18n.words_context	befehle[121]	str	16_15_28
i18n.words_context	befehle[122]	str	16_15_24
i18n.words_context	befehle[123]	str	16_15_32
i18n.words_context	befehle[124]	str	16_15_against5
i18n.words_context	befehle[125]	str	16_15_9_6
i18n.words_context	befehle[126]	str	16_15_51
i18n.words_context	befehle[127]	str	16_15_13_4
i18n.words_context	befehle[128]	str	16_15_7with6
i18n.words_context	befehle[129]	str	16_1
i18n.words_context	befehle[130]	str	16_2
i18n.words_context	befehle[131]	str	16_3
i18n.words_context	befehle[132]	str	16_5
i18n.words_context	befehle[133]	str	16_6
i18n.words_context	befehle[134]	str	16_15
i18n.words_context	befehle[135]	str	16_10
i18n.words_context	befehle[136]	str	16_16
i18n.words_context	befehle[137]	str	16_20
i18n.words_context	befehle[138]	str	invert
i18n.words_context	befehle[139]	str	network
i18n.words_context	befehle[140]	str	complex
i18n.words_context	befehle[141]	str	ee
i18n.words_context	befehle[142]	str	size
i18n.words_context	befehle[143]	str	emotions
i18n.words_context	befehle[144]	str	freedom
i18n.words_context	befehle[145]	str	equality
i18n.words_context	befehle[146]	str	shortcuts
i18n.words_context	befehle[147]	str	clear
i18n.words_context	befehle[148]	str	spheres
i18n.words_context	befehle[149]	str	circles
i18n.words_context	befehle[150]	str	moon
i18n.words_context	befehle[151]	str	reta
i18n.words_context	befehle[152]	str	intent
i18n.words_context	befehle[153]	str	motive
i18n.words_context	befehle[154]	str	thomas
i18n.words_context	befehle[155]	str	universe
i18n.words_context	befehle[156]	str	impulses
i18n.words_context	befehle[157]	str	motifs
i18n.words_context	befehle[158]	str	intentions
i18n.words_context	befehle[159]	str	primaryfactorcomparison
i18n.words_context	befehle[160]	str	multiple
i18n.words_context	befehle[161]	str	single
i18n.words_context	befehle[162]	str	multis
i18n.words_context	befehle[163]	str	multis3
i18n.words_context	befehle[164]	str	modulo
i18n.words_context	befehle[165]	str	prime
i18n.words_context	befehle[166]	str	primefactorization
i18n.words_context	befehle[167]	str	prime24
i18n.words_context	befehle[168]	str	primefactorizationModulo24
i18n.words_context	befehle[169]	str	HELP
i18n.words_context	befehle[170]	str	help
i18n.words_context	befehle[171]	str	abc
i18n.words_context	befehle[172]	str	abcd
i18n.words_context	befehle[173]	str	all
i18n.words_context	befehle[174]	str	mind
i18n.words_context	befehle[175]	str	i
i18n.words_context	befehle[176]	str	R
i18n.words_context	befehle[177]	str	range
i18n.words_context	befehle[178]	str	C
i18n.words_context	befehle[179]	str	consciousness
i18n.words_context	befehle[180]	str	E
i18n.words_context	befehle[181]	str	M
i18n.words_context	befehle[182]	str	u
i18n.words_context	befehle[183]	str	I
i18n.words_context	befehle[184]	str	D
i18n.words_context	befehle[185]	str	T
i18n.words_context	befehle[186]	str	truthRealities
i18n.words_context	befehle[187]	str	drive
i18n.words_context	befehle[188]	str	commands
i18n.words_context	befehle[189]	str	t
i18n.words_context	befehle[190]	str	direction
i18n.words_context	befehle[191]	str	r
i18n.words_context	befehle[192]	str	m
i18n.words_context	befehle[193]	str	h
i18n.words_context	befehle[194]	str	p
i18n.words_context	befehle[195]	str	primecross
i18n.words_context	befehle[196]	str	end
i18n.words_context	befehle[197]	str	exit
i18n.words_context	befehle[198]	str	quit
i18n.words_context	befehle[199]	str	q
i18n.words_context	befehle[200]	str	:q
i18n.words_context	befehle[201]	str	shell
i18n.words_context	befehle[202]	str	s
i18n.words_context	befehle[203]	str	math
i18n.words_context	befehle[204]	str	logging_yes
i18n.words_context	befehle[205]	str	logging_no
i18n.words_context	befehle[206]	str	mulpri
i18n.words_context	befehle[207]	str	python
i18n.words_context	befehle[208]	str	d
i18n.words_context	befehle[209]	str	divider
i18n.words_context	befehle[210]	str	CommandSaveAfter
i18n.words_context	befehle[211]	str	S
i18n.words_context	befehle[212]	str	CommandClearSaves
i18n.words_context	befehle[213]	str	c
i18n.words_context	befehle[214]	str	CommandSaveOutput
i18n.words_context	befehle[215]	str	o
i18n.words_context	befehle[216]	str	e
i18n.words_context	befehle[217]	str	CommandSaveBefore
i18n.words_context	befehle[218]	str	noOneCharacterLinePlusNoOutputWhichCommandItWas
i18n.words_context	befehle[219]	str	distance
i18n.words_context	befehle[220]	str	distancePrime
i18n.words_context	haupt2neben	dict	8
i18n.words_context	haupt2neben[0].key	str	lines
i18n.words_context	haupt2neben[0].value	ref	i18n.words_context:zeilenParas
i18n.words_context	haupt2neben[1].key	str	output
i18n.words_context	haupt2neben[1].value	ref	i18n.words_context:ausgabeParas
i18n.words_context	haupt2neben[2].key	str	h
i18n.words_context	haupt2neben[2].value	list	0
i18n.words_context	haupt2neben[3].key	str	help
i18n.words_context	haupt2neben[3].value	list	0
i18n.words_context	haupt2neben[4].key	str	nothing
i18n.words_context	haupt2neben[4].value	list	0
i18n.words_context	haupt2neben[5].key	str	debug
i18n.words_context	haupt2neben[5].value	list	0
i18n.words_context	haupt2neben[6].key	str	columns
i18n.words_context	haupt2neben[6].value	list	87
i18n.words_context	haupt2neben[6].value[0]	str	most_important_to_understand
i18n.words_context	haupt2neben[6].value[1]	str	mostimportanttounderstand
i18n.words_context	haupt2neben[6].value[2]	str	most_important_to_think_about
i18n.words_context	haupt2neben[6].value[3]	str	mostImportantToClassify
i18n.words_context	haupt2neben[6].value[4]	str	religions
i18n.words_context	haupt2neben[6].value[5]	str	religions
i18n.words_context	haupt2neben[6].value[6]	str	religion
i18n.words_context	haupt2neben[6].value[7]	str	galaxy
i18n.words_context	haupt2neben[6].value[8]	str	galaxy
i18n.words_context	haupt2neben[6].value[9]	str	ancientscripts
i18n.words_context	haupt2neben[6].value[10]	str	circle
i18n.words_context	haupt2neben[6].value[11]	str	galaxies
i18n.words_context	haupt2neben[6].value[12]	str	circles
i18n.words_context	haupt2neben[6].value[13]	str	scale
i18n.words_context	haupt2neben[6].value[14]	str	scale
i18n.words_context	haupt2neben[6].value[15]	str	structuresize
i18n.words_context	haupt2neben[6].value[16]	str	structuresize
i18n.words_context	haupt2neben[6].value[17]	str	structuresize
i18n.words_context	haupt2neben[6].value[18]	str	structuresize
i18n.words_context	haupt2neben[6].value[19]	str	size
i18n.words_context	haupt2neben[6].value[20]	str	level
i18n.words_context	haupt2neben[6].value[21]	str	organizations
i18n.words_context	haupt2neben[6].value[22]	str	universe
i18n.words_context	haupt2neben[6].value[23]	str	universe
i18n.words_context	haupt2neben[6].value[24]	str	transcendentals
i18n.words_context	haupt2neben[6].value[25]	str	structurals
i18n.words_context	haupt2neben[6].value[26]	str	sphere
i18n.words_context	haupt2neben[6].value[27]	str	spheres
i18n.words_context	haupt2neben[6].value[28]	str	ball
i18n.words_context	haupt2neben[6].value[29]	str	balls
i18n.words_context	haupt2neben[6].value[30]	str	balls
i18n.words_context	haupt2neben[6].value[31]	str	multiverse
i18n.words_context	haupt2neben[6].value[32]	str	multiverse
i18n.words_context	haupt2neben[6].value[33]	str	economy
i18n.words_context	haupt2neben[6].value[34]	str	economy
i18n.words_context	haupt2neben[6].value[35]	str	human
i18n.words_context	haupt2neben[6].value[36]	str	human
i18n.words_context	haupt2neben[6].value[37]	str	pro_contra
i18n.words_context	haupt2neben[6].value[38]	str	procontra
i18n.words_context	haupt2neben[6].value[39]	str	procontra
i18n.words_context	haupt2neben[6].value[40]	str	light
i18n.words_context	haupt2neben[6].value[41]	str	light
i18n.words_context	haupt2neben[6].value[42]	str	meaning
i18n.words_context	haupt2neben[6].value[43]	str	meaning
i18n.words_context	haupt2neben[6].value[44]	str	symbols
i18n.words_context	haupt2neben[6].value[45]	str	symbols
i18n.words_context	haupt2neben[6].value[46]	str	multiplications
i18n.words_context	haupt2neben[6].value[47]	str	properties_n
i18n.words_context	haupt2neben[6].value[48]	str	properties
i18n.words_context	haupt2neben[6].value[49]	str	property
i18n.words_context	haupt2neben[6].value[50]	str	concept
i18n.words_context	haupt2neben[6].value[51]	str	concepts
i18n.words_context	haupt2neben[6].value[52]	str	properties_1/n
i18n.words_context	haupt2neben[6].value[53]	str	concept2
i18n.words_context	haupt2neben[6].value[54]	str	concepts2
i18n.words_context	haupt2neben[6].value[55]	str	increment
i18n.words_context	haupt2neben[6].value[56]	str	increment
i18n.words_context	haupt2neben[6].value[57]	str	operations
i18n.words_context	haupt2neben[6].value[58]	str	operations
i18n.words_context	haupt2neben[6].value[59]	str	meta_vs_concrete_(universe)
i18n.words_context	haupt2neben[6].value[60]	str	universeMetaConcrete
i18n.words_context	haupt2neben[6].value[61]	str	prime_effect
i18n.words_context	haupt2neben[6].value[62]	str	primeeffect
i18n.words_context	haupt2neben[6].value[63]	str	fractional_universe_n/m
i18n.words_context	haupt2neben[6].value[64]	str	gebrochenuniversum_fractionaluniverse
i18n.words_context	haupt2neben[6].value[65]	str	fractional_galaxy_n/m
i18n.words_context	haupt2neben[6].value[66]	str	gebrochengalaxie_fractionalgalaxy
i18n.words_context	haupt2neben[6].value[67]	str	fractional-rational_numbered_emotions_n/m
i18n.words_context	haupt2neben[6].value[68]	str	fractionedemotion
i18n.words_context	haupt2neben[6].value[69]	str	fractional-rational_numbered_structure_sizes_n/m
i18n.words_context	haupt2neben[6].value[70]	str	fractionalnumberedstructuresize
i18n.words_context	haupt2neben[6].value[71]	str	multiplications
i18n.words_context	haupt2neben[6].value[72]	str	multiplications
i18n.words_context	haupt2neben[6].value[73]	str	planet_(10_and_or_12)
i18n.words_context	haupt2neben[6].value[74]	str	planet
i18n.words_context	haupt2neben[6].value[75]	str	structures_1_to_9
i18n.words_context	haupt2neben[6].value[76]	str	structureLessTen
i18n.words_context	haupt2neben[6].value[77]	str	basic_structures
i18n.words_context	haupt2neben[6].value[78]	str	basic_structures
i18n.words_context	haupt2neben[6].value[79]	str	particle-meta-physics
i18n.words_context	haupt2neben[6].value[80]	str	particles
i18n.words_context	haupt2neben[6].value[81]	str	continuum
i18n.words_context	haupt2neben[6].value[82]	str	continuum
i18n.words_context	haupt2neben[6].value[83]	str	Herrschaft
i18n.words_context	haupt2neben[6].value[84]	str	macht
i18n.words_context	haupt2neben[6].value[85]	str	MetaMetaPhysik_und_MetaChemie
i18n.words_context	haupt2neben[6].value[86]	str	all
i18n.words_context	haupt2neben[7].key	str	combination
i18n.words_context	haupt2neben[7].value	ref	i18n.words_context:kombiMainParas
i18n.words_context	organisationWort	str	organization
i18n.words_context	thomasWort	str	thomas
i18n.words_context	motivationWort	str	motivation
i18n.words_context	komplexWort	str	complex
i18n.words_context	transzendentalienWort	str	transcendentals
i18n.words_context	transzendentaliereziprokeWort	str	transcendentalreciprocal
i18n.words_context	verhaeltnisgleicherzahlWort	str	ratioSameNumber
i18n.words_context	gestirnWort	str	spaceObject
i18n.words_context	primzahlkreuzWort	str	primecross
i18n.words_context	GalaxieabsichtWort	str	galaxyintention
i18n.words_matrix	alxp	function	(text)
i18n.words_matrix	x	function	(text1, text)
i18n.words_matrix	sprachen	ref	i18n.words_context:sprachen
i18n.words_matrix	sprachen2	ref	i18n.words_context:sprachen2
i18n.words_matrix	sprachenWahl	str	chinese
i18n.words_matrix	sprachenParameterWort	str	-language=
i18n.words_matrix	flagS	bool	true
i18n.words_matrix	arg	str	-language=chinese
i18n.words_matrix	subFolder	str	cn
i18n.words_matrix	sprachenFileName	str	cn
i18n.words_matrix	i18nPath	str	python_reference/i18n
i18n.words_matrix	Multiplikationen	ref	i18n.words_context:Multiplikationen
i18n.words_matrix	netzwerkWort	str	network
i18n.words_matrix	Primzahlkreuz_pro_contra_strs	ref	i18n.words_context:Primzahlkreuz_pro_contra_strs
i18n.words_matrix	keineTabellenAusgabe	str	one time no table content
i18n.words_matrix	Primzahlkreuz_pro_contra_strs_Fkt	ref	i18n.words_context:Primzahlkreuz_pro_contra_strs_Fkt
i18n.words_matrix	Primzahlkreuz_pro_contra_strs_Dict	ref	i18n.words_context:Primzahlkreuz_pro_contra_strs_Dict
i18n.words_matrix	gebrochenSpaltenMaximumPlus1	int	24
i18n.words_matrix	primzahlWort	str	prime_number
i18n.words_matrix	geistWort	str	mind
i18n.words_matrix	emotionWort	str	emotions
i18n.words_matrix	ausgabeParas	ref	i18n.words_context:ausgabeParas
i18n.words_matrix	ausgabeParasEqSign	ref	i18n.words_context:ausgabeParasEqSign
i18n.words_matrix	ausgabeParasLen	ref	i18n.words_context:ausgabeParasLen
i18n.words_matrix	kombiMainParas	ref	i18n.words_context:kombiMainParas
i18n.words_matrix	zeilenParas	ref	i18n.words_context:zeilenParas
i18n.words_matrix	zeilenParasLen	ref	i18n.words_context:zeilenParasLen
i18n.words_matrix	hauptForNeben	ref	i18n.words_context:hauptForNeben
i18n.words_matrix	ausgabeArt	ref	i18n.words_context:ausgabeArt
i18n.words_matrix	wahl16Words	ref	i18n.words_context:wahl16Words
i18n.words_matrix	wahl15Words	ref	i18n.words_context:wahl15Words
i18n.words_matrix	kugelnKreise	ref	i18n.words_context:kugelnKreise
i18n.words_matrix	ParametersMain	ref	i18n.words_context:ParametersMain
i18n.words_matrix	konzeptE	ref	i18n.words_context:konzeptE
i18n.words_matrix	gebrochenUniGal	ref	i18n.words_context:gebrochenUniGal
i18n.words_matrix	gebrochenUniGalEinzeln	ref	i18n.words_context:gebrochenUniGalEinzeln
i18n.words_matrix	wahl15	ref	i18n.words_context:wahl15
i18n.words_matrix	wahl16	ref	i18n.words_context:wahl16
i18n.words_matrix	freiheitGleichheit	ref	i18n.words_context:freiheitGleichheit
i18n.words_matrix	gemeinsamkeitenWort	str	commonalities
i18n.words_matrix	befehle2	ref	i18n.words_context:befehle2
i18n.words_matrix	finde_mehrfache_vorkommen	function	(stringliste)
i18n.words_matrix	befehle	ref	i18n.words_context:befehle
i18n.words_matrix	haupt2neben	ref	i18n.words_context:haupt2neben
i18n.words_matrix	organisationWort	str	organization
i18n.words_matrix	thomasWort	str	thomas
i18n.words_matrix	motivationWort	str	motivation
i18n.words_matrix	komplexWort	str	complex
i18n.words_matrix	transzendentalienWort	str	transcendentals
i18n.words_matrix	transzendentaliereziprokeWort	str	transcendentalreciprocal
i18n.words_matrix	verhaeltnisgleicherzahlWort	str	ratioSameNumber
i18n.words_matrix	gestirnWort	str	spaceObject
i18n.words_matrix	primzahlkreuzWort	str	primecross
i18n.words_matrix	GalaxieabsichtWort	str	galaxyintention
i18n.words_matrix	paraNdataMatrix	list	431
i18n.words_matrix	paraNdataMatrix[0]	tuple	3
i18n.words_matrix	paraNdataMatrix[0][0]	ref	i18n.words_context:ParametersMain.wichtigste
i18n.words_matrix	paraNdataMatrix[0][1]	tuple	2
i18n.words_matrix	paraNdataMatrix[0][1][0]	str	mostimportant
i18n.words_matrix	paraNdataMatrix[0][1][1]	str	mostimportant
i18n.words_matrix	paraNdataMatrix[0][2]	set	4
i18n.words_matrix	paraNdataMatrix[0][2][0]	int	10
i18n.words_matrix	paraNdataMatrix[0][2][1]	int	4
i18n.words_matrix	paraNdataMatrix[0][2][2]	int	5
i18n.words_matrix	paraNdataMatrix[0][2][3]	int	8
i18n.words_matrix	paraNdataMatrix[1]	tuple	3
i18n.words_matrix	paraNdataMatrix[1][0]	ref	i18n.words_context:ParametersMain.menschliches
i18n.words_matrix	paraNdataMatrix[1][1]	tuple	3
i18n.words_matrix	paraNdataMatrix[1][1][0]	str	human-to-animal
i18n.words_matrix	paraNdataMatrix[1][1][1]	str	human-animal
i18n.words_matrix	paraNdataMatrix[1][1][2]	str	human-animal
i18n.words_matrix	paraNdataMatrix[1][2]	set	1
i18n.words_matrix	paraNdataMatrix[1][2][0]	int	314
i18n.words_matrix	paraNdataMatrix[2]	tuple	3
i18n.words_matrix	paraNdataMatrix[2][0]	ref	i18n.words_context:ParametersMain.menschliches
i18n.words_matrix	paraNdataMatrix[2][1]	tuple	3
i18n.words_matrix	paraNdataMatrix[2][1][0]	str	Verbrechen_und_Bestrafung
i18n.words_matrix	paraNdataMatrix[2][1][1]	str	kriminell
i18n.words_matrix	paraNdataMatrix[2][1][2]	str	bestrafen
i18n.words_matrix	paraNdataMatrix[2][2]	set	2
i18n.words_matrix	paraNdataMatrix[2][2][0]	int	539
i18n.words_matrix	paraNdataMatrix[2][2][1]	int	540
i18n.words_matrix	paraNdataMatrix[3]	tuple	3
i18n.words_matrix	paraNdataMatrix[3][0]	ref	i18n.words_context:ParametersMain.herrschaft
i18n.words_matrix	paraNdataMatrix[3][1]	tuple	3
i18n.words_matrix	paraNdataMatrix[3][1][0]	str	Galaxienclusterherrschaft
i18n.words_matrix	paraNdataMatrix[3][1][1]	str	cluster
i18n.words_matrix	paraNdataMatrix[3][1][2]	str	interglaktisch
i18n.words_matrix	paraNdataMatrix[3][2]	set	1
i18n.words_matrix	paraNdataMatrix[3][2][0]	int	538
i18n.words_matrix	paraNdataMatrix[4]	tuple	3
i18n.words_matrix	paraNdataMatrix[4][0]	ref	i18n.words_context:ParametersMain.herrschaft
i18n.words_matrix	paraNdataMatrix[4][1]	tuple	5
i18n.words_matrix	paraNdataMatrix[4][1][0]	str	Herrschaftsformen
i18n.words_matrix	paraNdataMatrix[4][1][1]	str	formen
i18n.words_matrix	paraNdataMatrix[4][1][2]	str	structuresize
i18n.words_matrix	paraNdataMatrix[4][1][3]	str	size
i18n.words_matrix	paraNdataMatrix[4][1][4]	str	Größe
i18n.words_matrix	paraNdataMatrix[4][2]	set	2
i18n.words_matrix	paraNdataMatrix[4][2][0]	int	603
i18n.words_matrix	paraNdataMatrix[4][2][1]	int	617
i18n.words_matrix	paraNdataMatrix[5]	tuple	3
i18n.words_matrix	paraNdataMatrix[5][0]	ref	i18n.words_context:ParametersMain.herrschaft
i18n.words_matrix	paraNdataMatrix[5][1]	tuple	4
i18n.words_matrix	paraNdataMatrix[5][1][0]	str	Orbit-Herrschafts
i18n.words_matrix	paraNdataMatrix[5][1][1]	str	orbit
i18n.words_matrix	paraNdataMatrix[5][1][2]	str	Massenmedien
i18n.words_matrix	paraNdataMatrix[5][1][3]	str	Satelliten
i18n.words_matrix	paraNdataMatrix[5][2]	set	1
i18n.words_matrix	paraNdataMatrix[5][2][0]	int	548
i18n.words_matrix	paraNdataMatrix[6]	tuple	3
i18n.words_matrix	paraNdataMatrix[6][0]	ref	i18n.words_context:ParametersMain.herrschaft
i18n.words_matrix	paraNdataMatrix[6][1]	tuple	2
i18n.words_matrix	paraNdataMatrix[6][1][0]	str	Herrschafts_Datenstruktur
i18n.words_matrix	paraNdataMatrix[6][1][1]	str	struktur
i18n.words_matrix	paraNdataMatrix[6][2]	set	2
i18n.words_matrix	paraNdataMatrix[6][2][0]	int	541
i18n.words_matrix	paraNdataMatrix[6][2][1]	int	544
i18n.words_matrix	paraNdataMatrix[7]	tuple	3
i18n.words_matrix	paraNdataMatrix[7][0]	ref	i18n.words_context:ParametersMain.metachemiemetametaphysik
i18n.words_matrix	paraNdataMatrix[7][1]	tuple	1
i18n.words_matrix	paraNdataMatrix[7][1][0]	str	Meta_Meta_Physik_Einteilungen
i18n.words_matrix	paraNdataMatrix[7][2]	set	6
i18n.words_matrix	paraNdataMatrix[7][2][0]	int	670
i18n.words_matrix	paraNdataMatrix[7][2][1]	int	671
i18n.words_matrix	paraNdataMatrix[7][2][2]	int	672
i18n.words_matrix	paraNdataMatrix[7][2][3]	int	673
i18n.words_matrix	paraNdataMatrix[7][2][4]	int	674
i18n.words_matrix	paraNdataMatrix[7][2][5]	int	675
i18n.words_matrix	paraNdataMatrix[8]	tuple	3
i18n.words_matrix	paraNdataMatrix[8][0]	ref	i18n.words_context:ParametersMain.herrschaft
i18n.words_matrix	paraNdataMatrix[8][1]	tuple	2
i18n.words_matrix	paraNdataMatrix[8][1][0]	str	Sternen_System
i18n.words_matrix	paraNdataMatrix[8][1][1]	str	sun
i18n.words_matrix	paraNdataMatrix[8][2]	set	1
i18n.words_matrix	paraNdataMatrix[8][2][0]	int	545
i18n.words_matrix	paraNdataMatrix[9]	tuple	3
i18n.words_matrix	paraNdataMatrix[9][0]	ref	i18n.words_context:ParametersMain.herrschaft
i18n.words_matrix	paraNdataMatrix[9][1]	tuple	3
i18n.words_matrix	paraNdataMatrix[9][1][0]	str	Galaxieherrschaft
i18n.words_matrix	paraNdataMatrix[9][1][1]	str	galaxy
i18n.words_matrix	paraNdataMatrix[9][1][2]	str	galaxy
i18n.words_matrix	paraNdataMatrix[9][2]	set	2
i18n.words_matrix	paraNdataMatrix[9][2][0]	int	537
i18n.words_matrix	paraNdataMatrix[9][2][1]	int	604
i18n.words_matrix	paraNdataMatrix[10]	tuple	3
i18n.words_matrix	paraNdataMatrix[10][0]	ref	i18n.words_context:ParametersMain.herrschaft
i18n.words_matrix	paraNdataMatrix[10][1]	tuple	2
i18n.words_matrix	paraNdataMatrix[10][1][0]	str	abstrakte_Herrschaft
i18n.words_matrix	paraNdataMatrix[10][1][1]	str	abstrakt
i18n.words_matrix	paraNdataMatrix[10][2]	set	2
i18n.words_matrix	paraNdataMatrix[10][2][0]	int	564
i18n.words_matrix	paraNdataMatrix[10][2][1]	int	573
i18n.words_matrix	paraNdataMatrix[11]	tuple	3
i18n.words_matrix	paraNdataMatrix[11][0]	ref	i18n.words_context:ParametersMain.universum
i18n.words_matrix	paraNdataMatrix[11][1]	tuple	2
i18n.words_matrix	paraNdataMatrix[11][1][0]	str	Winkel
i18n.words_matrix	paraNdataMatrix[11][1][1]	str	winkel
i18n.words_matrix	paraNdataMatrix[11][2]	set	1
i18n.words_matrix	paraNdataMatrix[11][2][0]	int	726
i18n.words_matrix	paraNdataMatrix[12]	tuple	3
i18n.words_matrix	paraNdataMatrix[12][0]	ref	i18n.words_context:ParametersMain.universum
i18n.words_matrix	paraNdataMatrix[12][1]	tuple	2
i18n.words_matrix	paraNdataMatrix[12][1][0]	str	Logik
i18n.words_matrix	paraNdataMatrix[12][1][1]	str	logik
i18n.words_matrix	paraNdataMatrix[12][2]	set	1
i18n.words_matrix	paraNdataMatrix[12][2][0]	int	725
i18n.words_matrix	paraNdataMatrix[13]	tuple	3
i18n.words_matrix	paraNdataMatrix[13][0]	ref	i18n.words_context:ParametersMain.planet
i18n.words_matrix	paraNdataMatrix[13][1]	tuple	2
i18n.words_matrix	paraNdataMatrix[13][1][0]	str	Logik
i18n.words_matrix	paraNdataMatrix[13][1][1]	str	logik
i18n.words_matrix	paraNdataMatrix[13][2]	set	1
i18n.words_matrix	paraNdataMatrix[13][2][0]	int	725
i18n.words_matrix	paraNdataMatrix[14]	tuple	3
i18n.words_matrix	paraNdataMatrix[14][0]	ref	i18n.words_context:ParametersMain.planet
i18n.words_matrix	paraNdataMatrix[14][1]	tuple	3
i18n.words_matrix	paraNdataMatrix[14][1][0]	str	Kreislaufwirtschaft
i18n.words_matrix	paraNdataMatrix[14][1][1]	str	kreislauf
i18n.words_matrix	paraNdataMatrix[14][1][2]	str	Kreislauf
i18n.words_matrix	paraNdataMatrix[14][2]	set	1
i18n.words_matrix	paraNdataMatrix[14][2][0]	int	610
i18n.words_matrix	paraNdataMatrix[15]	tuple	3
i18n.words_matrix	paraNdataMatrix[15][0]	ref	i18n.words_context:ParametersMain.planet
i18n.words_matrix	paraNdataMatrix[15][1]	tuple	3
i18n.words_matrix	paraNdataMatrix[15][1][0]	str	Planetenherrschaft
i18n.words_matrix	paraNdataMatrix[15][1][1]	str	herrschaft
i18n.words_matrix	paraNdataMatrix[15][1][2]	str	Planetenkorrekturherrschaft
i18n.words_matrix	paraNdataMatrix[15][2]	set	5
i18n.words_matrix	paraNdataMatrix[15][2][0]	int	536
i18n.words_matrix	paraNdataMatrix[15][2][1]	int	542
i18n.words_matrix	paraNdataMatrix[15][2][2]	int	562
i18n.words_matrix	paraNdataMatrix[15][2][3]	int	588
i18n.words_matrix	paraNdataMatrix[15][2][4]	int	664
i18n.words_matrix	paraNdataMatrix[16]	tuple	3
i18n.words_matrix	paraNdataMatrix[16][0]	ref	i18n.words_context:ParametersMain.herrschaft
i18n.words_matrix	paraNdataMatrix[16][1]	tuple	2
i18n.words_matrix	paraNdataMatrix[16][1][0]	str	Spezies
i18n.words_matrix	paraNdataMatrix[16][1][1]	str	Speziesherrschaftsformen
i18n.words_matrix	paraNdataMatrix[16][2]	set	2
i18n.words_matrix	paraNdataMatrix[16][2][0]	int	668
i18n.words_matrix	paraNdataMatrix[16][2][1]	int	669
i18n.words_matrix	paraNdataMatrix[17]	tuple	3
i18n.words_matrix	paraNdataMatrix[17][0]	ref	i18n.words_context:ParametersMain.herrschaft
i18n.words_matrix	paraNdataMatrix[17][1]	tuple	3
i18n.words_matrix	paraNdataMatrix[17][1][0]	str	Planetenherrschaft
i18n.words_matrix	paraNdataMatrix[17][1][1]	str	planet
i18n.words_matrix	paraNdataMatrix[17][1][2]	str	Planetenkorrektur
i18n.words_matrix	paraNdataMatrix[17][2]	set	5
i18n.words_matrix	paraNdataMatrix[17][2][0]	int	536
i18n.words_matrix	paraNdataMatrix[17][2][1]	int	542
i18n.words_matrix	paraNdataMatrix[17][2][2]	int	562
i18n.words_matrix	paraNdataMatrix[17][2][3]	int	588
i18n.words_matrix	paraNdataMatrix[17][2][4]	int	664
i18n.words_matrix	paraNdataMatrix[18]	tuple	3
i18n.words_matrix	paraNdataMatrix[18][0]	ref	i18n.words_context:ParametersMain.religionen
i18n.words_matrix	paraNdataMatrix[18][1]	tuple	2
i18n.words_matrix	paraNdataMatrix[18][1][0]	str	Superpowers
i18n.words_matrix	paraNdataMatrix[18][1][1]	str	Superpowers
i18n.words_matrix	paraNdataMatrix[18][2]	set	4
i18n.words_matrix	paraNdataMatrix[18][2][0]	int	444
i18n.words_matrix	paraNdataMatrix[18][2][1]	int	494
i18n.words_matrix	paraNdataMatrix[18][2][2]	int	496
i18n.words_matrix	paraNdataMatrix[18][2][3]	int	503
i18n.words_matrix	paraNdataMatrix[19]	tuple	3
i18n.words_matrix	paraNdataMatrix[19][0]	ref	i18n.words_context:ParametersMain.galaxie
i18n.words_matrix	paraNdataMatrix[19][1]	tuple	2
i18n.words_matrix	paraNdataMatrix[19][1][0]	str	Superpowers
i18n.words_matrix	paraNdataMatrix[19][1][1]	str	Superpowers
i18n.words_matrix	paraNdataMatrix[19][2]	set	3
i18n.words_matrix	paraNdataMatrix[19][2][0]	int	444
i18n.words_matrix	paraNdataMatrix[19][2][1]	int	494
i18n.words_matrix	paraNdataMatrix[19][2][2]	int	496
i18n.words_matrix	paraNdataMatrix[20]	tuple	3
i18n.words_matrix	paraNdataMatrix[20][0]	ref	i18n.words_context:ParametersMain.universum
i18n.words_matrix	paraNdataMatrix[20][1]	tuple	2
i18n.words_matrix	paraNdataMatrix[20][1][0]	str	Objekte
i18n.words_matrix	paraNdataMatrix[20][1][1]	str	objekt
i18n.words_matrix	paraNdataMatrix[20][2]	set	1
i18n.words_matrix	paraNdataMatrix[20][2][0]	int	546
i18n.words_matrix	paraNdataMatrix[21]	tuple	3
i18n.words_matrix	paraNdataMatrix[21][0]	ref	i18n.words_context:ParametersMain.universum
i18n.words_matrix	paraNdataMatrix[21][1]	tuple	1
i18n.words_matrix	paraNdataMatrix[21][1][0]	str	evolution_vs_design_intelligent
i18n.words_matrix	paraNdataMatrix[21][2]	set	1
i18n.words_matrix	paraNdataMatrix[21][2][0]	int	519
i18n.words_matrix	paraNdataMatrix[22]	tuple	3
i18n.words_matrix	paraNdataMatrix[22][0]	ref	i18n.words_context:ParametersMain.menschliches
i18n.words_matrix	paraNdataMatrix[22][1]	tuple	2
i18n.words_matrix	paraNdataMatrix[22][1][0]	str	Gott_und_Prophet
i18n.words_matrix	paraNdataMatrix[22][1][1]	str	goetter
i18n.words_matrix	paraNdataMatrix[22][2]	set	5
i18n.words_matrix	paraNdataMatrix[22][2][0]	int	534
i18n.words_matrix	paraNdataMatrix[22][2][1]	int	550
i18n.words_matrix	paraNdataMatrix[22][2][2]	int	552
i18n.words_matrix	paraNdataMatrix[22][2][3]	int	553
i18n.words_matrix	paraNdataMatrix[22][2][4]	int	557
i18n.words_matrix	paraNdataMatrix[23]	tuple	3
i18n.words_matrix	paraNdataMatrix[23][0]	ref	i18n.words_context:ParametersMain.menschliches
i18n.words_matrix	paraNdataMatrix[23][1]	tuple	1
i18n.words_matrix	paraNdataMatrix[23][1][0]	str	Sinne
i18n.words_matrix	paraNdataMatrix[23][2]	set	1
i18n.words_matrix	paraNdataMatrix[23][2][0]	int	533
i18n.words_matrix	paraNdataMatrix[24]	tuple	3
i18n.words_matrix	paraNdataMatrix[24][0]	ref	i18n.words_context:ParametersMain.menschliches
i18n.words_matrix	paraNdataMatrix[24][1]	tuple	2
i18n.words_matrix	paraNdataMatrix[24][1][0]	str	Superpowers
i18n.words_matrix	paraNdataMatrix[24][1][1]	str	Superpowers
i18n.words_matrix	paraNdataMatrix[24][2]	set	3
i18n.words_matrix	paraNdataMatrix[24][2][0]	int	444
i18n.words_matrix	paraNdataMatrix[24][2][1]	int	494
i18n.words_matrix	paraNdataMatrix[24][2][2]	int	496
i18n.words_matrix	paraNdataMatrix[25]	tuple	3
i18n.words_matrix	paraNdataMatrix[25][0]	ref	i18n.words_context:ParametersMain.menschliches
i18n.words_matrix	paraNdataMatrix[25][1]	tuple	1
i18n.words_matrix	paraNdataMatrix[25][1][0]	str	formations
i18n.words_matrix	paraNdataMatrix[25][2]	set	1
i18n.words_matrix	paraNdataMatrix[25][2][0]	int	461
i18n.words_matrix	paraNdataMatrix[26]	tuple	3
i18n.words_matrix	paraNdataMatrix[26][0]	ref	i18n.words_context:ParametersMain.menschliches
i18n.words_matrix	paraNdataMatrix[26][1]	tuple	2
i18n.words_matrix	paraNdataMatrix[26][1][0]	str	views_Stances_(18_17)
i18n.words_matrix	paraNdataMatrix[26][1][1]	str	views
i18n.words_matrix	paraNdataMatrix[26][2]	set	2
i18n.words_matrix	paraNdataMatrix[26][2][0]	int	240
i18n.words_matrix	paraNdataMatrix[26][2][1]	int	346
i18n.words_matrix	paraNdataMatrix[27]	tuple	3
i18n.words_matrix	paraNdataMatrix[27][0]	ref	i18n.words_context:ParametersMain.menschliches
i18n.words_matrix	paraNdataMatrix[27][1]	tuple	3
i18n.words_matrix	paraNdataMatrix[27][1][0]	str	(political)_directions_(7)
i18n.words_matrix	paraNdataMatrix[27][1][1]	str	directions
i18n.words_matrix	paraNdataMatrix[27][1][2]	str	political
i18n.words_matrix	paraNdataMatrix[27][2]	set	1
i18n.words_matrix	paraNdataMatrix[27][2][0]	int	235
i18n.words_matrix	paraNdataMatrix[28]	tuple	3
i18n.words_matrix	paraNdataMatrix[28][0]	ref	i18n.words_context:ParametersMain.planet
i18n.words_matrix	paraNdataMatrix[28][1]	tuple	3
i18n.words_matrix	paraNdataMatrix[28][1][0]	str	truthRealities_(10)
i18n.words_matrix	paraNdataMatrix[28][1][1]	str	truthRealities
i18n.words_matrix	paraNdataMatrix[28][1][2]	str	truthRealities
i18n.words_matrix	paraNdataMatrix[28][2]	set	5
i18n.words_matrix	paraNdataMatrix[28][2][0]	int	233
i18n.words_matrix	paraNdataMatrix[28][2][1]	int	265
i18n.words_matrix	paraNdataMatrix[28][2][2]	int	268
i18n.words_matrix	paraNdataMatrix[28][2][3]	int	322
i18n.words_matrix	paraNdataMatrix[28][2][4]	int	420
i18n.words_matrix	paraNdataMatrix[29]	tuple	3
i18n.words_matrix	paraNdataMatrix[29][0]	ref	i18n.words_context:ParametersMain.planet
i18n.words_matrix	paraNdataMatrix[29][1]	tuple	5
i18n.words_matrix	paraNdataMatrix[29][1][0]	str	meta-systems_(12)
i18n.words_matrix	paraNdataMatrix[29][1][1]	str	metasystems
i18n.words_matrix	paraNdataMatrix[29][1][2]	str	metasystem
i18n.words_matrix	paraNdataMatrix[29][1][3]	str	metasystems
i18n.words_matrix	paraNdataMatrix[29][1][4]	str	metasystem
i18n.words_matrix	paraNdataMatrix[29][2]	set	11
i18n.words_matrix	paraNdataMatrix[29][2][0]	int	232
i18n.words_matrix	paraNdataMatrix[29][2][1]	int	288
i18n.words_matrix	paraNdataMatrix[29][2][2]	int	334
i18n.words_matrix	paraNdataMatrix[29][2][3]	int	410
i18n.words_matrix	paraNdataMatrix[29][2][4]	int	411
i18n.words_matrix	paraNdataMatrix[29][2][5]	int	483
i18n.words_matrix	paraNdataMatrix[29][2][6]	int	497
i18n.words_matrix	paraNdataMatrix[29][2][7]	int	498
i18n.words_matrix	paraNdataMatrix[29][2][8]	int	499
i18n.words_matrix	paraNdataMatrix[29][2][9]	int	79
i18n.words_matrix	paraNdataMatrix[29][2][10]	int	80
i18n.words_matrix	paraNdataMatrix[30]	tuple	3
i18n.words_matrix	paraNdataMatrix[30][0]	ref	i18n.words_context:ParametersMain.planet
i18n.words_matrix	paraNdataMatrix[30][1]	tuple	2
i18n.words_matrix	paraNdataMatrix[30][1][0]	str	intelligence
i18n.words_matrix	paraNdataMatrix[30][1][1]	str	intelligence
i18n.words_matrix	paraNdataMatrix[30][2]	set	1
i18n.words_matrix	paraNdataMatrix[30][2][0]	int	214
i18n.words_matrix	paraNdataMatrix[31]	tuple	3
i18n.words_matrix	paraNdataMatrix[31][0]	ref	i18n.words_context:ParametersMain.planet
i18n.words_matrix	paraNdataMatrix[31][1]	tuple	4
i18n.words_matrix	paraNdataMatrix[31][1][0]	str	equality_freedom_order
i18n.words_matrix	paraNdataMatrix[31][1][1]	str	equality
i18n.words_matrix	paraNdataMatrix[31][1][2]	str	freedom
i18n.words_matrix	paraNdataMatrix[31][1][3]	str	equality
i18n.words_matrix	paraNdataMatrix[31][2]	set	10
i18n.words_matrix	paraNdataMatrix[31][2][0]	int	132
i18n.words_matrix	paraNdataMatrix[31][2][1]	int	324
i18n.words_matrix	paraNdataMatrix[31][2][2]	int	328
i18n.words_matrix	paraNdataMatrix[31][2][3]	int	331
i18n.words_matrix	paraNdataMatrix[31][2][4]	int	335
i18n.words_matrix	paraNdataMatrix[31][2][5]	int	497
i18n.words_matrix	paraNdataMatrix[31][2][6]	int	498
i18n.words_matrix	paraNdataMatrix[31][2][7]	int	499
i18n.words_matrix	paraNdataMatrix[31][2][8]	int	79
i18n.words_matrix	paraNdataMatrix[31][2][9]	int	80
i18n.words_matrix	paraNdataMatrix[32]	tuple	3
i18n.words_matrix	paraNdataMatrix[32][0]	ref	i18n.words_context:ParametersMain.planet
i18n.words_matrix	paraNdataMatrix[32][1]	tuple	3
i18n.words_matrix	paraNdataMatrix[32][1][0]	str	complexity
i18n.words_matrix	paraNdataMatrix[32][1][1]	str	complexity
i18n.words_matrix	paraNdataMatrix[32][1][2]	str	complexity
i18n.words_matrix	paraNdataMatrix[32][2]	set	1
i18n.words_matrix	paraNdataMatrix[32][2][0]	int	213
i18n.words_matrix	paraNdataMatrix[33]	tuple	3
i18n.words_matrix	paraNdataMatrix[33][0]	ref	i18n.words_context:ParametersMain.planet
i18n.words_matrix	paraNdataMatrix[33][1]	tuple	3
i18n.words_matrix	paraNdataMatrix[33][1][0]	str	mechanisms
i18n.words_matrix	paraNdataMatrix[33][1][1]	str	mechanisms
i18n.words_matrix	paraNdataMatrix[33][1][2]	str	mechanism
i18n.words_matrix	paraNdataMatrix[33][2]	set	1
i18n.words_matrix	paraNdataMatrix[33][2][0]	int	107
i18n.words_matrix	paraNdataMatrix[34]	tuple	7
i18n.words_matrix	paraNdataMatrix[34][0]	ref	i18n.words_context:ParametersMain.wichtigste
i18n.words_matrix	paraNdataMatrix[34][1]	tuple	2
i18n.words_matrix	paraNdataMatrix[34][1][0]	str	secondmostimportant
i18n.words_matrix	paraNdataMatrix[34][1][1]	str	secondmostimportant
i18n.words_matrix	paraNdataMatrix[34][2]	set	3
i18n.words_matrix	paraNdataMatrix[34][2][0]	int	183
i18n.words_matrix	paraNdataMatrix[34][2][1]	int	19
i18n.words_matrix	paraNdataMatrix[34][2][2]	int	65
i18n.words_matrix	paraNdataMatrix[34][3]	set	0
i18n.words_matrix	paraNdataMatrix[34][4]	set	0
i18n.words_matrix	paraNdataMatrix[34][5]	set	0
i18n.words_matrix	paraNdataMatrix[34][6]	set	1
i18n.words_matrix	paraNdataMatrix[34][6][0]	tuple	1
i18n.words_matrix	paraNdataMatrix[34][6][0][0]	int	10
i18n.words_matrix	paraNdataMatrix[35]	tuple	3
i18n.words_matrix	paraNdataMatrix[35][0]	ref	i18n.words_context:ParametersMain.wichtigste
i18n.words_matrix	paraNdataMatrix[35][1]	tuple	2
i18n.words_matrix	paraNdataMatrix[35][1][0]	str	thirdmostimportant
i18n.words_matrix	paraNdataMatrix[35][1][1]	str	thirdmostimportant
i18n.words_matrix	paraNdataMatrix[35][2]	set	1
i18n.words_matrix	paraNdataMatrix[35][2][0]	int	64
i18n.words_matrix	paraNdataMatrix[36]	tuple	10
i18n.words_matrix	paraNdataMatrix[36][0]	ref	i18n.words_context:ParametersMain.wichtigste
i18n.words_matrix	paraNdataMatrix[36][1]	tuple	2
i18n.words_matrix	paraNdataMatrix[36][1][0]	str	Motifs_starpolygons
i18n.words_matrix	paraNdataMatrix[36][1][1]	str	fourthmostimportant
i18n.words_matrix	paraNdataMatrix[36][2]	set	0
i18n.words_matrix	paraNdataMatrix[36][3]	set	0
i18n.words_matrix	paraNdataMatrix[36][4]	set	0
i18n.words_matrix	paraNdataMatrix[36][5]	set	0
i18n.words_matrix	paraNdataMatrix[36][6]	set	0
i18n.words_matrix	paraNdataMatrix[36][7]	set	0
i18n.words_matrix	paraNdataMatrix[36][8]	set	0
i18n.words_matrix	paraNdataMatrix[36][9]	set	1
i18n.words_matrix	paraNdataMatrix[36][9][0]	str	primMotivStern
i18n.words_matrix	paraNdataMatrix[37]	tuple	3
i18n.words_matrix	paraNdataMatrix[37][0]	ref	i18n.words_context:ParametersMain.wichtigste2
i18n.words_matrix	paraNdataMatrix[37][1]	tuple	2
i18n.words_matrix	paraNdataMatrix[37][1][0]	str	mostimportant
i18n.words_matrix	paraNdataMatrix[37][1][1]	str	mostimportant
i18n.words_matrix	paraNdataMatrix[37][2]	set	6
i18n.words_matrix	paraNdataMatrix[37][2][0]	int	0
i18n.words_matrix	paraNdataMatrix[37][2][1]	int	1
i18n.words_matrix	paraNdataMatrix[37][2][2]	int	2
i18n.words_matrix	paraNdataMatrix[37][2][3]	int	207
i18n.words_matrix	paraNdataMatrix[37][2][4]	int	36
i18n.words_matrix	paraNdataMatrix[37][2][5]	int	37
i18n.words_matrix	paraNdataMatrix[38]	tuple	3
i18n.words_matrix	paraNdataMatrix[38][0]	ref	i18n.words_context:ParametersMain.wichtigste2
i18n.words_matrix	paraNdataMatrix[38][1]	tuple	2
i18n.words_matrix	paraNdataMatrix[38][1][0]	str	secondmostimportant
i18n.words_matrix	paraNdataMatrix[38][1][1]	str	secondmostimportant
i18n.words_matrix	paraNdataMatrix[38][2]	set	1
i18n.words_matrix	paraNdataMatrix[38][2][0]	int	30
i18n.words_matrix	paraNdataMatrix[39]	tuple	3
i18n.words_matrix	paraNdataMatrix[39][0]	ref	i18n.words_context:ParametersMain.operationen
i18n.words_matrix	paraNdataMatrix[39][1]	tuple	3
i18n.words_matrix	paraNdataMatrix[39][1][0]	str	halving
i18n.words_matrix	paraNdataMatrix[39][1][1]	str	halving
i18n.words_matrix	paraNdataMatrix[39][1][2]	str	halving
i18n.words_matrix	paraNdataMatrix[39][2]	set	1
i18n.words_matrix	paraNdataMatrix[39][2][0]	int	86
i18n.words_matrix	paraNdataMatrix[40]	tuple	3
i18n.words_matrix	paraNdataMatrix[40][0]	ref	i18n.words_context:ParametersMain.religionen
i18n.words_matrix	paraNdataMatrix[40][1]	tuple	5
i18n.words_matrix	paraNdataMatrix[40][1][0]	str	religion-founder-type
i18n.words_matrix	paraNdataMatrix[40][1][1]	str	religionfoundertype
i18n.words_matrix	paraNdataMatrix[40][1][2]	str	Prophet
i18n.words_matrix	paraNdataMatrix[40][1][3]	str	Archon
i18n.words_matrix	paraNdataMatrix[40][1][4]	str	religionfoundertype
i18n.words_matrix	paraNdataMatrix[40][2]	set	2
i18n.words_matrix	paraNdataMatrix[40][2][0]	int	503
i18n.words_matrix	paraNdataMatrix[40][2][1]	int	72
i18n.words_matrix	paraNdataMatrix[41]	tuple	3
i18n.words_matrix	paraNdataMatrix[41][0]	ref	i18n.words_context:ParametersMain.religionen
i18n.words_matrix	paraNdataMatrix[41][1]	tuple	1
i18n.words_matrix	paraNdataMatrix[41][1][0]	str	Satan_Devil
i18n.words_matrix	paraNdataMatrix[41][2]	set	1
i18n.words_matrix	paraNdataMatrix[41][2][0]	int	495
i18n.words_matrix	paraNdataMatrix[42]	tuple	3
i18n.words_matrix	paraNdataMatrix[42][0]	ref	i18n.words_context:ParametersMain.menschliches
i18n.words_matrix	paraNdataMatrix[42][1]	tuple	1
i18n.words_matrix	paraNdataMatrix[42][1][0]	str	Satan_Devil
i18n.words_matrix	paraNdataMatrix[42][2]	set	1
i18n.words_matrix	paraNdataMatrix[42][2][0]	int	495
i18n.words_matrix	paraNdataMatrix[43]	tuple	3
i18n.words_matrix	paraNdataMatrix[43][0]	ref	i18n.words_context:ParametersMain.religionen
i18n.words_matrix	paraNdataMatrix[43][1]	tuple	2
i18n.words_matrix	paraNdataMatrix[43][1][0]	str	Hinduism
i18n.words_matrix	paraNdataMatrix[43][1][1]	str	hinduism
i18n.words_matrix	paraNdataMatrix[43][2]	set	1
i18n.words_matrix	paraNdataMatrix[43][2][0]	int	217
i18n.words_matrix	paraNdataMatrix[44]	tuple	3
i18n.words_matrix	paraNdataMatrix[44][0]	ref	i18n.words_context:ParametersMain.religionen
i18n.words_matrix	paraNdataMatrix[44][1]	tuple	2
i18n.words_matrix	paraNdataMatrix[44][1][0]	str	Starpolygon
i18n.words_matrix	paraNdataMatrix[44][1][1]	str	starpolygon
i18n.words_matrix	paraNdataMatrix[44][2]	set	3
i18n.words_matrix	paraNdataMatrix[44][2][0]	int	0
i18n.words_matrix	paraNdataMatrix[44][2][1]	int	36
i18n.words_matrix	paraNdataMatrix[44][2][2]	int	6
i18n.words_matrix	paraNdataMatrix[45]	tuple	3
i18n.words_matrix	paraNdataMatrix[45][0]	ref	i18n.words_context:ParametersMain.religionen
i18n.words_matrix	paraNdataMatrix[45][1]	tuple	3
i18n.words_matrix	paraNdataMatrix[45][1][0]	str	of_the_zodiac
i18n.words_matrix	paraNdataMatrix[45][1][1]	str	ofthezodiac
i18n.words_matrix	paraNdataMatrix[45][1][2]	str	babylon
i18n.words_matrix	paraNdataMatrix[45][2]	set	5
i18n.words_matrix	paraNdataMatrix[45][2][0]	int	0
i18n.words_matrix	paraNdataMatrix[45][2][1]	int	207
i18n.words_matrix	paraNdataMatrix[45][2][2]	int	36
i18n.words_matrix	paraNdataMatrix[45][2][3]	int	477
i18n.words_matrix	paraNdataMatrix[45][2][4]	int	478
i18n.words_matrix	paraNdataMatrix[46]	tuple	3
i18n.words_matrix	paraNdataMatrix[46][0]	ref	i18n.words_context:ParametersMain.religionen
i18n.words_matrix	paraNdataMatrix[46][1]	tuple	4
i18n.words_matrix	paraNdataMatrix[46][1][0]	str	star_polygon_vs_uniform_polygon
i18n.words_matrix	paraNdataMatrix[46][1][1]	str	compare
i18n.words_matrix	paraNdataMatrix[46][1][2]	str	starpolygonvsuniformpolygon
i18n.words_matrix	paraNdataMatrix[46][1][3]	str	comparevs1divn
i18n.words_matrix	paraNdataMatrix[46][2]	set	1
i18n.words_matrix	paraNdataMatrix[46][2][0]	int	87
i18n.words_matrix	paraNdataMatrix[47]	tuple	3
i18n.words_matrix	paraNdataMatrix[47][0]	ref	i18n.words_context:ParametersMain.religionen
i18n.words_matrix	paraNdataMatrix[47][1]	tuple	6
i18n.words_matrix	paraNdataMatrix[47][1][0]	str	Messiah
i18n.words_matrix	paraNdataMatrix[47][1][1]	str	messiah
i18n.words_matrix	paraNdataMatrix[47][1][2]	str	heptagram
i18n.words_matrix	paraNdataMatrix[47][1][3]	str	dog
i18n.words_matrix	paraNdataMatrix[47][1][4]	str	messiases
i18n.words_matrix	paraNdataMatrix[47][1][5]	str	messiases
i18n.words_matrix	paraNdataMatrix[47][2]	set	2
i18n.words_matrix	paraNdataMatrix[47][2][0]	int	503
i18n.words_matrix	paraNdataMatrix[47][2][1]	int	7
i18n.words_matrix	paraNdataMatrix[48]	tuple	3
i18n.words_matrix	paraNdataMatrix[48][0]	ref	i18n.words_context:ParametersMain.religionen
i18n.words_matrix	paraNdataMatrix[48][1]	tuple	5
i18n.words_matrix	paraNdataMatrix[48][1][0]	str	uniform_polygon
i18n.words_matrix	paraNdataMatrix[48][1][1]	str	uniformpolygon
i18n.words_matrix	paraNdataMatrix[48][1][2]	str	uniformpolygon
i18n.words_matrix	paraNdataMatrix[48][1][3]	str	nonstarpolygon
i18n.words_matrix	paraNdataMatrix[48][1][4]	str	polygon
i18n.words_matrix	paraNdataMatrix[48][2]	set	2
i18n.words_matrix	paraNdataMatrix[48][2][0]	int	16
i18n.words_matrix	paraNdataMatrix[48][2][1]	int	37
i18n.words_matrix	paraNdataMatrix[49]	tuple	3
i18n.words_matrix	paraNdataMatrix[49][0]	ref	i18n.words_context:ParametersMain.religionen
i18n.words_matrix	paraNdataMatrix[49][1]	tuple	12
i18n.words_matrix	paraNdataMatrix[49][1][0]	str	representative_higher_concepts
i18n.words_matrix	paraNdataMatrix[49][1][1]	str	representativehigherconcepts
i18n.words_matrix	paraNdataMatrix[49][1][2]	str	galaxies
i18n.words_matrix	paraNdataMatrix[49][1][3]	str	galaxy
i18n.words_matrix	paraNdataMatrix[49][1][4]	str	blacksun
i18n.words_matrix	paraNdataMatrix[49][1][5]	str	blackSuns
i18n.words_matrix	paraNdataMatrix[49][1][6]	str	universe
i18n.words_matrix	paraNdataMatrix[49][1][7]	str	universes
i18n.words_matrix	paraNdataMatrix[49][1][8]	str	circle
i18n.words_matrix	paraNdataMatrix[49][1][9]	str	circles
i18n.words_matrix	paraNdataMatrix[49][1][10]	str	sphere
i18n.words_matrix	paraNdataMatrix[49][1][11]	str	spheres
i18n.words_matrix	paraNdataMatrix[49][2]	set	1
i18n.words_matrix	paraNdataMatrix[49][2][0]	int	23
i18n.words_matrix	paraNdataMatrix[50]	tuple	3
i18n.words_matrix	paraNdataMatrix[50][0]	ref	i18n.words_context:ParametersMain.galaxie
i18n.words_matrix	paraNdataMatrix[50][1]	tuple	1
i18n.words_matrix	paraNdataMatrix[50][1][0]	str	living_creatures_galaxy_best_at
i18n.words_matrix	paraNdataMatrix[50][2]	set	3
i18n.words_matrix	paraNdataMatrix[50][2][0]	int	470
i18n.words_matrix	paraNdataMatrix[50][2][1]	int	471
i18n.words_matrix	paraNdataMatrix[50][2][2]	int	473
i18n.words_matrix	paraNdataMatrix[51]	tuple	3
i18n.words_matrix	paraNdataMatrix[51][0]	ref	i18n.words_context:ParametersMain.galaxie
i18n.words_matrix	paraNdataMatrix[51][1]	tuple	6
i18n.words_matrix	paraNdataMatrix[51][1][0]	str	Revelation_of_John
i18n.words_matrix	paraNdataMatrix[51][1][1]	str	revelation
i18n.words_matrix	paraNdataMatrix[51][1][2]	str	revelationofjohn
i18n.words_matrix	paraNdataMatrix[51][1][3]	str	john
i18n.words_matrix	paraNdataMatrix[51][1][4]	str	bible
i18n.words_matrix	paraNdataMatrix[51][1][5]	str	revelationofjohn
i18n.words_matrix	paraNdataMatrix[51][2]	set	1
i18n.words_matrix	paraNdataMatrix[51][2][0]	int	90
i18n.words_matrix	paraNdataMatrix[52]	tuple	3
i18n.words_matrix	paraNdataMatrix[52][0]	ref	i18n.words_context:ParametersMain.inkrementieren
i18n.words_matrix	paraNdataMatrix[52][1]	tuple	4
i18n.words_matrix	paraNdataMatrix[52][1][0]	str	particle-meta-physics
i18n.words_matrix	paraNdataMatrix[52][1][1]	str	addition
i18n.words_matrix	paraNdataMatrix[52][1][2]	str	identity
i18n.words_matrix	paraNdataMatrix[52][1][3]	str	identity
i18n.words_matrix	paraNdataMatrix[52][2]	set	8
i18n.words_matrix	paraNdataMatrix[52][2][0]	int	219
i18n.words_matrix	paraNdataMatrix[52][2][1]	int	223
i18n.words_matrix	paraNdataMatrix[52][2][2]	int	307
i18n.words_matrix	paraNdataMatrix[52][2][3]	int	308
i18n.words_matrix	paraNdataMatrix[52][2][4]	int	333
i18n.words_matrix	paraNdataMatrix[52][2][5]	int	387
i18n.words_matrix	paraNdataMatrix[52][2][6]	int	388
i18n.words_matrix	paraNdataMatrix[52][2][7]	int	406
i18n.words_matrix	paraNdataMatrix[53]	tuple	3
i18n.words_matrix	paraNdataMatrix[53][0]	ref	i18n.words_context:ParametersMain.galaxie
i18n.words_matrix	paraNdataMatrix[53][1]	tuple	3
i18n.words_matrix	paraNdataMatrix[53][1][0]	str	breedingUp
i18n.words_matrix	paraNdataMatrix[53][1][1]	str	breedingup
i18n.words_matrix	paraNdataMatrix[53][1][2]	str	breedingup
i18n.words_matrix	paraNdataMatrix[53][2]	set	2
i18n.words_matrix	paraNdataMatrix[53][2][0]	int	318
i18n.words_matrix	paraNdataMatrix[53][2][1]	int	319
i18n.words_matrix	paraNdataMatrix[54]	tuple	3
i18n.words_matrix	paraNdataMatrix[54][0]	ref	i18n.words_context:ParametersMain.multiversum
i18n.words_matrix	paraNdataMatrix[54][1]	tuple	3
i18n.words_matrix	paraNdataMatrix[54][1][0]	str	colors
i18n.words_matrix	paraNdataMatrix[54][1][1]	str	farbe
i18n.words_matrix	paraNdataMatrix[54][1][2]	str	Farben_Sind_Signale_Signale_sind_Dimension_Dreizehn
i18n.words_matrix	paraNdataMatrix[54][2]	set	2
i18n.words_matrix	paraNdataMatrix[54][2][0]	int	624
i18n.words_matrix	paraNdataMatrix[54][2][1]	int	659
i18n.words_matrix	paraNdataMatrix[55]	tuple	3
i18n.words_matrix	paraNdataMatrix[55][0]	ref	i18n.words_context:ParametersMain.multiversum
i18n.words_matrix	paraNdataMatrix[55][1]	tuple	4
i18n.words_matrix	paraNdataMatrix[55][1][0]	str	machines
i18n.words_matrix	paraNdataMatrix[55][1][1]	str	Computer
i18n.words_matrix	paraNdataMatrix[55][1][2]	str	computer
i18n.words_matrix	paraNdataMatrix[55][1][3]	str	machines
i18n.words_matrix	paraNdataMatrix[55][2]	set	6
i18n.words_matrix	paraNdataMatrix[55][2][0]	int	592
i18n.words_matrix	paraNdataMatrix[55][2][1]	int	593
i18n.words_matrix	paraNdataMatrix[55][2][2]	int	685
i18n.words_matrix	paraNdataMatrix[55][2][3]	int	686
i18n.words_matrix	paraNdataMatrix[55][2][4]	int	687
i18n.words_matrix	paraNdataMatrix[55][2][5]	int	89
i18n.words_matrix	paraNdataMatrix[56]	tuple	3
i18n.words_matrix	paraNdataMatrix[56][0]	ref	i18n.words_context:ParametersMain.metachemiemetametaphysik
i18n.words_matrix	paraNdataMatrix[56][1]	tuple	3
i18n.words_matrix	paraNdataMatrix[56][1][0]	str	Kybernetik_und_Meta_Chemie
i18n.words_matrix	paraNdataMatrix[56][1][1]	str	kybernetik
i18n.words_matrix	paraNdataMatrix[56][1][2]	str	metachemie
i18n.words_matrix	paraNdataMatrix[56][2]	set	1
i18n.words_matrix	paraNdataMatrix[56][2][0]	int	606
i18n.words_matrix	paraNdataMatrix[57]	tuple	3
i18n.words_matrix	paraNdataMatrix[57][0]	ref	i18n.words_context:ParametersMain.multiversum
i18n.words_matrix	paraNdataMatrix[57][1]	tuple	3
i18n.words_matrix	paraNdataMatrix[57][1][0]	str	Kybernetik_und_Meta_Chemie
i18n.words_matrix	paraNdataMatrix[57][1][1]	str	kybernetik
i18n.words_matrix	paraNdataMatrix[57][1][2]	str	metachemie
i18n.words_matrix	paraNdataMatrix[57][2]	set	1
i18n.words_matrix	paraNdataMatrix[57][2][0]	int	606
i18n.words_matrix	paraNdataMatrix[58]	tuple	3
i18n.words_matrix	paraNdataMatrix[58][0]	ref	i18n.words_context:ParametersMain.multiversum
i18n.words_matrix	paraNdataMatrix[58][1]	tuple	1
i18n.words_matrix	paraNdataMatrix[58][1][0]	str	particles_other_universe
i18n.words_matrix	paraNdataMatrix[58][2]	set	1
i18n.words_matrix	paraNdataMatrix[58][2][0]	int	512
i18n.words_matrix	paraNdataMatrix[59]	tuple	3
i18n.words_matrix	paraNdataMatrix[59][0]	ref	i18n.words_context:ParametersMain.grundstrukturen
i18n.words_matrix	paraNdataMatrix[59][1]	tuple	1
i18n.words_matrix	paraNdataMatrix[59][1][0]	str	particles_other_universe
i18n.words_matrix	paraNdataMatrix[59][2]	set	1
i18n.words_matrix	paraNdataMatrix[59][2][0]	int	512
i18n.words_matrix	paraNdataMatrix[60]	tuple	3
i18n.words_matrix	paraNdataMatrix[60][0]	ref	i18n.words_context:ParametersMain.universum
i18n.words_matrix	paraNdataMatrix[60][1]	tuple	2
i18n.words_matrix	paraNdataMatrix[60][1][0]	str	Entwicklungs_Stadium_Spezies
i18n.words_matrix	paraNdataMatrix[60][1][1]	str	Spezies_Entwicklung
i18n.words_matrix	paraNdataMatrix[60][2]	set	1
i18n.words_matrix	paraNdataMatrix[60][2][0]	int	661
i18n.words_matrix	paraNdataMatrix[61]	tuple	3
i18n.words_matrix	paraNdataMatrix[61][0]	ref	i18n.words_context:ParametersMain.universum
i18n.words_matrix	paraNdataMatrix[61][1]	tuple	1
i18n.words_matrix	paraNdataMatrix[61][1][0]	str	particles_other_universe
i18n.words_matrix	paraNdataMatrix[61][2]	set	1
i18n.words_matrix	paraNdataMatrix[61][2][0]	int	512
i18n.words_matrix	paraNdataMatrix[62]	tuple	3
i18n.words_matrix	paraNdataMatrix[62][0]	ref	i18n.words_context:ParametersMain.universum
i18n.words_matrix	paraNdataMatrix[62][1]	tuple	1
i18n.words_matrix	paraNdataMatrix[62][1][0]	str	context_brain_cosmos_universe
i18n.words_matrix	paraNdataMatrix[62][2]	set	1
i18n.words_matrix	paraNdataMatrix[62][2][0]	int	489
i18n.words_matrix	paraNdataMatrix[63]	tuple	3
i18n.words_matrix	paraNdataMatrix[63][0]	ref	i18n.words_context:ParametersMain.universum
i18n.words_matrix	paraNdataMatrix[63][1]	tuple	3
i18n.words_matrix	paraNdataMatrix[63][1][0]	str	types_numbers
i18n.words_matrix	paraNdataMatrix[63][1][1]	str	zahlen
i18n.words_matrix	paraNdataMatrix[63][1][2]	str	nummern
i18n.words_matrix	paraNdataMatrix[63][2]	set	6
i18n.words_matrix	paraNdataMatrix[63][2][0]	int	462
i18n.words_matrix	paraNdataMatrix[63][2][1]	int	563
i18n.words_matrix	paraNdataMatrix[63][2][2]	int	704
i18n.words_matrix	paraNdataMatrix[63][2][3]	int	717
i18n.words_matrix	paraNdataMatrix[63][2][4]	int	724
i18n.words_matrix	paraNdataMatrix[63][2][5]	int	728
i18n.words_matrix	paraNdataMatrix[64]	tuple	3
i18n.words_matrix	paraNdataMatrix[64][0]	ref	i18n.words_context:ParametersMain.menschliches
i18n.words_matrix	paraNdataMatrix[64][1]	tuple	2
i18n.words_matrix	paraNdataMatrix[64][1][0]	str	punishment
i18n.words_matrix	paraNdataMatrix[64][1][1]	str	bestrafen
i18n.words_matrix	paraNdataMatrix[64][2]	set	1
i18n.words_matrix	paraNdataMatrix[64][2][0]	int	636
i18n.words_matrix	paraNdataMatrix[65]	tuple	3
i18n.words_matrix	paraNdataMatrix[65][0]	ref	i18n.words_context:ParametersMain.menschliches
i18n.words_matrix	paraNdataMatrix[65][1]	tuple	3
i18n.words_matrix	paraNdataMatrix[65][1][0]	str	Diplomatie
i18n.words_matrix	paraNdataMatrix[65][1][1]	str	diplomatie
i18n.words_matrix	paraNdataMatrix[65][1][2]	str	lateral
i18n.words_matrix	paraNdataMatrix[65][2]	set	2
i18n.words_matrix	paraNdataMatrix[65][2][0]	int	523
i18n.words_matrix	paraNdataMatrix[65][2][1]	int	594
i18n.words_matrix	paraNdataMatrix[66]	tuple	3
i18n.words_matrix	paraNdataMatrix[66][0]	ref	i18n.words_context:ParametersMain.menschliches
i18n.words_matrix	paraNdataMatrix[66][1]	tuple	1
i18n.words_matrix	paraNdataMatrix[66][1][0]	str	punishment
i18n.words_matrix	paraNdataMatrix[66][2]	set	1
i18n.words_matrix	paraNdataMatrix[66][2][0]	int	463
i18n.words_matrix	paraNdataMatrix[67]	tuple	3
i18n.words_matrix	paraNdataMatrix[67][0]	ref	i18n.words_context:ParametersMain.grundstrukturen
i18n.words_matrix	paraNdataMatrix[67][1]	tuple	1
i18n.words_matrix	paraNdataMatrix[67][1][0]	str	punishment
i18n.words_matrix	paraNdataMatrix[67][2]	set	1
i18n.words_matrix	paraNdataMatrix[67][2][0]	int	463
i18n.words_matrix	paraNdataMatrix[68]	tuple	3
i18n.words_matrix	paraNdataMatrix[68][0]	ref	i18n.words_context:ParametersMain.menschliches
i18n.words_matrix	paraNdataMatrix[68][1]	tuple	1
i18n.words_matrix	paraNdataMatrix[68][1][0]	str	less_at_human
i18n.words_matrix	paraNdataMatrix[68][2]	set	1
i18n.words_matrix	paraNdataMatrix[68][2][0]	int	464
i18n.words_matrix	paraNdataMatrix[69]	tuple	3
i18n.words_matrix	paraNdataMatrix[69][0]	ref	i18n.words_context:ParametersMain.menschliches
i18n.words_matrix	paraNdataMatrix[69][1]	tuple	2
i18n.words_matrix	paraNdataMatrix[69][1][0]	str	salvation
i18n.words_matrix	paraNdataMatrix[69][1][1]	str	Salvation
i18n.words_matrix	paraNdataMatrix[69][2]	set	1
i18n.words_matrix	paraNdataMatrix[69][2][0]	int	465
i18n.words_matrix	paraNdataMatrix[70]	tuple	3
i18n.words_matrix	paraNdataMatrix[70][0]	ref	i18n.words_context:ParametersMain.grundstrukturen
i18n.words_matrix	paraNdataMatrix[70][1]	tuple	2
i18n.words_matrix	paraNdataMatrix[70][1][0]	str	salvation
i18n.words_matrix	paraNdataMatrix[70][1][1]	str	Salvation
i18n.words_matrix	paraNdataMatrix[70][2]	set	1
i18n.words_matrix	paraNdataMatrix[70][2][0]	int	465
i18n.words_matrix	paraNdataMatrix[71]	tuple	3
i18n.words_matrix	paraNdataMatrix[71][0]	ref	i18n.words_context:ParametersMain.menschliches
i18n.words_matrix	paraNdataMatrix[71][1]	tuple	1
i18n.words_matrix	paraNdataMatrix[71][1][0]	str	violence
i18n.words_matrix	paraNdataMatrix[71][2]	set	1
i18n.words_matrix	paraNdataMatrix[71][2][0]	int	466
i18n.words_matrix	paraNdataMatrix[72]	tuple	3
i18n.words_matrix	paraNdataMatrix[72][0]	ref	i18n.words_context:ParametersMain.grundstrukturen
i18n.words_matrix	paraNdataMatrix[72][1]	tuple	1
i18n.words_matrix	paraNdataMatrix[72][1][0]	str	violence
i18n.words_matrix	paraNdataMatrix[72][2]	set	2
i18n.words_matrix	paraNdataMatrix[72][2][0]	int	466
i18n.words_matrix	paraNdataMatrix[72][2][1]	int	479
i18n.words_matrix	paraNdataMatrix[73]	tuple	3
i18n.words_matrix	paraNdataMatrix[73][0]	ref	i18n.words_context:ParametersMain.universum
i18n.words_matrix	paraNdataMatrix[73][1]	tuple	1
i18n.words_matrix	paraNdataMatrix[73][1][0]	str	colors
i18n.words_matrix	paraNdataMatrix[73][2]	set	1
i18n.words_matrix	paraNdataMatrix[73][2][0]	int	444
i18n.words_matrix	paraNdataMatrix[74]	tuple	3
i18n.words_matrix	paraNdataMatrix[74][0]	ref	i18n.words_context:ParametersMain.universum
i18n.words_matrix	paraNdataMatrix[74][1]	tuple	3
i18n.words_matrix	paraNdataMatrix[74][1][0]	str	artificial_life_(15)
i18n.words_matrix	paraNdataMatrix[74][1][1]	str	artificiallife
i18n.words_matrix	paraNdataMatrix[74][1][2]	str	bigAI
i18n.words_matrix	paraNdataMatrix[74][2]	set	1
i18n.words_matrix	paraNdataMatrix[74][2][0]	int	409
i18n.words_matrix	paraNdataMatrix[75]	tuple	3
i18n.words_matrix	paraNdataMatrix[75][0]	ref	i18n.words_context:ParametersMain.universum
i18n.words_matrix	paraNdataMatrix[75][1]	tuple	3
i18n.words_matrix	paraNdataMatrix[75][1][0]	str	software_licences_and_academic_degrees
i18n.words_matrix	paraNdataMatrix[75][1][1]	str	software_license
i18n.words_matrix	paraNdataMatrix[75][1][2]	str	academic_degrees
i18n.words_matrix	paraNdataMatrix[75][2]	set	1
i18n.words_matrix	paraNdataMatrix[75][2][0]	int	422
i18n.words_matrix	paraNdataMatrix[76]	tuple	3
i18n.words_matrix	paraNdataMatrix[76][0]	ref	i18n.words_context:ParametersMain.universum
i18n.words_matrix	paraNdataMatrix[76][1]	tuple	3
i18n.words_matrix	paraNdataMatrix[76][1][0]	str	strategy_tactics_(15m8)
i18n.words_matrix	paraNdataMatrix[76][1][1]	str	strategy
i18n.words_matrix	paraNdataMatrix[76][1][2]	str	tactics
i18n.words_matrix	paraNdataMatrix[76][2]	set	1
i18n.words_matrix	paraNdataMatrix[76][2][0]	int	385
i18n.words_matrix	paraNdataMatrix[77]	tuple	3
i18n.words_matrix	paraNdataMatrix[77][0]	ref	i18n.words_context:ParametersMain.universum
i18n.words_matrix	paraNdataMatrix[77][1]	tuple	2
i18n.words_matrix	paraNdataMatrix[77][1][0]	str	Universal_ratio_of_equal_numbers
i18n.words_matrix	paraNdataMatrix[77][1][1]	str	ratioSameNumber
i18n.words_matrix	paraNdataMatrix[77][2]	set	1
i18n.words_matrix	paraNdataMatrix[77][2][0]	int	383
i18n.words_matrix	paraNdataMatrix[78]	tuple	3
i18n.words_matrix	paraNdataMatrix[78][0]	ref	i18n.words_context:ParametersMain.universum
i18n.words_matrix	paraNdataMatrix[78][1]	tuple	3
i18n.words_matrix	paraNdataMatrix[78][1][0]	str	universal_right
i18n.words_matrix	paraNdataMatrix[78][1][1]	str	law
i18n.words_matrix	paraNdataMatrix[78][1][2]	str	law
i18n.words_matrix	paraNdataMatrix[78][2]	set	3
i18n.words_matrix	paraNdataMatrix[78][2][0]	int	34
i18n.words_matrix	paraNdataMatrix[78][2][1]	int	382
i18n.words_matrix	paraNdataMatrix[78][2][2]	int	65
i18n.words_matrix	paraNdataMatrix[79]	tuple	3
i18n.words_matrix	paraNdataMatrix[79][0]	ref	i18n.words_context:ParametersMain.universum
i18n.words_matrix	paraNdataMatrix[79][1]	tuple	2
i18n.words_matrix	paraNdataMatrix[79][1][0]	str	such_as_combining_linking
i18n.words_matrix	paraNdataMatrix[79][1][1]	str	combineetc
i18n.words_matrix	paraNdataMatrix[79][2]	set	1
i18n.words_matrix	paraNdataMatrix[79][2][0]	int	320
i18n.words_matrix	paraNdataMatrix[80]	tuple	3
i18n.words_matrix	paraNdataMatrix[80][0]	ref	i18n.words_context:ParametersMain.universum
i18n.words_matrix	paraNdataMatrix[80][1]	tuple	3
i18n.words_matrix	paraNdataMatrix[80][1][0]	str	breedingUp
i18n.words_matrix	paraNdataMatrix[80][1][1]	str	breedingup
i18n.words_matrix	paraNdataMatrix[80][1][2]	str	breedingup
i18n.words_matrix	paraNdataMatrix[80][2]	set	2
i18n.words_matrix	paraNdataMatrix[80][2][0]	int	318
i18n.words_matrix	paraNdataMatrix[80][2][1]	int	319
i18n.words_matrix	paraNdataMatrix[81]	tuple	3
i18n.words_matrix	paraNdataMatrix[81][0]	ref	i18n.words_context:ParametersMain.universum
i18n.words_matrix	paraNdataMatrix[81][1]	tuple	1
i18n.words_matrix	paraNdataMatrix[81][1][0]	str	particle-meta-physics
i18n.words_matrix	paraNdataMatrix[81][2]	set	2
i18n.words_matrix	paraNdataMatrix[81][2][0]	int	219
i18n.words_matrix	paraNdataMatrix[81][2][1]	int	308
i18n.words_matrix	paraNdataMatrix[82]	tuple	3
i18n.words_matrix	paraNdataMatrix[82][0]	ref	i18n.words_context:ParametersMain.teilchen
i18n.words_matrix	paraNdataMatrix[82][1]	tuple	1
i18n.words_matrix	paraNdataMatrix[82][1][0]	str	universal_(16)
i18n.words_matrix	paraNdataMatrix[82][2]	set	2
i18n.words_matrix	paraNdataMatrix[82][2][0]	int	219
i18n.words_matrix	paraNdataMatrix[82][2][1]	int	308
i18n.words_matrix	paraNdataMatrix[83]	tuple	3
i18n.words_matrix	paraNdataMatrix[83][0]	ref	i18n.words_context:ParametersMain.teilchen
i18n.words_matrix	paraNdataMatrix[83][1]	tuple	3
i18n.words_matrix	paraNdataMatrix[83][1][0]	str	truthRealities_(10)
i18n.words_matrix	paraNdataMatrix[83][1][1]	str	truthRealities
i18n.words_matrix	paraNdataMatrix[83][1][2]	str	truthRealities
i18n.words_matrix	paraNdataMatrix[83][2]	set	1
i18n.words_matrix	paraNdataMatrix[83][2][0]	int	420
i18n.words_matrix	paraNdataMatrix[84]	tuple	3
i18n.words_matrix	paraNdataMatrix[84][0]	ref	i18n.words_context:ParametersMain.teilchen
i18n.words_matrix	paraNdataMatrix[84][1]	tuple	1
i18n.words_matrix	paraNdataMatrix[84][1][0]	str	galactic_(14)
i18n.words_matrix	paraNdataMatrix[84][2]	set	1
i18n.words_matrix	paraNdataMatrix[84][2][0]	int	406
i18n.words_matrix	paraNdataMatrix[85]	tuple	3
i18n.words_matrix	paraNdataMatrix[85][0]	ref	i18n.words_context:ParametersMain.teilchen
i18n.words_matrix	paraNdataMatrix[85][1]	tuple	1
i18n.words_matrix	paraNdataMatrix[85][1][0]	str	multiverse_(16)
i18n.words_matrix	paraNdataMatrix[85][2]	set	2
i18n.words_matrix	paraNdataMatrix[85][2][0]	int	388
i18n.words_matrix	paraNdataMatrix[85][2][1]	int	418
i18n.words_matrix	paraNdataMatrix[86]	tuple	3
i18n.words_matrix	paraNdataMatrix[86][0]	ref	i18n.words_context:ParametersMain.teilchen
i18n.words_matrix	paraNdataMatrix[86][1]	tuple	1
i18n.words_matrix	paraNdataMatrix[86][1][0]	str	non_value_virtue_sorting_(13_with_14)
i18n.words_matrix	paraNdataMatrix[86][2]	set	1
i18n.words_matrix	paraNdataMatrix[86][2][0]	int	411
i18n.words_matrix	paraNdataMatrix[87]	tuple	3
i18n.words_matrix	paraNdataMatrix[87][0]	ref	i18n.words_context:ParametersMain.teilchen
i18n.words_matrix	paraNdataMatrix[87][1]	tuple	1
i18n.words_matrix	paraNdataMatrix[87][1][0]	str	galaxy_sub_areas_(13)
i18n.words_matrix	paraNdataMatrix[87][2]	set	3
i18n.words_matrix	paraNdataMatrix[87][2][0]	int	223
i18n.words_matrix	paraNdataMatrix[87][2][1]	int	307
i18n.words_matrix	paraNdataMatrix[87][2][2]	int	412
i18n.words_matrix	paraNdataMatrix[88]	tuple	3
i18n.words_matrix	paraNdataMatrix[88][0]	ref	i18n.words_context:ParametersMain.teilchen
i18n.words_matrix	paraNdataMatrix[88][1]	tuple	1
i18n.words_matrix	paraNdataMatrix[88][1][0]	str	goodness_and_direction_(7)
i18n.words_matrix	paraNdataMatrix[88][2]	set	1
i18n.words_matrix	paraNdataMatrix[88][2][0]	int	333
i18n.words_matrix	paraNdataMatrix[89]	tuple	3
i18n.words_matrix	paraNdataMatrix[89][0]	ref	i18n.words_context:ParametersMain.teilchen
i18n.words_matrix	paraNdataMatrix[89][1]	tuple	1
i18n.words_matrix	paraNdataMatrix[89][1][0]	str	space_and_dimension_(8)
i18n.words_matrix	paraNdataMatrix[89][2]	set	1
i18n.words_matrix	paraNdataMatrix[89][2][0]	int	387
i18n.words_matrix	paraNdataMatrix[90]	tuple	3
i18n.words_matrix	paraNdataMatrix[90][0]	ref	i18n.words_context:ParametersMain.universum
i18n.words_matrix	paraNdataMatrix[90][1]	tuple	2
i18n.words_matrix	paraNdataMatrix[90][1][0]	str	no_only_paradigm_religions
i18n.words_matrix	paraNdataMatrix[90][1][1]	str	metaparadigmreligion
i18n.words_matrix	paraNdataMatrix[90][2]	set	3
i18n.words_matrix	paraNdataMatrix[90][2][0]	int	190
i18n.words_matrix	paraNdataMatrix[90][2][1]	int	191
i18n.words_matrix	paraNdataMatrix[90][2][2]	int	196
i18n.words_matrix	paraNdataMatrix[91]	tuple	3
i18n.words_matrix	paraNdataMatrix[91][0]	ref	i18n.words_context:ParametersMain.universum
i18n.words_matrix	paraNdataMatrix[91][1]	tuple	4
i18n.words_matrix	paraNdataMatrix[91][1][0]	str	spheres_circles
i18n.words_matrix	paraNdataMatrix[91][1][1]	str	spherescircles
i18n.words_matrix	paraNdataMatrix[91][1][2]	str	kugeln
i18n.words_matrix	paraNdataMatrix[91][1][3]	str	kreise
i18n.words_matrix	paraNdataMatrix[91][2]	set	2
i18n.words_matrix	paraNdataMatrix[91][2][0]	int	145
i18n.words_matrix	paraNdataMatrix[91][2][1]	int	77
i18n.words_matrix	paraNdataMatrix[92]	tuple	3
i18n.words_matrix	paraNdataMatrix[92][0]	ref	i18n.words_context:ParametersMain.multiversum
i18n.words_matrix	paraNdataMatrix[92][1]	tuple	1
i18n.words_matrix	paraNdataMatrix[92][1][0]	str	space_time_arrangement_mathematically_universal
i18n.words_matrix	paraNdataMatrix[92][2]	set	1
i18n.words_matrix	paraNdataMatrix[92][2][0]	int	472
i18n.words_matrix	paraNdataMatrix[93]	tuple	3
i18n.words_matrix	paraNdataMatrix[93][0]	ref	i18n.words_context:ParametersMain.multiversum
i18n.words_matrix	paraNdataMatrix[93][1]	tuple	2
i18n.words_matrix	paraNdataMatrix[93][1][0]	str	multiversalias_(16)
i18n.words_matrix	paraNdataMatrix[93][1][1]	str	multiversalias
i18n.words_matrix	paraNdataMatrix[93][2]	set	1
i18n.words_matrix	paraNdataMatrix[93][2][0]	int	389
i18n.words_matrix	paraNdataMatrix[94]	tuple	3
i18n.words_matrix	paraNdataMatrix[94][0]	ref	i18n.words_context:ParametersMain.multiversum
i18n.words_matrix	paraNdataMatrix[94][1]	tuple	2
i18n.words_matrix	paraNdataMatrix[94][1][0]	str	meta_physic_particles_(1)
i18n.words_matrix	paraNdataMatrix[94][1][1]	str	particles
i18n.words_matrix	paraNdataMatrix[94][2]	set	1
i18n.words_matrix	paraNdataMatrix[94][2][0]	int	388
i18n.words_matrix	paraNdataMatrix[95]	tuple	3
i18n.words_matrix	paraNdataMatrix[95][0]	ref	i18n.words_context:ParametersMain.galaxie
i18n.words_matrix	paraNdataMatrix[95][1]	tuple	4
i18n.words_matrix	paraNdataMatrix[95][1][0]	str	spheres_circles
i18n.words_matrix	paraNdataMatrix[95][1][1]	str	spherescircles
i18n.words_matrix	paraNdataMatrix[95][1][2]	str	spheres
i18n.words_matrix	paraNdataMatrix[95][1][3]	str	circles
i18n.words_matrix	paraNdataMatrix[95][2]	set	2
i18n.words_matrix	paraNdataMatrix[95][2][0]	int	145
i18n.words_matrix	paraNdataMatrix[95][2][1]	int	77
i18n.words_matrix	paraNdataMatrix[96]	tuple	3
i18n.words_matrix	paraNdataMatrix[96][0]	ref	i18n.words_context:ParametersMain.galaxie
i18n.words_matrix	paraNdataMatrix[96][1]	tuple	3
i18n.words_matrix	paraNdataMatrix[96][1][0]	str	chinese_horoscope
i18n.words_matrix	paraNdataMatrix[96][1][1]	str	chinesehoroscope
i18n.words_matrix	paraNdataMatrix[96][1][2]	str	china
i18n.words_matrix	paraNdataMatrix[96][2]	set	1
i18n.words_matrix	paraNdataMatrix[96][2][0]	int	91
i18n.words_matrix	paraNdataMatrix[97]	tuple	3
i18n.words_matrix	paraNdataMatrix[97][0]	ref	i18n.words_context:ParametersMain.galaxie
i18n.words_matrix	paraNdataMatrix[97][1]	tuple	3
i18n.words_matrix	paraNdataMatrix[97][1][0]	str	babylonian_zodiac
i18n.words_matrix	paraNdataMatrix[97][1][1]	str	zodiacsigns
i18n.words_matrix	paraNdataMatrix[97][1][2]	str	babylon
i18n.words_matrix	paraNdataMatrix[97][2]	set	2
i18n.words_matrix	paraNdataMatrix[97][2][0]	int	1
i18n.words_matrix	paraNdataMatrix[97][2][1]	int	2
i18n.words_matrix	paraNdataMatrix[98]	tuple	3
i18n.words_matrix	paraNdataMatrix[98][0]	ref	i18n.words_context:ParametersMain.galaxie
i18n.words_matrix	paraNdataMatrix[98][1]	tuple	3
i18n.words_matrix	paraNdataMatrix[98][1][0]	str	GospelofThomas
i18n.words_matrix	paraNdataMatrix[98][1][1]	str	gospelofthomas
i18n.words_matrix	paraNdataMatrix[98][1][2]	str	thomas
i18n.words_matrix	paraNdataMatrix[98][2]	set	3
i18n.words_matrix	paraNdataMatrix[98][2][0]	int	0
i18n.words_matrix	paraNdataMatrix[98][2][1]	int	3
i18n.words_matrix	paraNdataMatrix[98][2][2]	int	303
i18n.words_matrix	paraNdataMatrix[99]	tuple	3
i18n.words_matrix	paraNdataMatrix[99][0]	ref	i18n.words_context:ParametersMain.grundstrukturen
i18n.words_matrix	paraNdataMatrix[99][1]	tuple	2
i18n.words_matrix	paraNdataMatrix[99][1][0]	str	network
i18n.words_matrix	paraNdataMatrix[99][1][1]	str	network
i18n.words_matrix	paraNdataMatrix[99][2]	set	2
i18n.words_matrix	paraNdataMatrix[99][2][0]	int	417
i18n.words_matrix	paraNdataMatrix[99][2][1]	int	436
i18n.words_matrix	paraNdataMatrix[100]	tuple	3
i18n.words_matrix	paraNdataMatrix[100][0]	ref	i18n.words_context:ParametersMain.grundstrukturen
i18n.words_matrix	paraNdataMatrix[100][1]	tuple	2
i18n.words_matrix	paraNdataMatrix[100][1][0]	str	controversy_(51)
i18n.words_matrix	paraNdataMatrix[100][1][1]	str	controversy
i18n.words_matrix	paraNdataMatrix[100][2]	set	1
i18n.words_matrix	paraNdataMatrix[100][2][0]	int	421
i18n.words_matrix	paraNdataMatrix[101]	tuple	3
i18n.words_matrix	paraNdataMatrix[101][0]	ref	i18n.words_context:ParametersMain.grundstrukturen
i18n.words_matrix	paraNdataMatrix[101][1]	tuple	2
i18n.words_matrix	paraNdataMatrix[101][1][0]	str	mathematical_design_(32)
i18n.words_matrix	paraNdataMatrix[101][1][1]	str	mathematicaldesign
i18n.words_matrix	paraNdataMatrix[101][2]	set	1
i18n.words_matrix	paraNdataMatrix[101][2][0]	int	419
i18n.words_matrix	paraNdataMatrix[102]	tuple	3
i18n.words_matrix	paraNdataMatrix[102][0]	ref	i18n.words_context:ParametersMain.grundstrukturen
i18n.words_matrix	paraNdataMatrix[102][1]	tuple	3
i18n.words_matrix	paraNdataMatrix[102][1][0]	str	analytic_ontology
i18n.words_matrix	paraNdataMatrix[102][1][1]	str	analyticontology
i18n.words_matrix	paraNdataMatrix[102][1][2]	str	ontology
i18n.words_matrix	paraNdataMatrix[102][2]	set	1
i18n.words_matrix	paraNdataMatrix[102][2][0]	int	84
i18n.words_matrix	paraNdataMatrix[103]	tuple	3
i18n.words_matrix	paraNdataMatrix[103][0]	ref	i18n.words_context:ParametersMain.galaxie
i18n.words_matrix	paraNdataMatrix[103][1]	tuple	3
i18n.words_matrix	paraNdataMatrix[103][1][0]	str	analytic_ontology
i18n.words_matrix	paraNdataMatrix[103][1][1]	str	analyticontology
i18n.words_matrix	paraNdataMatrix[103][1][2]	str	ontology
i18n.words_matrix	paraNdataMatrix[103][2]	set	1
i18n.words_matrix	paraNdataMatrix[103][2][0]	int	84
i18n.words_matrix	paraNdataMatrix[104]	tuple	3
i18n.words_matrix	paraNdataMatrix[104][0]	ref	i18n.words_context:ParametersMain.galaxie
i18n.words_matrix	paraNdataMatrix[104][1]	tuple	7
i18n.words_matrix	paraNdataMatrix[104][1][0]	str	transcendentals_inside_outside
i18n.words_matrix	paraNdataMatrix[104][1][1]	str	insideOutsideStructure
i18n.words_matrix	paraNdataMatrix[104][1][2]	str	structurealiasInsideOutside
i18n.words_matrix	paraNdataMatrix[104][1][3]	str	structurealieninsideoutside
i18n.words_matrix	paraNdataMatrix[104][1][4]	str	structureinsideoutside
i18n.words_matrix	paraNdataMatrix[104][1][5]	str	interiorexteriorstructure
i18n.words_matrix	paraNdataMatrix[104][1][6]	str	transcendentalieninsideoutside
i18n.words_matrix	paraNdataMatrix[104][2]	set	1
i18n.words_matrix	paraNdataMatrix[104][2][0]	int	149
i18n.words_matrix	paraNdataMatrix[105]	tuple	3
i18n.words_matrix	paraNdataMatrix[105][0]	ref	i18n.words_context:ParametersMain.galaxie
i18n.words_matrix	paraNdataMatrix[105][1]	tuple	2
i18n.words_matrix	paraNdataMatrix[105][1][0]	str	modallogic
i18n.words_matrix	paraNdataMatrix[105][1][1]	str	modallogic
i18n.words_matrix	paraNdataMatrix[105][2]	set	1
i18n.words_matrix	paraNdataMatrix[105][2][0]	int	148
i18n.words_matrix	paraNdataMatrix[106]	tuple	3
i18n.words_matrix	paraNdataMatrix[106][0]	ref	i18n.words_context:ParametersMain.operationen
i18n.words_matrix	paraNdataMatrix[106][1]	tuple	7
i18n.words_matrix	paraNdataMatrix[106][1][0]	str	5
i18n.words_matrix	paraNdataMatrix[106][1][1]	str	five
i18n.words_matrix	paraNdataMatrix[106][1][2]	str	five
i18n.words_matrix	paraNdataMatrix[106][1][3]	str	structureOfFive
i18n.words_matrix	paraNdataMatrix[106][1][4]	str	five
i18n.words_matrix	paraNdataMatrix[106][1][5]	str	five
i18n.words_matrix	paraNdataMatrix[106][1][6]	str	structureoffive
i18n.words_matrix	paraNdataMatrix[106][2]	set	1
i18n.words_matrix	paraNdataMatrix[106][2][0]	int	96
i18n.words_matrix	paraNdataMatrix[107]	tuple	3
i18n.words_matrix	paraNdataMatrix[107][0]	ref	i18n.words_context:ParametersMain.operationen
i18n.words_matrix	paraNdataMatrix[107][1]	tuple	4
i18n.words_matrix	paraNdataMatrix[107][1][0]	str	9
i18n.words_matrix	paraNdataMatrix[107][1][1]	str	nine
i18n.words_matrix	paraNdataMatrix[107][1][2]	str	nine
i18n.words_matrix	paraNdataMatrix[107][1][3]	str	nineStructure
i18n.words_matrix	paraNdataMatrix[107][2]	set	1
i18n.words_matrix	paraNdataMatrix[107][2][0]	int	94
i18n.words_matrix	paraNdataMatrix[108]	tuple	3
i18n.words_matrix	paraNdataMatrix[108][0]	ref	i18n.words_context:ParametersMain.operationen
i18n.words_matrix	paraNdataMatrix[108][1]	tuple	4
i18n.words_matrix	paraNdataMatrix[108][1][0]	str	3
i18n.words_matrix	paraNdataMatrix[108][1][1]	str	three
i18n.words_matrix	paraNdataMatrix[108][1][2]	str	three
i18n.words_matrix	paraNdataMatrix[108][1][3]	str	threeStructure
i18n.words_matrix	paraNdataMatrix[108][2]	set	4
i18n.words_matrix	paraNdataMatrix[108][2][0]	int	315
i18n.words_matrix	paraNdataMatrix[108][2][1]	int	316
i18n.words_matrix	paraNdataMatrix[108][2][2]	int	92
i18n.words_matrix	paraNdataMatrix[108][2][3]	int	93
i18n.words_matrix	paraNdataMatrix[109]	tuple	3
i18n.words_matrix	paraNdataMatrix[109][0]	ref	i18n.words_context:ParametersMain.strukturgroesse
i18n.words_matrix	paraNdataMatrix[109][1]	tuple	2
i18n.words_matrix	paraNdataMatrix[109][1][0]	str	light
i18n.words_matrix	paraNdataMatrix[109][1][1]	str	light
i18n.words_matrix	paraNdataMatrix[109][2]	set	3
i18n.words_matrix	paraNdataMatrix[109][2][0]	int	20
i18n.words_matrix	paraNdataMatrix[109][2][1]	int	27
i18n.words_matrix	paraNdataMatrix[109][2][2]	int	313
i18n.words_matrix	paraNdataMatrix[110]	tuple	3
i18n.words_matrix	paraNdataMatrix[110][0]	ref	i18n.words_context:ParametersMain.grundstrukturen
i18n.words_matrix	paraNdataMatrix[110][1]	tuple	9
i18n.words_matrix	paraNdataMatrix[110][1][0]	str	structureSize
i18n.words_matrix	paraNdataMatrix[110][1][1]	str	scale
i18n.words_matrix	paraNdataMatrix[110][1][2]	str	size
i18n.words_matrix	paraNdataMatrix[110][1][3]	str	size
i18n.words_matrix	paraNdataMatrix[110][1][4]	str	size
i18n.words_matrix	paraNdataMatrix[110][1][5]	str	structuresize
i18n.words_matrix	paraNdataMatrix[110][1][6]	str	structuresize
i18n.words_matrix	paraNdataMatrix[110][1][7]	str	structuresize
i18n.words_matrix	paraNdataMatrix[110][1][8]	str	structuresize
i18n.words_matrix	paraNdataMatrix[110][2]	set	6
i18n.words_matrix	paraNdataMatrix[110][2][0]	int	197
i18n.words_matrix	paraNdataMatrix[110][2][1]	int	21
i18n.words_matrix	paraNdataMatrix[110][2][2]	int	4
i18n.words_matrix	paraNdataMatrix[110][2][3]	int	425
i18n.words_matrix	paraNdataMatrix[110][2][4]	int	54
i18n.words_matrix	paraNdataMatrix[110][2][5]	int	745
i18n.words_matrix	paraNdataMatrix[111]	tuple	3
i18n.words_matrix	paraNdataMatrix[111][0]	ref	i18n.words_context:ParametersMain.strukturgroesse
i18n.words_matrix	paraNdataMatrix[111][1]	tuple	9
i18n.words_matrix	paraNdataMatrix[111][1][0]	str	structureSize
i18n.words_matrix	paraNdataMatrix[111][1][1]	str	scale
i18n.words_matrix	paraNdataMatrix[111][1][2]	str	size
i18n.words_matrix	paraNdataMatrix[111][1][3]	str	size
i18n.words_matrix	paraNdataMatrix[111][1][4]	str	size
i18n.words_matrix	paraNdataMatrix[111][1][5]	str	structuresize
i18n.words_matrix	paraNdataMatrix[111][1][6]	str	structuresize
i18n.words_matrix	paraNdataMatrix[111][1][7]	str	structuresize
i18n.words_matrix	paraNdataMatrix[111][1][8]	str	structuresize
i18n.words_matrix	paraNdataMatrix[111][2]	set	6
i18n.words_matrix	paraNdataMatrix[111][2][0]	int	197
i18n.words_matrix	paraNdataMatrix[111][2][1]	int	21
i18n.words_matrix	paraNdataMatrix[111][2][2]	int	4
i18n.words_matrix	paraNdataMatrix[111][2][3]	int	425
i18n.words_matrix	paraNdataMatrix[111][2][4]	int	54
i18n.words_matrix	paraNdataMatrix[111][2][5]	int	745
i18n.words_matrix	paraNdataMatrix[112]	tuple	3
i18n.words_matrix	paraNdataMatrix[112][0]	ref	i18n.words_context:ParametersMain.strukturgroesse
i18n.words_matrix	paraNdataMatrix[112][1]	tuple	3
i18n.words_matrix	paraNdataMatrix[112][1][0]	str	organizations
i18n.words_matrix	paraNdataMatrix[112][1][1]	str	organizations
i18n.words_matrix	paraNdataMatrix[112][1][2]	str	organization
i18n.words_matrix	paraNdataMatrix[112][2]	set	4
i18n.words_matrix	paraNdataMatrix[112][2][0]	int	30
i18n.words_matrix	paraNdataMatrix[112][2][1]	int	425
i18n.words_matrix	paraNdataMatrix[112][2][2]	int	745
i18n.words_matrix	paraNdataMatrix[112][2][3]	int	82
i18n.words_matrix	paraNdataMatrix[113]	tuple	3
i18n.words_matrix	paraNdataMatrix[113][0]	ref	i18n.words_context:ParametersMain.strukturgroesse
i18n.words_matrix	paraNdataMatrix[113][1]	tuple	3
i18n.words_matrix	paraNdataMatrix[113][1][0]	str	political_systems
i18n.words_matrix	paraNdataMatrix[113][1][1]	str	politicalsystems
i18n.words_matrix	paraNdataMatrix[113][1][2]	str	politics
i18n.words_matrix	paraNdataMatrix[113][2]	set	1
i18n.words_matrix	paraNdataMatrix[113][2][0]	int	83
i18n.words_matrix	paraNdataMatrix[114]	tuple	14
i18n.words_matrix	paraNdataMatrix[114][0]	ref	i18n.words_context:ParametersMain.universummetakonkret
i18n.words_matrix	paraNdataMatrix[114][1]	tuple	1
i18n.words_matrix	paraNdataMatrix[114][1][0]	str	meta
i18n.words_matrix	paraNdataMatrix[114][2]	set	0
i18n.words_matrix	paraNdataMatrix[114][3]	set	0
i18n.words_matrix	paraNdataMatrix[114][4]	set	0
i18n.words_matrix	paraNdataMatrix[114][5]	set	0
i18n.words_matrix	paraNdataMatrix[114][6]	set	0
i18n.words_matrix	paraNdataMatrix[114][7]	set	0
i18n.words_matrix	paraNdataMatrix[114][8]	set	0
i18n.words_matrix	paraNdataMatrix[114][9]	set	0
i18n.words_matrix	paraNdataMatrix[114][10]	set	0
i18n.words_matrix	paraNdataMatrix[114][11]	set	0
i18n.words_matrix	paraNdataMatrix[114][12]	set	0
i18n.words_matrix	paraNdataMatrix[114][13]	set	1
i18n.words_matrix	paraNdataMatrix[114][13][0]	tuple	2
i18n.words_matrix	paraNdataMatrix[114][13][0][0]	int	2
i18n.words_matrix	paraNdataMatrix[114][13][0][1]	int	0
i18n.words_matrix	paraNdataMatrix[115]	tuple	14
i18n.words_matrix	paraNdataMatrix[115][0]	ref	i18n.words_context:ParametersMain.universummetakonkret
i18n.words_matrix	paraNdataMatrix[115][1]	tuple	1
i18n.words_matrix	paraNdataMatrix[115][1][0]	str	concrete
i18n.words_matrix	paraNdataMatrix[115][2]	set	0
i18n.words_matrix	paraNdataMatrix[115][3]	set	0
i18n.words_matrix	paraNdataMatrix[115][4]	set	0
i18n.words_matrix	paraNdataMatrix[115][5]	set	0
i18n.words_matrix	paraNdataMatrix[115][6]	set	0
i18n.words_matrix	paraNdataMatrix[115][7]	set	0
i18n.words_matrix	paraNdataMatrix[115][8]	set	0
i18n.words_matrix	paraNdataMatrix[115][9]	set	0
i18n.words_matrix	paraNdataMatrix[115][10]	set	0
i18n.words_matrix	paraNdataMatrix[115][11]	set	0
i18n.words_matrix	paraNdataMatrix[115][12]	set	0
i18n.words_matrix	paraNdataMatrix[115][13]	set	1
i18n.words_matrix	paraNdataMatrix[115][13][0]	tuple	2
i18n.words_matrix	paraNdataMatrix[115][13][0][0]	int	2
i18n.words_matrix	paraNdataMatrix[115][13][0][1]	int	1
i18n.words_matrix	paraNdataMatrix[116]	tuple	14
i18n.words_matrix	paraNdataMatrix[116][0]	ref	i18n.words_context:ParametersMain.universummetakonkret
i18n.words_matrix	paraNdataMatrix[116][1]	tuple	2
i18n.words_matrix	paraNdataMatrix[116][1][0]	str	theory
i18n.words_matrix	paraNdataMatrix[116][1][1]	str	theory
i18n.words_matrix	paraNdataMatrix[116][2]	set	0
i18n.words_matrix	paraNdataMatrix[116][3]	set	0
i18n.words_matrix	paraNdataMatrix[116][4]	set	0
i18n.words_matrix	paraNdataMatrix[116][5]	set	0
i18n.words_matrix	paraNdataMatrix[116][6]	set	0
i18n.words_matrix	paraNdataMatrix[116][7]	set	0
i18n.words_matrix	paraNdataMatrix[116][8]	set	0
i18n.words_matrix	paraNdataMatrix[116][9]	set	0
i18n.words_matrix	paraNdataMatrix[116][10]	set	0
i18n.words_matrix	paraNdataMatrix[116][11]	set	0
i18n.words_matrix	paraNdataMatrix[116][12]	set	0
i18n.words_matrix	paraNdataMatrix[116][13]	set	1
i18n.words_matrix	paraNdataMatrix[116][13][0]	tuple	2
i18n.words_matrix	paraNdataMatrix[116][13][0][0]	int	3
i18n.words_matrix	paraNdataMatrix[116][13][0][1]	int	0
i18n.words_matrix	paraNdataMatrix[117]	tuple	14
i18n.words_matrix	paraNdataMatrix[117][0]	ref	i18n.words_context:ParametersMain.universummetakonkret
i18n.words_matrix	paraNdataMatrix[117][1]	tuple	2
i18n.words_matrix	paraNdataMatrix[117][1][0]	str	practice
i18n.words_matrix	paraNdataMatrix[117][1][1]	str	practice
i18n.words_matrix	paraNdataMatrix[117][2]	set	0
i18n.words_matrix	paraNdataMatrix[117][3]	set	0
i18n.words_matrix	paraNdataMatrix[117][4]	set	0
i18n.words_matrix	paraNdataMatrix[117][5]	set	0
i18n.words_matrix	paraNdataMatrix[117][6]	set	0
i18n.words_matrix	paraNdataMatrix[117][7]	set	0
i18n.words_matrix	paraNdataMatrix[117][8]	set	0
i18n.words_matrix	paraNdataMatrix[117][9]	set	0
i18n.words_matrix	paraNdataMatrix[117][10]	set	0
i18n.words_matrix	paraNdataMatrix[117][11]	set	0
i18n.words_matrix	paraNdataMatrix[117][12]	set	0
i18n.words_matrix	paraNdataMatrix[117][13]	set	1
i18n.words_matrix	paraNdataMatrix[117][13][0]	tuple	2
i18n.words_matrix	paraNdataMatrix[117][13][0][0]	int	3
i18n.words_matrix	paraNdataMatrix[117][13][0][1]	int	1
i18n.words_matrix	paraNdataMatrix[118]	tuple	14
i18n.words_matrix	paraNdataMatrix[118][0]	ref	i18n.words_context:ParametersMain.universummetakonkret
i18n.words_matrix	paraNdataMatrix[118][1]	tuple	3
i18n.words_matrix	paraNdataMatrix[118][1][0]	str	management
i18n.words_matrix	paraNdataMatrix[118][1][1]	str	management
i18n.words_matrix	paraNdataMatrix[118][1][2]	str	congestion
i18n.words_matrix	paraNdataMatrix[118][2]	set	0
i18n.words_matrix	paraNdataMatrix[118][3]	set	0
i18n.words_matrix	paraNdataMatrix[118][4]	set	0
i18n.words_matrix	paraNdataMatrix[118][5]	set	0
i18n.words_matrix	paraNdataMatrix[118][6]	set	0
i18n.words_matrix	paraNdataMatrix[118][7]	set	0
i18n.words_matrix	paraNdataMatrix[118][8]	set	0
i18n.words_matrix	paraNdataMatrix[118][9]	set	0
i18n.words_matrix	paraNdataMatrix[118][10]	set	0
i18n.words_matrix	paraNdataMatrix[118][11]	set	0
i18n.words_matrix	paraNdataMatrix[118][12]	set	0
i18n.words_matrix	paraNdataMatrix[118][13]	set	1
i18n.words_matrix	paraNdataMatrix[118][13][0]	tuple	2
i18n.words_matrix	paraNdataMatrix[118][13][0][0]	int	4
i18n.words_matrix	paraNdataMatrix[118][13][0][1]	int	0
i18n.words_matrix	paraNdataMatrix[119]	tuple	14
i18n.words_matrix	paraNdataMatrix[119][0]	ref	i18n.words_context:ParametersMain.universummetakonkret
i18n.words_matrix	paraNdataMatrix[119][1]	tuple	3
i18n.words_matrix	paraNdataMatrix[119][1][0]	str	changing
i18n.words_matrix	paraNdataMatrix[119][1][1]	str	changing
i18n.words_matrix	paraNdataMatrix[119][1][2]	str	flow
i18n.words_matrix	paraNdataMatrix[119][2]	set	0
i18n.words_matrix	paraNdataMatrix[119][3]	set	0
i18n.words_matrix	paraNdataMatrix[119][4]	set	0
i18n.words_matrix	paraNdataMatrix[119][5]	set	0
i18n.words_matrix	paraNdataMatrix[119][6]	set	0
i18n.words_matrix	paraNdataMatrix[119][7]	set	0
i18n.words_matrix	paraNdataMatrix[119][8]	set	0
i18n.words_matrix	paraNdataMatrix[119][9]	set	0
i18n.words_matrix	paraNdataMatrix[119][10]	set	0
i18n.words_matrix	paraNdataMatrix[119][11]	set	0
i18n.words_matrix	paraNdataMatrix[119][12]	set	0
i18n.words_matrix	paraNdataMatrix[119][13]	set	1
i18n.words_matrix	paraNdataMatrix[119][13][0]	tuple	2
i18n.words_matrix	paraNdataMatrix[119][13][0][0]	int	4
i18n.words_matrix	paraNdataMatrix[119][13][0][1]	int	1
i18n.words_matrix	paraNdataMatrix[120]	tuple	14
i18n.words_matrix	paraNdataMatrix[120][0]	ref	i18n.words_context:ParametersMain.universummetakonkret
i18n.words_matrix	paraNdataMatrix[120][1]	tuple	3
i18n.words_matrix	paraNdataMatrix[120][1][0]	str	discrete
i18n.words_matrix	paraNdataMatrix[120][1][1]	str	mathematical_discrete
i18n.words_matrix	paraNdataMatrix[120][1][2]	str	discrete
i18n.words_matrix	paraNdataMatrix[120][2]	set	0
i18n.words_matrix	paraNdataMatrix[120][3]	set	0
i18n.words_matrix	paraNdataMatrix[120][4]	set	0
i18n.words_matrix	paraNdataMatrix[120][5]	set	0
i18n.words_matrix	paraNdataMatrix[120][6]	set	0
i18n.words_matrix	paraNdataMatrix[120][7]	set	0
i18n.words_matrix	paraNdataMatrix[120][8]	set	0
i18n.words_matrix	paraNdataMatrix[120][9]	set	0
i18n.words_matrix	paraNdataMatrix[120][10]	set	0
i18n.words_matrix	paraNdataMatrix[120][11]	set	0
i18n.words_matrix	paraNdataMatrix[120][12]	set	0
i18n.words_matrix	paraNdataMatrix[120][13]	set	1
i18n.words_matrix	paraNdataMatrix[120][13][0]	tuple	2
i18n.words_matrix	paraNdataMatrix[120][13][0][0]	int	5
i18n.words_matrix	paraNdataMatrix[120][13][0][1]	int	0
i18n.words_matrix	paraNdataMatrix[121]	tuple	14
i18n.words_matrix	paraNdataMatrix[121][0]	ref	i18n.words_context:ParametersMain.universummetakonkret
i18n.words_matrix	paraNdataMatrix[121][1]	tuple	3
i18n.words_matrix	paraNdataMatrix[121][1][0]	str	beyond_that
i18n.words_matrix	paraNdataMatrix[121][1][1]	str	beyond
i18n.words_matrix	paraNdataMatrix[121][1][2]	str	continuous
i18n.words_matrix	paraNdataMatrix[121][2]	set	0
i18n.words_matrix	paraNdataMatrix[121][3]	set	0
i18n.words_matrix	paraNdataMatrix[121][4]	set	0
i18n.words_matrix	paraNdataMatrix[121][5]	set	0
i18n.words_matrix	paraNdataMatrix[121][6]	set	0
i18n.words_matrix	paraNdataMatrix[121][7]	set	0
i18n.words_matrix	paraNdataMatrix[121][8]	set	0
i18n.words_matrix	paraNdataMatrix[121][9]	set	0
i18n.words_matrix	paraNdataMatrix[121][10]	set	0
i18n.words_matrix	paraNdataMatrix[121][11]	set	0
i18n.words_matrix	paraNdataMatrix[121][12]	set	0
i18n.words_matrix	paraNdataMatrix[121][13]	set	1
i18n.words_matrix	paraNdataMatrix[121][13][0]	tuple	2
i18n.words_matrix	paraNdataMatrix[121][13][0][0]	int	5
i18n.words_matrix	paraNdataMatrix[121][13][0][1]	int	1
i18n.words_matrix	paraNdataMatrix[122]	tuple	7
i18n.words_matrix	paraNdataMatrix[122][0]	ref	i18n.words_context:ParametersMain.primzahlwirkung
i18n.words_matrix	paraNdataMatrix[122][1]	tuple	6
i18n.words_matrix	paraNdataMatrix[122][1][0]	str	Universe_Structurals_Transcendentals
i18n.words_matrix	paraNdataMatrix[122][1][1]	str	universe
i18n.words_matrix	paraNdataMatrix[122][1][2]	str	structuralia
i18n.words_matrix	paraNdataMatrix[122][1][3]	str	structurals
i18n.words_matrix	paraNdataMatrix[122][1][4]	str	transcendentals
i18n.words_matrix	paraNdataMatrix[122][1][5]	str	transcendentalia
i18n.words_matrix	paraNdataMatrix[122][2]	set	0
i18n.words_matrix	paraNdataMatrix[122][3]	set	0
i18n.words_matrix	paraNdataMatrix[122][4]	set	0
i18n.words_matrix	paraNdataMatrix[122][5]	set	0
i18n.words_matrix	paraNdataMatrix[122][6]	set	1
i18n.words_matrix	paraNdataMatrix[122][6][0]	tuple	1
i18n.words_matrix	paraNdataMatrix[122][6][0][0]	int	5
i18n.words_matrix	paraNdataMatrix[123]	tuple	7
i18n.words_matrix	paraNdataMatrix[123][0]	ref	i18n.words_context:ParametersMain.primzahlwirkung
i18n.words_matrix	paraNdataMatrix[123][1]	tuple	2
i18n.words_matrix	paraNdataMatrix[123][1][0]	str	direction_as_direction
i18n.words_matrix	paraNdataMatrix[123][1][1]	str	directiondirection
i18n.words_matrix	paraNdataMatrix[123][2]	set	0
i18n.words_matrix	paraNdataMatrix[123][3]	set	0
i18n.words_matrix	paraNdataMatrix[123][4]	set	0
i18n.words_matrix	paraNdataMatrix[123][5]	set	0
i18n.words_matrix	paraNdataMatrix[123][6]	set	1
i18n.words_matrix	paraNdataMatrix[123][6][0]	tuple	1
i18n.words_matrix	paraNdataMatrix[123][6][0][0]	none	
i18n.words_matrix	paraNdataMatrix[124]	tuple	7
i18n.words_matrix	paraNdataMatrix[124][0]	ref	i18n.words_context:ParametersMain.primzahlwirkung
i18n.words_matrix	paraNdataMatrix[124][1]	tuple	7
i18n.words_matrix	paraNdataMatrix[124][1][0]	str	galaxyintention
i18n.words_matrix	paraNdataMatrix[124][1][1]	str	intentionGalaxy
i18n.words_matrix	paraNdataMatrix[124][1][2]	str	intent
i18n.words_matrix	paraNdataMatrix[124][1][3]	str	motifs
i18n.words_matrix	paraNdataMatrix[124][1][4]	str	motive
i18n.words_matrix	paraNdataMatrix[124][1][5]	str	intentions
i18n.words_matrix	paraNdataMatrix[124][1][6]	str	galaxy
i18n.words_matrix	paraNdataMatrix[124][2]	set	0
i18n.words_matrix	paraNdataMatrix[124][3]	set	0
i18n.words_matrix	paraNdataMatrix[124][4]	set	0
i18n.words_matrix	paraNdataMatrix[124][5]	set	0
i18n.words_matrix	paraNdataMatrix[124][6]	set	1
i18n.words_matrix	paraNdataMatrix[124][6][0]	ref	i18n.words_matrix:paraNdataMatrix[34][6][0]
i18n.words_matrix	paraNdataMatrix[125]	tuple	7
i18n.words_matrix	paraNdataMatrix[125][0]	ref	i18n.words_context:ParametersMain.primzahlwirkung
i18n.words_matrix	paraNdataMatrix[125][1]	tuple	7
i18n.words_matrix	paraNdataMatrix[125][1][0]	str	intention_reciprocal_galaxy
i18n.words_matrix	paraNdataMatrix[125][1][1]	str	intentGalaxyReciprocal
i18n.words_matrix	paraNdataMatrix[125][1][2]	str	intentReciprocal
i18n.words_matrix	paraNdataMatrix[125][1][3]	str	motivereciprocal
i18n.words_matrix	paraNdataMatrix[125][1][4]	str	motivereciprocal
i18n.words_matrix	paraNdataMatrix[125][1][5]	str	reciprocalofintention
i18n.words_matrix	paraNdataMatrix[125][1][6]	str	galaxyreciprocal
i18n.words_matrix	paraNdataMatrix[125][2]	set	0
i18n.words_matrix	paraNdataMatrix[125][3]	set	0
i18n.words_matrix	paraNdataMatrix[125][4]	set	0
i18n.words_matrix	paraNdataMatrix[125][5]	set	0
i18n.words_matrix	paraNdataMatrix[125][6]	set	1
i18n.words_matrix	paraNdataMatrix[125][6][0]	tuple	1
i18n.words_matrix	paraNdataMatrix[125][6][0][0]	int	42
i18n.words_matrix	paraNdataMatrix[126]	tuple	7
i18n.words_matrix	paraNdataMatrix[126][0]	ref	i18n.words_context:ParametersMain.primzahlwirkung
i18n.words_matrix	paraNdataMatrix[126][1]	tuple	6
i18n.words_matrix	paraNdataMatrix[126][1][0]	str	universe_reciprocal
i18n.words_matrix	paraNdataMatrix[126][1][1]	str	universeReciprocal
i18n.words_matrix	paraNdataMatrix[126][1][2]	str	structuralReciprocal
i18n.words_matrix	paraNdataMatrix[126][1][3]	str	structuralreciprocal
i18n.words_matrix	paraNdataMatrix[126][1][4]	str	transcendentalreciprocal
i18n.words_matrix	paraNdataMatrix[126][1][5]	str	transcendentalreciprocal
i18n.words_matrix	paraNdataMatrix[126][2]	set	0
i18n.words_matrix	paraNdataMatrix[126][3]	set	0
i18n.words_matrix	paraNdataMatrix[126][4]	set	0
i18n.words_matrix	paraNdataMatrix[126][5]	set	0
i18n.words_matrix	paraNdataMatrix[126][6]	set	1
i18n.words_matrix	paraNdataMatrix[126][6][0]	tuple	1
i18n.words_matrix	paraNdataMatrix[126][6][0][0]	int	131
i18n.words_matrix	paraNdataMatrix[127]	tuple	7
i18n.words_matrix	paraNdataMatrix[127][0]	ref	i18n.words_context:ParametersMain.primzahlwirkung
i18n.words_matrix	paraNdataMatrix[127][1]	tuple	5
i18n.words_matrix	paraNdataMatrix[127][1][0]	str	counter-transcendental
i18n.words_matrix	paraNdataMatrix[127][1][1]	str	against-against-transcendentalism
i18n.words_matrix	paraNdataMatrix[127][1][2]	str	against-against-transcendentalism
i18n.words_matrix	paraNdataMatrix[127][1][3]	str	against-against-structurals
i18n.words_matrix	paraNdataMatrix[127][1][4]	str	against-against-structural
i18n.words_matrix	paraNdataMatrix[127][2]	set	0
i18n.words_matrix	paraNdataMatrix[127][3]	set	0
i18n.words_matrix	paraNdataMatrix[127][4]	set	0
i18n.words_matrix	paraNdataMatrix[127][5]	set	0
i18n.words_matrix	paraNdataMatrix[127][6]	set	1
i18n.words_matrix	paraNdataMatrix[127][6][0]	tuple	1
i18n.words_matrix	paraNdataMatrix[127][6][0][0]	int	138
i18n.words_matrix	paraNdataMatrix[128]	tuple	7
i18n.words_matrix	paraNdataMatrix[128][0]	ref	i18n.words_context:ParametersMain.primzahlwirkung
i18n.words_matrix	paraNdataMatrix[128][1]	tuple	5
i18n.words_matrix	paraNdataMatrix[128][1][0]	str	neutral_opposite_transcendentalia
i18n.words_matrix	paraNdataMatrix[128][1][1]	str	neutral_against_transcendentalism
i18n.words_matrix	paraNdataMatrix[128][1][2]	str	neutralCounterTranscendentalism
i18n.words_matrix	paraNdataMatrix[128][1][3]	str	neutralcounterstructuralism
i18n.words_matrix	paraNdataMatrix[128][1][4]	str	neutral-versus-structural
i18n.words_matrix	paraNdataMatrix[128][2]	set	0
i18n.words_matrix	paraNdataMatrix[128][3]	set	0
i18n.words_matrix	paraNdataMatrix[128][4]	set	0
i18n.words_matrix	paraNdataMatrix[128][5]	set	0
i18n.words_matrix	paraNdataMatrix[128][6]	set	1
i18n.words_matrix	paraNdataMatrix[128][6][0]	tuple	1
i18n.words_matrix	paraNdataMatrix[128][6][0][0]	int	202
i18n.words_matrix	paraNdataMatrix[129]	tuple	14
i18n.words_matrix	paraNdataMatrix[129][0]	ref	i18n.words_context:ParametersMain.universummetakonkret
i18n.words_matrix	paraNdataMatrix[129][1]	tuple	5
i18n.words_matrix	paraNdataMatrix[129][1][0]	str	enterprise_business
i18n.words_matrix	paraNdataMatrix[129][1][1]	str	enterprise
i18n.words_matrix	paraNdataMatrix[129][1][2]	str	enterprise
i18n.words_matrix	paraNdataMatrix[129][1][3]	str	business
i18n.words_matrix	paraNdataMatrix[129][1][4]	str	business
i18n.words_matrix	paraNdataMatrix[129][2]	set	0
i18n.words_matrix	paraNdataMatrix[129][3]	set	0
i18n.words_matrix	paraNdataMatrix[129][4]	set	0
i18n.words_matrix	paraNdataMatrix[129][5]	set	0
i18n.words_matrix	paraNdataMatrix[129][6]	set	0
i18n.words_matrix	paraNdataMatrix[129][7]	set	0
i18n.words_matrix	paraNdataMatrix[129][8]	set	0
i18n.words_matrix	paraNdataMatrix[129][9]	set	0
i18n.words_matrix	paraNdataMatrix[129][10]	set	0
i18n.words_matrix	paraNdataMatrix[129][11]	set	0
i18n.words_matrix	paraNdataMatrix[129][12]	set	0
i18n.words_matrix	paraNdataMatrix[129][13]	set	1
i18n.words_matrix	paraNdataMatrix[129][13][0]	tuple	2
i18n.words_matrix	paraNdataMatrix[129][13][0][0]	int	6
i18n.words_matrix	paraNdataMatrix[129][13][0][1]	int	0
i18n.words_matrix	paraNdataMatrix[130]	tuple	14
i18n.words_matrix	paraNdataMatrix[130][0]	ref	i18n.words_context:ParametersMain.universummetakonkret
i18n.words_matrix	paraNdataMatrix[130][1]	tuple	2
i18n.words_matrix	paraNdataMatrix[130][1][0]	str	valuable
i18n.words_matrix	paraNdataMatrix[130][1][1]	str	value
i18n.words_matrix	paraNdataMatrix[130][2]	set	0
i18n.words_matrix	paraNdataMatrix[130][3]	set	0
i18n.words_matrix	paraNdataMatrix[130][4]	set	0
i18n.words_matrix	paraNdataMatrix[130][5]	set	0
i18n.words_matrix	paraNdataMatrix[130][6]	set	0
i18n.words_matrix	paraNdataMatrix[130][7]	set	0
i18n.words_matrix	paraNdataMatrix[130][8]	set	0
i18n.words_matrix	paraNdataMatrix[130][9]	set	0
i18n.words_matrix	paraNdataMatrix[130][10]	set	0
i18n.words_matrix	paraNdataMatrix[130][11]	set	0
i18n.words_matrix	paraNdataMatrix[130][12]	set	0
i18n.words_matrix	paraNdataMatrix[130][13]	set	1
i18n.words_matrix	paraNdataMatrix[130][13][0]	tuple	2
i18n.words_matrix	paraNdataMatrix[130][13][0][0]	int	6
i18n.words_matrix	paraNdataMatrix[130][13][0][1]	int	1
i18n.words_matrix	paraNdataMatrix[131]	tuple	14
i18n.words_matrix	paraNdataMatrix[131][0]	ref	i18n.words_context:ParametersMain.universummetakonkret
i18n.words_matrix	paraNdataMatrix[131][1]	tuple	3
i18n.words_matrix	paraNdataMatrix[131][1][0]	str	mastery
i18n.words_matrix	paraNdataMatrix[131][1][1]	str	rule
i18n.words_matrix	paraNdataMatrix[131][1][2]	str	rule
i18n.words_matrix	paraNdataMatrix[131][2]	set	0
i18n.words_matrix	paraNdataMatrix[131][3]	set	0
i18n.words_matrix	paraNdataMatrix[131][4]	set	0
i18n.words_matrix	paraNdataMatrix[131][5]	set	0
i18n.words_matrix	paraNdataMatrix[131][6]	set	0
i18n.words_matrix	paraNdataMatrix[131][7]	set	0
i18n.words_matrix	paraNdataMatrix[131][8]	set	0
i18n.words_matrix	paraNdataMatrix[131][9]	set	0
i18n.words_matrix	paraNdataMatrix[131][10]	set	0
i18n.words_matrix	paraNdataMatrix[131][11]	set	0
i18n.words_matrix	paraNdataMatrix[131][12]	set	0
i18n.words_matrix	paraNdataMatrix[131][13]	set	1
i18n.words_matrix	paraNdataMatrix[131][13][0]	tuple	2
i18n.words_matrix	paraNdataMatrix[131][13][0][0]	int	7
i18n.words_matrix	paraNdataMatrix[131][13][0][1]	int	0
i18n.words_matrix	paraNdataMatrix[132]	tuple	14
i18n.words_matrix	paraNdataMatrix[132][0]	ref	i18n.words_context:ParametersMain.universummetakonkret
i18n.words_matrix	paraNdataMatrix[132][1]	tuple	3
i18n.words_matrix	paraNdataMatrix[132][1][0]	str	direction
i18n.words_matrix	paraNdataMatrix[132][1][1]	str	direction
i18n.words_matrix	paraNdataMatrix[132][1][2]	str	good
i18n.words_matrix	paraNdataMatrix[132][2]	set	0
i18n.words_matrix	paraNdataMatrix[132][3]	set	0
i18n.words_matrix	paraNdataMatrix[132][4]	set	0
i18n.words_matrix	paraNdataMatrix[132][5]	set	0
i18n.words_matrix	paraNdataMatrix[132][6]	set	0
i18n.words_matrix	paraNdataMatrix[132][7]	set	0
i18n.words_matrix	paraNdataMatrix[132][8]	set	0
i18n.words_matrix	paraNdataMatrix[132][9]	set	0
i18n.words_matrix	paraNdataMatrix[132][10]	set	0
i18n.words_matrix	paraNdataMatrix[132][11]	set	0
i18n.words_matrix	paraNdataMatrix[132][12]	set	0
i18n.words_matrix	paraNdataMatrix[132][13]	set	1
i18n.words_matrix	paraNdataMatrix[132][13][0]	tuple	2
i18n.words_matrix	paraNdataMatrix[132][13][0][0]	int	7
i18n.words_matrix	paraNdataMatrix[132][13][0][1]	int	1
i18n.words_matrix	paraNdataMatrix[133]	tuple	3
i18n.words_matrix	paraNdataMatrix[133][0]	ref	i18n.words_context:ParametersMain.universum
i18n.words_matrix	paraNdataMatrix[133][1]	tuple	3
i18n.words_matrix	paraNdataMatrix[133][1][0]	str	analytic_ontology
i18n.words_matrix	paraNdataMatrix[133][1][1]	str	analyticontology
i18n.words_matrix	paraNdataMatrix[133][1][2]	str	ontology
i18n.words_matrix	paraNdataMatrix[133][2]	set	1
i18n.words_matrix	paraNdataMatrix[133][2][0]	int	84
i18n.words_matrix	paraNdataMatrix[134]	tuple	3
i18n.words_matrix	paraNdataMatrix[134][0]	ref	i18n.words_context:ParametersMain.universum
i18n.words_matrix	paraNdataMatrix[134][1]	tuple	6
i18n.words_matrix	paraNdataMatrix[134][1][0]	str	countertranscendentals
i18n.words_matrix	paraNdataMatrix[134][1][1]	str	countertranscendentals
i18n.words_matrix	paraNdataMatrix[134][1][2]	str	counter-transcendental
i18n.words_matrix	paraNdataMatrix[134][1][3]	str	counter-structuralias
i18n.words_matrix	paraNdataMatrix[134][1][4]	str	counter-philoalias
i18n.words_matrix	paraNdataMatrix[134][1][5]	str	counteruniversals
i18n.words_matrix	paraNdataMatrix[134][2]	set	2
i18n.words_matrix	paraNdataMatrix[134][2][0]	int	138
i18n.words_matrix	paraNdataMatrix[134][2][1]	int	202
i18n.words_matrix	paraNdataMatrix[135]	tuple	3
i18n.words_matrix	paraNdataMatrix[135][0]	ref	i18n.words_context:ParametersMain.universum
i18n.words_matrix	paraNdataMatrix[135][1]	tuple	2
i18n.words_matrix	paraNdataMatrix[135][1][0]	str	systemthings
i18n.words_matrix	paraNdataMatrix[135][1][1]	str	systemthings
i18n.words_matrix	paraNdataMatrix[135][2]	set	1
i18n.words_matrix	paraNdataMatrix[135][2][0]	int	150
i18n.words_matrix	paraNdataMatrix[136]	tuple	3
i18n.words_matrix	paraNdataMatrix[136][0]	ref	i18n.words_context:ParametersMain.universum
i18n.words_matrix	paraNdataMatrix[136][1]	tuple	6
i18n.words_matrix	paraNdataMatrix[136][1][0]	str	transcendentals
i18n.words_matrix	paraNdataMatrix[136][1][1]	str	transcendentals
i18n.words_matrix	paraNdataMatrix[136][1][2]	str	transcendentalia
i18n.words_matrix	paraNdataMatrix[136][1][3]	str	structurals
i18n.words_matrix	paraNdataMatrix[136][1][4]	str	philoalias
i18n.words_matrix	paraNdataMatrix[136][1][5]	str	universals
i18n.words_matrix	paraNdataMatrix[136][2]	set	5
i18n.words_matrix	paraNdataMatrix[136][2][0]	int	198
i18n.words_matrix	paraNdataMatrix[136][2][1]	int	390
i18n.words_matrix	paraNdataMatrix[136][2][2]	int	5
i18n.words_matrix	paraNdataMatrix[136][2][3]	int	54
i18n.words_matrix	paraNdataMatrix[136][2][4]	int	55
i18n.words_matrix	paraNdataMatrix[137]	tuple	3
i18n.words_matrix	paraNdataMatrix[137][0]	ref	i18n.words_context:ParametersMain.universum
i18n.words_matrix	paraNdataMatrix[137][1]	tuple	6
i18n.words_matrix	paraNdataMatrix[137][1][0]	str	reciprocal_of_transcendentalia
i18n.words_matrix	paraNdataMatrix[137][1][1]	str	transcendentalreciprocal
i18n.words_matrix	paraNdataMatrix[137][1][2]	str	transcendentalreciprocal
i18n.words_matrix	paraNdataMatrix[137][1][3]	str	structuralreciprocal
i18n.words_matrix	paraNdataMatrix[137][1][4]	str	philoalienreciprocal
i18n.words_matrix	paraNdataMatrix[137][1][5]	str	universalsReciprocal
i18n.words_matrix	paraNdataMatrix[137][2]	set	2
i18n.words_matrix	paraNdataMatrix[137][2][0]	int	131
i18n.words_matrix	paraNdataMatrix[137][2][1]	int	201
i18n.words_matrix	paraNdataMatrix[138]	tuple	3
i18n.words_matrix	paraNdataMatrix[138][0]	ref	i18n.words_context:ParametersMain.universum
i18n.words_matrix	paraNdataMatrix[138][1]	tuple	2
i18n.words_matrix	paraNdataMatrix[138][1][0]	str	network
i18n.words_matrix	paraNdataMatrix[138][1][1]	str	network
i18n.words_matrix	paraNdataMatrix[138][2]	set	4
i18n.words_matrix	paraNdataMatrix[138][2][0]	int	25
i18n.words_matrix	paraNdataMatrix[138][2][1]	int	386
i18n.words_matrix	paraNdataMatrix[138][2][2]	int	390
i18n.words_matrix	paraNdataMatrix[138][2][3]	int	55
i18n.words_matrix	paraNdataMatrix[139]	tuple	3
i18n.words_matrix	paraNdataMatrix[139][0]	ref	i18n.words_context:ParametersMain.universum
i18n.words_matrix	paraNdataMatrix[139][1]	tuple	2
i18n.words_matrix	paraNdataMatrix[139][1][0]	str	why_transcendental_=_structure_size_=_character
i18n.words_matrix	paraNdataMatrix[139][1][1]	str	whytranscendentalstructuralsizeandcharacter
i18n.words_matrix	paraNdataMatrix[139][2]	set	4
i18n.words_matrix	paraNdataMatrix[139][2][0]	int	165
i18n.words_matrix	paraNdataMatrix[139][2][1]	int	4
i18n.words_matrix	paraNdataMatrix[139][2][2]	int	5
i18n.words_matrix	paraNdataMatrix[139][2][3]	int	54
i18n.words_matrix	paraNdataMatrix[140]	tuple	3
i18n.words_matrix	paraNdataMatrix[140][0]	ref	i18n.words_context:ParametersMain.universum
i18n.words_matrix	paraNdataMatrix[140][1]	tuple	2
i18n.words_matrix	paraNdataMatrix[140][1][0]	str	category
i18n.words_matrix	paraNdataMatrix[140][1][1]	str	category
i18n.words_matrix	paraNdataMatrix[140][2]	set	3
i18n.words_matrix	paraNdataMatrix[140][2][0]	int	204
i18n.words_matrix	paraNdataMatrix[140][2][1]	int	205
i18n.words_matrix	paraNdataMatrix[140][2][2]	int	281
i18n.words_matrix	paraNdataMatrix[141]	tuple	3
i18n.words_matrix	paraNdataMatrix[141][0]	ref	i18n.words_context:ParametersMain.universum
i18n.words_matrix	paraNdataMatrix[141][1]	tuple	2
i18n.words_matrix	paraNdataMatrix[141][1][0]	str	space-missions
i18n.words_matrix	paraNdataMatrix[141][1][1]	str	space
i18n.words_matrix	paraNdataMatrix[141][2]	set	1
i18n.words_matrix	paraNdataMatrix[141][2][0]	int	218
i18n.words_matrix	paraNdataMatrix[142]	tuple	3
i18n.words_matrix	paraNdataMatrix[142][0]	ref	i18n.words_context:ParametersMain.universum
i18n.words_matrix	paraNdataMatrix[142][1]	tuple	2
i18n.words_matrix	paraNdataMatrix[142][1][0]	str	programming-paradigms
i18n.words_matrix	paraNdataMatrix[142][1][1]	str	programmingparadigms
i18n.words_matrix	paraNdataMatrix[142][2]	set	1
i18n.words_matrix	paraNdataMatrix[142][2][0]	int	351
i18n.words_matrix	paraNdataMatrix[143]	tuple	3
i18n.words_matrix	paraNdataMatrix[143][0]	ref	i18n.words_context:ParametersMain.galaxie
i18n.words_matrix	paraNdataMatrix[143][1]	tuple	1
i18n.words_matrix	paraNdataMatrix[143][1][0]	str	ZergAliens_MenschenHumanoid_ProtosPraedatoren
i18n.words_matrix	paraNdataMatrix[143][2]	set	1
i18n.words_matrix	paraNdataMatrix[143][2][0]	int	521
i18n.words_matrix	paraNdataMatrix[144]	tuple	3
i18n.words_matrix	paraNdataMatrix[144][0]	ref	i18n.words_context:ParametersMain.galaxie
i18n.words_matrix	paraNdataMatrix[144][1]	tuple	2
i18n.words_matrix	paraNdataMatrix[144][1][0]	str	space-missions
i18n.words_matrix	paraNdataMatrix[144][1][1]	str	space
i18n.words_matrix	paraNdataMatrix[144][2]	set	1
i18n.words_matrix	paraNdataMatrix[144][2][0]	int	218
i18n.words_matrix	paraNdataMatrix[145]	tuple	3
i18n.words_matrix	paraNdataMatrix[145][0]	ref	i18n.words_context:ParametersMain.universum
i18n.words_matrix	paraNdataMatrix[145][1]	tuple	2
i18n.words_matrix	paraNdataMatrix[145][1][0]	str	mind__(15)
i18n.words_matrix	paraNdataMatrix[145][1][1]	str	mind
i18n.words_matrix	paraNdataMatrix[145][2]	set	2
i18n.words_matrix	paraNdataMatrix[145][2][0]	int	242
i18n.words_matrix	paraNdataMatrix[145][2][1]	int	426
i18n.words_matrix	paraNdataMatrix[146]	tuple	3
i18n.words_matrix	paraNdataMatrix[146][0]	ref	i18n.words_context:ParametersMain.universum
i18n.words_matrix	paraNdataMatrix[146][1]	tuple	2
i18n.words_matrix	paraNdataMatrix[146][1][0]	str	why_transcendental_=_complexity_by_Michael_Commons
i18n.words_matrix	paraNdataMatrix[146][1][1]	str	whyTranscendentalEqualsComplexity
i18n.words_matrix	paraNdataMatrix[146][2]	set	3
i18n.words_matrix	paraNdataMatrix[146][2][0]	int	166
i18n.words_matrix	paraNdataMatrix[146][2][1]	int	5
i18n.words_matrix	paraNdataMatrix[146][2][2]	int	65
i18n.words_matrix	paraNdataMatrix[147]	tuple	3
i18n.words_matrix	paraNdataMatrix[147][0]	ref	i18n.words_context:ParametersMain.grundstrukturen
i18n.words_matrix	paraNdataMatrix[147][1]	tuple	8
i18n.words_matrix	paraNdataMatrix[147][1][0]	str	model_of_Hierarchical_Complexity
i18n.words_matrix	paraNdataMatrix[147][1][1]	str	modelofhierarchicalcomplexity
i18n.words_matrix	paraNdataMatrix[147][1][2]	str	complex
i18n.words_matrix	paraNdataMatrix[147][1][3]	str	complexity
i18n.words_matrix	paraNdataMatrix[147][1][4]	str	complexity
i18n.words_matrix	paraNdataMatrix[147][1][5]	str	complexity
i18n.words_matrix	paraNdataMatrix[147][1][6]	str	model
i18n.words_matrix	paraNdataMatrix[147][1][7]	str	abstraction
i18n.words_matrix	paraNdataMatrix[147][2]	set	4
i18n.words_matrix	paraNdataMatrix[147][2][0]	int	203
i18n.words_matrix	paraNdataMatrix[147][2][1]	int	483
i18n.words_matrix	paraNdataMatrix[147][2][2]	int	65
i18n.words_matrix	paraNdataMatrix[147][2][3]	int	75
i18n.words_matrix	paraNdataMatrix[148]	tuple	3
i18n.words_matrix	paraNdataMatrix[148][0]	ref	i18n.words_context:ParametersMain.universum
i18n.words_matrix	paraNdataMatrix[148][1]	tuple	8
i18n.words_matrix	paraNdataMatrix[148][1][0]	str	model_of_Hierarchical_Complexity
i18n.words_matrix	paraNdataMatrix[148][1][1]	str	modelofhierarchicalcomplexity
i18n.words_matrix	paraNdataMatrix[148][1][2]	str	complex
i18n.words_matrix	paraNdataMatrix[148][1][3]	str	complexity
i18n.words_matrix	paraNdataMatrix[148][1][4]	str	complexity
i18n.words_matrix	paraNdataMatrix[148][1][5]	str	complexity
i18n.words_matrix	paraNdataMatrix[148][1][6]	str	model
i18n.words_matrix	paraNdataMatrix[148][1][7]	str	abstraction
i18n.words_matrix	paraNdataMatrix[148][2]	set	3
i18n.words_matrix	paraNdataMatrix[148][2][0]	int	203
i18n.words_matrix	paraNdataMatrix[148][2][1]	int	65
i18n.words_matrix	paraNdataMatrix[148][2][2]	int	75
i18n.words_matrix	paraNdataMatrix[149]	tuple	3
i18n.words_matrix	paraNdataMatrix[149][0]	ref	i18n.words_context:ParametersMain.multiversum
i18n.words_matrix	paraNdataMatrix[149][1]	tuple	8
i18n.words_matrix	paraNdataMatrix[149][1][0]	str	model_of_Hierarchical_Complexity
i18n.words_matrix	paraNdataMatrix[149][1][1]	str	modelofhierarchicalcomplexity
i18n.words_matrix	paraNdataMatrix[149][1][2]	str	complex
i18n.words_matrix	paraNdataMatrix[149][1][3]	str	complexity
i18n.words_matrix	paraNdataMatrix[149][1][4]	str	complexity
i18n.words_matrix	paraNdataMatrix[149][1][5]	str	complexity
i18n.words_matrix	paraNdataMatrix[149][1][6]	str	model
i18n.words_matrix	paraNdataMatrix[149][1][7]	str	abstraction
i18n.words_matrix	paraNdataMatrix[149][2]	set	3
i18n.words_matrix	paraNdataMatrix[149][2][0]	int	203
i18n.words_matrix	paraNdataMatrix[149][2][1]	int	65
i18n.words_matrix	paraNdataMatrix[149][2][2]	int	75
i18n.words_matrix	paraNdataMatrix[150]	tuple	3
i18n.words_matrix	paraNdataMatrix[150][0]	ref	i18n.words_context:ParametersMain.operationen
i18n.words_matrix	paraNdataMatrix[150][1]	tuple	7
i18n.words_matrix	paraNdataMatrix[150][1][0]	str	2
i18n.words_matrix	paraNdataMatrix[150][1][1]	str	two
i18n.words_matrix	paraNdataMatrix[150][1][2]	str	even
i18n.words_matrix	paraNdataMatrix[150][1][3]	str	odd
i18n.words_matrix	paraNdataMatrix[150][1][4]	str	alternation
i18n.words_matrix	paraNdataMatrix[150][1][5]	str	alternating
i18n.words_matrix	paraNdataMatrix[150][1][6]	str	dualstructure
i18n.words_matrix	paraNdataMatrix[150][2]	set	7
i18n.words_matrix	paraNdataMatrix[150][2][0]	int	331
i18n.words_matrix	paraNdataMatrix[150][2][1]	int	497
i18n.words_matrix	paraNdataMatrix[150][2][2]	int	498
i18n.words_matrix	paraNdataMatrix[150][2][3]	int	499
i18n.words_matrix	paraNdataMatrix[150][2][4]	int	78
i18n.words_matrix	paraNdataMatrix[150][2][5]	int	79
i18n.words_matrix	paraNdataMatrix[150][2][6]	int	80
i18n.words_matrix	paraNdataMatrix[151]	tuple	3
i18n.words_matrix	paraNdataMatrix[151][0]	ref	i18n.words_context:ParametersMain.operationen
i18n.words_matrix	paraNdataMatrix[151][1]	tuple	2
i18n.words_matrix	paraNdataMatrix[151][1][0]	str	multiplication
i18n.words_matrix	paraNdataMatrix[151][1][1]	str	multiplication
i18n.words_matrix	paraNdataMatrix[151][2]	set	1
i18n.words_matrix	paraNdataMatrix[151][2][0]	int	158
i18n.words_matrix	paraNdataMatrix[152]	tuple	3
i18n.words_matrix	paraNdataMatrix[152][0]	ref	i18n.words_context:ParametersMain.operationen
i18n.words_matrix	paraNdataMatrix[152][1]	tuple	4
i18n.words_matrix	paraNdataMatrix[152][1][0]	str	4
i18n.words_matrix	paraNdataMatrix[152][1][1]	str	four
i18n.words_matrix	paraNdataMatrix[152][1][2]	str	fourstructure
i18n.words_matrix	paraNdataMatrix[152][1][3]	str	sequencesoffour
i18n.words_matrix	paraNdataMatrix[152][2]	set	5
i18n.words_matrix	paraNdataMatrix[152][2][0]	int	104
i18n.words_matrix	paraNdataMatrix[152][2][1]	int	145
i18n.words_matrix	paraNdataMatrix[152][2][2]	int	76
i18n.words_matrix	paraNdataMatrix[152][2][3]	int	77
i18n.words_matrix	paraNdataMatrix[152][2][4]	int	81
i18n.words_matrix	paraNdataMatrix[153]	tuple	3
i18n.words_matrix	paraNdataMatrix[153][0]	ref	i18n.words_context:ParametersMain.menschliches
i18n.words_matrix	paraNdataMatrix[153][1]	tuple	2
i18n.words_matrix	paraNdataMatrix[153][1][0]	str	Weltordnung
i18n.words_matrix	paraNdataMatrix[153][1][1]	str	Zeitalter
i18n.words_matrix	paraNdataMatrix[153][2]	set	1
i18n.words_matrix	paraNdataMatrix[153][2][0]	int	522
i18n.words_matrix	paraNdataMatrix[154]	tuple	3
i18n.words_matrix	paraNdataMatrix[154][0]	ref	i18n.words_context:ParametersMain.menschliches
i18n.words_matrix	paraNdataMatrix[154][1]	tuple	1
i18n.words_matrix	paraNdataMatrix[154][1][0]	str	Himmel_Hoelle_Kettenmolekuele
i18n.words_matrix	paraNdataMatrix[154][2]	set	1
i18n.words_matrix	paraNdataMatrix[154][2][0]	int	526
i18n.words_matrix	paraNdataMatrix[155]	tuple	3
i18n.words_matrix	paraNdataMatrix[155][0]	ref	i18n.words_context:ParametersMain.menschliches
i18n.words_matrix	paraNdataMatrix[155][1]	tuple	1
i18n.words_matrix	paraNdataMatrix[155][1][0]	str	Spiele-Genre
i18n.words_matrix	paraNdataMatrix[155][2]	set	1
i18n.words_matrix	paraNdataMatrix[155][2][0]	int	525
i18n.words_matrix	paraNdataMatrix[156]	tuple	3
i18n.words_matrix	paraNdataMatrix[156][0]	ref	i18n.words_context:ParametersMain.menschliches
i18n.words_matrix	paraNdataMatrix[156][1]	tuple	1
i18n.words_matrix	paraNdataMatrix[156][1][0]	str	Land_Laender-Dach-Organisation
i18n.words_matrix	paraNdataMatrix[156][2]	set	1
i18n.words_matrix	paraNdataMatrix[156][2][0]	int	524
i18n.words_matrix	paraNdataMatrix[157]	tuple	3
i18n.words_matrix	paraNdataMatrix[157][0]	ref	i18n.words_context:ParametersMain.menschliches
i18n.words_matrix	paraNdataMatrix[157][1]	tuple	2
i18n.words_matrix	paraNdataMatrix[157][1][0]	str	Ränge
i18n.words_matrix	paraNdataMatrix[157][1][1]	str	raenge
i18n.words_matrix	paraNdataMatrix[157][2]	set	2
i18n.words_matrix	paraNdataMatrix[157][2][0]	int	520
i18n.words_matrix	paraNdataMatrix[157][2][1]	int	535
i18n.words_matrix	paraNdataMatrix[158]	tuple	3
i18n.words_matrix	paraNdataMatrix[158][0]	ref	i18n.words_context:ParametersMain.menschliches
i18n.words_matrix	paraNdataMatrix[158][1]	tuple	3
i18n.words_matrix	paraNdataMatrix[158][1][0]	str	socialclass
i18n.words_matrix	paraNdataMatrix[158][1][1]	str	class
i18n.words_matrix	paraNdataMatrix[158][1][2]	str	classes
i18n.words_matrix	paraNdataMatrix[158][2]	set	4
i18n.words_matrix	paraNdataMatrix[158][2][0]	int	241
i18n.words_matrix	paraNdataMatrix[158][2][1]	int	551
i18n.words_matrix	paraNdataMatrix[158][2][2]	int	555
i18n.words_matrix	paraNdataMatrix[158][2][3]	int	697
i18n.words_matrix	paraNdataMatrix[159]	tuple	4
i18n.words_matrix	paraNdataMatrix[159][0]	ref	i18n.words_context:ParametersMain.menschliches
i18n.words_matrix	paraNdataMatrix[159][1]	tuple	3
i18n.words_matrix	paraNdataMatrix[159][1][0]	str	Morale
i18n.words_matrix	paraNdataMatrix[159][1][1]	str	morality
i18n.words_matrix	paraNdataMatrix[159][1][2]	str	whymorals
i18n.words_matrix	paraNdataMatrix[159][2]	set	2
i18n.words_matrix	paraNdataMatrix[159][2][0]	int	215
i18n.words_matrix	paraNdataMatrix[159][2][1]	int	216
i18n.words_matrix	paraNdataMatrix[159][3]	set	1
i18n.words_matrix	paraNdataMatrix[159][3][0]	tuple	2
i18n.words_matrix	paraNdataMatrix[159][3][0][0]	int	216
i18n.words_matrix	paraNdataMatrix[159][3][0][1]	int	221
i18n.words_matrix	paraNdataMatrix[160]	tuple	3
i18n.words_matrix	paraNdataMatrix[160][0]	ref	i18n.words_context:ParametersMain.menschliches
i18n.words_matrix	paraNdataMatrix[160][1]	tuple	4
i18n.words_matrix	paraNdataMatrix[160][1][0]	str	specialties
i18n.words_matrix	paraNdataMatrix[160][1][1]	str	specialties
i18n.words_matrix	paraNdataMatrix[160][1][2]	str	specialties
i18n.words_matrix	paraNdataMatrix[160][1][3]	str	topics
i18n.words_matrix	paraNdataMatrix[160][2]	set	1
i18n.words_matrix	paraNdataMatrix[160][2][0]	int	183
i18n.words_matrix	paraNdataMatrix[161]	tuple	3
i18n.words_matrix	paraNdataMatrix[161][0]	ref	i18n.words_context:ParametersMain.wirtschaft
i18n.words_matrix	paraNdataMatrix[161][1]	tuple	4
i18n.words_matrix	paraNdataMatrix[161][1][0]	str	specialties
i18n.words_matrix	paraNdataMatrix[161][1][1]	str	specialties
i18n.words_matrix	paraNdataMatrix[161][1][2]	str	specialties
i18n.words_matrix	paraNdataMatrix[161][1][3]	str	topics
i18n.words_matrix	paraNdataMatrix[161][2]	set	1
i18n.words_matrix	paraNdataMatrix[161][2][0]	int	183
i18n.words_matrix	paraNdataMatrix[162]	tuple	3
i18n.words_matrix	paraNdataMatrix[162][0]	ref	i18n.words_context:ParametersMain.wirtschaft
i18n.words_matrix	paraNdataMatrix[162][1]	tuple	2
i18n.words_matrix	paraNdataMatrix[162][1][0]	str	plants
i18n.words_matrix	paraNdataMatrix[162][1][1]	str	plants
i18n.words_matrix	paraNdataMatrix[162][2]	set	1
i18n.words_matrix	paraNdataMatrix[162][2][0]	int	113
i18n.words_matrix	paraNdataMatrix[163]	tuple	3
i18n.words_matrix	paraNdataMatrix[163][0]	ref	i18n.words_context:ParametersMain.wirtschaft
i18n.words_matrix	paraNdataMatrix[163][1]	tuple	7
i18n.words_matrix	paraNdataMatrix[163][1][0]	str	machines
i18n.words_matrix	paraNdataMatrix[163][1][1]	str	machines
i18n.words_matrix	paraNdataMatrix[163][1][2]	str	machine
i18n.words_matrix	paraNdataMatrix[163][1][3]	str	machine
i18n.words_matrix	paraNdataMatrix[163][1][4]	str	devices
i18n.words_matrix	paraNdataMatrix[163][1][5]	str	equipment
i18n.words_matrix	paraNdataMatrix[163][1][6]	str	device
i18n.words_matrix	paraNdataMatrix[163][2]	set	6
i18n.words_matrix	paraNdataMatrix[163][2][0]	int	592
i18n.words_matrix	paraNdataMatrix[163][2][1]	int	593
i18n.words_matrix	paraNdataMatrix[163][2][2]	int	685
i18n.words_matrix	paraNdataMatrix[163][2][3]	int	686
i18n.words_matrix	paraNdataMatrix[163][2][4]	int	687
i18n.words_matrix	paraNdataMatrix[163][2][5]	int	89
i18n.words_matrix	paraNdataMatrix[164]	tuple	3
i18n.words_matrix	paraNdataMatrix[164][0]	ref	i18n.words_context:ParametersMain.wirtschaft
i18n.words_matrix	paraNdataMatrix[164][1]	tuple	5
i18n.words_matrix	paraNdataMatrix[164][1][0]	str	typeOfOrganization
i18n.words_matrix	paraNdataMatrix[164][1][1]	str	typeoforganization
i18n.words_matrix	paraNdataMatrix[164][1][2]	str	typeoforganization
i18n.words_matrix	paraNdataMatrix[164][1][3]	str	company
i18n.words_matrix	paraNdataMatrix[164][1][4]	str	association
i18n.words_matrix	paraNdataMatrix[164][2]	set	1
i18n.words_matrix	paraNdataMatrix[164][2][0]	int	99
i18n.words_matrix	paraNdataMatrix[165]	tuple	3
i18n.words_matrix	paraNdataMatrix[165][0]	ref	i18n.words_context:ParametersMain.grundstrukturen
i18n.words_matrix	paraNdataMatrix[165][1]	tuple	2
i18n.words_matrix	paraNdataMatrix[165][1][0]	str	system
i18n.words_matrix	paraNdataMatrix[165][1][1]	str	system
i18n.words_matrix	paraNdataMatrix[165][2]	set	6
i18n.words_matrix	paraNdataMatrix[165][2][0]	int	440
i18n.words_matrix	paraNdataMatrix[165][2][1]	int	455
i18n.words_matrix	paraNdataMatrix[165][2][2]	int	476
i18n.words_matrix	paraNdataMatrix[165][2][3]	int	513
i18n.words_matrix	paraNdataMatrix[165][2][4]	int	69
i18n.words_matrix	paraNdataMatrix[165][2][5]	int	70
i18n.words_matrix	paraNdataMatrix[166]	tuple	3
i18n.words_matrix	paraNdataMatrix[166][0]	ref	i18n.words_context:ParametersMain.wirtschaft
i18n.words_matrix	paraNdataMatrix[166][1]	tuple	2
i18n.words_matrix	paraNdataMatrix[166][1][0]	str	system
i18n.words_matrix	paraNdataMatrix[166][1][1]	str	system
i18n.words_matrix	paraNdataMatrix[166][2]	set	6
i18n.words_matrix	paraNdataMatrix[166][2][0]	int	440
i18n.words_matrix	paraNdataMatrix[166][2][1]	int	455
i18n.words_matrix	paraNdataMatrix[166][2][2]	int	476
i18n.words_matrix	paraNdataMatrix[166][2][3]	int	513
i18n.words_matrix	paraNdataMatrix[166][2][4]	int	69
i18n.words_matrix	paraNdataMatrix[166][2][5]	int	70
i18n.words_matrix	paraNdataMatrix[167]	tuple	3
i18n.words_matrix	paraNdataMatrix[167][0]	ref	i18n.words_context:ParametersMain.wirtschaft
i18n.words_matrix	paraNdataMatrix[167][1]	tuple	3
i18n.words_matrix	paraNdataMatrix[167][1][0]	str	explanation
i18n.words_matrix	paraNdataMatrix[167][1][1]	str	explanation
i18n.words_matrix	paraNdataMatrix[167][1][2]	str	explanation
i18n.words_matrix	paraNdataMatrix[167][2]	set	1
i18n.words_matrix	paraNdataMatrix[167][2][0]	int	71
i18n.words_matrix	paraNdataMatrix[168]	tuple	3
i18n.words_matrix	paraNdataMatrix[168][0]	ref	i18n.words_context:ParametersMain.wirtschaft
i18n.words_matrix	paraNdataMatrix[168][1]	tuple	2
i18n.words_matrix	paraNdataMatrix[168][1][0]	str	businessAdministration
i18n.words_matrix	paraNdataMatrix[168][1][1]	str	businessadministration
i18n.words_matrix	paraNdataMatrix[168][2]	set	1
i18n.words_matrix	paraNdataMatrix[168][2][0]	int	109
i18n.words_matrix	paraNdataMatrix[169]	tuple	4
i18n.words_matrix	paraNdataMatrix[169][0]	ref	i18n.words_context:ParametersMain.menschliches
i18n.words_matrix	paraNdataMatrix[169][1]	tuple	5
i18n.words_matrix	paraNdataMatrix[169][1][0]	str	sense_and_meaning_of_life
i18n.words_matrix	paraNdataMatrix[169][1][1]	str	senseandmeaningoflife
i18n.words_matrix	paraNdataMatrix[169][1][2]	str	senseAndMeaningOfLife
i18n.words_matrix	paraNdataMatrix[169][1][3]	str	senseAndMeaning
i18n.words_matrix	paraNdataMatrix[169][1][4]	str	searchformeaning
i18n.words_matrix	paraNdataMatrix[169][2]	set	2
i18n.words_matrix	paraNdataMatrix[169][2][0]	int	189
i18n.words_matrix	paraNdataMatrix[169][2][1]	int	88
i18n.words_matrix	paraNdataMatrix[169][3]	set	1
i18n.words_matrix	paraNdataMatrix[169][3][0]	tuple	2
i18n.words_matrix	paraNdataMatrix[169][3][0][0]	int	181
i18n.words_matrix	paraNdataMatrix[169][3][0][1]	int	182
i18n.words_matrix	paraNdataMatrix[170]	tuple	3
i18n.words_matrix	paraNdataMatrix[170][0]	ref	i18n.words_context:ParametersMain.menschliches
i18n.words_matrix	paraNdataMatrix[170][1]	tuple	4
i18n.words_matrix	paraNdataMatrix[170][1][0]	str	intelligenceproblems
i18n.words_matrix	paraNdataMatrix[170][1][1]	str	intelligenceproblems
i18n.words_matrix	paraNdataMatrix[170][1][2]	str	intelligencedeficiencies
i18n.words_matrix	paraNdataMatrix[170][1][3]	str	intelligencedeficiencies
i18n.words_matrix	paraNdataMatrix[170][2]	set	1
i18n.words_matrix	paraNdataMatrix[170][2][0]	int	147
i18n.words_matrix	paraNdataMatrix[171]	tuple	3
i18n.words_matrix	paraNdataMatrix[171][0]	ref	i18n.words_context:ParametersMain.menschliches
i18n.words_matrix	paraNdataMatrix[171][1]	tuple	3
i18n.words_matrix	paraNdataMatrix[171][1][0]	str	way_of_thinking
i18n.words_matrix	paraNdataMatrix[171][1][1]	str	way_of_thinking_of_living_beings
i18n.words_matrix	paraNdataMatrix[171][1][2]	str	wayofthinking
i18n.words_matrix	paraNdataMatrix[171][2]	set	1
i18n.words_matrix	paraNdataMatrix[171][2][0]	int	146
i18n.words_matrix	paraNdataMatrix[172]	tuple	3
i18n.words_matrix	paraNdataMatrix[172][0]	ref	i18n.words_context:ParametersMain.menschliches
i18n.words_matrix	paraNdataMatrix[172][1]	tuple	3
i18n.words_matrix	paraNdataMatrix[172][1][0]	str	countertranscendentals
i18n.words_matrix	paraNdataMatrix[172][1][1]	str	countertranscendentals
i18n.words_matrix	paraNdataMatrix[172][1][2]	str	counter-structuralias
i18n.words_matrix	paraNdataMatrix[172][2]	set	3
i18n.words_matrix	paraNdataMatrix[172][2][0]	int	138
i18n.words_matrix	paraNdataMatrix[172][2][1]	int	139
i18n.words_matrix	paraNdataMatrix[172][2][2]	int	202
i18n.words_matrix	paraNdataMatrix[173]	tuple	3
i18n.words_matrix	paraNdataMatrix[173][0]	ref	i18n.words_context:ParametersMain.menschliches
i18n.words_matrix	paraNdataMatrix[173][1]	tuple	6
i18n.words_matrix	paraNdataMatrix[173][1][0]	str	equality_freedom
i18n.words_matrix	paraNdataMatrix[173][1][1]	str	equalityfreedom
i18n.words_matrix	paraNdataMatrix[173][1][2]	str	inequality
i18n.words_matrix	paraNdataMatrix[173][1][3]	str	dominate
i18n.words_matrix	paraNdataMatrix[173][1][4]	str	equality
i18n.words_matrix	paraNdataMatrix[173][1][5]	str	freedom
i18n.words_matrix	paraNdataMatrix[173][2]	set	4
i18n.words_matrix	paraNdataMatrix[173][2][0]	int	132
i18n.words_matrix	paraNdataMatrix[173][2][1]	int	328
i18n.words_matrix	paraNdataMatrix[173][2][2]	int	331
i18n.words_matrix	paraNdataMatrix[173][2][3]	int	335
i18n.words_matrix	paraNdataMatrix[174]	tuple	3
i18n.words_matrix	paraNdataMatrix[174][0]	ref	i18n.words_context:ParametersMain.menschliches
i18n.words_matrix	paraNdataMatrix[174][1]	tuple	6
i18n.words_matrix	paraNdataMatrix[174][1][0]	str	feelings
i18n.words_matrix	paraNdataMatrix[174][1][1]	str	emotions
i18n.words_matrix	paraNdataMatrix[174][1][2]	str	emotions
i18n.words_matrix	paraNdataMatrix[174][1][3]	str	emotions
i18n.words_matrix	paraNdataMatrix[174][1][4]	str	emotion
i18n.words_matrix	paraNdataMatrix[174][1][5]	str	feel
i18n.words_matrix	paraNdataMatrix[174][2]	set	8
i18n.words_matrix	paraNdataMatrix[174][2][0]	int	105
i18n.words_matrix	paraNdataMatrix[174][2][1]	int	230
i18n.words_matrix	paraNdataMatrix[174][2][2]	int	243
i18n.words_matrix	paraNdataMatrix[174][2][3]	int	283
i18n.words_matrix	paraNdataMatrix[174][2][4]	int	284
i18n.words_matrix	paraNdataMatrix[174][2][5]	int	285
i18n.words_matrix	paraNdataMatrix[174][2][6]	int	286
i18n.words_matrix	paraNdataMatrix[174][2][7]	int	305
i18n.words_matrix	paraNdataMatrix[175]	tuple	4
i18n.words_matrix	paraNdataMatrix[175][0]	ref	i18n.words_context:ParametersMain.menschliches
i18n.words_matrix	paraNdataMatrix[175][1]	tuple	4
i18n.words_matrix	paraNdataMatrix[175][1][0]	str	egoism
i18n.words_matrix	paraNdataMatrix[175][1][1]	str	egoism
i18n.words_matrix	paraNdataMatrix[175][1][2]	str	altruism
i18n.words_matrix	paraNdataMatrix[175][1][3]	str	selflessness
i18n.words_matrix	paraNdataMatrix[175][2]	set	1
i18n.words_matrix	paraNdataMatrix[175][2][0]	int	136
i18n.words_matrix	paraNdataMatrix[175][3]	set	1
i18n.words_matrix	paraNdataMatrix[175][3][0]	tuple	2
i18n.words_matrix	paraNdataMatrix[175][3][0][0]	int	66
i18n.words_matrix	paraNdataMatrix[175][3][0][1]	int	67
i18n.words_matrix	paraNdataMatrix[176]	tuple	3
i18n.words_matrix	paraNdataMatrix[176][0]	ref	i18n.words_context:ParametersMain.menschliches
i18n.words_matrix	paraNdataMatrix[176][1]	tuple	2
i18n.words_matrix	paraNdataMatrix[176][1][0]	str	effect
i18n.words_matrix	paraNdataMatrix[176][1][1]	str	effect
i18n.words_matrix	paraNdataMatrix[176][2]	set	1
i18n.words_matrix	paraNdataMatrix[176][2][0]	int	135
i18n.words_matrix	paraNdataMatrix[177]	tuple	3
i18n.words_matrix	paraNdataMatrix[177][0]	ref	i18n.words_context:ParametersMain.menschliches
i18n.words_matrix	paraNdataMatrix[177][1]	tuple	3
i18n.words_matrix	paraNdataMatrix[177][1][0]	str	INCELs
i18n.words_matrix	paraNdataMatrix[177][1][1]	str	incel
i18n.words_matrix	paraNdataMatrix[177][1][2]	str	incels
i18n.words_matrix	paraNdataMatrix[177][2]	set	1
i18n.words_matrix	paraNdataMatrix[177][2][0]	int	68
i18n.words_matrix	paraNdataMatrix[178]	tuple	3
i18n.words_matrix	paraNdataMatrix[178][0]	ref	i18n.words_context:ParametersMain.menschliches
i18n.words_matrix	paraNdataMatrix[178][1]	tuple	3
i18n.words_matrix	paraNdataMatrix[178][1][0]	str	irrational_numbers_by_rooting
i18n.words_matrix	paraNdataMatrix[178][1][1]	str	irrationalNumbersbyrooting
i18n.words_matrix	paraNdataMatrix[178][1][2]	str	initialposition
i18n.words_matrix	paraNdataMatrix[178][2]	set	1
i18n.words_matrix	paraNdataMatrix[178][2][0]	int	73
i18n.words_matrix	paraNdataMatrix[179]	tuple	3
i18n.words_matrix	paraNdataMatrix[179][0]	ref	i18n.words_context:ParametersMain.menschliches
i18n.words_matrix	paraNdataMatrix[179][1]	tuple	5
i18n.words_matrix	paraNdataMatrix[179][1][0]	str	dominant_gender
i18n.words_matrix	paraNdataMatrix[179][1][1]	str	dominantgender
i18n.words_matrix	paraNdataMatrix[179][1][2]	str	male
i18n.words_matrix	paraNdataMatrix[179][1][3]	str	male
i18n.words_matrix	paraNdataMatrix[179][1][4]	str	female
i18n.words_matrix	paraNdataMatrix[179][2]	set	1
i18n.words_matrix	paraNdataMatrix[179][2][0]	int	51
i18n.words_matrix	paraNdataMatrix[180]	tuple	4
i18n.words_matrix	paraNdataMatrix[180][0]	ref	i18n.words_context:ParametersMain.menschliches
i18n.words_matrix	paraNdataMatrix[180][1]	tuple	3
i18n.words_matrix	paraNdataMatrix[180][1][0]	str	love
i18n.words_matrix	paraNdataMatrix[180][1][1]	str	love
i18n.words_matrix	paraNdataMatrix[180][1][2]	str	ethics
i18n.words_matrix	paraNdataMatrix[180][2]	set	6
i18n.words_matrix	paraNdataMatrix[180][2][0]	int	208
i18n.words_matrix	paraNdataMatrix[180][2][1]	int	28
i18n.words_matrix	paraNdataMatrix[180][2][2]	int	330
i18n.words_matrix	paraNdataMatrix[180][2][3]	int	580
i18n.words_matrix	paraNdataMatrix[180][2][4]	int	8
i18n.words_matrix	paraNdataMatrix[180][2][5]	int	9
i18n.words_matrix	paraNdataMatrix[180][3]	set	1
i18n.words_matrix	paraNdataMatrix[180][3][0]	tuple	2
i18n.words_matrix	paraNdataMatrix[180][3][0][0]	int	121
i18n.words_matrix	paraNdataMatrix[180][3][0][1]	int	122
i18n.words_matrix	paraNdataMatrix[181]	tuple	3
i18n.words_matrix	paraNdataMatrix[181][0]	ref	i18n.words_context:ParametersMain.menschliches
i18n.words_matrix	paraNdataMatrix[181][1]	tuple	4
i18n.words_matrix	paraNdataMatrix[181][1][0]	str	faith_and_epistemology
i18n.words_matrix	paraNdataMatrix[181][1][1]	str	faith
i18n.words_matrix	paraNdataMatrix[181][1][2]	str	epistemology
i18n.words_matrix	paraNdataMatrix[181][1][3]	str	faith
i18n.words_matrix	paraNdataMatrix[181][2]	set	2
i18n.words_matrix	paraNdataMatrix[181][2][0]	int	59
i18n.words_matrix	paraNdataMatrix[181][2][1]	int	621
i18n.words_matrix	paraNdataMatrix[182]	tuple	3
i18n.words_matrix	paraNdataMatrix[182][0]	ref	i18n.words_context:ParametersMain.menschliches
i18n.words_matrix	paraNdataMatrix[182][1]	tuple	3
i18n.words_matrix	paraNdataMatrix[182][1][0]	str	vulnerability
i18n.words_matrix	paraNdataMatrix[182][1][1]	str	vulnerability
i18n.words_matrix	paraNdataMatrix[182][1][2]	str	vulnerable
i18n.words_matrix	paraNdataMatrix[182][2]	set	2
i18n.words_matrix	paraNdataMatrix[182][2][0]	int	57
i18n.words_matrix	paraNdataMatrix[182][2][1]	int	58
i18n.words_matrix	paraNdataMatrix[183]	tuple	3
i18n.words_matrix	paraNdataMatrix[183][0]	ref	i18n.words_context:ParametersMain.grundstrukturen
i18n.words_matrix	paraNdataMatrix[183][1]	tuple	8
i18n.words_matrix	paraNdataMatrix[183][1][0]	str	structural_paradigms_or_meta-paradigms_or_transcendental_(15)
i18n.words_matrix	paraNdataMatrix[183][1][1]	str	transcendentals
i18n.words_matrix	paraNdataMatrix[183][1][2]	str	transcendentals
i18n.words_matrix	paraNdataMatrix[183][1][3]	str	transcendentalia
i18n.words_matrix	paraNdataMatrix[183][1][4]	str	structurals
i18n.words_matrix	paraNdataMatrix[183][1][5]	str	philoalias
i18n.words_matrix	paraNdataMatrix[183][1][6]	str	universals
i18n.words_matrix	paraNdataMatrix[183][1][7]	str	meta-paradigms
i18n.words_matrix	paraNdataMatrix[183][2]	set	3
i18n.words_matrix	paraNdataMatrix[183][2][0]	int	131
i18n.words_matrix	paraNdataMatrix[183][2][1]	int	229
i18n.words_matrix	paraNdataMatrix[183][2][2]	int	5
i18n.words_matrix	paraNdataMatrix[184]	tuple	3
i18n.words_matrix	paraNdataMatrix[184][0]	ref	i18n.words_context:ParametersMain.multiversum
i18n.words_matrix	paraNdataMatrix[184][1]	tuple	8
i18n.words_matrix	paraNdataMatrix[184][1][0]	str	structural_paradigms_or_meta-paradigms_or_transcendental_(15)
i18n.words_matrix	paraNdataMatrix[184][1][1]	str	transcendentals
i18n.words_matrix	paraNdataMatrix[184][1][2]	str	transcendentals
i18n.words_matrix	paraNdataMatrix[184][1][3]	str	transcendentalia
i18n.words_matrix	paraNdataMatrix[184][1][4]	str	structurals
i18n.words_matrix	paraNdataMatrix[184][1][5]	str	philoalias
i18n.words_matrix	paraNdataMatrix[184][1][6]	str	universals
i18n.words_matrix	paraNdataMatrix[184][1][7]	str	meta-paradigms
i18n.words_matrix	paraNdataMatrix[184][2]	set	3
i18n.words_matrix	paraNdataMatrix[184][2][0]	int	131
i18n.words_matrix	paraNdataMatrix[184][2][1]	int	229
i18n.words_matrix	paraNdataMatrix[184][2][2]	int	5
i18n.words_matrix	paraNdataMatrix[185]	tuple	3
i18n.words_matrix	paraNdataMatrix[185][0]	ref	i18n.words_context:ParametersMain.grundstrukturen
i18n.words_matrix	paraNdataMatrix[185][1]	tuple	5
i18n.words_matrix	paraNdataMatrix[185][1][0]	str	condition_and_trigger_(1/3)
i18n.words_matrix	paraNdataMatrix[185][1][1]	str	condition
i18n.words_matrix	paraNdataMatrix[185][1][2]	str	conditions
i18n.words_matrix	paraNdataMatrix[185][1][3]	str	trigger
i18n.words_matrix	paraNdataMatrix[185][1][4]	str	trigger
i18n.words_matrix	paraNdataMatrix[185][2]	set	1
i18n.words_matrix	paraNdataMatrix[185][2][0]	int	338
i18n.words_matrix	paraNdataMatrix[186]	tuple	3
i18n.words_matrix	paraNdataMatrix[186][0]	ref	i18n.words_context:ParametersMain.grundstrukturen
i18n.words_matrix	paraNdataMatrix[186][1]	tuple	4
i18n.words_matrix	paraNdataMatrix[186][1][0]	str	areas_of_life_and_classes_of_problems(28)
i18n.words_matrix	paraNdataMatrix[186][1][1]	str	areas_of_life
i18n.words_matrix	paraNdataMatrix[186][1][2]	str	domains_of_life
i18n.words_matrix	paraNdataMatrix[186][1][3]	str	classes_of_problems
i18n.words_matrix	paraNdataMatrix[186][2]	set	3
i18n.words_matrix	paraNdataMatrix[186][2][0]	int	405
i18n.words_matrix	paraNdataMatrix[186][2][1]	int	415
i18n.words_matrix	paraNdataMatrix[186][2][2]	int	416
i18n.words_matrix	paraNdataMatrix[187]	tuple	3
i18n.words_matrix	paraNdataMatrix[187][0]	ref	i18n.words_context:ParametersMain.grundstrukturen
i18n.words_matrix	paraNdataMatrix[187][1]	tuple	2
i18n.words_matrix	paraNdataMatrix[187][1][0]	str	measures_(39)
i18n.words_matrix	paraNdataMatrix[187][1][1]	str	measures
i18n.words_matrix	paraNdataMatrix[187][2]	set	1
i18n.words_matrix	paraNdataMatrix[187][2][0]	int	384
i18n.words_matrix	paraNdataMatrix[188]	tuple	3
i18n.words_matrix	paraNdataMatrix[188][0]	ref	i18n.words_context:ParametersMain.grundstrukturen
i18n.words_matrix	paraNdataMatrix[188][1]	tuple	2
i18n.words_matrix	paraNdataMatrix[188][1][0]	str	relation_to_each_other_reciprocal_universal_(18→n_vs._1/n)
i18n.words_matrix	paraNdataMatrix[188][1][1]	str	relativereciprocal
i18n.words_matrix	paraNdataMatrix[188][2]	set	1
i18n.words_matrix	paraNdataMatrix[188][2][0]	int	350
i18n.words_matrix	paraNdataMatrix[189]	tuple	3
i18n.words_matrix	paraNdataMatrix[189][0]	ref	i18n.words_context:ParametersMain.grundstrukturen
i18n.words_matrix	paraNdataMatrix[189][1]	tuple	2
i18n.words_matrix	paraNdataMatrix[189][1][0]	str	universal_comperative_(18→15)
i18n.words_matrix	paraNdataMatrix[189][1][1]	str	universalcomparative
i18n.words_matrix	paraNdataMatrix[189][2]	set	1
i18n.words_matrix	paraNdataMatrix[189][2][0]	int	349
i18n.words_matrix	paraNdataMatrix[190]	tuple	3
i18n.words_matrix	paraNdataMatrix[190][0]	ref	i18n.words_context:ParametersMain.grundstrukturen
i18n.words_matrix	paraNdataMatrix[190][1]	tuple	2
i18n.words_matrix	paraNdataMatrix[190][1][0]	str	existentials_(3)
i18n.words_matrix	paraNdataMatrix[190][1][1]	str	existentials
i18n.words_matrix	paraNdataMatrix[190][2]	set	1
i18n.words_matrix	paraNdataMatrix[190][2][0]	int	348
i18n.words_matrix	paraNdataMatrix[191]	tuple	3
i18n.words_matrix	paraNdataMatrix[191][0]	ref	i18n.words_context:ParametersMain.grundstrukturen
i18n.words_matrix	paraNdataMatrix[191][1]	tuple	2
i18n.words_matrix	paraNdataMatrix[191][1][0]	str	extremalias_(19)
i18n.words_matrix	paraNdataMatrix[191][1][1]	str	extremalia
i18n.words_matrix	paraNdataMatrix[191][2]	set	2
i18n.words_matrix	paraNdataMatrix[191][2][0]	int	347
i18n.words_matrix	paraNdataMatrix[191][2][1]	int	352
i18n.words_matrix	paraNdataMatrix[192]	tuple	3
i18n.words_matrix	paraNdataMatrix[192][0]	ref	i18n.words_context:ParametersMain.grundstrukturen
i18n.words_matrix	paraNdataMatrix[192][1]	tuple	3
i18n.words_matrix	paraNdataMatrix[192][1][0]	str	expectations_(26)
i18n.words_matrix	paraNdataMatrix[192][1][1]	str	expectations
i18n.words_matrix	paraNdataMatrix[192][1][2]	str	expectations
i18n.words_matrix	paraNdataMatrix[192][2]	set	1
i18n.words_matrix	paraNdataMatrix[192][2][0]	int	344
i18n.words_matrix	paraNdataMatrix[193]	tuple	3
i18n.words_matrix	paraNdataMatrix[193][0]	ref	i18n.words_context:ParametersMain.grundstrukturen
i18n.words_matrix	paraNdataMatrix[193][1]	tuple	3
i18n.words_matrix	paraNdataMatrix[193][1][0]	str	passions_(21)
i18n.words_matrix	paraNdataMatrix[193][1][1]	str	passion
i18n.words_matrix	paraNdataMatrix[193][1][2]	str	passions
i18n.words_matrix	paraNdataMatrix[193][2]	set	1
i18n.words_matrix	paraNdataMatrix[193][2][0]	int	343
i18n.words_matrix	paraNdataMatrix[194]	tuple	3
i18n.words_matrix	paraNdataMatrix[194][0]	ref	i18n.words_context:ParametersMain.grundstrukturen
i18n.words_matrix	paraNdataMatrix[194][1]	tuple	2
i18n.words_matrix	paraNdataMatrix[194][1][0]	str	relative_time_amount_(15_10_4_18_6)
i18n.words_matrix	paraNdataMatrix[194][1][1]	str	relativetimeamount
i18n.words_matrix	paraNdataMatrix[194][2]	set	1
i18n.words_matrix	paraNdataMatrix[194][2][0]	int	339
i18n.words_matrix	paraNdataMatrix[195]	tuple	3
i18n.words_matrix	paraNdataMatrix[195][0]	ref	i18n.words_context:ParametersMain.grundstrukturen
i18n.words_matrix	paraNdataMatrix[195][1]	tuple	2
i18n.words_matrix	paraNdataMatrix[195][1][0]	str	comparision_of_numbers_(15_18_6)
i18n.words_matrix	paraNdataMatrix[195][1][1]	str	numericalcomparison
i18n.words_matrix	paraNdataMatrix[195][2]	set	1
i18n.words_matrix	paraNdataMatrix[195][2][0]	int	340
i18n.words_matrix	paraNdataMatrix[196]	tuple	3
i18n.words_matrix	paraNdataMatrix[196][0]	ref	i18n.words_context:ParametersMain.grundstrukturen
i18n.words_matrix	paraNdataMatrix[196][1]	tuple	3
i18n.words_matrix	paraNdataMatrix[196][1][0]	str	aspirations(1/5)
i18n.words_matrix	paraNdataMatrix[196][1][1]	str	aspiration
i18n.words_matrix	paraNdataMatrix[196][1][2]	str	aspirations
i18n.words_matrix	paraNdataMatrix[196][2]	set	2
i18n.words_matrix	paraNdataMatrix[196][2][0]	int	332
i18n.words_matrix	paraNdataMatrix[196][2][1]	int	414
i18n.words_matrix	paraNdataMatrix[197]	tuple	3
i18n.words_matrix	paraNdataMatrix[197][0]	ref	i18n.words_context:ParametersMain.grundstrukturen
i18n.words_matrix	paraNdataMatrix[197][1]	tuple	2
i18n.words_matrix	paraNdataMatrix[197][1][0]	str	principles(1/8)
i18n.words_matrix	paraNdataMatrix[197][1][1]	str	principles
i18n.words_matrix	paraNdataMatrix[197][2]	set	2
i18n.words_matrix	paraNdataMatrix[197][2][0]	int	329
i18n.words_matrix	paraNdataMatrix[197][2][1]	int	378
i18n.words_matrix	paraNdataMatrix[198]	tuple	3
i18n.words_matrix	paraNdataMatrix[198][0]	ref	i18n.words_context:ParametersMain.grundstrukturen
i18n.words_matrix	paraNdataMatrix[198][1]	tuple	2
i18n.words_matrix	paraNdataMatrix[198][1][0]	str	attractions_(36)
i18n.words_matrix	paraNdataMatrix[198][1][1]	str	attractions
i18n.words_matrix	paraNdataMatrix[198][2]	set	1
i18n.words_matrix	paraNdataMatrix[198][2][0]	int	311
i18n.words_matrix	paraNdataMatrix[199]	tuple	3
i18n.words_matrix	paraNdataMatrix[199][0]	ref	i18n.words_context:ParametersMain.grundstrukturen
i18n.words_matrix	paraNdataMatrix[199][1]	tuple	2
i18n.words_matrix	paraNdataMatrix[199][1][0]	str	optimization_(10)
i18n.words_matrix	paraNdataMatrix[199][1][1]	str	optimization
i18n.words_matrix	paraNdataMatrix[199][2]	set	1
i18n.words_matrix	paraNdataMatrix[199][2][0]	int	310
i18n.words_matrix	paraNdataMatrix[200]	tuple	3
i18n.words_matrix	paraNdataMatrix[200][0]	ref	i18n.words_context:ParametersMain.grundstrukturen
i18n.words_matrix	paraNdataMatrix[200][1]	tuple	3
i18n.words_matrix	paraNdataMatrix[200][1][0]	str	topics_(6)
i18n.words_matrix	paraNdataMatrix[200][1][1]	str	topics
i18n.words_matrix	paraNdataMatrix[200][1][2]	str	topic
i18n.words_matrix	paraNdataMatrix[200][2]	set	1
i18n.words_matrix	paraNdataMatrix[200][2][0]	int	309
i18n.words_matrix	paraNdataMatrix[201]	tuple	3
i18n.words_matrix	paraNdataMatrix[201][0]	ref	i18n.words_context:ParametersMain.grundstrukturen
i18n.words_matrix	paraNdataMatrix[201][1]	tuple	2
i18n.words_matrix	paraNdataMatrix[201][1][0]	str	meaning_(10)
i18n.words_matrix	paraNdataMatrix[201][1][1]	str	meaning
i18n.words_matrix	paraNdataMatrix[201][2]	set	1
i18n.words_matrix	paraNdataMatrix[201][2][0]	int	306
i18n.words_matrix	paraNdataMatrix[202]	tuple	3
i18n.words_matrix	paraNdataMatrix[202][0]	ref	i18n.words_context:ParametersMain.grundstrukturen
i18n.words_matrix	paraNdataMatrix[202][1]	tuple	3
i18n.words_matrix	paraNdataMatrix[202][1][0]	str	reciprocal
i18n.words_matrix	paraNdataMatrix[202][1][1]	str	reciprocal
i18n.words_matrix	paraNdataMatrix[202][1][2]	str	reciprocal
i18n.words_matrix	paraNdataMatrix[202][2]	set	21
i18n.words_matrix	paraNdataMatrix[202][2][0]	int	131
i18n.words_matrix	paraNdataMatrix[202][2][1]	int	204
i18n.words_matrix	paraNdataMatrix[202][2][2]	int	205
i18n.words_matrix	paraNdataMatrix[202][2][3]	int	231
i18n.words_matrix	paraNdataMatrix[202][2][4]	int	257
i18n.words_matrix	paraNdataMatrix[202][2][5]	int	273
i18n.words_matrix	paraNdataMatrix[202][2][6]	int	281
i18n.words_matrix	paraNdataMatrix[202][2][7]	int	284
i18n.words_matrix	paraNdataMatrix[202][2][8]	int	285
i18n.words_matrix	paraNdataMatrix[202][2][9]	int	326
i18n.words_matrix	paraNdataMatrix[202][2][10]	int	327
i18n.words_matrix	paraNdataMatrix[202][2][11]	int	328
i18n.words_matrix	paraNdataMatrix[202][2][12]	int	329
i18n.words_matrix	paraNdataMatrix[202][2][13]	int	330
i18n.words_matrix	paraNdataMatrix[202][2][14]	int	331
i18n.words_matrix	paraNdataMatrix[202][2][15]	int	332
i18n.words_matrix	paraNdataMatrix[202][2][16]	int	334
i18n.words_matrix	paraNdataMatrix[202][2][17]	int	335
i18n.words_matrix	paraNdataMatrix[202][2][18]	int	338
i18n.words_matrix	paraNdataMatrix[202][2][19]	int	416
i18n.words_matrix	paraNdataMatrix[202][2][20]	int	42
i18n.words_matrix	paraNdataMatrix[203]	tuple	3
i18n.words_matrix	paraNdataMatrix[203][0]	ref	i18n.words_context:ParametersMain.grundstrukturen
i18n.words_matrix	paraNdataMatrix[203][1]	tuple	3
i18n.words_matrix	paraNdataMatrix[203][1][0]	str	attention_(4)
i18n.words_matrix	paraNdataMatrix[203][1][1]	str	attention
i18n.words_matrix	paraNdataMatrix[203][1][2]	str	attentionOrRespect
i18n.words_matrix	paraNdataMatrix[203][2]	set	2
i18n.words_matrix	paraNdataMatrix[203][2][0]	int	270
i18n.words_matrix	paraNdataMatrix[203][2][1]	int	393
i18n.words_matrix	paraNdataMatrix[204]	tuple	3
i18n.words_matrix	paraNdataMatrix[204][0]	ref	i18n.words_context:ParametersMain.grundstrukturen
i18n.words_matrix	paraNdataMatrix[204][1]	tuple	2
i18n.words_matrix	paraNdataMatrix[204][1][0]	str	time_(4)_as_reality
i18n.words_matrix	paraNdataMatrix[204][1][1]	str	time
i18n.words_matrix	paraNdataMatrix[204][2]	set	2
i18n.words_matrix	paraNdataMatrix[204][2][0]	int	266
i18n.words_matrix	paraNdataMatrix[204][2][1]	int	267
i18n.words_matrix	paraNdataMatrix[205]	tuple	3
i18n.words_matrix	paraNdataMatrix[205][0]	ref	i18n.words_context:ParametersMain.grundstrukturen
i18n.words_matrix	paraNdataMatrix[205][1]	tuple	2
i18n.words_matrix	paraNdataMatrix[205][1][0]	str	intention_16_is_to_be_enough
i18n.words_matrix	paraNdataMatrix[205][1][1]	str	intention16
i18n.words_matrix	paraNdataMatrix[205][2]	set	1
i18n.words_matrix	paraNdataMatrix[205][2][0]	int	312
i18n.words_matrix	paraNdataMatrix[206]	tuple	3
i18n.words_matrix	paraNdataMatrix[206][0]	ref	i18n.words_context:ParametersMain.grundstrukturen
i18n.words_matrix	paraNdataMatrix[206][1]	tuple	2
i18n.words_matrix	paraNdataMatrix[206][1][0]	str	intention_17_is_to_mean_opionions
i18n.words_matrix	paraNdataMatrix[206][1][1]	str	intention17
i18n.words_matrix	paraNdataMatrix[206][2]	set	1
i18n.words_matrix	paraNdataMatrix[206][2][0]	int	263
i18n.words_matrix	paraNdataMatrix[207]	tuple	3
i18n.words_matrix	paraNdataMatrix[207][0]	ref	i18n.words_context:ParametersMain.grundstrukturen
i18n.words_matrix	paraNdataMatrix[207][1]	tuple	2
i18n.words_matrix	paraNdataMatrix[207][1][0]	str	intention_6_is_advantage_maximization.
i18n.words_matrix	paraNdataMatrix[207][1][1]	str	intention6
i18n.words_matrix	paraNdataMatrix[207][2]	set	1
i18n.words_matrix	paraNdataMatrix[207][2][0]	int	262
i18n.words_matrix	paraNdataMatrix[208]	tuple	3
i18n.words_matrix	paraNdataMatrix[208][0]	ref	i18n.words_context:ParametersMain.grundstrukturen
i18n.words_matrix	paraNdataMatrix[208][1]	tuple	2
i18n.words_matrix	paraNdataMatrix[208][1][0]	str	intention_7_is_selflessness
i18n.words_matrix	paraNdataMatrix[208][1][1]	str	intention7
i18n.words_matrix	paraNdataMatrix[208][2]	set	1
i18n.words_matrix	paraNdataMatrix[208][2][0]	int	261
i18n.words_matrix	paraNdataMatrix[209]	tuple	3
i18n.words_matrix	paraNdataMatrix[209][0]	ref	i18n.words_context:ParametersMain.grundstrukturen
i18n.words_matrix	paraNdataMatrix[209][1]	tuple	2
i18n.words_matrix	paraNdataMatrix[209][1][0]	str	awareness_instead_of_consciousness_(1)
i18n.words_matrix	paraNdataMatrix[209][1][1]	str	awareness
i18n.words_matrix	paraNdataMatrix[209][2]	set	1
i18n.words_matrix	paraNdataMatrix[209][2][0]	int	282
i18n.words_matrix	paraNdataMatrix[210]	tuple	3
i18n.words_matrix	paraNdataMatrix[210][0]	ref	i18n.words_context:ParametersMain.grundstrukturen
i18n.words_matrix	paraNdataMatrix[210][1]	tuple	2
i18n.words_matrix	paraNdataMatrix[210][1][0]	str	behavior_(11)
i18n.words_matrix	paraNdataMatrix[210][1][1]	str	behavior
i18n.words_matrix	paraNdataMatrix[210][2]	set	3
i18n.words_matrix	paraNdataMatrix[210][2][0]	int	301
i18n.words_matrix	paraNdataMatrix[210][2][1]	int	302
i18n.words_matrix	paraNdataMatrix[210][2][2]	int	413
i18n.words_matrix	paraNdataMatrix[211]	tuple	3
i18n.words_matrix	paraNdataMatrix[211][0]	ref	i18n.words_context:ParametersMain.grundstrukturen
i18n.words_matrix	paraNdataMatrix[211][1]	tuple	4
i18n.words_matrix	paraNdataMatrix[211][1][0]	str	energy_and_universal_properties_(30)
i18n.words_matrix	paraNdataMatrix[211][1][1]	str	energy
i18n.words_matrix	paraNdataMatrix[211][1][2]	str	universalproperties
i18n.words_matrix	paraNdataMatrix[211][1][3]	str	energyoflife
i18n.words_matrix	paraNdataMatrix[211][2]	set	2
i18n.words_matrix	paraNdataMatrix[211][2][0]	int	287
i18n.words_matrix	paraNdataMatrix[211][2][1]	int	293
i18n.words_matrix	paraNdataMatrix[212]	tuple	3
i18n.words_matrix	paraNdataMatrix[212][0]	ref	i18n.words_context:ParametersMain.grundstrukturen
i18n.words_matrix	paraNdataMatrix[212][1]	tuple	4
i18n.words_matrix	paraNdataMatrix[212][1][0]	str	sheaf_and_behavior_empathy_(31)
i18n.words_matrix	paraNdataMatrix[212][1][1]	str	sheafs
i18n.words_matrix	paraNdataMatrix[212][1][2]	str	behavioralandfeels
i18n.words_matrix	paraNdataMatrix[212][1][3]	str	behavefeel
i18n.words_matrix	paraNdataMatrix[212][2]	set	1
i18n.words_matrix	paraNdataMatrix[212][2][0]	int	295
i18n.words_matrix	paraNdataMatrix[213]	tuple	10
i18n.words_matrix	paraNdataMatrix[213][0]	ref	i18n.words_context:ParametersMain.grundstrukturen
i18n.words_matrix	paraNdataMatrix[213][1]	tuple	2
i18n.words_matrix	paraNdataMatrix[213][1][0]	str	comprehend_emotionally_or_mentally_by_prime_cross_algorithm_(15)
i18n.words_matrix	paraNdataMatrix[213][1][1]	str	comprehend
i18n.words_matrix	paraNdataMatrix[213][2]	set	2
i18n.words_matrix	paraNdataMatrix[213][2][0]	int	242
i18n.words_matrix	paraNdataMatrix[213][2][1]	int	297
i18n.words_matrix	paraNdataMatrix[213][3]	set	0
i18n.words_matrix	paraNdataMatrix[213][4]	set	0
i18n.words_matrix	paraNdataMatrix[213][5]	set	0
i18n.words_matrix	paraNdataMatrix[213][6]	set	0
i18n.words_matrix	paraNdataMatrix[213][7]	set	0
i18n.words_matrix	paraNdataMatrix[213][8]	set	0
i18n.words_matrix	paraNdataMatrix[213][9]	set	1
i18n.words_matrix	paraNdataMatrix[213][9][0]	str	primzahlkreuzprocontra
i18n.words_matrix	paraNdataMatrix[214]	tuple	3
i18n.words_matrix	paraNdataMatrix[214][0]	ref	i18n.words_context:ParametersMain.grundstrukturen
i18n.words_matrix	paraNdataMatrix[214][1]	tuple	3
i18n.words_matrix	paraNdataMatrix[214][1][0]	str	empathy_(37)
i18n.words_matrix	paraNdataMatrix[214][1][1]	str	empathy
i18n.words_matrix	paraNdataMatrix[214][1][2]	str	empathy
i18n.words_matrix	paraNdataMatrix[214][2]	set	1
i18n.words_matrix	paraNdataMatrix[214][2][0]	int	294
i18n.words_matrix	paraNdataMatrix[215]	tuple	3
i18n.words_matrix	paraNdataMatrix[215][0]	ref	i18n.words_context:ParametersMain.grundstrukturen
i18n.words_matrix	paraNdataMatrix[215][1]	tuple	3
i18n.words_matrix	paraNdataMatrix[215][1][0]	str	intention_1/6_is_cleaning_and_clarity
i18n.words_matrix	paraNdataMatrix[215][1][1]	str	intention1/6
i18n.words_matrix	paraNdataMatrix[215][1][2]	str	intention1pro6
i18n.words_matrix	paraNdataMatrix[215][2]	set	1
i18n.words_matrix	paraNdataMatrix[215][2][0]	int	298
i18n.words_matrix	paraNdataMatrix[216]	tuple	3
i18n.words_matrix	paraNdataMatrix[216][0]	ref	i18n.words_context:ParametersMain.grundstrukturen
i18n.words_matrix	paraNdataMatrix[216][1]	tuple	2
i18n.words_matrix	paraNdataMatrix[216][1][0]	str	inner-values_1/6_of_cleaning_and_clarity
i18n.words_matrix	paraNdataMatrix[216][1][1]	str	innervalues
i18n.words_matrix	paraNdataMatrix[216][2]	set	4
i18n.words_matrix	paraNdataMatrix[216][2][0]	int	398
i18n.words_matrix	paraNdataMatrix[216][2][1]	int	399
i18n.words_matrix	paraNdataMatrix[216][2][2]	int	400
i18n.words_matrix	paraNdataMatrix[216][2][3]	int	401
i18n.words_matrix	paraNdataMatrix[217]	tuple	3
i18n.words_matrix	paraNdataMatrix[217][0]	ref	i18n.words_context:ParametersMain.grundstrukturen
i18n.words_matrix	paraNdataMatrix[217][1]	tuple	2
i18n.words_matrix	paraNdataMatrix[217][1][0]	str	intention_10_is_recognition_of_reality
i18n.words_matrix	paraNdataMatrix[217][1][1]	str	intention10
i18n.words_matrix	paraNdataMatrix[217][2]	set	1
i18n.words_matrix	paraNdataMatrix[217][2][0]	int	260
i18n.words_matrix	paraNdataMatrix[218]	tuple	3
i18n.words_matrix	paraNdataMatrix[218][0]	ref	i18n.words_context:ParametersMain.grundstrukturen
i18n.words_matrix	paraNdataMatrix[218][1]	tuple	2
i18n.words_matrix	paraNdataMatrix[218][1][0]	str	well-being_(7with6)
i18n.words_matrix	paraNdataMatrix[218][1][1]	str	well-being
i18n.words_matrix	paraNdataMatrix[218][2]	set	2
i18n.words_matrix	paraNdataMatrix[218][2][0]	int	427
i18n.words_matrix	paraNdataMatrix[218][2][1]	int	428
i18n.words_matrix	paraNdataMatrix[219]	tuple	3
i18n.words_matrix	paraNdataMatrix[219][0]	ref	i18n.words_context:ParametersMain.grundstrukturen
i18n.words_matrix	paraNdataMatrix[219][1]	tuple	3
i18n.words_matrix	paraNdataMatrix[219][1][0]	str	mind_(15)
i18n.words_matrix	paraNdataMatrix[219][1][1]	str	mind
i18n.words_matrix	paraNdataMatrix[219][1][2]	str	consciousness
i18n.words_matrix	paraNdataMatrix[219][2]	set	7
i18n.words_matrix	paraNdataMatrix[219][2][0]	int	229
i18n.words_matrix	paraNdataMatrix[219][2][1]	int	231
i18n.words_matrix	paraNdataMatrix[219][2][2]	int	242
i18n.words_matrix	paraNdataMatrix[219][2][3]	int	273
i18n.words_matrix	paraNdataMatrix[219][2][4]	int	297
i18n.words_matrix	paraNdataMatrix[219][2][5]	int	304
i18n.words_matrix	paraNdataMatrix[219][2][6]	int	426
i18n.words_matrix	paraNdataMatrix[220]	tuple	3
i18n.words_matrix	paraNdataMatrix[220][0]	ref	i18n.words_context:ParametersMain.multiversum
i18n.words_matrix	paraNdataMatrix[220][1]	tuple	3
i18n.words_matrix	paraNdataMatrix[220][1][0]	str	mind_(15)
i18n.words_matrix	paraNdataMatrix[220][1][1]	str	mind
i18n.words_matrix	paraNdataMatrix[220][1][2]	str	consciousness
i18n.words_matrix	paraNdataMatrix[220][2]	set	7
i18n.words_matrix	paraNdataMatrix[220][2][0]	int	229
i18n.words_matrix	paraNdataMatrix[220][2][1]	int	231
i18n.words_matrix	paraNdataMatrix[220][2][2]	int	242
i18n.words_matrix	paraNdataMatrix[220][2][3]	int	273
i18n.words_matrix	paraNdataMatrix[220][2][4]	int	297
i18n.words_matrix	paraNdataMatrix[220][2][5]	int	304
i18n.words_matrix	paraNdataMatrix[220][2][6]	int	426
i18n.words_matrix	paraNdataMatrix[221]	tuple	3
i18n.words_matrix	paraNdataMatrix[221][0]	ref	i18n.words_context:ParametersMain.grundstrukturen
i18n.words_matrix	paraNdataMatrix[221][1]	tuple	3
i18n.words_matrix	paraNdataMatrix[221][1][0]	str	reflexes_(3)
i18n.words_matrix	paraNdataMatrix[221][1][1]	str	reflex
i18n.words_matrix	paraNdataMatrix[221][1][2]	str	reflexes
i18n.words_matrix	paraNdataMatrix[221][2]	set	1
i18n.words_matrix	paraNdataMatrix[221][2][0]	int	256
i18n.words_matrix	paraNdataMatrix[222]	tuple	3
i18n.words_matrix	paraNdataMatrix[222][0]	ref	i18n.words_context:ParametersMain.grundstrukturen
i18n.words_matrix	paraNdataMatrix[222][1]	tuple	3
i18n.words_matrix	paraNdataMatrix[222][1][0]	str	lust_(9)
i18n.words_matrix	paraNdataMatrix[222][1][1]	str	lust
i18n.words_matrix	paraNdataMatrix[222][1][2]	str	units
i18n.words_matrix	paraNdataMatrix[222][2]	set	2
i18n.words_matrix	paraNdataMatrix[222][2][0]	int	255
i18n.words_matrix	paraNdataMatrix[222][2][1]	int	391
i18n.words_matrix	paraNdataMatrix[223]	tuple	3
i18n.words_matrix	paraNdataMatrix[223][0]	ref	i18n.words_context:ParametersMain.grundstrukturen
i18n.words_matrix	paraNdataMatrix[223][1]	tuple	3
i18n.words_matrix	paraNdataMatrix[223][1][0]	str	paradigms_are_intentions_(13)
i18n.words_matrix	paraNdataMatrix[223][1][1]	str	paradigms
i18n.words_matrix	paraNdataMatrix[223][1][2]	str	intentions
i18n.words_matrix	paraNdataMatrix[223][2]	set	6
i18n.words_matrix	paraNdataMatrix[223][2][0]	int	10
i18n.words_matrix	paraNdataMatrix[223][2][1]	int	410
i18n.words_matrix	paraNdataMatrix[223][2][2]	int	411
i18n.words_matrix	paraNdataMatrix[223][2][3]	int	42
i18n.words_matrix	paraNdataMatrix[223][2][4]	int	493
i18n.words_matrix	paraNdataMatrix[223][2][5]	int	494
i18n.words_matrix	paraNdataMatrix[224]	tuple	3
i18n.words_matrix	paraNdataMatrix[224][0]	ref	i18n.words_context:ParametersMain.grundstrukturen
i18n.words_matrix	paraNdataMatrix[224][1]	tuple	5
i18n.words_matrix	paraNdataMatrix[224][1][0]	str	realities_truth_perception_(10)
i18n.words_matrix	paraNdataMatrix[224][1][1]	str	truthRealities
i18n.words_matrix	paraNdataMatrix[224][1][2]	str	truthRealities
i18n.words_matrix	paraNdataMatrix[224][1][3]	str	truth
i18n.words_matrix	paraNdataMatrix[224][1][4]	str	perception
i18n.words_matrix	paraNdataMatrix[224][2]	set	6
i18n.words_matrix	paraNdataMatrix[224][2][0]	int	233
i18n.words_matrix	paraNdataMatrix[224][2][1]	int	265
i18n.words_matrix	paraNdataMatrix[224][2][2]	int	268
i18n.words_matrix	paraNdataMatrix[224][2][3]	int	322
i18n.words_matrix	paraNdataMatrix[224][2][4]	int	342
i18n.words_matrix	paraNdataMatrix[224][2][5]	int	480
i18n.words_matrix	paraNdataMatrix[225]	tuple	3
i18n.words_matrix	paraNdataMatrix[225][0]	ref	i18n.words_context:ParametersMain.grundstrukturen
i18n.words_matrix	paraNdataMatrix[225][1]	tuple	2
i18n.words_matrix	paraNdataMatrix[225][1][0]	str	calculate
i18n.words_matrix	paraNdataMatrix[225][1][1]	str	calculate
i18n.words_matrix	paraNdataMatrix[225][2]	set	1
i18n.words_matrix	paraNdataMatrix[225][2][0]	int	404
i18n.words_matrix	paraNdataMatrix[226]	tuple	3
i18n.words_matrix	paraNdataMatrix[226][0]	ref	i18n.words_context:ParametersMain.grundstrukturen
i18n.words_matrix	paraNdataMatrix[226][1]	tuple	5
i18n.words_matrix	paraNdataMatrix[226][1][0]	str	moods_combinations_(14)
i18n.words_matrix	paraNdataMatrix[226][1][1]	str	mood
i18n.words_matrix	paraNdataMatrix[226][1][2]	str	moods
i18n.words_matrix	paraNdataMatrix[226][1][3]	str	combination
i18n.words_matrix	paraNdataMatrix[226][1][4]	str	combinations
i18n.words_matrix	paraNdataMatrix[226][2]	set	13
i18n.words_matrix	paraNdataMatrix[226][2][0]	int	290
i18n.words_matrix	paraNdataMatrix[226][2][1]	int	296
i18n.words_matrix	paraNdataMatrix[226][2][2]	int	325
i18n.words_matrix	paraNdataMatrix[226][2][3]	int	326
i18n.words_matrix	paraNdataMatrix[226][2][4]	int	327
i18n.words_matrix	paraNdataMatrix[226][2][5]	int	33
i18n.words_matrix	paraNdataMatrix[226][2][6]	int	402
i18n.words_matrix	paraNdataMatrix[226][2][7]	int	403
i18n.words_matrix	paraNdataMatrix[226][2][8]	int	406
i18n.words_matrix	paraNdataMatrix[226][2][9]	int	407
i18n.words_matrix	paraNdataMatrix[226][2][10]	int	408
i18n.words_matrix	paraNdataMatrix[226][2][11]	int	430
i18n.words_matrix	paraNdataMatrix[226][2][12]	int	492
i18n.words_matrix	paraNdataMatrix[227]	tuple	3
i18n.words_matrix	paraNdataMatrix[227][0]	ref	i18n.words_context:ParametersMain.multiversum
i18n.words_matrix	paraNdataMatrix[227][1]	tuple	1
i18n.words_matrix	paraNdataMatrix[227][1][0]	str	structure_sciences_(10)
i18n.words_matrix	paraNdataMatrix[227][2]	set	1
i18n.words_matrix	paraNdataMatrix[227][2][0]	int	438
i18n.words_matrix	paraNdataMatrix[228]	tuple	3
i18n.words_matrix	paraNdataMatrix[228][0]	ref	i18n.words_context:ParametersMain.multiversum
i18n.words_matrix	paraNdataMatrix[228][1]	tuple	1
i18n.words_matrix	paraNdataMatrix[228][1][0]	str	pattern_sciences_(20)
i18n.words_matrix	paraNdataMatrix[228][2]	set	2
i18n.words_matrix	paraNdataMatrix[228][2][0]	int	439
i18n.words_matrix	paraNdataMatrix[228][2][1]	int	484
i18n.words_matrix	paraNdataMatrix[229]	tuple	3
i18n.words_matrix	paraNdataMatrix[229][0]	ref	i18n.words_context:ParametersMain.grundstrukturen
i18n.words_matrix	paraNdataMatrix[229][1]	tuple	1
i18n.words_matrix	paraNdataMatrix[229][1][0]	str	leadership_types_(7)
i18n.words_matrix	paraNdataMatrix[229][2]	set	10
i18n.words_matrix	paraNdataMatrix[229][2][0]	int	429
i18n.words_matrix	paraNdataMatrix[229][2][1]	int	455
i18n.words_matrix	paraNdataMatrix[229][2][2]	int	481
i18n.words_matrix	paraNdataMatrix[229][2][3]	int	482
i18n.words_matrix	paraNdataMatrix[229][2][4]	int	490
i18n.words_matrix	paraNdataMatrix[229][2][5]	int	497
i18n.words_matrix	paraNdataMatrix[229][2][6]	int	498
i18n.words_matrix	paraNdataMatrix[229][2][7]	int	499
i18n.words_matrix	paraNdataMatrix[229][2][8]	int	502
i18n.words_matrix	paraNdataMatrix[229][2][9]	int	509
i18n.words_matrix	paraNdataMatrix[230]	tuple	3
i18n.words_matrix	paraNdataMatrix[230][0]	ref	i18n.words_context:ParametersMain.grundstrukturen
i18n.words_matrix	paraNdataMatrix[230][1]	tuple	3
i18n.words_matrix	paraNdataMatrix[230][1][0]	str	classes_(20)
i18n.words_matrix	paraNdataMatrix[230][1][1]	str	class
i18n.words_matrix	paraNdataMatrix[230][1][2]	str	classes
i18n.words_matrix	paraNdataMatrix[230][2]	set	7
i18n.words_matrix	paraNdataMatrix[230][2][0]	int	241
i18n.words_matrix	paraNdataMatrix[230][2][1]	int	289
i18n.words_matrix	paraNdataMatrix[230][2][2]	int	394
i18n.words_matrix	paraNdataMatrix[230][2][3]	int	395
i18n.words_matrix	paraNdataMatrix[230][2][4]	int	485
i18n.words_matrix	paraNdataMatrix[230][2][5]	int	516
i18n.words_matrix	paraNdataMatrix[230][2][6]	int	697
i18n.words_matrix	paraNdataMatrix[231]	tuple	3
i18n.words_matrix	paraNdataMatrix[231][0]	ref	i18n.words_context:ParametersMain.grundstrukturen
i18n.words_matrix	paraNdataMatrix[231][1]	tuple	4
i18n.words_matrix	paraNdataMatrix[231][1][0]	str	order_and_Filtering_12_and_1pro12
i18n.words_matrix	paraNdataMatrix[231][1][1]	str	order
i18n.words_matrix	paraNdataMatrix[231][1][2]	str	orderandfilter
i18n.words_matrix	paraNdataMatrix[231][1][3]	str	filter
i18n.words_matrix	paraNdataMatrix[231][2]	set	4
i18n.words_matrix	paraNdataMatrix[231][2][0]	int	132
i18n.words_matrix	paraNdataMatrix[231][2][1]	int	328
i18n.words_matrix	paraNdataMatrix[231][2][2]	int	331
i18n.words_matrix	paraNdataMatrix[231][2][3]	int	335
i18n.words_matrix	paraNdataMatrix[232]	tuple	3
i18n.words_matrix	paraNdataMatrix[232][0]	ref	i18n.words_context:ParametersMain.grundstrukturen
i18n.words_matrix	paraNdataMatrix[232][1]	tuple	7
i18n.words_matrix	paraNdataMatrix[232][1][0]	str	meta-systems_(12)
i18n.words_matrix	paraNdataMatrix[232][1][1]	str	metasystems
i18n.words_matrix	paraNdataMatrix[232][1][2]	str	metasystem
i18n.words_matrix	paraNdataMatrix[232][1][3]	str	metasystems
i18n.words_matrix	paraNdataMatrix[232][1][4]	str	metasystem
i18n.words_matrix	paraNdataMatrix[232][1][5]	str	set
i18n.words_matrix	paraNdataMatrix[232][1][6]	str	sets
i18n.words_matrix	paraNdataMatrix[232][2]	set	11
i18n.words_matrix	paraNdataMatrix[232][2][0]	int	232
i18n.words_matrix	paraNdataMatrix[232][2][1]	int	288
i18n.words_matrix	paraNdataMatrix[232][2][2]	int	334
i18n.words_matrix	paraNdataMatrix[232][2][3]	int	410
i18n.words_matrix	paraNdataMatrix[232][2][4]	int	411
i18n.words_matrix	paraNdataMatrix[232][2][5]	int	483
i18n.words_matrix	paraNdataMatrix[232][2][6]	int	497
i18n.words_matrix	paraNdataMatrix[232][2][7]	int	498
i18n.words_matrix	paraNdataMatrix[232][2][8]	int	499
i18n.words_matrix	paraNdataMatrix[232][2][9]	int	79
i18n.words_matrix	paraNdataMatrix[232][2][10]	int	80
i18n.words_matrix	paraNdataMatrix[233]	tuple	3
i18n.words_matrix	paraNdataMatrix[233][0]	ref	i18n.words_context:ParametersMain.grundstrukturen
i18n.words_matrix	paraNdataMatrix[233][1]	tuple	3
i18n.words_matrix	paraNdataMatrix[233][1][0]	str	intention_1/8
i18n.words_matrix	paraNdataMatrix[233][1][1]	str	intention1pro8
i18n.words_matrix	paraNdataMatrix[233][1][2]	str	intention1/8
i18n.words_matrix	paraNdataMatrix[233][2]	set	2
i18n.words_matrix	paraNdataMatrix[233][2][0]	int	272
i18n.words_matrix	paraNdataMatrix[233][2][1]	int	379
i18n.words_matrix	paraNdataMatrix[234]	tuple	3
i18n.words_matrix	paraNdataMatrix[234][0]	ref	i18n.words_context:ParametersMain.grundstrukturen
i18n.words_matrix	paraNdataMatrix[234][1]	tuple	4
i18n.words_matrix	paraNdataMatrix[234][1][0]	str	goals_(19)
i18n.words_matrix	paraNdataMatrix[234][1][1]	str	goals
i18n.words_matrix	paraNdataMatrix[234][1][2]	str	maxima
i18n.words_matrix	paraNdataMatrix[234][1][3]	str	altitudes
i18n.words_matrix	paraNdataMatrix[234][2]	set	1
i18n.words_matrix	paraNdataMatrix[234][2][0]	int	271
i18n.words_matrix	paraNdataMatrix[235]	tuple	3
i18n.words_matrix	paraNdataMatrix[235][0]	ref	i18n.words_context:ParametersMain.grundstrukturen
i18n.words_matrix	paraNdataMatrix[235][1]	tuple	4
i18n.words_matrix	paraNdataMatrix[235][1][0]	str	concretes_and_Focus_(2)
i18n.words_matrix	paraNdataMatrix[235][1][1]	str	concreta
i18n.words_matrix	paraNdataMatrix[235][1][2]	str	fcous
i18n.words_matrix	paraNdataMatrix[235][1][3]	str	focus
i18n.words_matrix	paraNdataMatrix[235][2]	set	3
i18n.words_matrix	paraNdataMatrix[235][2][0]	int	250
i18n.words_matrix	paraNdataMatrix[235][2][1]	int	253
i18n.words_matrix	paraNdataMatrix[235][2][2]	int	269
i18n.words_matrix	paraNdataMatrix[236]	tuple	3
i18n.words_matrix	paraNdataMatrix[236][0]	ref	i18n.words_context:ParametersMain.grundstrukturen
i18n.words_matrix	paraNdataMatrix[236][1]	tuple	5
i18n.words_matrix	paraNdataMatrix[236][1][0]	str	feelings_(7)
i18n.words_matrix	paraNdataMatrix[236][1][1]	str	emotions
i18n.words_matrix	paraNdataMatrix[236][1][2]	str	emotions
i18n.words_matrix	paraNdataMatrix[236][1][3]	str	emotions
i18n.words_matrix	paraNdataMatrix[236][1][4]	str	feelings
i18n.words_matrix	paraNdataMatrix[236][2]	set	7
i18n.words_matrix	paraNdataMatrix[236][2][0]	int	243
i18n.words_matrix	paraNdataMatrix[236][2][1]	int	283
i18n.words_matrix	paraNdataMatrix[236][2][2]	int	284
i18n.words_matrix	paraNdataMatrix[236][2][3]	int	285
i18n.words_matrix	paraNdataMatrix[236][2][4]	int	286
i18n.words_matrix	paraNdataMatrix[236][2][5]	int	29
i18n.words_matrix	paraNdataMatrix[236][2][6]	int	305
i18n.words_matrix	paraNdataMatrix[237]	tuple	3
i18n.words_matrix	paraNdataMatrix[237][0]	ref	i18n.words_context:ParametersMain.grundstrukturen
i18n.words_matrix	paraNdataMatrix[237][1]	tuple	3
i18n.words_matrix	paraNdataMatrix[237][1][0]	str	dependent_connectedness_(90)
i18n.words_matrix	paraNdataMatrix[237][1][1]	str	dependence
i18n.words_matrix	paraNdataMatrix[237][1][2]	str	dependence
i18n.words_matrix	paraNdataMatrix[237][2]	set	1
i18n.words_matrix	paraNdataMatrix[237][2][0]	int	357
i18n.words_matrix	paraNdataMatrix[238]	tuple	3
i18n.words_matrix	paraNdataMatrix[238][0]	ref	i18n.words_context:ParametersMain.grundstrukturen
i18n.words_matrix	paraNdataMatrix[238][1]	tuple	4
i18n.words_matrix	paraNdataMatrix[238][1][0]	str	map_filter_and_distinction_(1/12)
i18n.words_matrix	paraNdataMatrix[238][1][1]	str	map
i18n.words_matrix	paraNdataMatrix[238][1][2]	str	filter
i18n.words_matrix	paraNdataMatrix[238][1][3]	str	distinction
i18n.words_matrix	paraNdataMatrix[238][2]	set	1
i18n.words_matrix	paraNdataMatrix[238][2][0]	int	377
i18n.words_matrix	paraNdataMatrix[239]	tuple	3
i18n.words_matrix	paraNdataMatrix[239][0]	ref	i18n.words_context:ParametersMain.grundstrukturen
i18n.words_matrix	paraNdataMatrix[239][1]	tuple	2
i18n.words_matrix	paraNdataMatrix[239][1][0]	str	foundation_(1/19)
i18n.words_matrix	paraNdataMatrix[239][1][1]	str	foundation
i18n.words_matrix	paraNdataMatrix[239][2]	set	1
i18n.words_matrix	paraNdataMatrix[239][2][0]	int	356
i18n.words_matrix	paraNdataMatrix[240]	tuple	3
i18n.words_matrix	paraNdataMatrix[240][0]	ref	i18n.words_context:ParametersMain.grundstrukturen
i18n.words_matrix	paraNdataMatrix[240][1]	tuple	3
i18n.words_matrix	paraNdataMatrix[240][1][0]	str	thoughts_are_positions_(17)
i18n.words_matrix	paraNdataMatrix[240][1][1]	str	positions
i18n.words_matrix	paraNdataMatrix[240][1][2]	str	thoughts
i18n.words_matrix	paraNdataMatrix[240][2]	set	3
i18n.words_matrix	paraNdataMatrix[240][2][0]	int	249
i18n.words_matrix	paraNdataMatrix[240][2][1]	int	317
i18n.words_matrix	paraNdataMatrix[240][2][2]	int	323
i18n.words_matrix	paraNdataMatrix[241]	tuple	3
i18n.words_matrix	paraNdataMatrix[241][0]	ref	i18n.words_context:ParametersMain.grundstrukturen
i18n.words_matrix	paraNdataMatrix[241][1]	tuple	4
i18n.words_matrix	paraNdataMatrix[241][1][0]	str	functions_Conceptions_(16)
i18n.words_matrix	paraNdataMatrix[241][1][1]	str	imaginations
i18n.words_matrix	paraNdataMatrix[241][1][2]	str	imagination
i18n.words_matrix	paraNdataMatrix[241][1][3]	str	functions
i18n.words_matrix	paraNdataMatrix[241][2]	set	4
i18n.words_matrix	paraNdataMatrix[241][2][0]	int	264
i18n.words_matrix	paraNdataMatrix[241][2][1]	int	345
i18n.words_matrix	paraNdataMatrix[241][2][2]	int	388
i18n.words_matrix	paraNdataMatrix[241][2][3]	int	418
i18n.words_matrix	paraNdataMatrix[242]	tuple	3
i18n.words_matrix	paraNdataMatrix[242][0]	ref	i18n.words_context:ParametersMain.grundstrukturen
i18n.words_matrix	paraNdataMatrix[242][1]	tuple	4
i18n.words_matrix	paraNdataMatrix[242][1][0]	str	shall_question_procedure_(1/13)
i18n.words_matrix	paraNdataMatrix[242][1][1]	str	shall
i18n.words_matrix	paraNdataMatrix[242][1][2]	str	question
i18n.words_matrix	paraNdataMatrix[242][1][3]	str	procedure
i18n.words_matrix	paraNdataMatrix[242][2]	set	2
i18n.words_matrix	paraNdataMatrix[242][2][0]	int	353
i18n.words_matrix	paraNdataMatrix[242][2][1]	int	354
i18n.words_matrix	paraNdataMatrix[243]	tuple	3
i18n.words_matrix	paraNdataMatrix[243][0]	ref	i18n.words_context:ParametersMain.grundstrukturen
i18n.words_matrix	paraNdataMatrix[243][1]	tuple	2
i18n.words_matrix	paraNdataMatrix[243][1][0]	str	views_Stances_(18_17)
i18n.words_matrix	paraNdataMatrix[243][1][1]	str	views
i18n.words_matrix	paraNdataMatrix[243][2]	set	2
i18n.words_matrix	paraNdataMatrix[243][2][0]	int	240
i18n.words_matrix	paraNdataMatrix[243][2][1]	int	346
i18n.words_matrix	paraNdataMatrix[244]	tuple	3
i18n.words_matrix	paraNdataMatrix[244][0]	ref	i18n.words_context:ParametersMain.menschliches
i18n.words_matrix	paraNdataMatrix[244][1]	tuple	4
i18n.words_matrix	paraNdataMatrix[244][1][0]	str	Psychopath_Soziopath
i18n.words_matrix	paraNdataMatrix[244][1][1]	str	sadist
i18n.words_matrix	paraNdataMatrix[244][1][2]	str	psychopath
i18n.words_matrix	paraNdataMatrix[244][1][3]	str	soziopath
i18n.words_matrix	paraNdataMatrix[244][2]	set	2
i18n.words_matrix	paraNdataMatrix[244][2][0]	int	581
i18n.words_matrix	paraNdataMatrix[244][2][1]	int	602
i18n.words_matrix	paraNdataMatrix[245]	tuple	3
i18n.words_matrix	paraNdataMatrix[245][0]	ref	i18n.words_context:ParametersMain.menschliches
i18n.words_matrix	paraNdataMatrix[245][1]	tuple	2
i18n.words_matrix	paraNdataMatrix[245][1][0]	str	connections_(18)
i18n.words_matrix	paraNdataMatrix[245][1][1]	str	affiliations
i18n.words_matrix	paraNdataMatrix[245][2]	set	5
i18n.words_matrix	paraNdataMatrix[245][2][0]	int	252
i18n.words_matrix	paraNdataMatrix[245][2][1]	int	299
i18n.words_matrix	paraNdataMatrix[245][2][2]	int	300
i18n.words_matrix	paraNdataMatrix[245][2][3]	int	336
i18n.words_matrix	paraNdataMatrix[245][2][4]	int	580
i18n.words_matrix	paraNdataMatrix[246]	tuple	3
i18n.words_matrix	paraNdataMatrix[246][0]	ref	i18n.words_context:ParametersMain.grundstrukturen
i18n.words_matrix	paraNdataMatrix[246][1]	tuple	2
i18n.words_matrix	paraNdataMatrix[246][1][0]	str	connections_(18)
i18n.words_matrix	paraNdataMatrix[246][1][1]	str	affiliations
i18n.words_matrix	paraNdataMatrix[246][2]	set	5
i18n.words_matrix	paraNdataMatrix[246][2][0]	int	252
i18n.words_matrix	paraNdataMatrix[246][2][1]	int	299
i18n.words_matrix	paraNdataMatrix[246][2][2]	int	300
i18n.words_matrix	paraNdataMatrix[246][2][3]	int	336
i18n.words_matrix	paraNdataMatrix[246][2][4]	int	580
i18n.words_matrix	paraNdataMatrix[247]	tuple	3
i18n.words_matrix	paraNdataMatrix[247][0]	ref	i18n.words_context:ParametersMain.grundstrukturen
i18n.words_matrix	paraNdataMatrix[247][1]	tuple	3
i18n.words_matrix	paraNdataMatrix[247][1][0]	str	intention_13_is_helping
i18n.words_matrix	paraNdataMatrix[247][1][1]	str	intention13
i18n.words_matrix	paraNdataMatrix[247][1][2]	str	help
i18n.words_matrix	paraNdataMatrix[247][2]	set	1
i18n.words_matrix	paraNdataMatrix[247][2][0]	int	370
i18n.words_matrix	paraNdataMatrix[248]	tuple	4
i18n.words_matrix	paraNdataMatrix[248][0]	ref	i18n.words_context:ParametersMain.grundstrukturen
i18n.words_matrix	paraNdataMatrix[248][1]	tuple	2
i18n.words_matrix	paraNdataMatrix[248][1][0]	str	love_(7)
i18n.words_matrix	paraNdataMatrix[248][1][1]	str	love
i18n.words_matrix	paraNdataMatrix[248][2]	set	7
i18n.words_matrix	paraNdataMatrix[248][2][0]	int	208
i18n.words_matrix	paraNdataMatrix[248][2][1]	int	221
i18n.words_matrix	paraNdataMatrix[248][2][2]	int	28
i18n.words_matrix	paraNdataMatrix[248][2][3]	int	330
i18n.words_matrix	paraNdataMatrix[248][2][4]	int	580
i18n.words_matrix	paraNdataMatrix[248][2][5]	int	8
i18n.words_matrix	paraNdataMatrix[248][2][6]	int	9
i18n.words_matrix	paraNdataMatrix[248][3]	set	1
i18n.words_matrix	paraNdataMatrix[248][3][0]	ref	i18n.words_matrix:paraNdataMatrix[180][3][0]
i18n.words_matrix	paraNdataMatrix[249]	tuple	3
i18n.words_matrix	paraNdataMatrix[249][0]	ref	i18n.words_context:ParametersMain.grundstrukturen
i18n.words_matrix	paraNdataMatrix[249][1]	tuple	2
i18n.words_matrix	paraNdataMatrix[249][1][0]	str	coalitions_(10)
i18n.words_matrix	paraNdataMatrix[249][1][1]	str	coalitions
i18n.words_matrix	paraNdataMatrix[249][2]	set	1
i18n.words_matrix	paraNdataMatrix[249][2][0]	int	321
i18n.words_matrix	paraNdataMatrix[250]	tuple	3
i18n.words_matrix	paraNdataMatrix[250][0]	ref	i18n.words_context:ParametersMain.grundstrukturen
i18n.words_matrix	paraNdataMatrix[250][1]	tuple	1
i18n.words_matrix	paraNdataMatrix[250][1][0]	str	against_5
i18n.words_matrix	paraNdataMatrix[250][2]	set	1
i18n.words_matrix	paraNdataMatrix[250][2][0]	int	24
i18n.words_matrix	paraNdataMatrix[251]	tuple	3
i18n.words_matrix	paraNdataMatrix[251][0]	ref	i18n.words_context:ParametersMain.grundstrukturen
i18n.words_matrix	paraNdataMatrix[251][1]	tuple	2
i18n.words_matrix	paraNdataMatrix[251][1][0]	str	impulses_(5)
i18n.words_matrix	paraNdataMatrix[251][1][1]	str	impulses
i18n.words_matrix	paraNdataMatrix[251][2]	set	4
i18n.words_matrix	paraNdataMatrix[251][2][0]	int	251
i18n.words_matrix	paraNdataMatrix[251][2][1]	int	253
i18n.words_matrix	paraNdataMatrix[251][2][2]	int	257
i18n.words_matrix	paraNdataMatrix[251][2][3]	int	341
i18n.words_matrix	paraNdataMatrix[252]	tuple	3
i18n.words_matrix	paraNdataMatrix[252][0]	ref	i18n.words_context:ParametersMain.grundstrukturen
i18n.words_matrix	paraNdataMatrix[252][1]	tuple	6
i18n.words_matrix	paraNdataMatrix[252][1][0]	str	drives_and_needs_(6)
i18n.words_matrix	paraNdataMatrix[252][1][1]	str	drive
i18n.words_matrix	paraNdataMatrix[252][1][2]	str	drive
i18n.words_matrix	paraNdataMatrix[252][1][3]	str	need
i18n.words_matrix	paraNdataMatrix[252][1][4]	str	needs
i18n.words_matrix	paraNdataMatrix[252][1][5]	str	values
i18n.words_matrix	paraNdataMatrix[252][2]	set	5
i18n.words_matrix	paraNdataMatrix[252][2][0]	int	254
i18n.words_matrix	paraNdataMatrix[252][2][1]	int	392
i18n.words_matrix	paraNdataMatrix[252][2][2]	int	396
i18n.words_matrix	paraNdataMatrix[252][2][3]	int	397
i18n.words_matrix	paraNdataMatrix[252][2][4]	int	423
i18n.words_matrix	paraNdataMatrix[253]	tuple	3
i18n.words_matrix	paraNdataMatrix[253][0]	ref	i18n.words_context:ParametersMain.grundstrukturen
i18n.words_matrix	paraNdataMatrix[253][1]	tuple	3
i18n.words_matrix	paraNdataMatrix[253][1][0]	str	actions
i18n.words_matrix	paraNdataMatrix[253][1][1]	str	actions
i18n.words_matrix	paraNdataMatrix[253][1][2]	str	actions
i18n.words_matrix	paraNdataMatrix[253][2]	set	1
i18n.words_matrix	paraNdataMatrix[253][2][0]	int	424
i18n.words_matrix	paraNdataMatrix[254]	tuple	3
i18n.words_matrix	paraNdataMatrix[254][0]	ref	i18n.words_context:ParametersMain.grundstrukturen
i18n.words_matrix	paraNdataMatrix[254][1]	tuple	3
i18n.words_matrix	paraNdataMatrix[254][1][0]	str	reflection_and_Categories_(1/15)
i18n.words_matrix	paraNdataMatrix[254][1][1]	str	reflection
i18n.words_matrix	paraNdataMatrix[254][1][2]	str	categories
i18n.words_matrix	paraNdataMatrix[254][2]	set	3
i18n.words_matrix	paraNdataMatrix[254][2][0]	int	204
i18n.words_matrix	paraNdataMatrix[254][2][1]	int	205
i18n.words_matrix	paraNdataMatrix[254][2][2]	int	281
i18n.words_matrix	paraNdataMatrix[255]	tuple	3
i18n.words_matrix	paraNdataMatrix[255][0]	ref	i18n.words_context:ParametersMain.grundstrukturen
i18n.words_matrix	paraNdataMatrix[255][1]	tuple	6
i18n.words_matrix	paraNdataMatrix[255][1][0]	str	mode_and_being_(8)
i18n.words_matrix	paraNdataMatrix[255][1][1]	str	states
i18n.words_matrix	paraNdataMatrix[255][1][2]	str	states
i18n.words_matrix	paraNdataMatrix[255][1][3]	str	mode
i18n.words_matrix	paraNdataMatrix[255][1][4]	str	modes
i18n.words_matrix	paraNdataMatrix[255][1][5]	str	be
i18n.words_matrix	paraNdataMatrix[255][2]	set	5
i18n.words_matrix	paraNdataMatrix[255][2][0]	int	234
i18n.words_matrix	paraNdataMatrix[255][2][1]	int	337
i18n.words_matrix	paraNdataMatrix[255][2][2]	int	385
i18n.words_matrix	paraNdataMatrix[255][2][3]	int	387
i18n.words_matrix	paraNdataMatrix[255][2][4]	int	491
i18n.words_matrix	paraNdataMatrix[256]	tuple	3
i18n.words_matrix	paraNdataMatrix[256][0]	ref	i18n.words_context:ParametersMain.menschliches
i18n.words_matrix	paraNdataMatrix[256][1]	tuple	6
i18n.words_matrix	paraNdataMatrix[256][1][0]	str	motifs
i18n.words_matrix	paraNdataMatrix[256][1][1]	str	motifs
i18n.words_matrix	paraNdataMatrix[256][1][2]	str	motivation
i18n.words_matrix	paraNdataMatrix[256][1][3]	str	motive
i18n.words_matrix	paraNdataMatrix[256][1][4]	str	intent
i18n.words_matrix	paraNdataMatrix[256][1][5]	str	intentions
i18n.words_matrix	paraNdataMatrix[256][2]	set	10
i18n.words_matrix	paraNdataMatrix[256][2][0]	int	10
i18n.words_matrix	paraNdataMatrix[256][2][1]	int	149
i18n.words_matrix	paraNdataMatrix[256][2][2]	int	167
i18n.words_matrix	paraNdataMatrix[256][2][3]	int	168
i18n.words_matrix	paraNdataMatrix[256][2][4]	int	18
i18n.words_matrix	paraNdataMatrix[256][2][5]	int	229
i18n.words_matrix	paraNdataMatrix[256][2][6]	int	230
i18n.words_matrix	paraNdataMatrix[256][2][7]	int	42
i18n.words_matrix	paraNdataMatrix[256][2][8]	int	561
i18n.words_matrix	paraNdataMatrix[256][2][9]	int	607
i18n.words_matrix	paraNdataMatrix[257]	tuple	3
i18n.words_matrix	paraNdataMatrix[257][0]	ref	i18n.words_context:ParametersMain.menschliches
i18n.words_matrix	paraNdataMatrix[257][1]	tuple	3
i18n.words_matrix	paraNdataMatrix[257][1][0]	str	thoughts_are_positions_(17)
i18n.words_matrix	paraNdataMatrix[257][1][1]	str	positions
i18n.words_matrix	paraNdataMatrix[257][1][2]	str	thoughts
i18n.words_matrix	paraNdataMatrix[257][2]	set	2
i18n.words_matrix	paraNdataMatrix[257][2][0]	int	249
i18n.words_matrix	paraNdataMatrix[257][2][1]	int	276
i18n.words_matrix	paraNdataMatrix[258]	tuple	3
i18n.words_matrix	paraNdataMatrix[258][0]	ref	i18n.words_context:ParametersMain.menschliches
i18n.words_matrix	paraNdataMatrix[258][1]	tuple	3
i18n.words_matrix	paraNdataMatrix[258][1][0]	str	consciousness_and_perception
i18n.words_matrix	paraNdataMatrix[258][1][1]	str	consciousness
i18n.words_matrix	paraNdataMatrix[258][1][2]	str	perception
i18n.words_matrix	paraNdataMatrix[258][2]	set	6
i18n.words_matrix	paraNdataMatrix[258][2][0]	int	229
i18n.words_matrix	paraNdataMatrix[258][2][1]	int	231
i18n.words_matrix	paraNdataMatrix[258][2][2]	int	265
i18n.words_matrix	paraNdataMatrix[258][2][3]	int	281
i18n.words_matrix	paraNdataMatrix[258][2][4]	int	304
i18n.words_matrix	paraNdataMatrix[258][2][5]	int	342
i18n.words_matrix	paraNdataMatrix[259]	tuple	3
i18n.words_matrix	paraNdataMatrix[259][0]	ref	i18n.words_context:ParametersMain.menschliches
i18n.words_matrix	paraNdataMatrix[259][1]	tuple	4
i18n.words_matrix	paraNdataMatrix[259][1][0]	str	achievements
i18n.words_matrix	paraNdataMatrix[259][1][1]	str	achievements
i18n.words_matrix	paraNdataMatrix[259][1][2]	str	goals
i18n.words_matrix	paraNdataMatrix[259][1][3]	str	obtained
i18n.words_matrix	paraNdataMatrix[259][2]	set	3
i18n.words_matrix	paraNdataMatrix[259][2][0]	int	11
i18n.words_matrix	paraNdataMatrix[259][2][1]	int	251
i18n.words_matrix	paraNdataMatrix[259][2][2]	int	257
i18n.words_matrix	paraNdataMatrix[260]	tuple	3
i18n.words_matrix	paraNdataMatrix[260][0]	ref	i18n.words_context:ParametersMain.menschliches
i18n.words_matrix	paraNdataMatrix[260][1]	tuple	11
i18n.words_matrix	paraNdataMatrix[260][1][0]	str	evolutionary_acquisition_and_intelligence_creativity
i18n.words_matrix	paraNdataMatrix[260][1][1]	str	evolutionary_acquire_and_intelligence
i18n.words_matrix	paraNdataMatrix[260][1][2]	str	intelligence
i18n.words_matrix	paraNdataMatrix[260][1][3]	str	acquire
i18n.words_matrix	paraNdataMatrix[260][1][4]	str	learn
i18n.words_matrix	paraNdataMatrix[260][1][5]	str	learn
i18n.words_matrix	paraNdataMatrix[260][1][6]	str	evolutionary
i18n.words_matrix	paraNdataMatrix[260][1][7]	str	evolutionary
i18n.words_matrix	paraNdataMatrix[260][1][8]	str	creativity
i18n.words_matrix	paraNdataMatrix[260][1][9]	str	creativity
i18n.words_matrix	paraNdataMatrix[260][1][10]	str	creative
i18n.words_matrix	paraNdataMatrix[260][2]	set	5
i18n.words_matrix	paraNdataMatrix[260][2][0]	int	12
i18n.words_matrix	paraNdataMatrix[260][2][1]	int	13
i18n.words_matrix	paraNdataMatrix[260][2][2]	int	27
i18n.words_matrix	paraNdataMatrix[260][2][3]	int	32
i18n.words_matrix	paraNdataMatrix[260][2][4]	int	47
i18n.words_matrix	paraNdataMatrix[261]	tuple	3
i18n.words_matrix	paraNdataMatrix[261][0]	ref	i18n.words_context:ParametersMain.menschliches
i18n.words_matrix	paraNdataMatrix[261][1]	tuple	4
i18n.words_matrix	paraNdataMatrix[261][1][0]	str	need
i18n.words_matrix	paraNdataMatrix[261][1][1]	str	need
i18n.words_matrix	paraNdataMatrix[261][1][2]	str	need
i18n.words_matrix	paraNdataMatrix[261][1][3]	str	necessary
i18n.words_matrix	paraNdataMatrix[261][2]	set	2
i18n.words_matrix	paraNdataMatrix[261][2][0]	int	13
i18n.words_matrix	paraNdataMatrix[261][2][1]	int	14
i18n.words_matrix	paraNdataMatrix[262]	tuple	3
i18n.words_matrix	paraNdataMatrix[262][0]	ref	i18n.words_context:ParametersMain.menschliches
i18n.words_matrix	paraNdataMatrix[262][1]	tuple	6
i18n.words_matrix	paraNdataMatrix[262][1][0]	str	illness
i18n.words_matrix	paraNdataMatrix[262][1][1]	str	disease
i18n.words_matrix	paraNdataMatrix[262][1][2]	str	diseases
i18n.words_matrix	paraNdataMatrix[262][1][3]	str	pathological
i18n.words_matrix	paraNdataMatrix[262][1][4]	str	psychiatric
i18n.words_matrix	paraNdataMatrix[262][1][5]	str	psychiatric
i18n.words_matrix	paraNdataMatrix[262][2]	set	1
i18n.words_matrix	paraNdataMatrix[262][2][0]	int	24
i18n.words_matrix	paraNdataMatrix[263]	tuple	3
i18n.words_matrix	paraNdataMatrix[263][0]	ref	i18n.words_context:ParametersMain.menschliches
i18n.words_matrix	paraNdataMatrix[263][1]	tuple	6
i18n.words_matrix	paraNdataMatrix[263][1][0]	str	alpha_beta
i18n.words_matrix	paraNdataMatrix[263][1][1]	str	alphabeta
i18n.words_matrix	paraNdataMatrix[263][1][2]	str	alpha
i18n.words_matrix	paraNdataMatrix[263][1][3]	str	beta
i18n.words_matrix	paraNdataMatrix[263][1][4]	str	omega
i18n.words_matrix	paraNdataMatrix[263][1][5]	str	sigma
i18n.words_matrix	paraNdataMatrix[263][2]	set	1
i18n.words_matrix	paraNdataMatrix[263][2][0]	int	46
i18n.words_matrix	paraNdataMatrix[264]	tuple	3
i18n.words_matrix	paraNdataMatrix[264][0]	ref	i18n.words_context:ParametersMain.menschliches
i18n.words_matrix	paraNdataMatrix[264][1]	tuple	2
i18n.words_matrix	paraNdataMatrix[264][1][0]	str	Anführer_und_Chef
i18n.words_matrix	paraNdataMatrix[264][1][1]	str	anfuehrer_und_boss
i18n.words_matrix	paraNdataMatrix[264][2]	set	8
i18n.words_matrix	paraNdataMatrix[264][2][0]	int	170
i18n.words_matrix	paraNdataMatrix[264][2][1]	int	29
i18n.words_matrix	paraNdataMatrix[264][2][2]	int	429
i18n.words_matrix	paraNdataMatrix[264][2][3]	int	455
i18n.words_matrix	paraNdataMatrix[264][2][4]	int	490
i18n.words_matrix	paraNdataMatrix[264][2][5]	int	502
i18n.words_matrix	paraNdataMatrix[264][2][6]	int	509
i18n.words_matrix	paraNdataMatrix[264][2][7]	int	708
i18n.words_matrix	paraNdataMatrix[265]	tuple	3
i18n.words_matrix	paraNdataMatrix[265][0]	ref	i18n.words_context:ParametersMain.grundstrukturen
i18n.words_matrix	paraNdataMatrix[265][1]	tuple	1
i18n.words_matrix	paraNdataMatrix[265][1][0]	str	biological_tree_(15)
i18n.words_matrix	paraNdataMatrix[265][2]	set	1
i18n.words_matrix	paraNdataMatrix[265][2][0]	int	500
i18n.words_matrix	paraNdataMatrix[266]	tuple	3
i18n.words_matrix	paraNdataMatrix[266][0]	ref	i18n.words_context:ParametersMain.multiversum
i18n.words_matrix	paraNdataMatrix[266][1]	tuple	1
i18n.words_matrix	paraNdataMatrix[266][1][0]	str	biological_tree_(16_->_15)
i18n.words_matrix	paraNdataMatrix[266][2]	set	1
i18n.words_matrix	paraNdataMatrix[266][2][0]	int	500
i18n.words_matrix	paraNdataMatrix[267]	tuple	3
i18n.words_matrix	paraNdataMatrix[267][0]	ref	i18n.words_context:ParametersMain.universum
i18n.words_matrix	paraNdataMatrix[267][1]	tuple	2
i18n.words_matrix	paraNdataMatrix[267][1][0]	str	Spezies_Typofikation
i18n.words_matrix	paraNdataMatrix[267][1][1]	str	spezies
i18n.words_matrix	paraNdataMatrix[267][2]	set	1
i18n.words_matrix	paraNdataMatrix[267][2][0]	int	582
i18n.words_matrix	paraNdataMatrix[268]	tuple	3
i18n.words_matrix	paraNdataMatrix[268][0]	ref	i18n.words_context:ParametersMain.universum
i18n.words_matrix	paraNdataMatrix[268][1]	tuple	1
i18n.words_matrix	paraNdataMatrix[268][1][0]	str	biological_tree_(15)
i18n.words_matrix	paraNdataMatrix[268][2]	set	1
i18n.words_matrix	paraNdataMatrix[268][2][0]	int	500
i18n.words_matrix	paraNdataMatrix[269]	tuple	3
i18n.words_matrix	paraNdataMatrix[269][0]	ref	i18n.words_context:ParametersMain.menschliches
i18n.words_matrix	paraNdataMatrix[269][1]	tuple	1
i18n.words_matrix	paraNdataMatrix[269][1][0]	str	biological_tree_(15)
i18n.words_matrix	paraNdataMatrix[269][2]	set	1
i18n.words_matrix	paraNdataMatrix[269][2][0]	int	500
i18n.words_matrix	paraNdataMatrix[270]	tuple	3
i18n.words_matrix	paraNdataMatrix[270][0]	ref	i18n.words_context:ParametersMain.menschliches
i18n.words_matrix	paraNdataMatrix[270][1]	tuple	2
i18n.words_matrix	paraNdataMatrix[270][1][0]	str	manipulation
i18n.words_matrix	paraNdataMatrix[270][1][1]	str	manipulation
i18n.words_matrix	paraNdataMatrix[270][2]	set	1
i18n.words_matrix	paraNdataMatrix[270][2][0]	int	153
i18n.words_matrix	paraNdataMatrix[271]	tuple	3
i18n.words_matrix	paraNdataMatrix[271][0]	ref	i18n.words_context:ParametersMain.menschliches
i18n.words_matrix	paraNdataMatrix[271][1]	tuple	3
i18n.words_matrix	paraNdataMatrix[271][1][0]	str	jobs
i18n.words_matrix	paraNdataMatrix[271][1][1]	str	jobs
i18n.words_matrix	paraNdataMatrix[271][1][2]	str	job
i18n.words_matrix	paraNdataMatrix[271][2]	set	1
i18n.words_matrix	paraNdataMatrix[271][2][0]	int	30
i18n.words_matrix	paraNdataMatrix[272]	tuple	3
i18n.words_matrix	paraNdataMatrix[272][0]	ref	i18n.words_context:ParametersMain.menschliches
i18n.words_matrix	paraNdataMatrix[272][1]	tuple	5
i18n.words_matrix	paraNdataMatrix[272][1][0]	str	solutions
i18n.words_matrix	paraNdataMatrix[272][1][1]	str	solutions
i18n.words_matrix	paraNdataMatrix[272][1][2]	str	solutions
i18n.words_matrix	paraNdataMatrix[272][1][3]	str	solution
i18n.words_matrix	paraNdataMatrix[272][1][4]	str	solutions
i18n.words_matrix	paraNdataMatrix[272][2]	set	1
i18n.words_matrix	paraNdataMatrix[272][2][0]	int	31
i18n.words_matrix	paraNdataMatrix[273]	tuple	3
i18n.words_matrix	paraNdataMatrix[273][0]	ref	i18n.words_context:ParametersMain.menschliches
i18n.words_matrix	paraNdataMatrix[273][1]	tuple	2
i18n.words_matrix	paraNdataMatrix[273][1][0]	str	music
i18n.words_matrix	paraNdataMatrix[273][1][1]	str	music
i18n.words_matrix	paraNdataMatrix[273][2]	set	2
i18n.words_matrix	paraNdataMatrix[273][2][0]	int	33
i18n.words_matrix	paraNdataMatrix[273][2][1]	int	523
i18n.words_matrix	paraNdataMatrix[274]	tuple	3
i18n.words_matrix	paraNdataMatrix[274][0]	ref	i18n.words_context:ParametersMain.procontra
i18n.words_matrix	paraNdataMatrix[274][1]	tuple	4
i18n.words_matrix	paraNdataMatrix[274][1][0]	str	makes_sense
i18n.words_matrix	paraNdataMatrix[274][1][1]	str	resultsSense
i18n.words_matrix	paraNdataMatrix[274][1][2]	str	yieldsSense
i18n.words_matrix	paraNdataMatrix[274][1][3]	str	senseAndMeaning
i18n.words_matrix	paraNdataMatrix[274][2]	set	1
i18n.words_matrix	paraNdataMatrix[274][2][0]	int	140
i18n.words_matrix	paraNdataMatrix[275]	tuple	3
i18n.words_matrix	paraNdataMatrix[275][0]	ref	i18n.words_context:ParametersMain.procontra
i18n.words_matrix	paraNdataMatrix[275][1]	tuple	5
i18n.words_matrix	paraNdataMatrix[275][1][0]	str	change
i18n.words_matrix	paraNdataMatrix[275][1][1]	str	change
i18n.words_matrix	paraNdataMatrix[275][1][2]	str	change
i18n.words_matrix	paraNdataMatrix[275][1][3]	str	change
i18n.words_matrix	paraNdataMatrix[275][1][4]	str	change
i18n.words_matrix	paraNdataMatrix[275][2]	set	1
i18n.words_matrix	paraNdataMatrix[275][2][0]	int	142
i18n.words_matrix	paraNdataMatrix[276]	tuple	3
i18n.words_matrix	paraNdataMatrix[276][0]	ref	i18n.words_context:ParametersMain.procontra
i18n.words_matrix	paraNdataMatrix[276][1]	tuple	5
i18n.words_matrix	paraNdataMatrix[276][1][0]	str	tame_control
i18n.words_matrix	paraNdataMatrix[276][1][1]	str	tamecontrol
i18n.words_matrix	paraNdataMatrix[276][1][2]	str	control
i18n.words_matrix	paraNdataMatrix[276][1][3]	str	tame
i18n.words_matrix	paraNdataMatrix[276][1][4]	str	tame
i18n.words_matrix	paraNdataMatrix[276][2]	set	1
i18n.words_matrix	paraNdataMatrix[276][2][0]	int	143
i18n.words_matrix	paraNdataMatrix[277]	tuple	3
i18n.words_matrix	paraNdataMatrix[277][0]	ref	i18n.words_context:ParametersMain.procontra
i18n.words_matrix	paraNdataMatrix[277][1]	tuple	2
i18n.words_matrix	paraNdataMatrix[277][1][0]	str	unite
i18n.words_matrix	paraNdataMatrix[277][1][1]	str	unity
i18n.words_matrix	paraNdataMatrix[277][2]	set	1
i18n.words_matrix	paraNdataMatrix[277][2][0]	int	144
i18n.words_matrix	paraNdataMatrix[278]	tuple	3
i18n.words_matrix	paraNdataMatrix[278][0]	ref	i18n.words_context:ParametersMain.procontra
i18n.words_matrix	paraNdataMatrix[278][1]	tuple	3
i18n.words_matrix	paraNdataMatrix[278][1][0]	str	advantages
i18n.words_matrix	paraNdataMatrix[278][1][1]	str	advantages
i18n.words_matrix	paraNdataMatrix[278][1][2]	str	usechange
i18n.words_matrix	paraNdataMatrix[278][2]	set	1
i18n.words_matrix	paraNdataMatrix[278][2][0]	int	141
i18n.words_matrix	paraNdataMatrix[279]	tuple	3
i18n.words_matrix	paraNdataMatrix[279][0]	ref	i18n.words_context:ParametersMain.procontra
i18n.words_matrix	paraNdataMatrix[279][1]	tuple	3
i18n.words_matrix	paraNdataMatrix[279][1][0]	str	opponent
i18n.words_matrix	paraNdataMatrix[279][1][1]	str	opponent
i18n.words_matrix	paraNdataMatrix[279][1][2]	str	antagonist
i18n.words_matrix	paraNdataMatrix[279][2]	set	1
i18n.words_matrix	paraNdataMatrix[279][2][0]	int	137
i18n.words_matrix	paraNdataMatrix[280]	tuple	3
i18n.words_matrix	paraNdataMatrix[280][0]	ref	i18n.words_context:ParametersMain.procontra
i18n.words_matrix	paraNdataMatrix[280][1]	tuple	1
i18n.words_matrix	paraNdataMatrix[280][1][0]	str	annoying
i18n.words_matrix	paraNdataMatrix[280][2]	set	1
i18n.words_matrix	paraNdataMatrix[280][2][0]	int	120
i18n.words_matrix	paraNdataMatrix[281]	tuple	3
i18n.words_matrix	paraNdataMatrix[281][0]	ref	i18n.words_context:ParametersMain.procontra
i18n.words_matrix	paraNdataMatrix[281][1]	tuple	2
i18n.words_matrix	paraNdataMatrix[281][1][0]	str	pro_benefit
i18n.words_matrix	paraNdataMatrix[281][1][1]	str	probenefit
i18n.words_matrix	paraNdataMatrix[281][2]	set	1
i18n.words_matrix	paraNdataMatrix[281][2][0]	int	117
i18n.words_matrix	paraNdataMatrix[282]	tuple	3
i18n.words_matrix	paraNdataMatrix[282][0]	ref	i18n.words_context:ParametersMain.procontra
i18n.words_matrix	paraNdataMatrix[282][1]	tuple	2
i18n.words_matrix	paraNdataMatrix[282][1][0]	str	counterposition
i18n.words_matrix	paraNdataMatrix[282][1][1]	str	counterposition
i18n.words_matrix	paraNdataMatrix[282][2]	set	1
i18n.words_matrix	paraNdataMatrix[282][2][0]	int	116
i18n.words_matrix	paraNdataMatrix[283]	tuple	3
i18n.words_matrix	paraNdataMatrix[283][0]	ref	i18n.words_context:ParametersMain.procontra
i18n.words_matrix	paraNdataMatrix[283][1]	tuple	2
i18n.words_matrix	paraNdataMatrix[283][1][0]	str	help_receive
i18n.words_matrix	paraNdataMatrix[283][1][1]	str	helpreceive
i18n.words_matrix	paraNdataMatrix[283][2]	set	1
i18n.words_matrix	paraNdataMatrix[283][2][0]	int	114
i18n.words_matrix	paraNdataMatrix[284]	tuple	3
i18n.words_matrix	paraNdataMatrix[284][0]	ref	i18n.words_context:ParametersMain.procontra
i18n.words_matrix	paraNdataMatrix[284][1]	tuple	3
i18n.words_matrix	paraNdataMatrix[284][1][0]	str	help
i18n.words_matrix	paraNdataMatrix[284][1][1]	str	help
i18n.words_matrix	paraNdataMatrix[284][1][2]	str	help
i18n.words_matrix	paraNdataMatrix[284][2]	set	1
i18n.words_matrix	paraNdataMatrix[284][2][0]	int	115
i18n.words_matrix	paraNdataMatrix[285]	tuple	3
i18n.words_matrix	paraNdataMatrix[285][0]	ref	i18n.words_context:ParametersMain.procontra
i18n.words_matrix	paraNdataMatrix[285][1]	tuple	4
i18n.words_matrix	paraNdataMatrix[285][1][0]	str	pro
i18n.words_matrix	paraNdataMatrix[285][1][1]	str	pro
i18n.words_matrix	paraNdataMatrix[285][1][2]	str	forit
i18n.words_matrix	paraNdataMatrix[285][1][3]	str	forit
i18n.words_matrix	paraNdataMatrix[285][2]	set	2
i18n.words_matrix	paraNdataMatrix[285][2][0]	int	17
i18n.words_matrix	paraNdataMatrix[285][2][1]	int	48
i18n.words_matrix	paraNdataMatrix[286]	tuple	3
i18n.words_matrix	paraNdataMatrix[286][0]	ref	i18n.words_context:ParametersMain.procontra
i18n.words_matrix	paraNdataMatrix[286][1]	tuple	2
i18n.words_matrix	paraNdataMatrix[286][1][0]	str	not_getting_along_with_another
i18n.words_matrix	paraNdataMatrix[286][1][1]	str	notGettingAlong
i18n.words_matrix	paraNdataMatrix[286][2]	set	1
i18n.words_matrix	paraNdataMatrix[286][2][0]	int	123
i18n.words_matrix	paraNdataMatrix[287]	tuple	3
i18n.words_matrix	paraNdataMatrix[287][0]	ref	i18n.words_context:ParametersMain.procontra
i18n.words_matrix	paraNdataMatrix[287][1]	tuple	2
i18n.words_matrix	paraNdataMatrix[287][1][0]	str	not_against
i18n.words_matrix	paraNdataMatrix[287][1][1]	str	notAgainst
i18n.words_matrix	paraNdataMatrix[287][2]	set	1
i18n.words_matrix	paraNdataMatrix[287][2][0]	int	124
i18n.words_matrix	paraNdataMatrix[288]	tuple	3
i18n.words_matrix	paraNdataMatrix[288][0]	ref	i18n.words_context:ParametersMain.procontra
i18n.words_matrix	paraNdataMatrix[288][1]	tuple	2
i18n.words_matrix	paraNdataMatrix[288][1][0]	str	no_opposite
i18n.words_matrix	paraNdataMatrix[288][1][1]	str	noopposite
i18n.words_matrix	paraNdataMatrix[288][2]	set	1
i18n.words_matrix	paraNdataMatrix[288][2][0]	int	125
i18n.words_matrix	paraNdataMatrix[289]	tuple	3
i18n.words_matrix	paraNdataMatrix[289][0]	ref	i18n.words_context:ParametersMain.procontra
i18n.words_matrix	paraNdataMatrix[289][1]	tuple	2
i18n.words_matrix	paraNdataMatrix[289][1][0]	str	not_for
i18n.words_matrix	paraNdataMatrix[289][1][1]	str	notfor
i18n.words_matrix	paraNdataMatrix[289][2]	set	1
i18n.words_matrix	paraNdataMatrix[289][2][0]	int	126
i18n.words_matrix	paraNdataMatrix[290]	tuple	3
i18n.words_matrix	paraNdataMatrix[290][0]	ref	i18n.words_context:ParametersMain.procontra
i18n.words_matrix	paraNdataMatrix[290][1]	tuple	2
i18n.words_matrix	paraNdataMatrix[290][1][0]	str	help_not_need
i18n.words_matrix	paraNdataMatrix[290][1][1]	str	helpnotneed
i18n.words_matrix	paraNdataMatrix[290][2]	set	1
i18n.words_matrix	paraNdataMatrix[290][2][0]	int	127
i18n.words_matrix	paraNdataMatrix[291]	tuple	3
i18n.words_matrix	paraNdataMatrix[291][0]	ref	i18n.words_context:ParametersMain.procontra
i18n.words_matrix	paraNdataMatrix[291][1]	tuple	2
i18n.words_matrix	paraNdataMatrix[291][1][0]	str	cannot_help
i18n.words_matrix	paraNdataMatrix[291][1][1]	str	cannothelp
i18n.words_matrix	paraNdataMatrix[291][2]	set	1
i18n.words_matrix	paraNdataMatrix[291][2][0]	int	128
i18n.words_matrix	paraNdataMatrix[292]	tuple	3
i18n.words_matrix	paraNdataMatrix[292][0]	ref	i18n.words_context:ParametersMain.procontra
i18n.words_matrix	paraNdataMatrix[292][1]	tuple	2
i18n.words_matrix	paraNdataMatrix[292][1][0]	str	not_disposed
i18n.words_matrix	paraNdataMatrix[292][1][1]	str	notdisposed
i18n.words_matrix	paraNdataMatrix[292][2]	set	1
i18n.words_matrix	paraNdataMatrix[292][2][0]	int	129
i18n.words_matrix	paraNdataMatrix[293]	tuple	3
i18n.words_matrix	paraNdataMatrix[293][0]	ref	i18n.words_context:ParametersMain.procontra
i18n.words_matrix	paraNdataMatrix[293][1]	tuple	1
i18n.words_matrix	paraNdataMatrix[293][1][0]	str	unmotivated
i18n.words_matrix	paraNdataMatrix[293][2]	set	1
i18n.words_matrix	paraNdataMatrix[293][2][0]	int	130
i18n.words_matrix	paraNdataMatrix[294]	tuple	3
i18n.words_matrix	paraNdataMatrix[294][0]	ref	i18n.words_context:ParametersMain.procontra
i18n.words_matrix	paraNdataMatrix[294][1]	tuple	2
i18n.words_matrix	paraNdataMatrix[294][1][0]	str	contra
i18n.words_matrix	paraNdataMatrix[294][1][1]	str	against
i18n.words_matrix	paraNdataMatrix[294][2]	set	2
i18n.words_matrix	paraNdataMatrix[294][2][0]	int	15
i18n.words_matrix	paraNdataMatrix[294][2][1]	int	26
i18n.words_matrix	paraNdataMatrix[295]	tuple	3
i18n.words_matrix	paraNdataMatrix[295][0]	ref	i18n.words_context:ParametersMain.procontra
i18n.words_matrix	paraNdataMatrix[295][1]	tuple	2
i18n.words_matrix	paraNdataMatrix[295][1][0]	str	opposite
i18n.words_matrix	paraNdataMatrix[295][1][1]	str	opposite
i18n.words_matrix	paraNdataMatrix[295][2]	set	3
i18n.words_matrix	paraNdataMatrix[295][2][0]	int	100
i18n.words_matrix	paraNdataMatrix[295][2][1]	int	101
i18n.words_matrix	paraNdataMatrix[295][2][2]	int	222
i18n.words_matrix	paraNdataMatrix[296]	tuple	3
i18n.words_matrix	paraNdataMatrix[296][0]	ref	i18n.words_context:ParametersMain.procontra
i18n.words_matrix	paraNdataMatrix[296][1]	tuple	2
i18n.words_matrix	paraNdataMatrix[296][1][0]	str	harmony
i18n.words_matrix	paraNdataMatrix[296][1][1]	str	harmony
i18n.words_matrix	paraNdataMatrix[296][2]	set	2
i18n.words_matrix	paraNdataMatrix[296][2][0]	int	102
i18n.words_matrix	paraNdataMatrix[296][2][1]	int	103
i18n.words_matrix	paraNdataMatrix[297]	tuple	3
i18n.words_matrix	paraNdataMatrix[297][0]	ref	i18n.words_context:ParametersMain.licht
i18n.words_matrix	paraNdataMatrix[297][1]	tuple	0
i18n.words_matrix	paraNdataMatrix[297][2]	set	3
i18n.words_matrix	paraNdataMatrix[297][2][0]	int	20
i18n.words_matrix	paraNdataMatrix[297][2][1]	int	27
i18n.words_matrix	paraNdataMatrix[297][2][2]	int	313
i18n.words_matrix	paraNdataMatrix[298]	tuple	10
i18n.words_matrix	paraNdataMatrix[298][0]	ref	i18n.words_context:ParametersMain.procontra
i18n.words_matrix	paraNdataMatrix[298][1]	tuple	2
i18n.words_matrix	paraNdataMatrix[298][1][0]	str	prime_cross_pro_contra
i18n.words_matrix	paraNdataMatrix[298][1][1]	str	primecross
i18n.words_matrix	paraNdataMatrix[298][2]	set	0
i18n.words_matrix	paraNdataMatrix[298][3]	set	0
i18n.words_matrix	paraNdataMatrix[298][4]	set	0
i18n.words_matrix	paraNdataMatrix[298][5]	set	0
i18n.words_matrix	paraNdataMatrix[298][6]	set	0
i18n.words_matrix	paraNdataMatrix[298][7]	set	0
i18n.words_matrix	paraNdataMatrix[298][8]	set	0
i18n.words_matrix	paraNdataMatrix[298][9]	set	1
i18n.words_matrix	paraNdataMatrix[298][9][0]	str	primzahlkreuzprocontra
i18n.words_matrix	paraNdataMatrix[299]	tuple	10
i18n.words_matrix	paraNdataMatrix[299][0]	ref	i18n.words_context:ParametersMain.bedeutung
i18n.words_matrix	paraNdataMatrix[299][1]	tuple	2
i18n.words_matrix	paraNdataMatrix[299][1][0]	str	prime_cross_pro_contra
i18n.words_matrix	paraNdataMatrix[299][1][1]	str	primecross
i18n.words_matrix	paraNdataMatrix[299][2]	set	0
i18n.words_matrix	paraNdataMatrix[299][3]	set	0
i18n.words_matrix	paraNdataMatrix[299][4]	set	0
i18n.words_matrix	paraNdataMatrix[299][5]	set	0
i18n.words_matrix	paraNdataMatrix[299][6]	set	0
i18n.words_matrix	paraNdataMatrix[299][7]	set	0
i18n.words_matrix	paraNdataMatrix[299][8]	set	0
i18n.words_matrix	paraNdataMatrix[299][9]	set	1
i18n.words_matrix	paraNdataMatrix[299][9][0]	str	primzahlkreuzprocontra
i18n.words_matrix	paraNdataMatrix[300]	tuple	3
i18n.words_matrix	paraNdataMatrix[300][0]	ref	i18n.words_context:ParametersMain.bedeutung
i18n.words_matrix	paraNdataMatrix[300][1]	tuple	2
i18n.words_matrix	paraNdataMatrix[300][1][0]	str	in_ReTa
i18n.words_matrix	paraNdataMatrix[300][1][1]	str	inreta
i18n.words_matrix	paraNdataMatrix[300][2]	set	4
i18n.words_matrix	paraNdataMatrix[300][2][0]	int	209
i18n.words_matrix	paraNdataMatrix[300][2][1]	int	210
i18n.words_matrix	paraNdataMatrix[300][2][2]	int	474
i18n.words_matrix	paraNdataMatrix[300][2][3]	int	475
i18n.words_matrix	paraNdataMatrix[301]	tuple	3
i18n.words_matrix	paraNdataMatrix[301][0]	ref	i18n.words_context:ParametersMain.bedeutung
i18n.words_matrix	paraNdataMatrix[301][1]	tuple	2
i18n.words_matrix	paraNdataMatrix[301][1][0]	str	signbefore
i18n.words_matrix	paraNdataMatrix[301][1][1]	str	signbefore
i18n.words_matrix	paraNdataMatrix[301][2]	set	2
i18n.words_matrix	paraNdataMatrix[301][2][0]	int	118
i18n.words_matrix	paraNdataMatrix[301][2][1]	int	119
i18n.words_matrix	paraNdataMatrix[302]	tuple	3
i18n.words_matrix	paraNdataMatrix[302][0]	ref	i18n.words_context:ParametersMain.bedeutung
i18n.words_matrix	paraNdataMatrix[302][1]	tuple	4
i18n.words_matrix	paraNdataMatrix[302][1][0]	str	primenumbers
i18n.words_matrix	paraNdataMatrix[302][1][1]	str	primenumbers
i18n.words_matrix	paraNdataMatrix[302][1][2]	str	multiple
i18n.words_matrix	paraNdataMatrix[302][1][3]	str	multiples
i18n.words_matrix	paraNdataMatrix[302][2]	set	1
i18n.words_matrix	paraNdataMatrix[302][2][0]	int	19
i18n.words_matrix	paraNdataMatrix[303]	tuple	3
i18n.words_matrix	paraNdataMatrix[303][0]	ref	i18n.words_context:ParametersMain.bedeutung
i18n.words_matrix	paraNdataMatrix[303][1]	tuple	4
i18n.words_matrix	paraNdataMatrix[303][1][0]	str	application_of_suns_and_moons
i18n.words_matrix	paraNdataMatrix[303][1][1]	str	applicationofsunsandmoons
i18n.words_matrix	paraNdataMatrix[303][1][2]	str	applicationssuns
i18n.words_matrix	paraNdataMatrix[303][1][3]	str	applicationsmoons
i18n.words_matrix	paraNdataMatrix[303][2]	set	1
i18n.words_matrix	paraNdataMatrix[303][2][0]	int	22
i18n.words_matrix	paraNdataMatrix[304]	tuple	3
i18n.words_matrix	paraNdataMatrix[304][0]	ref	i18n.words_context:ParametersMain.bedeutung
i18n.words_matrix	paraNdataMatrix[304][1]	tuple	5
i18n.words_matrix	paraNdataMatrix[304][1][0]	str	ranges
i18n.words_matrix	paraNdataMatrix[304][1][1]	str	ranges
i18n.words_matrix	paraNdataMatrix[304][1][2]	str	ranges
i18n.words_matrix	paraNdataMatrix[304][1][3]	str	ranges
i18n.words_matrix	paraNdataMatrix[304][1][4]	str	range
i18n.words_matrix	paraNdataMatrix[304][2]	set	6
i18n.words_matrix	paraNdataMatrix[304][2][0]	int	169
i18n.words_matrix	paraNdataMatrix[304][2][1]	int	188
i18n.words_matrix	paraNdataMatrix[304][2][2]	int	25
i18n.words_matrix	paraNdataMatrix[304][2][3]	int	386
i18n.words_matrix	paraNdataMatrix[304][2][4]	int	390
i18n.words_matrix	paraNdataMatrix[304][2][5]	int	45
i18n.words_matrix	paraNdataMatrix[305]	tuple	3
i18n.words_matrix	paraNdataMatrix[305][0]	ref	i18n.words_context:ParametersMain.bedeutung
i18n.words_matrix	paraNdataMatrix[305][1]	tuple	4
i18n.words_matrix	paraNdataMatrix[305][1][0]	str	law
i18n.words_matrix	paraNdataMatrix[305][1][1]	str	law
i18n.words_matrix	paraNdataMatrix[305][1][2]	str	law
i18n.words_matrix	paraNdataMatrix[305][1][3]	str	law
i18n.words_matrix	paraNdataMatrix[305][2]	set	1
i18n.words_matrix	paraNdataMatrix[305][2][0]	int	34
i18n.words_matrix	paraNdataMatrix[306]	tuple	3
i18n.words_matrix	paraNdataMatrix[306][0]	ref	i18n.words_context:ParametersMain.bedeutung
i18n.words_matrix	paraNdataMatrix[306][1]	tuple	3
i18n.words_matrix	paraNdataMatrix[306][1][0]	str	perfection_of_the_spirit
i18n.words_matrix	paraNdataMatrix[306][1][1]	str	perfection
i18n.words_matrix	paraNdataMatrix[306][1][2]	str	mind
i18n.words_matrix	paraNdataMatrix[306][2]	set	1
i18n.words_matrix	paraNdataMatrix[306][2][0]	int	35
i18n.words_matrix	paraNdataMatrix[307]	tuple	6
i18n.words_matrix	paraNdataMatrix[307][0]	ref	i18n.words_context:ParametersMain.bedeutung
i18n.words_matrix	paraNdataMatrix[307][1]	tuple	5
i18n.words_matrix	paraNdataMatrix[307][1][0]	str	spaceObject
i18n.words_matrix	paraNdataMatrix[307][1][1]	str	spaceObject
i18n.words_matrix	paraNdataMatrix[307][1][2]	str	moon
i18n.words_matrix	paraNdataMatrix[307][1][3]	str	sun
i18n.words_matrix	paraNdataMatrix[307][1][4]	str	planet
i18n.words_matrix	paraNdataMatrix[307][2]	set	2
i18n.words_matrix	paraNdataMatrix[307][2][0]	int	154
i18n.words_matrix	paraNdataMatrix[307][2][1]	int	64
i18n.words_matrix	paraNdataMatrix[307][3]	set	0
i18n.words_matrix	paraNdataMatrix[307][4]	set	0
i18n.words_matrix	paraNdataMatrix[307][5]	set	0
i18n.words_matrix	paraNdataMatrix[308]	tuple	3
i18n.words_matrix	paraNdataMatrix[308][0]	ref	i18n.words_context:ParametersMain.bedeutung
i18n.words_matrix	paraNdataMatrix[308][1]	tuple	3
i18n.words_matrix	paraNdataMatrix[308][1][0]	str	subjunctive_root
i18n.words_matrix	paraNdataMatrix[308][1][1]	str	subjunctive
i18n.words_matrix	paraNdataMatrix[308][1][2]	str	root
i18n.words_matrix	paraNdataMatrix[308][2]	set	1
i18n.words_matrix	paraNdataMatrix[308][2][0]	int	106
i18n.words_matrix	paraNdataMatrix[309]	tuple	3
i18n.words_matrix	paraNdataMatrix[309][0]	ref	i18n.words_context:ParametersMain.bedeutung
i18n.words_matrix	paraNdataMatrix[309][1]	tuple	7
i18n.words_matrix	paraNdataMatrix[309][1][0]	str	mechanisms_of_breeding
i18n.words_matrix	paraNdataMatrix[309][1][1]	str	mechanisms
i18n.words_matrix	paraNdataMatrix[309][1][2]	str	essence
i18n.words_matrix	paraNdataMatrix[309][1][3]	str	breeding
i18n.words_matrix	paraNdataMatrix[309][1][4]	str	breeding
i18n.words_matrix	paraNdataMatrix[309][1][5]	str	breed
i18n.words_matrix	paraNdataMatrix[309][1][6]	str	breed
i18n.words_matrix	paraNdataMatrix[309][2]	set	3
i18n.words_matrix	paraNdataMatrix[309][2][0]	int	107
i18n.words_matrix	paraNdataMatrix[309][2][1]	int	108
i18n.words_matrix	paraNdataMatrix[309][2][2]	int	109
i18n.words_matrix	paraNdataMatrix[310]	tuple	9
i18n.words_matrix	paraNdataMatrix[310][0]	ref	i18n.words_context:ParametersMain.gebrochengalaxie
i18n.words_matrix	paraNdataMatrix[310][1]	set	22
i18n.words_matrix	paraNdataMatrix[310][1][0]	str	10
i18n.words_matrix	paraNdataMatrix[310][1][1]	str	11
i18n.words_matrix	paraNdataMatrix[310][1][2]	str	12
i18n.words_matrix	paraNdataMatrix[310][1][3]	str	13
i18n.words_matrix	paraNdataMatrix[310][1][4]	str	14
i18n.words_matrix	paraNdataMatrix[310][1][5]	str	15
i18n.words_matrix	paraNdataMatrix[310][1][6]	str	16
i18n.words_matrix	paraNdataMatrix[310][1][7]	str	17
i18n.words_matrix	paraNdataMatrix[310][1][8]	str	18
i18n.words_matrix	paraNdataMatrix[310][1][9]	str	19
i18n.words_matrix	paraNdataMatrix[310][1][10]	str	2
i18n.words_matrix	paraNdataMatrix[310][1][11]	str	20
i18n.words_matrix	paraNdataMatrix[310][1][12]	str	21
i18n.words_matrix	paraNdataMatrix[310][1][13]	str	22
i18n.words_matrix	paraNdataMatrix[310][1][14]	str	23
i18n.words_matrix	paraNdataMatrix[310][1][15]	str	3
i18n.words_matrix	paraNdataMatrix[310][1][16]	str	4
i18n.words_matrix	paraNdataMatrix[310][1][17]	str	5
i18n.words_matrix	paraNdataMatrix[310][1][18]	str	6
i18n.words_matrix	paraNdataMatrix[310][1][19]	str	7
i18n.words_matrix	paraNdataMatrix[310][1][20]	str	8
i18n.words_matrix	paraNdataMatrix[310][1][21]	str	9
i18n.words_matrix	paraNdataMatrix[310][2]	set	0
i18n.words_matrix	paraNdataMatrix[310][3]	set	0
i18n.words_matrix	paraNdataMatrix[310][4]	set	0
i18n.words_matrix	paraNdataMatrix[310][5]	set	0
i18n.words_matrix	paraNdataMatrix[310][6]	set	0
i18n.words_matrix	paraNdataMatrix[310][7]	set	0
i18n.words_matrix	paraNdataMatrix[310][8]	set	22
i18n.words_matrix	paraNdataMatrix[310][8][0]	str	10
i18n.words_matrix	paraNdataMatrix[310][8][1]	str	11
i18n.words_matrix	paraNdataMatrix[310][8][2]	str	12
i18n.words_matrix	paraNdataMatrix[310][8][3]	str	13
i18n.words_matrix	paraNdataMatrix[310][8][4]	str	14
i18n.words_matrix	paraNdataMatrix[310][8][5]	str	15
i18n.words_matrix	paraNdataMatrix[310][8][6]	str	16
i18n.words_matrix	paraNdataMatrix[310][8][7]	str	17
i18n.words_matrix	paraNdataMatrix[310][8][8]	str	18
i18n.words_matrix	paraNdataMatrix[310][8][9]	str	19
i18n.words_matrix	paraNdataMatrix[310][8][10]	str	2
i18n.words_matrix	paraNdataMatrix[310][8][11]	str	20
i18n.words_matrix	paraNdataMatrix[310][8][12]	str	21
i18n.words_matrix	paraNdataMatrix[310][8][13]	str	22
i18n.words_matrix	paraNdataMatrix[310][8][14]	str	23
i18n.words_matrix	paraNdataMatrix[310][8][15]	str	3
i18n.words_matrix	paraNdataMatrix[310][8][16]	str	4
i18n.words_matrix	paraNdataMatrix[310][8][17]	str	5
i18n.words_matrix	paraNdataMatrix[310][8][18]	str	6
i18n.words_matrix	paraNdataMatrix[310][8][19]	str	7
i18n.words_matrix	paraNdataMatrix[310][8][20]	str	8
i18n.words_matrix	paraNdataMatrix[310][8][21]	str	9
i18n.words_matrix	paraNdataMatrix[311]	tuple	8
i18n.words_matrix	paraNdataMatrix[311][0]	ref	i18n.words_context:ParametersMain.gebrochenuniversum
i18n.words_matrix	paraNdataMatrix[311][1]	set	22
i18n.words_matrix	paraNdataMatrix[311][1][0]	str	10
i18n.words_matrix	paraNdataMatrix[311][1][1]	str	11
i18n.words_matrix	paraNdataMatrix[311][1][2]	str	12
i18n.words_matrix	paraNdataMatrix[311][1][3]	str	13
i18n.words_matrix	paraNdataMatrix[311][1][4]	str	14
i18n.words_matrix	paraNdataMatrix[311][1][5]	str	15
i18n.words_matrix	paraNdataMatrix[311][1][6]	str	16
i18n.words_matrix	paraNdataMatrix[311][1][7]	str	17
i18n.words_matrix	paraNdataMatrix[311][1][8]	str	18
i18n.words_matrix	paraNdataMatrix[311][1][9]	str	19
i18n.words_matrix	paraNdataMatrix[311][1][10]	str	2
i18n.words_matrix	paraNdataMatrix[311][1][11]	str	20
i18n.words_matrix	paraNdataMatrix[311][1][12]	str	21
i18n.words_matrix	paraNdataMatrix[311][1][13]	str	22
i18n.words_matrix	paraNdataMatrix[311][1][14]	str	23
i18n.words_matrix	paraNdataMatrix[311][1][15]	str	3
i18n.words_matrix	paraNdataMatrix[311][1][16]	str	4
i18n.words_matrix	paraNdataMatrix[311][1][17]	str	5
i18n.words_matrix	paraNdataMatrix[311][1][18]	str	6
i18n.words_matrix	paraNdataMatrix[311][1][19]	str	7
i18n.words_matrix	paraNdataMatrix[311][1][20]	str	8
i18n.words_matrix	paraNdataMatrix[311][1][21]	str	9
i18n.words_matrix	paraNdataMatrix[311][2]	set	0
i18n.words_matrix	paraNdataMatrix[311][3]	set	0
i18n.words_matrix	paraNdataMatrix[311][4]	set	0
i18n.words_matrix	paraNdataMatrix[311][5]	set	0
i18n.words_matrix	paraNdataMatrix[311][6]	set	0
i18n.words_matrix	paraNdataMatrix[311][7]	set	22
i18n.words_matrix	paraNdataMatrix[311][7][0]	str	10
i18n.words_matrix	paraNdataMatrix[311][7][1]	str	11
i18n.words_matrix	paraNdataMatrix[311][7][2]	str	12
i18n.words_matrix	paraNdataMatrix[311][7][3]	str	13
i18n.words_matrix	paraNdataMatrix[311][7][4]	str	14
i18n.words_matrix	paraNdataMatrix[311][7][5]	str	15
i18n.words_matrix	paraNdataMatrix[311][7][6]	str	16
i18n.words_matrix	paraNdataMatrix[311][7][7]	str	17
i18n.words_matrix	paraNdataMatrix[311][7][8]	str	18
i18n.words_matrix	paraNdataMatrix[311][7][9]	str	19
i18n.words_matrix	paraNdataMatrix[311][7][10]	str	2
i18n.words_matrix	paraNdataMatrix[311][7][11]	str	20
i18n.words_matrix	paraNdataMatrix[311][7][12]	str	21
i18n.words_matrix	paraNdataMatrix[311][7][13]	str	22
i18n.words_matrix	paraNdataMatrix[311][7][14]	str	23
i18n.words_matrix	paraNdataMatrix[311][7][15]	str	3
i18n.words_matrix	paraNdataMatrix[311][7][16]	str	4
i18n.words_matrix	paraNdataMatrix[311][7][17]	str	5
i18n.words_matrix	paraNdataMatrix[311][7][18]	str	6
i18n.words_matrix	paraNdataMatrix[311][7][19]	str	7
i18n.words_matrix	paraNdataMatrix[311][7][20]	str	8
i18n.words_matrix	paraNdataMatrix[311][7][21]	str	9
i18n.words_matrix	paraNdataMatrix[312]	tuple	12
i18n.words_matrix	paraNdataMatrix[312][0]	ref	i18n.words_context:ParametersMain.gebrochenemotion
i18n.words_matrix	paraNdataMatrix[312][1]	set	22
i18n.words_matrix	paraNdataMatrix[312][1][0]	str	10
i18n.words_matrix	paraNdataMatrix[312][1][1]	str	11
i18n.words_matrix	paraNdataMatrix[312][1][2]	str	12
i18n.words_matrix	paraNdataMatrix[312][1][3]	str	13
i18n.words_matrix	paraNdataMatrix[312][1][4]	str	14
i18n.words_matrix	paraNdataMatrix[312][1][5]	str	15
i18n.words_matrix	paraNdataMatrix[312][1][6]	str	16
i18n.words_matrix	paraNdataMatrix[312][1][7]	str	17
i18n.words_matrix	paraNdataMatrix[312][1][8]	str	18
i18n.words_matrix	paraNdataMatrix[312][1][9]	str	19
i18n.words_matrix	paraNdataMatrix[312][1][10]	str	2
i18n.words_matrix	paraNdataMatrix[312][1][11]	str	20
i18n.words_matrix	paraNdataMatrix[312][1][12]	str	21
i18n.words_matrix	paraNdataMatrix[312][1][13]	str	22
i18n.words_matrix	paraNdataMatrix[312][1][14]	str	23
i18n.words_matrix	paraNdataMatrix[312][1][15]	str	3
i18n.words_matrix	paraNdataMatrix[312][1][16]	str	4
i18n.words_matrix	paraNdataMatrix[312][1][17]	str	5
i18n.words_matrix	paraNdataMatrix[312][1][18]	str	6
i18n.words_matrix	paraNdataMatrix[312][1][19]	str	7
i18n.words_matrix	paraNdataMatrix[312][1][20]	str	8
i18n.words_matrix	paraNdataMatrix[312][1][21]	str	9
i18n.words_matrix	paraNdataMatrix[312][2]	set	0
i18n.words_matrix	paraNdataMatrix[312][3]	set	0
i18n.words_matrix	paraNdataMatrix[312][4]	set	0
i18n.words_matrix	paraNdataMatrix[312][5]	set	0
i18n.words_matrix	paraNdataMatrix[312][6]	set	0
i18n.words_matrix	paraNdataMatrix[312][7]	set	0
i18n.words_matrix	paraNdataMatrix[312][8]	set	0
i18n.words_matrix	paraNdataMatrix[312][9]	set	0
i18n.words_matrix	paraNdataMatrix[312][10]	set	0
i18n.words_matrix	paraNdataMatrix[312][11]	set	22
i18n.words_matrix	paraNdataMatrix[312][11][0]	str	10
i18n.words_matrix	paraNdataMatrix[312][11][1]	str	11
i18n.words_matrix	paraNdataMatrix[312][11][2]	str	12
i18n.words_matrix	paraNdataMatrix[312][11][3]	str	13
i18n.words_matrix	paraNdataMatrix[312][11][4]	str	14
i18n.words_matrix	paraNdataMatrix[312][11][5]	str	15
i18n.words_matrix	paraNdataMatrix[312][11][6]	str	16
i18n.words_matrix	paraNdataMatrix[312][11][7]	str	17
i18n.words_matrix	paraNdataMatrix[312][11][8]	str	18
i18n.words_matrix	paraNdataMatrix[312][11][9]	str	19
i18n.words_matrix	paraNdataMatrix[312][11][10]	str	2
i18n.words_matrix	paraNdataMatrix[312][11][11]	str	20
i18n.words_matrix	paraNdataMatrix[312][11][12]	str	21
i18n.words_matrix	paraNdataMatrix[312][11][13]	str	22
i18n.words_matrix	paraNdataMatrix[312][11][14]	str	23
i18n.words_matrix	paraNdataMatrix[312][11][15]	str	3
i18n.words_matrix	paraNdataMatrix[312][11][16]	str	4
i18n.words_matrix	paraNdataMatrix[312][11][17]	str	5
i18n.words_matrix	paraNdataMatrix[312][11][18]	str	6
i18n.words_matrix	paraNdataMatrix[312][11][19]	str	7
i18n.words_matrix	paraNdataMatrix[312][11][20]	str	8
i18n.words_matrix	paraNdataMatrix[312][11][21]	str	9
i18n.words_matrix	paraNdataMatrix[313]	tuple	13
i18n.words_matrix	paraNdataMatrix[313][0]	ref	i18n.words_context:ParametersMain.gebrochengroesse
i18n.words_matrix	paraNdataMatrix[313][1]	set	22
i18n.words_matrix	paraNdataMatrix[313][1][0]	str	10
i18n.words_matrix	paraNdataMatrix[313][1][1]	str	11
i18n.words_matrix	paraNdataMatrix[313][1][2]	str	12
i18n.words_matrix	paraNdataMatrix[313][1][3]	str	13
i18n.words_matrix	paraNdataMatrix[313][1][4]	str	14
i18n.words_matrix	paraNdataMatrix[313][1][5]	str	15
i18n.words_matrix	paraNdataMatrix[313][1][6]	str	16
i18n.words_matrix	paraNdataMatrix[313][1][7]	str	17
i18n.words_matrix	paraNdataMatrix[313][1][8]	str	18
i18n.words_matrix	paraNdataMatrix[313][1][9]	str	19
i18n.words_matrix	paraNdataMatrix[313][1][10]	str	2
i18n.words_matrix	paraNdataMatrix[313][1][11]	str	20
i18n.words_matrix	paraNdataMatrix[313][1][12]	str	21
i18n.words_matrix	paraNdataMatrix[313][1][13]	str	22
i18n.words_matrix	paraNdataMatrix[313][1][14]	str	23
i18n.words_matrix	paraNdataMatrix[313][1][15]	str	3
i18n.words_matrix	paraNdataMatrix[313][1][16]	str	4
i18n.words_matrix	paraNdataMatrix[313][1][17]	str	5
i18n.words_matrix	paraNdataMatrix[313][1][18]	str	6
i18n.words_matrix	paraNdataMatrix[313][1][19]	str	7
i18n.words_matrix	paraNdataMatrix[313][1][20]	str	8
i18n.words_matrix	paraNdataMatrix[313][1][21]	str	9
i18n.words_matrix	paraNdataMatrix[313][2]	set	0
i18n.words_matrix	paraNdataMatrix[313][3]	set	0
i18n.words_matrix	paraNdataMatrix[313][4]	set	0
i18n.words_matrix	paraNdataMatrix[313][5]	set	0
i18n.words_matrix	paraNdataMatrix[313][6]	set	0
i18n.words_matrix	paraNdataMatrix[313][7]	set	0
i18n.words_matrix	paraNdataMatrix[313][8]	set	0
i18n.words_matrix	paraNdataMatrix[313][9]	set	0
i18n.words_matrix	paraNdataMatrix[313][10]	set	0
i18n.words_matrix	paraNdataMatrix[313][11]	set	0
i18n.words_matrix	paraNdataMatrix[313][12]	set	22
i18n.words_matrix	paraNdataMatrix[313][12][0]	str	10
i18n.words_matrix	paraNdataMatrix[313][12][1]	str	11
i18n.words_matrix	paraNdataMatrix[313][12][2]	str	12
i18n.words_matrix	paraNdataMatrix[313][12][3]	str	13
i18n.words_matrix	paraNdataMatrix[313][12][4]	str	14
i18n.words_matrix	paraNdataMatrix[313][12][5]	str	15
i18n.words_matrix	paraNdataMatrix[313][12][6]	str	16
i18n.words_matrix	paraNdataMatrix[313][12][7]	str	17
i18n.words_matrix	paraNdataMatrix[313][12][8]	str	18
i18n.words_matrix	paraNdataMatrix[313][12][9]	str	19
i18n.words_matrix	paraNdataMatrix[313][12][10]	str	2
i18n.words_matrix	paraNdataMatrix[313][12][11]	str	20
i18n.words_matrix	paraNdataMatrix[313][12][12]	str	21
i18n.words_matrix	paraNdataMatrix[313][12][13]	str	22
i18n.words_matrix	paraNdataMatrix[313][12][14]	str	23
i18n.words_matrix	paraNdataMatrix[313][12][15]	str	3
i18n.words_matrix	paraNdataMatrix[313][12][16]	str	4
i18n.words_matrix	paraNdataMatrix[313][12][17]	str	5
i18n.words_matrix	paraNdataMatrix[313][12][18]	str	6
i18n.words_matrix	paraNdataMatrix[313][12][19]	str	7
i18n.words_matrix	paraNdataMatrix[313][12][20]	str	8
i18n.words_matrix	paraNdataMatrix[313][12][21]	str	9
i18n.words_matrix	paraNdataMatrix[314]	tuple	3
i18n.words_matrix	paraNdataMatrix[314][0]	ref	i18n.words_context:ParametersMain.symbole
i18n.words_matrix	paraNdataMatrix[314][1]	tuple	1
i18n.words_matrix	paraNdataMatrix[314][1][0]	str	religions
i18n.words_matrix	paraNdataMatrix[314][2]	set	2
i18n.words_matrix	paraNdataMatrix[314][2][0]	int	36
i18n.words_matrix	paraNdataMatrix[314][2][1]	int	37
i18n.words_matrix	paraNdataMatrix[315]	tuple	3
i18n.words_matrix	paraNdataMatrix[315][0]	ref	i18n.words_context:ParametersMain.symbole
i18n.words_matrix	paraNdataMatrix[315][1]	tuple	1
i18n.words_matrix	paraNdataMatrix[315][1][0]	str	Three
i18n.words_matrix	paraNdataMatrix[315][2]	set	2
i18n.words_matrix	paraNdataMatrix[315][2][0]	int	452
i18n.words_matrix	paraNdataMatrix[315][2][1]	int	460
i18n.words_matrix	paraNdataMatrix[316]	tuple	3
i18n.words_matrix	paraNdataMatrix[316][0]	ref	i18n.words_context:ParametersMain.symbole
i18n.words_matrix	paraNdataMatrix[316][1]	tuple	1
i18n.words_matrix	paraNdataMatrix[316][1][0]	str	Four
i18n.words_matrix	paraNdataMatrix[316][2]	set	1
i18n.words_matrix	paraNdataMatrix[316][2][0]	int	453
i18n.words_matrix	paraNdataMatrix[317]	tuple	3
i18n.words_matrix	paraNdataMatrix[317][0]	ref	i18n.words_context:ParametersMain.symbole
i18n.words_matrix	paraNdataMatrix[317][1]	tuple	2
i18n.words_matrix	paraNdataMatrix[317][1][0]	str	Fife
i18n.words_matrix	paraNdataMatrix[317][1][1]	str	Fife
i18n.words_matrix	paraNdataMatrix[317][2]	set	1
i18n.words_matrix	paraNdataMatrix[317][2][0]	int	454
i18n.words_matrix	paraNdataMatrix[318]	tuple	3
i18n.words_matrix	paraNdataMatrix[318][0]	ref	i18n.words_context:ParametersMain.symbole
i18n.words_matrix	paraNdataMatrix[318][1]	tuple	1
i18n.words_matrix	paraNdataMatrix[318][1][0]	str	Six
i18n.words_matrix	paraNdataMatrix[318][2]	set	1
i18n.words_matrix	paraNdataMatrix[318][2][0]	int	457
i18n.words_matrix	paraNdataMatrix[319]	tuple	3
i18n.words_matrix	paraNdataMatrix[319][0]	ref	i18n.words_context:ParametersMain.symbole
i18n.words_matrix	paraNdataMatrix[319][1]	tuple	1
i18n.words_matrix	paraNdataMatrix[319][1][0]	str	Seven
i18n.words_matrix	paraNdataMatrix[319][2]	set	1
i18n.words_matrix	paraNdataMatrix[319][2][0]	int	457
i18n.words_matrix	paraNdataMatrix[320]	tuple	3
i18n.words_matrix	paraNdataMatrix[320][0]	ref	i18n.words_context:ParametersMain.symbole
i18n.words_matrix	paraNdataMatrix[320][1]	tuple	1
i18n.words_matrix	paraNdataMatrix[320][1][0]	str	Eight
i18n.words_matrix	paraNdataMatrix[320][2]	set	1
i18n.words_matrix	paraNdataMatrix[320][2][0]	int	458
i18n.words_matrix	paraNdataMatrix[321]	tuple	3
i18n.words_matrix	paraNdataMatrix[321][0]	ref	i18n.words_context:ParametersMain.symbole
i18n.words_matrix	paraNdataMatrix[321][1]	tuple	1
i18n.words_matrix	paraNdataMatrix[321][1][0]	str	Nine
i18n.words_matrix	paraNdataMatrix[321][2]	set	1
i18n.words_matrix	paraNdataMatrix[321][2][0]	int	459
i18n.words_matrix	paraNdataMatrix[322]	tuple	3
i18n.words_matrix	paraNdataMatrix[322][0]	ref	i18n.words_context:ParametersMain.symbole
i18n.words_matrix	paraNdataMatrix[322][1]	tuple	1
i18n.words_matrix	paraNdataMatrix[322][1][0]	str	Ten
i18n.words_matrix	paraNdataMatrix[322][2]	set	1
i18n.words_matrix	paraNdataMatrix[322][2][0]	int	456
i18n.words_matrix	paraNdataMatrix[323]	tuple	3
i18n.words_matrix	paraNdataMatrix[323][0]	ref	i18n.words_context:ParametersMain.symbole
i18n.words_matrix	paraNdataMatrix[323][1]	tuple	2
i18n.words_matrix	paraNdataMatrix[323][1][0]	str	Twelve
i18n.words_matrix	paraNdataMatrix[323][1][1]	str	Twelve
i18n.words_matrix	paraNdataMatrix[323][2]	set	1
i18n.words_matrix	paraNdataMatrix[323][2][0]	int	456
i18n.words_matrix	paraNdataMatrix[324]	tuple	4
i18n.words_matrix	paraNdataMatrix[324][0]	ref	i18n.words_context:ParametersMain.konzept
i18n.words_matrix	paraNdataMatrix[324][1]	tuple	8
i18n.words_matrix	paraNdataMatrix[324][1][0]	str	wisdom_etc
i18n.words_matrix	paraNdataMatrix[324][1][1]	str	wisdom
i18n.words_matrix	paraNdataMatrix[324][1][2]	str	metawisdom
i18n.words_matrix	paraNdataMatrix[324][1][3]	str	meta-wisdom
i18n.words_matrix	paraNdataMatrix[324][1][4]	str	idiot
i18n.words_matrix	paraNdataMatrix[324][1][5]	str	wise
i18n.words_matrix	paraNdataMatrix[324][1][6]	str	optimal
i18n.words_matrix	paraNdataMatrix[324][1][7]	str	optimum
i18n.words_matrix	paraNdataMatrix[324][2]	set	1
i18n.words_matrix	paraNdataMatrix[324][2][0]	int	112
i18n.words_matrix	paraNdataMatrix[324][3]	set	1
i18n.words_matrix	paraNdataMatrix[324][3][0]	tuple	2
i18n.words_matrix	paraNdataMatrix[324][3][0][0]	int	40
i18n.words_matrix	paraNdataMatrix[324][3][0][1]	int	41
i18n.words_matrix	paraNdataMatrix[325]	tuple	4
i18n.words_matrix	paraNdataMatrix[325][0]	ref	i18n.words_context:ParametersMain.konzept
i18n.words_matrix	paraNdataMatrix[325][1]	tuple	4
i18n.words_matrix	paraNdataMatrix[325][1][0]	str	get_your_right
i18n.words_matrix	paraNdataMatrix[325][1][1]	str	rights
i18n.words_matrix	paraNdataMatrix[325][1][2]	str	law
i18n.words_matrix	paraNdataMatrix[325][1][3]	str	selfrighteous
i18n.words_matrix	paraNdataMatrix[325][2]	set	0
i18n.words_matrix	paraNdataMatrix[325][3]	set	1
i18n.words_matrix	paraNdataMatrix[325][3][0]	tuple	2
i18n.words_matrix	paraNdataMatrix[325][3][0][0]	int	291
i18n.words_matrix	paraNdataMatrix[325][3][0][1]	int	292
i18n.words_matrix	paraNdataMatrix[326]	tuple	4
i18n.words_matrix	paraNdataMatrix[326][0]	ref	i18n.words_context:ParametersMain.konzept
i18n.words_matrix	paraNdataMatrix[326][1]	tuple	3
i18n.words_matrix	paraNdataMatrix[326][1][0]	str	inferior_superior
i18n.words_matrix	paraNdataMatrix[326][1][1]	str	inferior
i18n.words_matrix	paraNdataMatrix[326][1][2]	str	outnumber
i18n.words_matrix	paraNdataMatrix[326][2]	set	0
i18n.words_matrix	paraNdataMatrix[326][3]	set	1
i18n.words_matrix	paraNdataMatrix[326][3][0]	tuple	2
i18n.words_matrix	paraNdataMatrix[326][3][0][0]	int	380
i18n.words_matrix	paraNdataMatrix[326][3][0][1]	int	381
i18n.words_matrix	paraNdataMatrix[327]	tuple	4
i18n.words_matrix	paraNdataMatrix[327][0]	ref	i18n.words_context:ParametersMain.konzept
i18n.words_matrix	paraNdataMatrix[327][1]	tuple	3
i18n.words_matrix	paraNdataMatrix[327][1][0]	str	honesty_and_contention
i18n.words_matrix	paraNdataMatrix[327][1][1]	str	dispute
i18n.words_matrix	paraNdataMatrix[327][1][2]	str	honesty
i18n.words_matrix	paraNdataMatrix[327][2]	set	0
i18n.words_matrix	paraNdataMatrix[327][3]	set	1
i18n.words_matrix	paraNdataMatrix[327][3][0]	tuple	2
i18n.words_matrix	paraNdataMatrix[327][3][0][0]	int	375
i18n.words_matrix	paraNdataMatrix[327][3][0][1]	int	376
i18n.words_matrix	paraNdataMatrix[328]	tuple	4
i18n.words_matrix	paraNdataMatrix[328][0]	ref	i18n.words_context:ParametersMain.konzept2
i18n.words_matrix	paraNdataMatrix[328][1]	tuple	3
i18n.words_matrix	paraNdataMatrix[328][1][0]	str	dignified
i18n.words_matrix	paraNdataMatrix[328][1][1]	str	worthy
i18n.words_matrix	paraNdataMatrix[328][1][2]	str	worthy
i18n.words_matrix	paraNdataMatrix[328][2]	set	0
i18n.words_matrix	paraNdataMatrix[328][3]	set	1
i18n.words_matrix	paraNdataMatrix[328][3][0]	tuple	2
i18n.words_matrix	paraNdataMatrix[328][3][0][0]	int	373
i18n.words_matrix	paraNdataMatrix[328][3][0][1]	int	374
i18n.words_matrix	paraNdataMatrix[329]	tuple	4
i18n.words_matrix	paraNdataMatrix[329][0]	ref	i18n.words_context:ParametersMain.konzept2
i18n.words_matrix	paraNdataMatrix[329][1]	tuple	3
i18n.words_matrix	paraNdataMatrix[329][1][0]	str	rule_vs_exception
i18n.words_matrix	paraNdataMatrix[329][1][1]	str	rule
i18n.words_matrix	paraNdataMatrix[329][1][2]	str	exception
i18n.words_matrix	paraNdataMatrix[329][2]	set	0
i18n.words_matrix	paraNdataMatrix[329][3]	set	1
i18n.words_matrix	paraNdataMatrix[329][3][0]	tuple	2
i18n.words_matrix	paraNdataMatrix[329][3][0][0]	int	371
i18n.words_matrix	paraNdataMatrix[329][3][0][1]	int	372
i18n.words_matrix	paraNdataMatrix[330]	tuple	3
i18n.words_matrix	paraNdataMatrix[330][0]	ref	i18n.words_context:ParametersMain.konzept2
i18n.words_matrix	paraNdataMatrix[330][1]	tuple	3
i18n.words_matrix	paraNdataMatrix[330][1][0]	str	filter_type_and_violation
i18n.words_matrix	paraNdataMatrix[330][1][1]	str	filterType
i18n.words_matrix	paraNdataMatrix[330][1][2]	str	adversity
i18n.words_matrix	paraNdataMatrix[330][2]	set	2
i18n.words_matrix	paraNdataMatrix[330][2][0]	int	331
i18n.words_matrix	paraNdataMatrix[330][2][1]	int	335
i18n.words_matrix	paraNdataMatrix[331]	tuple	4
i18n.words_matrix	paraNdataMatrix[331][0]	ref	i18n.words_context:ParametersMain.konzept2
i18n.words_matrix	paraNdataMatrix[331][1]	tuple	2
i18n.words_matrix	paraNdataMatrix[331][1][0]	str	values
i18n.words_matrix	paraNdataMatrix[331][1][1]	str	values
i18n.words_matrix	paraNdataMatrix[331][2]	set	0
i18n.words_matrix	paraNdataMatrix[331][3]	set	1
i18n.words_matrix	paraNdataMatrix[331][3][0]	tuple	2
i18n.words_matrix	paraNdataMatrix[331][3][0][0]	int	360
i18n.words_matrix	paraNdataMatrix[331][3][0][1]	int	361
i18n.words_matrix	paraNdataMatrix[332]	tuple	4
i18n.words_matrix	paraNdataMatrix[332][0]	ref	i18n.words_context:ParametersMain.konzept2
i18n.words_matrix	paraNdataMatrix[332][1]	tuple	3
i18n.words_matrix	paraNdataMatrix[332][1][0]	str	Goodnessegoism
i18n.words_matrix	paraNdataMatrix[332][1][1]	str	position
i18n.words_matrix	paraNdataMatrix[332][1][2]	str	goodreciprocal
i18n.words_matrix	paraNdataMatrix[332][2]	set	0
i18n.words_matrix	paraNdataMatrix[332][3]	set	1
i18n.words_matrix	paraNdataMatrix[332][3][0]	tuple	2
i18n.words_matrix	paraNdataMatrix[332][3][0][0]	int	362
i18n.words_matrix	paraNdataMatrix[332][3][0][1]	int	363
i18n.words_matrix	paraNdataMatrix[333]	tuple	4
i18n.words_matrix	paraNdataMatrix[333][0]	ref	i18n.words_context:ParametersMain.konzept2
i18n.words_matrix	paraNdataMatrix[333][1]	tuple	3
i18n.words_matrix	paraNdataMatrix[333][1][0]	str	reflect_recognize
i18n.words_matrix	paraNdataMatrix[333][1][1]	str	reflect
i18n.words_matrix	paraNdataMatrix[333][1][2]	str	epistemology
i18n.words_matrix	paraNdataMatrix[333][2]	set	0
i18n.words_matrix	paraNdataMatrix[333][3]	set	1
i18n.words_matrix	paraNdataMatrix[333][3][0]	tuple	2
i18n.words_matrix	paraNdataMatrix[333][3][0][0]	int	364
i18n.words_matrix	paraNdataMatrix[333][3][0][1]	int	365
i18n.words_matrix	paraNdataMatrix[334]	tuple	4
i18n.words_matrix	paraNdataMatrix[334][0]	ref	i18n.words_context:ParametersMain.konzept2
i18n.words_matrix	paraNdataMatrix[334][1]	tuple	2
i18n.words_matrix	paraNdataMatrix[334][1][0]	str	trust_want
i18n.words_matrix	paraNdataMatrix[334][1][1]	str	wantToTrust
i18n.words_matrix	paraNdataMatrix[334][2]	set	0
i18n.words_matrix	paraNdataMatrix[334][3]	set	1
i18n.words_matrix	paraNdataMatrix[334][3][0]	tuple	2
i18n.words_matrix	paraNdataMatrix[334][3][0][0]	int	366
i18n.words_matrix	paraNdataMatrix[334][3][0][1]	int	367
i18n.words_matrix	paraNdataMatrix[335]	tuple	4
i18n.words_matrix	paraNdataMatrix[335][0]	ref	i18n.words_context:ParametersMain.konzept
i18n.words_matrix	paraNdataMatrix[335][1]	tuple	4
i18n.words_matrix	paraNdataMatrix[335][1][0]	str	engage_trust_denounce
i18n.words_matrix	paraNdataMatrix[335][1][1]	str	latchOn
i18n.words_matrix	paraNdataMatrix[335][1][2]	str	trustMaintain
i18n.words_matrix	paraNdataMatrix[335][1][3]	str	denounce
i18n.words_matrix	paraNdataMatrix[335][2]	set	0
i18n.words_matrix	paraNdataMatrix[335][3]	set	1
i18n.words_matrix	paraNdataMatrix[335][3][0]	tuple	2
i18n.words_matrix	paraNdataMatrix[335][3][0][0]	int	368
i18n.words_matrix	paraNdataMatrix[335][3][0][1]	int	369
i18n.words_matrix	paraNdataMatrix[336]	tuple	4
i18n.words_matrix	paraNdataMatrix[336][0]	ref	i18n.words_context:ParametersMain.konzept2
i18n.words_matrix	paraNdataMatrix[336][1]	tuple	3
i18n.words_matrix	paraNdataMatrix[336][1][0]	str	align_setup
i18n.words_matrix	paraNdataMatrix[336][1][1]	str	align
i18n.words_matrix	paraNdataMatrix[336][1][2]	str	align
i18n.words_matrix	paraNdataMatrix[336][2]	set	0
i18n.words_matrix	paraNdataMatrix[336][3]	set	1
i18n.words_matrix	paraNdataMatrix[336][3][0]	tuple	2
i18n.words_matrix	paraNdataMatrix[336][3][0][0]	int	358
i18n.words_matrix	paraNdataMatrix[336][3][0][1]	int	359
i18n.words_matrix	paraNdataMatrix[337]	tuple	4
i18n.words_matrix	paraNdataMatrix[337][0]	ref	i18n.words_context:ParametersMain.konzept2
i18n.words_matrix	paraNdataMatrix[337][1]	tuple	5
i18n.words_matrix	paraNdataMatrix[337][1][0]	str	tolerance_respect_acceptance_welcome
i18n.words_matrix	paraNdataMatrix[337][1][1]	str	tolerance
i18n.words_matrix	paraNdataMatrix[337][1][2]	str	respect
i18n.words_matrix	paraNdataMatrix[337][1][3]	str	acceptance
i18n.words_matrix	paraNdataMatrix[337][1][4]	str	welcome
i18n.words_matrix	paraNdataMatrix[337][2]	set	0
i18n.words_matrix	paraNdataMatrix[337][3]	set	1
i18n.words_matrix	paraNdataMatrix[337][3][0]	tuple	2
i18n.words_matrix	paraNdataMatrix[337][3][0][0]	int	62
i18n.words_matrix	paraNdataMatrix[337][3][0][1]	int	63
i18n.words_matrix	paraNdataMatrix[338]	tuple	4
i18n.words_matrix	paraNdataMatrix[338][0]	ref	i18n.words_context:ParametersMain.konzept
i18n.words_matrix	paraNdataMatrix[338][1]	tuple	1
i18n.words_matrix	paraNdataMatrix[338][1][0]	str	familyneeds
i18n.words_matrix	paraNdataMatrix[338][2]	set	0
i18n.words_matrix	paraNdataMatrix[338][3]	set	1
i18n.words_matrix	paraNdataMatrix[338][3][0]	tuple	2
i18n.words_matrix	paraNdataMatrix[338][3][0][0]	int	279
i18n.words_matrix	paraNdataMatrix[338][3][0][1]	int	280
i18n.words_matrix	paraNdataMatrix[339]	tuple	4
i18n.words_matrix	paraNdataMatrix[339][0]	ref	i18n.words_context:ParametersMain.konzept
i18n.words_matrix	paraNdataMatrix[339][1]	tuple	2
i18n.words_matrix	paraNdataMatrix[339][1][0]	str	ego
i18n.words_matrix	paraNdataMatrix[339][1][1]	str	humble
i18n.words_matrix	paraNdataMatrix[339][2]	set	0
i18n.words_matrix	paraNdataMatrix[339][3]	set	1
i18n.words_matrix	paraNdataMatrix[339][3][0]	tuple	2
i18n.words_matrix	paraNdataMatrix[339][3][0][0]	int	277
i18n.words_matrix	paraNdataMatrix[339][3][0][1]	int	278
i18n.words_matrix	paraNdataMatrix[340]	tuple	4
i18n.words_matrix	paraNdataMatrix[340][0]	ref	i18n.words_context:ParametersMain.konzept
i18n.words_matrix	paraNdataMatrix[340][1]	tuple	3
i18n.words_matrix	paraNdataMatrix[340][1][0]	str	selfishness_wantingYourOwnI_etc
i18n.words_matrix	paraNdataMatrix[340][1][1]	str	selfishness
i18n.words_matrix	paraNdataMatrix[340][1][2]	str	IAddiction
i18n.words_matrix	paraNdataMatrix[340][2]	set	0
i18n.words_matrix	paraNdataMatrix[340][3]	set	1
i18n.words_matrix	paraNdataMatrix[340][3][0]	tuple	2
i18n.words_matrix	paraNdataMatrix[340][3][0][0]	int	274
i18n.words_matrix	paraNdataMatrix[340][3][0][1]	int	275
i18n.words_matrix	paraNdataMatrix[341]	tuple	4
i18n.words_matrix	paraNdataMatrix[341][0]	ref	i18n.words_context:ParametersMain.konzept
i18n.words_matrix	paraNdataMatrix[341][1]	tuple	5
i18n.words_matrix	paraNdataMatrix[341][1][0]	str	research_invention_engagement
i18n.words_matrix	paraNdataMatrix[341][1][1]	str	science
i18n.words_matrix	paraNdataMatrix[341][1][2]	str	research
i18n.words_matrix	paraNdataMatrix[341][1][3]	str	latchOn
i18n.words_matrix	paraNdataMatrix[341][1][4]	str	invent
i18n.words_matrix	paraNdataMatrix[341][2]	set	0
i18n.words_matrix	paraNdataMatrix[341][3]	set	1
i18n.words_matrix	paraNdataMatrix[341][3][0]	tuple	2
i18n.words_matrix	paraNdataMatrix[341][3][0][0]	int	258
i18n.words_matrix	paraNdataMatrix[341][3][0][1]	int	259
i18n.words_matrix	paraNdataMatrix[342]	tuple	4
i18n.words_matrix	paraNdataMatrix[342][0]	ref	i18n.words_context:ParametersMain.konzept
i18n.words_matrix	paraNdataMatrix[342][1]	tuple	4
i18n.words_matrix	paraNdataMatrix[342][1][0]	str	cooperation_vs_ass
i18n.words_matrix	paraNdataMatrix[342][1][1]	str	asshole
i18n.words_matrix	paraNdataMatrix[342][1][2]	str	cooperation
i18n.words_matrix	paraNdataMatrix[342][1][3]	str	ass
i18n.words_matrix	paraNdataMatrix[342][2]	set	0
i18n.words_matrix	paraNdataMatrix[342][3]	set	1
i18n.words_matrix	paraNdataMatrix[342][3][0]	tuple	2
i18n.words_matrix	paraNdataMatrix[342][3][0][0]	int	245
i18n.words_matrix	paraNdataMatrix[342][3][0][1]	int	246
i18n.words_matrix	paraNdataMatrix[343]	tuple	4
i18n.words_matrix	paraNdataMatrix[343][0]	ref	i18n.words_context:ParametersMain.konzept
i18n.words_matrix	paraNdataMatrix[343][1]	tuple	3
i18n.words_matrix	paraNdataMatrix[343][1][0]	str	love_etc
i18n.words_matrix	paraNdataMatrix[343][1][1]	str	love
i18n.words_matrix	paraNdataMatrix[343][1][2]	str	affection
i18n.words_matrix	paraNdataMatrix[343][2]	set	0
i18n.words_matrix	paraNdataMatrix[343][3]	set	1
i18n.words_matrix	paraNdataMatrix[343][3][0]	tuple	2
i18n.words_matrix	paraNdataMatrix[343][3][0][0]	int	247
i18n.words_matrix	paraNdataMatrix[343][3][0][1]	int	248
i18n.words_matrix	paraNdataMatrix[344]	tuple	4
i18n.words_matrix	paraNdataMatrix[344][0]	ref	i18n.words_context:ParametersMain.konzept
i18n.words_matrix	paraNdataMatrix[344][1]	tuple	3
i18n.words_matrix	paraNdataMatrix[344][1][0]	str	selflessness_Ilessness_etc
i18n.words_matrix	paraNdataMatrix[344][1][1]	str	selfless
i18n.words_matrix	paraNdataMatrix[344][1][2]	str	Iless
i18n.words_matrix	paraNdataMatrix[344][2]	set	0
i18n.words_matrix	paraNdataMatrix[344][3]	set	1
i18n.words_matrix	paraNdataMatrix[344][3][0]	tuple	2
i18n.words_matrix	paraNdataMatrix[344][3][0][0]	int	238
i18n.words_matrix	paraNdataMatrix[344][3][0][1]	int	239
i18n.words_matrix	paraNdataMatrix[345]	tuple	4
i18n.words_matrix	paraNdataMatrix[345][0]	ref	i18n.words_context:ParametersMain.konzept
i18n.words_matrix	paraNdataMatrix[345][1]	tuple	4
i18n.words_matrix	paraNdataMatrix[345][1][0]	str	varied_monotonous
i18n.words_matrix	paraNdataMatrix[345][1][1]	str	monotonous
i18n.words_matrix	paraNdataMatrix[345][1][2]	str	monotonous
i18n.words_matrix	paraNdataMatrix[345][1][3]	str	varied
i18n.words_matrix	paraNdataMatrix[345][2]	set	0
i18n.words_matrix	paraNdataMatrix[345][3]	set	1
i18n.words_matrix	paraNdataMatrix[345][3][0]	tuple	2
i18n.words_matrix	paraNdataMatrix[345][3][0][0]	int	236
i18n.words_matrix	paraNdataMatrix[345][3][0][1]	int	237
i18n.words_matrix	paraNdataMatrix[346]	tuple	4
i18n.words_matrix	paraNdataMatrix[346][0]	ref	i18n.words_context:ParametersMain.konzept
i18n.words_matrix	paraNdataMatrix[346][1]	tuple	5
i18n.words_matrix	paraNdataMatrix[346][1][0]	str	affection_dislike
i18n.words_matrix	paraNdataMatrix[346][1][1]	str	averse
i18n.words_matrix	paraNdataMatrix[346][1][2]	str	affectionate
i18n.words_matrix	paraNdataMatrix[346][1][3]	str	reserved
i18n.words_matrix	paraNdataMatrix[346][1][4]	str	inclined
i18n.words_matrix	paraNdataMatrix[346][2]	set	0
i18n.words_matrix	paraNdataMatrix[346][3]	set	1
i18n.words_matrix	paraNdataMatrix[346][3][0]	tuple	2
i18n.words_matrix	paraNdataMatrix[346][3][0][0]	int	199
i18n.words_matrix	paraNdataMatrix[346][3][0][1]	int	200
i18n.words_matrix	paraNdataMatrix[347]	tuple	4
i18n.words_matrix	paraNdataMatrix[347][0]	ref	i18n.words_context:ParametersMain.menschliches
i18n.words_matrix	paraNdataMatrix[347][1]	tuple	4
i18n.words_matrix	paraNdataMatrix[347][1][0]	str	honest_vs_polite
i18n.words_matrix	paraNdataMatrix[347][1][1]	str	honest
i18n.words_matrix	paraNdataMatrix[347][1][2]	str	polite
i18n.words_matrix	paraNdataMatrix[347][1][3]	str	courteous
i18n.words_matrix	paraNdataMatrix[347][2]	set	0
i18n.words_matrix	paraNdataMatrix[347][3]	set	1
i18n.words_matrix	paraNdataMatrix[347][3][0]	tuple	2
i18n.words_matrix	paraNdataMatrix[347][3][0][0]	int	224
i18n.words_matrix	paraNdataMatrix[347][3][0][1]	int	225
i18n.words_matrix	paraNdataMatrix[348]	tuple	4
i18n.words_matrix	paraNdataMatrix[348][0]	ref	i18n.words_context:ParametersMain.konzept
i18n.words_matrix	paraNdataMatrix[348][1]	tuple	4
i18n.words_matrix	paraNdataMatrix[348][1][0]	str	honest_vs_polite
i18n.words_matrix	paraNdataMatrix[348][1][1]	str	honest
i18n.words_matrix	paraNdataMatrix[348][1][2]	str	polite
i18n.words_matrix	paraNdataMatrix[348][1][3]	str	courteous
i18n.words_matrix	paraNdataMatrix[348][2]	set	0
i18n.words_matrix	paraNdataMatrix[348][3]	set	1
i18n.words_matrix	paraNdataMatrix[348][3][0]	ref	i18n.words_matrix:paraNdataMatrix[347][3][0]
i18n.words_matrix	paraNdataMatrix[349]	tuple	4
i18n.words_matrix	paraNdataMatrix[349][0]	ref	i18n.words_context:ParametersMain.konzept
i18n.words_matrix	paraNdataMatrix[349][1]	tuple	2
i18n.words_matrix	paraNdataMatrix[349][1][0]	str	scope
i18n.words_matrix	paraNdataMatrix[349][1][1]	str	scope
i18n.words_matrix	paraNdataMatrix[349][2]	set	0
i18n.words_matrix	paraNdataMatrix[349][3]	set	1
i18n.words_matrix	paraNdataMatrix[349][3][0]	tuple	2
i18n.words_matrix	paraNdataMatrix[349][3][0][0]	int	211
i18n.words_matrix	paraNdataMatrix[349][3][0][1]	int	212
i18n.words_matrix	paraNdataMatrix[350]	tuple	4
i18n.words_matrix	paraNdataMatrix[350][0]	ref	i18n.words_context:ParametersMain.konzept
i18n.words_matrix	paraNdataMatrix[350][1]	tuple	2
i18n.words_matrix	paraNdataMatrix[350][1][0]	str	valuable
i18n.words_matrix	paraNdataMatrix[350][1][1]	str	worthless
i18n.words_matrix	paraNdataMatrix[350][2]	set	0
i18n.words_matrix	paraNdataMatrix[350][3]	set	1
i18n.words_matrix	paraNdataMatrix[350][3][0]	tuple	2
i18n.words_matrix	paraNdataMatrix[350][3][0][0]	int	186
i18n.words_matrix	paraNdataMatrix[350][3][0][1]	int	187
i18n.words_matrix	paraNdataMatrix[351]	tuple	4
i18n.words_matrix	paraNdataMatrix[351][0]	ref	i18n.words_context:ParametersMain.konzept
i18n.words_matrix	paraNdataMatrix[351][1]	tuple	5
i18n.words_matrix	paraNdataMatrix[351][1][0]	str	gods_prophets_families_friends
i18n.words_matrix	paraNdataMatrix[351][1][1]	str	familial
i18n.words_matrix	paraNdataMatrix[351][1][2]	str	godly
i18n.words_matrix	paraNdataMatrix[351][1][3]	str	friends
i18n.words_matrix	paraNdataMatrix[351][1][4]	str	prophets
i18n.words_matrix	paraNdataMatrix[351][2]	set	0
i18n.words_matrix	paraNdataMatrix[351][3]	set	1
i18n.words_matrix	paraNdataMatrix[351][3][0]	tuple	2
i18n.words_matrix	paraNdataMatrix[351][3][0][0]	int	184
i18n.words_matrix	paraNdataMatrix[351][3][0][1]	int	185
i18n.words_matrix	paraNdataMatrix[352]	tuple	4
i18n.words_matrix	paraNdataMatrix[352][0]	ref	i18n.words_context:ParametersMain.konzept
i18n.words_matrix	paraNdataMatrix[352][1]	tuple	3
i18n.words_matrix	paraNdataMatrix[352][1][0]	str	gentle_vs_hard
i18n.words_matrix	paraNdataMatrix[352][1][1]	str	soft
i18n.words_matrix	paraNdataMatrix[352][1][2]	str	hard
i18n.words_matrix	paraNdataMatrix[352][2]	set	0
i18n.words_matrix	paraNdataMatrix[352][3]	set	2
i18n.words_matrix	paraNdataMatrix[352][3][0]	tuple	2
i18n.words_matrix	paraNdataMatrix[352][3][0][0]	int	159
i18n.words_matrix	paraNdataMatrix[352][3][0][1]	int	160
i18n.words_matrix	paraNdataMatrix[352][3][1]	tuple	2
i18n.words_matrix	paraNdataMatrix[352][3][1][0]	int	161
i18n.words_matrix	paraNdataMatrix[352][3][1][1]	int	162
i18n.words_matrix	paraNdataMatrix[353]	tuple	4
i18n.words_matrix	paraNdataMatrix[353][0]	ref	i18n.words_context:ParametersMain.konzept
i18n.words_matrix	paraNdataMatrix[353][1]	tuple	6
i18n.words_matrix	paraNdataMatrix[353][1][0]	str	unite_vs_connect
i18n.words_matrix	paraNdataMatrix[353][1][1]	str	uniteConnect
i18n.words_matrix	paraNdataMatrix[353][1][2]	str	unite
i18n.words_matrix	paraNdataMatrix[353][1][3]	str	connect
i18n.words_matrix	paraNdataMatrix[353][1][4]	str	unity
i18n.words_matrix	paraNdataMatrix[353][1][5]	str	connect
i18n.words_matrix	paraNdataMatrix[353][2]	set	0
i18n.words_matrix	paraNdataMatrix[353][3]	set	1
i18n.words_matrix	paraNdataMatrix[353][3][0]	tuple	2
i18n.words_matrix	paraNdataMatrix[353][3][0][0]	int	133
i18n.words_matrix	paraNdataMatrix[353][3][0][1]	int	134
i18n.words_matrix	paraNdataMatrix[354]	tuple	3
i18n.words_matrix	paraNdataMatrix[354][0]	ref	i18n.words_context:ParametersMain.konzept
i18n.words_matrix	paraNdataMatrix[354][1]	tuple	2
i18n.words_matrix	paraNdataMatrix[354][1][0]	str	similar
i18n.words_matrix	paraNdataMatrix[354][1][1]	str	similar
i18n.words_matrix	paraNdataMatrix[354][2]	set	1
i18n.words_matrix	paraNdataMatrix[354][2][0]	int	220
i18n.words_matrix	paraNdataMatrix[355]	tuple	4
i18n.words_matrix	paraNdataMatrix[355][0]	ref	i18n.words_context:ParametersMain.konzept
i18n.words_matrix	paraNdataMatrix[355][1]	tuple	6
i18n.words_matrix	paraNdataMatrix[355][1][0]	str	good_evil_love_bad
i18n.words_matrix	paraNdataMatrix[355][1][1]	str	good
i18n.words_matrix	paraNdataMatrix[355][1][2]	str	evil
i18n.words_matrix	paraNdataMatrix[355][1][3]	str	evil
i18n.words_matrix	paraNdataMatrix[355][1][4]	str	kind
i18n.words_matrix	paraNdataMatrix[355][1][5]	str	bad
i18n.words_matrix	paraNdataMatrix[355][2]	set	2
i18n.words_matrix	paraNdataMatrix[355][2][0]	int	52
i18n.words_matrix	paraNdataMatrix[355][2][1]	int	53
i18n.words_matrix	paraNdataMatrix[355][3]	set	1
i18n.words_matrix	paraNdataMatrix[355][3][0]	tuple	2
i18n.words_matrix	paraNdataMatrix[355][3][0][0]	int	38
i18n.words_matrix	paraNdataMatrix[355][3][0][1]	int	39
i18n.words_matrix	paraNdataMatrix[356]	tuple	4
i18n.words_matrix	paraNdataMatrix[356][0]	ref	i18n.words_context:ParametersMain.konzept
i18n.words_matrix	paraNdataMatrix[356][1]	tuple	4
i18n.words_matrix	paraNdataMatrix[356][1][0]	str	meaning_and_purpose_of_life
i18n.words_matrix	paraNdataMatrix[356][1][1]	str	senseAndMeaning
i18n.words_matrix	paraNdataMatrix[356][1][2]	str	purpose
i18n.words_matrix	paraNdataMatrix[356][1][3]	str	meaning
i18n.words_matrix	paraNdataMatrix[356][2]	set	2
i18n.words_matrix	paraNdataMatrix[356][2][0]	int	189
i18n.words_matrix	paraNdataMatrix[356][2][1]	int	88
i18n.words_matrix	paraNdataMatrix[356][3]	set	1
i18n.words_matrix	paraNdataMatrix[356][3][0]	ref	i18n.words_matrix:paraNdataMatrix[169][3][0]
i18n.words_matrix	paraNdataMatrix[357]	tuple	4
i18n.words_matrix	paraNdataMatrix[357][0]	ref	i18n.words_context:ParametersMain.konzept
i18n.words_matrix	paraNdataMatrix[357][1]	tuple	5
i18n.words_matrix	paraNdataMatrix[357][1][0]	str	time_vs_space
i18n.words_matrix	paraNdataMatrix[357][1][1]	str	time
i18n.words_matrix	paraNdataMatrix[357][1][2]	str	space
i18n.words_matrix	paraNdataMatrix[357][1][3]	str	time
i18n.words_matrix	paraNdataMatrix[357][1][4]	str	spatially
i18n.words_matrix	paraNdataMatrix[357][2]	set	0
i18n.words_matrix	paraNdataMatrix[357][3]	set	1
i18n.words_matrix	paraNdataMatrix[357][3][0]	tuple	2
i18n.words_matrix	paraNdataMatrix[357][3][0][0]	int	49
i18n.words_matrix	paraNdataMatrix[357][3][0][1]	int	50
i18n.words_matrix	paraNdataMatrix[358]	tuple	4
i18n.words_matrix	paraNdataMatrix[358][0]	ref	i18n.words_context:ParametersMain.konzept
i18n.words_matrix	paraNdataMatrix[358][1]	tuple	6
i18n.words_matrix	paraNdataMatrix[358][1][0]	str	egalitarian_vs_authoritarian
i18n.words_matrix	paraNdataMatrix[358][1][1]	str	egalitarianAuthoritarian
i18n.words_matrix	paraNdataMatrix[358][1][2]	str	egalitarian
i18n.words_matrix	paraNdataMatrix[358][1][3]	str	authoritarian
i18n.words_matrix	paraNdataMatrix[358][1][4]	str	egalitarian
i18n.words_matrix	paraNdataMatrix[358][1][5]	str	authoritarian
i18n.words_matrix	paraNdataMatrix[358][2]	set	0
i18n.words_matrix	paraNdataMatrix[358][3]	set	1
i18n.words_matrix	paraNdataMatrix[358][3][0]	tuple	2
i18n.words_matrix	paraNdataMatrix[358][3][0][0]	int	163
i18n.words_matrix	paraNdataMatrix[358][3][0][1]	int	164
i18n.words_matrix	paraNdataMatrix[359]	tuple	4
i18n.words_matrix	paraNdataMatrix[359][0]	ref	i18n.words_context:ParametersMain.konzept
i18n.words_matrix	paraNdataMatrix[359][1]	tuple	4
i18n.words_matrix	paraNdataMatrix[359][1][0]	str	opinions_and_reputation
i18n.words_matrix	paraNdataMatrix[359][1][1]	str	opinions
i18n.words_matrix	paraNdataMatrix[359][1][2]	str	otherpeople
i18n.words_matrix	paraNdataMatrix[359][1][3]	str	reputation
i18n.words_matrix	paraNdataMatrix[359][2]	set	0
i18n.words_matrix	paraNdataMatrix[359][3]	set	1
i18n.words_matrix	paraNdataMatrix[359][3][0]	tuple	2
i18n.words_matrix	paraNdataMatrix[359][3][0][0]	int	60
i18n.words_matrix	paraNdataMatrix[359][3][0][1]	int	61
i18n.words_matrix	paraNdataMatrix[360]	tuple	4
i18n.words_matrix	paraNdataMatrix[360][0]	ref	i18n.words_context:ParametersMain.konzept
i18n.words_matrix	paraNdataMatrix[360][1]	tuple	3
i18n.words_matrix	paraNdataMatrix[360][1][0]	str	opinionintelligence
i18n.words_matrix	paraNdataMatrix[360][1][1]	str	opinionintelligence
i18n.words_matrix	paraNdataMatrix[360][1][2]	str	originintelligence
i18n.words_matrix	paraNdataMatrix[360][2]	set	0
i18n.words_matrix	paraNdataMatrix[360][3]	set	1
i18n.words_matrix	paraNdataMatrix[360][3][0]	tuple	2
i18n.words_matrix	paraNdataMatrix[360][3][0][0]	int	151
i18n.words_matrix	paraNdataMatrix[360][3][0][1]	int	152
i18n.words_matrix	paraNdataMatrix[361]	tuple	4
i18n.words_matrix	paraNdataMatrix[361][0]	ref	i18n.words_context:ParametersMain.konzept
i18n.words_matrix	paraNdataMatrix[361][1]	tuple	3
i18n.words_matrix	paraNdataMatrix[361][1][0]	str	morality
i18n.words_matrix	paraNdataMatrix[361][1][1]	str	morality
i18n.words_matrix	paraNdataMatrix[361][1][2]	str	gettingNear
i18n.words_matrix	paraNdataMatrix[361][2]	set	0
i18n.words_matrix	paraNdataMatrix[361][3]	set	1
i18n.words_matrix	paraNdataMatrix[361][3][0]	tuple	2
i18n.words_matrix	paraNdataMatrix[361][3][0][0]	int	179
i18n.words_matrix	paraNdataMatrix[361][3][0][1]	int	180
i18n.words_matrix	paraNdataMatrix[362]	tuple	4
i18n.words_matrix	paraNdataMatrix[362][0]	ref	i18n.words_context:ParametersMain.konzept
i18n.words_matrix	paraNdataMatrix[362][1]	tuple	3
i18n.words_matrix	paraNdataMatrix[362][1][0]	str	leadership
i18n.words_matrix	paraNdataMatrix[362][1][1]	str	leadership
i18n.words_matrix	paraNdataMatrix[362][1][2]	str	leadership
i18n.words_matrix	paraNdataMatrix[362][2]	set	0
i18n.words_matrix	paraNdataMatrix[362][3]	set	1
i18n.words_matrix	paraNdataMatrix[362][3][0]	tuple	2
i18n.words_matrix	paraNdataMatrix[362][3][0][0]	int	173
i18n.words_matrix	paraNdataMatrix[362][3][0][1]	int	174
i18n.words_matrix	paraNdataMatrix[363]	tuple	4
i18n.words_matrix	paraNdataMatrix[363][0]	ref	i18n.words_context:ParametersMain.konzept
i18n.words_matrix	paraNdataMatrix[363][1]	tuple	3
i18n.words_matrix	paraNdataMatrix[363][1][0]	str	X-ray
i18n.words_matrix	paraNdataMatrix[363][1][1]	str	X-ray
i18n.words_matrix	paraNdataMatrix[363][1][2]	str	illuminate
i18n.words_matrix	paraNdataMatrix[363][2]	set	0
i18n.words_matrix	paraNdataMatrix[363][3]	set	1
i18n.words_matrix	paraNdataMatrix[363][3][0]	tuple	2
i18n.words_matrix	paraNdataMatrix[363][3][0][0]	int	177
i18n.words_matrix	paraNdataMatrix[363][3][0][1]	int	178
i18n.words_matrix	paraNdataMatrix[364]	tuple	4
i18n.words_matrix	paraNdataMatrix[364][0]	ref	i18n.words_context:ParametersMain.konzept
i18n.words_matrix	paraNdataMatrix[364][1]	tuple	7
i18n.words_matrix	paraNdataMatrix[364][1][0]	str	encourage_sensitize_and_grant
i18n.words_matrix	paraNdataMatrix[364][1][1]	str	encourage
i18n.words_matrix	paraNdataMatrix[364][1][2]	str	promote
i18n.words_matrix	paraNdataMatrix[364][1][3]	str	limit
i18n.words_matrix	paraNdataMatrix[364][1][4]	str	raiseawareness
i18n.words_matrix	paraNdataMatrix[364][1][5]	str	thrive
i18n.words_matrix	paraNdataMatrix[364][1][6]	str	spoil
i18n.words_matrix	paraNdataMatrix[364][2]	set	0
i18n.words_matrix	paraNdataMatrix[364][3]	set	1
i18n.words_matrix	paraNdataMatrix[364][3][0]	tuple	2
i18n.words_matrix	paraNdataMatrix[364][3][0][0]	int	175
i18n.words_matrix	paraNdataMatrix[364][3][0][1]	int	176
i18n.words_matrix	paraNdataMatrix[365]	tuple	4
i18n.words_matrix	paraNdataMatrix[365][0]	ref	i18n.words_context:ParametersMain.konzept
i18n.words_matrix	paraNdataMatrix[365][1]	tuple	5
i18n.words_matrix	paraNdataMatrix[365][1][0]	str	arrogance
i18n.words_matrix	paraNdataMatrix[365][1][1]	str	arrogant
i18n.words_matrix	paraNdataMatrix[365][1][2]	str	arrogance
i18n.words_matrix	paraNdataMatrix[365][1][3]	str	arrogance
i18n.words_matrix	paraNdataMatrix[365][1][4]	str	arrogant
i18n.words_matrix	paraNdataMatrix[365][2]	set	0
i18n.words_matrix	paraNdataMatrix[365][3]	set	1
i18n.words_matrix	paraNdataMatrix[365][3][0]	tuple	2
i18n.words_matrix	paraNdataMatrix[365][3][0][0]	int	171
i18n.words_matrix	paraNdataMatrix[365][3][0][1]	int	172
i18n.words_matrix	paraNdataMatrix[366]	tuple	4
i18n.words_matrix	paraNdataMatrix[366][0]	ref	i18n.words_context:ParametersMain.konzept
i18n.words_matrix	paraNdataMatrix[366][1]	tuple	2
i18n.words_matrix	paraNdataMatrix[366][1][0]	str	polarity_of_love
i18n.words_matrix	paraNdataMatrix[366][1][1]	str	polarityOfLove
i18n.words_matrix	paraNdataMatrix[366][2]	set	0
i18n.words_matrix	paraNdataMatrix[366][3]	set	1
i18n.words_matrix	paraNdataMatrix[366][3][0]	ref	i18n.words_matrix:paraNdataMatrix[180][3][0]
i18n.words_matrix	paraNdataMatrix[367]	tuple	4
i18n.words_matrix	paraNdataMatrix[367][0]	ref	i18n.words_context:ParametersMain.konzept
i18n.words_matrix	paraNdataMatrix[367][1]	tuple	5
i18n.words_matrix	paraNdataMatrix[367][1][0]	str	egoism_vs_altruism
i18n.words_matrix	paraNdataMatrix[367][1][1]	str	egoism
i18n.words_matrix	paraNdataMatrix[367][1][2]	str	altruism
i18n.words_matrix	paraNdataMatrix[367][1][3]	str	egoist
i18n.words_matrix	paraNdataMatrix[367][1][4]	str	altruist
i18n.words_matrix	paraNdataMatrix[367][2]	set	1
i18n.words_matrix	paraNdataMatrix[367][2][0]	int	136
i18n.words_matrix	paraNdataMatrix[367][3]	set	1
i18n.words_matrix	paraNdataMatrix[367][3][0]	ref	i18n.words_matrix:paraNdataMatrix[175][3][0]
i18n.words_matrix	paraNdataMatrix[368]	tuple	4
i18n.words_matrix	paraNdataMatrix[368][0]	ref	i18n.words_context:ParametersMain.konzept
i18n.words_matrix	paraNdataMatrix[368][1]	tuple	3
i18n.words_matrix	paraNdataMatrix[368][1][0]	str	causal
i18n.words_matrix	paraNdataMatrix[368][1][1]	str	cachetPrestigeValidity
i18n.words_matrix	paraNdataMatrix[368][1][2]	str	genesis
i18n.words_matrix	paraNdataMatrix[368][2]	set	0
i18n.words_matrix	paraNdataMatrix[368][3]	set	1
i18n.words_matrix	paraNdataMatrix[368][3][0]	tuple	2
i18n.words_matrix	paraNdataMatrix[368][3][0][0]	int	110
i18n.words_matrix	paraNdataMatrix[368][3][0][1]	int	111
i18n.words_matrix	paraNdataMatrix[369]	tuple	4
i18n.words_matrix	paraNdataMatrix[369][0]	ref	i18n.words_context:ParametersMain.konzept
i18n.words_matrix	paraNdataMatrix[369][1]	tuple	2
i18n.words_matrix	paraNdataMatrix[369][1][0]	str	equality
i18n.words_matrix	paraNdataMatrix[369][1][1]	str	equal
i18n.words_matrix	paraNdataMatrix[369][2]	set	0
i18n.words_matrix	paraNdataMatrix[369][3]	set	1
i18n.words_matrix	paraNdataMatrix[369][3][0]	tuple	2
i18n.words_matrix	paraNdataMatrix[369][3][0][0]	int	192
i18n.words_matrix	paraNdataMatrix[369][3][0][1]	int	193
i18n.words_matrix	paraNdataMatrix[370]	tuple	4
i18n.words_matrix	paraNdataMatrix[370][0]	ref	i18n.words_context:ParametersMain.konzept
i18n.words_matrix	paraNdataMatrix[370][1]	tuple	2
i18n.words_matrix	paraNdataMatrix[370][1][0]	str	survival
i18n.words_matrix	paraNdataMatrix[370][1][1]	str	survive
i18n.words_matrix	paraNdataMatrix[370][2]	set	0
i18n.words_matrix	paraNdataMatrix[370][3]	set	1
i18n.words_matrix	paraNdataMatrix[370][3][0]	tuple	2
i18n.words_matrix	paraNdataMatrix[370][3][0][0]	int	194
i18n.words_matrix	paraNdataMatrix[370][3][0][1]	int	195
i18n.words_matrix	paraNdataMatrix[371]	tuple	3
i18n.words_matrix	paraNdataMatrix[371][0]	ref	i18n.words_context:ParametersMain.inkrementieren
i18n.words_matrix	paraNdataMatrix[371][1]	set	0
i18n.words_matrix	paraNdataMatrix[371][2]	set	4
i18n.words_matrix	paraNdataMatrix[371][2][0]	int	43
i18n.words_matrix	paraNdataMatrix[371][2][1]	int	54
i18n.words_matrix	paraNdataMatrix[371][2][2]	int	74
i18n.words_matrix	paraNdataMatrix[371][2][3]	int	95
i18n.words_matrix	paraNdataMatrix[372]	tuple	3
i18n.words_matrix	paraNdataMatrix[372][0]	ref	i18n.words_context:ParametersMain.inkrementieren
i18n.words_matrix	paraNdataMatrix[372][1]	tuple	1
i18n.words_matrix	paraNdataMatrix[372][1][0]	str	of1
i18n.words_matrix	paraNdataMatrix[372][2]	set	1
i18n.words_matrix	paraNdataMatrix[372][2][0]	int	155
i18n.words_matrix	paraNdataMatrix[373]	tuple	3
i18n.words_matrix	paraNdataMatrix[373][0]	ref	i18n.words_context:ParametersMain.inkrementieren
i18n.words_matrix	paraNdataMatrix[373][1]	tuple	1
i18n.words_matrix	paraNdataMatrix[373][1][0]	str	of2
i18n.words_matrix	paraNdataMatrix[373][2]	set	1
i18n.words_matrix	paraNdataMatrix[373][2][0]	int	156
i18n.words_matrix	paraNdataMatrix[374]	tuple	3
i18n.words_matrix	paraNdataMatrix[374][0]	ref	i18n.words_context:ParametersMain.inkrementieren
i18n.words_matrix	paraNdataMatrix[374][1]	tuple	1
i18n.words_matrix	paraNdataMatrix[374][1][0]	str	of3
i18n.words_matrix	paraNdataMatrix[374][2]	set	1
i18n.words_matrix	paraNdataMatrix[374][2][0]	int	157
i18n.words_matrix	paraNdataMatrix[375]	tuple	3
i18n.words_matrix	paraNdataMatrix[375][0]	ref	i18n.words_context:ParametersMain.inkrementieren
i18n.words_matrix	paraNdataMatrix[375][1]	tuple	2
i18n.words_matrix	paraNdataMatrix[375][1][0]	str	why_transcendental_=_structure_size_=_character
i18n.words_matrix	paraNdataMatrix[375][1][1]	str	whytranscendentalstructuralsizeandcharacter
i18n.words_matrix	paraNdataMatrix[375][2]	set	4
i18n.words_matrix	paraNdataMatrix[375][2][0]	int	165
i18n.words_matrix	paraNdataMatrix[375][2][1]	int	4
i18n.words_matrix	paraNdataMatrix[375][2][2]	int	5
i18n.words_matrix	paraNdataMatrix[375][2][3]	int	54
i18n.words_matrix	paraNdataMatrix[376]	tuple	3
i18n.words_matrix	paraNdataMatrix[376][0]	ref	i18n.words_context:ParametersMain.inkrementieren
i18n.words_matrix	paraNdataMatrix[376][1]	tuple	2
i18n.words_matrix	paraNdataMatrix[376][1][0]	str	why_transcendental_=_complexity_by_Michael_Commons
i18n.words_matrix	paraNdataMatrix[376][1][1]	str	whyTranscendentalEqualsComplexity
i18n.words_matrix	paraNdataMatrix[376][2]	set	3
i18n.words_matrix	paraNdataMatrix[376][2][0]	int	166
i18n.words_matrix	paraNdataMatrix[376][2][1]	int	5
i18n.words_matrix	paraNdataMatrix[376][2][2]	int	65
i18n.words_matrix	paraNdataMatrix[377]	tuple	3
i18n.words_matrix	paraNdataMatrix[377][0]	ref	i18n.words_context:ParametersMain.primvielfache
i18n.words_matrix	paraNdataMatrix[377][1]	tuple	2
i18n.words_matrix	paraNdataMatrix[377][1][0]	str	Framework-conditions
i18n.words_matrix	paraNdataMatrix[377][1][1]	str	frame
i18n.words_matrix	paraNdataMatrix[377][2]	set	1
i18n.words_matrix	paraNdataMatrix[377][2][0]	int	226
i18n.words_matrix	paraNdataMatrix[378]	tuple	10
i18n.words_matrix	paraNdataMatrix[378][0]	ref	i18n.words_context:ParametersMain.primvielfache
i18n.words_matrix	paraNdataMatrix[378][1]	tuple	2
i18n.words_matrix	paraNdataMatrix[378][1][0]	str	motifs_uniform_polygons
i18n.words_matrix	paraNdataMatrix[378][1][1]	str	motifRegularPolygons
i18n.words_matrix	paraNdataMatrix[378][2]	set	0
i18n.words_matrix	paraNdataMatrix[378][3]	set	0
i18n.words_matrix	paraNdataMatrix[378][4]	set	0
i18n.words_matrix	paraNdataMatrix[378][5]	set	0
i18n.words_matrix	paraNdataMatrix[378][6]	set	0
i18n.words_matrix	paraNdataMatrix[378][7]	set	0
i18n.words_matrix	paraNdataMatrix[378][8]	set	0
i18n.words_matrix	paraNdataMatrix[378][9]	set	1
i18n.words_matrix	paraNdataMatrix[378][9][0]	str	primMotivGleichf
i18n.words_matrix	paraNdataMatrix[379]	tuple	10
i18n.words_matrix	paraNdataMatrix[379][0]	ref	i18n.words_context:ParametersMain.primvielfache
i18n.words_matrix	paraNdataMatrix[379][1]	tuple	2
i18n.words_matrix	paraNdataMatrix[379][1][0]	str	structure_regular_polygons
i18n.words_matrix	paraNdataMatrix[379][1][1]	str	structureRegularPolygons
i18n.words_matrix	paraNdataMatrix[379][2]	set	0
i18n.words_matrix	paraNdataMatrix[379][3]	set	0
i18n.words_matrix	paraNdataMatrix[379][4]	set	0
i18n.words_matrix	paraNdataMatrix[379][5]	set	0
i18n.words_matrix	paraNdataMatrix[379][6]	set	0
i18n.words_matrix	paraNdataMatrix[379][7]	set	0
i18n.words_matrix	paraNdataMatrix[379][8]	set	0
i18n.words_matrix	paraNdataMatrix[379][9]	set	1
i18n.words_matrix	paraNdataMatrix[379][9][0]	str	primStrukGleichf
i18n.words_matrix	paraNdataMatrix[380]	tuple	10
i18n.words_matrix	paraNdataMatrix[380][0]	ref	i18n.words_context:ParametersMain.primvielfache
i18n.words_matrix	paraNdataMatrix[380][1]	tuple	2
i18n.words_matrix	paraNdataMatrix[380][1][0]	str	Motifs_starpolygons
i18n.words_matrix	paraNdataMatrix[380][1][1]	str	motifStar
i18n.words_matrix	paraNdataMatrix[380][2]	set	0
i18n.words_matrix	paraNdataMatrix[380][3]	set	0
i18n.words_matrix	paraNdataMatrix[380][4]	set	0
i18n.words_matrix	paraNdataMatrix[380][5]	set	0
i18n.words_matrix	paraNdataMatrix[380][6]	set	0
i18n.words_matrix	paraNdataMatrix[380][7]	set	0
i18n.words_matrix	paraNdataMatrix[380][8]	set	0
i18n.words_matrix	paraNdataMatrix[380][9]	set	1
i18n.words_matrix	paraNdataMatrix[380][9][0]	str	primMotivStern
i18n.words_matrix	paraNdataMatrix[381]	tuple	10
i18n.words_matrix	paraNdataMatrix[381][0]	ref	i18n.words_context:ParametersMain.primvielfache
i18n.words_matrix	paraNdataMatrix[381][1]	tuple	2
i18n.words_matrix	paraNdataMatrix[381][1][0]	str	structure_star_polygons
i18n.words_matrix	paraNdataMatrix[381][1][1]	str	structureStar
i18n.words_matrix	paraNdataMatrix[381][2]	set	0
i18n.words_matrix	paraNdataMatrix[381][3]	set	0
i18n.words_matrix	paraNdataMatrix[381][4]	set	0
i18n.words_matrix	paraNdataMatrix[381][5]	set	0
i18n.words_matrix	paraNdataMatrix[381][6]	set	0
i18n.words_matrix	paraNdataMatrix[381][7]	set	0
i18n.words_matrix	paraNdataMatrix[381][8]	set	0
i18n.words_matrix	paraNdataMatrix[381][9]	set	1
i18n.words_matrix	paraNdataMatrix[381][9][0]	str	primStrukStern
i18n.words_matrix	paraNdataMatrix[382]	tuple	10
i18n.words_matrix	paraNdataMatrix[382][0]	ref	i18n.words_context:ParametersMain.primvielfache
i18n.words_matrix	paraNdataMatrix[382][1]	tuple	2
i18n.words_matrix	paraNdataMatrix[382][1][0]	str	motif_star_polygon_fractioned-rational
i18n.words_matrix	paraNdataMatrix[382][1][1]	str	motifStar
i18n.words_matrix	paraNdataMatrix[382][2]	set	0
i18n.words_matrix	paraNdataMatrix[382][3]	set	0
i18n.words_matrix	paraNdataMatrix[382][4]	set	0
i18n.words_matrix	paraNdataMatrix[382][5]	set	0
i18n.words_matrix	paraNdataMatrix[382][6]	set	0
i18n.words_matrix	paraNdataMatrix[382][7]	set	0
i18n.words_matrix	paraNdataMatrix[382][8]	set	0
i18n.words_matrix	paraNdataMatrix[382][9]	set	1
i18n.words_matrix	paraNdataMatrix[382][9][0]	str	primMotivSternGebr
i18n.words_matrix	paraNdataMatrix[383]	tuple	10
i18n.words_matrix	paraNdataMatrix[383][0]	ref	i18n.words_context:ParametersMain.primvielfache
i18n.words_matrix	paraNdataMatrix[383][1]	tuple	2
i18n.words_matrix	paraNdataMatrix[383][1][0]	str	structure_star_polygon_fractioned-rational
i18n.words_matrix	paraNdataMatrix[383][1][1]	str	strukgebrstern
i18n.words_matrix	paraNdataMatrix[383][2]	set	0
i18n.words_matrix	paraNdataMatrix[383][3]	set	0
i18n.words_matrix	paraNdataMatrix[383][4]	set	0
i18n.words_matrix	paraNdataMatrix[383][5]	set	0
i18n.words_matrix	paraNdataMatrix[383][6]	set	0
i18n.words_matrix	paraNdataMatrix[383][7]	set	0
i18n.words_matrix	paraNdataMatrix[383][8]	set	0
i18n.words_matrix	paraNdataMatrix[383][9]	set	1
i18n.words_matrix	paraNdataMatrix[383][9][0]	str	primStrukSternGebr
i18n.words_matrix	paraNdataMatrix[384]	tuple	10
i18n.words_matrix	paraNdataMatrix[384][0]	ref	i18n.words_context:ParametersMain.primvielfache
i18n.words_matrix	paraNdataMatrix[384][1]	tuple	2
i18n.words_matrix	paraNdataMatrix[384][1][0]	str	motif_regular_polygons_fractioned-rational
i18n.words_matrix	paraNdataMatrix[384][1][1]	str	motifRegularf
i18n.words_matrix	paraNdataMatrix[384][2]	set	0
i18n.words_matrix	paraNdataMatrix[384][3]	set	0
i18n.words_matrix	paraNdataMatrix[384][4]	set	0
i18n.words_matrix	paraNdataMatrix[384][5]	set	0
i18n.words_matrix	paraNdataMatrix[384][6]	set	0
i18n.words_matrix	paraNdataMatrix[384][7]	set	0
i18n.words_matrix	paraNdataMatrix[384][8]	set	0
i18n.words_matrix	paraNdataMatrix[384][9]	set	1
i18n.words_matrix	paraNdataMatrix[384][9][0]	str	primMotivGleichfGebr
i18n.words_matrix	paraNdataMatrix[385]	tuple	10
i18n.words_matrix	paraNdataMatrix[385][0]	ref	i18n.words_context:ParametersMain.primvielfache
i18n.words_matrix	paraNdataMatrix[385][1]	tuple	2
i18n.words_matrix	paraNdataMatrix[385][1][0]	str	structure_regular_polygons_fractioned-rationall
i18n.words_matrix	paraNdataMatrix[385][1][1]	str	structureRegularF
i18n.words_matrix	paraNdataMatrix[385][2]	set	0
i18n.words_matrix	paraNdataMatrix[385][3]	set	0
i18n.words_matrix	paraNdataMatrix[385][4]	set	0
i18n.words_matrix	paraNdataMatrix[385][5]	set	0
i18n.words_matrix	paraNdataMatrix[385][6]	set	0
i18n.words_matrix	paraNdataMatrix[385][7]	set	0
i18n.words_matrix	paraNdataMatrix[385][8]	set	0
i18n.words_matrix	paraNdataMatrix[385][9]	set	1
i18n.words_matrix	paraNdataMatrix[385][9][0]	str	primStrukGleichfGebr
i18n.words_matrix	paraNdataMatrix[386]	tuple	10
i18n.words_matrix	paraNdataMatrix[386][0]	ref	i18n.words_context:ParametersMain.primvielfache
i18n.words_matrix	paraNdataMatrix[386][1]	tuple	1
i18n.words_matrix	paraNdataMatrix[386][1][0]	str	described
i18n.words_matrix	paraNdataMatrix[386][2]	set	0
i18n.words_matrix	paraNdataMatrix[386][3]	set	0
i18n.words_matrix	paraNdataMatrix[386][4]	set	0
i18n.words_matrix	paraNdataMatrix[386][5]	set	0
i18n.words_matrix	paraNdataMatrix[386][6]	set	0
i18n.words_matrix	paraNdataMatrix[386][7]	set	0
i18n.words_matrix	paraNdataMatrix[386][8]	set	0
i18n.words_matrix	paraNdataMatrix[386][9]	set	1
i18n.words_matrix	paraNdataMatrix[386][9][0]	str	PrimCSV
i18n.words_matrix	paraNdataMatrix[387]	tuple	3
i18n.words_matrix	paraNdataMatrix[387][0]	ref	i18n.words_context:ParametersMain.kontinuum
i18n.words_matrix	paraNdataMatrix[387][1]	tuple	3
i18n.words_matrix	paraNdataMatrix[387][1][0]	str	Q
i18n.words_matrix	paraNdataMatrix[387][1][1]	str	q
i18n.words_matrix	paraNdataMatrix[387][1][2]	str	Seventeen
i18n.words_matrix	paraNdataMatrix[387][2]	set	20
i18n.words_matrix	paraNdataMatrix[387][2][0]	int	431
i18n.words_matrix	paraNdataMatrix[387][2][1]	int	432
i18n.words_matrix	paraNdataMatrix[387][2][2]	int	433
i18n.words_matrix	paraNdataMatrix[387][2][3]	int	434
i18n.words_matrix	paraNdataMatrix[387][2][4]	int	437
i18n.words_matrix	paraNdataMatrix[387][2][5]	int	441
i18n.words_matrix	paraNdataMatrix[387][2][6]	int	442
i18n.words_matrix	paraNdataMatrix[387][2][7]	int	443
i18n.words_matrix	paraNdataMatrix[387][2][8]	int	445
i18n.words_matrix	paraNdataMatrix[387][2][9]	int	450
i18n.words_matrix	paraNdataMatrix[387][2][10]	int	467
i18n.words_matrix	paraNdataMatrix[387][2][11]	int	468
i18n.words_matrix	paraNdataMatrix[387][2][12]	int	469
i18n.words_matrix	paraNdataMatrix[387][2][13]	int	487
i18n.words_matrix	paraNdataMatrix[387][2][14]	int	488
i18n.words_matrix	paraNdataMatrix[387][2][15]	int	544
i18n.words_matrix	paraNdataMatrix[387][2][16]	int	570
i18n.words_matrix	paraNdataMatrix[387][2][17]	int	590
i18n.words_matrix	paraNdataMatrix[387][2][18]	int	616
i18n.words_matrix	paraNdataMatrix[387][2][19]	int	700
i18n.words_matrix	paraNdataMatrix[388]	tuple	3
i18n.words_matrix	paraNdataMatrix[388][0]	ref	i18n.words_context:ParametersMain.kontinuum
i18n.words_matrix	paraNdataMatrix[388][1]	tuple	3
i18n.words_matrix	paraNdataMatrix[388][1][0]	str	AB
i18n.words_matrix	paraNdataMatrix[388][1][1]	str	ab
i18n.words_matrix	paraNdataMatrix[388][1][2]	str	Achtundzwanzig
i18n.words_matrix	paraNdataMatrix[388][2]	set	2
i18n.words_matrix	paraNdataMatrix[388][2][0]	int	583
i18n.words_matrix	paraNdataMatrix[388][2][1]	int	587
i18n.words_matrix	paraNdataMatrix[389]	tuple	3
i18n.words_matrix	paraNdataMatrix[389][0]	ref	i18n.words_context:ParametersMain.kontinuum
i18n.words_matrix	paraNdataMatrix[389][1]	tuple	3
i18n.words_matrix	paraNdataMatrix[389][1][0]	str	Z
i18n.words_matrix	paraNdataMatrix[389][1][1]	str	z
i18n.words_matrix	paraNdataMatrix[389][1][2]	str	Sechsundzwanzig
i18n.words_matrix	paraNdataMatrix[389][2]	set	1
i18n.words_matrix	paraNdataMatrix[389][2][0]	int	543
i18n.words_matrix	paraNdataMatrix[390]	tuple	3
i18n.words_matrix	paraNdataMatrix[390][0]	ref	i18n.words_context:ParametersMain.kontinuum
i18n.words_matrix	paraNdataMatrix[390][1]	tuple	3
i18n.words_matrix	paraNdataMatrix[390][1][0]	str	AA
i18n.words_matrix	paraNdataMatrix[390][1][1]	str	aa
i18n.words_matrix	paraNdataMatrix[390][1][2]	str	Sechsundzwanzig
i18n.words_matrix	paraNdataMatrix[390][2]	set	3
i18n.words_matrix	paraNdataMatrix[390][2][0]	int	558
i18n.words_matrix	paraNdataMatrix[390][2][1]	int	559
i18n.words_matrix	paraNdataMatrix[390][2][2]	int	560
i18n.words_matrix	paraNdataMatrix[391]	tuple	3
i18n.words_matrix	paraNdataMatrix[391][0]	ref	i18n.words_context:ParametersMain.kontinuum
i18n.words_matrix	paraNdataMatrix[391][1]	tuple	3
i18n.words_matrix	paraNdataMatrix[391][1][0]	str	i
i18n.words_matrix	paraNdataMatrix[391][1][1]	str	I
i18n.words_matrix	paraNdataMatrix[391][1][2]	str	Nine
i18n.words_matrix	paraNdataMatrix[391][2]	set	3
i18n.words_matrix	paraNdataMatrix[391][2][0]	int	517
i18n.words_matrix	paraNdataMatrix[391][2][1]	int	565
i18n.words_matrix	paraNdataMatrix[391][2][2]	int	681
i18n.words_matrix	paraNdataMatrix[392]	tuple	3
i18n.words_matrix	paraNdataMatrix[392][0]	ref	i18n.words_context:ParametersMain.kontinuum
i18n.words_matrix	paraNdataMatrix[392][1]	tuple	3
i18n.words_matrix	paraNdataMatrix[392][1][0]	str	G
i18n.words_matrix	paraNdataMatrix[392][1][1]	str	g
i18n.words_matrix	paraNdataMatrix[392][1][2]	str	Seven
i18n.words_matrix	paraNdataMatrix[392][2]	set	1
i18n.words_matrix	paraNdataMatrix[392][2][0]	int	518
i18n.words_matrix	paraNdataMatrix[393]	tuple	3
i18n.words_matrix	paraNdataMatrix[393][0]	ref	i18n.words_context:ParametersMain.kontinuum
i18n.words_matrix	paraNdataMatrix[393][1]	tuple	3
i18n.words_matrix	paraNdataMatrix[393][1][0]	str	J
i18n.words_matrix	paraNdataMatrix[393][1][1]	str	j
i18n.words_matrix	paraNdataMatrix[393][1][2]	str	Ten
i18n.words_matrix	paraNdataMatrix[393][2]	set	1
i18n.words_matrix	paraNdataMatrix[393][2][0]	int	514
i18n.words_matrix	paraNdataMatrix[394]	tuple	3
i18n.words_matrix	paraNdataMatrix[394][0]	ref	i18n.words_context:ParametersMain.kontinuum
i18n.words_matrix	paraNdataMatrix[394][1]	tuple	3
i18n.words_matrix	paraNdataMatrix[394][1][0]	str	k
i18n.words_matrix	paraNdataMatrix[394][1][1]	str	K
i18n.words_matrix	paraNdataMatrix[394][1][2]	str	eleven
i18n.words_matrix	paraNdataMatrix[394][2]	set	6
i18n.words_matrix	paraNdataMatrix[394][2][0]	int	515
i18n.words_matrix	paraNdataMatrix[394][2][1]	int	577
i18n.words_matrix	paraNdataMatrix[394][2][2]	int	578
i18n.words_matrix	paraNdataMatrix[394][2][3]	int	705
i18n.words_matrix	paraNdataMatrix[394][2][4]	int	706
i18n.words_matrix	paraNdataMatrix[394][2][5]	int	707
i18n.words_matrix	paraNdataMatrix[395]	tuple	3
i18n.words_matrix	paraNdataMatrix[395][0]	ref	i18n.words_context:ParametersMain.kontinuum
i18n.words_matrix	paraNdataMatrix[395][1]	tuple	3
i18n.words_matrix	paraNdataMatrix[395][1][0]	str	E
i18n.words_matrix	paraNdataMatrix[395][1][1]	str	e
i18n.words_matrix	paraNdataMatrix[395][1][2]	str	Fife
i18n.words_matrix	paraNdataMatrix[395][2]	set	1
i18n.words_matrix	paraNdataMatrix[395][2][0]	int	511
i18n.words_matrix	paraNdataMatrix[396]	tuple	3
i18n.words_matrix	paraNdataMatrix[396][0]	ref	i18n.words_context:ParametersMain.kontinuum
i18n.words_matrix	paraNdataMatrix[396][1]	tuple	3
i18n.words_matrix	paraNdataMatrix[396][1][0]	str	L
i18n.words_matrix	paraNdataMatrix[396][1][1]	str	l
i18n.words_matrix	paraNdataMatrix[396][1][2]	str	Twelve
i18n.words_matrix	paraNdataMatrix[396][2]	set	1
i18n.words_matrix	paraNdataMatrix[396][2][0]	int	506
i18n.words_matrix	paraNdataMatrix[397]	tuple	3
i18n.words_matrix	paraNdataMatrix[397][0]	ref	i18n.words_context:ParametersMain.kontinuum
i18n.words_matrix	paraNdataMatrix[397][1]	tuple	3
i18n.words_matrix	paraNdataMatrix[397][1][0]	str	AU
i18n.words_matrix	paraNdataMatrix[397][1][1]	str	au
i18n.words_matrix	paraNdataMatrix[397][1][2]	str	Siebenundvierzig
i18n.words_matrix	paraNdataMatrix[397][2]	set	1
i18n.words_matrix	paraNdataMatrix[397][2][0]	int	532
i18n.words_matrix	paraNdataMatrix[398]	tuple	3
i18n.words_matrix	paraNdataMatrix[398][0]	ref	i18n.words_context:ParametersMain.kontinuum
i18n.words_matrix	paraNdataMatrix[398][1]	tuple	3
i18n.words_matrix	paraNdataMatrix[398][1][0]	str	AK
i18n.words_matrix	paraNdataMatrix[398][1][1]	str	ak
i18n.words_matrix	paraNdataMatrix[398][1][2]	str	Siebenunddreissig
i18n.words_matrix	paraNdataMatrix[398][2]	set	1
i18n.words_matrix	paraNdataMatrix[398][2][0]	int	531
i18n.words_matrix	paraNdataMatrix[399]	tuple	3
i18n.words_matrix	paraNdataMatrix[399][0]	ref	i18n.words_context:ParametersMain.kontinuum
i18n.words_matrix	paraNdataMatrix[399][1]	tuple	3
i18n.words_matrix	paraNdataMatrix[399][1][0]	str	AE
i18n.words_matrix	paraNdataMatrix[399][1][1]	str	ae
i18n.words_matrix	paraNdataMatrix[399][1][2]	str	Einunddreissig
i18n.words_matrix	paraNdataMatrix[399][2]	set	3
i18n.words_matrix	paraNdataMatrix[399][2][0]	int	530
i18n.words_matrix	paraNdataMatrix[399][2][1]	int	612
i18n.words_matrix	paraNdataMatrix[399][2][2]	int	613
i18n.words_matrix	paraNdataMatrix[400]	tuple	3
i18n.words_matrix	paraNdataMatrix[400][0]	ref	i18n.words_context:ParametersMain.kontinuum
i18n.words_matrix	paraNdataMatrix[400][1]	tuple	3
i18n.words_matrix	paraNdataMatrix[400][1][0]	str	AD
i18n.words_matrix	paraNdataMatrix[400][1][1]	str	ad
i18n.words_matrix	paraNdataMatrix[400][1][2]	str	Dreissig
i18n.words_matrix	paraNdataMatrix[400][2]	set	3
i18n.words_matrix	paraNdataMatrix[400][2][0]	int	529
i18n.words_matrix	paraNdataMatrix[400][2][1]	int	547
i18n.words_matrix	paraNdataMatrix[400][2][2]	int	614
i18n.words_matrix	paraNdataMatrix[401]	tuple	3
i18n.words_matrix	paraNdataMatrix[401][0]	ref	i18n.words_context:ParametersMain.universum
i18n.words_matrix	paraNdataMatrix[401][1]	tuple	2
i18n.words_matrix	paraNdataMatrix[401][1][0]	str	Morphismen
i18n.words_matrix	paraNdataMatrix[401][1][1]	str	morphismus
i18n.words_matrix	paraNdataMatrix[401][2]	set	1
i18n.words_matrix	paraNdataMatrix[401][2][0]	int	727
i18n.words_matrix	paraNdataMatrix[402]	tuple	3
i18n.words_matrix	paraNdataMatrix[402][0]	ref	i18n.words_context:ParametersMain.kontinuum
i18n.words_matrix	paraNdataMatrix[402][1]	tuple	3
i18n.words_matrix	paraNdataMatrix[402][1][0]	str	AC
i18n.words_matrix	paraNdataMatrix[402][1][1]	str	ac
i18n.words_matrix	paraNdataMatrix[402][1][2]	str	Neunundzwanzig
i18n.words_matrix	paraNdataMatrix[402][2]	set	3
i18n.words_matrix	paraNdataMatrix[402][2][0]	int	528
i18n.words_matrix	paraNdataMatrix[402][2][1]	int	586
i18n.words_matrix	paraNdataMatrix[402][2][2]	int	727
i18n.words_matrix	paraNdataMatrix[403]	tuple	3
i18n.words_matrix	paraNdataMatrix[403][0]	ref	i18n.words_context:ParametersMain.kontinuum
i18n.words_matrix	paraNdataMatrix[403][1]	tuple	3
i18n.words_matrix	paraNdataMatrix[403][1][0]	str	AT
i18n.words_matrix	paraNdataMatrix[403][1][1]	str	at
i18n.words_matrix	paraNdataMatrix[403][1][2]	str	Sechsundvierzig
i18n.words_matrix	paraNdataMatrix[403][2]	set	1
i18n.words_matrix	paraNdataMatrix[403][2][0]	int	568
i18n.words_matrix	paraNdataMatrix[404]	tuple	3
i18n.words_matrix	paraNdataMatrix[404][0]	ref	i18n.words_context:ParametersMain.kontinuum
i18n.words_matrix	paraNdataMatrix[404][1]	tuple	3
i18n.words_matrix	paraNdataMatrix[404][1][0]	str	W
i18n.words_matrix	paraNdataMatrix[404][1][1]	str	w
i18n.words_matrix	paraNdataMatrix[404][1][2]	str	Dreiundzwanzig
i18n.words_matrix	paraNdataMatrix[404][2]	set	2
i18n.words_matrix	paraNdataMatrix[404][2][0]	int	527
i18n.words_matrix	paraNdataMatrix[404][2][1]	int	567
i18n.words_matrix	paraNdataMatrix[405]	tuple	3
i18n.words_matrix	paraNdataMatrix[405][0]	ref	i18n.words_context:ParametersMain.kontinuum
i18n.words_matrix	paraNdataMatrix[405][1]	tuple	3
i18n.words_matrix	paraNdataMatrix[405][1][0]	str	Y
i18n.words_matrix	paraNdataMatrix[405][1][1]	str	y
i18n.words_matrix	paraNdataMatrix[405][1][2]	str	fifetyfife
i18n.words_matrix	paraNdataMatrix[405][2]	set	2
i18n.words_matrix	paraNdataMatrix[405][2][0]	int	507
i18n.words_matrix	paraNdataMatrix[405][2][1]	int	510
i18n.words_matrix	paraNdataMatrix[406]	tuple	3
i18n.words_matrix	paraNdataMatrix[406][0]	ref	i18n.words_context:ParametersMain.kontinuum
i18n.words_matrix	paraNdataMatrix[406][1]	tuple	4
i18n.words_matrix	paraNdataMatrix[406][1][0]	str	continuums
i18n.words_matrix	paraNdataMatrix[406][1][1]	str	F
i18n.words_matrix	paraNdataMatrix[406][1][2]	str	f
i18n.words_matrix	paraNdataMatrix[406][1][3]	str	Sechs
i18n.words_matrix	paraNdataMatrix[406][2]	set	1
i18n.words_matrix	paraNdataMatrix[406][2][0]	int	508
i18n.words_matrix	paraNdataMatrix[407]	tuple	3
i18n.words_matrix	paraNdataMatrix[407][0]	ref	i18n.words_context:ParametersMain.kontinuum
i18n.words_matrix	paraNdataMatrix[407][1]	tuple	4
i18n.words_matrix	paraNdataMatrix[407][1][0]	str	F
i18n.words_matrix	paraNdataMatrix[407][1][1]	str	f
i18n.words_matrix	paraNdataMatrix[407][1][2]	str	Sechs
i18n.words_matrix	paraNdataMatrix[407][1][3]	str	continuums
i18n.words_matrix	paraNdataMatrix[407][2]	set	1
i18n.words_matrix	paraNdataMatrix[407][2][0]	int	508
i18n.words_matrix	paraNdataMatrix[408]	tuple	3
i18n.words_matrix	paraNdataMatrix[408][0]	ref	i18n.words_context:ParametersMain.kontinuum
i18n.words_matrix	paraNdataMatrix[408][1]	tuple	3
i18n.words_matrix	paraNdataMatrix[408][1][0]	str	O
i18n.words_matrix	paraNdataMatrix[408][1][1]	str	o
i18n.words_matrix	paraNdataMatrix[408][1][2]	str	fifeteen
i18n.words_matrix	paraNdataMatrix[408][2]	set	1
i18n.words_matrix	paraNdataMatrix[408][2][0]	int	5
i18n.words_matrix	paraNdataMatrix[409]	tuple	3
i18n.words_matrix	paraNdataMatrix[409][0]	ref	i18n.words_context:ParametersMain.kontinuum
i18n.words_matrix	paraNdataMatrix[409][1]	tuple	3
i18n.words_matrix	paraNdataMatrix[409][1][0]	str	H
i18n.words_matrix	paraNdataMatrix[409][1][1]	str	h
i18n.words_matrix	paraNdataMatrix[409][1][2]	str	Eight
i18n.words_matrix	paraNdataMatrix[409][2]	set	1
i18n.words_matrix	paraNdataMatrix[409][2][0]	int	491
i18n.words_matrix	paraNdataMatrix[410]	tuple	3
i18n.words_matrix	paraNdataMatrix[410][0]	ref	i18n.words_context:ParametersMain.kontinuum
i18n.words_matrix	paraNdataMatrix[410][1]	tuple	3
i18n.words_matrix	paraNdataMatrix[410][1][0]	str	N
i18n.words_matrix	paraNdataMatrix[410][1][1]	str	n
i18n.words_matrix	paraNdataMatrix[410][1][2]	str	fourteen
i18n.words_matrix	paraNdataMatrix[410][2]	set	1
i18n.words_matrix	paraNdataMatrix[410][2][0]	int	492
i18n.words_matrix	paraNdataMatrix[411]	tuple	3
i18n.words_matrix	paraNdataMatrix[411][0]	ref	i18n.words_context:ParametersMain.kontinuum
i18n.words_matrix	paraNdataMatrix[411][1]	tuple	3
i18n.words_matrix	paraNdataMatrix[411][1][0]	str	M
i18n.words_matrix	paraNdataMatrix[411][1][1]	str	m
i18n.words_matrix	paraNdataMatrix[411][1][2]	str	thirteen
i18n.words_matrix	paraNdataMatrix[411][2]	set	2
i18n.words_matrix	paraNdataMatrix[411][2][0]	int	493
i18n.words_matrix	paraNdataMatrix[411][2][1]	int	744
i18n.words_matrix	paraNdataMatrix[412]	tuple	3
i18n.words_matrix	paraNdataMatrix[412][0]	ref	i18n.words_context:ParametersMain.kontinuum
i18n.words_matrix	paraNdataMatrix[412][1]	tuple	3
i18n.words_matrix	paraNdataMatrix[412][1][0]	str	T
i18n.words_matrix	paraNdataMatrix[412][1][1]	str	t
i18n.words_matrix	paraNdataMatrix[412][1][2]	str	twenty
i18n.words_matrix	paraNdataMatrix[412][2]	set	3
i18n.words_matrix	paraNdataMatrix[412][2][0]	int	486
i18n.words_matrix	paraNdataMatrix[412][2][1]	int	571
i18n.words_matrix	paraNdataMatrix[412][2][2]	int	572
i18n.words_matrix	paraNdataMatrix[413]	tuple	3
i18n.words_matrix	paraNdataMatrix[413][0]	ref	i18n.words_context:ParametersMain.multiversum
i18n.words_matrix	paraNdataMatrix[413][1]	tuple	1
i18n.words_matrix	paraNdataMatrix[413][1][0]	str	Religionen_Kraefte_Krieg_der_Sterne_Star_Wars
i18n.words_matrix	paraNdataMatrix[413][2]	set	2
i18n.words_matrix	paraNdataMatrix[413][2][0]	int	584
i18n.words_matrix	paraNdataMatrix[413][2][1]	int	623
i18n.words_matrix	paraNdataMatrix[414]	tuple	3
i18n.words_matrix	paraNdataMatrix[414][0]	ref	i18n.words_context:ParametersMain.multiversum
i18n.words_matrix	paraNdataMatrix[414][1]	tuple	5
i18n.words_matrix	paraNdataMatrix[414][1][0]	str	P
i18n.words_matrix	paraNdataMatrix[414][1][1]	str	p
i18n.words_matrix	paraNdataMatrix[414][1][2]	str	Sixteen
i18n.words_matrix	paraNdataMatrix[414][1][3]	str	Dimensionen
i18n.words_matrix	paraNdataMatrix[414][1][4]	str	Multiversum_sind_die_Dimensionen
i18n.words_matrix	paraNdataMatrix[414][2]	set	6
i18n.words_matrix	paraNdataMatrix[414][2][0]	int	435
i18n.words_matrix	paraNdataMatrix[414][2][1]	int	569
i18n.words_matrix	paraNdataMatrix[414][2][2]	int	605
i18n.words_matrix	paraNdataMatrix[414][2][3]	int	637
i18n.words_matrix	paraNdataMatrix[414][2][4]	int	663
i18n.words_matrix	paraNdataMatrix[414][2][5]	int	691
i18n.words_matrix	paraNdataMatrix[415]	tuple	3
i18n.words_matrix	paraNdataMatrix[415][0]	ref	i18n.words_context:ParametersMain.kontinuum
i18n.words_matrix	paraNdataMatrix[415][1]	tuple	3
i18n.words_matrix	paraNdataMatrix[415][1][0]	str	P5
i18n.words_matrix	paraNdataMatrix[415][1][1]	str	p5
i18n.words_matrix	paraNdataMatrix[415][1][2]	str	sixteen->fife
i18n.words_matrix	paraNdataMatrix[415][2]	set	1
i18n.words_matrix	paraNdataMatrix[415][2][0]	int	501
i18n.words_matrix	paraNdataMatrix[416]	tuple	3
i18n.words_matrix	paraNdataMatrix[416][0]	ref	i18n.words_context:ParametersMain.multiversum
i18n.words_matrix	paraNdataMatrix[416][1]	tuple	3
i18n.words_matrix	paraNdataMatrix[416][1][0]	str	P5
i18n.words_matrix	paraNdataMatrix[416][1][1]	str	p5
i18n.words_matrix	paraNdataMatrix[416][1][2]	str	sixteen->fife
i18n.words_matrix	paraNdataMatrix[416][2]	set	1
i18n.words_matrix	paraNdataMatrix[416][2][0]	int	501
i18n.words_matrix	paraNdataMatrix[417]	tuple	3
i18n.words_matrix	paraNdataMatrix[417][0]	ref	i18n.words_context:ParametersMain.kontinuum
i18n.words_matrix	paraNdataMatrix[417][1]	tuple	3
i18n.words_matrix	paraNdataMatrix[417][1][0]	str	P
i18n.words_matrix	paraNdataMatrix[417][1][1]	str	p
i18n.words_matrix	paraNdataMatrix[417][1][2]	str	Sixteen
i18n.words_matrix	paraNdataMatrix[417][2]	set	6
i18n.words_matrix	paraNdataMatrix[417][2][0]	int	435
i18n.words_matrix	paraNdataMatrix[417][2][1]	int	569
i18n.words_matrix	paraNdataMatrix[417][2][2]	int	605
i18n.words_matrix	paraNdataMatrix[417][2][3]	int	637
i18n.words_matrix	paraNdataMatrix[417][2][4]	int	663
i18n.words_matrix	paraNdataMatrix[417][2][5]	int	691
i18n.words_matrix	paraNdataMatrix[418]	tuple	3
i18n.words_matrix	paraNdataMatrix[418][0]	ref	i18n.words_context:ParametersMain.kontinuum
i18n.words_matrix	paraNdataMatrix[418][1]	tuple	3
i18n.words_matrix	paraNdataMatrix[418][1][0]	str	X
i18n.words_matrix	paraNdataMatrix[418][1][1]	str	x
i18n.words_matrix	paraNdataMatrix[418][1][2]	str	Twentyfour
i18n.words_matrix	paraNdataMatrix[418][2]	set	12
i18n.words_matrix	paraNdataMatrix[418][2][0]	int	25
i18n.words_matrix	paraNdataMatrix[418][2][1]	int	386
i18n.words_matrix	paraNdataMatrix[418][2][2]	int	436
i18n.words_matrix	paraNdataMatrix[418][2][3]	int	549
i18n.words_matrix	paraNdataMatrix[418][2][4]	int	55
i18n.words_matrix	paraNdataMatrix[418][2][5]	int	554
i18n.words_matrix	paraNdataMatrix[418][2][6]	int	565
i18n.words_matrix	paraNdataMatrix[418][2][7]	int	566
i18n.words_matrix	paraNdataMatrix[418][2][8]	int	591
i18n.words_matrix	paraNdataMatrix[418][2][9]	int	618
i18n.words_matrix	paraNdataMatrix[418][2][10]	int	619
i18n.words_matrix	paraNdataMatrix[418][2][11]	int	681
i18n.words_matrix	paraNdataMatrix[419]	tuple	3
i18n.words_matrix	paraNdataMatrix[419][0]	ref	i18n.words_context:ParametersMain.kontinuum
i18n.words_matrix	paraNdataMatrix[419][1]	tuple	3
i18n.words_matrix	paraNdataMatrix[419][1][0]	str	S
i18n.words_matrix	paraNdataMatrix[419][1][1]	str	s
i18n.words_matrix	paraNdataMatrix[419][1][2]	str	nineteen
i18n.words_matrix	paraNdataMatrix[419][2]	set	2
i18n.words_matrix	paraNdataMatrix[419][2][0]	int	504
i18n.words_matrix	paraNdataMatrix[419][2][1]	int	575
i18n.words_matrix	paraNdataMatrix[420]	tuple	3
i18n.words_matrix	paraNdataMatrix[420][0]	ref	i18n.words_context:ParametersMain.kontinuum
i18n.words_matrix	paraNdataMatrix[420][1]	tuple	3
i18n.words_matrix	paraNdataMatrix[420][1][0]	str	R
i18n.words_matrix	paraNdataMatrix[420][1][1]	str	r
i18n.words_matrix	paraNdataMatrix[420][1][2]	str	Eighteen
i18n.words_matrix	paraNdataMatrix[420][2]	set	4
i18n.words_matrix	paraNdataMatrix[420][2][0]	int	436
i18n.words_matrix	paraNdataMatrix[420][2][1]	int	451
i18n.words_matrix	paraNdataMatrix[420][2][2]	int	556
i18n.words_matrix	paraNdataMatrix[420][2][3]	int	618
i18n.words_matrix	paraNdataMatrix[421]	tuple	3
i18n.words_matrix	paraNdataMatrix[421][0]	ref	i18n.words_context:ParametersMain.kontinuum
i18n.words_matrix	paraNdataMatrix[421][1]	tuple	3
i18n.words_matrix	paraNdataMatrix[421][1][0]	str	A
i18n.words_matrix	paraNdataMatrix[421][1][1]	str	a
i18n.words_matrix	paraNdataMatrix[421][1][2]	str	one
i18n.words_matrix	paraNdataMatrix[421][2]	set	1
i18n.words_matrix	paraNdataMatrix[421][2][0]	int	446
i18n.words_matrix	paraNdataMatrix[422]	tuple	3
i18n.words_matrix	paraNdataMatrix[422][0]	ref	i18n.words_context:ParametersMain.kontinuum
i18n.words_matrix	paraNdataMatrix[422][1]	tuple	3
i18n.words_matrix	paraNdataMatrix[422][1][0]	str	B
i18n.words_matrix	paraNdataMatrix[422][1][1]	str	b
i18n.words_matrix	paraNdataMatrix[422][1][2]	str	two
i18n.words_matrix	paraNdataMatrix[422][2]	set	1
i18n.words_matrix	paraNdataMatrix[422][2][0]	int	447
i18n.words_matrix	paraNdataMatrix[423]	tuple	3
i18n.words_matrix	paraNdataMatrix[423][0]	ref	i18n.words_context:ParametersMain.kontinuum
i18n.words_matrix	paraNdataMatrix[423][1]	tuple	3
i18n.words_matrix	paraNdataMatrix[423][1][0]	str	C
i18n.words_matrix	paraNdataMatrix[423][1][1]	str	c
i18n.words_matrix	paraNdataMatrix[423][1][2]	str	Three
i18n.words_matrix	paraNdataMatrix[423][2]	set	1
i18n.words_matrix	paraNdataMatrix[423][2][0]	int	448
i18n.words_matrix	paraNdataMatrix[424]	tuple	3
i18n.words_matrix	paraNdataMatrix[424][0]	ref	i18n.words_context:ParametersMain.menschliches
i18n.words_matrix	paraNdataMatrix[424][1]	tuple	2
i18n.words_matrix	paraNdataMatrix[424][1][0]	str	Konservativismus
i18n.words_matrix	paraNdataMatrix[424][1][1]	str	konservativ
i18n.words_matrix	paraNdataMatrix[424][2]	set	6
i18n.words_matrix	paraNdataMatrix[424][2][0]	int	651
i18n.words_matrix	paraNdataMatrix[424][2][1]	int	652
i18n.words_matrix	paraNdataMatrix[424][2][2]	int	653
i18n.words_matrix	paraNdataMatrix[424][2][3]	int	654
i18n.words_matrix	paraNdataMatrix[424][2][4]	int	655
i18n.words_matrix	paraNdataMatrix[424][2][5]	int	656
i18n.words_matrix	paraNdataMatrix[425]	tuple	3
i18n.words_matrix	paraNdataMatrix[425][0]	ref	i18n.words_context:ParametersMain.menschliches
i18n.words_matrix	paraNdataMatrix[425][1]	tuple	4
i18n.words_matrix	paraNdataMatrix[425][1][0]	str	Meisterschaft
i18n.words_matrix	paraNdataMatrix[425][1][1]	str	Professioneller
i18n.words_matrix	paraNdataMatrix[425][1][2]	str	meister
i18n.words_matrix	paraNdataMatrix[425][1][3]	str	profi
i18n.words_matrix	paraNdataMatrix[425][2]	set	1
i18n.words_matrix	paraNdataMatrix[425][2][0]	int	596
i18n.words_matrix	paraNdataMatrix[426]	tuple	3
i18n.words_matrix	paraNdataMatrix[426][0]	ref	i18n.words_context:ParametersMain.menschliches
i18n.words_matrix	paraNdataMatrix[426][1]	tuple	3
i18n.words_matrix	paraNdataMatrix[426][1][0]	str	management
i18n.words_matrix	paraNdataMatrix[426][1][1]	str	managen
i18n.words_matrix	paraNdataMatrix[426][1][2]	str	handhaben
i18n.words_matrix	paraNdataMatrix[426][2]	set	1
i18n.words_matrix	paraNdataMatrix[426][2][0]	int	658
i18n.words_matrix	paraNdataMatrix[427]	tuple	3
i18n.words_matrix	paraNdataMatrix[427][0]	ref	i18n.words_context:ParametersMain.menschliches
i18n.words_matrix	paraNdataMatrix[427][1]	tuple	2
i18n.words_matrix	paraNdataMatrix[427][1][0]	str	Evolution
i18n.words_matrix	paraNdataMatrix[427][1][1]	str	intelligent_Design
i18n.words_matrix	paraNdataMatrix[427][2]	set	1
i18n.words_matrix	paraNdataMatrix[427][2][0]	int	657
i18n.words_matrix	paraNdataMatrix[428]	tuple	3
i18n.words_matrix	paraNdataMatrix[428][0]	ref	i18n.words_context:ParametersMain.menschliches
i18n.words_matrix	paraNdataMatrix[428][1]	tuple	2
i18n.words_matrix	paraNdataMatrix[428][1][0]	str	Karriere
i18n.words_matrix	paraNdataMatrix[428][1][1]	str	karriere
i18n.words_matrix	paraNdataMatrix[428][2]	set	6
i18n.words_matrix	paraNdataMatrix[428][2][0]	int	595
i18n.words_matrix	paraNdataMatrix[428][2][1]	int	597
i18n.words_matrix	paraNdataMatrix[428][2][2]	int	712
i18n.words_matrix	paraNdataMatrix[428][2][3]	int	713
i18n.words_matrix	paraNdataMatrix[428][2][4]	int	714
i18n.words_matrix	paraNdataMatrix[428][2][5]	int	715
i18n.words_matrix	paraNdataMatrix[429]	tuple	3
i18n.words_matrix	paraNdataMatrix[429][0]	ref	i18n.words_context:ParametersMain.menschliches
i18n.words_matrix	paraNdataMatrix[429][1]	tuple	2
i18n.words_matrix	paraNdataMatrix[429][1][0]	str	Eliten
i18n.words_matrix	paraNdataMatrix[429][1][1]	str	elite
i18n.words_matrix	paraNdataMatrix[429][2]	set	1
i18n.words_matrix	paraNdataMatrix[429][2][0]	int	585
i18n.words_matrix	paraNdataMatrix[430]	tuple	3
i18n.words_matrix	paraNdataMatrix[430][0]	ref	i18n.words_context:ParametersMain.kontinuum
i18n.words_matrix	paraNdataMatrix[430][1]	tuple	3
i18n.words_matrix	paraNdataMatrix[430][1][0]	str	D
i18n.words_matrix	paraNdataMatrix[430][1][1]	str	d
i18n.words_matrix	paraNdataMatrix[430][1][2]	str	Four
i18n.words_matrix	paraNdataMatrix[430][2]	set	2
i18n.words_matrix	paraNdataMatrix[430][2][0]	int	449
i18n.words_matrix	paraNdataMatrix[430][2][1]	int	585
i18n.words_matrix	kombiParaNdataMatrix	ordereddict	12
i18n.words_matrix	kombiParaNdataMatrix[0].key	int	1
i18n.words_matrix	kombiParaNdataMatrix[0].value	tuple	4
i18n.words_matrix	kombiParaNdataMatrix[0].value[0]	str	livingbeing
i18n.words_matrix	kombiParaNdataMatrix[0].value[1]	str	animals
i18n.words_matrix	kombiParaNdataMatrix[0].value[2]	str	animal
i18n.words_matrix	kombiParaNdataMatrix[0].value[3]	str	creatures
i18n.words_matrix	kombiParaNdataMatrix[1].key	int	2
i18n.words_matrix	kombiParaNdataMatrix[1].value	tuple	3
i18n.words_matrix	kombiParaNdataMatrix[1].value[0]	str	jobs
i18n.words_matrix	kombiParaNdataMatrix[1].value[1]	str	jobs
i18n.words_matrix	kombiParaNdataMatrix[1].value[2]	str	job
i18n.words_matrix	kombiParaNdataMatrix[2].key	int	3
i18n.words_matrix	kombiParaNdataMatrix[2].value	tuple	4
i18n.words_matrix	kombiParaNdataMatrix[2].value[0]	str	creativity_and_intelligence
i18n.words_matrix	kombiParaNdataMatrix[2].value[1]	str	creativity
i18n.words_matrix	kombiParaNdataMatrix[2].value[2]	str	intelligence
i18n.words_matrix	kombiParaNdataMatrix[2].value[3]	str	creativity
i18n.words_matrix	kombiParaNdataMatrix[3].key	int	4
i18n.words_matrix	kombiParaNdataMatrix[3].value	tuple	2
i18n.words_matrix	kombiParaNdataMatrix[3].value[0]	str	love
i18n.words_matrix	kombiParaNdataMatrix[3].value[1]	str	love
i18n.words_matrix	kombiParaNdataMatrix[4].key	int	7
i18n.words_matrix	kombiParaNdataMatrix[4].value	tuple	4
i18n.words_matrix	kombiParaNdataMatrix[4].value[0]	str	men
i18n.words_matrix	kombiParaNdataMatrix[4].value[1]	str	men
i18n.words_matrix	kombiParaNdataMatrix[4].value[2]	str	men
i18n.words_matrix	kombiParaNdataMatrix[4].value[3]	str	women
i18n.words_matrix	kombiParaNdataMatrix[5].key	int	8
i18n.words_matrix	kombiParaNdataMatrix[5].value	tuple	5
i18n.words_matrix	kombiParaNdataMatrix[5].value[0]	str	personality_evolutionary_acquisition
i18n.words_matrix	kombiParaNdataMatrix[5].value[1]	str	evolution
i18n.words_matrix	kombiParaNdataMatrix[5].value[2]	str	acquire
i18n.words_matrix	kombiParaNdataMatrix[5].value[3]	str	personality
i18n.words_matrix	kombiParaNdataMatrix[5].value[4]	str	personality
i18n.words_matrix	kombiParaNdataMatrix[6].key	int	9
i18n.words_matrix	kombiParaNdataMatrix[6].value	tuple	3
i18n.words_matrix	kombiParaNdataMatrix[6].value[0]	str	religion
i18n.words_matrix	kombiParaNdataMatrix[6].value[1]	str	religion
i18n.words_matrix	kombiParaNdataMatrix[6].value[2]	str	religions
i18n.words_matrix	kombiParaNdataMatrix[7].key	int	10
i18n.words_matrix	kombiParaNdataMatrix[7].value	tuple	5
i18n.words_matrix	kombiParaNdataMatrix[7].value[0]	str	motives_goals
i18n.words_matrix	kombiParaNdataMatrix[7].value[1]	str	motivation
i18n.words_matrix	kombiParaNdataMatrix[7].value[2]	str	goals
i18n.words_matrix	kombiParaNdataMatrix[7].value[3]	str	goal
i18n.words_matrix	kombiParaNdataMatrix[7].value[4]	str	motifs
i18n.words_matrix	kombiParaNdataMatrix[8].key	int	12
i18n.words_matrix	kombiParaNdataMatrix[8].value	tuple	6
i18n.words_matrix	kombiParaNdataMatrix[8].value[0]	str	Emotions
i18n.words_matrix	kombiParaNdataMatrix[8].value[1]	str	emotions
i18n.words_matrix	kombiParaNdataMatrix[8].value[2]	str	emotions
i18n.words_matrix	kombiParaNdataMatrix[8].value[3]	str	emotions
i18n.words_matrix	kombiParaNdataMatrix[8].value[4]	str	emotion
i18n.words_matrix	kombiParaNdataMatrix[8].value[5]	str	feelings
i18n.words_matrix	kombiParaNdataMatrix[9].key	int	13
i18n.words_matrix	kombiParaNdataMatrix[9].value	tuple	4
i18n.words_matrix	kombiParaNdataMatrix[9].value[0]	str	people
i18n.words_matrix	kombiParaNdataMatrix[9].value[1]	str	persons
i18n.words_matrix	kombiParaNdataMatrix[9].value[2]	str	celebrities
i18n.words_matrix	kombiParaNdataMatrix[9].value[3]	str	celebrities
i18n.words_matrix	kombiParaNdataMatrix[10].key	int	16
i18n.words_matrix	kombiParaNdataMatrix[10].value	tuple	5
i18n.words_matrix	kombiParaNdataMatrix[10].value[0]	str	economicsystems
i18n.words_matrix	kombiParaNdataMatrix[10].value[1]	str	economicsystem
i18n.words_matrix	kombiParaNdataMatrix[10].value[2]	str	economicsystems
i18n.words_matrix	kombiParaNdataMatrix[10].value[3]	str	combinedeconomicsystem
i18n.words_matrix	kombiParaNdataMatrix[10].value[4]	str	combinedeconomicsystems
i18n.words_matrix	kombiParaNdataMatrix[11].key	int	17
i18n.words_matrix	kombiParaNdataMatrix[11].value	tuple	1
i18n.words_matrix	kombiParaNdataMatrix[11].value[0]	str	ownership_and_possession
i18n.words_matrix	kombiParaNdataMatrix2	ordereddict	14
i18n.words_matrix	kombiParaNdataMatrix2[0].key	int	1
i18n.words_matrix	kombiParaNdataMatrix2[0].value	tuple	4
i18n.words_matrix	kombiParaNdataMatrix2[0].value[0]	str	livingbeing
i18n.words_matrix	kombiParaNdataMatrix2[0].value[1]	str	animals
i18n.words_matrix	kombiParaNdataMatrix2[0].value[2]	str	animal
i18n.words_matrix	kombiParaNdataMatrix2[0].value[3]	str	creatures
i18n.words_matrix	kombiParaNdataMatrix2[1].key	int	2
i18n.words_matrix	kombiParaNdataMatrix2[1].value	tuple	3
i18n.words_matrix	kombiParaNdataMatrix2[1].value[0]	str	jobs
i18n.words_matrix	kombiParaNdataMatrix2[1].value[1]	str	jobs
i18n.words_matrix	kombiParaNdataMatrix2[1].value[2]	str	job
i18n.words_matrix	kombiParaNdataMatrix2[2].key	int	5
i18n.words_matrix	kombiParaNdataMatrix2[2].value	tuple	5
i18n.words_matrix	kombiParaNdataMatrix2[2].value[0]	str	transcendentalia_structuralia
i18n.words_matrix	kombiParaNdataMatrix2[2].value[1]	str	transcendence
i18n.words_matrix	kombiParaNdataMatrix2[2].value[2]	str	transcendentals
i18n.words_matrix	kombiParaNdataMatrix2[2].value[3]	str	structurals
i18n.words_matrix	kombiParaNdataMatrix2[2].value[4]	str	philoalias
i18n.words_matrix	kombiParaNdataMatrix2[3].key	int	6
i18n.words_matrix	kombiParaNdataMatrix2[3].value	tuple	3
i18n.words_matrix	kombiParaNdataMatrix2[3].value[0]	str	primecross
i18n.words_matrix	kombiParaNdataMatrix2[3].value[1]	str	leibnitz
i18n.words_matrix	kombiParaNdataMatrix2[3].value[2]	str	primecross
i18n.words_matrix	kombiParaNdataMatrix2[4].key	int	8
i18n.words_matrix	kombiParaNdataMatrix2[4].value	tuple	5
i18n.words_matrix	kombiParaNdataMatrix2[4].value[0]	str	personality_evolutionary_acquisition
i18n.words_matrix	kombiParaNdataMatrix2[4].value[1]	str	evolution
i18n.words_matrix	kombiParaNdataMatrix2[4].value[2]	str	acquire
i18n.words_matrix	kombiParaNdataMatrix2[4].value[3]	str	personality
i18n.words_matrix	kombiParaNdataMatrix2[4].value[4]	str	personality
i18n.words_matrix	kombiParaNdataMatrix2[5].key	int	9
i18n.words_matrix	kombiParaNdataMatrix2[5].value	tuple	3
i18n.words_matrix	kombiParaNdataMatrix2[5].value[0]	str	religion
i18n.words_matrix	kombiParaNdataMatrix2[5].value[1]	str	religion
i18n.words_matrix	kombiParaNdataMatrix2[5].value[2]	str	religions
i18n.words_matrix	kombiParaNdataMatrix2[6].key	int	10
i18n.words_matrix	kombiParaNdataMatrix2[6].value	tuple	5
i18n.words_matrix	kombiParaNdataMatrix2[6].value[0]	str	motives_goals
i18n.words_matrix	kombiParaNdataMatrix2[6].value[1]	str	motivation
i18n.words_matrix	kombiParaNdataMatrix2[6].value[2]	str	motifs
i18n.words_matrix	kombiParaNdataMatrix2[6].value[3]	str	goals
i18n.words_matrix	kombiParaNdataMatrix2[6].value[4]	str	goal
i18n.words_matrix	kombiParaNdataMatrix2[7].key	int	11
i18n.words_matrix	kombiParaNdataMatrix2[7].value	tuple	3
i18n.words_matrix	kombiParaNdataMatrix2[7].value[0]	str	analytic_ontology
i18n.words_matrix	kombiParaNdataMatrix2[7].value[1]	str	analyticontology
i18n.words_matrix	kombiParaNdataMatrix2[7].value[2]	str	ontology
i18n.words_matrix	kombiParaNdataMatrix2[8].key	int	13
i18n.words_matrix	kombiParaNdataMatrix2[8].value	tuple	4
i18n.words_matrix	kombiParaNdataMatrix2[8].value[0]	str	people
i18n.words_matrix	kombiParaNdataMatrix2[8].value[1]	str	persons
i18n.words_matrix	kombiParaNdataMatrix2[8].value[2]	str	celebrities
i18n.words_matrix	kombiParaNdataMatrix2[8].value[3]	str	celebrities
i18n.words_matrix	kombiParaNdataMatrix2[9].key	int	14
i18n.words_matrix	kombiParaNdataMatrix2[9].value	tuple	5
i18n.words_matrix	kombiParaNdataMatrix2[9].value[0]	str	mechanisms_of_breeding
i18n.words_matrix	kombiParaNdataMatrix2[9].value[1]	str	mechanisms
i18n.words_matrix	kombiParaNdataMatrix2[9].value[2]	str	essence
i18n.words_matrix	kombiParaNdataMatrix2[9].value[3]	str	breed
i18n.words_matrix	kombiParaNdataMatrix2[9].value[4]	str	breed
i18n.words_matrix	kombiParaNdataMatrix2[10].key	int	15
i18n.words_matrix	kombiParaNdataMatrix2[10].value	tuple	3
i18n.words_matrix	kombiParaNdataMatrix2[10].value[0]	str	countertranscendentals
i18n.words_matrix	kombiParaNdataMatrix2[10].value[1]	str	countertranscendentals
i18n.words_matrix	kombiParaNdataMatrix2[10].value[2]	str	counter-structuralias
i18n.words_matrix	kombiParaNdataMatrix2[11].key	int	17
i18n.words_matrix	kombiParaNdataMatrix2[11].value	tuple	4
i18n.words_matrix	kombiParaNdataMatrix2[11].value[0]	str	machines
i18n.words_matrix	kombiParaNdataMatrix2[11].value[1]	str	machines
i18n.words_matrix	kombiParaNdataMatrix2[11].value[2]	str	devices
i18n.words_matrix	kombiParaNdataMatrix2[11].value[3]	str	equipment
i18n.words_matrix	kombiParaNdataMatrix2[12].key	int	18
i18n.words_matrix	kombiParaNdataMatrix2[12].value	tuple	2
i18n.words_matrix	kombiParaNdataMatrix2[12].value[0]	str	mind
i18n.words_matrix	kombiParaNdataMatrix2[12].value[1]	str	mind
i18n.words_matrix	kombiParaNdataMatrix2[13].key	int	19
i18n.words_matrix	kombiParaNdataMatrix2[13].value	tuple	2
i18n.words_matrix	kombiParaNdataMatrix2[13].value[0]	str	consciousness
i18n.words_matrix	kombiParaNdataMatrix2[13].value[1]	str	consciousness
i18n.words_runtime	alxp	function	(text)
i18n.words_runtime	x	function	(text1, text)
i18n.words_runtime	sprachen	ref	i18n.words_context:sprachen
i18n.words_runtime	sprachen2	ref	i18n.words_context:sprachen2
i18n.words_runtime	sprachenWahl	str	chinese
i18n.words_runtime	sprachenParameterWort	str	-language=
i18n.words_runtime	flagS	bool	true
i18n.words_runtime	arg	str	-language=chinese
i18n.words_runtime	subFolder	str	cn
i18n.words_runtime	sprachenFileName	str	cn
i18n.words_runtime	i18nPath	str	python_reference/i18n
i18n.words_runtime	Multiplikationen	ref	i18n.words_context:Multiplikationen
i18n.words_runtime	netzwerkWort	str	network
i18n.words_runtime	Primzahlkreuz_pro_contra_strs	ref	i18n.words_context:Primzahlkreuz_pro_contra_strs
i18n.words_runtime	keineTabellenAusgabe	str	one time no table content
i18n.words_runtime	Primzahlkreuz_pro_contra_strs_Fkt	ref	i18n.words_context:Primzahlkreuz_pro_contra_strs_Fkt
i18n.words_runtime	Primzahlkreuz_pro_contra_strs_Dict	ref	i18n.words_context:Primzahlkreuz_pro_contra_strs_Dict
i18n.words_runtime	gebrochenSpaltenMaximumPlus1	int	24
i18n.words_runtime	primzahlWort	str	prime_number
i18n.words_runtime	geistWort	str	mind
i18n.words_runtime	emotionWort	str	emotions
i18n.words_runtime	ausgabeParas	ref	i18n.words_context:ausgabeParas
i18n.words_runtime	ausgabeParasEqSign	ref	i18n.words_context:ausgabeParasEqSign
i18n.words_runtime	ausgabeParasLen	ref	i18n.words_context:ausgabeParasLen
i18n.words_runtime	kombiMainParas	ref	i18n.words_context:kombiMainParas
i18n.words_runtime	zeilenParas	ref	i18n.words_context:zeilenParas
i18n.words_runtime	zeilenParasLen	ref	i18n.words_context:zeilenParasLen
i18n.words_runtime	hauptForNeben	dict	8
i18n.words_runtime	hauptForNeben[0].key	str	zeilen
i18n.words_runtime	hauptForNeben[0].value	str	lines
i18n.words_runtime	hauptForNeben[1].key	str	spalten
i18n.words_runtime	hauptForNeben[1].value	str	columns
i18n.words_runtime	hauptForNeben[2].key	str	kombination
i18n.words_runtime	hauptForNeben[2].value	str	combination
i18n.words_runtime	hauptForNeben[3].key	str	ausgabe
i18n.words_runtime	hauptForNeben[3].value	str	output
i18n.words_runtime	hauptForNeben[4].key	str	h
i18n.words_runtime	hauptForNeben[4].value	str	h
i18n.words_runtime	hauptForNeben[5].key	str	help
i18n.words_runtime	hauptForNeben[5].value	str	help
i18n.words_runtime	hauptForNeben[6].key	str	debug
i18n.words_runtime	hauptForNeben[6].value	str	debug
i18n.words_runtime	hauptForNeben[7].key	str	nichts
i18n.words_runtime	hauptForNeben[7].value	str	nothing
i18n.words_runtime	ausgabeArt	ref	i18n.words_context:ausgabeArt
i18n.words_runtime	wahl16Words	ref	i18n.words_context:wahl16Words
i18n.words_runtime	wahl15Words	ref	i18n.words_context:wahl15Words
i18n.words_runtime	kugelnKreise	ref	i18n.words_context:kugelnKreise
i18n.words_runtime	ParametersMain	ref	i18n.words_context:ParametersMain
i18n.words_runtime	konzeptE	ref	i18n.words_context:konzeptE
i18n.words_runtime	gebrochenUniGal	ref	i18n.words_context:gebrochenUniGal
i18n.words_runtime	gebrochenUniGalEinzeln	ref	i18n.words_context:gebrochenUniGalEinzeln
i18n.words_runtime	wahl15	ref	i18n.words_context:wahl15
i18n.words_runtime	wahl16	ref	i18n.words_context:wahl16
i18n.words_runtime	freiheitGleichheit	ref	i18n.words_context:freiheitGleichheit
i18n.words_runtime	gemeinsamkeitenWort	str	commonalities
i18n.words_runtime	befehle2	ref	i18n.words_context:befehle2
i18n.words_runtime	finde_mehrfache_vorkommen	function	(stringliste)
i18n.words_runtime	befehle	ref	i18n.words_context:befehle
i18n.words_runtime	haupt2neben	ref	i18n.words_context:haupt2neben
i18n.words_runtime	organisationWort	str	organization
i18n.words_runtime	thomasWort	str	thomas
i18n.words_runtime	motivationWort	str	motivation
i18n.words_runtime	komplexWort	str	complex
i18n.words_runtime	transzendentalienWort	str	transcendentals
i18n.words_runtime	transzendentaliereziprokeWort	str	transcendentalreciprocal
i18n.words_runtime	verhaeltnisgleicherzahlWort	str	ratioSameNumber
i18n.words_runtime	gestirnWort	str	spaceObject
i18n.words_runtime	primzahlkreuzWort	str	primecross
i18n.words_runtime	GalaxieabsichtWort	str	galaxyintention
i18n.words_runtime	paraNdataMatrix	ref	i18n.words_matrix:paraNdataMatrix
i18n.words_runtime	kombiParaNdataMatrix	ref	i18n.words_matrix:kombiParaNdataMatrix
i18n.words_runtime	kombiParaNdataMatrix2	ref	i18n.words_matrix:kombiParaNdataMatrix2
i18n.words_runtime	classify	function	(mod)
i18n.words_runtime	tableHandling	class	4
i18n.words_runtime	tableHandling.parameterName	dict	1
i18n.words_runtime	tableHandling.parameterName[0].key	str	kombination
i18n.words_runtime	tableHandling.parameterName[0].value	str	combination
i18n.words_runtime	tableHandling.art	ref	i18n.words_context:ausgabeArt
i18n.words_runtime	tableHandling.into	dict	7
i18n.words_runtime	tableHandling.into[0].key	str	Kombination_(Galaxie_und_schwarzes_Loch)_(14_mit_13)
i18n.words_runtime	tableHandling.into[0].value	str	combination_(galaxy_and_black_hole)_(14_with_13)
i18n.words_runtime	tableHandling.into[1].key	str	Wichtigstes_zum_gedanklich_einordnen
i18n.words_runtime	tableHandling.into[1].value	str	most_important_to_think_about
i18n.words_runtime	tableHandling.into[2].key	str	Zweitwichtigste
i18n.words_runtime	tableHandling.into[2].value	str	secondmostimportant
i18n.words_runtime	tableHandling.into[3].key	str	berufe
i18n.words_runtime	tableHandling.into[3].value	str	jobs
i18n.words_runtime	tableHandling.into[4].key	str	intelligenz
i18n.words_runtime	tableHandling.into[4].value	str	intelligence
i18n.words_runtime	tableHandling.into[5].key	str	tiere
i18n.words_runtime	tableHandling.into[5].value	str	animals
i18n.words_runtime	tableHandling.into[6].key	str	Kombination_(Universum_und_Galaxie)_(14_mit_15)
i18n.words_runtime	tableHandling.into[6].value	str	Combination_(universe_and_galaxy)_(14_with_15)
i18n.words_runtime	tableHandling.gestirnGrossschrift	dict	7
i18n.words_runtime	tableHandling.gestirnGrossschrift[0].key	str	Gestirn
i18n.words_runtime	tableHandling.gestirnGrossschrift[0].value	str	spaceObject
i18n.words_runtime	tableHandling.gestirnGrossschrift[1].key	str	, und außerdem 
i18n.words_runtime	tableHandling.gestirnGrossschrift[1].value	str	, and as well 
i18n.words_runtime	tableHandling.gestirnGrossschrift[2].key	str	Mond (Potenzen)
i18n.words_runtime	tableHandling.gestirnGrossschrift[2].value	str	moon (math powers)
i18n.words_runtime	tableHandling.gestirnGrossschrift[3].key	str	Sonne
i18n.words_runtime	tableHandling.gestirnGrossschrift[3].value	str	sun
i18n.words_runtime	tableHandling.gestirnGrossschrift[4].key	str	Sonne (keine Potenzen)
i18n.words_runtime	tableHandling.gestirnGrossschrift[4].value	str	suns (no math powers)
i18n.words_runtime	tableHandling.gestirnGrossschrift[5].key	str	Planet (2*n)
i18n.words_runtime	tableHandling.gestirnGrossschrift[5].value	str	planets (2*n)
i18n.words_runtime	tableHandling.gestirnGrossschrift[6].key	str	wäre eine schwarze Sonne (-3*n), wenn ins Negative durch eine Typ 13 verdreht
i18n.words_runtime	tableHandling.gestirnGrossschrift[6].value	str	would be a black sun, if inverted into its negative by a type 13
i18n.words_runtime	concat	class	38
i18n.words_runtime	concat.themaWort	str	topic: 
i18n.words_runtime	concat.polygon1	dict	1
i18n.words_runtime	concat.polygon1[0].key	str	 der eigenen Strukturgröße (
i18n.words_runtime	concat.polygon1[0].value	str	 own structure size (
i18n.words_runtime	concat.polygon2	dict	1
i18n.words_runtime	concat.polygon2[0].key	str	) auf dich bei gleichförmigen Polygonen
i18n.words_runtime	concat.polygon2[0].value	str	) on you with regular polygons
i18n.words_runtime	concat.gleichheitFreiheitVergleich	dict	7
i18n.words_runtime	concat.gleichheitFreiheitVergleich[0].key	str	Gleichheit, Freiheit, Dominieren (Ordnungen [12]) Generiert
i18n.words_runtime	concat.gleichheitFreiheitVergleich[0].value	str	Being equal, Freedom, Liberty, Domination (Order [12]) generated
i18n.words_runtime	concat.gleichheitFreiheitVergleich[1].key	str	Dominieren, Unterordnen
i18n.words_runtime	concat.gleichheitFreiheitVergleich[1].value	str	domination over submission
i18n.words_runtime	concat.gleichheitFreiheitVergleich[2].key	str	Freiheit
i18n.words_runtime	concat.gleichheitFreiheitVergleich[2].value	str	freedom_and_or_liberty
i18n.words_runtime	concat.gleichheitFreiheitVergleich[3].key	str	Einschränkung der Freiheit
i18n.words_runtime	concat.gleichheitFreiheitVergleich[3].value	str	reduction of liberty and or freedom
i18n.words_runtime	concat.gleichheitFreiheitVergleich[4].key	str	Gleichheit
i18n.words_runtime	concat.gleichheitFreiheitVergleich[4].value	str	equality
i18n.words_runtime	concat.gleichheitFreiheitVergleich[5].key	str	den anderen überbieten wollen
i18n.words_runtime	concat.gleichheitFreiheitVergleich[5].value	str	wanting to be better or higher than the other
i18n.words_runtime	concat.gleichheitFreiheitVergleich[6].key	str	den anderen unterbieten wollen
i18n.words_runtime	concat.gleichheitFreiheitVergleich[6].value	str	wanting to be among or under the other
i18n.words_runtime	concat.energietopologie1	dict	11
i18n.words_runtime	concat.energietopologie1[0].key	str	eine Denkart
i18n.words_runtime	concat.energietopologie1[0].value	str	a way of thinking
i18n.words_runtime	concat.energietopologie1[1].key	str	eine Gefühlsart
i18n.words_runtime	concat.energietopologie1[1].value	str	a way of feeling
i18n.words_runtime	concat.energietopologie1[2].key	str	total eine Art, etwas geistig zu erzeugen
i18n.words_runtime	concat.energietopologie1[2].value	str	totally a way of producing something mentally
i18n.words_runtime	concat.energietopologie1[3].key	str	total eine Art zu erleben
i18n.words_runtime	concat.energietopologie1[3].value	str	totally a way of experiencing
i18n.words_runtime	concat.energietopologie1[4].key	str	total eine Energie-Art
i18n.words_runtime	concat.energietopologie1[4].value	str	totally a way of energy
i18n.words_runtime	concat.energietopologie1[5].key	str	etwas eine Art zu erleben
i18n.words_runtime	concat.energietopologie1[5].value	str	something a way of experiencing
i18n.words_runtime	concat.energietopologie1[6].key	str	etwas eine Art, etwas geistig zu erzeugen
i18n.words_runtime	concat.energietopologie1[6].value	str	something a way of generating something mentally
i18n.words_runtime	concat.energietopologie1[7].key	str	wenig eine Art, etwas geistig zu erzeugen
i18n.words_runtime	concat.energietopologie1[7].value	str	little a way to generate something mentally
i18n.words_runtime	concat.energietopologie1[8].key	str	einigermaßen eine Energie-Art
i18n.words_runtime	concat.energietopologie1[8].value	str	somewhat a kind of energy
i18n.words_runtime	concat.energietopologie1[9].key	str	kaum eine Energie-Art
i18n.words_runtime	concat.energietopologie1[9].value	str	hardly a kind of energy
i18n.words_runtime	concat.energietopologie1[10].key	str	kaum eine Art, etwas geistig zu erzeugen
i18n.words_runtime	concat.energietopologie1[10].value	str	hardly a way to generate something mentally
i18n.words_runtime	concat.ausgabeString	dict	1
i18n.words_runtime	concat.ausgabeString[0].key	str	Energie oder Denkart oder Gefühlsart oder Materie-Art oder Topologie-Art
i18n.words_runtime	concat.ausgabeString[0].value	str	energy kind or thinking kind or feeling kind or matter kind or topology kind.
i18n.words_runtime	concat.kreaZahl	dict	5
i18n.words_runtime	concat.kreaZahl[0].key	str	Evolutions-Züchtungs-Kreativität
i18n.words_runtime	concat.kreaZahl[0].value	str	Evolution-breeding-creativity
i18n.words_runtime	concat.kreaZahl[1].key	str	0. Primzahl 1
i18n.words_runtime	concat.kreaZahl[1].value	str	0. prime number 1
i18n.words_runtime	concat.kreaZahl[2].key	str	1. Primzahl und Sonnenzahl
i18n.words_runtime	concat.kreaZahl[2].value	str	1. prime number and sun number
i18n.words_runtime	concat.kreaZahl[3].key	str	2. Sonnenzahl, aber keine Primzahl
i18n.words_runtime	concat.kreaZahl[3].value	str	2. sun number, but no prime number
i18n.words_runtime	concat.kreaZahl[4].key	str	3. Mondzahl
i18n.words_runtime	concat.kreaZahl[4].value	str	3. lunar number
i18n.words_runtime	concat.mondExpLog1	dict	2
i18n.words_runtime	concat.mondExpLog1[0].key	str	Mond-Typ eines Sternpolygons
i18n.words_runtime	concat.mondExpLog1[0].value	str	moon type of a star polygon
i18n.words_runtime	concat.mondExpLog1[1].key	str	Mond-Typ eines gleichförmigen Polygons
i18n.words_runtime	concat.mondExpLog1[1].value	str	moon type of a uniform polygon
i18n.words_runtime	concat.mondExpLog2	dict	1
i18n.words_runtime	concat.mondExpLog2[0].key	str	kein Mond
i18n.words_runtime	concat.mondExpLog2[0].value	str	no moon
i18n.words_runtime	concat.modalB	dict	5
i18n.words_runtime	concat.modalB[0].key	str	mittelstark überdurchschnittlich: 
i18n.words_runtime	concat.modalB[0].value	str	medium above average: 
i18n.words_runtime	concat.modalB[1].key	str	überdurchschnittlich: 
i18n.words_runtime	concat.modalB[1].value	str	above average: 
i18n.words_runtime	concat.modalB[2].key	str	mittelleicht überdurchschnittlich: 
i18n.words_runtime	concat.modalB[2].value	str	moderately above average: 
i18n.words_runtime	concat.modalB[3].key	str	sehr: 
i18n.words_runtime	concat.modalB[3].value	str	very: 
i18n.words_runtime	concat.modalB[4].key	str	sehr leicht überdurchschnittlich: 
i18n.words_runtime	concat.modalB[4].value	str	very slightly above average: 
i18n.words_runtime	concat.modalC	dict	4
i18n.words_runtime	concat.modalC[0].key	str	intrinsisch
i18n.words_runtime	concat.modalC[0].value	str	intrinsic
i18n.words_runtime	concat.modalC[1].key	str	zuerst
i18n.words_runtime	concat.modalC[1].value	str	first
i18n.words_runtime	concat.modalC[2].key	str	extrinsisch
i18n.words_runtime	concat.modalC[2].value	str	extrinsic
i18n.words_runtime	concat.modalC[3].key	str	als zweites
i18n.words_runtime	concat.modalC[3].value	str	second
i18n.words_runtime	concat.modalD	dict	6
i18n.words_runtime	concat.modalD[0].key	str	, nicht: 
i18n.words_runtime	concat.modalD[0].value	str	, not: 
i18n.words_runtime	concat.modalD[1].key	str	 (das alles nicht): 
i18n.words_runtime	concat.modalD[1].value	str	 (not all that): 
i18n.words_runtime	concat.modalD[2].key	str	extrinsisch
i18n.words_runtime	concat.modalD[2].value	str	extrinsic
i18n.words_runtime	concat.modalD[3].key	str	als zweites
i18n.words_runtime	concat.modalD[3].value	str	second
i18n.words_runtime	concat.modalD[4].key	str	intrinsisch
i18n.words_runtime	concat.modalD[4].value	str	intrinsic
i18n.words_runtime	concat.modalD[5].key	str	zuerst
i18n.words_runtime	concat.modalD[5].value	str	first
i18n.words_runtime	concat.generiertWort	dict	1
i18n.words_runtime	concat.generiertWort[0].key	str	Generiert: 
i18n.words_runtime	concat.generiertWort[0].value	str	Generated: 
i18n.words_runtime	concat.allesNurBezogenAufSatz	str	All only related to the same structure size of a 
i18n.words_runtime	concat.headline1	str	Gegen / pro: Nach Rechenregeln auf Primzahlkreuz und Vielfachern von Primzahlen
i18n.words_runtime	concat.gegen	dict	1
i18n.words_runtime	concat.gegen[0].key	str	gegen 
i18n.words_runtime	concat.gegen[0].value	str	against 
i18n.words_runtime	concat.pro	dict	1
i18n.words_runtime	concat.pro[0].key	str	pro 
i18n.words_runtime	concat.pro[0].value	str	per 
i18n.words_runtime	concat.hineinversetzen	dict	2
i18n.words_runtime	concat.hineinversetzen[0].key	str	 Darin kann sich die 
i18n.words_runtime	concat.hineinversetzen[0].value	str	 In this 
i18n.words_runtime	concat.hineinversetzen[1].key	str	 am Besten hineinversetzen.
i18n.words_runtime	concat.hineinversetzen[1].value	str	 is able to mentally understand the mind inside.
i18n.words_runtime	concat.proIst	dict	2
i18n.words_runtime	concat.proIst[0].key	str	pro dieser Zahl sind: 
i18n.words_runtime	concat.proIst[0].value	str	per this number are: 
i18n.words_runtime	concat.proIst[1].key	str	pro dieser Zahl ist 
i18n.words_runtime	concat.proIst[1].value	str	per this number is 
i18n.words_runtime	concat.contraIst	dict	2
i18n.words_runtime	concat.contraIst[0].key	str	 contra dieser Zahl sind: 
i18n.words_runtime	concat.contraIst[0].value	str	 contra this number are: 
i18n.words_runtime	concat.contraIst[1].key	str	 contra dieser Zahl ist 
i18n.words_runtime	concat.contraIst[1].value	str	 contra this number is 
i18n.words_runtime	concat.hineinversetzenSatz	str	 - Die Zahlen, die für oder gegen diese Zahlen hier sind, können sich in diese am Besten gedanklich hineinversetzen.
i18n.words_runtime	concat.polygone	dict	2
i18n.words_runtime	concat.polygone[0].key	str	Sternpolygone
i18n.words_runtime	concat.polygone[0].value	str	star_polygons
i18n.words_runtime	concat.polygone[1].key	str	gleichförmige Polygone
i18n.words_runtime	concat.polygone[1].value	str	regular polygons
i18n.words_runtime	concat.kombisNamen	dict	4
i18n.words_runtime	concat.kombisNamen[0].key	str	Motiv -> Motiv
i18n.words_runtime	concat.kombisNamen[0].value	str	Motif -> Motif
i18n.words_runtime	concat.kombisNamen[1].key	str	Motiv -> Strukur
i18n.words_runtime	concat.kombisNamen[1].value	str	Motif -> Structure
i18n.words_runtime	concat.kombisNamen[2].key	str	Struktur -> Motiv
i18n.words_runtime	concat.kombisNamen[2].value	str	Structure -> Motif
i18n.words_runtime	concat.kombisNamen[3].key	str	Struktur -> Strukur
i18n.words_runtime	concat.kombisNamen[3].value	str	Structure -> Structure
i18n.words_runtime	concat.faktorenbla	dict	1
i18n.words_runtime	concat.faktorenbla[0].key	str	, mit Faktoren aus gebrochen-rationalen Zahlen
i18n.words_runtime	concat.faktorenbla[0].value	str	, with factors from fractional-rational numbers
i18n.words_runtime	concat.genMul	dict	1
i18n.words_runtime	concat.genMul[0].key	str	generierte Multiplikationen 
i18n.words_runtime	concat.genMul[0].value	str	generated multiplications
i18n.words_runtime	concat.ausserdem	dict	2
i18n.words_runtime	concat.ausserdem[0].key	str	, außerdem: 
i18n.words_runtime	concat.ausserdem[0].value	str	, furthermore: 
i18n.words_runtime	concat.ausserdem[1].key	str	| außerdem: 
i18n.words_runtime	concat.ausserdem[1].value	str	| moreover:
i18n.words_runtime	concat.Multiplikationen_	dict	1
i18n.words_runtime	concat.Multiplikationen_[0].key	str	Multiplikationen
i18n.words_runtime	concat.Multiplikationen_[0].value	str	multiplications
i18n.words_runtime	concat.nWichtigste	dict	2
i18n.words_runtime	concat.nWichtigste[0].key	str	Wichtigstes_zum_verstehen
i18n.words_runtime	concat.nWichtigste[0].value	str	most_important_to_understand
i18n.words_runtime	concat.nWichtigste[1].key	str	Viertwichtigste
i18n.words_runtime	concat.nWichtigste[1].value	str	fourth_most_important
i18n.words_runtime	concat.metaOrWhat	dict	24
i18n.words_runtime	concat.metaOrWhat[0].key	str	Meta-Thema: 
i18n.words_runtime	concat.metaOrWhat[0].value	str	meta-topic:
i18n.words_runtime	concat.metaOrWhat[1].key	str	Konkretes: 
i18n.words_runtime	concat.metaOrWhat[1].value	str	sonrete things: 
i18n.words_runtime	concat.metaOrWhat[2].key	str	Meta-
i18n.words_runtime	concat.metaOrWhat[2].value	str	meta-
i18n.words_runtime	concat.metaOrWhat[3].key	str	Konkret-
i18n.words_runtime	concat.metaOrWhat[3].value	str	concrete-
i18n.words_runtime	concat.metaOrWhat[4].key	str	Theorie-Thema: 
i18n.words_runtime	concat.metaOrWhat[4].value	str	theory-topic: 
i18n.words_runtime	concat.metaOrWhat[5].key	str	Praxis: 
i18n.words_runtime	concat.metaOrWhat[5].value	str	practise: 
i18n.words_runtime	concat.metaOrWhat[6].key	str	Theorie-
i18n.words_runtime	concat.metaOrWhat[6].value	str	theory-
i18n.words_runtime	concat.metaOrWhat[7].key	str	Praxis-
i18n.words_runtime	concat.metaOrWhat[7].value	str	practise-
i18n.words_runtime	concat.metaOrWhat[8].key	str	Planungs-Thema: 
i18n.words_runtime	concat.metaOrWhat[8].value	str	planning topic: 
i18n.words_runtime	concat.metaOrWhat[9].key	str	Umsetzungs-Thema: 
i18n.words_runtime	concat.metaOrWhat[9].value	str	realization-topic: 
i18n.words_runtime	concat.metaOrWhat[10].key	str	Planung-
i18n.words_runtime	concat.metaOrWhat[10].value	str	planing-
i18n.words_runtime	concat.metaOrWhat[11].key	str	Umsetzung-
i18n.words_runtime	concat.metaOrWhat[11].value	str	realization-
i18n.words_runtime	concat.metaOrWhat[12].key	str	Anlass-Thema: 
i18n.words_runtime	concat.metaOrWhat[12].value	str	occasion-topic: 
i18n.words_runtime	concat.metaOrWhat[13].key	str	Wirkungs-Thema: 
i18n.words_runtime	concat.metaOrWhat[13].value	str	effect-topic: 
i18n.words_runtime	concat.metaOrWhat[14].key	str	Anlass-
i18n.words_runtime	concat.metaOrWhat[14].value	str	occasion-
i18n.words_runtime	concat.metaOrWhat[15].key	str	wirkung-
i18n.words_runtime	concat.metaOrWhat[15].value	str	effect-
i18n.words_runtime	concat.metaOrWhat[16].key	str	Kraft-Gebung: 
i18n.words_runtime	concat.metaOrWhat[16].value	str	power-geving: 
i18n.words_runtime	concat.metaOrWhat[17].key	str	Verstärkungs-Thema: 
i18n.words_runtime	concat.metaOrWhat[17].value	str	amplification-topic: 
i18n.words_runtime	concat.metaOrWhat[18].key	str	Kraft-geben-
i18n.words_runtime	concat.metaOrWhat[18].value	str	give-power-
i18n.words_runtime	concat.metaOrWhat[19].key	str	Verstärkung-
i18n.words_runtime	concat.metaOrWhat[19].value	str	empower-
i18n.words_runtime	concat.metaOrWhat[20].key	str	Beherrschung: 
i18n.words_runtime	concat.metaOrWhat[20].value	str	rule: 
i18n.words_runtime	concat.metaOrWhat[21].key	str	Richtung-Thema: 
i18n.words_runtime	concat.metaOrWhat[21].value	str	direction-topic: 
i18n.words_runtime	concat.metaOrWhat[22].key	str	beherrschend-
i18n.words_runtime	concat.metaOrWhat[22].value	str	rule-
i18n.words_runtime	concat.metaOrWhat[23].key	str	Richtung-
i18n.words_runtime	concat.metaOrWhat[23].value	str	direction-
i18n.words_runtime	concat.metaKonkret	dict	14
i18n.words_runtime	concat.metaKonkret[0].key	str	Meta
i18n.words_runtime	concat.metaKonkret[0].value	str	meta
i18n.words_runtime	concat.metaKonkret[1].key	str	Theorie
i18n.words_runtime	concat.metaKonkret[1].value	str	theory
i18n.words_runtime	concat.metaKonkret[2].key	str	Management
i18n.words_runtime	concat.metaKonkret[2].value	str	management
i18n.words_runtime	concat.metaKonkret[3].key	str	ganzheitlich
i18n.words_runtime	concat.metaKonkret[3].value	str	discrete
i18n.words_runtime	concat.metaKonkret[4].key	str	Verwertung, Unternehmung, Geschäft
i18n.words_runtime	concat.metaKonkret[4].value	str	utilization, enterprise, business
i18n.words_runtime	concat.metaKonkret[5].key	str	regieren, beherrschen
i18n.words_runtime	concat.metaKonkret[5].value	str	rule, dominate
i18n.words_runtime	concat.metaKonkret[6].key	str	Konkretes
i18n.words_runtime	concat.metaKonkret[6].value	str	concreteThings
i18n.words_runtime	concat.metaKonkret[7].key	str	Praxis
i18n.words_runtime	concat.metaKonkret[7].value	str	practice
i18n.words_runtime	concat.metaKonkret[8].key	str	verändernd
i18n.words_runtime	concat.metaKonkret[8].value	str	changing
i18n.words_runtime	concat.metaKonkret[9].key	str	darüber hinaus gehend
i18n.words_runtime	concat.metaKonkret[9].value	str	going beyond
i18n.words_runtime	concat.metaKonkret[10].key	str	wertvoll
i18n.words_runtime	concat.metaKonkret[10].value	str	valuable
i18n.words_runtime	concat.metaKonkret[11].key	str	Richtung
i18n.words_runtime	concat.metaKonkret[11].value	str	direction
i18n.words_runtime	concat.metaKonkret[12].key	str	 für 1/n statt n
i18n.words_runtime	concat.metaKonkret[12].value	str	for 1/n instead of n
i18n.words_runtime	concat.metaKonkret[13].key	str	 für n
i18n.words_runtime	concat.metaKonkret[13].value	str	 for n
i18n.words_runtime	concat.innenAussen	dict	4
i18n.words_runtime	concat.innenAussen[0].key	str	für innen
i18n.words_runtime	concat.innenAussen[0].value	str	for inside
i18n.words_runtime	concat.innenAussen[1].key	str	für außen
i18n.words_runtime	concat.innenAussen[1].value	str	for outside
i18n.words_runtime	concat.innenAussen[2].key	str	"für seitlich und gegen Schwächlinge innen"
i18n.words_runtime	concat.innenAussen[2].value	str	"for other sides and against weaklings inside"
i18n.words_runtime	concat.innenAussen[3].key	str	"gegen seitlich und für Schwächlinge innen"
i18n.words_runtime	concat.innenAussen[3].value	str	"against other sides and  pro weaklings inside"
i18n.words_runtime	concat.spaltenNamen	ordereddict	7
i18n.words_runtime	concat.spaltenNamen[0].key	str	Transzendentalien, Strukturalien, Universum n
i18n.words_runtime	concat.spaltenNamen[0].value	str	Transcendentalia, structuralia, universe n
i18n.words_runtime	concat.spaltenNamen[1].key	str	Galaxie n
i18n.words_runtime	concat.spaltenNamen[1].value	str	galaxy n
i18n.words_runtime	concat.spaltenNamen[2].key	str	Galaxie 1/n
i18n.words_runtime	concat.spaltenNamen[2].value	str	galaxy 1/n
i18n.words_runtime	concat.spaltenNamen[3].key	str	Transzendentalien, Strukturalien, Universum 1/n
i18n.words_runtime	concat.spaltenNamen[3].value	str	transcendentalia, structuralia, universe 1/n
i18n.words_runtime	concat.spaltenNamen[4].key	str	Dagegen-Gegen-Transzendentalien, Gegen-Strukturalien, Universum n
i18n.words_runtime	concat.spaltenNamen[4].value	str	against-counter-transcendentalia, counter-structuralia, universe n
i18n.words_runtime	concat.spaltenNamen[5].key	str	neutrale Gegen-Transzendentalien, Gegen-Strukturalien, Universum n
i18n.words_runtime	concat.spaltenNamen[5].value	str	neutral counter-transcendentalia, counter-structuralia, universe n
i18n.words_runtime	concat.spaltenNamen[6].key	str	Richtung-Richtung
i18n.words_runtime	concat.spaltenNamen[6].value	str	direction-direction
i18n.words_runtime	concat.primRicht	dict	1
i18n.words_runtime	concat.primRicht[0].key	str	Primzahlwirkung (7, Richtung) 
i18n.words_runtime	concat.primRicht[0].value	str	prime number effect (7, direction)
i18n.words_runtime	concat.letztEnd	dict	1
i18n.words_runtime	concat.letztEnd[0].key	str	] * letztendlich: 
i18n.words_runtime	concat.letztEnd[0].value	str	] * finally: 
i18n.words_runtime	concat.primVielGen	dict	1
i18n.words_runtime	concat.primVielGen[0].key	str	Primzahlvielfache, nicht generiert
i18n.words_runtime	concat.primVielGen[0].value	str	prime multiples, not generated
i18n.words_runtime	concat.GalOrUniOrFehler	dict	5
i18n.words_runtime	concat.GalOrUniOrFehler[0].key	str	Fehler
i18n.words_runtime	concat.GalOrUniOrFehler[0].value	str	Error
i18n.words_runtime	concat.GalOrUniOrFehler[1].key	str	Universum
i18n.words_runtime	concat.GalOrUniOrFehler[1].value	str	universe
i18n.words_runtime	concat.GalOrUniOrFehler[2].key	str	Galaxie
i18n.words_runtime	concat.GalOrUniOrFehler[2].value	str	galaxy
i18n.words_runtime	concat.GalOrUniOrFehler[3].key	str	Emotion
i18n.words_runtime	concat.GalOrUniOrFehler[3].value	str	emotion
i18n.words_runtime	concat.GalOrUniOrFehler[4].key	str	Strukturgroesse
i18n.words_runtime	concat.GalOrUniOrFehler[4].value	str	structuresize
i18n.words_runtime	concat.multipl	dict	1
i18n.words_runtime	concat.multipl[0].key	str	Multiplikationen
i18n.words_runtime	concat.multipl[0].value	str	multiplications
i18n.words_runtime	concat.notGen	dict	1
i18n.words_runtime	concat.notGen[0].key	str	Nicht_generiert
i18n.words_runtime	concat.notGen[0].value	str	Not_generated
i18n.words_runtime	lib4tables	class	3
i18n.words_runtime	lib4tables.zaehlung	dict	1
i18n.words_runtime	lib4tables.zaehlung[0].key	str	Zählung
i18n.words_runtime	lib4tables.zaehlung[0].value	str	ranges
i18n.words_runtime	lib4tables.nummerier	dict	1
i18n.words_runtime	lib4tables.nummerier[0].key	str	Nummerierung
i18n.words_runtime	lib4tables.nummerier[0].value	str	numbering
i18n.words_runtime	lib4tables.alles	dict	1
i18n.words_runtime	lib4tables.alles[0].key	str	alles
i18n.words_runtime	lib4tables.alles[0].value	str	all
i18n.words_runtime	retapy	class	14
i18n.words_runtime	retapy.beschriebenWort	str	described
i18n.words_runtime	retapy.nichtsWort	str	nothing
i18n.words_runtime	retapy.cliout1Saetze	tuple	3
i18n.words_runtime	retapy.cliout1Saetze[0]	str	The Main-Paramter "
i18n.words_runtime	retapy.cliout1Saetze[1]	str	" does not exist here als a command!
i18n.words_runtime	retapy.cliout1Saetze[2]	str	 It is only possible: -
i18n.words_runtime	retapy.keineNumWort	str	nonumbering
i18n.words_runtime	retapy.cliout2Saetze	tuple	4
i18n.words_runtime	retapy.cliout2Saetze[0]	str	The sub-paramaeter " --
i18n.words_runtime	retapy.cliout2Saetze[1]	str	" exists,but not with the text value "
i18n.words_runtime	retapy.cliout2Saetze[2]	str	". Possible secondary parameter text values, for this sub-parameter, are: "
i18n.words_runtime	retapy.cliout2Saetze[3]	str	". Instead there are not sub parameter text values.
i18n.words_runtime	retapy.cliout3Saetze	tuple	8
i18n.words_runtime	retapy.cliout3Saetze[0]	str	The sub-paramaeter " --
i18n.words_runtime	retapy.cliout3Saetze[1]	str	" with the text value "
i18n.words_runtime	retapy.cliout3Saetze[2]	str	" does not exist here als a command for the main parameterr
i18n.words_runtime	retapy.cliout3Saetze[3]	str	 -columns
i18n.words_runtime	retapy.cliout3Saetze[4]	str	!
i18n.words_runtime	retapy.cliout3Saetze[5]	str	 It is only possible:\n--
i18n.words_runtime	retapy.cliout3Saetze[6]	str	, --widths --width
i18n.words_runtime	retapy.cliout3Saetze[7]	str	\nwith the values behind:\n
i18n.words_runtime	retapy.cliout4Saetze	tuple	6
i18n.words_runtime	retapy.cliout4Saetze[0]	str	The sub parameter "--
i18n.words_runtime	retapy.cliout4Saetze[1]	str	" does not exist here als a command for the main parameterr
i18n.words_runtime	retapy.cliout4Saetze[2]	str	 -columns
i18n.words_runtime	retapy.cliout4Saetze[3]	str	, or this parameter needs values analogous to: \n--subParameter=value1\n
i18n.words_runtime	retapy.cliout4Saetze[4]	str	It is only possible: --
i18n.words_runtime	retapy.cliout4Saetze[5]	str	, --nonumbering
i18n.words_runtime	retapy.kombinationenWort	str	combinations
i18n.words_runtime	retapy.cliout5Saetze	tuple	2
i18n.words_runtime	retapy.cliout5Saetze[0]	str	The combination column "
i18n.words_runtime	retapy.cliout5Saetze[1]	str	" does not exist as a command like this. Possible are the parameters for 
i18n.words_runtime	retapy.cliout6Satz	str	no sub parameter--galaxy= ",, or, "--universe=", specified for main parameters -combination or an unrelated parameter: 
i18n.words_runtime	retapy.cliout7Saetze	tuple	3
i18n.words_runtime	retapy.cliout7Saetze[0]	str	A main parameter, or the correct one, must be set so that a
i18n.words_runtime	retapy.cliout7Saetze[1]	str	 sub paramter, as maybe: "
i18n.words_runtime	retapy.cliout7Saetze[2]	str	" can be executed. Main parameters are: -
i18n.words_runtime	retapy.cliout8SatzVersucheParaH	str	try parameters -h
i18n.words_runtime	retapy.cliout9Saetze	tuple	4
i18n.words_runtime	retapy.cliout9Saetze[0]	str	The sub parameter "
i18n.words_runtime	retapy.cliout9Saetze[1]	str	" does not exist here for the main parameter "-
i18n.words_runtime	retapy.cliout9Saetze[2]	str	" Or a = is missing behind it.
i18n.words_runtime	retapy.cliout9Saetze[3]	str	Possible are: 
i18n.words_runtime	retapy.cliout10Saetze	tuple	3
i18n.words_runtime	retapy.cliout10Saetze[0]	str	The sub parameter "
i18n.words_runtime	retapy.cliout10Saetze[1]	str	" does not exist here for the main parameter "-
i18n.words_runtime	retapy.cliout10Saetze[2]	str	" Or a = is missing behind it.
i18n.words_runtime	nested	class	5
i18n.words_runtime	nested.galWort	str	galaxy
i18n.words_runtime	nested.uniWort	str	universe
i18n.words_runtime	nested.artWort	str	type
i18n.words_runtime	nested.zeitWort	str	time
i18n.words_runtime	nested.typWort	str	type
i18n.words_runtime	retaPrompt	class	16
i18n.words_runtime	retaPrompt.infoDebugAktiv	str	Debug log is activated.
i18n.words_runtime	retaPrompt.abstandMeldung	str	the command distance' need at least 2 number or number ranges, as 'distance 7 17-25'
i18n.words_runtime	retaPrompt.befehleBeenden	set	5
i18n.words_runtime	retaPrompt.befehleBeenden[0]	str	:q
i18n.words_runtime	retaPrompt.befehleBeenden[1]	str	end
i18n.words_runtime	retaPrompt.befehleBeenden[2]	str	exit
i18n.words_runtime	retaPrompt.befehleBeenden[3]	str	q
i18n.words_runtime	retaPrompt.befehleBeenden[4]	str	quit
i18n.words_runtime	retaPrompt.befehleWort	dict	2
i18n.words_runtime	retaPrompt.befehleWort[0].key	str	Befehle
i18n.words_runtime	retaPrompt.befehleWort[0].value	str	commands
i18n.words_runtime	retaPrompt.befehleWort[1].key	str	Kurzbefehle
i18n.words_runtime	retaPrompt.befehleWort[1].value	str	shortcuts
i18n.words_runtime	retaPrompt.promptModeSatz	str	promptmode before: {} , {}
i18n.words_runtime	retaPrompt.promptModeSatz2	str	{}{}{} results from '{}' and results reta command after:
i18n.words_runtime	retaPrompt.out1Saetze	tuple	2
i18n.words_runtime	retaPrompt.out1Saetze[0]	str	This ('
i18n.words_runtime	retaPrompt.out1Saetze[1]	str	') is actually a command (or there are several), but there is nothing to output.
i18n.words_runtime	retaPrompt.out2Satz	str	This is not a command! -> '{}'
i18n.words_runtime	retaPrompt.out3Saetze	str	If there is a 1 in the numerator or denominator, often (not always) no multiples are formed.\nFor fractions "n/1=integer" there are the usual commands for integers numbers.\nThis is a design decision that has been made.
i18n.words_runtime	retaPrompt.replacements	dict	19
i18n.words_runtime	retaPrompt.replacements[0].key	str	e
i18n.words_runtime	retaPrompt.replacements[0].value	str	noOneCharacterLinePlusNoOutputWhichCommandItWas
i18n.words_runtime	retaPrompt.replacements[1].key	str	M
i18n.words_runtime	retaPrompt.replacements[1].value	str	mind
i18n.words_runtime	retaPrompt.replacements[2].key	str	R
i18n.words_runtime	retaPrompt.replacements[2].value	str	range
i18n.words_runtime	retaPrompt.replacements[3].key	str	i
i18n.words_runtime	retaPrompt.replacements[3].value	str	intent
i18n.words_runtime	retaPrompt.replacements[4].key	str	C
i18n.words_runtime	retaPrompt.replacements[4].value	str	consciousness
i18n.words_runtime	retaPrompt.replacements[5].key	str	E
i18n.words_runtime	retaPrompt.replacements[5].value	str	emotions
i18n.words_runtime	retaPrompt.replacements[6].key	str	u
i18n.words_runtime	retaPrompt.replacements[6].value	str	universe
i18n.words_runtime	retaPrompt.replacements[7].key	str	I
i18n.words_runtime	retaPrompt.replacements[7].value	str	impulses
i18n.words_runtime	retaPrompt.replacements[8].key	str	D
i18n.words_runtime	retaPrompt.replacements[8].value	str	drive
i18n.words_runtime	retaPrompt.replacements[9].key	str	t
i18n.words_runtime	retaPrompt.replacements[9].value	str	thomas
i18n.words_runtime	retaPrompt.replacements[10].key	str	r
i18n.words_runtime	retaPrompt.replacements[10].value	str	direction
i18n.words_runtime	retaPrompt.replacements[11].key	str	m
i18n.words_runtime	retaPrompt.replacements[11].value	str	multiple
i18n.words_runtime	retaPrompt.replacements[12].key	str	h
i18n.words_runtime	retaPrompt.replacements[12].value	str	HELP
i18n.words_runtime	retaPrompt.replacements[13].key	str	d
i18n.words_runtime	retaPrompt.replacements[13].value	str	divider
i18n.words_runtime	retaPrompt.replacements[14].key	str	S
i18n.words_runtime	retaPrompt.replacements[14].value	str	CommandSaveAfter
i18n.words_runtime	retaPrompt.replacements[15].key	str	s
i18n.words_runtime	retaPrompt.replacements[15].value	str	CommandSaveBefore
i18n.words_runtime	retaPrompt.replacements[16].key	str	c
i18n.words_runtime	retaPrompt.replacements[16].value	str	CommandClearSaves
i18n.words_runtime	retaPrompt.replacements[17].key	str	o
i18n.words_runtime	retaPrompt.replacements[17].value	str	CommandSaveOutput
i18n.words_runtime	retaPrompt.replacements[18].key	str	T
i18n.words_runtime	retaPrompt.replacements[18].value	str	truthRealities
i18n.words_runtime	retaPrompt.retaPromptParameter	dict	7
i18n.words_runtime	retaPrompt.retaPromptParameter[0].key	str	vi
i18n.words_runtime	retaPrompt.retaPromptParameter[0].value	str	vi
i18n.words_runtime	retaPrompt.retaPromptParameter[1].key	str	log
i18n.words_runtime	retaPrompt.retaPromptParameter[1].value	str	log
i18n.words_runtime	retaPrompt.retaPromptParameter[2].key	str	h
i18n.words_runtime	retaPrompt.retaPromptParameter[2].value	str	h
i18n.words_runtime	retaPrompt.retaPromptParameter[3].key	str	help
i18n.words_runtime	retaPrompt.retaPromptParameter[3].value	str	help
i18n.words_runtime	retaPrompt.retaPromptParameter[4].key	str	e
i18n.words_runtime	retaPrompt.retaPromptParameter[4].value	str	e
i18n.words_runtime	retaPrompt.retaPromptParameter[5].key	str	debug
i18n.words_runtime	retaPrompt.retaPromptParameter[5].value	str	debug
i18n.words_runtime	retaPrompt.retaPromptParameter[6].key	str	befehl
i18n.words_runtime	retaPrompt.retaPromptParameter[6].value	str	command
i18n.words_runtime	retaPrompt.debugLog	str	Debug log is activated.
i18n.words_runtime	retaPrompt.helptext	str	allowed parameters are\n            -vi, for vi mode instead of emacs mode,\n            -language=, to select another language and possible are: 'english', 'englisch', 'deutsch', 'german', 'vietnamesisch', 'vietnamese', 'tiếngviệt', 'chinesisch', 'chinese', '中國人', 'koreanisch', 'korean', '한국인'\n            -log,  to activate logging,\n            -debug, to enable debugging log output. This is only for developers intended.\n            -command causes that up to the last program parameter retaPrompt command only one RetaPrompt command is executed.\n            -e causes all commands to display the 'e' command \trespectively 'noOneCharacterLinePlusNoOutputWhichCommandItWas' is used every time - except if the first command was reta, because  this one works differently 
i18n.words_runtime	retaPrompt.wspeichernWort	str	save what>
i18n.words_runtime	retaPrompt.wloeschenWort	str	delete what>
i18n.words_runtime	retaPrompt.reziInfoText	str	If there is a 1 in the numerator or denominator, often (not always) no multiples are formed.\nFor fractions "n/1=integer" there are the usual commands for integers numbers.\nThis is a design decision that has been made.
i18n.words_runtime	mainParaCmds	ref	i18n.words_runtime:hauptForNeben
i18n.words_runtime	csvFileNames	class	16
i18n.words_runtime	csvFileNames.kombi13	str	kombi.csv
i18n.words_runtime	csvFileNames.kombi15	str	kombi-meta.csv
i18n.words_runtime	csvFileNames.religion	str	religion.csv
i18n.words_runtime	csvFileNames.prim	str	primenumbers.csv
i18n.words_runtime	csvFileNames.bruch15	str	gebrochen-rational-universum.csv
i18n.words_runtime	csvFileNames.bruch13	str	gebrochen-rational-galaxie.csv
i18n.words_runtime	csvFileNames.bruch7	str	gebrochen-rational-emotionen.csv
i18n.words_runtime	csvFileNames.burchGroesse	str	gebrochen-rational-strukturgroesse.csv
i18n.words_runtime	csvFileNames.kombi_17_13_15	str	kombi-gedanken17-absichten13-bewusstsein15.csv
i18n.words_runtime	csvFileNames.kombi_11_15	str	kombi-meta-systeme.csv
i18n.words_runtime	csvFileNames.kombi_10_15	str	kombi-universelle-wirklichkeit.csv
i18n.words_runtime	csvFileNames.kreis18	str	kreisVomTyp18.csv
i18n.words_runtime	csvFileNames.sunMoon	str	sunMoonEtc.csv
i18n.words_runtime	csvFileNames.meaningOfLife	str	meaningOfLife.csv
i18n.words_runtime	csvFileNames.dualitaetenTrinities	str	dualism-trinities-etc.csv
i18n.words_runtime	csvFileNames.bruchStrukGroesse	str	gebrochen-rational-strukturgroesse.csv
i18n.words_runtime	EIGS_N_R	tuple	2
i18n.words_runtime	EIGS_N_R[0]	str	PROPN
i18n.words_runtime	EIGS_N_R[1]	str	PROPR
i18n.words_runtime	readMeFileNames	class	4
i18n.words_runtime	readMeFileNames.reta	str	readme-reta-en.md
i18n.words_runtime	readMeFileNames.retaPrompt	str	readme-retaPrompt-en.md
i18n.words_runtime	readMeFileNames.startFiles	str	readme-startFiles.md
i18n.words_runtime	readMeFileNames.developer	str	readme.org
i18n.words_runtime	wrongLangSentence	str	for '-languages=' parameter values are allowed: 'en', 'en', 'de', 'de', 'vn', 'vn', 'vn', 'cn', 'cn', 'cn', 'kr', 'kr', 'kr'
i18n.words_runtime	tomDecodedMotivesLang	dict	3
i18n.words_runtime	tomDecodedMotivesLang[0].key	str	kr
i18n.words_runtime	tomDecodedMotivesLang[0].value	str	kr-thomas-decodedDekodiert-in-motives-purposesAbsichten.csv
i18n.words_runtime	tomDecodedMotivesLang[1].key	str	vn
i18n.words_runtime	tomDecodedMotivesLang[1].value	str	vn-thomas-decodedDekodiert-in-motives-purposesAbsichten.csv
i18n.words_runtime	tomDecodedMotivesLang[2].key	str	cn
i18n.words_runtime	tomDecodedMotivesLang[2].value	str	cn-thomas-decodedDekodiert-in-motives-purposesAbsichten.csv
i18n.words	alxp	function	(text)
i18n.words	x	function	(text1, text)
i18n.words	sprachen	ref	i18n.words_context:sprachen
i18n.words	sprachen2	ref	i18n.words_context:sprachen2
i18n.words	sprachenWahl	str	chinese
i18n.words	sprachenParameterWort	str	-language=
i18n.words	flagS	bool	true
i18n.words	arg	str	-language=chinese
i18n.words	subFolder	str	cn
i18n.words	sprachenFileName	str	cn
i18n.words	i18nPath	str	python_reference/i18n
i18n.words	Multiplikationen	ref	i18n.words_context:Multiplikationen
i18n.words	netzwerkWort	str	network
i18n.words	Primzahlkreuz_pro_contra_strs	ref	i18n.words_context:Primzahlkreuz_pro_contra_strs
i18n.words	keineTabellenAusgabe	str	one time no table content
i18n.words	Primzahlkreuz_pro_contra_strs_Fkt	ref	i18n.words_context:Primzahlkreuz_pro_contra_strs_Fkt
i18n.words	Primzahlkreuz_pro_contra_strs_Dict	ref	i18n.words_context:Primzahlkreuz_pro_contra_strs_Dict
i18n.words	gebrochenSpaltenMaximumPlus1	int	24
i18n.words	primzahlWort	str	prime_number
i18n.words	geistWort	str	mind
i18n.words	emotionWort	str	emotions
i18n.words	ausgabeParas	ref	i18n.words_context:ausgabeParas
i18n.words	ausgabeParasEqSign	ref	i18n.words_context:ausgabeParasEqSign
i18n.words	ausgabeParasLen	ref	i18n.words_context:ausgabeParasLen
i18n.words	kombiMainParas	ref	i18n.words_context:kombiMainParas
i18n.words	zeilenParas	ref	i18n.words_context:zeilenParas
i18n.words	zeilenParasLen	ref	i18n.words_context:zeilenParasLen
i18n.words	hauptForNeben	ref	i18n.words_runtime:hauptForNeben
i18n.words	ausgabeArt	ref	i18n.words_context:ausgabeArt
i18n.words	wahl16Words	ref	i18n.words_context:wahl16Words
i18n.words	wahl15Words	ref	i18n.words_context:wahl15Words
i18n.words	kugelnKreise	ref	i18n.words_context:kugelnKreise
i18n.words	ParametersMain	ref	i18n.words_context:ParametersMain
i18n.words	konzeptE	ref	i18n.words_context:konzeptE
i18n.words	gebrochenUniGal	ref	i18n.words_context:gebrochenUniGal
i18n.words	gebrochenUniGalEinzeln	ref	i18n.words_context:gebrochenUniGalEinzeln
i18n.words	wahl15	ref	i18n.words_context:wahl15
i18n.words	wahl16	ref	i18n.words_context:wahl16
i18n.words	freiheitGleichheit	ref	i18n.words_context:freiheitGleichheit
i18n.words	gemeinsamkeitenWort	str	commonalities
i18n.words	befehle2	ref	i18n.words_context:befehle2
i18n.words	finde_mehrfache_vorkommen	function	(stringliste)
i18n.words	befehle	ref	i18n.words_context:befehle
i18n.words	haupt2neben	ref	i18n.words_context:haupt2neben
i18n.words	organisationWort	str	organization
i18n.words	thomasWort	str	thomas
i18n.words	motivationWort	str	motivation
i18n.words	komplexWort	str	complex
i18n.words	transzendentalienWort	str	transcendentals
i18n.words	transzendentaliereziprokeWort	str	transcendentalreciprocal
i18n.words	verhaeltnisgleicherzahlWort	str	ratioSameNumber
i18n.words	gestirnWort	str	spaceObject
i18n.words	primzahlkreuzWort	str	primecross
i18n.words	GalaxieabsichtWort	str	galaxyintention
i18n.words	paraNdataMatrix	ref	i18n.words_matrix:paraNdataMatrix
i18n.words	kombiParaNdataMatrix	ref	i18n.words_matrix:kombiParaNdataMatrix
i18n.words	kombiParaNdataMatrix2	ref	i18n.words_matrix:kombiParaNdataMatrix2
i18n.words	classify	function	(mod)
i18n.words	tableHandling	ref	i18n.words_runtime:tableHandling
i18n.words	concat	ref	i18n.words_runtime:concat
i18n.words	lib4tables	ref	i18n.words_runtime:lib4tables
i18n.words	retapy	ref	i18n.words_runtime:retapy
i18n.words	nested	ref	i18n.words_runtime:nested
i18n.words	retaPrompt	ref	i18n.words_runtime:retaPrompt
i18n.words	mainParaCmds	ref	i18n.words_runtime:hauptForNeben
i18n.words	csvFileNames	ref	i18n.words_runtime:csvFileNames
i18n.words	EIGS_N_R	ref	i18n.words_runtime:EIGS_N_R
i18n.words	readMeFileNames	ref	i18n.words_runtime:readMeFileNames
i18n.words	wrongLangSentence	str	for '-languages=' parameter values are allowed: 'en', 'en', 'de', 'de', 'vn', 'vn', 'vn', 'cn', 'cn', 'cn', 'kr', 'kr', 'kr'
i18n.words	tomDecodedMotivesLang	ref	i18n.words_runtime:tomDecodedMotivesLang
i18n.words	MODULE_SPLIT	dict	5
i18n.words	MODULE_SPLIT[0].key	str	bootstrap
i18n.words	MODULE_SPLIT[0].value	str	i18n.words_bootstrap
i18n.words	MODULE_SPLIT[1].key	str	context
i18n.words	MODULE_SPLIT[1].value	str	i18n.words_context
i18n.words	MODULE_SPLIT[2].key	str	matrix
i18n.words	MODULE_SPLIT[2].value	str	i18n.words_matrix
i18n.words	MODULE_SPLIT[3].key	str	runtime
i18n.words	MODULE_SPLIT[3].value	str	i18n.words_runtime
i18n.words	MODULE_SPLIT[4].key	str	legacy_monolith
i18n.words	MODULE_SPLIT[4].value	str	i18n.words_legacy_monolith
i18n.words_legacy_monolith	alxp	function	(text)
i18n.words_legacy_monolith	x	function	(text1, text)
i18n.words_legacy_monolith	sprachen	defaultdict	13
i18n.words_legacy_monolith	sprachen[0].key	str	english
i18n.words_legacy_monolith	sprachen[0].value	str	en
i18n.words_legacy_monolith	sprachen[1].key	str	englisch
i18n.words_legacy_monolith	sprachen[1].value	str	en
i18n.words_legacy_monolith	sprachen[2].key	str	deutsch
i18n.words_legacy_monolith	sprachen[2].value	str	de
i18n.words_legacy_monolith	sprachen[3].key	str	german
i18n.words_legacy_monolith	sprachen[3].value	str	de
i18n.words_legacy_monolith	sprachen[4].key	str	vietnamesisch
i18n.words_legacy_monolith	sprachen[4].value	str	vn
i18n.words_legacy_monolith	sprachen[5].key	str	vietnamese
i18n.words_legacy_monolith	sprachen[5].value	str	vn
i18n.words_legacy_monolith	sprachen[6].key	str	tiếngviệt
i18n.words_legacy_monolith	sprachen[6].value	str	vn
i18n.words_legacy_monolith	sprachen[7].key	str	chinesisch
i18n.words_legacy_monolith	sprachen[7].value	str	cn
i18n.words_legacy_monolith	sprachen[8].key	str	chinese
i18n.words_legacy_monolith	sprachen[8].value	str	cn
i18n.words_legacy_monolith	sprachen[9].key	str	中國人
i18n.words_legacy_monolith	sprachen[9].value	str	cn
i18n.words_legacy_monolith	sprachen[10].key	str	koreanisch
i18n.words_legacy_monolith	sprachen[10].value	str	kr
i18n.words_legacy_monolith	sprachen[11].key	str	korean
i18n.words_legacy_monolith	sprachen[11].value	str	kr
i18n.words_legacy_monolith	sprachen[12].key	str	한국인
i18n.words_legacy_monolith	sprachen[12].value	str	kr
i18n.words_legacy_monolith	sprachen2	defaultdict	13
i18n.words_legacy_monolith	sprachen2[0].key	str	english
i18n.words_legacy_monolith	sprachen2[0].value	str	messages
i18n.words_legacy_monolith	sprachen2[1].key	str	englisch
i18n.words_legacy_monolith	sprachen2[1].value	str	messages
i18n.words_legacy_monolith	sprachen2[2].key	str	deutsch
i18n.words_legacy_monolith	sprachen2[2].value	str	messages
i18n.words_legacy_monolith	sprachen2[3].key	str	german
i18n.words_legacy_monolith	sprachen2[3].value	str	messages
i18n.words_legacy_monolith	sprachen2[4].key	str	vietnamesisch
i18n.words_legacy_monolith	sprachen2[4].value	str	vn
i18n.words_legacy_monolith	sprachen2[5].key	str	vietnamese
i18n.words_legacy_monolith	sprachen2[5].value	str	vn
i18n.words_legacy_monolith	sprachen2[6].key	str	tiếngviệt
i18n.words_legacy_monolith	sprachen2[6].value	str	vn
i18n.words_legacy_monolith	sprachen2[7].key	str	chinesisch
i18n.words_legacy_monolith	sprachen2[7].value	str	cn
i18n.words_legacy_monolith	sprachen2[8].key	str	chinese
i18n.words_legacy_monolith	sprachen2[8].value	str	cn
i18n.words_legacy_monolith	sprachen2[9].key	str	中國人
i18n.words_legacy_monolith	sprachen2[9].value	str	cn
i18n.words_legacy_monolith	sprachen2[10].key	str	koreanisch
i18n.words_legacy_monolith	sprachen2[10].value	str	kr
i18n.words_legacy_monolith	sprachen2[11].key	str	korean
i18n.words_legacy_monolith	sprachen2[11].value	str	kr
i18n.words_legacy_monolith	sprachen2[12].key	str	한국인
i18n.words_legacy_monolith	sprachen2[12].value	str	kr
i18n.words_legacy_monolith	sprachenWahl	str	chinese
i18n.words_legacy_monolith	sprachenParameterWort	str	-language=
i18n.words_legacy_monolith	flagS	bool	true
i18n.words_legacy_monolith	arg	str	-language=chinese
i18n.words_legacy_monolith	subFolder	str	cn
i18n.words_legacy_monolith	sprachenFileName	str	cn
i18n.words_legacy_monolith	i18nPath	str	python_reference/i18n
i18n.words_legacy_monolith	Multiplikationen	list	1
i18n.words_legacy_monolith	Multiplikationen[0]	tuple	2
i18n.words_legacy_monolith	Multiplikationen[0][0]	str	multiplications
i18n.words_legacy_monolith	Multiplikationen[0][1]	str	
i18n.words_legacy_monolith	netzwerkWort	str	network
i18n.words_legacy_monolith	Primzahlkreuz_pro_contra_strs	tuple	2
i18n.words_legacy_monolith	Primzahlkreuz_pro_contra_strs[0]	str	Primzahlkreuz_pro_contra
i18n.words_legacy_monolith	Primzahlkreuz_pro_contra_strs[1]	str	nachvollziehen_emotional_oder_geistig_durch_Primzahl-Kreuz-Algorithmus_(15)
i18n.words_legacy_monolith	keineTabellenAusgabe	str	one time no table content
i18n.words_legacy_monolith	Primzahlkreuz_pro_contra_strs_Fkt	tuple	2
i18n.words_legacy_monolith	Primzahlkreuz_pro_contra_strs_Fkt[0]	str	prime_cross_pro_contra
i18n.words_legacy_monolith	Primzahlkreuz_pro_contra_strs_Fkt[1]	str	comprehend_emotionally_or_mentally_by_prime_cross_algorithm_(15)
i18n.words_legacy_monolith	Primzahlkreuz_pro_contra_strs_Dict	dict	1
i18n.words_legacy_monolith	Primzahlkreuz_pro_contra_strs_Dict[0].key	ref	i18n.words_legacy_monolith:Primzahlkreuz_pro_contra_strs
i18n.words_legacy_monolith	Primzahlkreuz_pro_contra_strs_Dict[0].value	ref	i18n.words_legacy_monolith:Primzahlkreuz_pro_contra_strs_Fkt
i18n.words_legacy_monolith	gebrochenSpaltenMaximumPlus1	int	24
i18n.words_legacy_monolith	primzahlWort	str	prime_number
i18n.words_legacy_monolith	geistWort	str	mind
i18n.words_legacy_monolith	emotionWort	str	emotions
i18n.words_legacy_monolith	ausgabeParas	dict	13
i18n.words_legacy_monolith	ausgabeParas[0].key	str	nocolor
i18n.words_legacy_monolith	ausgabeParas[0].value	str	nocolor
i18n.words_legacy_monolith	ausgabeParas[1].key	str	justtext
i18n.words_legacy_monolith	ausgabeParas[1].value	str	justtext
i18n.words_legacy_monolith	ausgabeParas[2].key	str	art
i18n.words_legacy_monolith	ausgabeParas[2].value	str	type
i18n.words_legacy_monolith	ausgabeParas[3].key	str	onetable
i18n.words_legacy_monolith	ausgabeParas[3].value	str	onetable
i18n.words_legacy_monolith	ausgabeParas[4].key	str	spaltenreihenfolgeundnurdiese
i18n.words_legacy_monolith	ausgabeParas[4].value	str	columnorderandonlythese
i18n.words_legacy_monolith	ausgabeParas[5].key	str	endlessscreen
i18n.words_legacy_monolith	ausgabeParas[5].value	str	endlessscreen
i18n.words_legacy_monolith	ausgabeParas[6].key	str	endless
i18n.words_legacy_monolith	ausgabeParas[6].value	str	endless
i18n.words_legacy_monolith	ausgabeParas[7].key	str	dontwrap
i18n.words_legacy_monolith	ausgabeParas[7].value	str	dontwrap
i18n.words_legacy_monolith	ausgabeParas[8].key	str	breite
i18n.words_legacy_monolith	ausgabeParas[8].value	str	width
i18n.words_legacy_monolith	ausgabeParas[9].key	str	breiten
i18n.words_legacy_monolith	ausgabeParas[9].value	str	widths
i18n.words_legacy_monolith	ausgabeParas[10].key	str	keineleereninhalte
i18n.words_legacy_monolith	ausgabeParas[10].value	str	noblankcontents
i18n.words_legacy_monolith	ausgabeParas[11].key	str	keinenummerierung
i18n.words_legacy_monolith	ausgabeParas[11].value	str	nonumbering
i18n.words_legacy_monolith	ausgabeParas[12].key	str	keineueberschriften
i18n.words_legacy_monolith	ausgabeParas[12].value	str	noheadings
i18n.words_legacy_monolith	ausgabeParasEqSign	dict	13
i18n.words_legacy_monolith	ausgabeParasEqSign[0].key	str	nocolor
i18n.words_legacy_monolith	ausgabeParasEqSign[0].value	bool	false
i18n.words_legacy_monolith	ausgabeParasEqSign[1].key	str	justtext
i18n.words_legacy_monolith	ausgabeParasEqSign[1].value	bool	false
i18n.words_legacy_monolith	ausgabeParasEqSign[2].key	str	art
i18n.words_legacy_monolith	ausgabeParasEqSign[2].value	bool	true
i18n.words_legacy_monolith	ausgabeParasEqSign[3].key	str	onetable
i18n.words_legacy_monolith	ausgabeParasEqSign[3].value	bool	false
i18n.words_legacy_monolith	ausgabeParasEqSign[4].key	str	spaltenreihenfolgeundnurdiese
i18n.words_legacy_monolith	ausgabeParasEqSign[4].value	bool	true
i18n.words_legacy_monolith	ausgabeParasEqSign[5].key	str	endlessscreen
i18n.words_legacy_monolith	ausgabeParasEqSign[5].value	bool	false
i18n.words_legacy_monolith	ausgabeParasEqSign[6].key	str	endless
i18n.words_legacy_monolith	ausgabeParasEqSign[6].value	bool	false
i18n.words_legacy_monolith	ausgabeParasEqSign[7].key	str	dontwrap
i18n.words_legacy_monolith	ausgabeParasEqSign[7].value	bool	false
i18n.words_legacy_monolith	ausgabeParasEqSign[8].key	str	breite
i18n.words_legacy_monolith	ausgabeParasEqSign[8].value	bool	true
i18n.words_legacy_monolith	ausgabeParasEqSign[9].key	str	breiten
i18n.words_legacy_monolith	ausgabeParasEqSign[9].value	bool	true
i18n.words_legacy_monolith	ausgabeParasEqSign[10].key	str	keineleereninhalte
i18n.words_legacy_monolith	ausgabeParasEqSign[10].value	bool	false
i18n.words_legacy_monolith	ausgabeParasEqSign[11].key	str	keinenummerierung
i18n.words_legacy_monolith	ausgabeParasEqSign[11].value	bool	false
i18n.words_legacy_monolith	ausgabeParasEqSign[12].key	str	keineueberschriften
i18n.words_legacy_monolith	ausgabeParasEqSign[12].value	bool	false
i18n.words_legacy_monolith	ausgabeParasLen	dict	13
i18n.words_legacy_monolith	ausgabeParasLen[0].key	str	nocolor
i18n.words_legacy_monolith	ausgabeParasLen[0].value	int	7
i18n.words_legacy_monolith	ausgabeParasLen[1].key	str	justtext
i18n.words_legacy_monolith	ausgabeParasLen[1].value	int	8
i18n.words_legacy_monolith	ausgabeParasLen[2].key	str	art
i18n.words_legacy_monolith	ausgabeParasLen[2].value	int	4
i18n.words_legacy_monolith	ausgabeParasLen[3].key	str	onetable
i18n.words_legacy_monolith	ausgabeParasLen[3].value	int	8
i18n.words_legacy_monolith	ausgabeParasLen[4].key	str	spaltenreihenfolgeundnurdiese
i18n.words_legacy_monolith	ausgabeParasLen[4].value	int	23
i18n.words_legacy_monolith	ausgabeParasLen[5].key	str	endlessscreen
i18n.words_legacy_monolith	ausgabeParasLen[5].value	int	13
i18n.words_legacy_monolith	ausgabeParasLen[6].key	str	endless
i18n.words_legacy_monolith	ausgabeParasLen[6].value	int	7
i18n.words_legacy_monolith	ausgabeParasLen[7].key	str	dontwrap
i18n.words_legacy_monolith	ausgabeParasLen[7].value	int	8
i18n.words_legacy_monolith	ausgabeParasLen[8].key	str	breite
i18n.words_legacy_monolith	ausgabeParasLen[8].value	int	5
i18n.words_legacy_monolith	ausgabeParasLen[9].key	str	breiten
i18n.words_legacy_monolith	ausgabeParasLen[9].value	int	6
i18n.words_legacy_monolith	ausgabeParasLen[10].key	str	keineleereninhalte
i18n.words_legacy_monolith	ausgabeParasLen[10].value	int	15
i18n.words_legacy_monolith	ausgabeParasLen[11].key	str	keinenummerierung
i18n.words_legacy_monolith	ausgabeParasLen[11].value	int	11
i18n.words_legacy_monolith	ausgabeParasLen[12].key	str	keineueberschriften
i18n.words_legacy_monolith	ausgabeParasLen[12].value	int	10
i18n.words_legacy_monolith	kombiMainParas	dict	2
i18n.words_legacy_monolith	kombiMainParas[0].key	str	galaxie
i18n.words_legacy_monolith	kombiMainParas[0].value	str	galaxy
i18n.words_legacy_monolith	kombiMainParas[1].key	str	universum
i18n.words_legacy_monolith	kombiMainParas[1].value	str	universe
i18n.words_legacy_monolith	zeilenParas	dict	27
i18n.words_legacy_monolith	zeilenParas[0].key	str	alles
i18n.words_legacy_monolith	zeilenParas[0].value	str	all
i18n.words_legacy_monolith	zeilenParas[1].key	str	gestern
i18n.words_legacy_monolith	zeilenParas[1].value	str	yesterday
i18n.words_legacy_monolith	zeilenParas[2].key	str	heute
i18n.words_legacy_monolith	zeilenParas[2].value	str	today
i18n.words_legacy_monolith	zeilenParas[3].key	str	hoehemaximal
i18n.words_legacy_monolith	zeilenParas[3].value	str	heightmaximum
i18n.words_legacy_monolith	zeilenParas[4].key	str	mond
i18n.words_legacy_monolith	zeilenParas[4].value	str	moon
i18n.words_legacy_monolith	zeilenParas[5].key	str	morgen
i18n.words_legacy_monolith	zeilenParas[5].value	str	tomorrow
i18n.words_legacy_monolith	zeilenParas[6].key	str	nachtraeglichneuabzaehlung
i18n.words_legacy_monolith	zeilenParas[6].value	str	retrospectiverecount
i18n.words_legacy_monolith	zeilenParas[7].key	str	nachtraeglichneuabzaehlungvielfache
i18n.words_legacy_monolith	zeilenParas[7].value	str	retrospectiverecountmultiples
i18n.words_legacy_monolith	zeilenParas[8].key	str	oberesmaximum
i18n.words_legacy_monolith	zeilenParas[8].value	str	uppermaximum
i18n.words_legacy_monolith	zeilenParas[9].key	str	planet
i18n.words_legacy_monolith	zeilenParas[9].value	str	planet
i18n.words_legacy_monolith	zeilenParas[10].key	str	potenzenvonzahlen
i18n.words_legacy_monolith	zeilenParas[10].value	str	potenciesofnumbers
i18n.words_legacy_monolith	zeilenParas[11].key	str	primzahlvielfache
i18n.words_legacy_monolith	zeilenParas[11].value	str	primemultiples
i18n.words_legacy_monolith	zeilenParas[12].key	str	schwarzesonne
i18n.words_legacy_monolith	zeilenParas[12].value	str	blacksun
i18n.words_legacy_monolith	zeilenParas[13].key	str	sonne
i18n.words_legacy_monolith	zeilenParas[13].value	str	sun
i18n.words_legacy_monolith	zeilenParas[14].key	str	typ
i18n.words_legacy_monolith	zeilenParas[14].value	str	type
i18n.words_legacy_monolith	zeilenParas[15].key	str	vielfachevonzahlen
i18n.words_legacy_monolith	zeilenParas[15].value	str	multiplesofnumbers
i18n.words_legacy_monolith	zeilenParas[16].key	str	vorhervonausschnitt
i18n.words_legacy_monolith	zeilenParas[16].value	str	thisrangebefore
i18n.words_legacy_monolith	zeilenParas[17].key	str	vorhervonausschnittteiler
i18n.words_legacy_monolith	zeilenParas[17].value	str	thisrangebeforedividers
i18n.words_legacy_monolith	zeilenParas[18].key	str	zaehlung
i18n.words_legacy_monolith	zeilenParas[18].value	str	ranges
i18n.words_legacy_monolith	zeilenParas[19].key	str	zeit
i18n.words_legacy_monolith	zeilenParas[19].value	str	time
i18n.words_legacy_monolith	zeilenParas[20].key	str	primzahlen
i18n.words_legacy_monolith	zeilenParas[20].value	str	primenumbers
i18n.words_legacy_monolith	zeilenParas[21].key	str	aussenerste
i18n.words_legacy_monolith	zeilenParas[21].value	str	outsidefirst
i18n.words_legacy_monolith	zeilenParas[22].key	str	innenerste
i18n.words_legacy_monolith	zeilenParas[22].value	str	insidefirst
i18n.words_legacy_monolith	zeilenParas[23].key	str	aussenalle
i18n.words_legacy_monolith	zeilenParas[23].value	str	outsideall
i18n.words_legacy_monolith	zeilenParas[24].key	str	innenalle
i18n.words_legacy_monolith	zeilenParas[24].value	str	insideall
i18n.words_legacy_monolith	zeilenParas[25].key	str	invertieren
i18n.words_legacy_monolith	zeilenParas[25].value	str	invert
i18n.words_legacy_monolith	zeilenParas[26].key	str	SonneMitMondanteil
i18n.words_legacy_monolith	zeilenParas[26].value	str	sunWithMoonParts
i18n.words_legacy_monolith	zeilenParasLen	dict	27
i18n.words_legacy_monolith	zeilenParasLen[0].key	str	alles
i18n.words_legacy_monolith	zeilenParasLen[0].value	int	3
i18n.words_legacy_monolith	zeilenParasLen[1].key	str	gestern
i18n.words_legacy_monolith	zeilenParasLen[1].value	int	9
i18n.words_legacy_monolith	zeilenParasLen[2].key	str	heute
i18n.words_legacy_monolith	zeilenParasLen[2].value	int	5
i18n.words_legacy_monolith	zeilenParasLen[3].key	str	hoehemaximal
i18n.words_legacy_monolith	zeilenParasLen[3].value	int	13
i18n.words_legacy_monolith	zeilenParasLen[4].key	str	mond
i18n.words_legacy_monolith	zeilenParasLen[4].value	int	4
i18n.words_legacy_monolith	zeilenParasLen[5].key	str	morgen
i18n.words_legacy_monolith	zeilenParasLen[5].value	int	8
i18n.words_legacy_monolith	zeilenParasLen[6].key	str	nachtraeglichneuabzaehlung
i18n.words_legacy_monolith	zeilenParasLen[6].value	int	20
i18n.words_legacy_monolith	zeilenParasLen[7].key	str	nachtraeglichneuabzaehlungvielfache
i18n.words_legacy_monolith	zeilenParasLen[7].value	int	29
i18n.words_legacy_monolith	zeilenParasLen[8].key	str	oberesmaximum
i18n.words_legacy_monolith	zeilenParasLen[8].value	int	12
i18n.words_legacy_monolith	zeilenParasLen[9].key	str	planet
i18n.words_legacy_monolith	zeilenParasLen[9].value	int	6
i18n.words_legacy_monolith	zeilenParasLen[10].key	str	potenzenvonzahlen
i18n.words_legacy_monolith	zeilenParasLen[10].value	int	18
i18n.words_legacy_monolith	zeilenParasLen[11].key	str	primzahlvielfache
i18n.words_legacy_monolith	zeilenParasLen[11].value	int	14
i18n.words_legacy_monolith	zeilenParasLen[12].key	str	schwarzesonne
i18n.words_legacy_monolith	zeilenParasLen[12].value	int	8
i18n.words_legacy_monolith	zeilenParasLen[13].key	str	sonne
i18n.words_legacy_monolith	zeilenParasLen[13].value	int	3
i18n.words_legacy_monolith	zeilenParasLen[14].key	str	typ
i18n.words_legacy_monolith	zeilenParasLen[14].value	int	4
i18n.words_legacy_monolith	zeilenParasLen[15].key	str	vielfachevonzahlen
i18n.words_legacy_monolith	zeilenParasLen[15].value	int	18
i18n.words_legacy_monolith	zeilenParasLen[16].key	str	vorhervonausschnitt
i18n.words_legacy_monolith	zeilenParasLen[16].value	int	15
i18n.words_legacy_monolith	zeilenParasLen[17].key	str	vorhervonausschnittteiler
i18n.words_legacy_monolith	zeilenParasLen[17].value	int	23
i18n.words_legacy_monolith	zeilenParasLen[18].key	str	zaehlung
i18n.words_legacy_monolith	zeilenParasLen[18].value	int	6
i18n.words_legacy_monolith	zeilenParasLen[19].key	str	zeit
i18n.words_legacy_monolith	zeilenParasLen[19].value	int	4
i18n.words_legacy_monolith	zeilenParasLen[20].key	str	primzahlen
i18n.words_legacy_monolith	zeilenParasLen[20].value	int	12
i18n.words_legacy_monolith	zeilenParasLen[21].key	str	aussenerste
i18n.words_legacy_monolith	zeilenParasLen[21].value	int	12
i18n.words_legacy_monolith	zeilenParasLen[22].key	str	innenerste
i18n.words_legacy_monolith	zeilenParasLen[22].value	int	11
i18n.words_legacy_monolith	zeilenParasLen[23].key	str	aussenalle
i18n.words_legacy_monolith	zeilenParasLen[23].value	int	10
i18n.words_legacy_monolith	zeilenParasLen[24].key	str	innenalle
i18n.words_legacy_monolith	zeilenParasLen[24].value	int	9
i18n.words_legacy_monolith	zeilenParasLen[25].key	str	invertieren
i18n.words_legacy_monolith	zeilenParasLen[25].value	int	6
i18n.words_legacy_monolith	zeilenParasLen[26].key	str	SonneMitMondanteil
i18n.words_legacy_monolith	zeilenParasLen[26].value	int	16
i18n.words_legacy_monolith	hauptForNeben	dict	8
i18n.words_legacy_monolith	hauptForNeben[0].key	str	zeilen
i18n.words_legacy_monolith	hauptForNeben[0].value	str	lines
i18n.words_legacy_monolith	hauptForNeben[1].key	str	spalten
i18n.words_legacy_monolith	hauptForNeben[1].value	str	columns
i18n.words_legacy_monolith	hauptForNeben[2].key	str	kombination
i18n.words_legacy_monolith	hauptForNeben[2].value	str	combination
i18n.words_legacy_monolith	hauptForNeben[3].key	str	ausgabe
i18n.words_legacy_monolith	hauptForNeben[3].value	str	output
i18n.words_legacy_monolith	hauptForNeben[4].key	str	h
i18n.words_legacy_monolith	hauptForNeben[4].value	str	h
i18n.words_legacy_monolith	hauptForNeben[5].key	str	help
i18n.words_legacy_monolith	hauptForNeben[5].value	str	help
i18n.words_legacy_monolith	hauptForNeben[6].key	str	debug
i18n.words_legacy_monolith	hauptForNeben[6].value	str	debug
i18n.words_legacy_monolith	hauptForNeben[7].key	str	nichts
i18n.words_legacy_monolith	hauptForNeben[7].value	str	nothing
i18n.words_legacy_monolith	ausgabeArt	dict	7
i18n.words_legacy_monolith	ausgabeArt[0].key	str	bbcode
i18n.words_legacy_monolith	ausgabeArt[0].value	str	bbcode
i18n.words_legacy_monolith	ausgabeArt[1].key	str	html
i18n.words_legacy_monolith	ausgabeArt[1].value	str	html
i18n.words_legacy_monolith	ausgabeArt[2].key	str	csv
i18n.words_legacy_monolith	ausgabeArt[2].value	str	csv
i18n.words_legacy_monolith	ausgabeArt[3].key	str	shell
i18n.words_legacy_monolith	ausgabeArt[3].value	str	shell
i18n.words_legacy_monolith	ausgabeArt[4].key	str	markdown
i18n.words_legacy_monolith	ausgabeArt[4].value	str	markdown
i18n.words_legacy_monolith	ausgabeArt[5].key	str	emacs
i18n.words_legacy_monolith	ausgabeArt[5].value	str	emacs
i18n.words_legacy_monolith	ausgabeArt[6].key	str	nichts
i18n.words_legacy_monolith	ausgabeArt[6].value	str	nothing
i18n.words_legacy_monolith	wahl16Words	dict	2
i18n.words_legacy_monolith	wahl16Words[0].key	str	Multiversalien_(16)
i18n.words_legacy_monolith	wahl16Words[0].value	str	multiversalias_(16)
i18n.words_legacy_monolith	wahl16Words[1].key	str	P
i18n.words_legacy_monolith	wahl16Words[1].value	str	P
i18n.words_legacy_monolith	wahl15Words	dict	54
i18n.words_legacy_monolith	wahl15Words[0].key	str	Strukturalien_bzw_Meta-Paradigmen_bzw_Transzendentalien_(15),Geist_(15),Model_of_Hierarchical_Complexity,nachvollziehen_emotional_oder_geistig_durch_Primzahl-Kreuz-Algorithmus_(15)
i18n.words_legacy_monolith	wahl15Words[0].value	str	structural_paradigms_or_meta-paradigms_or_transcendental_(15),mind_(15),model_of_Hierarchical_Complexity),,comprehend_emotionally_or_mentally_by_prime_cross_algorithm_(15)
i18n.words_legacy_monolith	wahl15Words[1].key	str	Konkreta_und_Focus_(2)
i18n.words_legacy_monolith	wahl15Words[1].value	str	concretes_and_Focus_(2)
i18n.words_legacy_monolith	wahl15Words[2].key	str	Impulse_(5)
i18n.words_legacy_monolith	wahl15Words[2].value	str	impulses_(5)
i18n.words_legacy_monolith	wahl15Words[3].key	str	Gefühle_(7)
i18n.words_legacy_monolith	wahl15Words[3].value	str	feelings_(7)
i18n.words_legacy_monolith	wahl15Words[4].key	str	Modus_und_Sein_(8)
i18n.words_legacy_monolith	wahl15Words[4].value	str	mode_and_being_(8)
i18n.words_legacy_monolith	wahl15Words[5].key	str	Wirklichkeiten_Wahrheit_Wahrnehmung_(10)
i18n.words_legacy_monolith	wahl15Words[5].value	str	realities_truth_perception_(10)
i18n.words_legacy_monolith	wahl15Words[6].key	str	Meta-Systeme_(12),Ordnung_und_Filterung_12_und_1pro12
i18n.words_legacy_monolith	wahl15Words[6].value	str	Meta-Systeme_(12),order_and_Filtering_12_and_1pro12
i18n.words_legacy_monolith	wahl15Words[7].key	str	Paradigmen_sind_Absichten_(13)
i18n.words_legacy_monolith	wahl15Words[7].value	str	paradigms_are_intentions_(13)
i18n.words_legacy_monolith	wahl15Words[8].key	str	Gedanken_sind_Positionen_(17)
i18n.words_legacy_monolith	wahl15Words[8].value	str	thoughts_are_positions_(17)
i18n.words_legacy_monolith	wahl15Words[9].key	str	Verbundenheiten_(18)
i18n.words_legacy_monolith	wahl15Words[9].value	str	connections_(18)
i18n.words_legacy_monolith	wahl15Words[10].key	str	Triebe_und_Bedürfnisse_(6)
i18n.words_legacy_monolith	wahl15Words[10].value	str	drives_and_needs_(6)
i18n.words_legacy_monolith	wahl15Words[11].key	str	Lust_(9)
i18n.words_legacy_monolith	wahl15Words[11].value	str	lust_(9)
i18n.words_legacy_monolith	wahl15Words[12].key	str	Reflexe_(3),Existenzialien_(3)
i18n.words_legacy_monolith	wahl15Words[12].value	str	reflexes_(3),existentials_(3)
i18n.words_legacy_monolith	wahl15Words[13].key	str	Absicht_6_ist_Vorteilsmaximierung
i18n.words_legacy_monolith	wahl15Words[13].value	str	intention_6_is_advantage_maximization.
i18n.words_legacy_monolith	wahl15Words[14].key	str	Absicht_7_ist_Selbstlosigkeit
i18n.words_legacy_monolith	wahl15Words[14].value	str	intention_7_is_selflessness
i18n.words_legacy_monolith	wahl15Words[15].key	str	Absicht_10_ist_Wirklichkeit_erkennen
i18n.words_legacy_monolith	wahl15Words[15].value	str	intention_10_is_recognition_of_reality
i18n.words_legacy_monolith	wahl15Words[16].key	str	Absicht_17_ist_zu_meinen
i18n.words_legacy_monolith	wahl15Words[16].value	str	intention_17_is_to_mean_opionions
i18n.words_legacy_monolith	wahl15Words[17].key	str	Zeit_(4)_als_Wirklichkeit
i18n.words_legacy_monolith	wahl15Words[17].value	str	time_(4)_as_reality
i18n.words_legacy_monolith	wahl15Words[18].key	str	Funktionen_Vorstellungen_(16)
i18n.words_legacy_monolith	wahl15Words[18].value	str	functions_Conceptions_(16)
i18n.words_legacy_monolith	wahl15Words[19].key	str	Achtung_(4)
i18n.words_legacy_monolith	wahl15Words[19].value	str	attention_(4)
i18n.words_legacy_monolith	wahl15Words[20].key	str	Absicht_1/8
i18n.words_legacy_monolith	wahl15Words[20].value	str	intention_1/8
i18n.words_legacy_monolith	wahl15Words[21].key	str	Absicht_1/6_ist_Reinigung_und_Klarheit
i18n.words_legacy_monolith	wahl15Words[21].value	str	intention_1/6_is_cleaning_and_clarity
i18n.words_legacy_monolith	wahl15Words[22].key	str	Reflektion_und_Kategorien_(1/15)
i18n.words_legacy_monolith	wahl15Words[22].value	str	reflection_and_Categories_(1/15)
i18n.words_legacy_monolith	wahl15Words[23].key	str	Bewusstheit_statt_Bewusstsein_(1)
i18n.words_legacy_monolith	wahl15Words[23].value	str	awareness_instead_of_consciousness_(1)
i18n.words_legacy_monolith	wahl15Words[24].key	str	Energie_und_universelle_Eigenschaften_(30)
i18n.words_legacy_monolith	wahl15Words[24].value	str	energy_and_universal_properties_(30)
i18n.words_legacy_monolith	wahl15Words[25].key	str	Stimmungen_Kombinationen_(14)
i18n.words_legacy_monolith	wahl15Words[25].value	str	moods_combinations_(14)
i18n.words_legacy_monolith	wahl15Words[26].key	str	Klassen_(20)
i18n.words_legacy_monolith	wahl15Words[26].value	str	classes_(20)
i18n.words_legacy_monolith	wahl15Words[27].key	str	Empathie_(37)
i18n.words_legacy_monolith	wahl15Words[27].value	str	empathy_(37)
i18n.words_legacy_monolith	wahl15Words[28].key	str	Garben_und_Verhalten_nachfühlen(31)
i18n.words_legacy_monolith	wahl15Words[28].value	str	sheaf_and_behavior_empathy_(31)
i18n.words_legacy_monolith	wahl15Words[29].key	str	Verhalten_(11)
i18n.words_legacy_monolith	wahl15Words[29].value	str	behavior_(11)
i18n.words_legacy_monolith	wahl15Words[30].key	str	Bedeutung_(10)
i18n.words_legacy_monolith	wahl15Words[30].value	str	meaning_(10)
i18n.words_legacy_monolith	wahl15Words[31].key	str	Themen_(6)
i18n.words_legacy_monolith	wahl15Words[31].value	str	topics_(6)
i18n.words_legacy_monolith	wahl15Words[32].key	str	Optimierung_(10)
i18n.words_legacy_monolith	wahl15Words[32].value	str	optimization_(10)
i18n.words_legacy_monolith	wahl15Words[33].key	str	Attraktionen_(36)
i18n.words_legacy_monolith	wahl15Words[33].value	str	attractions_(36)
i18n.words_legacy_monolith	wahl15Words[34].key	str	Absicht_16_ist_zu_genügen
i18n.words_legacy_monolith	wahl15Words[34].value	str	intention_16_is_to_be_enough
i18n.words_legacy_monolith	wahl15Words[35].key	str	Liebe_(7)
i18n.words_legacy_monolith	wahl15Words[35].value	str	love_(7)
i18n.words_legacy_monolith	wahl15Words[36].key	str	Koalitionen_(10)
i18n.words_legacy_monolith	wahl15Words[36].value	str	coalitions_(10)
i18n.words_legacy_monolith	wahl15Words[37].key	str	Ansichten_Standpunkte_(18_17)
i18n.words_legacy_monolith	wahl15Words[37].value	str	views_Stances_(18_17)
i18n.words_legacy_monolith	wahl15Words[38].key	str	Prinzipien(1/8)
i18n.words_legacy_monolith	wahl15Words[38].value	str	principles(1/8)
i18n.words_legacy_monolith	wahl15Words[39].key	str	Bestrebungen(1/5)
i18n.words_legacy_monolith	wahl15Words[39].value	str	aspirations(1/5)
i18n.words_legacy_monolith	wahl15Words[40].key	str	Bedingung_und_Auslöser_(1/3)
i18n.words_legacy_monolith	wahl15Words[40].value	str	condition_and_trigger_(1/3)
i18n.words_legacy_monolith	wahl15Words[41].key	str	relativer_Zeit-Betrag_(15_10_4_18_6)
i18n.words_legacy_monolith	wahl15Words[41].value	str	relative_time_amount_(15_10_4_18_6)
i18n.words_legacy_monolith	wahl15Words[42].key	str	Zahlenvergleich_(15_18_6)
i18n.words_legacy_monolith	wahl15Words[42].value	str	comparision_of_numbers_(15_18_6)
i18n.words_legacy_monolith	wahl15Words[43].key	str	Leidenschaften_(21)
i18n.words_legacy_monolith	wahl15Words[43].value	str	passions_(21)
i18n.words_legacy_monolith	wahl15Words[44].key	str	Erwartungshaltungen_(26)
i18n.words_legacy_monolith	wahl15Words[44].value	str	expectations_(26)
i18n.words_legacy_monolith	wahl15Words[45].key	str	Extremalien_(19),Ziele_(19)
i18n.words_legacy_monolith	wahl15Words[45].value	str	extremalias_(19),goals_(19)
i18n.words_legacy_monolith	wahl15Words[46].key	str	universeller_Komperativ_(18→15)
i18n.words_legacy_monolith	wahl15Words[46].value	str	universal_comperative_(18→15)
i18n.words_legacy_monolith	wahl15Words[47].key	str	Relation_zueinander_reziprok_Universellen_(18→n_vs._1/n)
i18n.words_legacy_monolith	wahl15Words[47].value	str	relation_to_each_other_reciprocal_universal_(18→n_vs._1/n)
i18n.words_legacy_monolith	wahl15Words[48].key	str	Sollen_Frage_Vorgehensweise_(1/13)
i18n.words_legacy_monolith	wahl15Words[48].value	str	shall_question_procedure_(1/13)
i18n.words_legacy_monolith	wahl15Words[49].key	str	Fundament_(1/19)
i18n.words_legacy_monolith	wahl15Words[49].value	str	foundation_(1/19)
i18n.words_legacy_monolith	wahl15Words[50].key	str	abhängige_Verbundenheit_(90)
i18n.words_legacy_monolith	wahl15Words[50].value	str	dependent_connectedness_(90)
i18n.words_legacy_monolith	wahl15Words[51].key	str	Absicht_13_ist_Helfen
i18n.words_legacy_monolith	wahl15Words[51].value	str	intention_13_is_helping
i18n.words_legacy_monolith	wahl15Words[52].key	str	Karte_Filter_und_Unterscheidung_(1/12)
i18n.words_legacy_monolith	wahl15Words[52].value	str	map_filter_and_distinction_(1/12)
i18n.words_legacy_monolith	wahl15Words[53].key	str	Maßnahmen_39
i18n.words_legacy_monolith	wahl15Words[53].value	str	measures_(39)
i18n.words_legacy_monolith	kugelnKreise	list	2
i18n.words_legacy_monolith	kugelnKreise[0]	str	kugeln
i18n.words_legacy_monolith	kugelnKreise[1]	str	kreise
i18n.words_legacy_monolith	ParametersMain	namedtuple	ParametersMain\x1f33
i18n.words_legacy_monolith	ParametersMain.wichtigste	tuple	2
i18n.words_legacy_monolith	ParametersMain.wichtigste[0]	str	most_important_to_understand
i18n.words_legacy_monolith	ParametersMain.wichtigste[1]	str	mostimportanttounderstand
i18n.words_legacy_monolith	ParametersMain.wichtigste2	tuple	2
i18n.words_legacy_monolith	ParametersMain.wichtigste2[0]	str	most_important_to_think_about
i18n.words_legacy_monolith	ParametersMain.wichtigste2[1]	str	mostImportantToClassify
i18n.words_legacy_monolith	ParametersMain.religionen	tuple	3
i18n.words_legacy_monolith	ParametersMain.religionen[0]	str	religions
i18n.words_legacy_monolith	ParametersMain.religionen[1]	str	religions
i18n.words_legacy_monolith	ParametersMain.religionen[2]	str	religion
i18n.words_legacy_monolith	ParametersMain.galaxie	tuple	6
i18n.words_legacy_monolith	ParametersMain.galaxie[0]	str	galaxy
i18n.words_legacy_monolith	ParametersMain.galaxie[1]	str	galaxy
i18n.words_legacy_monolith	ParametersMain.galaxie[2]	str	ancientscripts
i18n.words_legacy_monolith	ParametersMain.galaxie[3]	str	circle
i18n.words_legacy_monolith	ParametersMain.galaxie[4]	str	galaxies
i18n.words_legacy_monolith	ParametersMain.galaxie[5]	str	circles
i18n.words_legacy_monolith	ParametersMain.strukturgroesse	tuple	9
i18n.words_legacy_monolith	ParametersMain.strukturgroesse[0]	str	scale
i18n.words_legacy_monolith	ParametersMain.strukturgroesse[1]	str	scale
i18n.words_legacy_monolith	ParametersMain.strukturgroesse[2]	str	structuresize
i18n.words_legacy_monolith	ParametersMain.strukturgroesse[3]	str	structuresize
i18n.words_legacy_monolith	ParametersMain.strukturgroesse[4]	str	structuresize
i18n.words_legacy_monolith	ParametersMain.strukturgroesse[5]	str	structuresize
i18n.words_legacy_monolith	ParametersMain.strukturgroesse[6]	str	size
i18n.words_legacy_monolith	ParametersMain.strukturgroesse[7]	str	level
i18n.words_legacy_monolith	ParametersMain.strukturgroesse[8]	str	organizations
i18n.words_legacy_monolith	ParametersMain.universum	tuple	9
i18n.words_legacy_monolith	ParametersMain.universum[0]	str	universe
i18n.words_legacy_monolith	ParametersMain.universum[1]	str	universe
i18n.words_legacy_monolith	ParametersMain.universum[2]	str	transcendentals
i18n.words_legacy_monolith	ParametersMain.universum[3]	str	structurals
i18n.words_legacy_monolith	ParametersMain.universum[4]	str	sphere
i18n.words_legacy_monolith	ParametersMain.universum[5]	str	spheres
i18n.words_legacy_monolith	ParametersMain.universum[6]	str	ball
i18n.words_legacy_monolith	ParametersMain.universum[7]	str	balls
i18n.words_legacy_monolith	ParametersMain.universum[8]	str	balls
i18n.words_legacy_monolith	ParametersMain.multiversum	tuple	2
i18n.words_legacy_monolith	ParametersMain.multiversum[0]	str	multiverse
i18n.words_legacy_monolith	ParametersMain.multiversum[1]	str	multiverse
i18n.words_legacy_monolith	ParametersMain.wirtschaft	tuple	2
i18n.words_legacy_monolith	ParametersMain.wirtschaft[0]	str	economy
i18n.words_legacy_monolith	ParametersMain.wirtschaft[1]	str	economy
i18n.words_legacy_monolith	ParametersMain.menschliches	tuple	2
i18n.words_legacy_monolith	ParametersMain.menschliches[0]	str	human
i18n.words_legacy_monolith	ParametersMain.menschliches[1]	str	human
i18n.words_legacy_monolith	ParametersMain.procontra	tuple	3
i18n.words_legacy_monolith	ParametersMain.procontra[0]	str	pro_contra
i18n.words_legacy_monolith	ParametersMain.procontra[1]	str	procontra
i18n.words_legacy_monolith	ParametersMain.procontra[2]	str	procontra
i18n.words_legacy_monolith	ParametersMain.licht	tuple	2
i18n.words_legacy_monolith	ParametersMain.licht[0]	str	light
i18n.words_legacy_monolith	ParametersMain.licht[1]	str	light
i18n.words_legacy_monolith	ParametersMain.bedeutung	tuple	2
i18n.words_legacy_monolith	ParametersMain.bedeutung[0]	str	meaning
i18n.words_legacy_monolith	ParametersMain.bedeutung[1]	str	meaning
i18n.words_legacy_monolith	ParametersMain.symbole	tuple	2
i18n.words_legacy_monolith	ParametersMain.symbole[0]	str	symbols
i18n.words_legacy_monolith	ParametersMain.symbole[1]	str	symbols
i18n.words_legacy_monolith	ParametersMain.Multiplikationen	list	1
i18n.words_legacy_monolith	ParametersMain.Multiplikationen[0]	str	multiplications
i18n.words_legacy_monolith	ParametersMain.konzept	tuple	5
i18n.words_legacy_monolith	ParametersMain.konzept[0]	str	properties_n
i18n.words_legacy_monolith	ParametersMain.konzept[1]	str	properties
i18n.words_legacy_monolith	ParametersMain.konzept[2]	str	property
i18n.words_legacy_monolith	ParametersMain.konzept[3]	str	concept
i18n.words_legacy_monolith	ParametersMain.konzept[4]	str	concepts
i18n.words_legacy_monolith	ParametersMain.konzept2	tuple	3
i18n.words_legacy_monolith	ParametersMain.konzept2[0]	str	properties_1/n
i18n.words_legacy_monolith	ParametersMain.konzept2[1]	str	concept2
i18n.words_legacy_monolith	ParametersMain.konzept2[2]	str	concepts2
i18n.words_legacy_monolith	ParametersMain.inkrementieren	tuple	2
i18n.words_legacy_monolith	ParametersMain.inkrementieren[0]	str	increment
i18n.words_legacy_monolith	ParametersMain.inkrementieren[1]	str	increment
i18n.words_legacy_monolith	ParametersMain.operationen	tuple	2
i18n.words_legacy_monolith	ParametersMain.operationen[0]	str	operations
i18n.words_legacy_monolith	ParametersMain.operationen[1]	str	operations
i18n.words_legacy_monolith	ParametersMain.universummetakonkret	tuple	2
i18n.words_legacy_monolith	ParametersMain.universummetakonkret[0]	str	meta_vs_concrete_(universe)
i18n.words_legacy_monolith	ParametersMain.universummetakonkret[1]	str	universeMetaConcrete
i18n.words_legacy_monolith	ParametersMain.primzahlwirkung	tuple	2
i18n.words_legacy_monolith	ParametersMain.primzahlwirkung[0]	str	prime_effect
i18n.words_legacy_monolith	ParametersMain.primzahlwirkung[1]	str	primeeffect
i18n.words_legacy_monolith	ParametersMain.gebrochenuniversum	tuple	2
i18n.words_legacy_monolith	ParametersMain.gebrochenuniversum[0]	str	fractional_universe_n/m
i18n.words_legacy_monolith	ParametersMain.gebrochenuniversum[1]	str	gebrochenuniversum_fractionaluniverse
i18n.words_legacy_monolith	ParametersMain.gebrochengalaxie	tuple	2
i18n.words_legacy_monolith	ParametersMain.gebrochengalaxie[0]	str	fractional_galaxy_n/m
i18n.words_legacy_monolith	ParametersMain.gebrochengalaxie[1]	str	gebrochengalaxie_fractionalgalaxy
i18n.words_legacy_monolith	ParametersMain.gebrochenemotion	tuple	2
i18n.words_legacy_monolith	ParametersMain.gebrochenemotion[0]	str	fractional-rational_numbered_emotions_n/m
i18n.words_legacy_monolith	ParametersMain.gebrochenemotion[1]	str	fractionedemotion
i18n.words_legacy_monolith	ParametersMain.gebrochengroesse	tuple	2
i18n.words_legacy_monolith	ParametersMain.gebrochengroesse[0]	str	fractional-rational_numbered_structure_sizes_n/m
i18n.words_legacy_monolith	ParametersMain.gebrochengroesse[1]	str	fractionalnumberedstructuresize
i18n.words_legacy_monolith	ParametersMain.primvielfache	tuple	2
i18n.words_legacy_monolith	ParametersMain.primvielfache[0]	str	multiplications
i18n.words_legacy_monolith	ParametersMain.primvielfache[1]	str	multiplications
i18n.words_legacy_monolith	ParametersMain.planet	tuple	2
i18n.words_legacy_monolith	ParametersMain.planet[0]	str	planet_(10_and_or_12)
i18n.words_legacy_monolith	ParametersMain.planet[1]	str	planet
i18n.words_legacy_monolith	ParametersMain.strukturenkleinere	tuple	2
i18n.words_legacy_monolith	ParametersMain.strukturenkleinere[0]	str	structures_1_to_9
i18n.words_legacy_monolith	ParametersMain.strukturenkleinere[1]	str	structureLessTen
i18n.words_legacy_monolith	ParametersMain.grundstrukturen	tuple	2
i18n.words_legacy_monolith	ParametersMain.grundstrukturen[0]	str	basic_structures
i18n.words_legacy_monolith	ParametersMain.grundstrukturen[1]	str	basic_structures
i18n.words_legacy_monolith	ParametersMain.teilchen	tuple	2
i18n.words_legacy_monolith	ParametersMain.teilchen[0]	str	particle-meta-physics
i18n.words_legacy_monolith	ParametersMain.teilchen[1]	str	particles
i18n.words_legacy_monolith	ParametersMain.kontinuum	tuple	2
i18n.words_legacy_monolith	ParametersMain.kontinuum[0]	str	continuum
i18n.words_legacy_monolith	ParametersMain.kontinuum[1]	str	continuum
i18n.words_legacy_monolith	ParametersMain.herrschaft	tuple	2
i18n.words_legacy_monolith	ParametersMain.herrschaft[0]	str	Herrschaft
i18n.words_legacy_monolith	ParametersMain.herrschaft[1]	str	macht
i18n.words_legacy_monolith	ParametersMain.metachemiemetametaphysik	tuple	1
i18n.words_legacy_monolith	ParametersMain.metachemiemetametaphysik[0]	str	MetaMetaPhysik_und_MetaChemie
i18n.words_legacy_monolith	ParametersMain.alles	tuple	1
i18n.words_legacy_monolith	ParametersMain.alles[0]	str	all
i18n.words_legacy_monolith	konzeptE	dict	2
i18n.words_legacy_monolith	konzeptE[0].key	str	konzept
i18n.words_legacy_monolith	konzeptE[0].value	str	concept
i18n.words_legacy_monolith	konzeptE[1].key	str	konzept2
i18n.words_legacy_monolith	konzeptE[1].value	str	concept2
i18n.words_legacy_monolith	gebrochenUniGal	dict	4
i18n.words_legacy_monolith	gebrochenUniGal[0].key	str	gebrochenuniversum
i18n.words_legacy_monolith	gebrochenUniGal[0].value	ref	i18n.words_legacy_monolith:ParametersMain.gebrochenuniversum
i18n.words_legacy_monolith	gebrochenUniGal[1].key	str	gebrochengalaxie
i18n.words_legacy_monolith	gebrochenUniGal[1].value	ref	i18n.words_legacy_monolith:ParametersMain.gebrochengalaxie
i18n.words_legacy_monolith	gebrochenUniGal[2].key	str	gebrochenemotion
i18n.words_legacy_monolith	gebrochenUniGal[2].value	ref	i18n.words_legacy_monolith:ParametersMain.gebrochenemotion
i18n.words_legacy_monolith	gebrochenUniGal[3].key	str	gebrochengroesse
i18n.words_legacy_monolith	gebrochenUniGal[3].value	ref	i18n.words_legacy_monolith:ParametersMain.gebrochengroesse
i18n.words_legacy_monolith	gebrochenUniGalEinzeln	set	8
i18n.words_legacy_monolith	gebrochenUniGalEinzeln[0]	str	fractional-rational_numbered_emotions_n/m
i18n.words_legacy_monolith	gebrochenUniGalEinzeln[1]	str	fractional-rational_numbered_structure_sizes_n/m
i18n.words_legacy_monolith	gebrochenUniGalEinzeln[2]	str	fractional_galaxy_n/m
i18n.words_legacy_monolith	gebrochenUniGalEinzeln[3]	str	fractional_universe_n/m
i18n.words_legacy_monolith	gebrochenUniGalEinzeln[4]	str	fractionalnumberedstructuresize
i18n.words_legacy_monolith	gebrochenUniGalEinzeln[5]	str	fractionedemotion
i18n.words_legacy_monolith	gebrochenUniGalEinzeln[6]	str	gebrochengalaxie_fractionalgalaxy
i18n.words_legacy_monolith	gebrochenUniGalEinzeln[7]	str	gebrochenuniversum_fractionaluniverse
i18n.words_legacy_monolith	wahl15	dict	65
i18n.words_legacy_monolith	wahl15[0].key	str	15
i18n.words_legacy_monolith	wahl15[0].value	str	structural_paradigms_or_meta-paradigms_or_transcendental_(15),mind_(15),model_of_Hierarchical_Complexity,biological_tree_(15),particles_other_universe,comprehend_emotionally_or_mentally_by_prime_cross_algorithm_(15)
i18n.words_legacy_monolith	wahl15[1].key	str	2
i18n.words_legacy_monolith	wahl15[1].value	str	concretes_and_Focus_(2)
i18n.words_legacy_monolith	wahl15[2].key	str	5
i18n.words_legacy_monolith	wahl15[2].value	str	impulses_(5)
i18n.words_legacy_monolith	wahl15[3].key	str	7
i18n.words_legacy_monolith	wahl15[3].value	str	feelings_(7),leadership_types_(7),salvation
i18n.words_legacy_monolith	wahl15[4].key	str	8
i18n.words_legacy_monolith	wahl15[4].value	str	mode_and_being_(8),punishment,violence
i18n.words_legacy_monolith	wahl15[5].key	str	10
i18n.words_legacy_monolith	wahl15[5].value	str	realities_truth_perception_(10)
i18n.words_legacy_monolith	wahl15[6].key	str	1pro30
i18n.words_legacy_monolith	wahl15[6].value	str	analytic_ontology
i18n.words_legacy_monolith	wahl15[7].key	str	12
i18n.words_legacy_monolith	wahl15[7].value	str	meta-systems_(12),order_and_Filtering_12_and_1pro12
i18n.words_legacy_monolith	wahl15[8].key	str	13
i18n.words_legacy_monolith	wahl15[8].value	str	paradigms_are_intentions_(13)
i18n.words_legacy_monolith	wahl15[9].key	str	17
i18n.words_legacy_monolith	wahl15[9].value	str	thoughts_are_positions_(17)
i18n.words_legacy_monolith	wahl15[10].key	str	18
i18n.words_legacy_monolith	wahl15[10].value	str	connections_(18)
i18n.words_legacy_monolith	wahl15[11].key	str	6
i18n.words_legacy_monolith	wahl15[11].value	str	drives_and_needs_(6),system
i18n.words_legacy_monolith	wahl15[12].key	str	9
i18n.words_legacy_monolith	wahl15[12].value	str	lust_(9)
i18n.words_legacy_monolith	wahl15[13].key	str	3
i18n.words_legacy_monolith	wahl15[13].value	str	reflexes_(3),existentials_(3)
i18n.words_legacy_monolith	wahl15[14].key	str	13_6
i18n.words_legacy_monolith	wahl15[14].value	str	intention_6_is_advantage_maximization.
i18n.words_legacy_monolith	wahl15[15].key	str	13_7
i18n.words_legacy_monolith	wahl15[15].value	str	intention_7_is_selflessness
i18n.words_legacy_monolith	wahl15[16].key	str	13_10
i18n.words_legacy_monolith	wahl15[16].value	str	intention_10_is_recognition_of_reality
i18n.words_legacy_monolith	wahl15[17].key	str	13_17
i18n.words_legacy_monolith	wahl15[17].value	str	intention_17_is_to_mean_opionions
i18n.words_legacy_monolith	wahl15[18].key	str	10_4
i18n.words_legacy_monolith	wahl15[18].value	str	time_(4)_as_reality
i18n.words_legacy_monolith	wahl15[19].key	str	16
i18n.words_legacy_monolith	wahl15[19].value	str	functions_Conceptions_(16)
i18n.words_legacy_monolith	wahl15[20].key	str	4
i18n.words_legacy_monolith	wahl15[20].value	str	attention_(4)
i18n.words_legacy_monolith	wahl15[21].key	str	13_1pro8
i18n.words_legacy_monolith	wahl15[21].value	str	intention_1/8
i18n.words_legacy_monolith	wahl15[22].key	str	13_1pro6
i18n.words_legacy_monolith	wahl15[22].value	str	intention_1/6_is_cleaning_and_clarity
i18n.words_legacy_monolith	wahl15[23].key	str	1pro15
i18n.words_legacy_monolith	wahl15[23].value	str	reflection_and_Categories_(1/15)
i18n.words_legacy_monolith	wahl15[24].key	str	1
i18n.words_legacy_monolith	wahl15[24].value	str	awareness_instead_of_consciousness_(1)
i18n.words_legacy_monolith	wahl15[25].key	str	30
i18n.words_legacy_monolith	wahl15[25].value	str	energy_and_universal_properties_(30)
i18n.words_legacy_monolith	wahl15[26].key	str	14
i18n.words_legacy_monolith	wahl15[26].value	str	moods_combinations_(14)
i18n.words_legacy_monolith	wahl15[27].key	str	14_6
i18n.words_legacy_monolith	wahl15[27].value	str	calculate
i18n.words_legacy_monolith	wahl15[28].key	str	20
i18n.words_legacy_monolith	wahl15[28].value	str	classes_(20)
i18n.words_legacy_monolith	wahl15[29].key	str	37
i18n.words_legacy_monolith	wahl15[29].value	str	empathy_(37)
i18n.words_legacy_monolith	wahl15[30].key	str	31
i18n.words_legacy_monolith	wahl15[30].value	str	sheaf_and_behavior_empathy_(31)
i18n.words_legacy_monolith	wahl15[31].key	str	11
i18n.words_legacy_monolith	wahl15[31].value	str	behavior_(11)
i18n.words_legacy_monolith	wahl15[32].key	str	5_10
i18n.words_legacy_monolith	wahl15[32].value	str	meaning_(10)
i18n.words_legacy_monolith	wahl15[33].key	str	17_6
i18n.words_legacy_monolith	wahl15[33].value	str	topics_(6)
i18n.words_legacy_monolith	wahl15[34].key	str	17_6_10with4
i18n.words_legacy_monolith	wahl15[34].value	str	optimization_(10)
i18n.words_legacy_monolith	wahl15[35].key	str	36
i18n.words_legacy_monolith	wahl15[35].value	str	attractions_(36)
i18n.words_legacy_monolith	wahl15[36].key	str	13_16
i18n.words_legacy_monolith	wahl15[36].value	str	intention_16_is_to_be_enough
i18n.words_legacy_monolith	wahl15[37].key	str	18_7
i18n.words_legacy_monolith	wahl15[37].value	str	love_(7)
i18n.words_legacy_monolith	wahl15[38].key	str	18_10
i18n.words_legacy_monolith	wahl15[38].value	str	coalitions_(10)
i18n.words_legacy_monolith	wahl15[39].key	str	18_17
i18n.words_legacy_monolith	wahl15[39].value	str	views_Stances_(18_17)
i18n.words_legacy_monolith	wahl15[40].key	str	1pro8
i18n.words_legacy_monolith	wahl15[40].value	str	principles(1/8)
i18n.words_legacy_monolith	wahl15[41].key	str	1pro5
i18n.words_legacy_monolith	wahl15[41].value	str	aspirations(1/5)
i18n.words_legacy_monolith	wahl15[42].key	str	1pro3
i18n.words_legacy_monolith	wahl15[42].value	str	condition_and_trigger_(1/3)
i18n.words_legacy_monolith	wahl15[43].key	str	10_4_18_6
i18n.words_legacy_monolith	wahl15[43].value	str	relative_time_amount_(15_10_4_18_6)
i18n.words_legacy_monolith	wahl15[44].key	str	18_6
i18n.words_legacy_monolith	wahl15[44].value	str	comparision_of_numbers_(15_18_6)
i18n.words_legacy_monolith	wahl15[45].key	str	21
i18n.words_legacy_monolith	wahl15[45].value	str	passions_(21)
i18n.words_legacy_monolith	wahl15[46].key	str	26
i18n.words_legacy_monolith	wahl15[46].value	str	expectations_(26)
i18n.words_legacy_monolith	wahl15[47].key	str	19
i18n.words_legacy_monolith	wahl15[47].value	str	extremalias_(19),goals_(19)
i18n.words_legacy_monolith	wahl15[48].key	str	18_15
i18n.words_legacy_monolith	wahl15[48].value	str	universal_comperative_(18→15)
i18n.words_legacy_monolith	wahl15[49].key	str	18_15_n-vs-1pron
i18n.words_legacy_monolith	wahl15[49].value	str	relation_to_each_other_reciprocal_universal_(18→n_vs._1/n)
i18n.words_legacy_monolith	wahl15[50].key	str	1pro13
i18n.words_legacy_monolith	wahl15[50].value	str	shall_question_procedure_(1/13)
i18n.words_legacy_monolith	wahl15[51].key	str	1pro19
i18n.words_legacy_monolith	wahl15[51].value	str	foundation_(1/19)
i18n.words_legacy_monolith	wahl15[52].key	str	90
i18n.words_legacy_monolith	wahl15[52].value	str	dependent_connectedness_(90)
i18n.words_legacy_monolith	wahl15[53].key	str	13_13
i18n.words_legacy_monolith	wahl15[53].value	str	intention_13_is_helping
i18n.words_legacy_monolith	wahl15[54].key	str	1pro12
i18n.words_legacy_monolith	wahl15[54].value	str	map_filter_and_distinction_(1/12)
i18n.words_legacy_monolith	wahl15[55].key	str	39
i18n.words_legacy_monolith	wahl15[55].value	str	measures_(39)
i18n.words_legacy_monolith	wahl15[56].key	str	1pro6
i18n.words_legacy_monolith	wahl15[56].value	str	inner-values_1/6_of_cleaning_and_clarity
i18n.words_legacy_monolith	wahl15[57].key	str	28
i18n.words_legacy_monolith	wahl15[57].value	str	areas_of_life_and_classes_of_problems(28)
i18n.words_legacy_monolith	wahl15[58].key	str	24
i18n.words_legacy_monolith	wahl15[58].value	str	network
i18n.words_legacy_monolith	wahl15[59].key	str	32
i18n.words_legacy_monolith	wahl15[59].value	str	mathematical_design_(32)
i18n.words_legacy_monolith	wahl15[60].key	str	against5
i18n.words_legacy_monolith	wahl15[60].value	str	against_5
i18n.words_legacy_monolith	wahl15[61].key	str	9_6
i18n.words_legacy_monolith	wahl15[61].value	str	scale
i18n.words_legacy_monolith	wahl15[62].key	str	51
i18n.words_legacy_monolith	wahl15[62].value	str	controversy_(51)
i18n.words_legacy_monolith	wahl15[63].key	str	13_4
i18n.words_legacy_monolith	wahl15[63].value	str	actions
i18n.words_legacy_monolith	wahl15[64].key	str	7with6
i18n.words_legacy_monolith	wahl15[64].value	str	well-being_(7with6)
i18n.words_legacy_monolith	wahl16	dict	9
i18n.words_legacy_monolith	wahl16[0].key	str	1
i18n.words_legacy_monolith	wahl16[0].value	str	meta_physic_particles_(1)
i18n.words_legacy_monolith	wahl16[1].key	str	2
i18n.words_legacy_monolith	wahl16[1].value	str	structural_paradigms_or_meta-paradigms_or_transcendental_(15),model_of_Hierarchical_Complexity
i18n.words_legacy_monolith	wahl16[2].key	str	3
i18n.words_legacy_monolith	wahl16[2].value	str	particles_other_universe
i18n.words_legacy_monolith	wahl16[3].key	str	5
i18n.words_legacy_monolith	wahl16[3].value	str	structural_paradigms_or_meta-paradigms_or_transcendental_(15),model_of_Hierarchical_Complexity,biological_tree_(16_->_15),P5
i18n.words_legacy_monolith	wahl16[4].key	str	6
i18n.words_legacy_monolith	wahl16[4].value	str	mind_(15)
i18n.words_legacy_monolith	wahl16[5].key	str	15
i18n.words_legacy_monolith	wahl16[5].value	str	structural_paradigms_or_meta-paradigms_or_transcendental_(15),model_of_Hierarchical_Complexity
i18n.words_legacy_monolith	wahl16[6].key	str	10
i18n.words_legacy_monolith	wahl16[6].value	str	structure_sciences_(10)
i18n.words_legacy_monolith	wahl16[7].key	str	16
i18n.words_legacy_monolith	wahl16[7].value	str	multiversalias_(16),P
i18n.words_legacy_monolith	wahl16[8].key	str	20
i18n.words_legacy_monolith	wahl16[8].value	str	pattern_sciences_(20)
i18n.words_legacy_monolith	freiheitGleichheit	tuple	2
i18n.words_legacy_monolith	freiheitGleichheit[0]	str	freiheit
i18n.words_legacy_monolith	freiheitGleichheit[1]	str	gleichheit
i18n.words_legacy_monolith	gemeinsamkeitenWort	str	commonalities
i18n.words_legacy_monolith	befehle2	ordereddict	221
i18n.words_legacy_monolith	befehle2[0].key	str	15_15
i18n.words_legacy_monolith	befehle2[0].value	str	15_15
i18n.words_legacy_monolith	befehle2[1].key	str	15_2
i18n.words_legacy_monolith	befehle2[1].value	str	15_2
i18n.words_legacy_monolith	befehle2[2].key	str	15_5
i18n.words_legacy_monolith	befehle2[2].value	str	15_5
i18n.words_legacy_monolith	befehle2[3].key	str	15_7
i18n.words_legacy_monolith	befehle2[3].value	str	15_7
i18n.words_legacy_monolith	befehle2[4].key	str	15_8
i18n.words_legacy_monolith	befehle2[4].value	str	15_8
i18n.words_legacy_monolith	befehle2[5].key	str	15_10
i18n.words_legacy_monolith	befehle2[5].value	str	15_10
i18n.words_legacy_monolith	befehle2[6].key	str	15_1pro30
i18n.words_legacy_monolith	befehle2[6].value	str	15_1pro30
i18n.words_legacy_monolith	befehle2[7].key	str	15_12
i18n.words_legacy_monolith	befehle2[7].value	str	15_12
i18n.words_legacy_monolith	befehle2[8].key	str	15_13
i18n.words_legacy_monolith	befehle2[8].value	str	15_13
i18n.words_legacy_monolith	befehle2[9].key	str	15_17
i18n.words_legacy_monolith	befehle2[9].value	str	15_17
i18n.words_legacy_monolith	befehle2[10].key	str	15_18
i18n.words_legacy_monolith	befehle2[10].value	str	15_18
i18n.words_legacy_monolith	befehle2[11].key	str	15_6
i18n.words_legacy_monolith	befehle2[11].value	str	15_6
i18n.words_legacy_monolith	befehle2[12].key	str	15_9
i18n.words_legacy_monolith	befehle2[12].value	str	15_9
i18n.words_legacy_monolith	befehle2[13].key	str	15_3
i18n.words_legacy_monolith	befehle2[13].value	str	15_3
i18n.words_legacy_monolith	befehle2[14].key	str	15_13_6
i18n.words_legacy_monolith	befehle2[14].value	str	15_13_6
i18n.words_legacy_monolith	befehle2[15].key	str	15_13_7
i18n.words_legacy_monolith	befehle2[15].value	str	15_13_7
i18n.words_legacy_monolith	befehle2[16].key	str	15_13_10
i18n.words_legacy_monolith	befehle2[16].value	str	15_13_10
i18n.words_legacy_monolith	befehle2[17].key	str	15_13_17
i18n.words_legacy_monolith	befehle2[17].value	str	15_13_17
i18n.words_legacy_monolith	befehle2[18].key	str	15_10_4
i18n.words_legacy_monolith	befehle2[18].value	str	15_10_4
i18n.words_legacy_monolith	befehle2[19].key	str	15_16
i18n.words_legacy_monolith	befehle2[19].value	str	15_16
i18n.words_legacy_monolith	befehle2[20].key	str	15_4
i18n.words_legacy_monolith	befehle2[20].value	str	15_4
i18n.words_legacy_monolith	befehle2[21].key	str	15_13_1pro8
i18n.words_legacy_monolith	befehle2[21].value	str	15_13_1pro8
i18n.words_legacy_monolith	befehle2[22].key	str	15_13_1pro6
i18n.words_legacy_monolith	befehle2[22].value	str	15_13_1pro6
i18n.words_legacy_monolith	befehle2[23].key	str	15_1pro15
i18n.words_legacy_monolith	befehle2[23].value	str	15_1pro15
i18n.words_legacy_monolith	befehle2[24].key	str	15_1
i18n.words_legacy_monolith	befehle2[24].value	str	15_1
i18n.words_legacy_monolith	befehle2[25].key	str	15_30
i18n.words_legacy_monolith	befehle2[25].value	str	15_30
i18n.words_legacy_monolith	befehle2[26].key	str	15_14
i18n.words_legacy_monolith	befehle2[26].value	str	15_14
i18n.words_legacy_monolith	befehle2[27].key	str	15_14_6
i18n.words_legacy_monolith	befehle2[27].value	str	15_14_6
i18n.words_legacy_monolith	befehle2[28].key	str	15_20
i18n.words_legacy_monolith	befehle2[28].value	str	15_20
i18n.words_legacy_monolith	befehle2[29].key	str	15_37
i18n.words_legacy_monolith	befehle2[29].value	str	15_37
i18n.words_legacy_monolith	befehle2[30].key	str	15_31
i18n.words_legacy_monolith	befehle2[30].value	str	15_31
i18n.words_legacy_monolith	befehle2[31].key	str	15_11
i18n.words_legacy_monolith	befehle2[31].value	str	15_11
i18n.words_legacy_monolith	befehle2[32].key	str	15_5_10
i18n.words_legacy_monolith	befehle2[32].value	str	15_5_10
i18n.words_legacy_monolith	befehle2[33].key	str	15_17_6
i18n.words_legacy_monolith	befehle2[33].value	str	15_17_6
i18n.words_legacy_monolith	befehle2[34].key	str	15_17_6_10with4
i18n.words_legacy_monolith	befehle2[34].value	str	15_17_6_10with4
i18n.words_legacy_monolith	befehle2[35].key	str	15_36
i18n.words_legacy_monolith	befehle2[35].value	str	15_36
i18n.words_legacy_monolith	befehle2[36].key	str	15_13_16
i18n.words_legacy_monolith	befehle2[36].value	str	15_13_16
i18n.words_legacy_monolith	befehle2[37].key	str	15_18_7
i18n.words_legacy_monolith	befehle2[37].value	str	15_18_7
i18n.words_legacy_monolith	befehle2[38].key	str	15_18_10
i18n.words_legacy_monolith	befehle2[38].value	str	15_18_10
i18n.words_legacy_monolith	befehle2[39].key	str	15_18_17
i18n.words_legacy_monolith	befehle2[39].value	str	15_18_17
i18n.words_legacy_monolith	befehle2[40].key	str	15_1pro8
i18n.words_legacy_monolith	befehle2[40].value	str	15_1pro8
i18n.words_legacy_monolith	befehle2[41].key	str	15_1pro5
i18n.words_legacy_monolith	befehle2[41].value	str	15_1pro5
i18n.words_legacy_monolith	befehle2[42].key	str	15_1pro3
i18n.words_legacy_monolith	befehle2[42].value	str	15_1pro3
i18n.words_legacy_monolith	befehle2[43].key	str	15_10_4_18_6
i18n.words_legacy_monolith	befehle2[43].value	str	15_10_4_18_6
i18n.words_legacy_monolith	befehle2[44].key	str	15_18_6
i18n.words_legacy_monolith	befehle2[44].value	str	15_18_6
i18n.words_legacy_monolith	befehle2[45].key	str	15_21
i18n.words_legacy_monolith	befehle2[45].value	str	15_21
i18n.words_legacy_monolith	befehle2[46].key	str	15_26
i18n.words_legacy_monolith	befehle2[46].value	str	15_26
i18n.words_legacy_monolith	befehle2[47].key	str	15_19
i18n.words_legacy_monolith	befehle2[47].value	str	15_19
i18n.words_legacy_monolith	befehle2[48].key	str	15_18_15
i18n.words_legacy_monolith	befehle2[48].value	str	15_18_15
i18n.words_legacy_monolith	befehle2[49].key	str	15_18_15_n-vs-1pron
i18n.words_legacy_monolith	befehle2[49].value	str	15_18_15_n-vs-1pron
i18n.words_legacy_monolith	befehle2[50].key	str	15_1pro13
i18n.words_legacy_monolith	befehle2[50].value	str	15_1pro13
i18n.words_legacy_monolith	befehle2[51].key	str	15_1pro19
i18n.words_legacy_monolith	befehle2[51].value	str	15_1pro19
i18n.words_legacy_monolith	befehle2[52].key	str	15_90
i18n.words_legacy_monolith	befehle2[52].value	str	15_90
i18n.words_legacy_monolith	befehle2[53].key	str	15_13_13
i18n.words_legacy_monolith	befehle2[53].value	str	15_13_13
i18n.words_legacy_monolith	befehle2[54].key	str	15_1pro12
i18n.words_legacy_monolith	befehle2[54].value	str	15_1pro12
i18n.words_legacy_monolith	befehle2[55].key	str	15_39
i18n.words_legacy_monolith	befehle2[55].value	str	15_39
i18n.words_legacy_monolith	befehle2[56].key	str	15_1pro6
i18n.words_legacy_monolith	befehle2[56].value	str	15_1pro6
i18n.words_legacy_monolith	befehle2[57].key	str	15_28
i18n.words_legacy_monolith	befehle2[57].value	str	15_28
i18n.words_legacy_monolith	befehle2[58].key	str	15_24
i18n.words_legacy_monolith	befehle2[58].value	str	15_24
i18n.words_legacy_monolith	befehle2[59].key	str	15_32
i18n.words_legacy_monolith	befehle2[59].value	str	15_32
i18n.words_legacy_monolith	befehle2[60].key	str	15_against5
i18n.words_legacy_monolith	befehle2[60].value	str	15_against5
i18n.words_legacy_monolith	befehle2[61].key	str	15_9_6
i18n.words_legacy_monolith	befehle2[61].value	str	15_9_6
i18n.words_legacy_monolith	befehle2[62].key	str	15_51
i18n.words_legacy_monolith	befehle2[62].value	str	15_51
i18n.words_legacy_monolith	befehle2[63].key	str	15_13_4
i18n.words_legacy_monolith	befehle2[63].value	str	15_13_4
i18n.words_legacy_monolith	befehle2[64].key	str	15_7with6
i18n.words_legacy_monolith	befehle2[64].value	str	15_7with6
i18n.words_legacy_monolith	befehle2[65].key	str	16_15_2
i18n.words_legacy_monolith	befehle2[65].value	str	16_15_2
i18n.words_legacy_monolith	befehle2[66].key	str	16_15_5
i18n.words_legacy_monolith	befehle2[66].value	str	16_15_5
i18n.words_legacy_monolith	befehle2[67].key	str	16_15_7
i18n.words_legacy_monolith	befehle2[67].value	str	16_15_7
i18n.words_legacy_monolith	befehle2[68].key	str	16_15_8
i18n.words_legacy_monolith	befehle2[68].value	str	16_15_8
i18n.words_legacy_monolith	befehle2[69].key	str	16_15_10
i18n.words_legacy_monolith	befehle2[69].value	str	16_15_10
i18n.words_legacy_monolith	befehle2[70].key	str	16_15_1pro30
i18n.words_legacy_monolith	befehle2[70].value	str	16_15_1pro30
i18n.words_legacy_monolith	befehle2[71].key	str	16_15_12
i18n.words_legacy_monolith	befehle2[71].value	str	16_15_12
i18n.words_legacy_monolith	befehle2[72].key	str	16_15_13
i18n.words_legacy_monolith	befehle2[72].value	str	16_15_13
i18n.words_legacy_monolith	befehle2[73].key	str	16_15_17
i18n.words_legacy_monolith	befehle2[73].value	str	16_15_17
i18n.words_legacy_monolith	befehle2[74].key	str	16_15_18
i18n.words_legacy_monolith	befehle2[74].value	str	16_15_18
i18n.words_legacy_monolith	befehle2[75].key	str	16_15_6
i18n.words_legacy_monolith	befehle2[75].value	str	16_15_6
i18n.words_legacy_monolith	befehle2[76].key	str	16_15_9
i18n.words_legacy_monolith	befehle2[76].value	str	16_15_9
i18n.words_legacy_monolith	befehle2[77].key	str	16_15_3
i18n.words_legacy_monolith	befehle2[77].value	str	16_15_3
i18n.words_legacy_monolith	befehle2[78].key	str	16_15_13_6
i18n.words_legacy_monolith	befehle2[78].value	str	16_15_13_6
i18n.words_legacy_monolith	befehle2[79].key	str	16_15_13_7
i18n.words_legacy_monolith	befehle2[79].value	str	16_15_13_7
i18n.words_legacy_monolith	befehle2[80].key	str	16_15_13_10
i18n.words_legacy_monolith	befehle2[80].value	str	16_15_13_10
i18n.words_legacy_monolith	befehle2[81].key	str	16_15_13_17
i18n.words_legacy_monolith	befehle2[81].value	str	16_15_13_17
i18n.words_legacy_monolith	befehle2[82].key	str	16_15_10_4
i18n.words_legacy_monolith	befehle2[82].value	str	16_15_10_4
i18n.words_legacy_monolith	befehle2[83].key	str	16_15_16
i18n.words_legacy_monolith	befehle2[83].value	str	16_15_16
i18n.words_legacy_monolith	befehle2[84].key	str	16_15_4
i18n.words_legacy_monolith	befehle2[84].value	str	16_15_4
i18n.words_legacy_monolith	befehle2[85].key	str	16_15_13_1pro8
i18n.words_legacy_monolith	befehle2[85].value	str	16_15_13_1pro8
i18n.words_legacy_monolith	befehle2[86].key	str	16_15_13_1pro6
i18n.words_legacy_monolith	befehle2[86].value	str	16_15_13_1pro6
i18n.words_legacy_monolith	befehle2[87].key	str	16_15_1pro15
i18n.words_legacy_monolith	befehle2[87].value	str	16_15_1pro15
i18n.words_legacy_monolith	befehle2[88].key	str	16_15_1
i18n.words_legacy_monolith	befehle2[88].value	str	16_15_1
i18n.words_legacy_monolith	befehle2[89].key	str	16_15_30
i18n.words_legacy_monolith	befehle2[89].value	str	16_15_30
i18n.words_legacy_monolith	befehle2[90].key	str	16_15_14
i18n.words_legacy_monolith	befehle2[90].value	str	16_15_14
i18n.words_legacy_monolith	befehle2[91].key	str	16_15_14_6
i18n.words_legacy_monolith	befehle2[91].value	str	16_15_14_6
i18n.words_legacy_monolith	befehle2[92].key	str	16_15_20
i18n.words_legacy_monolith	befehle2[92].value	str	16_15_20
i18n.words_legacy_monolith	befehle2[93].key	str	16_15_37
i18n.words_legacy_monolith	befehle2[93].value	str	16_15_37
i18n.words_legacy_monolith	befehle2[94].key	str	16_15_31
i18n.words_legacy_monolith	befehle2[94].value	str	16_15_31
i18n.words_legacy_monolith	befehle2[95].key	str	16_15_11
i18n.words_legacy_monolith	befehle2[95].value	str	16_15_11
i18n.words_legacy_monolith	befehle2[96].key	str	16_15_5_10
i18n.words_legacy_monolith	befehle2[96].value	str	16_15_5_10
i18n.words_legacy_monolith	befehle2[97].key	str	16_15_17_6
i18n.words_legacy_monolith	befehle2[97].value	str	16_15_17_6
i18n.words_legacy_monolith	befehle2[98].key	str	16_15_17_6_10with4
i18n.words_legacy_monolith	befehle2[98].value	str	16_15_17_6_10with4
i18n.words_legacy_monolith	befehle2[99].key	str	16_15_36
i18n.words_legacy_monolith	befehle2[99].value	str	16_15_36
i18n.words_legacy_monolith	befehle2[100].key	str	16_15_13_16
i18n.words_legacy_monolith	befehle2[100].value	str	16_15_13_16
i18n.words_legacy_monolith	befehle2[101].key	str	16_15_18_7
i18n.words_legacy_monolith	befehle2[101].value	str	16_15_18_7
i18n.words_legacy_monolith	befehle2[102].key	str	16_15_18_10
i18n.words_legacy_monolith	befehle2[102].value	str	16_15_18_10
i18n.words_legacy_monolith	befehle2[103].key	str	16_15_18_17
i18n.words_legacy_monolith	befehle2[103].value	str	16_15_18_17
i18n.words_legacy_monolith	befehle2[104].key	str	16_15_1pro8
i18n.words_legacy_monolith	befehle2[104].value	str	16_15_1pro8
i18n.words_legacy_monolith	befehle2[105].key	str	16_15_1pro5
i18n.words_legacy_monolith	befehle2[105].value	str	16_15_1pro5
i18n.words_legacy_monolith	befehle2[106].key	str	16_15_1pro3
i18n.words_legacy_monolith	befehle2[106].value	str	16_15_1pro3
i18n.words_legacy_monolith	befehle2[107].key	str	16_15_10_4_18_6
i18n.words_legacy_monolith	befehle2[107].value	str	16_15_10_4_18_6
i18n.words_legacy_monolith	befehle2[108].key	str	16_15_18_6
i18n.words_legacy_monolith	befehle2[108].value	str	16_15_18_6
i18n.words_legacy_monolith	befehle2[109].key	str	16_15_21
i18n.words_legacy_monolith	befehle2[109].value	str	16_15_21
i18n.words_legacy_monolith	befehle2[110].key	str	16_15_26
i18n.words_legacy_monolith	befehle2[110].value	str	16_15_26
i18n.words_legacy_monolith	befehle2[111].key	str	16_15_19
i18n.words_legacy_monolith	befehle2[111].value	str	16_15_19
i18n.words_legacy_monolith	befehle2[112].key	str	16_15_18_15
i18n.words_legacy_monolith	befehle2[112].value	str	16_15_18_15
i18n.words_legacy_monolith	befehle2[113].key	str	16_15_18_15_n-vs-1pron
i18n.words_legacy_monolith	befehle2[113].value	str	16_15_18_15_n-vs-1pron
i18n.words_legacy_monolith	befehle2[114].key	str	16_15_1pro13
i18n.words_legacy_monolith	befehle2[114].value	str	16_15_1pro13
i18n.words_legacy_monolith	befehle2[115].key	str	16_15_1pro19
i18n.words_legacy_monolith	befehle2[115].value	str	16_15_1pro19
i18n.words_legacy_monolith	befehle2[116].key	str	16_15_90
i18n.words_legacy_monolith	befehle2[116].value	str	16_15_90
i18n.words_legacy_monolith	befehle2[117].key	str	16_15_13_13
i18n.words_legacy_monolith	befehle2[117].value	str	16_15_13_13
i18n.words_legacy_monolith	befehle2[118].key	str	16_15_1pro12
i18n.words_legacy_monolith	befehle2[118].value	str	16_15_1pro12
i18n.words_legacy_monolith	befehle2[119].key	str	16_15_39
i18n.words_legacy_monolith	befehle2[119].value	str	16_15_39
i18n.words_legacy_monolith	befehle2[120].key	str	16_15_1pro6
i18n.words_legacy_monolith	befehle2[120].value	str	16_15_1pro6
i18n.words_legacy_monolith	befehle2[121].key	str	16_15_28
i18n.words_legacy_monolith	befehle2[121].value	str	16_15_28
i18n.words_legacy_monolith	befehle2[122].key	str	16_15_24
i18n.words_legacy_monolith	befehle2[122].value	str	16_15_24
i18n.words_legacy_monolith	befehle2[123].key	str	16_15_32
i18n.words_legacy_monolith	befehle2[123].value	str	16_15_32
i18n.words_legacy_monolith	befehle2[124].key	str	16_15_against5
i18n.words_legacy_monolith	befehle2[124].value	str	16_15_against5
i18n.words_legacy_monolith	befehle2[125].key	str	16_15_9_6
i18n.words_legacy_monolith	befehle2[125].value	str	16_15_9_6
i18n.words_legacy_monolith	befehle2[126].key	str	16_15_51
i18n.words_legacy_monolith	befehle2[126].value	str	16_15_51
i18n.words_legacy_monolith	befehle2[127].key	str	16_15_13_4
i18n.words_legacy_monolith	befehle2[127].value	str	16_15_13_4
i18n.words_legacy_monolith	befehle2[128].key	str	16_15_7with6
i18n.words_legacy_monolith	befehle2[128].value	str	16_15_7with6
i18n.words_legacy_monolith	befehle2[129].key	str	16_1
i18n.words_legacy_monolith	befehle2[129].value	str	16_1
i18n.words_legacy_monolith	befehle2[130].key	str	16_2
i18n.words_legacy_monolith	befehle2[130].value	str	16_2
i18n.words_legacy_monolith	befehle2[131].key	str	16_3
i18n.words_legacy_monolith	befehle2[131].value	str	16_3
i18n.words_legacy_monolith	befehle2[132].key	str	16_5
i18n.words_legacy_monolith	befehle2[132].value	str	16_5
i18n.words_legacy_monolith	befehle2[133].key	str	16_6
i18n.words_legacy_monolith	befehle2[133].value	str	16_6
i18n.words_legacy_monolith	befehle2[134].key	str	16_15
i18n.words_legacy_monolith	befehle2[134].value	str	16_15
i18n.words_legacy_monolith	befehle2[135].key	str	16_10
i18n.words_legacy_monolith	befehle2[135].value	str	16_10
i18n.words_legacy_monolith	befehle2[136].key	str	16_16
i18n.words_legacy_monolith	befehle2[136].value	str	16_16
i18n.words_legacy_monolith	befehle2[137].key	str	16_20
i18n.words_legacy_monolith	befehle2[137].value	str	16_20
i18n.words_legacy_monolith	befehle2[138].key	str	invertieren
i18n.words_legacy_monolith	befehle2[138].value	str	invert
i18n.words_legacy_monolith	befehle2[139].key	str	netzwerk
i18n.words_legacy_monolith	befehle2[139].value	str	network
i18n.words_legacy_monolith	befehle2[140].key	str	komplex
i18n.words_legacy_monolith	befehle2[140].value	str	complex
i18n.words_legacy_monolith	befehle2[141].key	str	ee
i18n.words_legacy_monolith	befehle2[141].value	str	ee
i18n.words_legacy_monolith	befehle2[142].key	str	groesse
i18n.words_legacy_monolith	befehle2[142].value	str	size
i18n.words_legacy_monolith	befehle2[143].key	str	emotion
i18n.words_legacy_monolith	befehle2[143].value	str	emotions
i18n.words_legacy_monolith	befehle2[144].key	str	freiheit
i18n.words_legacy_monolith	befehle2[144].value	str	freedom
i18n.words_legacy_monolith	befehle2[145].key	str	gleichheit
i18n.words_legacy_monolith	befehle2[145].value	str	equality
i18n.words_legacy_monolith	befehle2[146].key	str	kurzbefehle
i18n.words_legacy_monolith	befehle2[146].value	str	shortcuts
i18n.words_legacy_monolith	befehle2[147].key	str	leeren
i18n.words_legacy_monolith	befehle2[147].value	str	clear
i18n.words_legacy_monolith	befehle2[148].key	str	kugeln
i18n.words_legacy_monolith	befehle2[148].value	str	spheres
i18n.words_legacy_monolith	befehle2[149].key	str	kreise
i18n.words_legacy_monolith	befehle2[149].value	str	circles
i18n.words_legacy_monolith	befehle2[150].key	str	mond
i18n.words_legacy_monolith	befehle2[150].value	str	moon
i18n.words_legacy_monolith	befehle2[151].key	str	reta
i18n.words_legacy_monolith	befehle2[151].value	str	reta
i18n.words_legacy_monolith	befehle2[152].key	str	absicht
i18n.words_legacy_monolith	befehle2[152].value	str	intent
i18n.words_legacy_monolith	befehle2[153].key	str	motiv
i18n.words_legacy_monolith	befehle2[153].value	str	motive
i18n.words_legacy_monolith	befehle2[154].key	str	thomas
i18n.words_legacy_monolith	befehle2[154].value	str	thomas
i18n.words_legacy_monolith	befehle2[155].key	str	universum
i18n.words_legacy_monolith	befehle2[155].value	str	universe
i18n.words_legacy_monolith	befehle2[156].key	str	impulse
i18n.words_legacy_monolith	befehle2[156].value	str	impulses
i18n.words_legacy_monolith	befehle2[157].key	str	motive
i18n.words_legacy_monolith	befehle2[157].value	str	motifs
i18n.words_legacy_monolith	befehle2[158].key	str	absichten
i18n.words_legacy_monolith	befehle2[158].value	str	intentions
i18n.words_legacy_monolith	befehle2[159].key	str	primfaktorenvergleich
i18n.words_legacy_monolith	befehle2[159].value	str	primaryfactorcomparison
i18n.words_legacy_monolith	befehle2[160].key	str	vielfache
i18n.words_legacy_monolith	befehle2[160].value	str	multiple
i18n.words_legacy_monolith	befehle2[161].key	str	einzeln
i18n.words_legacy_monolith	befehle2[161].value	str	single
i18n.words_legacy_monolith	befehle2[162].key	str	multis
i18n.words_legacy_monolith	befehle2[162].value	str	multis
i18n.words_legacy_monolith	befehle2[163].key	str	multis3
i18n.words_legacy_monolith	befehle2[163].value	str	multis3
i18n.words_legacy_monolith	befehle2[164].key	str	modulo
i18n.words_legacy_monolith	befehle2[164].value	str	modulo
i18n.words_legacy_monolith	befehle2[165].key	str	prim
i18n.words_legacy_monolith	befehle2[165].value	str	prime
i18n.words_legacy_monolith	befehle2[166].key	str	primfaktorzerlegung
i18n.words_legacy_monolith	befehle2[166].value	str	primefactorization
i18n.words_legacy_monolith	befehle2[167].key	str	prim24
i18n.words_legacy_monolith	befehle2[167].value	str	prime24
i18n.words_legacy_monolith	befehle2[168].key	str	primfaktorzerlegungModulo24
i18n.words_legacy_monolith	befehle2[168].value	str	primefactorizationModulo24
i18n.words_legacy_monolith	befehle2[169].key	str	help
i18n.words_legacy_monolith	befehle2[169].value	str	HELP
i18n.words_legacy_monolith	befehle2[170].key	str	hilfe
i18n.words_legacy_monolith	befehle2[170].value	str	help
i18n.words_legacy_monolith	befehle2[171].key	str	abc
i18n.words_legacy_monolith	befehle2[171].value	str	abc
i18n.words_legacy_monolith	befehle2[172].key	str	abcd
i18n.words_legacy_monolith	befehle2[172].value	str	abcd
i18n.words_legacy_monolith	befehle2[173].key	str	alles
i18n.words_legacy_monolith	befehle2[173].value	str	all
i18n.words_legacy_monolith	befehle2[174].key	str	geist
i18n.words_legacy_monolith	befehle2[174].value	str	mind
i18n.words_legacy_monolith	befehle2[175].key	str	a
i18n.words_legacy_monolith	befehle2[175].value	str	i
i18n.words_legacy_monolith	befehle2[176].key	str	R
i18n.words_legacy_monolith	befehle2[176].value	str	R
i18n.words_legacy_monolith	befehle2[177].key	str	range
i18n.words_legacy_monolith	befehle2[177].value	str	range
i18n.words_legacy_monolith	befehle2[178].key	str	B
i18n.words_legacy_monolith	befehle2[178].value	str	C
i18n.words_legacy_monolith	befehle2[179].key	str	bewusstsein
i18n.words_legacy_monolith	befehle2[179].value	str	consciousness
i18n.words_legacy_monolith	befehle2[180].key	str	E
i18n.words_legacy_monolith	befehle2[180].value	str	E
i18n.words_legacy_monolith	befehle2[181].key	str	G
i18n.words_legacy_monolith	befehle2[181].value	str	M
i18n.words_legacy_monolith	befehle2[182].key	str	u
i18n.words_legacy_monolith	befehle2[182].value	str	u
i18n.words_legacy_monolith	befehle2[183].key	str	I
i18n.words_legacy_monolith	befehle2[183].value	str	I
i18n.words_legacy_monolith	befehle2[184].key	str	T
i18n.words_legacy_monolith	befehle2[184].value	str	D
i18n.words_legacy_monolith	befehle2[185].key	str	W
i18n.words_legacy_monolith	befehle2[185].value	str	T
i18n.words_legacy_monolith	befehle2[186].key	str	wirklichkeit
i18n.words_legacy_monolith	befehle2[186].value	str	truthRealities
i18n.words_legacy_monolith	befehle2[187].key	str	triebe
i18n.words_legacy_monolith	befehle2[187].value	str	drive
i18n.words_legacy_monolith	befehle2[188].key	str	befehle
i18n.words_legacy_monolith	befehle2[188].value	str	commands
i18n.words_legacy_monolith	befehle2[189].key	str	t
i18n.words_legacy_monolith	befehle2[189].value	str	t
i18n.words_legacy_monolith	befehle2[190].key	str	richtung
i18n.words_legacy_monolith	befehle2[190].value	str	direction
i18n.words_legacy_monolith	befehle2[191].key	str	r
i18n.words_legacy_monolith	befehle2[191].value	str	r
i18n.words_legacy_monolith	befehle2[192].key	str	v
i18n.words_legacy_monolith	befehle2[192].value	str	m
i18n.words_legacy_monolith	befehle2[193].key	str	h
i18n.words_legacy_monolith	befehle2[193].value	str	h
i18n.words_legacy_monolith	befehle2[194].key	str	p
i18n.words_legacy_monolith	befehle2[194].value	str	p
i18n.words_legacy_monolith	befehle2[195].key	str	primzahlkreuz
i18n.words_legacy_monolith	befehle2[195].value	str	primecross
i18n.words_legacy_monolith	befehle2[196].key	str	ende
i18n.words_legacy_monolith	befehle2[196].value	str	end
i18n.words_legacy_monolith	befehle2[197].key	str	exit
i18n.words_legacy_monolith	befehle2[197].value	str	exit
i18n.words_legacy_monolith	befehle2[198].key	str	quit
i18n.words_legacy_monolith	befehle2[198].value	str	quit
i18n.words_legacy_monolith	befehle2[199].key	str	q
i18n.words_legacy_monolith	befehle2[199].value	str	q
i18n.words_legacy_monolith	befehle2[200].key	str	:q
i18n.words_legacy_monolith	befehle2[200].value	str	:q
i18n.words_legacy_monolith	befehle2[201].key	str	shell
i18n.words_legacy_monolith	befehle2[201].value	str	shell
i18n.words_legacy_monolith	befehle2[202].key	str	s
i18n.words_legacy_monolith	befehle2[202].value	str	s
i18n.words_legacy_monolith	befehle2[203].key	str	math
i18n.words_legacy_monolith	befehle2[203].value	str	math
i18n.words_legacy_monolith	befehle2[204].key	str	loggen
i18n.words_legacy_monolith	befehle2[204].value	str	logging_yes
i18n.words_legacy_monolith	befehle2[205].key	str	nichtloggen
i18n.words_legacy_monolith	befehle2[205].value	str	logging_no
i18n.words_legacy_monolith	befehle2[206].key	str	mulpri
i18n.words_legacy_monolith	befehle2[206].value	str	mulpri
i18n.words_legacy_monolith	befehle2[207].key	str	python
i18n.words_legacy_monolith	befehle2[207].value	str	python
i18n.words_legacy_monolith	befehle2[208].key	str	w
i18n.words_legacy_monolith	befehle2[208].value	str	d
i18n.words_legacy_monolith	befehle2[209].key	str	teiler
i18n.words_legacy_monolith	befehle2[209].value	str	divider
i18n.words_legacy_monolith	befehle2[210].key	str	BefehlSpeichernDanach
i18n.words_legacy_monolith	befehle2[210].value	str	CommandSaveAfter
i18n.words_legacy_monolith	befehle2[211].key	str	S
i18n.words_legacy_monolith	befehle2[211].value	str	S
i18n.words_legacy_monolith	befehle2[212].key	str	BefehlSpeicherungLöschen
i18n.words_legacy_monolith	befehle2[212].value	str	CommandClearSaves
i18n.words_legacy_monolith	befehle2[213].key	str	l
i18n.words_legacy_monolith	befehle2[213].value	str	c
i18n.words_legacy_monolith	befehle2[214].key	str	BefehlSpeicherungAusgeben
i18n.words_legacy_monolith	befehle2[214].value	str	CommandSaveOutput
i18n.words_legacy_monolith	befehle2[215].key	str	o
i18n.words_legacy_monolith	befehle2[215].value	str	o
i18n.words_legacy_monolith	befehle2[216].key	str	e
i18n.words_legacy_monolith	befehle2[216].value	str	e
i18n.words_legacy_monolith	befehle2[217].key	str	BefehlSpeichernDavor
i18n.words_legacy_monolith	befehle2[217].value	str	CommandSaveBefore
i18n.words_legacy_monolith	befehle2[218].key	str	keineEinZeichenZeilenPlusKeineAusgabeWelcherBefehlEsWar
i18n.words_legacy_monolith	befehle2[218].value	str	noOneCharacterLinePlusNoOutputWhichCommandItWas
i18n.words_legacy_monolith	befehle2[219].key	str	abstand
i18n.words_legacy_monolith	befehle2[219].value	str	distance
i18n.words_legacy_monolith	befehle2[220].key	str	abstandPrim
i18n.words_legacy_monolith	befehle2[220].value	str	distancePrime
i18n.words_legacy_monolith	finde_mehrfache_vorkommen	function	(stringliste)
i18n.words_legacy_monolith	befehle	list	221
i18n.words_legacy_monolith	befehle[0]	str	15_15
i18n.words_legacy_monolith	befehle[1]	str	15_2
i18n.words_legacy_monolith	befehle[2]	str	15_5
i18n.words_legacy_monolith	befehle[3]	str	15_7
i18n.words_legacy_monolith	befehle[4]	str	15_8
i18n.words_legacy_monolith	befehle[5]	str	15_10
i18n.words_legacy_monolith	befehle[6]	str	15_1pro30
i18n.words_legacy_monolith	befehle[7]	str	15_12
i18n.words_legacy_monolith	befehle[8]	str	15_13
i18n.words_legacy_monolith	befehle[9]	str	15_17
i18n.words_legacy_monolith	befehle[10]	str	15_18
i18n.words_legacy_monolith	befehle[11]	str	15_6
i18n.words_legacy_monolith	befehle[12]	str	15_9
i18n.words_legacy_monolith	befehle[13]	str	15_3
i18n.words_legacy_monolith	befehle[14]	str	15_13_6
i18n.words_legacy_monolith	befehle[15]	str	15_13_7
i18n.words_legacy_monolith	befehle[16]	str	15_13_10
i18n.words_legacy_monolith	befehle[17]	str	15_13_17
i18n.words_legacy_monolith	befehle[18]	str	15_10_4
i18n.words_legacy_monolith	befehle[19]	str	15_16
i18n.words_legacy_monolith	befehle[20]	str	15_4
i18n.words_legacy_monolith	befehle[21]	str	15_13_1pro8
i18n.words_legacy_monolith	befehle[22]	str	15_13_1pro6
i18n.words_legacy_monolith	befehle[23]	str	15_1pro15
i18n.words_legacy_monolith	befehle[24]	str	15_1
i18n.words_legacy_monolith	befehle[25]	str	15_30
i18n.words_legacy_monolith	befehle[26]	str	15_14
i18n.words_legacy_monolith	befehle[27]	str	15_14_6
i18n.words_legacy_monolith	befehle[28]	str	15_20
i18n.words_legacy_monolith	befehle[29]	str	15_37
i18n.words_legacy_monolith	befehle[30]	str	15_31
i18n.words_legacy_monolith	befehle[31]	str	15_11
i18n.words_legacy_monolith	befehle[32]	str	15_5_10
i18n.words_legacy_monolith	befehle[33]	str	15_17_6
i18n.words_legacy_monolith	befehle[34]	str	15_17_6_10with4
i18n.words_legacy_monolith	befehle[35]	str	15_36
i18n.words_legacy_monolith	befehle[36]	str	15_13_16
i18n.words_legacy_monolith	befehle[37]	str	15_18_7
i18n.words_legacy_monolith	befehle[38]	str	15_18_10
i18n.words_legacy_monolith	befehle[39]	str	15_18_17
i18n.words_legacy_monolith	befehle[40]	str	15_1pro8
i18n.words_legacy_monolith	befehle[41]	str	15_1pro5
i18n.words_legacy_monolith	befehle[42]	str	15_1pro3
i18n.words_legacy_monolith	befehle[43]	str	15_10_4_18_6
i18n.words_legacy_monolith	befehle[44]	str	15_18_6
i18n.words_legacy_monolith	befehle[45]	str	15_21
i18n.words_legacy_monolith	befehle[46]	str	15_26
i18n.words_legacy_monolith	befehle[47]	str	15_19
i18n.words_legacy_monolith	befehle[48]	str	15_18_15
i18n.words_legacy_monolith	befehle[49]	str	15_18_15_n-vs-1pron
i18n.words_legacy_monolith	befehle[50]	str	15_1pro13
i18n.words_legacy_monolith	befehle[51]	str	15_1pro19
i18n.words_legacy_monolith	befehle[52]	str	15_90
i18n.words_legacy_monolith	befehle[53]	str	15_13_13
i18n.words_legacy_monolith	befehle[54]	str	15_1pro12
i18n.words_legacy_monolith	befehle[55]	str	15_39
i18n.words_legacy_monolith	befehle[56]	str	15_1pro6
i18n.words_legacy_monolith	befehle[57]	str	15_28
i18n.words_legacy_monolith	befehle[58]	str	15_24
i18n.words_legacy_monolith	befehle[59]	str	15_32
i18n.words_legacy_monolith	befehle[60]	str	15_against5
i18n.words_legacy_monolith	befehle[61]	str	15_9_6
i18n.words_legacy_monolith	befehle[62]	str	15_51
i18n.words_legacy_monolith	befehle[63]	str	15_13_4
i18n.words_legacy_monolith	befehle[64]	str	15_7with6
i18n.words_legacy_monolith	befehle[65]	str	16_15_2
i18n.words_legacy_monolith	befehle[66]	str	16_15_5
i18n.words_legacy_monolith	befehle[67]	str	16_15_7
i18n.words_legacy_monolith	befehle[68]	str	16_15_8
i18n.words_legacy_monolith	befehle[69]	str	16_15_10
i18n.words_legacy_monolith	befehle[70]	str	16_15_1pro30
i18n.words_legacy_monolith	befehle[71]	str	16_15_12
i18n.words_legacy_monolith	befehle[72]	str	16_15_13
i18n.words_legacy_monolith	befehle[73]	str	16_15_17
i18n.words_legacy_monolith	befehle[74]	str	16_15_18
i18n.words_legacy_monolith	befehle[75]	str	16_15_6
i18n.words_legacy_monolith	befehle[76]	str	16_15_9
i18n.words_legacy_monolith	befehle[77]	str	16_15_3
i18n.words_legacy_monolith	befehle[78]	str	16_15_13_6
i18n.words_legacy_monolith	befehle[79]	str	16_15_13_7
i18n.words_legacy_monolith	befehle[80]	str	16_15_13_10
i18n.words_legacy_monolith	befehle[81]	str	16_15_13_17
i18n.words_legacy_monolith	befehle[82]	str	16_15_10_4
i18n.words_legacy_monolith	befehle[83]	str	16_15_16
i18n.words_legacy_monolith	befehle[84]	str	16_15_4
i18n.words_legacy_monolith	befehle[85]	str	16_15_13_1pro8
i18n.words_legacy_monolith	befehle[86]	str	16_15_13_1pro6
i18n.words_legacy_monolith	befehle[87]	str	16_15_1pro15
i18n.words_legacy_monolith	befehle[88]	str	16_15_1
i18n.words_legacy_monolith	befehle[89]	str	16_15_30
i18n.words_legacy_monolith	befehle[90]	str	16_15_14
i18n.words_legacy_monolith	befehle[91]	str	16_15_14_6
i18n.words_legacy_monolith	befehle[92]	str	16_15_20
i18n.words_legacy_monolith	befehle[93]	str	16_15_37
i18n.words_legacy_monolith	befehle[94]	str	16_15_31
i18n.words_legacy_monolith	befehle[95]	str	16_15_11
i18n.words_legacy_monolith	befehle[96]	str	16_15_5_10
i18n.words_legacy_monolith	befehle[97]	str	16_15_17_6
i18n.words_legacy_monolith	befehle[98]	str	16_15_17_6_10with4
i18n.words_legacy_monolith	befehle[99]	str	16_15_36
i18n.words_legacy_monolith	befehle[100]	str	16_15_13_16
i18n.words_legacy_monolith	befehle[101]	str	16_15_18_7
i18n.words_legacy_monolith	befehle[102]	str	16_15_18_10
i18n.words_legacy_monolith	befehle[103]	str	16_15_18_17
i18n.words_legacy_monolith	befehle[104]	str	16_15_1pro8
i18n.words_legacy_monolith	befehle[105]	str	16_15_1pro5
i18n.words_legacy_monolith	befehle[106]	str	16_15_1pro3
i18n.words_legacy_monolith	befehle[107]	str	16_15_10_4_18_6
i18n.words_legacy_monolith	befehle[108]	str	16_15_18_6
i18n.words_legacy_monolith	befehle[109]	str	16_15_21
i18n.words_legacy_monolith	befehle[110]	str	16_15_26
i18n.words_legacy_monolith	befehle[111]	str	16_15_19
i18n.words_legacy_monolith	befehle[112]	str	16_15_18_15
i18n.words_legacy_monolith	befehle[113]	str	16_15_18_15_n-vs-1pron
i18n.words_legacy_monolith	befehle[114]	str	16_15_1pro13
i18n.words_legacy_monolith	befehle[115]	str	16_15_1pro19
i18n.words_legacy_monolith	befehle[116]	str	16_15_90
i18n.words_legacy_monolith	befehle[117]	str	16_15_13_13
i18n.words_legacy_monolith	befehle[118]	str	16_15_1pro12
i18n.words_legacy_monolith	befehle[119]	str	16_15_39
i18n.words_legacy_monolith	befehle[120]	str	16_15_1pro6
i18n.words_legacy_monolith	befehle[121]	str	16_15_28
i18n.words_legacy_monolith	befehle[122]	str	16_15_24
i18n.words_legacy_monolith	befehle[123]	str	16_15_32
i18n.words_legacy_monolith	befehle[124]	str	16_15_against5
i18n.words_legacy_monolith	befehle[125]	str	16_15_9_6
i18n.words_legacy_monolith	befehle[126]	str	16_15_51
i18n.words_legacy_monolith	befehle[127]	str	16_15_13_4
i18n.words_legacy_monolith	befehle[128]	str	16_15_7with6
i18n.words_legacy_monolith	befehle[129]	str	16_1
i18n.words_legacy_monolith	befehle[130]	str	16_2
i18n.words_legacy_monolith	befehle[131]	str	16_3
i18n.words_legacy_monolith	befehle[132]	str	16_5
i18n.words_legacy_monolith	befehle[133]	str	16_6
i18n.words_legacy_monolith	befehle[134]	str	16_15
i18n.words_legacy_monolith	befehle[135]	str	16_10
i18n.words_legacy_monolith	befehle[136]	str	16_16
i18n.words_legacy_monolith	befehle[137]	str	16_20
i18n.words_legacy_monolith	befehle[138]	str	invert
i18n.words_legacy_monolith	befehle[139]	str	network
i18n.words_legacy_monolith	befehle[140]	str	complex
i18n.words_legacy_monolith	befehle[141]	str	ee
i18n.words_legacy_monolith	befehle[142]	str	size
i18n.words_legacy_monolith	befehle[143]	str	emotions
i18n.words_legacy_monolith	befehle[144]	str	freedom
i18n.words_legacy_monolith	befehle[145]	str	equality
i18n.words_legacy_monolith	befehle[146]	str	shortcuts
i18n.words_legacy_monolith	befehle[147]	str	clear
i18n.words_legacy_monolith	befehle[148]	str	spheres
i18n.words_legacy_monolith	befehle[149]	str	circles
i18n.words_legacy_monolith	befehle[150]	str	moon
i18n.words_legacy_monolith	befehle[151]	str	reta
i18n.words_legacy_monolith	befehle[152]	str	intent
i18n.words_legacy_monolith	befehle[153]	str	motive
i18n.words_legacy_monolith	befehle[154]	str	thomas
i18n.words_legacy_monolith	befehle[155]	str	universe
i18n.words_legacy_monolith	befehle[156]	str	impulses
i18n.words_legacy_monolith	befehle[157]	str	motifs
i18n.words_legacy_monolith	befehle[158]	str	intentions
i18n.words_legacy_monolith	befehle[159]	str	primaryfactorcomparison
i18n.words_legacy_monolith	befehle[160]	str	multiple
i18n.words_legacy_monolith	befehle[161]	str	single
i18n.words_legacy_monolith	befehle[162]	str	multis
i18n.words_legacy_monolith	befehle[163]	str	multis3
i18n.words_legacy_monolith	befehle[164]	str	modulo
i18n.words_legacy_monolith	befehle[165]	str	prime
i18n.words_legacy_monolith	befehle[166]	str	primefactorization
i18n.words_legacy_monolith	befehle[167]	str	prime24
i18n.words_legacy_monolith	befehle[168]	str	primefactorizationModulo24
i18n.words_legacy_monolith	befehle[169]	str	HELP
i18n.words_legacy_monolith	befehle[170]	str	help
i18n.words_legacy_monolith	befehle[171]	str	abc
i18n.words_legacy_monolith	befehle[172]	str	abcd
i18n.words_legacy_monolith	befehle[173]	str	all
i18n.words_legacy_monolith	befehle[174]	str	mind
i18n.words_legacy_monolith	befehle[175]	str	i
i18n.words_legacy_monolith	befehle[176]	str	R
i18n.words_legacy_monolith	befehle[177]	str	range
i18n.words_legacy_monolith	befehle[178]	str	C
i18n.words_legacy_monolith	befehle[179]	str	consciousness
i18n.words_legacy_monolith	befehle[180]	str	E
i18n.words_legacy_monolith	befehle[181]	str	M
i18n.words_legacy_monolith	befehle[182]	str	u
i18n.words_legacy_monolith	befehle[183]	str	I
i18n.words_legacy_monolith	befehle[184]	str	D
i18n.words_legacy_monolith	befehle[185]	str	T
i18n.words_legacy_monolith	befehle[186]	str	truthRealities
i18n.words_legacy_monolith	befehle[187]	str	drive
i18n.words_legacy_monolith	befehle[188]	str	commands
i18n.words_legacy_monolith	befehle[189]	str	t
i18n.words_legacy_monolith	befehle[190]	str	direction
i18n.words_legacy_monolith	befehle[191]	str	r
i18n.words_legacy_monolith	befehle[192]	str	m
i18n.words_legacy_monolith	befehle[193]	str	h
i18n.words_legacy_monolith	befehle[194]	str	p
i18n.words_legacy_monolith	befehle[195]	str	primecross
i18n.words_legacy_monolith	befehle[196]	str	end
i18n.words_legacy_monolith	befehle[197]	str	exit
i18n.words_legacy_monolith	befehle[198]	str	quit
i18n.words_legacy_monolith	befehle[199]	str	q
i18n.words_legacy_monolith	befehle[200]	str	:q
i18n.words_legacy_monolith	befehle[201]	str	shell
i18n.words_legacy_monolith	befehle[202]	str	s
i18n.words_legacy_monolith	befehle[203]	str	math
i18n.words_legacy_monolith	befehle[204]	str	logging_yes
i18n.words_legacy_monolith	befehle[205]	str	logging_no
i18n.words_legacy_monolith	befehle[206]	str	mulpri
i18n.words_legacy_monolith	befehle[207]	str	python
i18n.words_legacy_monolith	befehle[208]	str	d
i18n.words_legacy_monolith	befehle[209]	str	divider
i18n.words_legacy_monolith	befehle[210]	str	CommandSaveAfter
i18n.words_legacy_monolith	befehle[211]	str	S
i18n.words_legacy_monolith	befehle[212]	str	CommandClearSaves
i18n.words_legacy_monolith	befehle[213]	str	c
i18n.words_legacy_monolith	befehle[214]	str	CommandSaveOutput
i18n.words_legacy_monolith	befehle[215]	str	o
i18n.words_legacy_monolith	befehle[216]	str	e
i18n.words_legacy_monolith	befehle[217]	str	CommandSaveBefore
i18n.words_legacy_monolith	befehle[218]	str	noOneCharacterLinePlusNoOutputWhichCommandItWas
i18n.words_legacy_monolith	befehle[219]	str	distance
i18n.words_legacy_monolith	befehle[220]	str	distancePrime
i18n.words_legacy_monolith	haupt2neben	dict	8
i18n.words_legacy_monolith	haupt2neben[0].key	str	lines
i18n.words_legacy_monolith	haupt2neben[0].value	ref	i18n.words_legacy_monolith:zeilenParas
i18n.words_legacy_monolith	haupt2neben[1].key	str	output
i18n.words_legacy_monolith	haupt2neben[1].value	ref	i18n.words_legacy_monolith:ausgabeParas
i18n.words_legacy_monolith	haupt2neben[2].key	str	h
i18n.words_legacy_monolith	haupt2neben[2].value	list	0
i18n.words_legacy_monolith	haupt2neben[3].key	str	help
i18n.words_legacy_monolith	haupt2neben[3].value	list	0
i18n.words_legacy_monolith	haupt2neben[4].key	str	nothing
i18n.words_legacy_monolith	haupt2neben[4].value	list	0
i18n.words_legacy_monolith	haupt2neben[5].key	str	debug
i18n.words_legacy_monolith	haupt2neben[5].value	list	0
i18n.words_legacy_monolith	haupt2neben[6].key	str	columns
i18n.words_legacy_monolith	haupt2neben[6].value	list	87
i18n.words_legacy_monolith	haupt2neben[6].value[0]	str	most_important_to_understand
i18n.words_legacy_monolith	haupt2neben[6].value[1]	str	mostimportanttounderstand
i18n.words_legacy_monolith	haupt2neben[6].value[2]	str	most_important_to_think_about
i18n.words_legacy_monolith	haupt2neben[6].value[3]	str	mostImportantToClassify
i18n.words_legacy_monolith	haupt2neben[6].value[4]	str	religions
i18n.words_legacy_monolith	haupt2neben[6].value[5]	str	religions
i18n.words_legacy_monolith	haupt2neben[6].value[6]	str	religion
i18n.words_legacy_monolith	haupt2neben[6].value[7]	str	galaxy
i18n.words_legacy_monolith	haupt2neben[6].value[8]	str	galaxy
i18n.words_legacy_monolith	haupt2neben[6].value[9]	str	ancientscripts
i18n.words_legacy_monolith	haupt2neben[6].value[10]	str	circle
i18n.words_legacy_monolith	haupt2neben[6].value[11]	str	galaxies
i18n.words_legacy_monolith	haupt2neben[6].value[12]	str	circles
i18n.words_legacy_monolith	haupt2neben[6].value[13]	str	scale
i18n.words_legacy_monolith	haupt2neben[6].value[14]	str	scale
i18n.words_legacy_monolith	haupt2neben[6].value[15]	str	structuresize
i18n.words_legacy_monolith	haupt2neben[6].value[16]	str	structuresize
i18n.words_legacy_monolith	haupt2neben[6].value[17]	str	structuresize
i18n.words_legacy_monolith	haupt2neben[6].value[18]	str	structuresize
i18n.words_legacy_monolith	haupt2neben[6].value[19]	str	size
i18n.words_legacy_monolith	haupt2neben[6].value[20]	str	level
i18n.words_legacy_monolith	haupt2neben[6].value[21]	str	organizations
i18n.words_legacy_monolith	haupt2neben[6].value[22]	str	universe
i18n.words_legacy_monolith	haupt2neben[6].value[23]	str	universe
i18n.words_legacy_monolith	haupt2neben[6].value[24]	str	transcendentals
i18n.words_legacy_monolith	haupt2neben[6].value[25]	str	structurals
i18n.words_legacy_monolith	haupt2neben[6].value[26]	str	sphere
i18n.words_legacy_monolith	haupt2neben[6].value[27]	str	spheres
i18n.words_legacy_monolith	haupt2neben[6].value[28]	str	ball
i18n.words_legacy_monolith	haupt2neben[6].value[29]	str	balls
i18n.words_legacy_monolith	haupt2neben[6].value[30]	str	balls
i18n.words_legacy_monolith	haupt2neben[6].value[31]	str	multiverse
i18n.words_legacy_monolith	haupt2neben[6].value[32]	str	multiverse
i18n.words_legacy_monolith	haupt2neben[6].value[33]	str	economy
i18n.words_legacy_monolith	haupt2neben[6].value[34]	str	economy
i18n.words_legacy_monolith	haupt2neben[6].value[35]	str	human
i18n.words_legacy_monolith	haupt2neben[6].value[36]	str	human
i18n.words_legacy_monolith	haupt2neben[6].value[37]	str	pro_contra
i18n.words_legacy_monolith	haupt2neben[6].value[38]	str	procontra
i18n.words_legacy_monolith	haupt2neben[6].value[39]	str	procontra
i18n.words_legacy_monolith	haupt2neben[6].value[40]	str	light
i18n.words_legacy_monolith	haupt2neben[6].value[41]	str	light
i18n.words_legacy_monolith	haupt2neben[6].value[42]	str	meaning
i18n.words_legacy_monolith	haupt2neben[6].value[43]	str	meaning
i18n.words_legacy_monolith	haupt2neben[6].value[44]	str	symbols
i18n.words_legacy_monolith	haupt2neben[6].value[45]	str	symbols
i18n.words_legacy_monolith	haupt2neben[6].value[46]	str	multiplications
i18n.words_legacy_monolith	haupt2neben[6].value[47]	str	properties_n
i18n.words_legacy_monolith	haupt2neben[6].value[48]	str	properties
i18n.words_legacy_monolith	haupt2neben[6].value[49]	str	property
i18n.words_legacy_monolith	haupt2neben[6].value[50]	str	concept
i18n.words_legacy_monolith	haupt2neben[6].value[51]	str	concepts
i18n.words_legacy_monolith	haupt2neben[6].value[52]	str	properties_1/n
i18n.words_legacy_monolith	haupt2neben[6].value[53]	str	concept2
i18n.words_legacy_monolith	haupt2neben[6].value[54]	str	concepts2
i18n.words_legacy_monolith	haupt2neben[6].value[55]	str	increment
i18n.words_legacy_monolith	haupt2neben[6].value[56]	str	increment
i18n.words_legacy_monolith	haupt2neben[6].value[57]	str	operations
i18n.words_legacy_monolith	haupt2neben[6].value[58]	str	operations
i18n.words_legacy_monolith	haupt2neben[6].value[59]	str	meta_vs_concrete_(universe)
i18n.words_legacy_monolith	haupt2neben[6].value[60]	str	universeMetaConcrete
i18n.words_legacy_monolith	haupt2neben[6].value[61]	str	prime_effect
i18n.words_legacy_monolith	haupt2neben[6].value[62]	str	primeeffect
i18n.words_legacy_monolith	haupt2neben[6].value[63]	str	fractional_universe_n/m
i18n.words_legacy_monolith	haupt2neben[6].value[64]	str	gebrochenuniversum_fractionaluniverse
i18n.words_legacy_monolith	haupt2neben[6].value[65]	str	fractional_galaxy_n/m
i18n.words_legacy_monolith	haupt2neben[6].value[66]	str	gebrochengalaxie_fractionalgalaxy
i18n.words_legacy_monolith	haupt2neben[6].value[67]	str	fractional-rational_numbered_emotions_n/m
i18n.words_legacy_monolith	haupt2neben[6].value[68]	str	fractionedemotion
i18n.words_legacy_monolith	haupt2neben[6].value[69]	str	fractional-rational_numbered_structure_sizes_n/m
i18n.words_legacy_monolith	haupt2neben[6].value[70]	str	fractionalnumberedstructuresize
i18n.words_legacy_monolith	haupt2neben[6].value[71]	str	multiplications
i18n.words_legacy_monolith	haupt2neben[6].value[72]	str	multiplications
i18n.words_legacy_monolith	haupt2neben[6].value[73]	str	planet_(10_and_or_12)
i18n.words_legacy_monolith	haupt2neben[6].value[74]	str	planet
i18n.words_legacy_monolith	haupt2neben[6].value[75]	str	structures_1_to_9
i18n.words_legacy_monolith	haupt2neben[6].value[76]	str	structureLessTen
i18n.words_legacy_monolith	haupt2neben[6].value[77]	str	basic_structures
i18n.words_legacy_monolith	haupt2neben[6].value[78]	str	basic_structures
i18n.words_legacy_monolith	haupt2neben[6].value[79]	str	particle-meta-physics
i18n.words_legacy_monolith	haupt2neben[6].value[80]	str	particles
i18n.words_legacy_monolith	haupt2neben[6].value[81]	str	continuum
i18n.words_legacy_monolith	haupt2neben[6].value[82]	str	continuum
i18n.words_legacy_monolith	haupt2neben[6].value[83]	str	Herrschaft
i18n.words_legacy_monolith	haupt2neben[6].value[84]	str	macht
i18n.words_legacy_monolith	haupt2neben[6].value[85]	str	MetaMetaPhysik_und_MetaChemie
i18n.words_legacy_monolith	haupt2neben[6].value[86]	str	all
i18n.words_legacy_monolith	haupt2neben[7].key	str	combination
i18n.words_legacy_monolith	haupt2neben[7].value	ref	i18n.words_legacy_monolith:kombiMainParas
i18n.words_legacy_monolith	organisationWort	str	organization
i18n.words_legacy_monolith	thomasWort	str	thomas
i18n.words_legacy_monolith	motivationWort	str	motivation
i18n.words_legacy_monolith	komplexWort	str	complex
i18n.words_legacy_monolith	transzendentalienWort	str	transcendentals
i18n.words_legacy_monolith	transzendentaliereziprokeWort	str	transcendentalreciprocal
i18n.words_legacy_monolith	verhaeltnisgleicherzahlWort	str	ratioSameNumber
i18n.words_legacy_monolith	gestirnWort	str	spaceObject
i18n.words_legacy_monolith	primzahlkreuzWort	str	primecross
i18n.words_legacy_monolith	GalaxieabsichtWort	str	galaxyintention
i18n.words_legacy_monolith	paraNdataMatrix	list	431
i18n.words_legacy_monolith	paraNdataMatrix[0]	tuple	3
i18n.words_legacy_monolith	paraNdataMatrix[0][0]	ref	i18n.words_legacy_monolith:ParametersMain.wichtigste
i18n.words_legacy_monolith	paraNdataMatrix[0][1]	tuple	2
i18n.words_legacy_monolith	paraNdataMatrix[0][1][0]	str	mostimportant
i18n.words_legacy_monolith	paraNdataMatrix[0][1][1]	str	mostimportant
i18n.words_legacy_monolith	paraNdataMatrix[0][2]	set	4
i18n.words_legacy_monolith	paraNdataMatrix[0][2][0]	int	10
i18n.words_legacy_monolith	paraNdataMatrix[0][2][1]	int	4
i18n.words_legacy_monolith	paraNdataMatrix[0][2][2]	int	5
i18n.words_legacy_monolith	paraNdataMatrix[0][2][3]	int	8
i18n.words_legacy_monolith	paraNdataMatrix[1]	tuple	3
i18n.words_legacy_monolith	paraNdataMatrix[1][0]	ref	i18n.words_legacy_monolith:ParametersMain.menschliches
i18n.words_legacy_monolith	paraNdataMatrix[1][1]	tuple	3
i18n.words_legacy_monolith	paraNdataMatrix[1][1][0]	str	human-to-animal
i18n.words_legacy_monolith	paraNdataMatrix[1][1][1]	str	human-animal
i18n.words_legacy_monolith	paraNdataMatrix[1][1][2]	str	human-animal
i18n.words_legacy_monolith	paraNdataMatrix[1][2]	set	1
i18n.words_legacy_monolith	paraNdataMatrix[1][2][0]	int	314
i18n.words_legacy_monolith	paraNdataMatrix[2]	tuple	3
i18n.words_legacy_monolith	paraNdataMatrix[2][0]	ref	i18n.words_legacy_monolith:ParametersMain.menschliches
i18n.words_legacy_monolith	paraNdataMatrix[2][1]	tuple	3
i18n.words_legacy_monolith	paraNdataMatrix[2][1][0]	str	Verbrechen_und_Bestrafung
i18n.words_legacy_monolith	paraNdataMatrix[2][1][1]	str	kriminell
i18n.words_legacy_monolith	paraNdataMatrix[2][1][2]	str	bestrafen
i18n.words_legacy_monolith	paraNdataMatrix[2][2]	set	2
i18n.words_legacy_monolith	paraNdataMatrix[2][2][0]	int	539
i18n.words_legacy_monolith	paraNdataMatrix[2][2][1]	int	540
i18n.words_legacy_monolith	paraNdataMatrix[3]	tuple	3
i18n.words_legacy_monolith	paraNdataMatrix[3][0]	ref	i18n.words_legacy_monolith:ParametersMain.herrschaft
i18n.words_legacy_monolith	paraNdataMatrix[3][1]	tuple	3
i18n.words_legacy_monolith	paraNdataMatrix[3][1][0]	str	Galaxienclusterherrschaft
i18n.words_legacy_monolith	paraNdataMatrix[3][1][1]	str	cluster
i18n.words_legacy_monolith	paraNdataMatrix[3][1][2]	str	interglaktisch
i18n.words_legacy_monolith	paraNdataMatrix[3][2]	set	1
i18n.words_legacy_monolith	paraNdataMatrix[3][2][0]	int	538
i18n.words_legacy_monolith	paraNdataMatrix[4]	tuple	3
i18n.words_legacy_monolith	paraNdataMatrix[4][0]	ref	i18n.words_legacy_monolith:ParametersMain.herrschaft
i18n.words_legacy_monolith	paraNdataMatrix[4][1]	tuple	5
i18n.words_legacy_monolith	paraNdataMatrix[4][1][0]	str	Herrschaftsformen
i18n.words_legacy_monolith	paraNdataMatrix[4][1][1]	str	formen
i18n.words_legacy_monolith	paraNdataMatrix[4][1][2]	str	structuresize
i18n.words_legacy_monolith	paraNdataMatrix[4][1][3]	str	size
i18n.words_legacy_monolith	paraNdataMatrix[4][1][4]	str	Größe
i18n.words_legacy_monolith	paraNdataMatrix[4][2]	set	2
i18n.words_legacy_monolith	paraNdataMatrix[4][2][0]	int	603
i18n.words_legacy_monolith	paraNdataMatrix[4][2][1]	int	617
i18n.words_legacy_monolith	paraNdataMatrix[5]	tuple	3
i18n.words_legacy_monolith	paraNdataMatrix[5][0]	ref	i18n.words_legacy_monolith:ParametersMain.herrschaft
i18n.words_legacy_monolith	paraNdataMatrix[5][1]	tuple	4
i18n.words_legacy_monolith	paraNdataMatrix[5][1][0]	str	Orbit-Herrschafts
i18n.words_legacy_monolith	paraNdataMatrix[5][1][1]	str	orbit
i18n.words_legacy_monolith	paraNdataMatrix[5][1][2]	str	Massenmedien
i18n.words_legacy_monolith	paraNdataMatrix[5][1][3]	str	Satelliten
i18n.words_legacy_monolith	paraNdataMatrix[5][2]	set	1
i18n.words_legacy_monolith	paraNdataMatrix[5][2][0]	int	548
i18n.words_legacy_monolith	paraNdataMatrix[6]	tuple	3
i18n.words_legacy_monolith	paraNdataMatrix[6][0]	ref	i18n.words_legacy_monolith:ParametersMain.herrschaft
i18n.words_legacy_monolith	paraNdataMatrix[6][1]	tuple	2
i18n.words_legacy_monolith	paraNdataMatrix[6][1][0]	str	Herrschafts_Datenstruktur
i18n.words_legacy_monolith	paraNdataMatrix[6][1][1]	str	struktur
i18n.words_legacy_monolith	paraNdataMatrix[6][2]	set	2
i18n.words_legacy_monolith	paraNdataMatrix[6][2][0]	int	541
i18n.words_legacy_monolith	paraNdataMatrix[6][2][1]	int	544
i18n.words_legacy_monolith	paraNdataMatrix[7]	tuple	3
i18n.words_legacy_monolith	paraNdataMatrix[7][0]	ref	i18n.words_legacy_monolith:ParametersMain.metachemiemetametaphysik
i18n.words_legacy_monolith	paraNdataMatrix[7][1]	tuple	1
i18n.words_legacy_monolith	paraNdataMatrix[7][1][0]	str	Meta_Meta_Physik_Einteilungen
i18n.words_legacy_monolith	paraNdataMatrix[7][2]	set	6
i18n.words_legacy_monolith	paraNdataMatrix[7][2][0]	int	670
i18n.words_legacy_monolith	paraNdataMatrix[7][2][1]	int	671
i18n.words_legacy_monolith	paraNdataMatrix[7][2][2]	int	672
i18n.words_legacy_monolith	paraNdataMatrix[7][2][3]	int	673
i18n.words_legacy_monolith	paraNdataMatrix[7][2][4]	int	674
i18n.words_legacy_monolith	paraNdataMatrix[7][2][5]	int	675
i18n.words_legacy_monolith	paraNdataMatrix[8]	tuple	3
i18n.words_legacy_monolith	paraNdataMatrix[8][0]	ref	i18n.words_legacy_monolith:ParametersMain.herrschaft
i18n.words_legacy_monolith	paraNdataMatrix[8][1]	tuple	2
i18n.words_legacy_monolith	paraNdataMatrix[8][1][0]	str	Sternen_System
i18n.words_legacy_monolith	paraNdataMatrix[8][1][1]	str	sun
i18n.words_legacy_monolith	paraNdataMatrix[8][2]	set	1
i18n.words_legacy_monolith	paraNdataMatrix[8][2][0]	int	545
i18n.words_legacy_monolith	paraNdataMatrix[9]	tuple	3
i18n.words_legacy_monolith	paraNdataMatrix[9][0]	ref	i18n.words_legacy_monolith:ParametersMain.herrschaft
i18n.words_legacy_monolith	paraNdataMatrix[9][1]	tuple	3
i18n.words_legacy_monolith	paraNdataMatrix[9][1][0]	str	Galaxieherrschaft
i18n.words_legacy_monolith	paraNdataMatrix[9][1][1]	str	galaxy
i18n.words_legacy_monolith	paraNdataMatrix[9][1][2]	str	galaxy
i18n.words_legacy_monolith	paraNdataMatrix[9][2]	set	2
i18n.words_legacy_monolith	paraNdataMatrix[9][2][0]	int	537
i18n.words_legacy_monolith	paraNdataMatrix[9][2][1]	int	604
i18n.words_legacy_monolith	paraNdataMatrix[10]	tuple	3
i18n.words_legacy_monolith	paraNdataMatrix[10][0]	ref	i18n.words_legacy_monolith:ParametersMain.herrschaft
i18n.words_legacy_monolith	paraNdataMatrix[10][1]	tuple	2
i18n.words_legacy_monolith	paraNdataMatrix[10][1][0]	str	abstrakte_Herrschaft
i18n.words_legacy_monolith	paraNdataMatrix[10][1][1]	str	abstrakt
i18n.words_legacy_monolith	paraNdataMatrix[10][2]	set	2
i18n.words_legacy_monolith	paraNdataMatrix[10][2][0]	int	564
i18n.words_legacy_monolith	paraNdataMatrix[10][2][1]	int	573
i18n.words_legacy_monolith	paraNdataMatrix[11]	tuple	3
i18n.words_legacy_monolith	paraNdataMatrix[11][0]	ref	i18n.words_legacy_monolith:ParametersMain.universum
i18n.words_legacy_monolith	paraNdataMatrix[11][1]	tuple	2
i18n.words_legacy_monolith	paraNdataMatrix[11][1][0]	str	Winkel
i18n.words_legacy_monolith	paraNdataMatrix[11][1][1]	str	winkel
i18n.words_legacy_monolith	paraNdataMatrix[11][2]	set	1
i18n.words_legacy_monolith	paraNdataMatrix[11][2][0]	int	726
i18n.words_legacy_monolith	paraNdataMatrix[12]	tuple	3
i18n.words_legacy_monolith	paraNdataMatrix[12][0]	ref	i18n.words_legacy_monolith:ParametersMain.universum
i18n.words_legacy_monolith	paraNdataMatrix[12][1]	tuple	2
i18n.words_legacy_monolith	paraNdataMatrix[12][1][0]	str	Logik
i18n.words_legacy_monolith	paraNdataMatrix[12][1][1]	str	logik
i18n.words_legacy_monolith	paraNdataMatrix[12][2]	set	1
i18n.words_legacy_monolith	paraNdataMatrix[12][2][0]	int	725
i18n.words_legacy_monolith	paraNdataMatrix[13]	tuple	3
i18n.words_legacy_monolith	paraNdataMatrix[13][0]	ref	i18n.words_legacy_monolith:ParametersMain.planet
i18n.words_legacy_monolith	paraNdataMatrix[13][1]	tuple	2
i18n.words_legacy_monolith	paraNdataMatrix[13][1][0]	str	Logik
i18n.words_legacy_monolith	paraNdataMatrix[13][1][1]	str	logik
i18n.words_legacy_monolith	paraNdataMatrix[13][2]	set	1
i18n.words_legacy_monolith	paraNdataMatrix[13][2][0]	int	725
i18n.words_legacy_monolith	paraNdataMatrix[14]	tuple	3
i18n.words_legacy_monolith	paraNdataMatrix[14][0]	ref	i18n.words_legacy_monolith:ParametersMain.planet
i18n.words_legacy_monolith	paraNdataMatrix[14][1]	tuple	3
i18n.words_legacy_monolith	paraNdataMatrix[14][1][0]	str	Kreislaufwirtschaft
i18n.words_legacy_monolith	paraNdataMatrix[14][1][1]	str	kreislauf
i18n.words_legacy_monolith	paraNdataMatrix[14][1][2]	str	Kreislauf
i18n.words_legacy_monolith	paraNdataMatrix[14][2]	set	1
i18n.words_legacy_monolith	paraNdataMatrix[14][2][0]	int	610
i18n.words_legacy_monolith	paraNdataMatrix[15]	tuple	3
i18n.words_legacy_monolith	paraNdataMatrix[15][0]	ref	i18n.words_legacy_monolith:ParametersMain.planet
i18n.words_legacy_monolith	paraNdataMatrix[15][1]	tuple	3
i18n.words_legacy_monolith	paraNdataMatrix[15][1][0]	str	Planetenherrschaft
i18n.words_legacy_monolith	paraNdataMatrix[15][1][1]	str	herrschaft
i18n.words_legacy_monolith	paraNdataMatrix[15][1][2]	str	Planetenkorrekturherrschaft
i18n.words_legacy_monolith	paraNdataMatrix[15][2]	set	5
i18n.words_legacy_monolith	paraNdataMatrix[15][2][0]	int	536
i18n.words_legacy_monolith	paraNdataMatrix[15][2][1]	int	542
i18n.words_legacy_monolith	paraNdataMatrix[15][2][2]	int	562
i18n.words_legacy_monolith	paraNdataMatrix[15][2][3]	int	588
i18n.words_legacy_monolith	paraNdataMatrix[15][2][4]	int	664
i18n.words_legacy_monolith	paraNdataMatrix[16]	tuple	3
i18n.words_legacy_monolith	paraNdataMatrix[16][0]	ref	i18n.words_legacy_monolith:ParametersMain.herrschaft
i18n.words_legacy_monolith	paraNdataMatrix[16][1]	tuple	2
i18n.words_legacy_monolith	paraNdataMatrix[16][1][0]	str	Spezies
i18n.words_legacy_monolith	paraNdataMatrix[16][1][1]	str	Speziesherrschaftsformen
i18n.words_legacy_monolith	paraNdataMatrix[16][2]	set	2
i18n.words_legacy_monolith	paraNdataMatrix[16][2][0]	int	668
i18n.words_legacy_monolith	paraNdataMatrix[16][2][1]	int	669
i18n.words_legacy_monolith	paraNdataMatrix[17]	tuple	3
i18n.words_legacy_monolith	paraNdataMatrix[17][0]	ref	i18n.words_legacy_monolith:ParametersMain.herrschaft
i18n.words_legacy_monolith	paraNdataMatrix[17][1]	tuple	3
i18n.words_legacy_monolith	paraNdataMatrix[17][1][0]	str	Planetenherrschaft
i18n.words_legacy_monolith	paraNdataMatrix[17][1][1]	str	planet
i18n.words_legacy_monolith	paraNdataMatrix[17][1][2]	str	Planetenkorrektur
i18n.words_legacy_monolith	paraNdataMatrix[17][2]	set	5
i18n.words_legacy_monolith	paraNdataMatrix[17][2][0]	int	536
i18n.words_legacy_monolith	paraNdataMatrix[17][2][1]	int	542
i18n.words_legacy_monolith	paraNdataMatrix[17][2][2]	int	562
i18n.words_legacy_monolith	paraNdataMatrix[17][2][3]	int	588
i18n.words_legacy_monolith	paraNdataMatrix[17][2][4]	int	664
i18n.words_legacy_monolith	paraNdataMatrix[18]	tuple	3
i18n.words_legacy_monolith	paraNdataMatrix[18][0]	ref	i18n.words_legacy_monolith:ParametersMain.religionen
i18n.words_legacy_monolith	paraNdataMatrix[18][1]	tuple	2
i18n.words_legacy_monolith	paraNdataMatrix[18][1][0]	str	Superpowers
i18n.words_legacy_monolith	paraNdataMatrix[18][1][1]	str	Superpowers
i18n.words_legacy_monolith	paraNdataMatrix[18][2]	set	4
i18n.words_legacy_monolith	paraNdataMatrix[18][2][0]	int	444
i18n.words_legacy_monolith	paraNdataMatrix[18][2][1]	int	494
i18n.words_legacy_monolith	paraNdataMatrix[18][2][2]	int	496
i18n.words_legacy_monolith	paraNdataMatrix[18][2][3]	int	503
i18n.words_legacy_monolith	paraNdataMatrix[19]	tuple	3
i18n.words_legacy_monolith	paraNdataMatrix[19][0]	ref	i18n.words_legacy_monolith:ParametersMain.galaxie
i18n.words_legacy_monolith	paraNdataMatrix[19][1]	tuple	2
i18n.words_legacy_monolith	paraNdataMatrix[19][1][0]	str	Superpowers
i18n.words_legacy_monolith	paraNdataMatrix[19][1][1]	str	Superpowers
i18n.words_legacy_monolith	paraNdataMatrix[19][2]	set	3
i18n.words_legacy_monolith	paraNdataMatrix[19][2][0]	int	444
i18n.words_legacy_monolith	paraNdataMatrix[19][2][1]	int	494
i18n.words_legacy_monolith	paraNdataMatrix[19][2][2]	int	496
i18n.words_legacy_monolith	paraNdataMatrix[20]	tuple	3
i18n.words_legacy_monolith	paraNdataMatrix[20][0]	ref	i18n.words_legacy_monolith:ParametersMain.universum
i18n.words_legacy_monolith	paraNdataMatrix[20][1]	tuple	2
i18n.words_legacy_monolith	paraNdataMatrix[20][1][0]	str	Objekte
i18n.words_legacy_monolith	paraNdataMatrix[20][1][1]	str	objekt
i18n.words_legacy_monolith	paraNdataMatrix[20][2]	set	1
i18n.words_legacy_monolith	paraNdataMatrix[20][2][0]	int	546
i18n.words_legacy_monolith	paraNdataMatrix[21]	tuple	3
i18n.words_legacy_monolith	paraNdataMatrix[21][0]	ref	i18n.words_legacy_monolith:ParametersMain.universum
i18n.words_legacy_monolith	paraNdataMatrix[21][1]	tuple	1
i18n.words_legacy_monolith	paraNdataMatrix[21][1][0]	str	evolution_vs_design_intelligent
i18n.words_legacy_monolith	paraNdataMatrix[21][2]	set	1
i18n.words_legacy_monolith	paraNdataMatrix[21][2][0]	int	519
i18n.words_legacy_monolith	paraNdataMatrix[22]	tuple	3
i18n.words_legacy_monolith	paraNdataMatrix[22][0]	ref	i18n.words_legacy_monolith:ParametersMain.menschliches
i18n.words_legacy_monolith	paraNdataMatrix[22][1]	tuple	2
i18n.words_legacy_monolith	paraNdataMatrix[22][1][0]	str	Gott_und_Prophet
i18n.words_legacy_monolith	paraNdataMatrix[22][1][1]	str	goetter
i18n.words_legacy_monolith	paraNdataMatrix[22][2]	set	5
i18n.words_legacy_monolith	paraNdataMatrix[22][2][0]	int	534
i18n.words_legacy_monolith	paraNdataMatrix[22][2][1]	int	550
i18n.words_legacy_monolith	paraNdataMatrix[22][2][2]	int	552
i18n.words_legacy_monolith	paraNdataMatrix[22][2][3]	int	553
i18n.words_legacy_monolith	paraNdataMatrix[22][2][4]	int	557
i18n.words_legacy_monolith	paraNdataMatrix[23]	tuple	3
i18n.words_legacy_monolith	paraNdataMatrix[23][0]	ref	i18n.words_legacy_monolith:ParametersMain.menschliches
i18n.words_legacy_monolith	paraNdataMatrix[23][1]	tuple	1
i18n.words_legacy_monolith	paraNdataMatrix[23][1][0]	str	Sinne
i18n.words_legacy_monolith	paraNdataMatrix[23][2]	set	1
i18n.words_legacy_monolith	paraNdataMatrix[23][2][0]	int	533
i18n.words_legacy_monolith	paraNdataMatrix[24]	tuple	3
i18n.words_legacy_monolith	paraNdataMatrix[24][0]	ref	i18n.words_legacy_monolith:ParametersMain.menschliches
i18n.words_legacy_monolith	paraNdataMatrix[24][1]	tuple	2
i18n.words_legacy_monolith	paraNdataMatrix[24][1][0]	str	Superpowers
i18n.words_legacy_monolith	paraNdataMatrix[24][1][1]	str	Superpowers
i18n.words_legacy_monolith	paraNdataMatrix[24][2]	set	3
i18n.words_legacy_monolith	paraNdataMatrix[24][2][0]	int	444
i18n.words_legacy_monolith	paraNdataMatrix[24][2][1]	int	494
i18n.words_legacy_monolith	paraNdataMatrix[24][2][2]	int	496
i18n.words_legacy_monolith	paraNdataMatrix[25]	tuple	3
i18n.words_legacy_monolith	paraNdataMatrix[25][0]	ref	i18n.words_legacy_monolith:ParametersMain.menschliches
i18n.words_legacy_monolith	paraNdataMatrix[25][1]	tuple	1
i18n.words_legacy_monolith	paraNdataMatrix[25][1][0]	str	formations
i18n.words_legacy_monolith	paraNdataMatrix[25][2]	set	1
i18n.words_legacy_monolith	paraNdataMatrix[25][2][0]	int	461
i18n.words_legacy_monolith	paraNdataMatrix[26]	tuple	3
i18n.words_legacy_monolith	paraNdataMatrix[26][0]	ref	i18n.words_legacy_monolith:ParametersMain.menschliches
i18n.words_legacy_monolith	paraNdataMatrix[26][1]	tuple	2
i18n.words_legacy_monolith	paraNdataMatrix[26][1][0]	str	views_Stances_(18_17)
i18n.words_legacy_monolith	paraNdataMatrix[26][1][1]	str	views
i18n.words_legacy_monolith	paraNdataMatrix[26][2]	set	2
i18n.words_legacy_monolith	paraNdataMatrix[26][2][0]	int	240
i18n.words_legacy_monolith	paraNdataMatrix[26][2][1]	int	346
i18n.words_legacy_monolith	paraNdataMatrix[27]	tuple	3
i18n.words_legacy_monolith	paraNdataMatrix[27][0]	ref	i18n.words_legacy_monolith:ParametersMain.menschliches
i18n.words_legacy_monolith	paraNdataMatrix[27][1]	tuple	3
i18n.words_legacy_monolith	paraNdataMatrix[27][1][0]	str	(political)_directions_(7)
i18n.words_legacy_monolith	paraNdataMatrix[27][1][1]	str	directions
i18n.words_legacy_monolith	paraNdataMatrix[27][1][2]	str	political
i18n.words_legacy_monolith	paraNdataMatrix[27][2]	set	1
i18n.words_legacy_monolith	paraNdataMatrix[27][2][0]	int	235
i18n.words_legacy_monolith	paraNdataMatrix[28]	tuple	3
i18n.words_legacy_monolith	paraNdataMatrix[28][0]	ref	i18n.words_legacy_monolith:ParametersMain.planet
i18n.words_legacy_monolith	paraNdataMatrix[28][1]	tuple	3
i18n.words_legacy_monolith	paraNdataMatrix[28][1][0]	str	truthRealities_(10)
i18n.words_legacy_monolith	paraNdataMatrix[28][1][1]	str	truthRealities
i18n.words_legacy_monolith	paraNdataMatrix[28][1][2]	str	truthRealities
i18n.words_legacy_monolith	paraNdataMatrix[28][2]	set	5
i18n.words_legacy_monolith	paraNdataMatrix[28][2][0]	int	233
i18n.words_legacy_monolith	paraNdataMatrix[28][2][1]	int	265
i18n.words_legacy_monolith	paraNdataMatrix[28][2][2]	int	268
i18n.words_legacy_monolith	paraNdataMatrix[28][2][3]	int	322
i18n.words_legacy_monolith	paraNdataMatrix[28][2][4]	int	420
i18n.words_legacy_monolith	paraNdataMatrix[29]	tuple	3
i18n.words_legacy_monolith	paraNdataMatrix[29][0]	ref	i18n.words_legacy_monolith:ParametersMain.planet
i18n.words_legacy_monolith	paraNdataMatrix[29][1]	tuple	5
i18n.words_legacy_monolith	paraNdataMatrix[29][1][0]	str	meta-systems_(12)
i18n.words_legacy_monolith	paraNdataMatrix[29][1][1]	str	metasystems
i18n.words_legacy_monolith	paraNdataMatrix[29][1][2]	str	metasystem
i18n.words_legacy_monolith	paraNdataMatrix[29][1][3]	str	metasystems
i18n.words_legacy_monolith	paraNdataMatrix[29][1][4]	str	metasystem
i18n.words_legacy_monolith	paraNdataMatrix[29][2]	set	11
i18n.words_legacy_monolith	paraNdataMatrix[29][2][0]	int	232
i18n.words_legacy_monolith	paraNdataMatrix[29][2][1]	int	288
i18n.words_legacy_monolith	paraNdataMatrix[29][2][2]	int	334
i18n.words_legacy_monolith	paraNdataMatrix[29][2][3]	int	410
i18n.words_legacy_monolith	paraNdataMatrix[29][2][4]	int	411
i18n.words_legacy_monolith	paraNdataMatrix[29][2][5]	int	483
i18n.words_legacy_monolith	paraNdataMatrix[29][2][6]	int	497
i18n.words_legacy_monolith	paraNdataMatrix[29][2][7]	int	498
i18n.words_legacy_monolith	paraNdataMatrix[29][2][8]	int	499
i18n.words_legacy_monolith	paraNdataMatrix[29][2][9]	int	79
i18n.words_legacy_monolith	paraNdataMatrix[29][2][10]	int	80
i18n.words_legacy_monolith	paraNdataMatrix[30]	tuple	3
i18n.words_legacy_monolith	paraNdataMatrix[30][0]	ref	i18n.words_legacy_monolith:ParametersMain.planet
i18n.words_legacy_monolith	paraNdataMatrix[30][1]	tuple	2
i18n.words_legacy_monolith	paraNdataMatrix[30][1][0]	str	intelligence
i18n.words_legacy_monolith	paraNdataMatrix[30][1][1]	str	intelligence
i18n.words_legacy_monolith	paraNdataMatrix[30][2]	set	1
i18n.words_legacy_monolith	paraNdataMatrix[30][2][0]	int	214
i18n.words_legacy_monolith	paraNdataMatrix[31]	tuple	3
i18n.words_legacy_monolith	paraNdataMatrix[31][0]	ref	i18n.words_legacy_monolith:ParametersMain.planet
i18n.words_legacy_monolith	paraNdataMatrix[31][1]	tuple	4
i18n.words_legacy_monolith	paraNdataMatrix[31][1][0]	str	equality_freedom_order
i18n.words_legacy_monolith	paraNdataMatrix[31][1][1]	str	equality
i18n.words_legacy_monolith	paraNdataMatrix[31][1][2]	str	freedom
i18n.words_legacy_monolith	paraNdataMatrix[31][1][3]	str	equality
i18n.words_legacy_monolith	paraNdataMatrix[31][2]	set	10
i18n.words_legacy_monolith	paraNdataMatrix[31][2][0]	int	132
i18n.words_legacy_monolith	paraNdataMatrix[31][2][1]	int	324
i18n.words_legacy_monolith	paraNdataMatrix[31][2][2]	int	328
i18n.words_legacy_monolith	paraNdataMatrix[31][2][3]	int	331
i18n.words_legacy_monolith	paraNdataMatrix[31][2][4]	int	335
i18n.words_legacy_monolith	paraNdataMatrix[31][2][5]	int	497
i18n.words_legacy_monolith	paraNdataMatrix[31][2][6]	int	498
i18n.words_legacy_monolith	paraNdataMatrix[31][2][7]	int	499
i18n.words_legacy_monolith	paraNdataMatrix[31][2][8]	int	79
i18n.words_legacy_monolith	paraNdataMatrix[31][2][9]	int	80
i18n.words_legacy_monolith	paraNdataMatrix[32]	tuple	3
i18n.words_legacy_monolith	paraNdataMatrix[32][0]	ref	i18n.words_legacy_monolith:ParametersMain.planet
i18n.words_legacy_monolith	paraNdataMatrix[32][1]	tuple	3
i18n.words_legacy_monolith	paraNdataMatrix[32][1][0]	str	complexity
i18n.words_legacy_monolith	paraNdataMatrix[32][1][1]	str	complexity
i18n.words_legacy_monolith	paraNdataMatrix[32][1][2]	str	complexity
i18n.words_legacy_monolith	paraNdataMatrix[32][2]	set	1
i18n.words_legacy_monolith	paraNdataMatrix[32][2][0]	int	213
i18n.words_legacy_monolith	paraNdataMatrix[33]	tuple	3
i18n.words_legacy_monolith	paraNdataMatrix[33][0]	ref	i18n.words_legacy_monolith:ParametersMain.planet
i18n.words_legacy_monolith	paraNdataMatrix[33][1]	tuple	3
i18n.words_legacy_monolith	paraNdataMatrix[33][1][0]	str	mechanisms
i18n.words_legacy_monolith	paraNdataMatrix[33][1][1]	str	mechanisms
i18n.words_legacy_monolith	paraNdataMatrix[33][1][2]	str	mechanism
i18n.words_legacy_monolith	paraNdataMatrix[33][2]	set	1
i18n.words_legacy_monolith	paraNdataMatrix[33][2][0]	int	107
i18n.words_legacy_monolith	paraNdataMatrix[34]	tuple	7
i18n.words_legacy_monolith	paraNdataMatrix[34][0]	ref	i18n.words_legacy_monolith:ParametersMain.wichtigste
i18n.words_legacy_monolith	paraNdataMatrix[34][1]	tuple	2
i18n.words_legacy_monolith	paraNdataMatrix[34][1][0]	str	secondmostimportant
i18n.words_legacy_monolith	paraNdataMatrix[34][1][1]	str	secondmostimportant
i18n.words_legacy_monolith	paraNdataMatrix[34][2]	set	3
i18n.words_legacy_monolith	paraNdataMatrix[34][2][0]	int	183
i18n.words_legacy_monolith	paraNdataMatrix[34][2][1]	int	19
i18n.words_legacy_monolith	paraNdataMatrix[34][2][2]	int	65
i18n.words_legacy_monolith	paraNdataMatrix[34][3]	set	0
i18n.words_legacy_monolith	paraNdataMatrix[34][4]	set	0
i18n.words_legacy_monolith	paraNdataMatrix[34][5]	set	0
i18n.words_legacy_monolith	paraNdataMatrix[34][6]	set	1
i18n.words_legacy_monolith	paraNdataMatrix[34][6][0]	tuple	1
i18n.words_legacy_monolith	paraNdataMatrix[34][6][0][0]	int	10
i18n.words_legacy_monolith	paraNdataMatrix[35]	tuple	3
i18n.words_legacy_monolith	paraNdataMatrix[35][0]	ref	i18n.words_legacy_monolith:ParametersMain.wichtigste
i18n.words_legacy_monolith	paraNdataMatrix[35][1]	tuple	2
i18n.words_legacy_monolith	paraNdataMatrix[35][1][0]	str	thirdmostimportant
i18n.words_legacy_monolith	paraNdataMatrix[35][1][1]	str	thirdmostimportant
i18n.words_legacy_monolith	paraNdataMatrix[35][2]	set	1
i18n.words_legacy_monolith	paraNdataMatrix[35][2][0]	int	64
i18n.words_legacy_monolith	paraNdataMatrix[36]	tuple	10
i18n.words_legacy_monolith	paraNdataMatrix[36][0]	ref	i18n.words_legacy_monolith:ParametersMain.wichtigste
i18n.words_legacy_monolith	paraNdataMatrix[36][1]	tuple	2
i18n.words_legacy_monolith	paraNdataMatrix[36][1][0]	str	Motifs_starpolygons
i18n.words_legacy_monolith	paraNdataMatrix[36][1][1]	str	fourthmostimportant
i18n.words_legacy_monolith	paraNdataMatrix[36][2]	set	0
i18n.words_legacy_monolith	paraNdataMatrix[36][3]	set	0
i18n.words_legacy_monolith	paraNdataMatrix[36][4]	set	0
i18n.words_legacy_monolith	paraNdataMatrix[36][5]	set	0
i18n.words_legacy_monolith	paraNdataMatrix[36][6]	set	0
i18n.words_legacy_monolith	paraNdataMatrix[36][7]	set	0
i18n.words_legacy_monolith	paraNdataMatrix[36][8]	set	0
i18n.words_legacy_monolith	paraNdataMatrix[36][9]	set	1
i18n.words_legacy_monolith	paraNdataMatrix[36][9][0]	str	primMotivStern
i18n.words_legacy_monolith	paraNdataMatrix[37]	tuple	3
i18n.words_legacy_monolith	paraNdataMatrix[37][0]	ref	i18n.words_legacy_monolith:ParametersMain.wichtigste2
i18n.words_legacy_monolith	paraNdataMatrix[37][1]	tuple	2
i18n.words_legacy_monolith	paraNdataMatrix[37][1][0]	str	mostimportant
i18n.words_legacy_monolith	paraNdataMatrix[37][1][1]	str	mostimportant
i18n.words_legacy_monolith	paraNdataMatrix[37][2]	set	6
i18n.words_legacy_monolith	paraNdataMatrix[37][2][0]	int	0
i18n.words_legacy_monolith	paraNdataMatrix[37][2][1]	int	1
i18n.words_legacy_monolith	paraNdataMatrix[37][2][2]	int	2
i18n.words_legacy_monolith	paraNdataMatrix[37][2][3]	int	207
i18n.words_legacy_monolith	paraNdataMatrix[37][2][4]	int	36
i18n.words_legacy_monolith	paraNdataMatrix[37][2][5]	int	37
i18n.words_legacy_monolith	paraNdataMatrix[38]	tuple	3
i18n.words_legacy_monolith	paraNdataMatrix[38][0]	ref	i18n.words_legacy_monolith:ParametersMain.wichtigste2
i18n.words_legacy_monolith	paraNdataMatrix[38][1]	tuple	2
i18n.words_legacy_monolith	paraNdataMatrix[38][1][0]	str	secondmostimportant
i18n.words_legacy_monolith	paraNdataMatrix[38][1][1]	str	secondmostimportant
i18n.words_legacy_monolith	paraNdataMatrix[38][2]	set	1
i18n.words_legacy_monolith	paraNdataMatrix[38][2][0]	int	30
i18n.words_legacy_monolith	paraNdataMatrix[39]	tuple	3
i18n.words_legacy_monolith	paraNdataMatrix[39][0]	ref	i18n.words_legacy_monolith:ParametersMain.operationen
i18n.words_legacy_monolith	paraNdataMatrix[39][1]	tuple	3
i18n.words_legacy_monolith	paraNdataMatrix[39][1][0]	str	halving
i18n.words_legacy_monolith	paraNdataMatrix[39][1][1]	str	halving
i18n.words_legacy_monolith	paraNdataMatrix[39][1][2]	str	halving
i18n.words_legacy_monolith	paraNdataMatrix[39][2]	set	1
i18n.words_legacy_monolith	paraNdataMatrix[39][2][0]	int	86
i18n.words_legacy_monolith	paraNdataMatrix[40]	tuple	3
i18n.words_legacy_monolith	paraNdataMatrix[40][0]	ref	i18n.words_legacy_monolith:ParametersMain.religionen
i18n.words_legacy_monolith	paraNdataMatrix[40][1]	tuple	5
i18n.words_legacy_monolith	paraNdataMatrix[40][1][0]	str	religion-founder-type
i18n.words_legacy_monolith	paraNdataMatrix[40][1][1]	str	religionfoundertype
i18n.words_legacy_monolith	paraNdataMatrix[40][1][2]	str	Prophet
i18n.words_legacy_monolith	paraNdataMatrix[40][1][3]	str	Archon
i18n.words_legacy_monolith	paraNdataMatrix[40][1][4]	str	religionfoundertype
i18n.words_legacy_monolith	paraNdataMatrix[40][2]	set	2
i18n.words_legacy_monolith	paraNdataMatrix[40][2][0]	int	503
i18n.words_legacy_monolith	paraNdataMatrix[40][2][1]	int	72
i18n.words_legacy_monolith	paraNdataMatrix[41]	tuple	3
i18n.words_legacy_monolith	paraNdataMatrix[41][0]	ref	i18n.words_legacy_monolith:ParametersMain.religionen
i18n.words_legacy_monolith	paraNdataMatrix[41][1]	tuple	1
i18n.words_legacy_monolith	paraNdataMatrix[41][1][0]	str	Satan_Devil
i18n.words_legacy_monolith	paraNdataMatrix[41][2]	set	1
i18n.words_legacy_monolith	paraNdataMatrix[41][2][0]	int	495
i18n.words_legacy_monolith	paraNdataMatrix[42]	tuple	3
i18n.words_legacy_monolith	paraNdataMatrix[42][0]	ref	i18n.words_legacy_monolith:ParametersMain.menschliches
i18n.words_legacy_monolith	paraNdataMatrix[42][1]	tuple	1
i18n.words_legacy_monolith	paraNdataMatrix[42][1][0]	str	Satan_Devil
i18n.words_legacy_monolith	paraNdataMatrix[42][2]	set	1
i18n.words_legacy_monolith	paraNdataMatrix[42][2][0]	int	495
i18n.words_legacy_monolith	paraNdataMatrix[43]	tuple	3
i18n.words_legacy_monolith	paraNdataMatrix[43][0]	ref	i18n.words_legacy_monolith:ParametersMain.religionen
i18n.words_legacy_monolith	paraNdataMatrix[43][1]	tuple	2
i18n.words_legacy_monolith	paraNdataMatrix[43][1][0]	str	Hinduism
i18n.words_legacy_monolith	paraNdataMatrix[43][1][1]	str	hinduism
i18n.words_legacy_monolith	paraNdataMatrix[43][2]	set	1
i18n.words_legacy_monolith	paraNdataMatrix[43][2][0]	int	217
i18n.words_legacy_monolith	paraNdataMatrix[44]	tuple	3
i18n.words_legacy_monolith	paraNdataMatrix[44][0]	ref	i18n.words_legacy_monolith:ParametersMain.religionen
i18n.words_legacy_monolith	paraNdataMatrix[44][1]	tuple	2
i18n.words_legacy_monolith	paraNdataMatrix[44][1][0]	str	Starpolygon
i18n.words_legacy_monolith	paraNdataMatrix[44][1][1]	str	starpolygon
i18n.words_legacy_monolith	paraNdataMatrix[44][2]	set	3
i18n.words_legacy_monolith	paraNdataMatrix[44][2][0]	int	0
i18n.words_legacy_monolith	paraNdataMatrix[44][2][1]	int	36
i18n.words_legacy_monolith	paraNdataMatrix[44][2][2]	int	6
i18n.words_legacy_monolith	paraNdataMatrix[45]	tuple	3
i18n.words_legacy_monolith	paraNdataMatrix[45][0]	ref	i18n.words_legacy_monolith:ParametersMain.religionen
i18n.words_legacy_monolith	paraNdataMatrix[45][1]	tuple	3
i18n.words_legacy_monolith	paraNdataMatrix[45][1][0]	str	of_the_zodiac
i18n.words_legacy_monolith	paraNdataMatrix[45][1][1]	str	ofthezodiac
i18n.words_legacy_monolith	paraNdataMatrix[45][1][2]	str	babylon
i18n.words_legacy_monolith	paraNdataMatrix[45][2]	set	5
i18n.words_legacy_monolith	paraNdataMatrix[45][2][0]	int	0
i18n.words_legacy_monolith	paraNdataMatrix[45][2][1]	int	207
i18n.words_legacy_monolith	paraNdataMatrix[45][2][2]	int	36
i18n.words_legacy_monolith	paraNdataMatrix[45][2][3]	int	477
i18n.words_legacy_monolith	paraNdataMatrix[45][2][4]	int	478
i18n.words_legacy_monolith	paraNdataMatrix[46]	tuple	3
i18n.words_legacy_monolith	paraNdataMatrix[46][0]	ref	i18n.words_legacy_monolith:ParametersMain.religionen
i18n.words_legacy_monolith	paraNdataMatrix[46][1]	tuple	4
i18n.words_legacy_monolith	paraNdataMatrix[46][1][0]	str	star_polygon_vs_uniform_polygon
i18n.words_legacy_monolith	paraNdataMatrix[46][1][1]	str	compare
i18n.words_legacy_monolith	paraNdataMatrix[46][1][2]	str	starpolygonvsuniformpolygon
i18n.words_legacy_monolith	paraNdataMatrix[46][1][3]	str	comparevs1divn
i18n.words_legacy_monolith	paraNdataMatrix[46][2]	set	1
i18n.words_legacy_monolith	paraNdataMatrix[46][2][0]	int	87
i18n.words_legacy_monolith	paraNdataMatrix[47]	tuple	3
i18n.words_legacy_monolith	paraNdataMatrix[47][0]	ref	i18n.words_legacy_monolith:ParametersMain.religionen
i18n.words_legacy_monolith	paraNdataMatrix[47][1]	tuple	6
i18n.words_legacy_monolith	paraNdataMatrix[47][1][0]	str	Messiah
i18n.words_legacy_monolith	paraNdataMatrix[47][1][1]	str	messiah
i18n.words_legacy_monolith	paraNdataMatrix[47][1][2]	str	heptagram
i18n.words_legacy_monolith	paraNdataMatrix[47][1][3]	str	dog
i18n.words_legacy_monolith	paraNdataMatrix[47][1][4]	str	messiases
i18n.words_legacy_monolith	paraNdataMatrix[47][1][5]	str	messiases
i18n.words_legacy_monolith	paraNdataMatrix[47][2]	set	2
i18n.words_legacy_monolith	paraNdataMatrix[47][2][0]	int	503
i18n.words_legacy_monolith	paraNdataMatrix[47][2][1]	int	7
i18n.words_legacy_monolith	paraNdataMatrix[48]	tuple	3
i18n.words_legacy_monolith	paraNdataMatrix[48][0]	ref	i18n.words_legacy_monolith:ParametersMain.religionen
i18n.words_legacy_monolith	paraNdataMatrix[48][1]	tuple	5
i18n.words_legacy_monolith	paraNdataMatrix[48][1][0]	str	uniform_polygon
i18n.words_legacy_monolith	paraNdataMatrix[48][1][1]	str	uniformpolygon
i18n.words_legacy_monolith	paraNdataMatrix[48][1][2]	str	uniformpolygon
i18n.words_legacy_monolith	paraNdataMatrix[48][1][3]	str	nonstarpolygon
i18n.words_legacy_monolith	paraNdataMatrix[48][1][4]	str	polygon
i18n.words_legacy_monolith	paraNdataMatrix[48][2]	set	2
i18n.words_legacy_monolith	paraNdataMatrix[48][2][0]	int	16
i18n.words_legacy_monolith	paraNdataMatrix[48][2][1]	int	37
i18n.words_legacy_monolith	paraNdataMatrix[49]	tuple	3
i18n.words_legacy_monolith	paraNdataMatrix[49][0]	ref	i18n.words_legacy_monolith:ParametersMain.religionen
i18n.words_legacy_monolith	paraNdataMatrix[49][1]	tuple	12
i18n.words_legacy_monolith	paraNdataMatrix[49][1][0]	str	representative_higher_concepts
i18n.words_legacy_monolith	paraNdataMatrix[49][1][1]	str	representativehigherconcepts
i18n.words_legacy_monolith	paraNdataMatrix[49][1][2]	str	galaxies
i18n.words_legacy_monolith	paraNdataMatrix[49][1][3]	str	galaxy
i18n.words_legacy_monolith	paraNdataMatrix[49][1][4]	str	blacksun
i18n.words_legacy_monolith	paraNdataMatrix[49][1][5]	str	blackSuns
i18n.words_legacy_monolith	paraNdataMatrix[49][1][6]	str	universe
i18n.words_legacy_monolith	paraNdataMatrix[49][1][7]	str	universes
i18n.words_legacy_monolith	paraNdataMatrix[49][1][8]	str	circle
i18n.words_legacy_monolith	paraNdataMatrix[49][1][9]	str	circles
i18n.words_legacy_monolith	paraNdataMatrix[49][1][10]	str	sphere
i18n.words_legacy_monolith	paraNdataMatrix[49][1][11]	str	spheres
i18n.words_legacy_monolith	paraNdataMatrix[49][2]	set	1
i18n.words_legacy_monolith	paraNdataMatrix[49][2][0]	int	23
i18n.words_legacy_monolith	paraNdataMatrix[50]	tuple	3
i18n.words_legacy_monolith	paraNdataMatrix[50][0]	ref	i18n.words_legacy_monolith:ParametersMain.galaxie
i18n.words_legacy_monolith	paraNdataMatrix[50][1]	tuple	1
i18n.words_legacy_monolith	paraNdataMatrix[50][1][0]	str	living_creatures_galaxy_best_at
i18n.words_legacy_monolith	paraNdataMatrix[50][2]	set	3
i18n.words_legacy_monolith	paraNdataMatrix[50][2][0]	int	470
i18n.words_legacy_monolith	paraNdataMatrix[50][2][1]	int	471
i18n.words_legacy_monolith	paraNdataMatrix[50][2][2]	int	473
i18n.words_legacy_monolith	paraNdataMatrix[51]	tuple	3
i18n.words_legacy_monolith	paraNdataMatrix[51][0]	ref	i18n.words_legacy_monolith:ParametersMain.galaxie
i18n.words_legacy_monolith	paraNdataMatrix[51][1]	tuple	6
i18n.words_legacy_monolith	paraNdataMatrix[51][1][0]	str	Revelation_of_John
i18n.words_legacy_monolith	paraNdataMatrix[51][1][1]	str	revelation
i18n.words_legacy_monolith	paraNdataMatrix[51][1][2]	str	revelationofjohn
i18n.words_legacy_monolith	paraNdataMatrix[51][1][3]	str	john
i18n.words_legacy_monolith	paraNdataMatrix[51][1][4]	str	bible
i18n.words_legacy_monolith	paraNdataMatrix[51][1][5]	str	revelationofjohn
i18n.words_legacy_monolith	paraNdataMatrix[51][2]	set	1
i18n.words_legacy_monolith	paraNdataMatrix[51][2][0]	int	90
i18n.words_legacy_monolith	paraNdataMatrix[52]	tuple	3
i18n.words_legacy_monolith	paraNdataMatrix[52][0]	ref	i18n.words_legacy_monolith:ParametersMain.inkrementieren
i18n.words_legacy_monolith	paraNdataMatrix[52][1]	tuple	4
i18n.words_legacy_monolith	paraNdataMatrix[52][1][0]	str	particle-meta-physics
i18n.words_legacy_monolith	paraNdataMatrix[52][1][1]	str	addition
i18n.words_legacy_monolith	paraNdataMatrix[52][1][2]	str	identity
i18n.words_legacy_monolith	paraNdataMatrix[52][1][3]	str	identity
i18n.words_legacy_monolith	paraNdataMatrix[52][2]	set	8
i18n.words_legacy_monolith	paraNdataMatrix[52][2][0]	int	219
i18n.words_legacy_monolith	paraNdataMatrix[52][2][1]	int	223
i18n.words_legacy_monolith	paraNdataMatrix[52][2][2]	int	307
i18n.words_legacy_monolith	paraNdataMatrix[52][2][3]	int	308
i18n.words_legacy_monolith	paraNdataMatrix[52][2][4]	int	333
i18n.words_legacy_monolith	paraNdataMatrix[52][2][5]	int	387
i18n.words_legacy_monolith	paraNdataMatrix[52][2][6]	int	388
i18n.words_legacy_monolith	paraNdataMatrix[52][2][7]	int	406
i18n.words_legacy_monolith	paraNdataMatrix[53]	tuple	3
i18n.words_legacy_monolith	paraNdataMatrix[53][0]	ref	i18n.words_legacy_monolith:ParametersMain.galaxie
i18n.words_legacy_monolith	paraNdataMatrix[53][1]	tuple	3
i18n.words_legacy_monolith	paraNdataMatrix[53][1][0]	str	breedingUp
i18n.words_legacy_monolith	paraNdataMatrix[53][1][1]	str	breedingup
i18n.words_legacy_monolith	paraNdataMatrix[53][1][2]	str	breedingup
i18n.words_legacy_monolith	paraNdataMatrix[53][2]	set	2
i18n.words_legacy_monolith	paraNdataMatrix[53][2][0]	int	318
i18n.words_legacy_monolith	paraNdataMatrix[53][2][1]	int	319
i18n.words_legacy_monolith	paraNdataMatrix[54]	tuple	3
i18n.words_legacy_monolith	paraNdataMatrix[54][0]	ref	i18n.words_legacy_monolith:ParametersMain.multiversum
i18n.words_legacy_monolith	paraNdataMatrix[54][1]	tuple	3
i18n.words_legacy_monolith	paraNdataMatrix[54][1][0]	str	colors
i18n.words_legacy_monolith	paraNdataMatrix[54][1][1]	str	farbe
i18n.words_legacy_monolith	paraNdataMatrix[54][1][2]	str	Farben_Sind_Signale_Signale_sind_Dimension_Dreizehn
i18n.words_legacy_monolith	paraNdataMatrix[54][2]	set	2
i18n.words_legacy_monolith	paraNdataMatrix[54][2][0]	int	624
i18n.words_legacy_monolith	paraNdataMatrix[54][2][1]	int	659
i18n.words_legacy_monolith	paraNdataMatrix[55]	tuple	3
i18n.words_legacy_monolith	paraNdataMatrix[55][0]	ref	i18n.words_legacy_monolith:ParametersMain.multiversum
i18n.words_legacy_monolith	paraNdataMatrix[55][1]	tuple	4
i18n.words_legacy_monolith	paraNdataMatrix[55][1][0]	str	machines
i18n.words_legacy_monolith	paraNdataMatrix[55][1][1]	str	Computer
i18n.words_legacy_monolith	paraNdataMatrix[55][1][2]	str	computer
i18n.words_legacy_monolith	paraNdataMatrix[55][1][3]	str	machines
i18n.words_legacy_monolith	paraNdataMatrix[55][2]	set	6
i18n.words_legacy_monolith	paraNdataMatrix[55][2][0]	int	592
i18n.words_legacy_monolith	paraNdataMatrix[55][2][1]	int	593
i18n.words_legacy_monolith	paraNdataMatrix[55][2][2]	int	685
i18n.words_legacy_monolith	paraNdataMatrix[55][2][3]	int	686
i18n.words_legacy_monolith	paraNdataMatrix[55][2][4]	int	687
i18n.words_legacy_monolith	paraNdataMatrix[55][2][5]	int	89
i18n.words_legacy_monolith	paraNdataMatrix[56]	tuple	3
i18n.words_legacy_monolith	paraNdataMatrix[56][0]	ref	i18n.words_legacy_monolith:ParametersMain.metachemiemetametaphysik
i18n.words_legacy_monolith	paraNdataMatrix[56][1]	tuple	3
i18n.words_legacy_monolith	paraNdataMatrix[56][1][0]	str	Kybernetik_und_Meta_Chemie
i18n.words_legacy_monolith	paraNdataMatrix[56][1][1]	str	kybernetik
i18n.words_legacy_monolith	paraNdataMatrix[56][1][2]	str	metachemie
i18n.words_legacy_monolith	paraNdataMatrix[56][2]	set	1
i18n.words_legacy_monolith	paraNdataMatrix[56][2][0]	int	606
i18n.words_legacy_monolith	paraNdataMatrix[57]	tuple	3
i18n.words_legacy_monolith	paraNdataMatrix[57][0]	ref	i18n.words_legacy_monolith:ParametersMain.multiversum
i18n.words_legacy_monolith	paraNdataMatrix[57][1]	tuple	3
i18n.words_legacy_monolith	paraNdataMatrix[57][1][0]	str	Kybernetik_und_Meta_Chemie
i18n.words_legacy_monolith	paraNdataMatrix[57][1][1]	str	kybernetik
i18n.words_legacy_monolith	paraNdataMatrix[57][1][2]	str	metachemie
i18n.words_legacy_monolith	paraNdataMatrix[57][2]	set	1
i18n.words_legacy_monolith	paraNdataMatrix[57][2][0]	int	606
i18n.words_legacy_monolith	paraNdataMatrix[58]	tuple	3
i18n.words_legacy_monolith	paraNdataMatrix[58][0]	ref	i18n.words_legacy_monolith:ParametersMain.multiversum
i18n.words_legacy_monolith	paraNdataMatrix[58][1]	tuple	1
i18n.words_legacy_monolith	paraNdataMatrix[58][1][0]	str	particles_other_universe
i18n.words_legacy_monolith	paraNdataMatrix[58][2]	set	1
i18n.words_legacy_monolith	paraNdataMatrix[58][2][0]	int	512
i18n.words_legacy_monolith	paraNdataMatrix[59]	tuple	3
i18n.words_legacy_monolith	paraNdataMatrix[59][0]	ref	i18n.words_legacy_monolith:ParametersMain.grundstrukturen
i18n.words_legacy_monolith	paraNdataMatrix[59][1]	tuple	1
i18n.words_legacy_monolith	paraNdataMatrix[59][1][0]	str	particles_other_universe
i18n.words_legacy_monolith	paraNdataMatrix[59][2]	set	1
i18n.words_legacy_monolith	paraNdataMatrix[59][2][0]	int	512
i18n.words_legacy_monolith	paraNdataMatrix[60]	tuple	3
i18n.words_legacy_monolith	paraNdataMatrix[60][0]	ref	i18n.words_legacy_monolith:ParametersMain.universum
i18n.words_legacy_monolith	paraNdataMatrix[60][1]	tuple	2
i18n.words_legacy_monolith	paraNdataMatrix[60][1][0]	str	Entwicklungs_Stadium_Spezies
i18n.words_legacy_monolith	paraNdataMatrix[60][1][1]	str	Spezies_Entwicklung
i18n.words_legacy_monolith	paraNdataMatrix[60][2]	set	1
i18n.words_legacy_monolith	paraNdataMatrix[60][2][0]	int	661
i18n.words_legacy_monolith	paraNdataMatrix[61]	tuple	3
i18n.words_legacy_monolith	paraNdataMatrix[61][0]	ref	i18n.words_legacy_monolith:ParametersMain.universum
i18n.words_legacy_monolith	paraNdataMatrix[61][1]	tuple	1
i18n.words_legacy_monolith	paraNdataMatrix[61][1][0]	str	particles_other_universe
i18n.words_legacy_monolith	paraNdataMatrix[61][2]	set	1
i18n.words_legacy_monolith	paraNdataMatrix[61][2][0]	int	512
i18n.words_legacy_monolith	paraNdataMatrix[62]	tuple	3
i18n.words_legacy_monolith	paraNdataMatrix[62][0]	ref	i18n.words_legacy_monolith:ParametersMain.universum
i18n.words_legacy_monolith	paraNdataMatrix[62][1]	tuple	1
i18n.words_legacy_monolith	paraNdataMatrix[62][1][0]	str	context_brain_cosmos_universe
i18n.words_legacy_monolith	paraNdataMatrix[62][2]	set	1
i18n.words_legacy_monolith	paraNdataMatrix[62][2][0]	int	489
i18n.words_legacy_monolith	paraNdataMatrix[63]	tuple	3
i18n.words_legacy_monolith	paraNdataMatrix[63][0]	ref	i18n.words_legacy_monolith:ParametersMain.universum
i18n.words_legacy_monolith	paraNdataMatrix[63][1]	tuple	3
i18n.words_legacy_monolith	paraNdataMatrix[63][1][0]	str	types_numbers
i18n.words_legacy_monolith	paraNdataMatrix[63][1][1]	str	zahlen
i18n.words_legacy_monolith	paraNdataMatrix[63][1][2]	str	nummern
i18n.words_legacy_monolith	paraNdataMatrix[63][2]	set	6
i18n.words_legacy_monolith	paraNdataMatrix[63][2][0]	int	462
i18n.words_legacy_monolith	paraNdataMatrix[63][2][1]	int	563
i18n.words_legacy_monolith	paraNdataMatrix[63][2][2]	int	704
i18n.words_legacy_monolith	paraNdataMatrix[63][2][3]	int	717
i18n.words_legacy_monolith	paraNdataMatrix[63][2][4]	int	724
i18n.words_legacy_monolith	paraNdataMatrix[63][2][5]	int	728
i18n.words_legacy_monolith	paraNdataMatrix[64]	tuple	3
i18n.words_legacy_monolith	paraNdataMatrix[64][0]	ref	i18n.words_legacy_monolith:ParametersMain.menschliches
i18n.words_legacy_monolith	paraNdataMatrix[64][1]	tuple	2
i18n.words_legacy_monolith	paraNdataMatrix[64][1][0]	str	punishment
i18n.words_legacy_monolith	paraNdataMatrix[64][1][1]	str	bestrafen
i18n.words_legacy_monolith	paraNdataMatrix[64][2]	set	1
i18n.words_legacy_monolith	paraNdataMatrix[64][2][0]	int	636
i18n.words_legacy_monolith	paraNdataMatrix[65]	tuple	3
i18n.words_legacy_monolith	paraNdataMatrix[65][0]	ref	i18n.words_legacy_monolith:ParametersMain.menschliches
i18n.words_legacy_monolith	paraNdataMatrix[65][1]	tuple	3
i18n.words_legacy_monolith	paraNdataMatrix[65][1][0]	str	Diplomatie
i18n.words_legacy_monolith	paraNdataMatrix[65][1][1]	str	diplomatie
i18n.words_legacy_monolith	paraNdataMatrix[65][1][2]	str	lateral
i18n.words_legacy_monolith	paraNdataMatrix[65][2]	set	2
i18n.words_legacy_monolith	paraNdataMatrix[65][2][0]	int	523
i18n.words_legacy_monolith	paraNdataMatrix[65][2][1]	int	594
i18n.words_legacy_monolith	paraNdataMatrix[66]	tuple	3
i18n.words_legacy_monolith	paraNdataMatrix[66][0]	ref	i18n.words_legacy_monolith:ParametersMain.menschliches
i18n.words_legacy_monolith	paraNdataMatrix[66][1]	tuple	1
i18n.words_legacy_monolith	paraNdataMatrix[66][1][0]	str	punishment
i18n.words_legacy_monolith	paraNdataMatrix[66][2]	set	1
i18n.words_legacy_monolith	paraNdataMatrix[66][2][0]	int	463
i18n.words_legacy_monolith	paraNdataMatrix[67]	tuple	3
i18n.words_legacy_monolith	paraNdataMatrix[67][0]	ref	i18n.words_legacy_monolith:ParametersMain.grundstrukturen
i18n.words_legacy_monolith	paraNdataMatrix[67][1]	tuple	1
i18n.words_legacy_monolith	paraNdataMatrix[67][1][0]	str	punishment
i18n.words_legacy_monolith	paraNdataMatrix[67][2]	set	1
i18n.words_legacy_monolith	paraNdataMatrix[67][2][0]	int	463
i18n.words_legacy_monolith	paraNdataMatrix[68]	tuple	3
i18n.words_legacy_monolith	paraNdataMatrix[68][0]	ref	i18n.words_legacy_monolith:ParametersMain.menschliches
i18n.words_legacy_monolith	paraNdataMatrix[68][1]	tuple	1
i18n.words_legacy_monolith	paraNdataMatrix[68][1][0]	str	less_at_human
i18n.words_legacy_monolith	paraNdataMatrix[68][2]	set	1
i18n.words_legacy_monolith	paraNdataMatrix[68][2][0]	int	464
i18n.words_legacy_monolith	paraNdataMatrix[69]	tuple	3
i18n.words_legacy_monolith	paraNdataMatrix[69][0]	ref	i18n.words_legacy_monolith:ParametersMain.menschliches
i18n.words_legacy_monolith	paraNdataMatrix[69][1]	tuple	2
i18n.words_legacy_monolith	paraNdataMatrix[69][1][0]	str	salvation
i18n.words_legacy_monolith	paraNdataMatrix[69][1][1]	str	Salvation
i18n.words_legacy_monolith	paraNdataMatrix[69][2]	set	1
i18n.words_legacy_monolith	paraNdataMatrix[69][2][0]	int	465
i18n.words_legacy_monolith	paraNdataMatrix[70]	tuple	3
i18n.words_legacy_monolith	paraNdataMatrix[70][0]	ref	i18n.words_legacy_monolith:ParametersMain.grundstrukturen
i18n.words_legacy_monolith	paraNdataMatrix[70][1]	tuple	2
i18n.words_legacy_monolith	paraNdataMatrix[70][1][0]	str	salvation
i18n.words_legacy_monolith	paraNdataMatrix[70][1][1]	str	Salvation
i18n.words_legacy_monolith	paraNdataMatrix[70][2]	set	1
i18n.words_legacy_monolith	paraNdataMatrix[70][2][0]	int	465
i18n.words_legacy_monolith	paraNdataMatrix[71]	tuple	3
i18n.words_legacy_monolith	paraNdataMatrix[71][0]	ref	i18n.words_legacy_monolith:ParametersMain.menschliches
i18n.words_legacy_monolith	paraNdataMatrix[71][1]	tuple	1
i18n.words_legacy_monolith	paraNdataMatrix[71][1][0]	str	violence
i18n.words_legacy_monolith	paraNdataMatrix[71][2]	set	1
i18n.words_legacy_monolith	paraNdataMatrix[71][2][0]	int	466
i18n.words_legacy_monolith	paraNdataMatrix[72]	tuple	3
i18n.words_legacy_monolith	paraNdataMatrix[72][0]	ref	i18n.words_legacy_monolith:ParametersMain.grundstrukturen
i18n.words_legacy_monolith	paraNdataMatrix[72][1]	tuple	1
i18n.words_legacy_monolith	paraNdataMatrix[72][1][0]	str	violence
i18n.words_legacy_monolith	paraNdataMatrix[72][2]	set	2
i18n.words_legacy_monolith	paraNdataMatrix[72][2][0]	int	466
i18n.words_legacy_monolith	paraNdataMatrix[72][2][1]	int	479
i18n.words_legacy_monolith	paraNdataMatrix[73]	tuple	3
i18n.words_legacy_monolith	paraNdataMatrix[73][0]	ref	i18n.words_legacy_monolith:ParametersMain.universum
i18n.words_legacy_monolith	paraNdataMatrix[73][1]	tuple	1
i18n.words_legacy_monolith	paraNdataMatrix[73][1][0]	str	colors
i18n.words_legacy_monolith	paraNdataMatrix[73][2]	set	1
i18n.words_legacy_monolith	paraNdataMatrix[73][2][0]	int	444
i18n.words_legacy_monolith	paraNdataMatrix[74]	tuple	3
i18n.words_legacy_monolith	paraNdataMatrix[74][0]	ref	i18n.words_legacy_monolith:ParametersMain.universum
i18n.words_legacy_monolith	paraNdataMatrix[74][1]	tuple	3
i18n.words_legacy_monolith	paraNdataMatrix[74][1][0]	str	artificial_life_(15)
i18n.words_legacy_monolith	paraNdataMatrix[74][1][1]	str	artificiallife
i18n.words_legacy_monolith	paraNdataMatrix[74][1][2]	str	bigAI
i18n.words_legacy_monolith	paraNdataMatrix[74][2]	set	1
i18n.words_legacy_monolith	paraNdataMatrix[74][2][0]	int	409
i18n.words_legacy_monolith	paraNdataMatrix[75]	tuple	3
i18n.words_legacy_monolith	paraNdataMatrix[75][0]	ref	i18n.words_legacy_monolith:ParametersMain.universum
i18n.words_legacy_monolith	paraNdataMatrix[75][1]	tuple	3
i18n.words_legacy_monolith	paraNdataMatrix[75][1][0]	str	software_licences_and_academic_degrees
i18n.words_legacy_monolith	paraNdataMatrix[75][1][1]	str	software_license
i18n.words_legacy_monolith	paraNdataMatrix[75][1][2]	str	academic_degrees
i18n.words_legacy_monolith	paraNdataMatrix[75][2]	set	1
i18n.words_legacy_monolith	paraNdataMatrix[75][2][0]	int	422
i18n.words_legacy_monolith	paraNdataMatrix[76]	tuple	3
i18n.words_legacy_monolith	paraNdataMatrix[76][0]	ref	i18n.words_legacy_monolith:ParametersMain.universum
i18n.words_legacy_monolith	paraNdataMatrix[76][1]	tuple	3
i18n.words_legacy_monolith	paraNdataMatrix[76][1][0]	str	strategy_tactics_(15m8)
i18n.words_legacy_monolith	paraNdataMatrix[76][1][1]	str	strategy
i18n.words_legacy_monolith	paraNdataMatrix[76][1][2]	str	tactics
i18n.words_legacy_monolith	paraNdataMatrix[76][2]	set	1
i18n.words_legacy_monolith	paraNdataMatrix[76][2][0]	int	385
i18n.words_legacy_monolith	paraNdataMatrix[77]	tuple	3
i18n.words_legacy_monolith	paraNdataMatrix[77][0]	ref	i18n.words_legacy_monolith:ParametersMain.universum
i18n.words_legacy_monolith	paraNdataMatrix[77][1]	tuple	2
i18n.words_legacy_monolith	paraNdataMatrix[77][1][0]	str	Universal_ratio_of_equal_numbers
i18n.words_legacy_monolith	paraNdataMatrix[77][1][1]	str	ratioSameNumber
i18n.words_legacy_monolith	paraNdataMatrix[77][2]	set	1
i18n.words_legacy_monolith	paraNdataMatrix[77][2][0]	int	383
i18n.words_legacy_monolith	paraNdataMatrix[78]	tuple	3
i18n.words_legacy_monolith	paraNdataMatrix[78][0]	ref	i18n.words_legacy_monolith:ParametersMain.universum
i18n.words_legacy_monolith	paraNdataMatrix[78][1]	tuple	3
i18n.words_legacy_monolith	paraNdataMatrix[78][1][0]	str	universal_right
i18n.words_legacy_monolith	paraNdataMatrix[78][1][1]	str	law
i18n.words_legacy_monolith	paraNdataMatrix[78][1][2]	str	law
i18n.words_legacy_monolith	paraNdataMatrix[78][2]	set	3
i18n.words_legacy_monolith	paraNdataMatrix[78][2][0]	int	34
i18n.words_legacy_monolith	paraNdataMatrix[78][2][1]	int	382
i18n.words_legacy_monolith	paraNdataMatrix[78][2][2]	int	65
i18n.words_legacy_monolith	paraNdataMatrix[79]	tuple	3
i18n.words_legacy_monolith	paraNdataMatrix[79][0]	ref	i18n.words_legacy_monolith:ParametersMain.universum
i18n.words_legacy_monolith	paraNdataMatrix[79][1]	tuple	2
i18n.words_legacy_monolith	paraNdataMatrix[79][1][0]	str	such_as_combining_linking
i18n.words_legacy_monolith	paraNdataMatrix[79][1][1]	str	combineetc
i18n.words_legacy_monolith	paraNdataMatrix[79][2]	set	1
i18n.words_legacy_monolith	paraNdataMatrix[79][2][0]	int	320
i18n.words_legacy_monolith	paraNdataMatrix[80]	tuple	3
i18n.words_legacy_monolith	paraNdataMatrix[80][0]	ref	i18n.words_legacy_monolith:ParametersMain.universum
i18n.words_legacy_monolith	paraNdataMatrix[80][1]	tuple	3
i18n.words_legacy_monolith	paraNdataMatrix[80][1][0]	str	breedingUp
i18n.words_legacy_monolith	paraNdataMatrix[80][1][1]	str	breedingup
i18n.words_legacy_monolith	paraNdataMatrix[80][1][2]	str	breedingup
i18n.words_legacy_monolith	paraNdataMatrix[80][2]	set	2
i18n.words_legacy_monolith	paraNdataMatrix[80][2][0]	int	318
i18n.words_legacy_monolith	paraNdataMatrix[80][2][1]	int	319
i18n.words_legacy_monolith	paraNdataMatrix[81]	tuple	3
i18n.words_legacy_monolith	paraNdataMatrix[81][0]	ref	i18n.words_legacy_monolith:ParametersMain.universum
i18n.words_legacy_monolith	paraNdataMatrix[81][1]	tuple	1
i18n.words_legacy_monolith	paraNdataMatrix[81][1][0]	str	particle-meta-physics
i18n.words_legacy_monolith	paraNdataMatrix[81][2]	set	2
i18n.words_legacy_monolith	paraNdataMatrix[81][2][0]	int	219
i18n.words_legacy_monolith	paraNdataMatrix[81][2][1]	int	308
i18n.words_legacy_monolith	paraNdataMatrix[82]	tuple	3
i18n.words_legacy_monolith	paraNdataMatrix[82][0]	ref	i18n.words_legacy_monolith:ParametersMain.teilchen
i18n.words_legacy_monolith	paraNdataMatrix[82][1]	tuple	1
i18n.words_legacy_monolith	paraNdataMatrix[82][1][0]	str	universal_(16)
i18n.words_legacy_monolith	paraNdataMatrix[82][2]	set	2
i18n.words_legacy_monolith	paraNdataMatrix[82][2][0]	int	219
i18n.words_legacy_monolith	paraNdataMatrix[82][2][1]	int	308
i18n.words_legacy_monolith	paraNdataMatrix[83]	tuple	3
i18n.words_legacy_monolith	paraNdataMatrix[83][0]	ref	i18n.words_legacy_monolith:ParametersMain.teilchen
i18n.words_legacy_monolith	paraNdataMatrix[83][1]	tuple	3
i18n.words_legacy_monolith	paraNdataMatrix[83][1][0]	str	truthRealities_(10)
i18n.words_legacy_monolith	paraNdataMatrix[83][1][1]	str	truthRealities
i18n.words_legacy_monolith	paraNdataMatrix[83][1][2]	str	truthRealities
i18n.words_legacy_monolith	paraNdataMatrix[83][2]	set	1
i18n.words_legacy_monolith	paraNdataMatrix[83][2][0]	int	420
i18n.words_legacy_monolith	paraNdataMatrix[84]	tuple	3
i18n.words_legacy_monolith	paraNdataMatrix[84][0]	ref	i18n.words_legacy_monolith:ParametersMain.teilchen
i18n.words_legacy_monolith	paraNdataMatrix[84][1]	tuple	1
i18n.words_legacy_monolith	paraNdataMatrix[84][1][0]	str	galactic_(14)
i18n.words_legacy_monolith	paraNdataMatrix[84][2]	set	1
i18n.words_legacy_monolith	paraNdataMatrix[84][2][0]	int	406
i18n.words_legacy_monolith	paraNdataMatrix[85]	tuple	3
i18n.words_legacy_monolith	paraNdataMatrix[85][0]	ref	i18n.words_legacy_monolith:ParametersMain.teilchen
i18n.words_legacy_monolith	paraNdataMatrix[85][1]	tuple	1
i18n.words_legacy_monolith	paraNdataMatrix[85][1][0]	str	multiverse_(16)
i18n.words_legacy_monolith	paraNdataMatrix[85][2]	set	2
i18n.words_legacy_monolith	paraNdataMatrix[85][2][0]	int	388
i18n.words_legacy_monolith	paraNdataMatrix[85][2][1]	int	418
i18n.words_legacy_monolith	paraNdataMatrix[86]	tuple	3
i18n.words_legacy_monolith	paraNdataMatrix[86][0]	ref	i18n.words_legacy_monolith:ParametersMain.teilchen
i18n.words_legacy_monolith	paraNdataMatrix[86][1]	tuple	1
i18n.words_legacy_monolith	paraNdataMatrix[86][1][0]	str	non_value_virtue_sorting_(13_with_14)
i18n.words_legacy_monolith	paraNdataMatrix[86][2]	set	1
i18n.words_legacy_monolith	paraNdataMatrix[86][2][0]	int	411
i18n.words_legacy_monolith	paraNdataMatrix[87]	tuple	3
i18n.words_legacy_monolith	paraNdataMatrix[87][0]	ref	i18n.words_legacy_monolith:ParametersMain.teilchen
i18n.words_legacy_monolith	paraNdataMatrix[87][1]	tuple	1
i18n.words_legacy_monolith	paraNdataMatrix[87][1][0]	str	galaxy_sub_areas_(13)
i18n.words_legacy_monolith	paraNdataMatrix[87][2]	set	3
i18n.words_legacy_monolith	paraNdataMatrix[87][2][0]	int	223
i18n.words_legacy_monolith	paraNdataMatrix[87][2][1]	int	307
i18n.words_legacy_monolith	paraNdataMatrix[87][2][2]	int	412
i18n.words_legacy_monolith	paraNdataMatrix[88]	tuple	3
i18n.words_legacy_monolith	paraNdataMatrix[88][0]	ref	i18n.words_legacy_monolith:ParametersMain.teilchen
i18n.words_legacy_monolith	paraNdataMatrix[88][1]	tuple	1
i18n.words_legacy_monolith	paraNdataMatrix[88][1][0]	str	goodness_and_direction_(7)
i18n.words_legacy_monolith	paraNdataMatrix[88][2]	set	1
i18n.words_legacy_monolith	paraNdataMatrix[88][2][0]	int	333
i18n.words_legacy_monolith	paraNdataMatrix[89]	tuple	3
i18n.words_legacy_monolith	paraNdataMatrix[89][0]	ref	i18n.words_legacy_monolith:ParametersMain.teilchen
i18n.words_legacy_monolith	paraNdataMatrix[89][1]	tuple	1
i18n.words_legacy_monolith	paraNdataMatrix[89][1][0]	str	space_and_dimension_(8)
i18n.words_legacy_monolith	paraNdataMatrix[89][2]	set	1
i18n.words_legacy_monolith	paraNdataMatrix[89][2][0]	int	387
i18n.words_legacy_monolith	paraNdataMatrix[90]	tuple	3
i18n.words_legacy_monolith	paraNdataMatrix[90][0]	ref	i18n.words_legacy_monolith:ParametersMain.universum
i18n.words_legacy_monolith	paraNdataMatrix[90][1]	tuple	2
i18n.words_legacy_monolith	paraNdataMatrix[90][1][0]	str	no_only_paradigm_religions
i18n.words_legacy_monolith	paraNdataMatrix[90][1][1]	str	metaparadigmreligion
i18n.words_legacy_monolith	paraNdataMatrix[90][2]	set	3
i18n.words_legacy_monolith	paraNdataMatrix[90][2][0]	int	190
i18n.words_legacy_monolith	paraNdataMatrix[90][2][1]	int	191
i18n.words_legacy_monolith	paraNdataMatrix[90][2][2]	int	196
i18n.words_legacy_monolith	paraNdataMatrix[91]	tuple	3
i18n.words_legacy_monolith	paraNdataMatrix[91][0]	ref	i18n.words_legacy_monolith:ParametersMain.universum
i18n.words_legacy_monolith	paraNdataMatrix[91][1]	tuple	4
i18n.words_legacy_monolith	paraNdataMatrix[91][1][0]	str	spheres_circles
i18n.words_legacy_monolith	paraNdataMatrix[91][1][1]	str	spherescircles
i18n.words_legacy_monolith	paraNdataMatrix[91][1][2]	str	kugeln
i18n.words_legacy_monolith	paraNdataMatrix[91][1][3]	str	kreise
i18n.words_legacy_monolith	paraNdataMatrix[91][2]	set	2
i18n.words_legacy_monolith	paraNdataMatrix[91][2][0]	int	145
i18n.words_legacy_monolith	paraNdataMatrix[91][2][1]	int	77
i18n.words_legacy_monolith	paraNdataMatrix[92]	tuple	3
i18n.words_legacy_monolith	paraNdataMatrix[92][0]	ref	i18n.words_legacy_monolith:ParametersMain.multiversum
i18n.words_legacy_monolith	paraNdataMatrix[92][1]	tuple	1
i18n.words_legacy_monolith	paraNdataMatrix[92][1][0]	str	space_time_arrangement_mathematically_universal
i18n.words_legacy_monolith	paraNdataMatrix[92][2]	set	1
i18n.words_legacy_monolith	paraNdataMatrix[92][2][0]	int	472
i18n.words_legacy_monolith	paraNdataMatrix[93]	tuple	3
i18n.words_legacy_monolith	paraNdataMatrix[93][0]	ref	i18n.words_legacy_monolith:ParametersMain.multiversum
i18n.words_legacy_monolith	paraNdataMatrix[93][1]	tuple	2
i18n.words_legacy_monolith	paraNdataMatrix[93][1][0]	str	multiversalias_(16)
i18n.words_legacy_monolith	paraNdataMatrix[93][1][1]	str	multiversalias
i18n.words_legacy_monolith	paraNdataMatrix[93][2]	set	1
i18n.words_legacy_monolith	paraNdataMatrix[93][2][0]	int	389
i18n.words_legacy_monolith	paraNdataMatrix[94]	tuple	3
i18n.words_legacy_monolith	paraNdataMatrix[94][0]	ref	i18n.words_legacy_monolith:ParametersMain.multiversum
i18n.words_legacy_monolith	paraNdataMatrix[94][1]	tuple	2
i18n.words_legacy_monolith	paraNdataMatrix[94][1][0]	str	meta_physic_particles_(1)
i18n.words_legacy_monolith	paraNdataMatrix[94][1][1]	str	particles
i18n.words_legacy_monolith	paraNdataMatrix[94][2]	set	1
i18n.words_legacy_monolith	paraNdataMatrix[94][2][0]	int	388
i18n.words_legacy_monolith	paraNdataMatrix[95]	tuple	3
i18n.words_legacy_monolith	paraNdataMatrix[95][0]	ref	i18n.words_legacy_monolith:ParametersMain.galaxie
i18n.words_legacy_monolith	paraNdataMatrix[95][1]	tuple	4
i18n.words_legacy_monolith	paraNdataMatrix[95][1][0]	str	spheres_circles
i18n.words_legacy_monolith	paraNdataMatrix[95][1][1]	str	spherescircles
i18n.words_legacy_monolith	paraNdataMatrix[95][1][2]	str	spheres
i18n.words_legacy_monolith	paraNdataMatrix[95][1][3]	str	circles
i18n.words_legacy_monolith	paraNdataMatrix[95][2]	set	2
i18n.words_legacy_monolith	paraNdataMatrix[95][2][0]	int	145
i18n.words_legacy_monolith	paraNdataMatrix[95][2][1]	int	77
i18n.words_legacy_monolith	paraNdataMatrix[96]	tuple	3
i18n.words_legacy_monolith	paraNdataMatrix[96][0]	ref	i18n.words_legacy_monolith:ParametersMain.galaxie
i18n.words_legacy_monolith	paraNdataMatrix[96][1]	tuple	3
i18n.words_legacy_monolith	paraNdataMatrix[96][1][0]	str	chinese_horoscope
i18n.words_legacy_monolith	paraNdataMatrix[96][1][1]	str	chinesehoroscope
i18n.words_legacy_monolith	paraNdataMatrix[96][1][2]	str	china
i18n.words_legacy_monolith	paraNdataMatrix[96][2]	set	1
i18n.words_legacy_monolith	paraNdataMatrix[96][2][0]	int	91
i18n.words_legacy_monolith	paraNdataMatrix[97]	tuple	3
i18n.words_legacy_monolith	paraNdataMatrix[97][0]	ref	i18n.words_legacy_monolith:ParametersMain.galaxie
i18n.words_legacy_monolith	paraNdataMatrix[97][1]	tuple	3
i18n.words_legacy_monolith	paraNdataMatrix[97][1][0]	str	babylonian_zodiac
i18n.words_legacy_monolith	paraNdataMatrix[97][1][1]	str	zodiacsigns
i18n.words_legacy_monolith	paraNdataMatrix[97][1][2]	str	babylon
i18n.words_legacy_monolith	paraNdataMatrix[97][2]	set	2
i18n.words_legacy_monolith	paraNdataMatrix[97][2][0]	int	1
i18n.words_legacy_monolith	paraNdataMatrix[97][2][1]	int	2
i18n.words_legacy_monolith	paraNdataMatrix[98]	tuple	3
i18n.words_legacy_monolith	paraNdataMatrix[98][0]	ref	i18n.words_legacy_monolith:ParametersMain.galaxie
i18n.words_legacy_monolith	paraNdataMatrix[98][1]	tuple	3
i18n.words_legacy_monolith	paraNdataMatrix[98][1][0]	str	GospelofThomas
i18n.words_legacy_monolith	paraNdataMatrix[98][1][1]	str	gospelofthomas
i18n.words_legacy_monolith	paraNdataMatrix[98][1][2]	str	thomas
i18n.words_legacy_monolith	paraNdataMatrix[98][2]	set	3
i18n.words_legacy_monolith	paraNdataMatrix[98][2][0]	int	0
i18n.words_legacy_monolith	paraNdataMatrix[98][2][1]	int	3
i18n.words_legacy_monolith	paraNdataMatrix[98][2][2]	int	303
i18n.words_legacy_monolith	paraNdataMatrix[99]	tuple	3
i18n.words_legacy_monolith	paraNdataMatrix[99][0]	ref	i18n.words_legacy_monolith:ParametersMain.grundstrukturen
i18n.words_legacy_monolith	paraNdataMatrix[99][1]	tuple	2
i18n.words_legacy_monolith	paraNdataMatrix[99][1][0]	str	network
i18n.words_legacy_monolith	paraNdataMatrix[99][1][1]	str	network
i18n.words_legacy_monolith	paraNdataMatrix[99][2]	set	2
i18n.words_legacy_monolith	paraNdataMatrix[99][2][0]	int	417
i18n.words_legacy_monolith	paraNdataMatrix[99][2][1]	int	436
i18n.words_legacy_monolith	paraNdataMatrix[100]	tuple	3
i18n.words_legacy_monolith	paraNdataMatrix[100][0]	ref	i18n.words_legacy_monolith:ParametersMain.grundstrukturen
i18n.words_legacy_monolith	paraNdataMatrix[100][1]	tuple	2
i18n.words_legacy_monolith	paraNdataMatrix[100][1][0]	str	controversy_(51)
i18n.words_legacy_monolith	paraNdataMatrix[100][1][1]	str	controversy
i18n.words_legacy_monolith	paraNdataMatrix[100][2]	set	1
i18n.words_legacy_monolith	paraNdataMatrix[100][2][0]	int	421
i18n.words_legacy_monolith	paraNdataMatrix[101]	tuple	3
i18n.words_legacy_monolith	paraNdataMatrix[101][0]	ref	i18n.words_legacy_monolith:ParametersMain.grundstrukturen
i18n.words_legacy_monolith	paraNdataMatrix[101][1]	tuple	2
i18n.words_legacy_monolith	paraNdataMatrix[101][1][0]	str	mathematical_design_(32)
i18n.words_legacy_monolith	paraNdataMatrix[101][1][1]	str	mathematicaldesign
i18n.words_legacy_monolith	paraNdataMatrix[101][2]	set	1
i18n.words_legacy_monolith	paraNdataMatrix[101][2][0]	int	419
i18n.words_legacy_monolith	paraNdataMatrix[102]	tuple	3
i18n.words_legacy_monolith	paraNdataMatrix[102][0]	ref	i18n.words_legacy_monolith:ParametersMain.grundstrukturen
i18n.words_legacy_monolith	paraNdataMatrix[102][1]	tuple	3
i18n.words_legacy_monolith	paraNdataMatrix[102][1][0]	str	analytic_ontology
i18n.words_legacy_monolith	paraNdataMatrix[102][1][1]	str	analyticontology
i18n.words_legacy_monolith	paraNdataMatrix[102][1][2]	str	ontology
i18n.words_legacy_monolith	paraNdataMatrix[102][2]	set	1
i18n.words_legacy_monolith	paraNdataMatrix[102][2][0]	int	84
i18n.words_legacy_monolith	paraNdataMatrix[103]	tuple	3
i18n.words_legacy_monolith	paraNdataMatrix[103][0]	ref	i18n.words_legacy_monolith:ParametersMain.galaxie
i18n.words_legacy_monolith	paraNdataMatrix[103][1]	tuple	3
i18n.words_legacy_monolith	paraNdataMatrix[103][1][0]	str	analytic_ontology
i18n.words_legacy_monolith	paraNdataMatrix[103][1][1]	str	analyticontology
i18n.words_legacy_monolith	paraNdataMatrix[103][1][2]	str	ontology
i18n.words_legacy_monolith	paraNdataMatrix[103][2]	set	1
i18n.words_legacy_monolith	paraNdataMatrix[103][2][0]	int	84
i18n.words_legacy_monolith	paraNdataMatrix[104]	tuple	3
i18n.words_legacy_monolith	paraNdataMatrix[104][0]	ref	i18n.words_legacy_monolith:ParametersMain.galaxie
i18n.words_legacy_monolith	paraNdataMatrix[104][1]	tuple	7
i18n.words_legacy_monolith	paraNdataMatrix[104][1][0]	str	transcendentals_inside_outside
i18n.words_legacy_monolith	paraNdataMatrix[104][1][1]	str	insideOutsideStructure
i18n.words_legacy_monolith	paraNdataMatrix[104][1][2]	str	structurealiasInsideOutside
i18n.words_legacy_monolith	paraNdataMatrix[104][1][3]	str	structurealieninsideoutside
i18n.words_legacy_monolith	paraNdataMatrix[104][1][4]	str	structureinsideoutside
i18n.words_legacy_monolith	paraNdataMatrix[104][1][5]	str	interiorexteriorstructure
i18n.words_legacy_monolith	paraNdataMatrix[104][1][6]	str	transcendentalieninsideoutside
i18n.words_legacy_monolith	paraNdataMatrix[104][2]	set	1
i18n.words_legacy_monolith	paraNdataMatrix[104][2][0]	int	149
i18n.words_legacy_monolith	paraNdataMatrix[105]	tuple	3
i18n.words_legacy_monolith	paraNdataMatrix[105][0]	ref	i18n.words_legacy_monolith:ParametersMain.galaxie
i18n.words_legacy_monolith	paraNdataMatrix[105][1]	tuple	2
i18n.words_legacy_monolith	paraNdataMatrix[105][1][0]	str	modallogic
i18n.words_legacy_monolith	paraNdataMatrix[105][1][1]	str	modallogic
i18n.words_legacy_monolith	paraNdataMatrix[105][2]	set	1
i18n.words_legacy_monolith	paraNdataMatrix[105][2][0]	int	148
i18n.words_legacy_monolith	paraNdataMatrix[106]	tuple	3
i18n.words_legacy_monolith	paraNdataMatrix[106][0]	ref	i18n.words_legacy_monolith:ParametersMain.operationen
i18n.words_legacy_monolith	paraNdataMatrix[106][1]	tuple	7
i18n.words_legacy_monolith	paraNdataMatrix[106][1][0]	str	5
i18n.words_legacy_monolith	paraNdataMatrix[106][1][1]	str	five
i18n.words_legacy_monolith	paraNdataMatrix[106][1][2]	str	five
i18n.words_legacy_monolith	paraNdataMatrix[106][1][3]	str	structureOfFive
i18n.words_legacy_monolith	paraNdataMatrix[106][1][4]	str	five
i18n.words_legacy_monolith	paraNdataMatrix[106][1][5]	str	five
i18n.words_legacy_monolith	paraNdataMatrix[106][1][6]	str	structureoffive
i18n.words_legacy_monolith	paraNdataMatrix[106][2]	set	1
i18n.words_legacy_monolith	paraNdataMatrix[106][2][0]	int	96
i18n.words_legacy_monolith	paraNdataMatrix[107]	tuple	3
i18n.words_legacy_monolith	paraNdataMatrix[107][0]	ref	i18n.words_legacy_monolith:ParametersMain.operationen
i18n.words_legacy_monolith	paraNdataMatrix[107][1]	tuple	4
i18n.words_legacy_monolith	paraNdataMatrix[107][1][0]	str	9
i18n.words_legacy_monolith	paraNdataMatrix[107][1][1]	str	nine
i18n.words_legacy_monolith	paraNdataMatrix[107][1][2]	str	nine
i18n.words_legacy_monolith	paraNdataMatrix[107][1][3]	str	nineStructure
i18n.words_legacy_monolith	paraNdataMatrix[107][2]	set	1
i18n.words_legacy_monolith	paraNdataMatrix[107][2][0]	int	94
i18n.words_legacy_monolith	paraNdataMatrix[108]	tuple	3
i18n.words_legacy_monolith	paraNdataMatrix[108][0]	ref	i18n.words_legacy_monolith:ParametersMain.operationen
i18n.words_legacy_monolith	paraNdataMatrix[108][1]	tuple	4
i18n.words_legacy_monolith	paraNdataMatrix[108][1][0]	str	3
i18n.words_legacy_monolith	paraNdataMatrix[108][1][1]	str	three
i18n.words_legacy_monolith	paraNdataMatrix[108][1][2]	str	three
i18n.words_legacy_monolith	paraNdataMatrix[108][1][3]	str	threeStructure
i18n.words_legacy_monolith	paraNdataMatrix[108][2]	set	4
i18n.words_legacy_monolith	paraNdataMatrix[108][2][0]	int	315
i18n.words_legacy_monolith	paraNdataMatrix[108][2][1]	int	316
i18n.words_legacy_monolith	paraNdataMatrix[108][2][2]	int	92
i18n.words_legacy_monolith	paraNdataMatrix[108][2][3]	int	93
i18n.words_legacy_monolith	paraNdataMatrix[109]	tuple	3
i18n.words_legacy_monolith	paraNdataMatrix[109][0]	ref	i18n.words_legacy_monolith:ParametersMain.strukturgroesse
i18n.words_legacy_monolith	paraNdataMatrix[109][1]	tuple	2
i18n.words_legacy_monolith	paraNdataMatrix[109][1][0]	str	light
i18n.words_legacy_monolith	paraNdataMatrix[109][1][1]	str	light
i18n.words_legacy_monolith	paraNdataMatrix[109][2]	set	3
i18n.words_legacy_monolith	paraNdataMatrix[109][2][0]	int	20
i18n.words_legacy_monolith	paraNdataMatrix[109][2][1]	int	27
i18n.words_legacy_monolith	paraNdataMatrix[109][2][2]	int	313
i18n.words_legacy_monolith	paraNdataMatrix[110]	tuple	3
i18n.words_legacy_monolith	paraNdataMatrix[110][0]	ref	i18n.words_legacy_monolith:ParametersMain.grundstrukturen
i18n.words_legacy_monolith	paraNdataMatrix[110][1]	tuple	9
i18n.words_legacy_monolith	paraNdataMatrix[110][1][0]	str	structureSize
i18n.words_legacy_monolith	paraNdataMatrix[110][1][1]	str	scale
i18n.words_legacy_monolith	paraNdataMatrix[110][1][2]	str	size
i18n.words_legacy_monolith	paraNdataMatrix[110][1][3]	str	size
i18n.words_legacy_monolith	paraNdataMatrix[110][1][4]	str	size
i18n.words_legacy_monolith	paraNdataMatrix[110][1][5]	str	structuresize
i18n.words_legacy_monolith	paraNdataMatrix[110][1][6]	str	structuresize
i18n.words_legacy_monolith	paraNdataMatrix[110][1][7]	str	structuresize
i18n.words_legacy_monolith	paraNdataMatrix[110][1][8]	str	structuresize
i18n.words_legacy_monolith	paraNdataMatrix[110][2]	set	6
i18n.words_legacy_monolith	paraNdataMatrix[110][2][0]	int	197
i18n.words_legacy_monolith	paraNdataMatrix[110][2][1]	int	21
i18n.words_legacy_monolith	paraNdataMatrix[110][2][2]	int	4
i18n.words_legacy_monolith	paraNdataMatrix[110][2][3]	int	425
i18n.words_legacy_monolith	paraNdataMatrix[110][2][4]	int	54
i18n.words_legacy_monolith	paraNdataMatrix[110][2][5]	int	745
i18n.words_legacy_monolith	paraNdataMatrix[111]	tuple	3
i18n.words_legacy_monolith	paraNdataMatrix[111][0]	ref	i18n.words_legacy_monolith:ParametersMain.strukturgroesse
i18n.words_legacy_monolith	paraNdataMatrix[111][1]	tuple	9
i18n.words_legacy_monolith	paraNdataMatrix[111][1][0]	str	structureSize
i18n.words_legacy_monolith	paraNdataMatrix[111][1][1]	str	scale
i18n.words_legacy_monolith	paraNdataMatrix[111][1][2]	str	size
i18n.words_legacy_monolith	paraNdataMatrix[111][1][3]	str	size
i18n.words_legacy_monolith	paraNdataMatrix[111][1][4]	str	size
i18n.words_legacy_monolith	paraNdataMatrix[111][1][5]	str	structuresize
i18n.words_legacy_monolith	paraNdataMatrix[111][1][6]	str	structuresize
i18n.words_legacy_monolith	paraNdataMatrix[111][1][7]	str	structuresize
i18n.words_legacy_monolith	paraNdataMatrix[111][1][8]	str	structuresize
i18n.words_legacy_monolith	paraNdataMatrix[111][2]	set	6
i18n.words_legacy_monolith	paraNdataMatrix[111][2][0]	int	197
i18n.words_legacy_monolith	paraNdataMatrix[111][2][1]	int	21
i18n.words_legacy_monolith	paraNdataMatrix[111][2][2]	int	4
i18n.words_legacy_monolith	paraNdataMatrix[111][2][3]	int	425
i18n.words_legacy_monolith	paraNdataMatrix[111][2][4]	int	54
i18n.words_legacy_monolith	paraNdataMatrix[111][2][5]	int	745
i18n.words_legacy_monolith	paraNdataMatrix[112]	tuple	3
i18n.words_legacy_monolith	paraNdataMatrix[112][0]	ref	i18n.words_legacy_monolith:ParametersMain.strukturgroesse
i18n.words_legacy_monolith	paraNdataMatrix[112][1]	tuple	3
i18n.words_legacy_monolith	paraNdataMatrix[112][1][0]	str	organizations
i18n.words_legacy_monolith	paraNdataMatrix[112][1][1]	str	organizations
i18n.words_legacy_monolith	paraNdataMatrix[112][1][2]	str	organization
i18n.words_legacy_monolith	paraNdataMatrix[112][2]	set	4
i18n.words_legacy_monolith	paraNdataMatrix[112][2][0]	int	30
i18n.words_legacy_monolith	paraNdataMatrix[112][2][1]	int	425
i18n.words_legacy_monolith	paraNdataMatrix[112][2][2]	int	745
i18n.words_legacy_monolith	paraNdataMatrix[112][2][3]	int	82
i18n.words_legacy_monolith	paraNdataMatrix[113]	tuple	3
i18n.words_legacy_monolith	paraNdataMatrix[113][0]	ref	i18n.words_legacy_monolith:ParametersMain.strukturgroesse
i18n.words_legacy_monolith	paraNdataMatrix[113][1]	tuple	3
i18n.words_legacy_monolith	paraNdataMatrix[113][1][0]	str	political_systems
i18n.words_legacy_monolith	paraNdataMatrix[113][1][1]	str	politicalsystems
i18n.words_legacy_monolith	paraNdataMatrix[113][1][2]	str	politics
i18n.words_legacy_monolith	paraNdataMatrix[113][2]	set	1
i18n.words_legacy_monolith	paraNdataMatrix[113][2][0]	int	83
i18n.words_legacy_monolith	paraNdataMatrix[114]	tuple	14
i18n.words_legacy_monolith	paraNdataMatrix[114][0]	ref	i18n.words_legacy_monolith:ParametersMain.universummetakonkret
i18n.words_legacy_monolith	paraNdataMatrix[114][1]	tuple	1
i18n.words_legacy_monolith	paraNdataMatrix[114][1][0]	str	meta
i18n.words_legacy_monolith	paraNdataMatrix[114][2]	set	0
i18n.words_legacy_monolith	paraNdataMatrix[114][3]	set	0
i18n.words_legacy_monolith	paraNdataMatrix[114][4]	set	0
i18n.words_legacy_monolith	paraNdataMatrix[114][5]	set	0
i18n.words_legacy_monolith	paraNdataMatrix[114][6]	set	0
i18n.words_legacy_monolith	paraNdataMatrix[114][7]	set	0
i18n.words_legacy_monolith	paraNdataMatrix[114][8]	set	0
i18n.words_legacy_monolith	paraNdataMatrix[114][9]	set	0
i18n.words_legacy_monolith	paraNdataMatrix[114][10]	set	0
i18n.words_legacy_monolith	paraNdataMatrix[114][11]	set	0
i18n.words_legacy_monolith	paraNdataMatrix[114][12]	set	0
i18n.words_legacy_monolith	paraNdataMatrix[114][13]	set	1
i18n.words_legacy_monolith	paraNdataMatrix[114][13][0]	tuple	2
i18n.words_legacy_monolith	paraNdataMatrix[114][13][0][0]	int	2
i18n.words_legacy_monolith	paraNdataMatrix[114][13][0][1]	int	0
i18n.words_legacy_monolith	paraNdataMatrix[115]	tuple	14
i18n.words_legacy_monolith	paraNdataMatrix[115][0]	ref	i18n.words_legacy_monolith:ParametersMain.universummetakonkret
i18n.words_legacy_monolith	paraNdataMatrix[115][1]	tuple	1
i18n.words_legacy_monolith	paraNdataMatrix[115][1][0]	str	concrete
i18n.words_legacy_monolith	paraNdataMatrix[115][2]	set	0
i18n.words_legacy_monolith	paraNdataMatrix[115][3]	set	0
i18n.words_legacy_monolith	paraNdataMatrix[115][4]	set	0
i18n.words_legacy_monolith	paraNdataMatrix[115][5]	set	0
i18n.words_legacy_monolith	paraNdataMatrix[115][6]	set	0
i18n.words_legacy_monolith	paraNdataMatrix[115][7]	set	0
i18n.words_legacy_monolith	paraNdataMatrix[115][8]	set	0
i18n.words_legacy_monolith	paraNdataMatrix[115][9]	set	0
i18n.words_legacy_monolith	paraNdataMatrix[115][10]	set	0
i18n.words_legacy_monolith	paraNdataMatrix[115][11]	set	0
i18n.words_legacy_monolith	paraNdataMatrix[115][12]	set	0
i18n.words_legacy_monolith	paraNdataMatrix[115][13]	set	1
i18n.words_legacy_monolith	paraNdataMatrix[115][13][0]	tuple	2
i18n.words_legacy_monolith	paraNdataMatrix[115][13][0][0]	int	2
i18n.words_legacy_monolith	paraNdataMatrix[115][13][0][1]	int	1
i18n.words_legacy_monolith	paraNdataMatrix[116]	tuple	14
i18n.words_legacy_monolith	paraNdataMatrix[116][0]	ref	i18n.words_legacy_monolith:ParametersMain.universummetakonkret
i18n.words_legacy_monolith	paraNdataMatrix[116][1]	tuple	2
i18n.words_legacy_monolith	paraNdataMatrix[116][1][0]	str	theory
i18n.words_legacy_monolith	paraNdataMatrix[116][1][1]	str	theory
i18n.words_legacy_monolith	paraNdataMatrix[116][2]	set	0
i18n.words_legacy_monolith	paraNdataMatrix[116][3]	set	0
i18n.words_legacy_monolith	paraNdataMatrix[116][4]	set	0
i18n.words_legacy_monolith	paraNdataMatrix[116][5]	set	0
i18n.words_legacy_monolith	paraNdataMatrix[116][6]	set	0
i18n.words_legacy_monolith	paraNdataMatrix[116][7]	set	0
i18n.words_legacy_monolith	paraNdataMatrix[116][8]	set	0
i18n.words_legacy_monolith	paraNdataMatrix[116][9]	set	0
i18n.words_legacy_monolith	paraNdataMatrix[116][10]	set	0
i18n.words_legacy_monolith	paraNdataMatrix[116][11]	set	0
i18n.words_legacy_monolith	paraNdataMatrix[116][12]	set	0
i18n.words_legacy_monolith	paraNdataMatrix[116][13]	set	1
i18n.words_legacy_monolith	paraNdataMatrix[116][13][0]	tuple	2
i18n.words_legacy_monolith	paraNdataMatrix[116][13][0][0]	int	3
i18n.words_legacy_monolith	paraNdataMatrix[116][13][0][1]	int	0
i18n.words_legacy_monolith	paraNdataMatrix[117]	tuple	14
i18n.words_legacy_monolith	paraNdataMatrix[117][0]	ref	i18n.words_legacy_monolith:ParametersMain.universummetakonkret
i18n.words_legacy_monolith	paraNdataMatrix[117][1]	tuple	2
i18n.words_legacy_monolith	paraNdataMatrix[117][1][0]	str	practice
i18n.words_legacy_monolith	paraNdataMatrix[117][1][1]	str	practice
i18n.words_legacy_monolith	paraNdataMatrix[117][2]	set	0
i18n.words_legacy_monolith	paraNdataMatrix[117][3]	set	0
i18n.words_legacy_monolith	paraNdataMatrix[117][4]	set	0
i18n.words_legacy_monolith	paraNdataMatrix[117][5]	set	0
i18n.words_legacy_monolith	paraNdataMatrix[117][6]	set	0
i18n.words_legacy_monolith	paraNdataMatrix[117][7]	set	0
i18n.words_legacy_monolith	paraNdataMatrix[117][8]	set	0
i18n.words_legacy_monolith	paraNdataMatrix[117][9]	set	0
i18n.words_legacy_monolith	paraNdataMatrix[117][10]	set	0
i18n.words_legacy_monolith	paraNdataMatrix[117][11]	set	0
i18n.words_legacy_monolith	paraNdataMatrix[117][12]	set	0
i18n.words_legacy_monolith	paraNdataMatrix[117][13]	set	1
i18n.words_legacy_monolith	paraNdataMatrix[117][13][0]	tuple	2
i18n.words_legacy_monolith	paraNdataMatrix[117][13][0][0]	int	3
i18n.words_legacy_monolith	paraNdataMatrix[117][13][0][1]	int	1
i18n.words_legacy_monolith	paraNdataMatrix[118]	tuple	14
i18n.words_legacy_monolith	paraNdataMatrix[118][0]	ref	i18n.words_legacy_monolith:ParametersMain.universummetakonkret
i18n.words_legacy_monolith	paraNdataMatrix[118][1]	tuple	3
i18n.words_legacy_monolith	paraNdataMatrix[118][1][0]	str	management
i18n.words_legacy_monolith	paraNdataMatrix[118][1][1]	str	management
i18n.words_legacy_monolith	paraNdataMatrix[118][1][2]	str	congestion
i18n.words_legacy_monolith	paraNdataMatrix[118][2]	set	0
i18n.words_legacy_monolith	paraNdataMatrix[118][3]	set	0
i18n.words_legacy_monolith	paraNdataMatrix[118][4]	set	0
i18n.words_legacy_monolith	paraNdataMatrix[118][5]	set	0
i18n.words_legacy_monolith	paraNdataMatrix[118][6]	set	0
i18n.words_legacy_monolith	paraNdataMatrix[118][7]	set	0
i18n.words_legacy_monolith	paraNdataMatrix[118][8]	set	0
i18n.words_legacy_monolith	paraNdataMatrix[118][9]	set	0
i18n.words_legacy_monolith	paraNdataMatrix[118][10]	set	0
i18n.words_legacy_monolith	paraNdataMatrix[118][11]	set	0
i18n.words_legacy_monolith	paraNdataMatrix[118][12]	set	0
i18n.words_legacy_monolith	paraNdataMatrix[118][13]	set	1
i18n.words_legacy_monolith	paraNdataMatrix[118][13][0]	tuple	2
i18n.words_legacy_monolith	paraNdataMatrix[118][13][0][0]	int	4
i18n.words_legacy_monolith	paraNdataMatrix[118][13][0][1]	int	0
i18n.words_legacy_monolith	paraNdataMatrix[119]	tuple	14
i18n.words_legacy_monolith	paraNdataMatrix[119][0]	ref	i18n.words_legacy_monolith:ParametersMain.universummetakonkret
i18n.words_legacy_monolith	paraNdataMatrix[119][1]	tuple	3
i18n.words_legacy_monolith	paraNdataMatrix[119][1][0]	str	changing
i18n.words_legacy_monolith	paraNdataMatrix[119][1][1]	str	changing
i18n.words_legacy_monolith	paraNdataMatrix[119][1][2]	str	flow
i18n.words_legacy_monolith	paraNdataMatrix[119][2]	set	0
i18n.words_legacy_monolith	paraNdataMatrix[119][3]	set	0
i18n.words_legacy_monolith	paraNdataMatrix[119][4]	set	0
i18n.words_legacy_monolith	paraNdataMatrix[119][5]	set	0
i18n.words_legacy_monolith	paraNdataMatrix[119][6]	set	0
i18n.words_legacy_monolith	paraNdataMatrix[119][7]	set	0
i18n.words_legacy_monolith	paraNdataMatrix[119][8]	set	0
i18n.words_legacy_monolith	paraNdataMatrix[119][9]	set	0
i18n.words_legacy_monolith	paraNdataMatrix[119][10]	set	0
i18n.words_legacy_monolith	paraNdataMatrix[119][11]	set	0
i18n.words_legacy_monolith	paraNdataMatrix[119][12]	set	0
i18n.words_legacy_monolith	paraNdataMatrix[119][13]	set	1
i18n.words_legacy_monolith	paraNdataMatrix[119][13][0]	tuple	2
i18n.words_legacy_monolith	paraNdataMatrix[119][13][0][0]	int	4
i18n.words_legacy_monolith	paraNdataMatrix[119][13][0][1]	int	1
i18n.words_legacy_monolith	paraNdataMatrix[120]	tuple	14
i18n.words_legacy_monolith	paraNdataMatrix[120][0]	ref	i18n.words_legacy_monolith:ParametersMain.universummetakonkret
i18n.words_legacy_monolith	paraNdataMatrix[120][1]	tuple	3
i18n.words_legacy_monolith	paraNdataMatrix[120][1][0]	str	discrete
i18n.words_legacy_monolith	paraNdataMatrix[120][1][1]	str	mathematical_discrete
i18n.words_legacy_monolith	paraNdataMatrix[120][1][2]	str	discrete
i18n.words_legacy_monolith	paraNdataMatrix[120][2]	set	0
i18n.words_legacy_monolith	paraNdataMatrix[120][3]	set	0
i18n.words_legacy_monolith	paraNdataMatrix[120][4]	set	0
i18n.words_legacy_monolith	paraNdataMatrix[120][5]	set	0
i18n.words_legacy_monolith	paraNdataMatrix[120][6]	set	0
i18n.words_legacy_monolith	paraNdataMatrix[120][7]	set	0
i18n.words_legacy_monolith	paraNdataMatrix[120][8]	set	0
i18n.words_legacy_monolith	paraNdataMatrix[120][9]	set	0
i18n.words_legacy_monolith	paraNdataMatrix[120][10]	set	0
i18n.words_legacy_monolith	paraNdataMatrix[120][11]	set	0
i18n.words_legacy_monolith	paraNdataMatrix[120][12]	set	0
i18n.words_legacy_monolith	paraNdataMatrix[120][13]	set	1
i18n.words_legacy_monolith	paraNdataMatrix[120][13][0]	tuple	2
i18n.words_legacy_monolith	paraNdataMatrix[120][13][0][0]	int	5
i18n.words_legacy_monolith	paraNdataMatrix[120][13][0][1]	int	0
i18n.words_legacy_monolith	paraNdataMatrix[121]	tuple	14
i18n.words_legacy_monolith	paraNdataMatrix[121][0]	ref	i18n.words_legacy_monolith:ParametersMain.universummetakonkret
i18n.words_legacy_monolith	paraNdataMatrix[121][1]	tuple	3
i18n.words_legacy_monolith	paraNdataMatrix[121][1][0]	str	beyond_that
i18n.words_legacy_monolith	paraNdataMatrix[121][1][1]	str	beyond
i18n.words_legacy_monolith	paraNdataMatrix[121][1][2]	str	continuous
i18n.words_legacy_monolith	paraNdataMatrix[121][2]	set	0
i18n.words_legacy_monolith	paraNdataMatrix[121][3]	set	0
i18n.words_legacy_monolith	paraNdataMatrix[121][4]	set	0
i18n.words_legacy_monolith	paraNdataMatrix[121][5]	set	0
i18n.words_legacy_monolith	paraNdataMatrix[121][6]	set	0
i18n.words_legacy_monolith	paraNdataMatrix[121][7]	set	0
i18n.words_legacy_monolith	paraNdataMatrix[121][8]	set	0
i18n.words_legacy_monolith	paraNdataMatrix[121][9]	set	0
i18n.words_legacy_monolith	paraNdataMatrix[121][10]	set	0
i18n.words_legacy_monolith	paraNdataMatrix[121][11]	set	0
i18n.words_legacy_monolith	paraNdataMatrix[121][12]	set	0
i18n.words_legacy_monolith	paraNdataMatrix[121][13]	set	1
i18n.words_legacy_monolith	paraNdataMatrix[121][13][0]	tuple	2
i18n.words_legacy_monolith	paraNdataMatrix[121][13][0][0]	int	5
i18n.words_legacy_monolith	paraNdataMatrix[121][13][0][1]	int	1
i18n.words_legacy_monolith	paraNdataMatrix[122]	tuple	7
i18n.words_legacy_monolith	paraNdataMatrix[122][0]	ref	i18n.words_legacy_monolith:ParametersMain.primzahlwirkung
i18n.words_legacy_monolith	paraNdataMatrix[122][1]	tuple	6
i18n.words_legacy_monolith	paraNdataMatrix[122][1][0]	str	Universe_Structurals_Transcendentals
i18n.words_legacy_monolith	paraNdataMatrix[122][1][1]	str	universe
i18n.words_legacy_monolith	paraNdataMatrix[122][1][2]	str	structuralia
i18n.words_legacy_monolith	paraNdataMatrix[122][1][3]	str	structurals
i18n.words_legacy_monolith	paraNdataMatrix[122][1][4]	str	transcendentals
i18n.words_legacy_monolith	paraNdataMatrix[122][1][5]	str	transcendentalia
i18n.words_legacy_monolith	paraNdataMatrix[122][2]	set	0
i18n.words_legacy_monolith	paraNdataMatrix[122][3]	set	0
i18n.words_legacy_monolith	paraNdataMatrix[122][4]	set	0
i18n.words_legacy_monolith	paraNdataMatrix[122][5]	set	0
i18n.words_legacy_monolith	paraNdataMatrix[122][6]	set	1
i18n.words_legacy_monolith	paraNdataMatrix[122][6][0]	tuple	1
i18n.words_legacy_monolith	paraNdataMatrix[122][6][0][0]	int	5
i18n.words_legacy_monolith	paraNdataMatrix[123]	tuple	7
i18n.words_legacy_monolith	paraNdataMatrix[123][0]	ref	i18n.words_legacy_monolith:ParametersMain.primzahlwirkung
i18n.words_legacy_monolith	paraNdataMatrix[123][1]	tuple	2
i18n.words_legacy_monolith	paraNdataMatrix[123][1][0]	str	direction_as_direction
i18n.words_legacy_monolith	paraNdataMatrix[123][1][1]	str	directiondirection
i18n.words_legacy_monolith	paraNdataMatrix[123][2]	set	0
i18n.words_legacy_monolith	paraNdataMatrix[123][3]	set	0
i18n.words_legacy_monolith	paraNdataMatrix[123][4]	set	0
i18n.words_legacy_monolith	paraNdataMatrix[123][5]	set	0
i18n.words_legacy_monolith	paraNdataMatrix[123][6]	set	1
i18n.words_legacy_monolith	paraNdataMatrix[123][6][0]	tuple	1
i18n.words_legacy_monolith	paraNdataMatrix[123][6][0][0]	none	
i18n.words_legacy_monolith	paraNdataMatrix[124]	tuple	7
i18n.words_legacy_monolith	paraNdataMatrix[124][0]	ref	i18n.words_legacy_monolith:ParametersMain.primzahlwirkung
i18n.words_legacy_monolith	paraNdataMatrix[124][1]	tuple	7
i18n.words_legacy_monolith	paraNdataMatrix[124][1][0]	str	galaxyintention
i18n.words_legacy_monolith	paraNdataMatrix[124][1][1]	str	intentionGalaxy
i18n.words_legacy_monolith	paraNdataMatrix[124][1][2]	str	intent
i18n.words_legacy_monolith	paraNdataMatrix[124][1][3]	str	motifs
i18n.words_legacy_monolith	paraNdataMatrix[124][1][4]	str	motive
i18n.words_legacy_monolith	paraNdataMatrix[124][1][5]	str	intentions
i18n.words_legacy_monolith	paraNdataMatrix[124][1][6]	str	galaxy
i18n.words_legacy_monolith	paraNdataMatrix[124][2]	set	0
i18n.words_legacy_monolith	paraNdataMatrix[124][3]	set	0
i18n.words_legacy_monolith	paraNdataMatrix[124][4]	set	0
i18n.words_legacy_monolith	paraNdataMatrix[124][5]	set	0
i18n.words_legacy_monolith	paraNdataMatrix[124][6]	set	1
i18n.words_legacy_monolith	paraNdataMatrix[124][6][0]	ref	i18n.words_legacy_monolith:paraNdataMatrix[34][6][0]
i18n.words_legacy_monolith	paraNdataMatrix[125]	tuple	7
i18n.words_legacy_monolith	paraNdataMatrix[125][0]	ref	i18n.words_legacy_monolith:ParametersMain.primzahlwirkung
i18n.words_legacy_monolith	paraNdataMatrix[125][1]	tuple	7
i18n.words_legacy_monolith	paraNdataMatrix[125][1][0]	str	intention_reciprocal_galaxy
i18n.words_legacy_monolith	paraNdataMatrix[125][1][1]	str	intentGalaxyReciprocal
i18n.words_legacy_monolith	paraNdataMatrix[125][1][2]	str	intentReciprocal
i18n.words_legacy_monolith	paraNdataMatrix[125][1][3]	str	motivereciprocal
i18n.words_legacy_monolith	paraNdataMatrix[125][1][4]	str	motivereciprocal
i18n.words_legacy_monolith	paraNdataMatrix[125][1][5]	str	reciprocalofintention
i18n.words_legacy_monolith	paraNdataMatrix[125][1][6]	str	galaxyreciprocal
i18n.words_legacy_monolith	paraNdataMatrix[125][2]	set	0
i18n.words_legacy_monolith	paraNdataMatrix[125][3]	set	0
i18n.words_legacy_monolith	paraNdataMatrix[125][4]	set	0
i18n.words_legacy_monolith	paraNdataMatrix[125][5]	set	0
i18n.words_legacy_monolith	paraNdataMatrix[125][6]	set	1
i18n.words_legacy_monolith	paraNdataMatrix[125][6][0]	tuple	1
i18n.words_legacy_monolith	paraNdataMatrix[125][6][0][0]	int	42
i18n.words_legacy_monolith	paraNdataMatrix[126]	tuple	7
i18n.words_legacy_monolith	paraNdataMatrix[126][0]	ref	i18n.words_legacy_monolith:ParametersMain.primzahlwirkung
i18n.words_legacy_monolith	paraNdataMatrix[126][1]	tuple	6
i18n.words_legacy_monolith	paraNdataMatrix[126][1][0]	str	universe_reciprocal
i18n.words_legacy_monolith	paraNdataMatrix[126][1][1]	str	universeReciprocal
i18n.words_legacy_monolith	paraNdataMatrix[126][1][2]	str	structuralReciprocal
i18n.words_legacy_monolith	paraNdataMatrix[126][1][3]	str	structuralreciprocal
i18n.words_legacy_monolith	paraNdataMatrix[126][1][4]	str	transcendentalreciprocal
i18n.words_legacy_monolith	paraNdataMatrix[126][1][5]	str	transcendentalreciprocal
i18n.words_legacy_monolith	paraNdataMatrix[126][2]	set	0
i18n.words_legacy_monolith	paraNdataMatrix[126][3]	set	0
i18n.words_legacy_monolith	paraNdataMatrix[126][4]	set	0
i18n.words_legacy_monolith	paraNdataMatrix[126][5]	set	0
i18n.words_legacy_monolith	paraNdataMatrix[126][6]	set	1
i18n.words_legacy_monolith	paraNdataMatrix[126][6][0]	tuple	1
i18n.words_legacy_monolith	paraNdataMatrix[126][6][0][0]	int	131
i18n.words_legacy_monolith	paraNdataMatrix[127]	tuple	7
i18n.words_legacy_monolith	paraNdataMatrix[127][0]	ref	i18n.words_legacy_monolith:ParametersMain.primzahlwirkung
i18n.words_legacy_monolith	paraNdataMatrix[127][1]	tuple	5
i18n.words_legacy_monolith	paraNdataMatrix[127][1][0]	str	counter-transcendental
i18n.words_legacy_monolith	paraNdataMatrix[127][1][1]	str	against-against-transcendentalism
i18n.words_legacy_monolith	paraNdataMatrix[127][1][2]	str	against-against-transcendentalism
i18n.words_legacy_monolith	paraNdataMatrix[127][1][3]	str	against-against-structurals
i18n.words_legacy_monolith	paraNdataMatrix[127][1][4]	str	against-against-structural
i18n.words_legacy_monolith	paraNdataMatrix[127][2]	set	0
i18n.words_legacy_monolith	paraNdataMatrix[127][3]	set	0
i18n.words_legacy_monolith	paraNdataMatrix[127][4]	set	0
i18n.words_legacy_monolith	paraNdataMatrix[127][5]	set	0
i18n.words_legacy_monolith	paraNdataMatrix[127][6]	set	1
i18n.words_legacy_monolith	paraNdataMatrix[127][6][0]	tuple	1
i18n.words_legacy_monolith	paraNdataMatrix[127][6][0][0]	int	138
i18n.words_legacy_monolith	paraNdataMatrix[128]	tuple	7
i18n.words_legacy_monolith	paraNdataMatrix[128][0]	ref	i18n.words_legacy_monolith:ParametersMain.primzahlwirkung
i18n.words_legacy_monolith	paraNdataMatrix[128][1]	tuple	5
i18n.words_legacy_monolith	paraNdataMatrix[128][1][0]	str	neutral_opposite_transcendentalia
i18n.words_legacy_monolith	paraNdataMatrix[128][1][1]	str	neutral_against_transcendentalism
i18n.words_legacy_monolith	paraNdataMatrix[128][1][2]	str	neutralCounterTranscendentalism
i18n.words_legacy_monolith	paraNdataMatrix[128][1][3]	str	neutralcounterstructuralism
i18n.words_legacy_monolith	paraNdataMatrix[128][1][4]	str	neutral-versus-structural
i18n.words_legacy_monolith	paraNdataMatrix[128][2]	set	0
i18n.words_legacy_monolith	paraNdataMatrix[128][3]	set	0
i18n.words_legacy_monolith	paraNdataMatrix[128][4]	set	0
i18n.words_legacy_monolith	paraNdataMatrix[128][5]	set	0
i18n.words_legacy_monolith	paraNdataMatrix[128][6]	set	1
i18n.words_legacy_monolith	paraNdataMatrix[128][6][0]	tuple	1
i18n.words_legacy_monolith	paraNdataMatrix[128][6][0][0]	int	202
i18n.words_legacy_monolith	paraNdataMatrix[129]	tuple	14
i18n.words_legacy_monolith	paraNdataMatrix[129][0]	ref	i18n.words_legacy_monolith:ParametersMain.universummetakonkret
i18n.words_legacy_monolith	paraNdataMatrix[129][1]	tuple	5
i18n.words_legacy_monolith	paraNdataMatrix[129][1][0]	str	enterprise_business
i18n.words_legacy_monolith	paraNdataMatrix[129][1][1]	str	enterprise
i18n.words_legacy_monolith	paraNdataMatrix[129][1][2]	str	enterprise
i18n.words_legacy_monolith	paraNdataMatrix[129][1][3]	str	business
i18n.words_legacy_monolith	paraNdataMatrix[129][1][4]	str	business
i18n.words_legacy_monolith	paraNdataMatrix[129][2]	set	0
i18n.words_legacy_monolith	paraNdataMatrix[129][3]	set	0
i18n.words_legacy_monolith	paraNdataMatrix[129][4]	set	0
i18n.words_legacy_monolith	paraNdataMatrix[129][5]	set	0
i18n.words_legacy_monolith	paraNdataMatrix[129][6]	set	0
i18n.words_legacy_monolith	paraNdataMatrix[129][7]	set	0
i18n.words_legacy_monolith	paraNdataMatrix[129][8]	set	0
i18n.words_legacy_monolith	paraNdataMatrix[129][9]	set	0
i18n.words_legacy_monolith	paraNdataMatrix[129][10]	set	0
i18n.words_legacy_monolith	paraNdataMatrix[129][11]	set	0
i18n.words_legacy_monolith	paraNdataMatrix[129][12]	set	0
i18n.words_legacy_monolith	paraNdataMatrix[129][13]	set	1
i18n.words_legacy_monolith	paraNdataMatrix[129][13][0]	tuple	2
i18n.words_legacy_monolith	paraNdataMatrix[129][13][0][0]	int	6
i18n.words_legacy_monolith	paraNdataMatrix[129][13][0][1]	int	0
i18n.words_legacy_monolith	paraNdataMatrix[130]	tuple	14
i18n.words_legacy_monolith	paraNdataMatrix[130][0]	ref	i18n.words_legacy_monolith:ParametersMain.universummetakonkret
i18n.words_legacy_monolith	paraNdataMatrix[130][1]	tuple	2
i18n.words_legacy_monolith	paraNdataMatrix[130][1][0]	str	valuable
i18n.words_legacy_monolith	paraNdataMatrix[130][1][1]	str	value
i18n.words_legacy_monolith	paraNdataMatrix[130][2]	set	0
i18n.words_legacy_monolith	paraNdataMatrix[130][3]	set	0
i18n.words_legacy_monolith	paraNdataMatrix[130][4]	set	0
i18n.words_legacy_monolith	paraNdataMatrix[130][5]	set	0
i18n.words_legacy_monolith	paraNdataMatrix[130][6]	set	0
i18n.words_legacy_monolith	paraNdataMatrix[130][7]	set	0
i18n.words_legacy_monolith	paraNdataMatrix[130][8]	set	0
i18n.words_legacy_monolith	paraNdataMatrix[130][9]	set	0
i18n.words_legacy_monolith	paraNdataMatrix[130][10]	set	0
i18n.words_legacy_monolith	paraNdataMatrix[130][11]	set	0
i18n.words_legacy_monolith	paraNdataMatrix[130][12]	set	0
i18n.words_legacy_monolith	paraNdataMatrix[130][13]	set	1
i18n.words_legacy_monolith	paraNdataMatrix[130][13][0]	tuple	2
i18n.words_legacy_monolith	paraNdataMatrix[130][13][0][0]	int	6
i18n.words_legacy_monolith	paraNdataMatrix[130][13][0][1]	int	1
i18n.words_legacy_monolith	paraNdataMatrix[131]	tuple	14
i18n.words_legacy_monolith	paraNdataMatrix[131][0]	ref	i18n.words_legacy_monolith:ParametersMain.universummetakonkret
i18n.words_legacy_monolith	paraNdataMatrix[131][1]	tuple	3
i18n.words_legacy_monolith	paraNdataMatrix[131][1][0]	str	mastery
i18n.words_legacy_monolith	paraNdataMatrix[131][1][1]	str	rule
i18n.words_legacy_monolith	paraNdataMatrix[131][1][2]	str	rule
i18n.words_legacy_monolith	paraNdataMatrix[131][2]	set	0
i18n.words_legacy_monolith	paraNdataMatrix[131][3]	set	0
i18n.words_legacy_monolith	paraNdataMatrix[131][4]	set	0
i18n.words_legacy_monolith	paraNdataMatrix[131][5]	set	0
i18n.words_legacy_monolith	paraNdataMatrix[131][6]	set	0
i18n.words_legacy_monolith	paraNdataMatrix[131][7]	set	0
i18n.words_legacy_monolith	paraNdataMatrix[131][8]	set	0
i18n.words_legacy_monolith	paraNdataMatrix[131][9]	set	0
i18n.words_legacy_monolith	paraNdataMatrix[131][10]	set	0
i18n.words_legacy_monolith	paraNdataMatrix[131][11]	set	0
i18n.words_legacy_monolith	paraNdataMatrix[131][12]	set	0
i18n.words_legacy_monolith	paraNdataMatrix[131][13]	set	1
i18n.words_legacy_monolith	paraNdataMatrix[131][13][0]	tuple	2
i18n.words_legacy_monolith	paraNdataMatrix[131][13][0][0]	int	7
i18n.words_legacy_monolith	paraNdataMatrix[131][13][0][1]	int	0
i18n.words_legacy_monolith	paraNdataMatrix[132]	tuple	14
i18n.words_legacy_monolith	paraNdataMatrix[132][0]	ref	i18n.words_legacy_monolith:ParametersMain.universummetakonkret
i18n.words_legacy_monolith	paraNdataMatrix[132][1]	tuple	3
i18n.words_legacy_monolith	paraNdataMatrix[132][1][0]	str	direction
i18n.words_legacy_monolith	paraNdataMatrix[132][1][1]	str	direction
i18n.words_legacy_monolith	paraNdataMatrix[132][1][2]	str	good
i18n.words_legacy_monolith	paraNdataMatrix[132][2]	set	0
i18n.words_legacy_monolith	paraNdataMatrix[132][3]	set	0
i18n.words_legacy_monolith	paraNdataMatrix[132][4]	set	0
i18n.words_legacy_monolith	paraNdataMatrix[132][5]	set	0
i18n.words_legacy_monolith	paraNdataMatrix[132][6]	set	0
i18n.words_legacy_monolith	paraNdataMatrix[132][7]	set	0
i18n.words_legacy_monolith	paraNdataMatrix[132][8]	set	0
i18n.words_legacy_monolith	paraNdataMatrix[132][9]	set	0
i18n.words_legacy_monolith	paraNdataMatrix[132][10]	set	0
i18n.words_legacy_monolith	paraNdataMatrix[132][11]	set	0
i18n.words_legacy_monolith	paraNdataMatrix[132][12]	set	0
i18n.words_legacy_monolith	paraNdataMatrix[132][13]	set	1
i18n.words_legacy_monolith	paraNdataMatrix[132][13][0]	tuple	2
i18n.words_legacy_monolith	paraNdataMatrix[132][13][0][0]	int	7
i18n.words_legacy_monolith	paraNdataMatrix[132][13][0][1]	int	1
i18n.words_legacy_monolith	paraNdataMatrix[133]	tuple	3
i18n.words_legacy_monolith	paraNdataMatrix[133][0]	ref	i18n.words_legacy_monolith:ParametersMain.universum
i18n.words_legacy_monolith	paraNdataMatrix[133][1]	tuple	3
i18n.words_legacy_monolith	paraNdataMatrix[133][1][0]	str	analytic_ontology
i18n.words_legacy_monolith	paraNdataMatrix[133][1][1]	str	analyticontology
i18n.words_legacy_monolith	paraNdataMatrix[133][1][2]	str	ontology
i18n.words_legacy_monolith	paraNdataMatrix[133][2]	set	1
i18n.words_legacy_monolith	paraNdataMatrix[133][2][0]	int	84
i18n.words_legacy_monolith	paraNdataMatrix[134]	tuple	3
i18n.words_legacy_monolith	paraNdataMatrix[134][0]	ref	i18n.words_legacy_monolith:ParametersMain.universum
i18n.words_legacy_monolith	paraNdataMatrix[134][1]	tuple	6
i18n.words_legacy_monolith	paraNdataMatrix[134][1][0]	str	countertranscendentals
i18n.words_legacy_monolith	paraNdataMatrix[134][1][1]	str	countertranscendentals
i18n.words_legacy_monolith	paraNdataMatrix[134][1][2]	str	counter-transcendental
i18n.words_legacy_monolith	paraNdataMatrix[134][1][3]	str	counter-structuralias
i18n.words_legacy_monolith	paraNdataMatrix[134][1][4]	str	counter-philoalias
i18n.words_legacy_monolith	paraNdataMatrix[134][1][5]	str	counteruniversals
i18n.words_legacy_monolith	paraNdataMatrix[134][2]	set	2
i18n.words_legacy_monolith	paraNdataMatrix[134][2][0]	int	138
i18n.words_legacy_monolith	paraNdataMatrix[134][2][1]	int	202
i18n.words_legacy_monolith	paraNdataMatrix[135]	tuple	3
i18n.words_legacy_monolith	paraNdataMatrix[135][0]	ref	i18n.words_legacy_monolith:ParametersMain.universum
i18n.words_legacy_monolith	paraNdataMatrix[135][1]	tuple	2
i18n.words_legacy_monolith	paraNdataMatrix[135][1][0]	str	systemthings
i18n.words_legacy_monolith	paraNdataMatrix[135][1][1]	str	systemthings
i18n.words_legacy_monolith	paraNdataMatrix[135][2]	set	1
i18n.words_legacy_monolith	paraNdataMatrix[135][2][0]	int	150
i18n.words_legacy_monolith	paraNdataMatrix[136]	tuple	3
i18n.words_legacy_monolith	paraNdataMatrix[136][0]	ref	i18n.words_legacy_monolith:ParametersMain.universum
i18n.words_legacy_monolith	paraNdataMatrix[136][1]	tuple	6
i18n.words_legacy_monolith	paraNdataMatrix[136][1][0]	str	transcendentals
i18n.words_legacy_monolith	paraNdataMatrix[136][1][1]	str	transcendentals
i18n.words_legacy_monolith	paraNdataMatrix[136][1][2]	str	transcendentalia
i18n.words_legacy_monolith	paraNdataMatrix[136][1][3]	str	structurals
i18n.words_legacy_monolith	paraNdataMatrix[136][1][4]	str	philoalias
i18n.words_legacy_monolith	paraNdataMatrix[136][1][5]	str	universals
i18n.words_legacy_monolith	paraNdataMatrix[136][2]	set	5
i18n.words_legacy_monolith	paraNdataMatrix[136][2][0]	int	198
i18n.words_legacy_monolith	paraNdataMatrix[136][2][1]	int	390
i18n.words_legacy_monolith	paraNdataMatrix[136][2][2]	int	5
i18n.words_legacy_monolith	paraNdataMatrix[136][2][3]	int	54
i18n.words_legacy_monolith	paraNdataMatrix[136][2][4]	int	55
i18n.words_legacy_monolith	paraNdataMatrix[137]	tuple	3
i18n.words_legacy_monolith	paraNdataMatrix[137][0]	ref	i18n.words_legacy_monolith:ParametersMain.universum
i18n.words_legacy_monolith	paraNdataMatrix[137][1]	tuple	6
i18n.words_legacy_monolith	paraNdataMatrix[137][1][0]	str	reciprocal_of_transcendentalia
i18n.words_legacy_monolith	paraNdataMatrix[137][1][1]	str	transcendentalreciprocal
i18n.words_legacy_monolith	paraNdataMatrix[137][1][2]	str	transcendentalreciprocal
i18n.words_legacy_monolith	paraNdataMatrix[137][1][3]	str	structuralreciprocal
i18n.words_legacy_monolith	paraNdataMatrix[137][1][4]	str	philoalienreciprocal
i18n.words_legacy_monolith	paraNdataMatrix[137][1][5]	str	universalsReciprocal
i18n.words_legacy_monolith	paraNdataMatrix[137][2]	set	2
i18n.words_legacy_monolith	paraNdataMatrix[137][2][0]	int	131
i18n.words_legacy_monolith	paraNdataMatrix[137][2][1]	int	201
i18n.words_legacy_monolith	paraNdataMatrix[138]	tuple	3
i18n.words_legacy_monolith	paraNdataMatrix[138][0]	ref	i18n.words_legacy_monolith:ParametersMain.universum
i18n.words_legacy_monolith	paraNdataMatrix[138][1]	tuple	2
i18n.words_legacy_monolith	paraNdataMatrix[138][1][0]	str	network
i18n.words_legacy_monolith	paraNdataMatrix[138][1][1]	str	network
i18n.words_legacy_monolith	paraNdataMatrix[138][2]	set	4
i18n.words_legacy_monolith	paraNdataMatrix[138][2][0]	int	25
i18n.words_legacy_monolith	paraNdataMatrix[138][2][1]	int	386
i18n.words_legacy_monolith	paraNdataMatrix[138][2][2]	int	390
i18n.words_legacy_monolith	paraNdataMatrix[138][2][3]	int	55
i18n.words_legacy_monolith	paraNdataMatrix[139]	tuple	3
i18n.words_legacy_monolith	paraNdataMatrix[139][0]	ref	i18n.words_legacy_monolith:ParametersMain.universum
i18n.words_legacy_monolith	paraNdataMatrix[139][1]	tuple	2
i18n.words_legacy_monolith	paraNdataMatrix[139][1][0]	str	why_transcendental_=_structure_size_=_character
i18n.words_legacy_monolith	paraNdataMatrix[139][1][1]	str	whytranscendentalstructuralsizeandcharacter
i18n.words_legacy_monolith	paraNdataMatrix[139][2]	set	4
i18n.words_legacy_monolith	paraNdataMatrix[139][2][0]	int	165
i18n.words_legacy_monolith	paraNdataMatrix[139][2][1]	int	4
i18n.words_legacy_monolith	paraNdataMatrix[139][2][2]	int	5
i18n.words_legacy_monolith	paraNdataMatrix[139][2][3]	int	54
i18n.words_legacy_monolith	paraNdataMatrix[140]	tuple	3
i18n.words_legacy_monolith	paraNdataMatrix[140][0]	ref	i18n.words_legacy_monolith:ParametersMain.universum
i18n.words_legacy_monolith	paraNdataMatrix[140][1]	tuple	2
i18n.words_legacy_monolith	paraNdataMatrix[140][1][0]	str	category
i18n.words_legacy_monolith	paraNdataMatrix[140][1][1]	str	category
i18n.words_legacy_monolith	paraNdataMatrix[140][2]	set	3
i18n.words_legacy_monolith	paraNdataMatrix[140][2][0]	int	204
i18n.words_legacy_monolith	paraNdataMatrix[140][2][1]	int	205
i18n.words_legacy_monolith	paraNdataMatrix[140][2][2]	int	281
i18n.words_legacy_monolith	paraNdataMatrix[141]	tuple	3
i18n.words_legacy_monolith	paraNdataMatrix[141][0]	ref	i18n.words_legacy_monolith:ParametersMain.universum
i18n.words_legacy_monolith	paraNdataMatrix[141][1]	tuple	2
i18n.words_legacy_monolith	paraNdataMatrix[141][1][0]	str	space-missions
i18n.words_legacy_monolith	paraNdataMatrix[141][1][1]	str	space
i18n.words_legacy_monolith	paraNdataMatrix[141][2]	set	1
i18n.words_legacy_monolith	paraNdataMatrix[141][2][0]	int	218
i18n.words_legacy_monolith	paraNdataMatrix[142]	tuple	3
i18n.words_legacy_monolith	paraNdataMatrix[142][0]	ref	i18n.words_legacy_monolith:ParametersMain.universum
i18n.words_legacy_monolith	paraNdataMatrix[142][1]	tuple	2
i18n.words_legacy_monolith	paraNdataMatrix[142][1][0]	str	programming-paradigms
i18n.words_legacy_monolith	paraNdataMatrix[142][1][1]	str	programmingparadigms
i18n.words_legacy_monolith	paraNdataMatrix[142][2]	set	1
i18n.words_legacy_monolith	paraNdataMatrix[142][2][0]	int	351
i18n.words_legacy_monolith	paraNdataMatrix[143]	tuple	3
i18n.words_legacy_monolith	paraNdataMatrix[143][0]	ref	i18n.words_legacy_monolith:ParametersMain.galaxie
i18n.words_legacy_monolith	paraNdataMatrix[143][1]	tuple	1
i18n.words_legacy_monolith	paraNdataMatrix[143][1][0]	str	ZergAliens_MenschenHumanoid_ProtosPraedatoren
i18n.words_legacy_monolith	paraNdataMatrix[143][2]	set	1
i18n.words_legacy_monolith	paraNdataMatrix[143][2][0]	int	521
i18n.words_legacy_monolith	paraNdataMatrix[144]	tuple	3
i18n.words_legacy_monolith	paraNdataMatrix[144][0]	ref	i18n.words_legacy_monolith:ParametersMain.galaxie
i18n.words_legacy_monolith	paraNdataMatrix[144][1]	tuple	2
i18n.words_legacy_monolith	paraNdataMatrix[144][1][0]	str	space-missions
i18n.words_legacy_monolith	paraNdataMatrix[144][1][1]	str	space
i18n.words_legacy_monolith	paraNdataMatrix[144][2]	set	1
i18n.words_legacy_monolith	paraNdataMatrix[144][2][0]	int	218
i18n.words_legacy_monolith	paraNdataMatrix[145]	tuple	3
i18n.words_legacy_monolith	paraNdataMatrix[145][0]	ref	i18n.words_legacy_monolith:ParametersMain.universum
i18n.words_legacy_monolith	paraNdataMatrix[145][1]	tuple	2
i18n.words_legacy_monolith	paraNdataMatrix[145][1][0]	str	mind__(15)
i18n.words_legacy_monolith	paraNdataMatrix[145][1][1]	str	mind
i18n.words_legacy_monolith	paraNdataMatrix[145][2]	set	2
i18n.words_legacy_monolith	paraNdataMatrix[145][2][0]	int	242
i18n.words_legacy_monolith	paraNdataMatrix[145][2][1]	int	426
i18n.words_legacy_monolith	paraNdataMatrix[146]	tuple	3
i18n.words_legacy_monolith	paraNdataMatrix[146][0]	ref	i18n.words_legacy_monolith:ParametersMain.universum
i18n.words_legacy_monolith	paraNdataMatrix[146][1]	tuple	2
i18n.words_legacy_monolith	paraNdataMatrix[146][1][0]	str	why_transcendental_=_complexity_by_Michael_Commons
i18n.words_legacy_monolith	paraNdataMatrix[146][1][1]	str	whyTranscendentalEqualsComplexity
i18n.words_legacy_monolith	paraNdataMatrix[146][2]	set	3
i18n.words_legacy_monolith	paraNdataMatrix[146][2][0]	int	166
i18n.words_legacy_monolith	paraNdataMatrix[146][2][1]	int	5
i18n.words_legacy_monolith	paraNdataMatrix[146][2][2]	int	65
i18n.words_legacy_monolith	paraNdataMatrix[147]	tuple	3
i18n.words_legacy_monolith	paraNdataMatrix[147][0]	ref	i18n.words_legacy_monolith:ParametersMain.grundstrukturen
i18n.words_legacy_monolith	paraNdataMatrix[147][1]	tuple	8
i18n.words_legacy_monolith	paraNdataMatrix[147][1][0]	str	model_of_Hierarchical_Complexity
i18n.words_legacy_monolith	paraNdataMatrix[147][1][1]	str	modelofhierarchicalcomplexity
i18n.words_legacy_monolith	paraNdataMatrix[147][1][2]	str	complex
i18n.words_legacy_monolith	paraNdataMatrix[147][1][3]	str	complexity
i18n.words_legacy_monolith	paraNdataMatrix[147][1][4]	str	complexity
i18n.words_legacy_monolith	paraNdataMatrix[147][1][5]	str	complexity
i18n.words_legacy_monolith	paraNdataMatrix[147][1][6]	str	model
i18n.words_legacy_monolith	paraNdataMatrix[147][1][7]	str	abstraction
i18n.words_legacy_monolith	paraNdataMatrix[147][2]	set	4
i18n.words_legacy_monolith	paraNdataMatrix[147][2][0]	int	203
i18n.words_legacy_monolith	paraNdataMatrix[147][2][1]	int	483
i18n.words_legacy_monolith	paraNdataMatrix[147][2][2]	int	65
i18n.words_legacy_monolith	paraNdataMatrix[147][2][3]	int	75
i18n.words_legacy_monolith	paraNdataMatrix[148]	tuple	3
i18n.words_legacy_monolith	paraNdataMatrix[148][0]	ref	i18n.words_legacy_monolith:ParametersMain.universum
i18n.words_legacy_monolith	paraNdataMatrix[148][1]	tuple	8
i18n.words_legacy_monolith	paraNdataMatrix[148][1][0]	str	model_of_Hierarchical_Complexity
i18n.words_legacy_monolith	paraNdataMatrix[148][1][1]	str	modelofhierarchicalcomplexity
i18n.words_legacy_monolith	paraNdataMatrix[148][1][2]	str	complex
i18n.words_legacy_monolith	paraNdataMatrix[148][1][3]	str	complexity
i18n.words_legacy_monolith	paraNdataMatrix[148][1][4]	str	complexity
i18n.words_legacy_monolith	paraNdataMatrix[148][1][5]	str	complexity
i18n.words_legacy_monolith	paraNdataMatrix[148][1][6]	str	model
i18n.words_legacy_monolith	paraNdataMatrix[148][1][7]	str	abstraction
i18n.words_legacy_monolith	paraNdataMatrix[148][2]	set	3
i18n.words_legacy_monolith	paraNdataMatrix[148][2][0]	int	203
i18n.words_legacy_monolith	paraNdataMatrix[148][2][1]	int	65
i18n.words_legacy_monolith	paraNdataMatrix[148][2][2]	int	75
i18n.words_legacy_monolith	paraNdataMatrix[149]	tuple	3
i18n.words_legacy_monolith	paraNdataMatrix[149][0]	ref	i18n.words_legacy_monolith:ParametersMain.multiversum
i18n.words_legacy_monolith	paraNdataMatrix[149][1]	tuple	8
i18n.words_legacy_monolith	paraNdataMatrix[149][1][0]	str	model_of_Hierarchical_Complexity
i18n.words_legacy_monolith	paraNdataMatrix[149][1][1]	str	modelofhierarchicalcomplexity
i18n.words_legacy_monolith	paraNdataMatrix[149][1][2]	str	complex
i18n.words_legacy_monolith	paraNdataMatrix[149][1][3]	str	complexity
i18n.words_legacy_monolith	paraNdataMatrix[149][1][4]	str	complexity
i18n.words_legacy_monolith	paraNdataMatrix[149][1][5]	str	complexity
i18n.words_legacy_monolith	paraNdataMatrix[149][1][6]	str	model
i18n.words_legacy_monolith	paraNdataMatrix[149][1][7]	str	abstraction
i18n.words_legacy_monolith	paraNdataMatrix[149][2]	set	3
i18n.words_legacy_monolith	paraNdataMatrix[149][2][0]	int	203
i18n.words_legacy_monolith	paraNdataMatrix[149][2][1]	int	65
i18n.words_legacy_monolith	paraNdataMatrix[149][2][2]	int	75
i18n.words_legacy_monolith	paraNdataMatrix[150]	tuple	3
i18n.words_legacy_monolith	paraNdataMatrix[150][0]	ref	i18n.words_legacy_monolith:ParametersMain.operationen
i18n.words_legacy_monolith	paraNdataMatrix[150][1]	tuple	7
i18n.words_legacy_monolith	paraNdataMatrix[150][1][0]	str	2
i18n.words_legacy_monolith	paraNdataMatrix[150][1][1]	str	two
i18n.words_legacy_monolith	paraNdataMatrix[150][1][2]	str	even
i18n.words_legacy_monolith	paraNdataMatrix[150][1][3]	str	odd
i18n.words_legacy_monolith	paraNdataMatrix[150][1][4]	str	alternation
i18n.words_legacy_monolith	paraNdataMatrix[150][1][5]	str	alternating
i18n.words_legacy_monolith	paraNdataMatrix[150][1][6]	str	dualstructure
i18n.words_legacy_monolith	paraNdataMatrix[150][2]	set	7
i18n.words_legacy_monolith	paraNdataMatrix[150][2][0]	int	331
i18n.words_legacy_monolith	paraNdataMatrix[150][2][1]	int	497
i18n.words_legacy_monolith	paraNdataMatrix[150][2][2]	int	498
i18n.words_legacy_monolith	paraNdataMatrix[150][2][3]	int	499
i18n.words_legacy_monolith	paraNdataMatrix[150][2][4]	int	78
i18n.words_legacy_monolith	paraNdataMatrix[150][2][5]	int	79
i18n.words_legacy_monolith	paraNdataMatrix[150][2][6]	int	80
i18n.words_legacy_monolith	paraNdataMatrix[151]	tuple	3
i18n.words_legacy_monolith	paraNdataMatrix[151][0]	ref	i18n.words_legacy_monolith:ParametersMain.operationen
i18n.words_legacy_monolith	paraNdataMatrix[151][1]	tuple	2
i18n.words_legacy_monolith	paraNdataMatrix[151][1][0]	str	multiplication
i18n.words_legacy_monolith	paraNdataMatrix[151][1][1]	str	multiplication
i18n.words_legacy_monolith	paraNdataMatrix[151][2]	set	1
i18n.words_legacy_monolith	paraNdataMatrix[151][2][0]	int	158
i18n.words_legacy_monolith	paraNdataMatrix[152]	tuple	3
i18n.words_legacy_monolith	paraNdataMatrix[152][0]	ref	i18n.words_legacy_monolith:ParametersMain.operationen
i18n.words_legacy_monolith	paraNdataMatrix[152][1]	tuple	4
i18n.words_legacy_monolith	paraNdataMatrix[152][1][0]	str	4
i18n.words_legacy_monolith	paraNdataMatrix[152][1][1]	str	four
i18n.words_legacy_monolith	paraNdataMatrix[152][1][2]	str	fourstructure
i18n.words_legacy_monolith	paraNdataMatrix[152][1][3]	str	sequencesoffour
i18n.words_legacy_monolith	paraNdataMatrix[152][2]	set	5
i18n.words_legacy_monolith	paraNdataMatrix[152][2][0]	int	104
i18n.words_legacy_monolith	paraNdataMatrix[152][2][1]	int	145
i18n.words_legacy_monolith	paraNdataMatrix[152][2][2]	int	76
i18n.words_legacy_monolith	paraNdataMatrix[152][2][3]	int	77
i18n.words_legacy_monolith	paraNdataMatrix[152][2][4]	int	81
i18n.words_legacy_monolith	paraNdataMatrix[153]	tuple	3
i18n.words_legacy_monolith	paraNdataMatrix[153][0]	ref	i18n.words_legacy_monolith:ParametersMain.menschliches
i18n.words_legacy_monolith	paraNdataMatrix[153][1]	tuple	2
i18n.words_legacy_monolith	paraNdataMatrix[153][1][0]	str	Weltordnung
i18n.words_legacy_monolith	paraNdataMatrix[153][1][1]	str	Zeitalter
i18n.words_legacy_monolith	paraNdataMatrix[153][2]	set	1
i18n.words_legacy_monolith	paraNdataMatrix[153][2][0]	int	522
i18n.words_legacy_monolith	paraNdataMatrix[154]	tuple	3
i18n.words_legacy_monolith	paraNdataMatrix[154][0]	ref	i18n.words_legacy_monolith:ParametersMain.menschliches
i18n.words_legacy_monolith	paraNdataMatrix[154][1]	tuple	1
i18n.words_legacy_monolith	paraNdataMatrix[154][1][0]	str	Himmel_Hoelle_Kettenmolekuele
i18n.words_legacy_monolith	paraNdataMatrix[154][2]	set	1
i18n.words_legacy_monolith	paraNdataMatrix[154][2][0]	int	526
i18n.words_legacy_monolith	paraNdataMatrix[155]	tuple	3
i18n.words_legacy_monolith	paraNdataMatrix[155][0]	ref	i18n.words_legacy_monolith:ParametersMain.menschliches
i18n.words_legacy_monolith	paraNdataMatrix[155][1]	tuple	1
i18n.words_legacy_monolith	paraNdataMatrix[155][1][0]	str	Spiele-Genre
i18n.words_legacy_monolith	paraNdataMatrix[155][2]	set	1
i18n.words_legacy_monolith	paraNdataMatrix[155][2][0]	int	525
i18n.words_legacy_monolith	paraNdataMatrix[156]	tuple	3
i18n.words_legacy_monolith	paraNdataMatrix[156][0]	ref	i18n.words_legacy_monolith:ParametersMain.menschliches
i18n.words_legacy_monolith	paraNdataMatrix[156][1]	tuple	1
i18n.words_legacy_monolith	paraNdataMatrix[156][1][0]	str	Land_Laender-Dach-Organisation
i18n.words_legacy_monolith	paraNdataMatrix[156][2]	set	1
i18n.words_legacy_monolith	paraNdataMatrix[156][2][0]	int	524
i18n.words_legacy_monolith	paraNdataMatrix[157]	tuple	3
i18n.words_legacy_monolith	paraNdataMatrix[157][0]	ref	i18n.words_legacy_monolith:ParametersMain.menschliches
i18n.words_legacy_monolith	paraNdataMatrix[157][1]	tuple	2
i18n.words_legacy_monolith	paraNdataMatrix[157][1][0]	str	Ränge
i18n.words_legacy_monolith	paraNdataMatrix[157][1][1]	str	raenge
i18n.words_legacy_monolith	paraNdataMatrix[157][2]	set	2
i18n.words_legacy_monolith	paraNdataMatrix[157][2][0]	int	520
i18n.words_legacy_monolith	paraNdataMatrix[157][2][1]	int	535
i18n.words_legacy_monolith	paraNdataMatrix[158]	tuple	3
i18n.words_legacy_monolith	paraNdataMatrix[158][0]	ref	i18n.words_legacy_monolith:ParametersMain.menschliches
i18n.words_legacy_monolith	paraNdataMatrix[158][1]	tuple	3
i18n.words_legacy_monolith	paraNdataMatrix[158][1][0]	str	socialclass
i18n.words_legacy_monolith	paraNdataMatrix[158][1][1]	str	class
i18n.words_legacy_monolith	paraNdataMatrix[158][1][2]	str	classes
i18n.words_legacy_monolith	paraNdataMatrix[158][2]	set	4
i18n.words_legacy_monolith	paraNdataMatrix[158][2][0]	int	241
i18n.words_legacy_monolith	paraNdataMatrix[158][2][1]	int	551
i18n.words_legacy_monolith	paraNdataMatrix[158][2][2]	int	555
i18n.words_legacy_monolith	paraNdataMatrix[158][2][3]	int	697
i18n.words_legacy_monolith	paraNdataMatrix[159]	tuple	4
i18n.words_legacy_monolith	paraNdataMatrix[159][0]	ref	i18n.words_legacy_monolith:ParametersMain.menschliches
i18n.words_legacy_monolith	paraNdataMatrix[159][1]	tuple	3
i18n.words_legacy_monolith	paraNdataMatrix[159][1][0]	str	Morale
i18n.words_legacy_monolith	paraNdataMatrix[159][1][1]	str	morality
i18n.words_legacy_monolith	paraNdataMatrix[159][1][2]	str	whymorals
i18n.words_legacy_monolith	paraNdataMatrix[159][2]	set	2
i18n.words_legacy_monolith	paraNdataMatrix[159][2][0]	int	215
i18n.words_legacy_monolith	paraNdataMatrix[159][2][1]	int	216
i18n.words_legacy_monolith	paraNdataMatrix[159][3]	set	1
i18n.words_legacy_monolith	paraNdataMatrix[159][3][0]	tuple	2
i18n.words_legacy_monolith	paraNdataMatrix[159][3][0][0]	int	216
i18n.words_legacy_monolith	paraNdataMatrix[159][3][0][1]	int	221
i18n.words_legacy_monolith	paraNdataMatrix[160]	tuple	3
i18n.words_legacy_monolith	paraNdataMatrix[160][0]	ref	i18n.words_legacy_monolith:ParametersMain.menschliches
i18n.words_legacy_monolith	paraNdataMatrix[160][1]	tuple	4
i18n.words_legacy_monolith	paraNdataMatrix[160][1][0]	str	specialties
i18n.words_legacy_monolith	paraNdataMatrix[160][1][1]	str	specialties
i18n.words_legacy_monolith	paraNdataMatrix[160][1][2]	str	specialties
i18n.words_legacy_monolith	paraNdataMatrix[160][1][3]	str	topics
i18n.words_legacy_monolith	paraNdataMatrix[160][2]	set	1
i18n.words_legacy_monolith	paraNdataMatrix[160][2][0]	int	183
i18n.words_legacy_monolith	paraNdataMatrix[161]	tuple	3
i18n.words_legacy_monolith	paraNdataMatrix[161][0]	ref	i18n.words_legacy_monolith:ParametersMain.wirtschaft
i18n.words_legacy_monolith	paraNdataMatrix[161][1]	tuple	4
i18n.words_legacy_monolith	paraNdataMatrix[161][1][0]	str	specialties
i18n.words_legacy_monolith	paraNdataMatrix[161][1][1]	str	specialties
i18n.words_legacy_monolith	paraNdataMatrix[161][1][2]	str	specialties
i18n.words_legacy_monolith	paraNdataMatrix[161][1][3]	str	topics
i18n.words_legacy_monolith	paraNdataMatrix[161][2]	set	1
i18n.words_legacy_monolith	paraNdataMatrix[161][2][0]	int	183
i18n.words_legacy_monolith	paraNdataMatrix[162]	tuple	3
i18n.words_legacy_monolith	paraNdataMatrix[162][0]	ref	i18n.words_legacy_monolith:ParametersMain.wirtschaft
i18n.words_legacy_monolith	paraNdataMatrix[162][1]	tuple	2
i18n.words_legacy_monolith	paraNdataMatrix[162][1][0]	str	plants
i18n.words_legacy_monolith	paraNdataMatrix[162][1][1]	str	plants
i18n.words_legacy_monolith	paraNdataMatrix[162][2]	set	1
i18n.words_legacy_monolith	paraNdataMatrix[162][2][0]	int	113
i18n.words_legacy_monolith	paraNdataMatrix[163]	tuple	3
i18n.words_legacy_monolith	paraNdataMatrix[163][0]	ref	i18n.words_legacy_monolith:ParametersMain.wirtschaft
i18n.words_legacy_monolith	paraNdataMatrix[163][1]	tuple	7
i18n.words_legacy_monolith	paraNdataMatrix[163][1][0]	str	machines
i18n.words_legacy_monolith	paraNdataMatrix[163][1][1]	str	machines
i18n.words_legacy_monolith	paraNdataMatrix[163][1][2]	str	machine
i18n.words_legacy_monolith	paraNdataMatrix[163][1][3]	str	machine
i18n.words_legacy_monolith	paraNdataMatrix[163][1][4]	str	devices
i18n.words_legacy_monolith	paraNdataMatrix[163][1][5]	str	equipment
i18n.words_legacy_monolith	paraNdataMatrix[163][1][6]	str	device
i18n.words_legacy_monolith	paraNdataMatrix[163][2]	set	6
i18n.words_legacy_monolith	paraNdataMatrix[163][2][0]	int	592
i18n.words_legacy_monolith	paraNdataMatrix[163][2][1]	int	593
i18n.words_legacy_monolith	paraNdataMatrix[163][2][2]	int	685
i18n.words_legacy_monolith	paraNdataMatrix[163][2][3]	int	686
i18n.words_legacy_monolith	paraNdataMatrix[163][2][4]	int	687
i18n.words_legacy_monolith	paraNdataMatrix[163][2][5]	int	89
i18n.words_legacy_monolith	paraNdataMatrix[164]	tuple	3
i18n.words_legacy_monolith	paraNdataMatrix[164][0]	ref	i18n.words_legacy_monolith:ParametersMain.wirtschaft
i18n.words_legacy_monolith	paraNdataMatrix[164][1]	tuple	5
i18n.words_legacy_monolith	paraNdataMatrix[164][1][0]	str	typeOfOrganization
i18n.words_legacy_monolith	paraNdataMatrix[164][1][1]	str	typeoforganization
i18n.words_legacy_monolith	paraNdataMatrix[164][1][2]	str	typeoforganization
i18n.words_legacy_monolith	paraNdataMatrix[164][1][3]	str	company
i18n.words_legacy_monolith	paraNdataMatrix[164][1][4]	str	association
i18n.words_legacy_monolith	paraNdataMatrix[164][2]	set	1
i18n.words_legacy_monolith	paraNdataMatrix[164][2][0]	int	99
i18n.words_legacy_monolith	paraNdataMatrix[165]	tuple	3
i18n.words_legacy_monolith	paraNdataMatrix[165][0]	ref	i18n.words_legacy_monolith:ParametersMain.grundstrukturen
i18n.words_legacy_monolith	paraNdataMatrix[165][1]	tuple	2
i18n.words_legacy_monolith	paraNdataMatrix[165][1][0]	str	system
i18n.words_legacy_monolith	paraNdataMatrix[165][1][1]	str	system
i18n.words_legacy_monolith	paraNdataMatrix[165][2]	set	6
i18n.words_legacy_monolith	paraNdataMatrix[165][2][0]	int	440
i18n.words_legacy_monolith	paraNdataMatrix[165][2][1]	int	455
i18n.words_legacy_monolith	paraNdataMatrix[165][2][2]	int	476
i18n.words_legacy_monolith	paraNdataMatrix[165][2][3]	int	513
i18n.words_legacy_monolith	paraNdataMatrix[165][2][4]	int	69
i18n.words_legacy_monolith	paraNdataMatrix[165][2][5]	int	70
i18n.words_legacy_monolith	paraNdataMatrix[166]	tuple	3
i18n.words_legacy_monolith	paraNdataMatrix[166][0]	ref	i18n.words_legacy_monolith:ParametersMain.wirtschaft
i18n.words_legacy_monolith	paraNdataMatrix[166][1]	tuple	2
i18n.words_legacy_monolith	paraNdataMatrix[166][1][0]	str	system
i18n.words_legacy_monolith	paraNdataMatrix[166][1][1]	str	system
i18n.words_legacy_monolith	paraNdataMatrix[166][2]	set	6
i18n.words_legacy_monolith	paraNdataMatrix[166][2][0]	int	440
i18n.words_legacy_monolith	paraNdataMatrix[166][2][1]	int	455
i18n.words_legacy_monolith	paraNdataMatrix[166][2][2]	int	476
i18n.words_legacy_monolith	paraNdataMatrix[166][2][3]	int	513
i18n.words_legacy_monolith	paraNdataMatrix[166][2][4]	int	69
i18n.words_legacy_monolith	paraNdataMatrix[166][2][5]	int	70
i18n.words_legacy_monolith	paraNdataMatrix[167]	tuple	3
i18n.words_legacy_monolith	paraNdataMatrix[167][0]	ref	i18n.words_legacy_monolith:ParametersMain.wirtschaft
i18n.words_legacy_monolith	paraNdataMatrix[167][1]	tuple	3
i18n.words_legacy_monolith	paraNdataMatrix[167][1][0]	str	explanation
i18n.words_legacy_monolith	paraNdataMatrix[167][1][1]	str	explanation
i18n.words_legacy_monolith	paraNdataMatrix[167][1][2]	str	explanation
i18n.words_legacy_monolith	paraNdataMatrix[167][2]	set	1
i18n.words_legacy_monolith	paraNdataMatrix[167][2][0]	int	71
i18n.words_legacy_monolith	paraNdataMatrix[168]	tuple	3
i18n.words_legacy_monolith	paraNdataMatrix[168][0]	ref	i18n.words_legacy_monolith:ParametersMain.wirtschaft
i18n.words_legacy_monolith	paraNdataMatrix[168][1]	tuple	2
i18n.words_legacy_monolith	paraNdataMatrix[168][1][0]	str	businessAdministration
i18n.words_legacy_monolith	paraNdataMatrix[168][1][1]	str	businessadministration
i18n.words_legacy_monolith	paraNdataMatrix[168][2]	set	1
i18n.words_legacy_monolith	paraNdataMatrix[168][2][0]	int	109
i18n.words_legacy_monolith	paraNdataMatrix[169]	tuple	4
i18n.words_legacy_monolith	paraNdataMatrix[169][0]	ref	i18n.words_legacy_monolith:ParametersMain.menschliches
i18n.words_legacy_monolith	paraNdataMatrix[169][1]	tuple	5
i18n.words_legacy_monolith	paraNdataMatrix[169][1][0]	str	sense_and_meaning_of_life
i18n.words_legacy_monolith	paraNdataMatrix[169][1][1]	str	senseandmeaningoflife
i18n.words_legacy_monolith	paraNdataMatrix[169][1][2]	str	senseAndMeaningOfLife
i18n.words_legacy_monolith	paraNdataMatrix[169][1][3]	str	senseAndMeaning
i18n.words_legacy_monolith	paraNdataMatrix[169][1][4]	str	searchformeaning
i18n.words_legacy_monolith	paraNdataMatrix[169][2]	set	2
i18n.words_legacy_monolith	paraNdataMatrix[169][2][0]	int	189
i18n.words_legacy_monolith	paraNdataMatrix[169][2][1]	int	88
i18n.words_legacy_monolith	paraNdataMatrix[169][3]	set	1
i18n.words_legacy_monolith	paraNdataMatrix[169][3][0]	tuple	2
i18n.words_legacy_monolith	paraNdataMatrix[169][3][0][0]	int	181
i18n.words_legacy_monolith	paraNdataMatrix[169][3][0][1]	int	182
i18n.words_legacy_monolith	paraNdataMatrix[170]	tuple	3
i18n.words_legacy_monolith	paraNdataMatrix[170][0]	ref	i18n.words_legacy_monolith:ParametersMain.menschliches
i18n.words_legacy_monolith	paraNdataMatrix[170][1]	tuple	4
i18n.words_legacy_monolith	paraNdataMatrix[170][1][0]	str	intelligenceproblems
i18n.words_legacy_monolith	paraNdataMatrix[170][1][1]	str	intelligenceproblems
i18n.words_legacy_monolith	paraNdataMatrix[170][1][2]	str	intelligencedeficiencies
i18n.words_legacy_monolith	paraNdataMatrix[170][1][3]	str	intelligencedeficiencies
i18n.words_legacy_monolith	paraNdataMatrix[170][2]	set	1
i18n.words_legacy_monolith	paraNdataMatrix[170][2][0]	int	147
i18n.words_legacy_monolith	paraNdataMatrix[171]	tuple	3
i18n.words_legacy_monolith	paraNdataMatrix[171][0]	ref	i18n.words_legacy_monolith:ParametersMain.menschliches
i18n.words_legacy_monolith	paraNdataMatrix[171][1]	tuple	3
i18n.words_legacy_monolith	paraNdataMatrix[171][1][0]	str	way_of_thinking
i18n.words_legacy_monolith	paraNdataMatrix[171][1][1]	str	way_of_thinking_of_living_beings
i18n.words_legacy_monolith	paraNdataMatrix[171][1][2]	str	wayofthinking
i18n.words_legacy_monolith	paraNdataMatrix[171][2]	set	1
i18n.words_legacy_monolith	paraNdataMatrix[171][2][0]	int	146
i18n.words_legacy_monolith	paraNdataMatrix[172]	tuple	3
i18n.words_legacy_monolith	paraNdataMatrix[172][0]	ref	i18n.words_legacy_monolith:ParametersMain.menschliches
i18n.words_legacy_monolith	paraNdataMatrix[172][1]	tuple	3
i18n.words_legacy_monolith	paraNdataMatrix[172][1][0]	str	countertranscendentals
i18n.words_legacy_monolith	paraNdataMatrix[172][1][1]	str	countertranscendentals
i18n.words_legacy_monolith	paraNdataMatrix[172][1][2]	str	counter-structuralias
i18n.words_legacy_monolith	paraNdataMatrix[172][2]	set	3
i18n.words_legacy_monolith	paraNdataMatrix[172][2][0]	int	138
i18n.words_legacy_monolith	paraNdataMatrix[172][2][1]	int	139
i18n.words_legacy_monolith	paraNdataMatrix[172][2][2]	int	202
i18n.words_legacy_monolith	paraNdataMatrix[173]	tuple	3
i18n.words_legacy_monolith	paraNdataMatrix[173][0]	ref	i18n.words_legacy_monolith:ParametersMain.menschliches
i18n.words_legacy_monolith	paraNdataMatrix[173][1]	tuple	6
i18n.words_legacy_monolith	paraNdataMatrix[173][1][0]	str	equality_freedom
i18n.words_legacy_monolith	paraNdataMatrix[173][1][1]	str	equalityfreedom
i18n.words_legacy_monolith	paraNdataMatrix[173][1][2]	str	inequality
i18n.words_legacy_monolith	paraNdataMatrix[173][1][3]	str	dominate
i18n.words_legacy_monolith	paraNdataMatrix[173][1][4]	str	equality
i18n.words_legacy_monolith	paraNdataMatrix[173][1][5]	str	freedom
i18n.words_legacy_monolith	paraNdataMatrix[173][2]	set	4
i18n.words_legacy_monolith	paraNdataMatrix[173][2][0]	int	132
i18n.words_legacy_monolith	paraNdataMatrix[173][2][1]	int	328
i18n.words_legacy_monolith	paraNdataMatrix[173][2][2]	int	331
i18n.words_legacy_monolith	paraNdataMatrix[173][2][3]	int	335
i18n.words_legacy_monolith	paraNdataMatrix[174]	tuple	3
i18n.words_legacy_monolith	paraNdataMatrix[174][0]	ref	i18n.words_legacy_monolith:ParametersMain.menschliches
i18n.words_legacy_monolith	paraNdataMatrix[174][1]	tuple	6
i18n.words_legacy_monolith	paraNdataMatrix[174][1][0]	str	feelings
i18n.words_legacy_monolith	paraNdataMatrix[174][1][1]	str	emotions
i18n.words_legacy_monolith	paraNdataMatrix[174][1][2]	str	emotions
i18n.words_legacy_monolith	paraNdataMatrix[174][1][3]	str	emotions
i18n.words_legacy_monolith	paraNdataMatrix[174][1][4]	str	emotion
i18n.words_legacy_monolith	paraNdataMatrix[174][1][5]	str	feel
i18n.words_legacy_monolith	paraNdataMatrix[174][2]	set	8
i18n.words_legacy_monolith	paraNdataMatrix[174][2][0]	int	105
i18n.words_legacy_monolith	paraNdataMatrix[174][2][1]	int	230
i18n.words_legacy_monolith	paraNdataMatrix[174][2][2]	int	243
i18n.words_legacy_monolith	paraNdataMatrix[174][2][3]	int	283
i18n.words_legacy_monolith	paraNdataMatrix[174][2][4]	int	284
i18n.words_legacy_monolith	paraNdataMatrix[174][2][5]	int	285
i18n.words_legacy_monolith	paraNdataMatrix[174][2][6]	int	286
i18n.words_legacy_monolith	paraNdataMatrix[174][2][7]	int	305
i18n.words_legacy_monolith	paraNdataMatrix[175]	tuple	4
i18n.words_legacy_monolith	paraNdataMatrix[175][0]	ref	i18n.words_legacy_monolith:ParametersMain.menschliches
i18n.words_legacy_monolith	paraNdataMatrix[175][1]	tuple	4
i18n.words_legacy_monolith	paraNdataMatrix[175][1][0]	str	egoism
i18n.words_legacy_monolith	paraNdataMatrix[175][1][1]	str	egoism
i18n.words_legacy_monolith	paraNdataMatrix[175][1][2]	str	altruism
i18n.words_legacy_monolith	paraNdataMatrix[175][1][3]	str	selflessness
i18n.words_legacy_monolith	paraNdataMatrix[175][2]	set	1
i18n.words_legacy_monolith	paraNdataMatrix[175][2][0]	int	136
i18n.words_legacy_monolith	paraNdataMatrix[175][3]	set	1
i18n.words_legacy_monolith	paraNdataMatrix[175][3][0]	tuple	2
i18n.words_legacy_monolith	paraNdataMatrix[175][3][0][0]	int	66
i18n.words_legacy_monolith	paraNdataMatrix[175][3][0][1]	int	67
i18n.words_legacy_monolith	paraNdataMatrix[176]	tuple	3
i18n.words_legacy_monolith	paraNdataMatrix[176][0]	ref	i18n.words_legacy_monolith:ParametersMain.menschliches
i18n.words_legacy_monolith	paraNdataMatrix[176][1]	tuple	2
i18n.words_legacy_monolith	paraNdataMatrix[176][1][0]	str	effect
i18n.words_legacy_monolith	paraNdataMatrix[176][1][1]	str	effect
i18n.words_legacy_monolith	paraNdataMatrix[176][2]	set	1
i18n.words_legacy_monolith	paraNdataMatrix[176][2][0]	int	135
i18n.words_legacy_monolith	paraNdataMatrix[177]	tuple	3
i18n.words_legacy_monolith	paraNdataMatrix[177][0]	ref	i18n.words_legacy_monolith:ParametersMain.menschliches
i18n.words_legacy_monolith	paraNdataMatrix[177][1]	tuple	3
i18n.words_legacy_monolith	paraNdataMatrix[177][1][0]	str	INCELs
i18n.words_legacy_monolith	paraNdataMatrix[177][1][1]	str	incel
i18n.words_legacy_monolith	paraNdataMatrix[177][1][2]	str	incels
i18n.words_legacy_monolith	paraNdataMatrix[177][2]	set	1
i18n.words_legacy_monolith	paraNdataMatrix[177][2][0]	int	68
i18n.words_legacy_monolith	paraNdataMatrix[178]	tuple	3
i18n.words_legacy_monolith	paraNdataMatrix[178][0]	ref	i18n.words_legacy_monolith:ParametersMain.menschliches
i18n.words_legacy_monolith	paraNdataMatrix[178][1]	tuple	3
i18n.words_legacy_monolith	paraNdataMatrix[178][1][0]	str	irrational_numbers_by_rooting
i18n.words_legacy_monolith	paraNdataMatrix[178][1][1]	str	irrationalNumbersbyrooting
i18n.words_legacy_monolith	paraNdataMatrix[178][1][2]	str	initialposition
i18n.words_legacy_monolith	paraNdataMatrix[178][2]	set	1
i18n.words_legacy_monolith	paraNdataMatrix[178][2][0]	int	73
i18n.words_legacy_monolith	paraNdataMatrix[179]	tuple	3
i18n.words_legacy_monolith	paraNdataMatrix[179][0]	ref	i18n.words_legacy_monolith:ParametersMain.menschliches
i18n.words_legacy_monolith	paraNdataMatrix[179][1]	tuple	5
i18n.words_legacy_monolith	paraNdataMatrix[179][1][0]	str	dominant_gender
i18n.words_legacy_monolith	paraNdataMatrix[179][1][1]	str	dominantgender
i18n.words_legacy_monolith	paraNdataMatrix[179][1][2]	str	male
i18n.words_legacy_monolith	paraNdataMatrix[179][1][3]	str	male
i18n.words_legacy_monolith	paraNdataMatrix[179][1][4]	str	female
i18n.words_legacy_monolith	paraNdataMatrix[179][2]	set	1
i18n.words_legacy_monolith	paraNdataMatrix[179][2][0]	int	51
i18n.words_legacy_monolith	paraNdataMatrix[180]	tuple	4
i18n.words_legacy_monolith	paraNdataMatrix[180][0]	ref	i18n.words_legacy_monolith:ParametersMain.menschliches
i18n.words_legacy_monolith	paraNdataMatrix[180][1]	tuple	3
i18n.words_legacy_monolith	paraNdataMatrix[180][1][0]	str	love
i18n.words_legacy_monolith	paraNdataMatrix[180][1][1]	str	love
i18n.words_legacy_monolith	paraNdataMatrix[180][1][2]	str	ethics
i18n.words_legacy_monolith	paraNdataMatrix[180][2]	set	6
i18n.words_legacy_monolith	paraNdataMatrix[180][2][0]	int	208
i18n.words_legacy_monolith	paraNdataMatrix[180][2][1]	int	28
i18n.words_legacy_monolith	paraNdataMatrix[180][2][2]	int	330
i18n.words_legacy_monolith	paraNdataMatrix[180][2][3]	int	580
i18n.words_legacy_monolith	paraNdataMatrix[180][2][4]	int	8
i18n.words_legacy_monolith	paraNdataMatrix[180][2][5]	int	9
i18n.words_legacy_monolith	paraNdataMatrix[180][3]	set	1
i18n.words_legacy_monolith	paraNdataMatrix[180][3][0]	tuple	2
i18n.words_legacy_monolith	paraNdataMatrix[180][3][0][0]	int	121
i18n.words_legacy_monolith	paraNdataMatrix[180][3][0][1]	int	122
i18n.words_legacy_monolith	paraNdataMatrix[181]	tuple	3
i18n.words_legacy_monolith	paraNdataMatrix[181][0]	ref	i18n.words_legacy_monolith:ParametersMain.menschliches
i18n.words_legacy_monolith	paraNdataMatrix[181][1]	tuple	4
i18n.words_legacy_monolith	paraNdataMatrix[181][1][0]	str	faith_and_epistemology
i18n.words_legacy_monolith	paraNdataMatrix[181][1][1]	str	faith
i18n.words_legacy_monolith	paraNdataMatrix[181][1][2]	str	epistemology
i18n.words_legacy_monolith	paraNdataMatrix[181][1][3]	str	faith
i18n.words_legacy_monolith	paraNdataMatrix[181][2]	set	2
i18n.words_legacy_monolith	paraNdataMatrix[181][2][0]	int	59
i18n.words_legacy_monolith	paraNdataMatrix[181][2][1]	int	621
i18n.words_legacy_monolith	paraNdataMatrix[182]	tuple	3
i18n.words_legacy_monolith	paraNdataMatrix[182][0]	ref	i18n.words_legacy_monolith:ParametersMain.menschliches
i18n.words_legacy_monolith	paraNdataMatrix[182][1]	tuple	3
i18n.words_legacy_monolith	paraNdataMatrix[182][1][0]	str	vulnerability
i18n.words_legacy_monolith	paraNdataMatrix[182][1][1]	str	vulnerability
i18n.words_legacy_monolith	paraNdataMatrix[182][1][2]	str	vulnerable
i18n.words_legacy_monolith	paraNdataMatrix[182][2]	set	2
i18n.words_legacy_monolith	paraNdataMatrix[182][2][0]	int	57
i18n.words_legacy_monolith	paraNdataMatrix[182][2][1]	int	58
i18n.words_legacy_monolith	paraNdataMatrix[183]	tuple	3
i18n.words_legacy_monolith	paraNdataMatrix[183][0]	ref	i18n.words_legacy_monolith:ParametersMain.grundstrukturen
i18n.words_legacy_monolith	paraNdataMatrix[183][1]	tuple	8
i18n.words_legacy_monolith	paraNdataMatrix[183][1][0]	str	structural_paradigms_or_meta-paradigms_or_transcendental_(15)
i18n.words_legacy_monolith	paraNdataMatrix[183][1][1]	str	transcendentals
i18n.words_legacy_monolith	paraNdataMatrix[183][1][2]	str	transcendentals
i18n.words_legacy_monolith	paraNdataMatrix[183][1][3]	str	transcendentalia
i18n.words_legacy_monolith	paraNdataMatrix[183][1][4]	str	structurals
i18n.words_legacy_monolith	paraNdataMatrix[183][1][5]	str	philoalias
i18n.words_legacy_monolith	paraNdataMatrix[183][1][6]	str	universals
i18n.words_legacy_monolith	paraNdataMatrix[183][1][7]	str	meta-paradigms
i18n.words_legacy_monolith	paraNdataMatrix[183][2]	set	3
i18n.words_legacy_monolith	paraNdataMatrix[183][2][0]	int	131
i18n.words_legacy_monolith	paraNdataMatrix[183][2][1]	int	229
i18n.words_legacy_monolith	paraNdataMatrix[183][2][2]	int	5
i18n.words_legacy_monolith	paraNdataMatrix[184]	tuple	3
i18n.words_legacy_monolith	paraNdataMatrix[184][0]	ref	i18n.words_legacy_monolith:ParametersMain.multiversum
i18n.words_legacy_monolith	paraNdataMatrix[184][1]	tuple	8
i18n.words_legacy_monolith	paraNdataMatrix[184][1][0]	str	structural_paradigms_or_meta-paradigms_or_transcendental_(15)
i18n.words_legacy_monolith	paraNdataMatrix[184][1][1]	str	transcendentals
i18n.words_legacy_monolith	paraNdataMatrix[184][1][2]	str	transcendentals
i18n.words_legacy_monolith	paraNdataMatrix[184][1][3]	str	transcendentalia
i18n.words_legacy_monolith	paraNdataMatrix[184][1][4]	str	structurals
i18n.words_legacy_monolith	paraNdataMatrix[184][1][5]	str	philoalias
i18n.words_legacy_monolith	paraNdataMatrix[184][1][6]	str	universals
i18n.words_legacy_monolith	paraNdataMatrix[184][1][7]	str	meta-paradigms
i18n.words_legacy_monolith	paraNdataMatrix[184][2]	set	3
i18n.words_legacy_monolith	paraNdataMatrix[184][2][0]	int	131
i18n.words_legacy_monolith	paraNdataMatrix[184][2][1]	int	229
i18n.words_legacy_monolith	paraNdataMatrix[184][2][2]	int	5
i18n.words_legacy_monolith	paraNdataMatrix[185]	tuple	3
i18n.words_legacy_monolith	paraNdataMatrix[185][0]	ref	i18n.words_legacy_monolith:ParametersMain.grundstrukturen
i18n.words_legacy_monolith	paraNdataMatrix[185][1]	tuple	5
i18n.words_legacy_monolith	paraNdataMatrix[185][1][0]	str	condition_and_trigger_(1/3)
i18n.words_legacy_monolith	paraNdataMatrix[185][1][1]	str	condition
i18n.words_legacy_monolith	paraNdataMatrix[185][1][2]	str	conditions
i18n.words_legacy_monolith	paraNdataMatrix[185][1][3]	str	trigger
i18n.words_legacy_monolith	paraNdataMatrix[185][1][4]	str	trigger
i18n.words_legacy_monolith	paraNdataMatrix[185][2]	set	1
i18n.words_legacy_monolith	paraNdataMatrix[185][2][0]	int	338
i18n.words_legacy_monolith	paraNdataMatrix[186]	tuple	3
i18n.words_legacy_monolith	paraNdataMatrix[186][0]	ref	i18n.words_legacy_monolith:ParametersMain.grundstrukturen
i18n.words_legacy_monolith	paraNdataMatrix[186][1]	tuple	4
i18n.words_legacy_monolith	paraNdataMatrix[186][1][0]	str	areas_of_life_and_classes_of_problems(28)
i18n.words_legacy_monolith	paraNdataMatrix[186][1][1]	str	areas_of_life
i18n.words_legacy_monolith	paraNdataMatrix[186][1][2]	str	domains_of_life
i18n.words_legacy_monolith	paraNdataMatrix[186][1][3]	str	classes_of_problems
i18n.words_legacy_monolith	paraNdataMatrix[186][2]	set	3
i18n.words_legacy_monolith	paraNdataMatrix[186][2][0]	int	405
i18n.words_legacy_monolith	paraNdataMatrix[186][2][1]	int	415
i18n.words_legacy_monolith	paraNdataMatrix[186][2][2]	int	416
i18n.words_legacy_monolith	paraNdataMatrix[187]	tuple	3
i18n.words_legacy_monolith	paraNdataMatrix[187][0]	ref	i18n.words_legacy_monolith:ParametersMain.grundstrukturen
i18n.words_legacy_monolith	paraNdataMatrix[187][1]	tuple	2
i18n.words_legacy_monolith	paraNdataMatrix[187][1][0]	str	measures_(39)
i18n.words_legacy_monolith	paraNdataMatrix[187][1][1]	str	measures
i18n.words_legacy_monolith	paraNdataMatrix[187][2]	set	1
i18n.words_legacy_monolith	paraNdataMatrix[187][2][0]	int	384
i18n.words_legacy_monolith	paraNdataMatrix[188]	tuple	3
i18n.words_legacy_monolith	paraNdataMatrix[188][0]	ref	i18n.words_legacy_monolith:ParametersMain.grundstrukturen
i18n.words_legacy_monolith	paraNdataMatrix[188][1]	tuple	2
i18n.words_legacy_monolith	paraNdataMatrix[188][1][0]	str	relation_to_each_other_reciprocal_universal_(18→n_vs._1/n)
i18n.words_legacy_monolith	paraNdataMatrix[188][1][1]	str	relativereciprocal
i18n.words_legacy_monolith	paraNdataMatrix[188][2]	set	1
i18n.words_legacy_monolith	paraNdataMatrix[188][2][0]	int	350
i18n.words_legacy_monolith	paraNdataMatrix[189]	tuple	3
i18n.words_legacy_monolith	paraNdataMatrix[189][0]	ref	i18n.words_legacy_monolith:ParametersMain.grundstrukturen
i18n.words_legacy_monolith	paraNdataMatrix[189][1]	tuple	2
i18n.words_legacy_monolith	paraNdataMatrix[189][1][0]	str	universal_comperative_(18→15)
i18n.words_legacy_monolith	paraNdataMatrix[189][1][1]	str	universalcomparative
i18n.words_legacy_monolith	paraNdataMatrix[189][2]	set	1
i18n.words_legacy_monolith	paraNdataMatrix[189][2][0]	int	349
i18n.words_legacy_monolith	paraNdataMatrix[190]	tuple	3
i18n.words_legacy_monolith	paraNdataMatrix[190][0]	ref	i18n.words_legacy_monolith:ParametersMain.grundstrukturen
i18n.words_legacy_monolith	paraNdataMatrix[190][1]	tuple	2
i18n.words_legacy_monolith	paraNdataMatrix[190][1][0]	str	existentials_(3)
i18n.words_legacy_monolith	paraNdataMatrix[190][1][1]	str	existentials
i18n.words_legacy_monolith	paraNdataMatrix[190][2]	set	1
i18n.words_legacy_monolith	paraNdataMatrix[190][2][0]	int	348
i18n.words_legacy_monolith	paraNdataMatrix[191]	tuple	3
i18n.words_legacy_monolith	paraNdataMatrix[191][0]	ref	i18n.words_legacy_monolith:ParametersMain.grundstrukturen
i18n.words_legacy_monolith	paraNdataMatrix[191][1]	tuple	2
i18n.words_legacy_monolith	paraNdataMatrix[191][1][0]	str	extremalias_(19)
i18n.words_legacy_monolith	paraNdataMatrix[191][1][1]	str	extremalia
i18n.words_legacy_monolith	paraNdataMatrix[191][2]	set	2
i18n.words_legacy_monolith	paraNdataMatrix[191][2][0]	int	347
i18n.words_legacy_monolith	paraNdataMatrix[191][2][1]	int	352
i18n.words_legacy_monolith	paraNdataMatrix[192]	tuple	3
i18n.words_legacy_monolith	paraNdataMatrix[192][0]	ref	i18n.words_legacy_monolith:ParametersMain.grundstrukturen
i18n.words_legacy_monolith	paraNdataMatrix[192][1]	tuple	3
i18n.words_legacy_monolith	paraNdataMatrix[192][1][0]	str	expectations_(26)
i18n.words_legacy_monolith	paraNdataMatrix[192][1][1]	str	expectations
i18n.words_legacy_monolith	paraNdataMatrix[192][1][2]	str	expectations
i18n.words_legacy_monolith	paraNdataMatrix[192][2]	set	1
i18n.words_legacy_monolith	paraNdataMatrix[192][2][0]	int	344
i18n.words_legacy_monolith	paraNdataMatrix[193]	tuple	3
i18n.words_legacy_monolith	paraNdataMatrix[193][0]	ref	i18n.words_legacy_monolith:ParametersMain.grundstrukturen
i18n.words_legacy_monolith	paraNdataMatrix[193][1]	tuple	3
i18n.words_legacy_monolith	paraNdataMatrix[193][1][0]	str	passions_(21)
i18n.words_legacy_monolith	paraNdataMatrix[193][1][1]	str	passion
i18n.words_legacy_monolith	paraNdataMatrix[193][1][2]	str	passions
i18n.words_legacy_monolith	paraNdataMatrix[193][2]	set	1
i18n.words_legacy_monolith	paraNdataMatrix[193][2][0]	int	343
i18n.words_legacy_monolith	paraNdataMatrix[194]	tuple	3
i18n.words_legacy_monolith	paraNdataMatrix[194][0]	ref	i18n.words_legacy_monolith:ParametersMain.grundstrukturen
i18n.words_legacy_monolith	paraNdataMatrix[194][1]	tuple	2
i18n.words_legacy_monolith	paraNdataMatrix[194][1][0]	str	relative_time_amount_(15_10_4_18_6)
i18n.words_legacy_monolith	paraNdataMatrix[194][1][1]	str	relativetimeamount
i18n.words_legacy_monolith	paraNdataMatrix[194][2]	set	1
i18n.words_legacy_monolith	paraNdataMatrix[194][2][0]	int	339
i18n.words_legacy_monolith	paraNdataMatrix[195]	tuple	3
i18n.words_legacy_monolith	paraNdataMatrix[195][0]	ref	i18n.words_legacy_monolith:ParametersMain.grundstrukturen
i18n.words_legacy_monolith	paraNdataMatrix[195][1]	tuple	2
i18n.words_legacy_monolith	paraNdataMatrix[195][1][0]	str	comparision_of_numbers_(15_18_6)
i18n.words_legacy_monolith	paraNdataMatrix[195][1][1]	str	numericalcomparison
i18n.words_legacy_monolith	paraNdataMatrix[195][2]	set	1
i18n.words_legacy_monolith	paraNdataMatrix[195][2][0]	int	340
i18n.words_legacy_monolith	paraNdataMatrix[196]	tuple	3
i18n.words_legacy_monolith	paraNdataMatrix[196][0]	ref	i18n.words_legacy_monolith:ParametersMain.grundstrukturen
i18n.words_legacy_monolith	paraNdataMatrix[196][1]	tuple	3
i18n.words_legacy_monolith	paraNdataMatrix[196][1][0]	str	aspirations(1/5)
i18n.words_legacy_monolith	paraNdataMatrix[196][1][1]	str	aspiration
i18n.words_legacy_monolith	paraNdataMatrix[196][1][2]	str	aspirations
i18n.words_legacy_monolith	paraNdataMatrix[196][2]	set	2
i18n.words_legacy_monolith	paraNdataMatrix[196][2][0]	int	332
i18n.words_legacy_monolith	paraNdataMatrix[196][2][1]	int	414
i18n.words_legacy_monolith	paraNdataMatrix[197]	tuple	3
i18n.words_legacy_monolith	paraNdataMatrix[197][0]	ref	i18n.words_legacy_monolith:ParametersMain.grundstrukturen
i18n.words_legacy_monolith	paraNdataMatrix[197][1]	tuple	2
i18n.words_legacy_monolith	paraNdataMatrix[197][1][0]	str	principles(1/8)
i18n.words_legacy_monolith	paraNdataMatrix[197][1][1]	str	principles
i18n.words_legacy_monolith	paraNdataMatrix[197][2]	set	2
i18n.words_legacy_monolith	paraNdataMatrix[197][2][0]	int	329
i18n.words_legacy_monolith	paraNdataMatrix[197][2][1]	int	378
i18n.words_legacy_monolith	paraNdataMatrix[198]	tuple	3
i18n.words_legacy_monolith	paraNdataMatrix[198][0]	ref	i18n.words_legacy_monolith:ParametersMain.grundstrukturen
i18n.words_legacy_monolith	paraNdataMatrix[198][1]	tuple	2
i18n.words_legacy_monolith	paraNdataMatrix[198][1][0]	str	attractions_(36)
i18n.words_legacy_monolith	paraNdataMatrix[198][1][1]	str	attractions
i18n.words_legacy_monolith	paraNdataMatrix[198][2]	set	1
i18n.words_legacy_monolith	paraNdataMatrix[198][2][0]	int	311
i18n.words_legacy_monolith	paraNdataMatrix[199]	tuple	3
i18n.words_legacy_monolith	paraNdataMatrix[199][0]	ref	i18n.words_legacy_monolith:ParametersMain.grundstrukturen
i18n.words_legacy_monolith	paraNdataMatrix[199][1]	tuple	2
i18n.words_legacy_monolith	paraNdataMatrix[199][1][0]	str	optimization_(10)
i18n.words_legacy_monolith	paraNdataMatrix[199][1][1]	str	optimization
i18n.words_legacy_monolith	paraNdataMatrix[199][2]	set	1
i18n.words_legacy_monolith	paraNdataMatrix[199][2][0]	int	310
i18n.words_legacy_monolith	paraNdataMatrix[200]	tuple	3
i18n.words_legacy_monolith	paraNdataMatrix[200][0]	ref	i18n.words_legacy_monolith:ParametersMain.grundstrukturen
i18n.words_legacy_monolith	paraNdataMatrix[200][1]	tuple	3
i18n.words_legacy_monolith	paraNdataMatrix[200][1][0]	str	topics_(6)
i18n.words_legacy_monolith	paraNdataMatrix[200][1][1]	str	topics
i18n.words_legacy_monolith	paraNdataMatrix[200][1][2]	str	topic
i18n.words_legacy_monolith	paraNdataMatrix[200][2]	set	1
i18n.words_legacy_monolith	paraNdataMatrix[200][2][0]	int	309
i18n.words_legacy_monolith	paraNdataMatrix[201]	tuple	3
i18n.words_legacy_monolith	paraNdataMatrix[201][0]	ref	i18n.words_legacy_monolith:ParametersMain.grundstrukturen
i18n.words_legacy_monolith	paraNdataMatrix[201][1]	tuple	2
i18n.words_legacy_monolith	paraNdataMatrix[201][1][0]	str	meaning_(10)
i18n.words_legacy_monolith	paraNdataMatrix[201][1][1]	str	meaning
i18n.words_legacy_monolith	paraNdataMatrix[201][2]	set	1
i18n.words_legacy_monolith	paraNdataMatrix[201][2][0]	int	306
i18n.words_legacy_monolith	paraNdataMatrix[202]	tuple	3
i18n.words_legacy_monolith	paraNdataMatrix[202][0]	ref	i18n.words_legacy_monolith:ParametersMain.grundstrukturen
i18n.words_legacy_monolith	paraNdataMatrix[202][1]	tuple	3
i18n.words_legacy_monolith	paraNdataMatrix[202][1][0]	str	reciprocal
i18n.words_legacy_monolith	paraNdataMatrix[202][1][1]	str	reciprocal
i18n.words_legacy_monolith	paraNdataMatrix[202][1][2]	str	reciprocal
i18n.words_legacy_monolith	paraNdataMatrix[202][2]	set	21
i18n.words_legacy_monolith	paraNdataMatrix[202][2][0]	int	131
i18n.words_legacy_monolith	paraNdataMatrix[202][2][1]	int	204
i18n.words_legacy_monolith	paraNdataMatrix[202][2][2]	int	205
i18n.words_legacy_monolith	paraNdataMatrix[202][2][3]	int	231
i18n.words_legacy_monolith	paraNdataMatrix[202][2][4]	int	257
i18n.words_legacy_monolith	paraNdataMatrix[202][2][5]	int	273
i18n.words_legacy_monolith	paraNdataMatrix[202][2][6]	int	281
i18n.words_legacy_monolith	paraNdataMatrix[202][2][7]	int	284
i18n.words_legacy_monolith	paraNdataMatrix[202][2][8]	int	285
i18n.words_legacy_monolith	paraNdataMatrix[202][2][9]	int	326
i18n.words_legacy_monolith	paraNdataMatrix[202][2][10]	int	327
i18n.words_legacy_monolith	paraNdataMatrix[202][2][11]	int	328
i18n.words_legacy_monolith	paraNdataMatrix[202][2][12]	int	329
i18n.words_legacy_monolith	paraNdataMatrix[202][2][13]	int	330
i18n.words_legacy_monolith	paraNdataMatrix[202][2][14]	int	331
i18n.words_legacy_monolith	paraNdataMatrix[202][2][15]	int	332
i18n.words_legacy_monolith	paraNdataMatrix[202][2][16]	int	334
i18n.words_legacy_monolith	paraNdataMatrix[202][2][17]	int	335
i18n.words_legacy_monolith	paraNdataMatrix[202][2][18]	int	338
i18n.words_legacy_monolith	paraNdataMatrix[202][2][19]	int	416
i18n.words_legacy_monolith	paraNdataMatrix[202][2][20]	int	42
i18n.words_legacy_monolith	paraNdataMatrix[203]	tuple	3
i18n.words_legacy_monolith	paraNdataMatrix[203][0]	ref	i18n.words_legacy_monolith:ParametersMain.grundstrukturen
i18n.words_legacy_monolith	paraNdataMatrix[203][1]	tuple	3
i18n.words_legacy_monolith	paraNdataMatrix[203][1][0]	str	attention_(4)
i18n.words_legacy_monolith	paraNdataMatrix[203][1][1]	str	attention
i18n.words_legacy_monolith	paraNdataMatrix[203][1][2]	str	attentionOrRespect
i18n.words_legacy_monolith	paraNdataMatrix[203][2]	set	2
i18n.words_legacy_monolith	paraNdataMatrix[203][2][0]	int	270
i18n.words_legacy_monolith	paraNdataMatrix[203][2][1]	int	393
i18n.words_legacy_monolith	paraNdataMatrix[204]	tuple	3
i18n.words_legacy_monolith	paraNdataMatrix[204][0]	ref	i18n.words_legacy_monolith:ParametersMain.grundstrukturen
i18n.words_legacy_monolith	paraNdataMatrix[204][1]	tuple	2
i18n.words_legacy_monolith	paraNdataMatrix[204][1][0]	str	time_(4)_as_reality
i18n.words_legacy_monolith	paraNdataMatrix[204][1][1]	str	time
i18n.words_legacy_monolith	paraNdataMatrix[204][2]	set	2
i18n.words_legacy_monolith	paraNdataMatrix[204][2][0]	int	266
i18n.words_legacy_monolith	paraNdataMatrix[204][2][1]	int	267
i18n.words_legacy_monolith	paraNdataMatrix[205]	tuple	3
i18n.words_legacy_monolith	paraNdataMatrix[205][0]	ref	i18n.words_legacy_monolith:ParametersMain.grundstrukturen
i18n.words_legacy_monolith	paraNdataMatrix[205][1]	tuple	2
i18n.words_legacy_monolith	paraNdataMatrix[205][1][0]	str	intention_16_is_to_be_enough
i18n.words_legacy_monolith	paraNdataMatrix[205][1][1]	str	intention16
i18n.words_legacy_monolith	paraNdataMatrix[205][2]	set	1
i18n.words_legacy_monolith	paraNdataMatrix[205][2][0]	int	312
i18n.words_legacy_monolith	paraNdataMatrix[206]	tuple	3
i18n.words_legacy_monolith	paraNdataMatrix[206][0]	ref	i18n.words_legacy_monolith:ParametersMain.grundstrukturen
i18n.words_legacy_monolith	paraNdataMatrix[206][1]	tuple	2
i18n.words_legacy_monolith	paraNdataMatrix[206][1][0]	str	intention_17_is_to_mean_opionions
i18n.words_legacy_monolith	paraNdataMatrix[206][1][1]	str	intention17
i18n.words_legacy_monolith	paraNdataMatrix[206][2]	set	1
i18n.words_legacy_monolith	paraNdataMatrix[206][2][0]	int	263
i18n.words_legacy_monolith	paraNdataMatrix[207]	tuple	3
i18n.words_legacy_monolith	paraNdataMatrix[207][0]	ref	i18n.words_legacy_monolith:ParametersMain.grundstrukturen
i18n.words_legacy_monolith	paraNdataMatrix[207][1]	tuple	2
i18n.words_legacy_monolith	paraNdataMatrix[207][1][0]	str	intention_6_is_advantage_maximization.
i18n.words_legacy_monolith	paraNdataMatrix[207][1][1]	str	intention6
i18n.words_legacy_monolith	paraNdataMatrix[207][2]	set	1
i18n.words_legacy_monolith	paraNdataMatrix[207][2][0]	int	262
i18n.words_legacy_monolith	paraNdataMatrix[208]	tuple	3
i18n.words_legacy_monolith	paraNdataMatrix[208][0]	ref	i18n.words_legacy_monolith:ParametersMain.grundstrukturen
i18n.words_legacy_monolith	paraNdataMatrix[208][1]	tuple	2
i18n.words_legacy_monolith	paraNdataMatrix[208][1][0]	str	intention_7_is_selflessness
i18n.words_legacy_monolith	paraNdataMatrix[208][1][1]	str	intention7
i18n.words_legacy_monolith	paraNdataMatrix[208][2]	set	1
i18n.words_legacy_monolith	paraNdataMatrix[208][2][0]	int	261
i18n.words_legacy_monolith	paraNdataMatrix[209]	tuple	3
i18n.words_legacy_monolith	paraNdataMatrix[209][0]	ref	i18n.words_legacy_monolith:ParametersMain.grundstrukturen
i18n.words_legacy_monolith	paraNdataMatrix[209][1]	tuple	2
i18n.words_legacy_monolith	paraNdataMatrix[209][1][0]	str	awareness_instead_of_consciousness_(1)
i18n.words_legacy_monolith	paraNdataMatrix[209][1][1]	str	awareness
i18n.words_legacy_monolith	paraNdataMatrix[209][2]	set	1
i18n.words_legacy_monolith	paraNdataMatrix[209][2][0]	int	282
i18n.words_legacy_monolith	paraNdataMatrix[210]	tuple	3
i18n.words_legacy_monolith	paraNdataMatrix[210][0]	ref	i18n.words_legacy_monolith:ParametersMain.grundstrukturen
i18n.words_legacy_monolith	paraNdataMatrix[210][1]	tuple	2
i18n.words_legacy_monolith	paraNdataMatrix[210][1][0]	str	behavior_(11)
i18n.words_legacy_monolith	paraNdataMatrix[210][1][1]	str	behavior
i18n.words_legacy_monolith	paraNdataMatrix[210][2]	set	3
i18n.words_legacy_monolith	paraNdataMatrix[210][2][0]	int	301
i18n.words_legacy_monolith	paraNdataMatrix[210][2][1]	int	302
i18n.words_legacy_monolith	paraNdataMatrix[210][2][2]	int	413
i18n.words_legacy_monolith	paraNdataMatrix[211]	tuple	3
i18n.words_legacy_monolith	paraNdataMatrix[211][0]	ref	i18n.words_legacy_monolith:ParametersMain.grundstrukturen
i18n.words_legacy_monolith	paraNdataMatrix[211][1]	tuple	4
i18n.words_legacy_monolith	paraNdataMatrix[211][1][0]	str	energy_and_universal_properties_(30)
i18n.words_legacy_monolith	paraNdataMatrix[211][1][1]	str	energy
i18n.words_legacy_monolith	paraNdataMatrix[211][1][2]	str	universalproperties
i18n.words_legacy_monolith	paraNdataMatrix[211][1][3]	str	energyoflife
i18n.words_legacy_monolith	paraNdataMatrix[211][2]	set	2
i18n.words_legacy_monolith	paraNdataMatrix[211][2][0]	int	287
i18n.words_legacy_monolith	paraNdataMatrix[211][2][1]	int	293
i18n.words_legacy_monolith	paraNdataMatrix[212]	tuple	3
i18n.words_legacy_monolith	paraNdataMatrix[212][0]	ref	i18n.words_legacy_monolith:ParametersMain.grundstrukturen
i18n.words_legacy_monolith	paraNdataMatrix[212][1]	tuple	4
i18n.words_legacy_monolith	paraNdataMatrix[212][1][0]	str	sheaf_and_behavior_empathy_(31)
i18n.words_legacy_monolith	paraNdataMatrix[212][1][1]	str	sheafs
i18n.words_legacy_monolith	paraNdataMatrix[212][1][2]	str	behavioralandfeels
i18n.words_legacy_monolith	paraNdataMatrix[212][1][3]	str	behavefeel
i18n.words_legacy_monolith	paraNdataMatrix[212][2]	set	1
i18n.words_legacy_monolith	paraNdataMatrix[212][2][0]	int	295
i18n.words_legacy_monolith	paraNdataMatrix[213]	tuple	10
i18n.words_legacy_monolith	paraNdataMatrix[213][0]	ref	i18n.words_legacy_monolith:ParametersMain.grundstrukturen
i18n.words_legacy_monolith	paraNdataMatrix[213][1]	tuple	2
i18n.words_legacy_monolith	paraNdataMatrix[213][1][0]	str	comprehend_emotionally_or_mentally_by_prime_cross_algorithm_(15)
i18n.words_legacy_monolith	paraNdataMatrix[213][1][1]	str	comprehend
i18n.words_legacy_monolith	paraNdataMatrix[213][2]	set	2
i18n.words_legacy_monolith	paraNdataMatrix[213][2][0]	int	242
i18n.words_legacy_monolith	paraNdataMatrix[213][2][1]	int	297
i18n.words_legacy_monolith	paraNdataMatrix[213][3]	set	0
i18n.words_legacy_monolith	paraNdataMatrix[213][4]	set	0
i18n.words_legacy_monolith	paraNdataMatrix[213][5]	set	0
i18n.words_legacy_monolith	paraNdataMatrix[213][6]	set	0
i18n.words_legacy_monolith	paraNdataMatrix[213][7]	set	0
i18n.words_legacy_monolith	paraNdataMatrix[213][8]	set	0
i18n.words_legacy_monolith	paraNdataMatrix[213][9]	set	1
i18n.words_legacy_monolith	paraNdataMatrix[213][9][0]	str	primzahlkreuzprocontra
i18n.words_legacy_monolith	paraNdataMatrix[214]	tuple	3
i18n.words_legacy_monolith	paraNdataMatrix[214][0]	ref	i18n.words_legacy_monolith:ParametersMain.grundstrukturen
i18n.words_legacy_monolith	paraNdataMatrix[214][1]	tuple	3
i18n.words_legacy_monolith	paraNdataMatrix[214][1][0]	str	empathy_(37)
i18n.words_legacy_monolith	paraNdataMatrix[214][1][1]	str	empathy
i18n.words_legacy_monolith	paraNdataMatrix[214][1][2]	str	empathy
i18n.words_legacy_monolith	paraNdataMatrix[214][2]	set	1
i18n.words_legacy_monolith	paraNdataMatrix[214][2][0]	int	294
i18n.words_legacy_monolith	paraNdataMatrix[215]	tuple	3
i18n.words_legacy_monolith	paraNdataMatrix[215][0]	ref	i18n.words_legacy_monolith:ParametersMain.grundstrukturen
i18n.words_legacy_monolith	paraNdataMatrix[215][1]	tuple	3
i18n.words_legacy_monolith	paraNdataMatrix[215][1][0]	str	intention_1/6_is_cleaning_and_clarity
i18n.words_legacy_monolith	paraNdataMatrix[215][1][1]	str	intention1/6
i18n.words_legacy_monolith	paraNdataMatrix[215][1][2]	str	intention1pro6
i18n.words_legacy_monolith	paraNdataMatrix[215][2]	set	1
i18n.words_legacy_monolith	paraNdataMatrix[215][2][0]	int	298
i18n.words_legacy_monolith	paraNdataMatrix[216]	tuple	3
i18n.words_legacy_monolith	paraNdataMatrix[216][0]	ref	i18n.words_legacy_monolith:ParametersMain.grundstrukturen
i18n.words_legacy_monolith	paraNdataMatrix[216][1]	tuple	2
i18n.words_legacy_monolith	paraNdataMatrix[216][1][0]	str	inner-values_1/6_of_cleaning_and_clarity
i18n.words_legacy_monolith	paraNdataMatrix[216][1][1]	str	innervalues
i18n.words_legacy_monolith	paraNdataMatrix[216][2]	set	4
i18n.words_legacy_monolith	paraNdataMatrix[216][2][0]	int	398
i18n.words_legacy_monolith	paraNdataMatrix[216][2][1]	int	399
i18n.words_legacy_monolith	paraNdataMatrix[216][2][2]	int	400
i18n.words_legacy_monolith	paraNdataMatrix[216][2][3]	int	401
i18n.words_legacy_monolith	paraNdataMatrix[217]	tuple	3
i18n.words_legacy_monolith	paraNdataMatrix[217][0]	ref	i18n.words_legacy_monolith:ParametersMain.grundstrukturen
i18n.words_legacy_monolith	paraNdataMatrix[217][1]	tuple	2
i18n.words_legacy_monolith	paraNdataMatrix[217][1][0]	str	intention_10_is_recognition_of_reality
i18n.words_legacy_monolith	paraNdataMatrix[217][1][1]	str	intention10
i18n.words_legacy_monolith	paraNdataMatrix[217][2]	set	1
i18n.words_legacy_monolith	paraNdataMatrix[217][2][0]	int	260
i18n.words_legacy_monolith	paraNdataMatrix[218]	tuple	3
i18n.words_legacy_monolith	paraNdataMatrix[218][0]	ref	i18n.words_legacy_monolith:ParametersMain.grundstrukturen
i18n.words_legacy_monolith	paraNdataMatrix[218][1]	tuple	2
i18n.words_legacy_monolith	paraNdataMatrix[218][1][0]	str	well-being_(7with6)
i18n.words_legacy_monolith	paraNdataMatrix[218][1][1]	str	well-being
i18n.words_legacy_monolith	paraNdataMatrix[218][2]	set	2
i18n.words_legacy_monolith	paraNdataMatrix[218][2][0]	int	427
i18n.words_legacy_monolith	paraNdataMatrix[218][2][1]	int	428
i18n.words_legacy_monolith	paraNdataMatrix[219]	tuple	3
i18n.words_legacy_monolith	paraNdataMatrix[219][0]	ref	i18n.words_legacy_monolith:ParametersMain.grundstrukturen
i18n.words_legacy_monolith	paraNdataMatrix[219][1]	tuple	3
i18n.words_legacy_monolith	paraNdataMatrix[219][1][0]	str	mind_(15)
i18n.words_legacy_monolith	paraNdataMatrix[219][1][1]	str	mind
i18n.words_legacy_monolith	paraNdataMatrix[219][1][2]	str	consciousness
i18n.words_legacy_monolith	paraNdataMatrix[219][2]	set	7
i18n.words_legacy_monolith	paraNdataMatrix[219][2][0]	int	229
i18n.words_legacy_monolith	paraNdataMatrix[219][2][1]	int	231
i18n.words_legacy_monolith	paraNdataMatrix[219][2][2]	int	242
i18n.words_legacy_monolith	paraNdataMatrix[219][2][3]	int	273
i18n.words_legacy_monolith	paraNdataMatrix[219][2][4]	int	297
i18n.words_legacy_monolith	paraNdataMatrix[219][2][5]	int	304
i18n.words_legacy_monolith	paraNdataMatrix[219][2][6]	int	426
i18n.words_legacy_monolith	paraNdataMatrix[220]	tuple	3
i18n.words_legacy_monolith	paraNdataMatrix[220][0]	ref	i18n.words_legacy_monolith:ParametersMain.multiversum
i18n.words_legacy_monolith	paraNdataMatrix[220][1]	tuple	3
i18n.words_legacy_monolith	paraNdataMatrix[220][1][0]	str	mind_(15)
i18n.words_legacy_monolith	paraNdataMatrix[220][1][1]	str	mind
i18n.words_legacy_monolith	paraNdataMatrix[220][1][2]	str	consciousness
i18n.words_legacy_monolith	paraNdataMatrix[220][2]	set	7
i18n.words_legacy_monolith	paraNdataMatrix[220][2][0]	int	229
i18n.words_legacy_monolith	paraNdataMatrix[220][2][1]	int	231
i18n.words_legacy_monolith	paraNdataMatrix[220][2][2]	int	242
i18n.words_legacy_monolith	paraNdataMatrix[220][2][3]	int	273
i18n.words_legacy_monolith	paraNdataMatrix[220][2][4]	int	297
i18n.words_legacy_monolith	paraNdataMatrix[220][2][5]	int	304
i18n.words_legacy_monolith	paraNdataMatrix[220][2][6]	int	426
i18n.words_legacy_monolith	paraNdataMatrix[221]	tuple	3
i18n.words_legacy_monolith	paraNdataMatrix[221][0]	ref	i18n.words_legacy_monolith:ParametersMain.grundstrukturen
i18n.words_legacy_monolith	paraNdataMatrix[221][1]	tuple	3
i18n.words_legacy_monolith	paraNdataMatrix[221][1][0]	str	reflexes_(3)
i18n.words_legacy_monolith	paraNdataMatrix[221][1][1]	str	reflex
i18n.words_legacy_monolith	paraNdataMatrix[221][1][2]	str	reflexes
i18n.words_legacy_monolith	paraNdataMatrix[221][2]	set	1
i18n.words_legacy_monolith	paraNdataMatrix[221][2][0]	int	256
i18n.words_legacy_monolith	paraNdataMatrix[222]	tuple	3
i18n.words_legacy_monolith	paraNdataMatrix[222][0]	ref	i18n.words_legacy_monolith:ParametersMain.grundstrukturen
i18n.words_legacy_monolith	paraNdataMatrix[222][1]	tuple	3
i18n.words_legacy_monolith	paraNdataMatrix[222][1][0]	str	lust_(9)
i18n.words_legacy_monolith	paraNdataMatrix[222][1][1]	str	lust
i18n.words_legacy_monolith	paraNdataMatrix[222][1][2]	str	units
i18n.words_legacy_monolith	paraNdataMatrix[222][2]	set	2
i18n.words_legacy_monolith	paraNdataMatrix[222][2][0]	int	255
i18n.words_legacy_monolith	paraNdataMatrix[222][2][1]	int	391
i18n.words_legacy_monolith	paraNdataMatrix[223]	tuple	3
i18n.words_legacy_monolith	paraNdataMatrix[223][0]	ref	i18n.words_legacy_monolith:ParametersMain.grundstrukturen
i18n.words_legacy_monolith	paraNdataMatrix[223][1]	tuple	3
i18n.words_legacy_monolith	paraNdataMatrix[223][1][0]	str	paradigms_are_intentions_(13)
i18n.words_legacy_monolith	paraNdataMatrix[223][1][1]	str	paradigms
i18n.words_legacy_monolith	paraNdataMatrix[223][1][2]	str	intentions
i18n.words_legacy_monolith	paraNdataMatrix[223][2]	set	6
i18n.words_legacy_monolith	paraNdataMatrix[223][2][0]	int	10
i18n.words_legacy_monolith	paraNdataMatrix[223][2][1]	int	410
i18n.words_legacy_monolith	paraNdataMatrix[223][2][2]	int	411
i18n.words_legacy_monolith	paraNdataMatrix[223][2][3]	int	42
i18n.words_legacy_monolith	paraNdataMatrix[223][2][4]	int	493
i18n.words_legacy_monolith	paraNdataMatrix[223][2][5]	int	494
i18n.words_legacy_monolith	paraNdataMatrix[224]	tuple	3
i18n.words_legacy_monolith	paraNdataMatrix[224][0]	ref	i18n.words_legacy_monolith:ParametersMain.grundstrukturen
i18n.words_legacy_monolith	paraNdataMatrix[224][1]	tuple	5
i18n.words_legacy_monolith	paraNdataMatrix[224][1][0]	str	realities_truth_perception_(10)
i18n.words_legacy_monolith	paraNdataMatrix[224][1][1]	str	truthRealities
i18n.words_legacy_monolith	paraNdataMatrix[224][1][2]	str	truthRealities
i18n.words_legacy_monolith	paraNdataMatrix[224][1][3]	str	truth
i18n.words_legacy_monolith	paraNdataMatrix[224][1][4]	str	perception
i18n.words_legacy_monolith	paraNdataMatrix[224][2]	set	6
i18n.words_legacy_monolith	paraNdataMatrix[224][2][0]	int	233
i18n.words_legacy_monolith	paraNdataMatrix[224][2][1]	int	265
i18n.words_legacy_monolith	paraNdataMatrix[224][2][2]	int	268
i18n.words_legacy_monolith	paraNdataMatrix[224][2][3]	int	322
i18n.words_legacy_monolith	paraNdataMatrix[224][2][4]	int	342
i18n.words_legacy_monolith	paraNdataMatrix[224][2][5]	int	480
i18n.words_legacy_monolith	paraNdataMatrix[225]	tuple	3
i18n.words_legacy_monolith	paraNdataMatrix[225][0]	ref	i18n.words_legacy_monolith:ParametersMain.grundstrukturen
i18n.words_legacy_monolith	paraNdataMatrix[225][1]	tuple	2
i18n.words_legacy_monolith	paraNdataMatrix[225][1][0]	str	calculate
i18n.words_legacy_monolith	paraNdataMatrix[225][1][1]	str	calculate
i18n.words_legacy_monolith	paraNdataMatrix[225][2]	set	1
i18n.words_legacy_monolith	paraNdataMatrix[225][2][0]	int	404
i18n.words_legacy_monolith	paraNdataMatrix[226]	tuple	3
i18n.words_legacy_monolith	paraNdataMatrix[226][0]	ref	i18n.words_legacy_monolith:ParametersMain.grundstrukturen
i18n.words_legacy_monolith	paraNdataMatrix[226][1]	tuple	5
i18n.words_legacy_monolith	paraNdataMatrix[226][1][0]	str	moods_combinations_(14)
i18n.words_legacy_monolith	paraNdataMatrix[226][1][1]	str	mood
i18n.words_legacy_monolith	paraNdataMatrix[226][1][2]	str	moods
i18n.words_legacy_monolith	paraNdataMatrix[226][1][3]	str	combination
i18n.words_legacy_monolith	paraNdataMatrix[226][1][4]	str	combinations
i18n.words_legacy_monolith	paraNdataMatrix[226][2]	set	13
i18n.words_legacy_monolith	paraNdataMatrix[226][2][0]	int	290
i18n.words_legacy_monolith	paraNdataMatrix[226][2][1]	int	296
i18n.words_legacy_monolith	paraNdataMatrix[226][2][2]	int	325
i18n.words_legacy_monolith	paraNdataMatrix[226][2][3]	int	326
i18n.words_legacy_monolith	paraNdataMatrix[226][2][4]	int	327
i18n.words_legacy_monolith	paraNdataMatrix[226][2][5]	int	33
i18n.words_legacy_monolith	paraNdataMatrix[226][2][6]	int	402
i18n.words_legacy_monolith	paraNdataMatrix[226][2][7]	int	403
i18n.words_legacy_monolith	paraNdataMatrix[226][2][8]	int	406
i18n.words_legacy_monolith	paraNdataMatrix[226][2][9]	int	407
i18n.words_legacy_monolith	paraNdataMatrix[226][2][10]	int	408
i18n.words_legacy_monolith	paraNdataMatrix[226][2][11]	int	430
i18n.words_legacy_monolith	paraNdataMatrix[226][2][12]	int	492
i18n.words_legacy_monolith	paraNdataMatrix[227]	tuple	3
i18n.words_legacy_monolith	paraNdataMatrix[227][0]	ref	i18n.words_legacy_monolith:ParametersMain.multiversum
i18n.words_legacy_monolith	paraNdataMatrix[227][1]	tuple	1
i18n.words_legacy_monolith	paraNdataMatrix[227][1][0]	str	structure_sciences_(10)
i18n.words_legacy_monolith	paraNdataMatrix[227][2]	set	1
i18n.words_legacy_monolith	paraNdataMatrix[227][2][0]	int	438
i18n.words_legacy_monolith	paraNdataMatrix[228]	tuple	3
i18n.words_legacy_monolith	paraNdataMatrix[228][0]	ref	i18n.words_legacy_monolith:ParametersMain.multiversum
i18n.words_legacy_monolith	paraNdataMatrix[228][1]	tuple	1
i18n.words_legacy_monolith	paraNdataMatrix[228][1][0]	str	pattern_sciences_(20)
i18n.words_legacy_monolith	paraNdataMatrix[228][2]	set	2
i18n.words_legacy_monolith	paraNdataMatrix[228][2][0]	int	439
i18n.words_legacy_monolith	paraNdataMatrix[228][2][1]	int	484
i18n.words_legacy_monolith	paraNdataMatrix[229]	tuple	3
i18n.words_legacy_monolith	paraNdataMatrix[229][0]	ref	i18n.words_legacy_monolith:ParametersMain.grundstrukturen
i18n.words_legacy_monolith	paraNdataMatrix[229][1]	tuple	1
i18n.words_legacy_monolith	paraNdataMatrix[229][1][0]	str	leadership_types_(7)
i18n.words_legacy_monolith	paraNdataMatrix[229][2]	set	10
i18n.words_legacy_monolith	paraNdataMatrix[229][2][0]	int	429
i18n.words_legacy_monolith	paraNdataMatrix[229][2][1]	int	455
i18n.words_legacy_monolith	paraNdataMatrix[229][2][2]	int	481
i18n.words_legacy_monolith	paraNdataMatrix[229][2][3]	int	482
i18n.words_legacy_monolith	paraNdataMatrix[229][2][4]	int	490
i18n.words_legacy_monolith	paraNdataMatrix[229][2][5]	int	497
i18n.words_legacy_monolith	paraNdataMatrix[229][2][6]	int	498
i18n.words_legacy_monolith	paraNdataMatrix[229][2][7]	int	499
i18n.words_legacy_monolith	paraNdataMatrix[229][2][8]	int	502
i18n.words_legacy_monolith	paraNdataMatrix[229][2][9]	int	509
i18n.words_legacy_monolith	paraNdataMatrix[230]	tuple	3
i18n.words_legacy_monolith	paraNdataMatrix[230][0]	ref	i18n.words_legacy_monolith:ParametersMain.grundstrukturen
i18n.words_legacy_monolith	paraNdataMatrix[230][1]	tuple	3
i18n.words_legacy_monolith	paraNdataMatrix[230][1][0]	str	classes_(20)
i18n.words_legacy_monolith	paraNdataMatrix[230][1][1]	str	class
i18n.words_legacy_monolith	paraNdataMatrix[230][1][2]	str	classes
i18n.words_legacy_monolith	paraNdataMatrix[230][2]	set	7
i18n.words_legacy_monolith	paraNdataMatrix[230][2][0]	int	241
i18n.words_legacy_monolith	paraNdataMatrix[230][2][1]	int	289
i18n.words_legacy_monolith	paraNdataMatrix[230][2][2]	int	394
i18n.words_legacy_monolith	paraNdataMatrix[230][2][3]	int	395
i18n.words_legacy_monolith	paraNdataMatrix[230][2][4]	int	485
i18n.words_legacy_monolith	paraNdataMatrix[230][2][5]	int	516
i18n.words_legacy_monolith	paraNdataMatrix[230][2][6]	int	697
i18n.words_legacy_monolith	paraNdataMatrix[231]	tuple	3
i18n.words_legacy_monolith	paraNdataMatrix[231][0]	ref	i18n.words_legacy_monolith:ParametersMain.grundstrukturen
i18n.words_legacy_monolith	paraNdataMatrix[231][1]	tuple	4
i18n.words_legacy_monolith	paraNdataMatrix[231][1][0]	str	order_and_Filtering_12_and_1pro12
i18n.words_legacy_monolith	paraNdataMatrix[231][1][1]	str	order
i18n.words_legacy_monolith	paraNdataMatrix[231][1][2]	str	orderandfilter
i18n.words_legacy_monolith	paraNdataMatrix[231][1][3]	str	filter
i18n.words_legacy_monolith	paraNdataMatrix[231][2]	set	4
i18n.words_legacy_monolith	paraNdataMatrix[231][2][0]	int	132
i18n.words_legacy_monolith	paraNdataMatrix[231][2][1]	int	328
i18n.words_legacy_monolith	paraNdataMatrix[231][2][2]	int	331
i18n.words_legacy_monolith	paraNdataMatrix[231][2][3]	int	335
i18n.words_legacy_monolith	paraNdataMatrix[232]	tuple	3
i18n.words_legacy_monolith	paraNdataMatrix[232][0]	ref	i18n.words_legacy_monolith:ParametersMain.grundstrukturen
i18n.words_legacy_monolith	paraNdataMatrix[232][1]	tuple	7
i18n.words_legacy_monolith	paraNdataMatrix[232][1][0]	str	meta-systems_(12)
i18n.words_legacy_monolith	paraNdataMatrix[232][1][1]	str	metasystems
i18n.words_legacy_monolith	paraNdataMatrix[232][1][2]	str	metasystem
i18n.words_legacy_monolith	paraNdataMatrix[232][1][3]	str	metasystems
i18n.words_legacy_monolith	paraNdataMatrix[232][1][4]	str	metasystem
i18n.words_legacy_monolith	paraNdataMatrix[232][1][5]	str	set
i18n.words_legacy_monolith	paraNdataMatrix[232][1][6]	str	sets
i18n.words_legacy_monolith	paraNdataMatrix[232][2]	set	11
i18n.words_legacy_monolith	paraNdataMatrix[232][2][0]	int	232
i18n.words_legacy_monolith	paraNdataMatrix[232][2][1]	int	288
i18n.words_legacy_monolith	paraNdataMatrix[232][2][2]	int	334
i18n.words_legacy_monolith	paraNdataMatrix[232][2][3]	int	410
i18n.words_legacy_monolith	paraNdataMatrix[232][2][4]	int	411
i18n.words_legacy_monolith	paraNdataMatrix[232][2][5]	int	483
i18n.words_legacy_monolith	paraNdataMatrix[232][2][6]	int	497
i18n.words_legacy_monolith	paraNdataMatrix[232][2][7]	int	498
i18n.words_legacy_monolith	paraNdataMatrix[232][2][8]	int	499
i18n.words_legacy_monolith	paraNdataMatrix[232][2][9]	int	79
i18n.words_legacy_monolith	paraNdataMatrix[232][2][10]	int	80
i18n.words_legacy_monolith	paraNdataMatrix[233]	tuple	3
i18n.words_legacy_monolith	paraNdataMatrix[233][0]	ref	i18n.words_legacy_monolith:ParametersMain.grundstrukturen
i18n.words_legacy_monolith	paraNdataMatrix[233][1]	tuple	3
i18n.words_legacy_monolith	paraNdataMatrix[233][1][0]	str	intention_1/8
i18n.words_legacy_monolith	paraNdataMatrix[233][1][1]	str	intention1pro8
i18n.words_legacy_monolith	paraNdataMatrix[233][1][2]	str	intention1/8
i18n.words_legacy_monolith	paraNdataMatrix[233][2]	set	2
i18n.words_legacy_monolith	paraNdataMatrix[233][2][0]	int	272
i18n.words_legacy_monolith	paraNdataMatrix[233][2][1]	int	379
i18n.words_legacy_monolith	paraNdataMatrix[234]	tuple	3
i18n.words_legacy_monolith	paraNdataMatrix[234][0]	ref	i18n.words_legacy_monolith:ParametersMain.grundstrukturen
i18n.words_legacy_monolith	paraNdataMatrix[234][1]	tuple	4
i18n.words_legacy_monolith	paraNdataMatrix[234][1][0]	str	goals_(19)
i18n.words_legacy_monolith	paraNdataMatrix[234][1][1]	str	goals
i18n.words_legacy_monolith	paraNdataMatrix[234][1][2]	str	maxima
i18n.words_legacy_monolith	paraNdataMatrix[234][1][3]	str	altitudes
i18n.words_legacy_monolith	paraNdataMatrix[234][2]	set	1
i18n.words_legacy_monolith	paraNdataMatrix[234][2][0]	int	271
i18n.words_legacy_monolith	paraNdataMatrix[235]	tuple	3
i18n.words_legacy_monolith	paraNdataMatrix[235][0]	ref	i18n.words_legacy_monolith:ParametersMain.grundstrukturen
i18n.words_legacy_monolith	paraNdataMatrix[235][1]	tuple	4
i18n.words_legacy_monolith	paraNdataMatrix[235][1][0]	str	concretes_and_Focus_(2)
i18n.words_legacy_monolith	paraNdataMatrix[235][1][1]	str	concreta
i18n.words_legacy_monolith	paraNdataMatrix[235][1][2]	str	fcous
i18n.words_legacy_monolith	paraNdataMatrix[235][1][3]	str	focus
i18n.words_legacy_monolith	paraNdataMatrix[235][2]	set	3
i18n.words_legacy_monolith	paraNdataMatrix[235][2][0]	int	250
i18n.words_legacy_monolith	paraNdataMatrix[235][2][1]	int	253
i18n.words_legacy_monolith	paraNdataMatrix[235][2][2]	int	269
i18n.words_legacy_monolith	paraNdataMatrix[236]	tuple	3
i18n.words_legacy_monolith	paraNdataMatrix[236][0]	ref	i18n.words_legacy_monolith:ParametersMain.grundstrukturen
i18n.words_legacy_monolith	paraNdataMatrix[236][1]	tuple	5
i18n.words_legacy_monolith	paraNdataMatrix[236][1][0]	str	feelings_(7)
i18n.words_legacy_monolith	paraNdataMatrix[236][1][1]	str	emotions
i18n.words_legacy_monolith	paraNdataMatrix[236][1][2]	str	emotions
i18n.words_legacy_monolith	paraNdataMatrix[236][1][3]	str	emotions
i18n.words_legacy_monolith	paraNdataMatrix[236][1][4]	str	feelings
i18n.words_legacy_monolith	paraNdataMatrix[236][2]	set	7
i18n.words_legacy_monolith	paraNdataMatrix[236][2][0]	int	243
i18n.words_legacy_monolith	paraNdataMatrix[236][2][1]	int	283
i18n.words_legacy_monolith	paraNdataMatrix[236][2][2]	int	284
i18n.words_legacy_monolith	paraNdataMatrix[236][2][3]	int	285
i18n.words_legacy_monolith	paraNdataMatrix[236][2][4]	int	286
i18n.words_legacy_monolith	paraNdataMatrix[236][2][5]	int	29
i18n.words_legacy_monolith	paraNdataMatrix[236][2][6]	int	305
i18n.words_legacy_monolith	paraNdataMatrix[237]	tuple	3
i18n.words_legacy_monolith	paraNdataMatrix[237][0]	ref	i18n.words_legacy_monolith:ParametersMain.grundstrukturen
i18n.words_legacy_monolith	paraNdataMatrix[237][1]	tuple	3
i18n.words_legacy_monolith	paraNdataMatrix[237][1][0]	str	dependent_connectedness_(90)
i18n.words_legacy_monolith	paraNdataMatrix[237][1][1]	str	dependence
i18n.words_legacy_monolith	paraNdataMatrix[237][1][2]	str	dependence
i18n.words_legacy_monolith	paraNdataMatrix[237][2]	set	1
i18n.words_legacy_monolith	paraNdataMatrix[237][2][0]	int	357
i18n.words_legacy_monolith	paraNdataMatrix[238]	tuple	3
i18n.words_legacy_monolith	paraNdataMatrix[238][0]	ref	i18n.words_legacy_monolith:ParametersMain.grundstrukturen
i18n.words_legacy_monolith	paraNdataMatrix[238][1]	tuple	4
i18n.words_legacy_monolith	paraNdataMatrix[238][1][0]	str	map_filter_and_distinction_(1/12)
i18n.words_legacy_monolith	paraNdataMatrix[238][1][1]	str	map
i18n.words_legacy_monolith	paraNdataMatrix[238][1][2]	str	filter
i18n.words_legacy_monolith	paraNdataMatrix[238][1][3]	str	distinction
i18n.words_legacy_monolith	paraNdataMatrix[238][2]	set	1
i18n.words_legacy_monolith	paraNdataMatrix[238][2][0]	int	377
i18n.words_legacy_monolith	paraNdataMatrix[239]	tuple	3
i18n.words_legacy_monolith	paraNdataMatrix[239][0]	ref	i18n.words_legacy_monolith:ParametersMain.grundstrukturen
i18n.words_legacy_monolith	paraNdataMatrix[239][1]	tuple	2
i18n.words_legacy_monolith	paraNdataMatrix[239][1][0]	str	foundation_(1/19)
i18n.words_legacy_monolith	paraNdataMatrix[239][1][1]	str	foundation
i18n.words_legacy_monolith	paraNdataMatrix[239][2]	set	1
i18n.words_legacy_monolith	paraNdataMatrix[239][2][0]	int	356
i18n.words_legacy_monolith	paraNdataMatrix[240]	tuple	3
i18n.words_legacy_monolith	paraNdataMatrix[240][0]	ref	i18n.words_legacy_monolith:ParametersMain.grundstrukturen
i18n.words_legacy_monolith	paraNdataMatrix[240][1]	tuple	3
i18n.words_legacy_monolith	paraNdataMatrix[240][1][0]	str	thoughts_are_positions_(17)
i18n.words_legacy_monolith	paraNdataMatrix[240][1][1]	str	positions
i18n.words_legacy_monolith	paraNdataMatrix[240][1][2]	str	thoughts
i18n.words_legacy_monolith	paraNdataMatrix[240][2]	set	3
i18n.words_legacy_monolith	paraNdataMatrix[240][2][0]	int	249
i18n.words_legacy_monolith	paraNdataMatrix[240][2][1]	int	317
i18n.words_legacy_monolith	paraNdataMatrix[240][2][2]	int	323
i18n.words_legacy_monolith	paraNdataMatrix[241]	tuple	3
i18n.words_legacy_monolith	paraNdataMatrix[241][0]	ref	i18n.words_legacy_monolith:ParametersMain.grundstrukturen
i18n.words_legacy_monolith	paraNdataMatrix[241][1]	tuple	4
i18n.words_legacy_monolith	paraNdataMatrix[241][1][0]	str	functions_Conceptions_(16)
i18n.words_legacy_monolith	paraNdataMatrix[241][1][1]	str	imaginations
i18n.words_legacy_monolith	paraNdataMatrix[241][1][2]	str	imagination
i18n.words_legacy_monolith	paraNdataMatrix[241][1][3]	str	functions
i18n.words_legacy_monolith	paraNdataMatrix[241][2]	set	4
i18n.words_legacy_monolith	paraNdataMatrix[241][2][0]	int	264
i18n.words_legacy_monolith	paraNdataMatrix[241][2][1]	int	345
i18n.words_legacy_monolith	paraNdataMatrix[241][2][2]	int	388
i18n.words_legacy_monolith	paraNdataMatrix[241][2][3]	int	418
i18n.words_legacy_monolith	paraNdataMatrix[242]	tuple	3
i18n.words_legacy_monolith	paraNdataMatrix[242][0]	ref	i18n.words_legacy_monolith:ParametersMain.grundstrukturen
i18n.words_legacy_monolith	paraNdataMatrix[242][1]	tuple	4
i18n.words_legacy_monolith	paraNdataMatrix[242][1][0]	str	shall_question_procedure_(1/13)
i18n.words_legacy_monolith	paraNdataMatrix[242][1][1]	str	shall
i18n.words_legacy_monolith	paraNdataMatrix[242][1][2]	str	question
i18n.words_legacy_monolith	paraNdataMatrix[242][1][3]	str	procedure
i18n.words_legacy_monolith	paraNdataMatrix[242][2]	set	2
i18n.words_legacy_monolith	paraNdataMatrix[242][2][0]	int	353
i18n.words_legacy_monolith	paraNdataMatrix[242][2][1]	int	354
i18n.words_legacy_monolith	paraNdataMatrix[243]	tuple	3
i18n.words_legacy_monolith	paraNdataMatrix[243][0]	ref	i18n.words_legacy_monolith:ParametersMain.grundstrukturen
i18n.words_legacy_monolith	paraNdataMatrix[243][1]	tuple	2
i18n.words_legacy_monolith	paraNdataMatrix[243][1][0]	str	views_Stances_(18_17)
i18n.words_legacy_monolith	paraNdataMatrix[243][1][1]	str	views
i18n.words_legacy_monolith	paraNdataMatrix[243][2]	set	2
i18n.words_legacy_monolith	paraNdataMatrix[243][2][0]	int	240
i18n.words_legacy_monolith	paraNdataMatrix[243][2][1]	int	346
i18n.words_legacy_monolith	paraNdataMatrix[244]	tuple	3
i18n.words_legacy_monolith	paraNdataMatrix[244][0]	ref	i18n.words_legacy_monolith:ParametersMain.menschliches
i18n.words_legacy_monolith	paraNdataMatrix[244][1]	tuple	4
i18n.words_legacy_monolith	paraNdataMatrix[244][1][0]	str	Psychopath_Soziopath
i18n.words_legacy_monolith	paraNdataMatrix[244][1][1]	str	sadist
i18n.words_legacy_monolith	paraNdataMatrix[244][1][2]	str	psychopath
i18n.words_legacy_monolith	paraNdataMatrix[244][1][3]	str	soziopath
i18n.words_legacy_monolith	paraNdataMatrix[244][2]	set	2
i18n.words_legacy_monolith	paraNdataMatrix[244][2][0]	int	581
i18n.words_legacy_monolith	paraNdataMatrix[244][2][1]	int	602
i18n.words_legacy_monolith	paraNdataMatrix[245]	tuple	3
i18n.words_legacy_monolith	paraNdataMatrix[245][0]	ref	i18n.words_legacy_monolith:ParametersMain.menschliches
i18n.words_legacy_monolith	paraNdataMatrix[245][1]	tuple	2
i18n.words_legacy_monolith	paraNdataMatrix[245][1][0]	str	connections_(18)
i18n.words_legacy_monolith	paraNdataMatrix[245][1][1]	str	affiliations
i18n.words_legacy_monolith	paraNdataMatrix[245][2]	set	5
i18n.words_legacy_monolith	paraNdataMatrix[245][2][0]	int	252
i18n.words_legacy_monolith	paraNdataMatrix[245][2][1]	int	299
i18n.words_legacy_monolith	paraNdataMatrix[245][2][2]	int	300
i18n.words_legacy_monolith	paraNdataMatrix[245][2][3]	int	336
i18n.words_legacy_monolith	paraNdataMatrix[245][2][4]	int	580
i18n.words_legacy_monolith	paraNdataMatrix[246]	tuple	3
i18n.words_legacy_monolith	paraNdataMatrix[246][0]	ref	i18n.words_legacy_monolith:ParametersMain.grundstrukturen
i18n.words_legacy_monolith	paraNdataMatrix[246][1]	tuple	2
i18n.words_legacy_monolith	paraNdataMatrix[246][1][0]	str	connections_(18)
i18n.words_legacy_monolith	paraNdataMatrix[246][1][1]	str	affiliations
i18n.words_legacy_monolith	paraNdataMatrix[246][2]	set	5
i18n.words_legacy_monolith	paraNdataMatrix[246][2][0]	int	252
i18n.words_legacy_monolith	paraNdataMatrix[246][2][1]	int	299
i18n.words_legacy_monolith	paraNdataMatrix[246][2][2]	int	300
i18n.words_legacy_monolith	paraNdataMatrix[246][2][3]	int	336
i18n.words_legacy_monolith	paraNdataMatrix[246][2][4]	int	580
i18n.words_legacy_monolith	paraNdataMatrix[247]	tuple	3
i18n.words_legacy_monolith	paraNdataMatrix[247][0]	ref	i18n.words_legacy_monolith:ParametersMain.grundstrukturen
i18n.words_legacy_monolith	paraNdataMatrix[247][1]	tuple	3
i18n.words_legacy_monolith	paraNdataMatrix[247][1][0]	str	intention_13_is_helping
i18n.words_legacy_monolith	paraNdataMatrix[247][1][1]	str	intention13
i18n.words_legacy_monolith	paraNdataMatrix[247][1][2]	str	help
i18n.words_legacy_monolith	paraNdataMatrix[247][2]	set	1
i18n.words_legacy_monolith	paraNdataMatrix[247][2][0]	int	370
i18n.words_legacy_monolith	paraNdataMatrix[248]	tuple	4
i18n.words_legacy_monolith	paraNdataMatrix[248][0]	ref	i18n.words_legacy_monolith:ParametersMain.grundstrukturen
i18n.words_legacy_monolith	paraNdataMatrix[248][1]	tuple	2
i18n.words_legacy_monolith	paraNdataMatrix[248][1][0]	str	love_(7)
i18n.words_legacy_monolith	paraNdataMatrix[248][1][1]	str	love
i18n.words_legacy_monolith	paraNdataMatrix[248][2]	set	7
i18n.words_legacy_monolith	paraNdataMatrix[248][2][0]	int	208
i18n.words_legacy_monolith	paraNdataMatrix[248][2][1]	int	221
i18n.words_legacy_monolith	paraNdataMatrix[248][2][2]	int	28
i18n.words_legacy_monolith	paraNdataMatrix[248][2][3]	int	330
i18n.words_legacy_monolith	paraNdataMatrix[248][2][4]	int	580
i18n.words_legacy_monolith	paraNdataMatrix[248][2][5]	int	8
i18n.words_legacy_monolith	paraNdataMatrix[248][2][6]	int	9
i18n.words_legacy_monolith	paraNdataMatrix[248][3]	set	1
i18n.words_legacy_monolith	paraNdataMatrix[248][3][0]	ref	i18n.words_legacy_monolith:paraNdataMatrix[180][3][0]
i18n.words_legacy_monolith	paraNdataMatrix[249]	tuple	3
i18n.words_legacy_monolith	paraNdataMatrix[249][0]	ref	i18n.words_legacy_monolith:ParametersMain.grundstrukturen
i18n.words_legacy_monolith	paraNdataMatrix[249][1]	tuple	2
i18n.words_legacy_monolith	paraNdataMatrix[249][1][0]	str	coalitions_(10)
i18n.words_legacy_monolith	paraNdataMatrix[249][1][1]	str	coalitions
i18n.words_legacy_monolith	paraNdataMatrix[249][2]	set	1
i18n.words_legacy_monolith	paraNdataMatrix[249][2][0]	int	321
i18n.words_legacy_monolith	paraNdataMatrix[250]	tuple	3
i18n.words_legacy_monolith	paraNdataMatrix[250][0]	ref	i18n.words_legacy_monolith:ParametersMain.grundstrukturen
i18n.words_legacy_monolith	paraNdataMatrix[250][1]	tuple	1
i18n.words_legacy_monolith	paraNdataMatrix[250][1][0]	str	against_5
i18n.words_legacy_monolith	paraNdataMatrix[250][2]	set	1
i18n.words_legacy_monolith	paraNdataMatrix[250][2][0]	int	24
i18n.words_legacy_monolith	paraNdataMatrix[251]	tuple	3
i18n.words_legacy_monolith	paraNdataMatrix[251][0]	ref	i18n.words_legacy_monolith:ParametersMain.grundstrukturen
i18n.words_legacy_monolith	paraNdataMatrix[251][1]	tuple	2
i18n.words_legacy_monolith	paraNdataMatrix[251][1][0]	str	impulses_(5)
i18n.words_legacy_monolith	paraNdataMatrix[251][1][1]	str	impulses
i18n.words_legacy_monolith	paraNdataMatrix[251][2]	set	4
i18n.words_legacy_monolith	paraNdataMatrix[251][2][0]	int	251
i18n.words_legacy_monolith	paraNdataMatrix[251][2][1]	int	253
i18n.words_legacy_monolith	paraNdataMatrix[251][2][2]	int	257
i18n.words_legacy_monolith	paraNdataMatrix[251][2][3]	int	341
i18n.words_legacy_monolith	paraNdataMatrix[252]	tuple	3
i18n.words_legacy_monolith	paraNdataMatrix[252][0]	ref	i18n.words_legacy_monolith:ParametersMain.grundstrukturen
i18n.words_legacy_monolith	paraNdataMatrix[252][1]	tuple	6
i18n.words_legacy_monolith	paraNdataMatrix[252][1][0]	str	drives_and_needs_(6)
i18n.words_legacy_monolith	paraNdataMatrix[252][1][1]	str	drive
i18n.words_legacy_monolith	paraNdataMatrix[252][1][2]	str	drive
i18n.words_legacy_monolith	paraNdataMatrix[252][1][3]	str	need
i18n.words_legacy_monolith	paraNdataMatrix[252][1][4]	str	needs
i18n.words_legacy_monolith	paraNdataMatrix[252][1][5]	str	values
i18n.words_legacy_monolith	paraNdataMatrix[252][2]	set	5
i18n.words_legacy_monolith	paraNdataMatrix[252][2][0]	int	254
i18n.words_legacy_monolith	paraNdataMatrix[252][2][1]	int	392
i18n.words_legacy_monolith	paraNdataMatrix[252][2][2]	int	396
i18n.words_legacy_monolith	paraNdataMatrix[252][2][3]	int	397
i18n.words_legacy_monolith	paraNdataMatrix[252][2][4]	int	423
i18n.words_legacy_monolith	paraNdataMatrix[253]	tuple	3
i18n.words_legacy_monolith	paraNdataMatrix[253][0]	ref	i18n.words_legacy_monolith:ParametersMain.grundstrukturen
i18n.words_legacy_monolith	paraNdataMatrix[253][1]	tuple	3
i18n.words_legacy_monolith	paraNdataMatrix[253][1][0]	str	actions
i18n.words_legacy_monolith	paraNdataMatrix[253][1][1]	str	actions
i18n.words_legacy_monolith	paraNdataMatrix[253][1][2]	str	actions
i18n.words_legacy_monolith	paraNdataMatrix[253][2]	set	1
i18n.words_legacy_monolith	paraNdataMatrix[253][2][0]	int	424
i18n.words_legacy_monolith	paraNdataMatrix[254]	tuple	3
i18n.words_legacy_monolith	paraNdataMatrix[254][0]	ref	i18n.words_legacy_monolith:ParametersMain.grundstrukturen
i18n.words_legacy_monolith	paraNdataMatrix[254][1]	tuple	3
i18n.words_legacy_monolith	paraNdataMatrix[254][1][0]	str	reflection_and_Categories_(1/15)
i18n.words_legacy_monolith	paraNdataMatrix[254][1][1]	str	reflection
i18n.words_legacy_monolith	paraNdataMatrix[254][1][2]	str	categories
i18n.words_legacy_monolith	paraNdataMatrix[254][2]	set	3
i18n.words_legacy_monolith	paraNdataMatrix[254][2][0]	int	204
i18n.words_legacy_monolith	paraNdataMatrix[254][2][1]	int	205
i18n.words_legacy_monolith	paraNdataMatrix[254][2][2]	int	281
i18n.words_legacy_monolith	paraNdataMatrix[255]	tuple	3
i18n.words_legacy_monolith	paraNdataMatrix[255][0]	ref	i18n.words_legacy_monolith:ParametersMain.grundstrukturen
i18n.words_legacy_monolith	paraNdataMatrix[255][1]	tuple	6
i18n.words_legacy_monolith	paraNdataMatrix[255][1][0]	str	mode_and_being_(8)
i18n.words_legacy_monolith	paraNdataMatrix[255][1][1]	str	states
i18n.words_legacy_monolith	paraNdataMatrix[255][1][2]	str	states
i18n.words_legacy_monolith	paraNdataMatrix[255][1][3]	str	mode
i18n.words_legacy_monolith	paraNdataMatrix[255][1][4]	str	modes
i18n.words_legacy_monolith	paraNdataMatrix[255][1][5]	str	be
i18n.words_legacy_monolith	paraNdataMatrix[255][2]	set	5
i18n.words_legacy_monolith	paraNdataMatrix[255][2][0]	int	234
i18n.words_legacy_monolith	paraNdataMatrix[255][2][1]	int	337
i18n.words_legacy_monolith	paraNdataMatrix[255][2][2]	int	385
i18n.words_legacy_monolith	paraNdataMatrix[255][2][3]	int	387
i18n.words_legacy_monolith	paraNdataMatrix[255][2][4]	int	491
i18n.words_legacy_monolith	paraNdataMatrix[256]	tuple	3
i18n.words_legacy_monolith	paraNdataMatrix[256][0]	ref	i18n.words_legacy_monolith:ParametersMain.menschliches
i18n.words_legacy_monolith	paraNdataMatrix[256][1]	tuple	6
i18n.words_legacy_monolith	paraNdataMatrix[256][1][0]	str	motifs
i18n.words_legacy_monolith	paraNdataMatrix[256][1][1]	str	motifs
i18n.words_legacy_monolith	paraNdataMatrix[256][1][2]	str	motivation
i18n.words_legacy_monolith	paraNdataMatrix[256][1][3]	str	motive
i18n.words_legacy_monolith	paraNdataMatrix[256][1][4]	str	intent
i18n.words_legacy_monolith	paraNdataMatrix[256][1][5]	str	intentions
i18n.words_legacy_monolith	paraNdataMatrix[256][2]	set	10
i18n.words_legacy_monolith	paraNdataMatrix[256][2][0]	int	10
i18n.words_legacy_monolith	paraNdataMatrix[256][2][1]	int	149
i18n.words_legacy_monolith	paraNdataMatrix[256][2][2]	int	167
i18n.words_legacy_monolith	paraNdataMatrix[256][2][3]	int	168
i18n.words_legacy_monolith	paraNdataMatrix[256][2][4]	int	18
i18n.words_legacy_monolith	paraNdataMatrix[256][2][5]	int	229
i18n.words_legacy_monolith	paraNdataMatrix[256][2][6]	int	230
i18n.words_legacy_monolith	paraNdataMatrix[256][2][7]	int	42
i18n.words_legacy_monolith	paraNdataMatrix[256][2][8]	int	561
i18n.words_legacy_monolith	paraNdataMatrix[256][2][9]	int	607
i18n.words_legacy_monolith	paraNdataMatrix[257]	tuple	3
i18n.words_legacy_monolith	paraNdataMatrix[257][0]	ref	i18n.words_legacy_monolith:ParametersMain.menschliches
i18n.words_legacy_monolith	paraNdataMatrix[257][1]	tuple	3
i18n.words_legacy_monolith	paraNdataMatrix[257][1][0]	str	thoughts_are_positions_(17)
i18n.words_legacy_monolith	paraNdataMatrix[257][1][1]	str	positions
i18n.words_legacy_monolith	paraNdataMatrix[257][1][2]	str	thoughts
i18n.words_legacy_monolith	paraNdataMatrix[257][2]	set	2
i18n.words_legacy_monolith	paraNdataMatrix[257][2][0]	int	249
i18n.words_legacy_monolith	paraNdataMatrix[257][2][1]	int	276
i18n.words_legacy_monolith	paraNdataMatrix[258]	tuple	3
i18n.words_legacy_monolith	paraNdataMatrix[258][0]	ref	i18n.words_legacy_monolith:ParametersMain.menschliches
i18n.words_legacy_monolith	paraNdataMatrix[258][1]	tuple	3
i18n.words_legacy_monolith	paraNdataMatrix[258][1][0]	str	consciousness_and_perception
i18n.words_legacy_monolith	paraNdataMatrix[258][1][1]	str	consciousness
i18n.words_legacy_monolith	paraNdataMatrix[258][1][2]	str	perception
i18n.words_legacy_monolith	paraNdataMatrix[258][2]	set	6
i18n.words_legacy_monolith	paraNdataMatrix[258][2][0]	int	229
i18n.words_legacy_monolith	paraNdataMatrix[258][2][1]	int	231
i18n.words_legacy_monolith	paraNdataMatrix[258][2][2]	int	265
i18n.words_legacy_monolith	paraNdataMatrix[258][2][3]	int	281
i18n.words_legacy_monolith	paraNdataMatrix[258][2][4]	int	304
i18n.words_legacy_monolith	paraNdataMatrix[258][2][5]	int	342
i18n.words_legacy_monolith	paraNdataMatrix[259]	tuple	3
i18n.words_legacy_monolith	paraNdataMatrix[259][0]	ref	i18n.words_legacy_monolith:ParametersMain.menschliches
i18n.words_legacy_monolith	paraNdataMatrix[259][1]	tuple	4
i18n.words_legacy_monolith	paraNdataMatrix[259][1][0]	str	achievements
i18n.words_legacy_monolith	paraNdataMatrix[259][1][1]	str	achievements
i18n.words_legacy_monolith	paraNdataMatrix[259][1][2]	str	goals
i18n.words_legacy_monolith	paraNdataMatrix[259][1][3]	str	obtained
i18n.words_legacy_monolith	paraNdataMatrix[259][2]	set	3
i18n.words_legacy_monolith	paraNdataMatrix[259][2][0]	int	11
i18n.words_legacy_monolith	paraNdataMatrix[259][2][1]	int	251
i18n.words_legacy_monolith	paraNdataMatrix[259][2][2]	int	257
i18n.words_legacy_monolith	paraNdataMatrix[260]	tuple	3
i18n.words_legacy_monolith	paraNdataMatrix[260][0]	ref	i18n.words_legacy_monolith:ParametersMain.menschliches
i18n.words_legacy_monolith	paraNdataMatrix[260][1]	tuple	11
i18n.words_legacy_monolith	paraNdataMatrix[260][1][0]	str	evolutionary_acquisition_and_intelligence_creativity
i18n.words_legacy_monolith	paraNdataMatrix[260][1][1]	str	evolutionary_acquire_and_intelligence
i18n.words_legacy_monolith	paraNdataMatrix[260][1][2]	str	intelligence
i18n.words_legacy_monolith	paraNdataMatrix[260][1][3]	str	acquire
i18n.words_legacy_monolith	paraNdataMatrix[260][1][4]	str	learn
i18n.words_legacy_monolith	paraNdataMatrix[260][1][5]	str	learn
i18n.words_legacy_monolith	paraNdataMatrix[260][1][6]	str	evolutionary
i18n.words_legacy_monolith	paraNdataMatrix[260][1][7]	str	evolutionary
i18n.words_legacy_monolith	paraNdataMatrix[260][1][8]	str	creativity
i18n.words_legacy_monolith	paraNdataMatrix[260][1][9]	str	creativity
i18n.words_legacy_monolith	paraNdataMatrix[260][1][10]	str	creative
i18n.words_legacy_monolith	paraNdataMatrix[260][2]	set	5
i18n.words_legacy_monolith	paraNdataMatrix[260][2][0]	int	12
i18n.words_legacy_monolith	paraNdataMatrix[260][2][1]	int	13
i18n.words_legacy_monolith	paraNdataMatrix[260][2][2]	int	27
i18n.words_legacy_monolith	paraNdataMatrix[260][2][3]	int	32
i18n.words_legacy_monolith	paraNdataMatrix[260][2][4]	int	47
i18n.words_legacy_monolith	paraNdataMatrix[261]	tuple	3
i18n.words_legacy_monolith	paraNdataMatrix[261][0]	ref	i18n.words_legacy_monolith:ParametersMain.menschliches
i18n.words_legacy_monolith	paraNdataMatrix[261][1]	tuple	4
i18n.words_legacy_monolith	paraNdataMatrix[261][1][0]	str	need
i18n.words_legacy_monolith	paraNdataMatrix[261][1][1]	str	need
i18n.words_legacy_monolith	paraNdataMatrix[261][1][2]	str	need
i18n.words_legacy_monolith	paraNdataMatrix[261][1][3]	str	necessary
i18n.words_legacy_monolith	paraNdataMatrix[261][2]	set	2
i18n.words_legacy_monolith	paraNdataMatrix[261][2][0]	int	13
i18n.words_legacy_monolith	paraNdataMatrix[261][2][1]	int	14
i18n.words_legacy_monolith	paraNdataMatrix[262]	tuple	3
i18n.words_legacy_monolith	paraNdataMatrix[262][0]	ref	i18n.words_legacy_monolith:ParametersMain.menschliches
i18n.words_legacy_monolith	paraNdataMatrix[262][1]	tuple	6
i18n.words_legacy_monolith	paraNdataMatrix[262][1][0]	str	illness
i18n.words_legacy_monolith	paraNdataMatrix[262][1][1]	str	disease
i18n.words_legacy_monolith	paraNdataMatrix[262][1][2]	str	diseases
i18n.words_legacy_monolith	paraNdataMatrix[262][1][3]	str	pathological
i18n.words_legacy_monolith	paraNdataMatrix[262][1][4]	str	psychiatric
i18n.words_legacy_monolith	paraNdataMatrix[262][1][5]	str	psychiatric
i18n.words_legacy_monolith	paraNdataMatrix[262][2]	set	1
i18n.words_legacy_monolith	paraNdataMatrix[262][2][0]	int	24
i18n.words_legacy_monolith	paraNdataMatrix[263]	tuple	3
i18n.words_legacy_monolith	paraNdataMatrix[263][0]	ref	i18n.words_legacy_monolith:ParametersMain.menschliches
i18n.words_legacy_monolith	paraNdataMatrix[263][1]	tuple	6
i18n.words_legacy_monolith	paraNdataMatrix[263][1][0]	str	alpha_beta
i18n.words_legacy_monolith	paraNdataMatrix[263][1][1]	str	alphabeta
i18n.words_legacy_monolith	paraNdataMatrix[263][1][2]	str	alpha
i18n.words_legacy_monolith	paraNdataMatrix[263][1][3]	str	beta
i18n.words_legacy_monolith	paraNdataMatrix[263][1][4]	str	omega
i18n.words_legacy_monolith	paraNdataMatrix[263][1][5]	str	sigma
i18n.words_legacy_monolith	paraNdataMatrix[263][2]	set	1
i18n.words_legacy_monolith	paraNdataMatrix[263][2][0]	int	46
i18n.words_legacy_monolith	paraNdataMatrix[264]	tuple	3
i18n.words_legacy_monolith	paraNdataMatrix[264][0]	ref	i18n.words_legacy_monolith:ParametersMain.menschliches
i18n.words_legacy_monolith	paraNdataMatrix[264][1]	tuple	2
i18n.words_legacy_monolith	paraNdataMatrix[264][1][0]	str	Anführer_und_Chef
i18n.words_legacy_monolith	paraNdataMatrix[264][1][1]	str	anfuehrer_und_boss
i18n.words_legacy_monolith	paraNdataMatrix[264][2]	set	8
i18n.words_legacy_monolith	paraNdataMatrix[264][2][0]	int	170
i18n.words_legacy_monolith	paraNdataMatrix[264][2][1]	int	29
i18n.words_legacy_monolith	paraNdataMatrix[264][2][2]	int	429
i18n.words_legacy_monolith	paraNdataMatrix[264][2][3]	int	455
i18n.words_legacy_monolith	paraNdataMatrix[264][2][4]	int	490
i18n.words_legacy_monolith	paraNdataMatrix[264][2][5]	int	502
i18n.words_legacy_monolith	paraNdataMatrix[264][2][6]	int	509
i18n.words_legacy_monolith	paraNdataMatrix[264][2][7]	int	708
i18n.words_legacy_monolith	paraNdataMatrix[265]	tuple	3
i18n.words_legacy_monolith	paraNdataMatrix[265][0]	ref	i18n.words_legacy_monolith:ParametersMain.grundstrukturen
i18n.words_legacy_monolith	paraNdataMatrix[265][1]	tuple	1
i18n.words_legacy_monolith	paraNdataMatrix[265][1][0]	str	biological_tree_(15)
i18n.words_legacy_monolith	paraNdataMatrix[265][2]	set	1
i18n.words_legacy_monolith	paraNdataMatrix[265][2][0]	int	500
i18n.words_legacy_monolith	paraNdataMatrix[266]	tuple	3
i18n.words_legacy_monolith	paraNdataMatrix[266][0]	ref	i18n.words_legacy_monolith:ParametersMain.multiversum
i18n.words_legacy_monolith	paraNdataMatrix[266][1]	tuple	1
i18n.words_legacy_monolith	paraNdataMatrix[266][1][0]	str	biological_tree_(16_->_15)
i18n.words_legacy_monolith	paraNdataMatrix[266][2]	set	1
i18n.words_legacy_monolith	paraNdataMatrix[266][2][0]	int	500
i18n.words_legacy_monolith	paraNdataMatrix[267]	tuple	3
i18n.words_legacy_monolith	paraNdataMatrix[267][0]	ref	i18n.words_legacy_monolith:ParametersMain.universum
i18n.words_legacy_monolith	paraNdataMatrix[267][1]	tuple	2
i18n.words_legacy_monolith	paraNdataMatrix[267][1][0]	str	Spezies_Typofikation
i18n.words_legacy_monolith	paraNdataMatrix[267][1][1]	str	spezies
i18n.words_legacy_monolith	paraNdataMatrix[267][2]	set	1
i18n.words_legacy_monolith	paraNdataMatrix[267][2][0]	int	582
i18n.words_legacy_monolith	paraNdataMatrix[268]	tuple	3
i18n.words_legacy_monolith	paraNdataMatrix[268][0]	ref	i18n.words_legacy_monolith:ParametersMain.universum
i18n.words_legacy_monolith	paraNdataMatrix[268][1]	tuple	1
i18n.words_legacy_monolith	paraNdataMatrix[268][1][0]	str	biological_tree_(15)
i18n.words_legacy_monolith	paraNdataMatrix[268][2]	set	1
i18n.words_legacy_monolith	paraNdataMatrix[268][2][0]	int	500
i18n.words_legacy_monolith	paraNdataMatrix[269]	tuple	3
i18n.words_legacy_monolith	paraNdataMatrix[269][0]	ref	i18n.words_legacy_monolith:ParametersMain.menschliches
i18n.words_legacy_monolith	paraNdataMatrix[269][1]	tuple	1
i18n.words_legacy_monolith	paraNdataMatrix[269][1][0]	str	biological_tree_(15)
i18n.words_legacy_monolith	paraNdataMatrix[269][2]	set	1
i18n.words_legacy_monolith	paraNdataMatrix[269][2][0]	int	500
i18n.words_legacy_monolith	paraNdataMatrix[270]	tuple	3
i18n.words_legacy_monolith	paraNdataMatrix[270][0]	ref	i18n.words_legacy_monolith:ParametersMain.menschliches
i18n.words_legacy_monolith	paraNdataMatrix[270][1]	tuple	2
i18n.words_legacy_monolith	paraNdataMatrix[270][1][0]	str	manipulation
i18n.words_legacy_monolith	paraNdataMatrix[270][1][1]	str	manipulation
i18n.words_legacy_monolith	paraNdataMatrix[270][2]	set	1
i18n.words_legacy_monolith	paraNdataMatrix[270][2][0]	int	153
i18n.words_legacy_monolith	paraNdataMatrix[271]	tuple	3
i18n.words_legacy_monolith	paraNdataMatrix[271][0]	ref	i18n.words_legacy_monolith:ParametersMain.menschliches
i18n.words_legacy_monolith	paraNdataMatrix[271][1]	tuple	3
i18n.words_legacy_monolith	paraNdataMatrix[271][1][0]	str	jobs
i18n.words_legacy_monolith	paraNdataMatrix[271][1][1]	str	jobs
i18n.words_legacy_monolith	paraNdataMatrix[271][1][2]	str	job
i18n.words_legacy_monolith	paraNdataMatrix[271][2]	set	1
i18n.words_legacy_monolith	paraNdataMatrix[271][2][0]	int	30
i18n.words_legacy_monolith	paraNdataMatrix[272]	tuple	3
i18n.words_legacy_monolith	paraNdataMatrix[272][0]	ref	i18n.words_legacy_monolith:ParametersMain.menschliches
i18n.words_legacy_monolith	paraNdataMatrix[272][1]	tuple	5
i18n.words_legacy_monolith	paraNdataMatrix[272][1][0]	str	solutions
i18n.words_legacy_monolith	paraNdataMatrix[272][1][1]	str	solutions
i18n.words_legacy_monolith	paraNdataMatrix[272][1][2]	str	solutions
i18n.words_legacy_monolith	paraNdataMatrix[272][1][3]	str	solution
i18n.words_legacy_monolith	paraNdataMatrix[272][1][4]	str	solutions
i18n.words_legacy_monolith	paraNdataMatrix[272][2]	set	1
i18n.words_legacy_monolith	paraNdataMatrix[272][2][0]	int	31
i18n.words_legacy_monolith	paraNdataMatrix[273]	tuple	3
i18n.words_legacy_monolith	paraNdataMatrix[273][0]	ref	i18n.words_legacy_monolith:ParametersMain.menschliches
i18n.words_legacy_monolith	paraNdataMatrix[273][1]	tuple	2
i18n.words_legacy_monolith	paraNdataMatrix[273][1][0]	str	music
i18n.words_legacy_monolith	paraNdataMatrix[273][1][1]	str	music
i18n.words_legacy_monolith	paraNdataMatrix[273][2]	set	2
i18n.words_legacy_monolith	paraNdataMatrix[273][2][0]	int	33
i18n.words_legacy_monolith	paraNdataMatrix[273][2][1]	int	523
i18n.words_legacy_monolith	paraNdataMatrix[274]	tuple	3
i18n.words_legacy_monolith	paraNdataMatrix[274][0]	ref	i18n.words_legacy_monolith:ParametersMain.procontra
i18n.words_legacy_monolith	paraNdataMatrix[274][1]	tuple	4
i18n.words_legacy_monolith	paraNdataMatrix[274][1][0]	str	makes_sense
i18n.words_legacy_monolith	paraNdataMatrix[274][1][1]	str	resultsSense
i18n.words_legacy_monolith	paraNdataMatrix[274][1][2]	str	yieldsSense
i18n.words_legacy_monolith	paraNdataMatrix[274][1][3]	str	senseAndMeaning
i18n.words_legacy_monolith	paraNdataMatrix[274][2]	set	1
i18n.words_legacy_monolith	paraNdataMatrix[274][2][0]	int	140
i18n.words_legacy_monolith	paraNdataMatrix[275]	tuple	3
i18n.words_legacy_monolith	paraNdataMatrix[275][0]	ref	i18n.words_legacy_monolith:ParametersMain.procontra
i18n.words_legacy_monolith	paraNdataMatrix[275][1]	tuple	5
i18n.words_legacy_monolith	paraNdataMatrix[275][1][0]	str	change
i18n.words_legacy_monolith	paraNdataMatrix[275][1][1]	str	change
i18n.words_legacy_monolith	paraNdataMatrix[275][1][2]	str	change
i18n.words_legacy_monolith	paraNdataMatrix[275][1][3]	str	change
i18n.words_legacy_monolith	paraNdataMatrix[275][1][4]	str	change
i18n.words_legacy_monolith	paraNdataMatrix[275][2]	set	1
i18n.words_legacy_monolith	paraNdataMatrix[275][2][0]	int	142
i18n.words_legacy_monolith	paraNdataMatrix[276]	tuple	3
i18n.words_legacy_monolith	paraNdataMatrix[276][0]	ref	i18n.words_legacy_monolith:ParametersMain.procontra
i18n.words_legacy_monolith	paraNdataMatrix[276][1]	tuple	5
i18n.words_legacy_monolith	paraNdataMatrix[276][1][0]	str	tame_control
i18n.words_legacy_monolith	paraNdataMatrix[276][1][1]	str	tamecontrol
i18n.words_legacy_monolith	paraNdataMatrix[276][1][2]	str	control
i18n.words_legacy_monolith	paraNdataMatrix[276][1][3]	str	tame
i18n.words_legacy_monolith	paraNdataMatrix[276][1][4]	str	tame
i18n.words_legacy_monolith	paraNdataMatrix[276][2]	set	1
i18n.words_legacy_monolith	paraNdataMatrix[276][2][0]	int	143
i18n.words_legacy_monolith	paraNdataMatrix[277]	tuple	3
i18n.words_legacy_monolith	paraNdataMatrix[277][0]	ref	i18n.words_legacy_monolith:ParametersMain.procontra
i18n.words_legacy_monolith	paraNdataMatrix[277][1]	tuple	2
i18n.words_legacy_monolith	paraNdataMatrix[277][1][0]	str	unite
i18n.words_legacy_monolith	paraNdataMatrix[277][1][1]	str	unity
i18n.words_legacy_monolith	paraNdataMatrix[277][2]	set	1
i18n.words_legacy_monolith	paraNdataMatrix[277][2][0]	int	144
i18n.words_legacy_monolith	paraNdataMatrix[278]	tuple	3
i18n.words_legacy_monolith	paraNdataMatrix[278][0]	ref	i18n.words_legacy_monolith:ParametersMain.procontra
i18n.words_legacy_monolith	paraNdataMatrix[278][1]	tuple	3
i18n.words_legacy_monolith	paraNdataMatrix[278][1][0]	str	advantages
i18n.words_legacy_monolith	paraNdataMatrix[278][1][1]	str	advantages
i18n.words_legacy_monolith	paraNdataMatrix[278][1][2]	str	usechange
i18n.words_legacy_monolith	paraNdataMatrix[278][2]	set	1
i18n.words_legacy_monolith	paraNdataMatrix[278][2][0]	int	141
i18n.words_legacy_monolith	paraNdataMatrix[279]	tuple	3
i18n.words_legacy_monolith	paraNdataMatrix[279][0]	ref	i18n.words_legacy_monolith:ParametersMain.procontra
i18n.words_legacy_monolith	paraNdataMatrix[279][1]	tuple	3
i18n.words_legacy_monolith	paraNdataMatrix[279][1][0]	str	opponent
i18n.words_legacy_monolith	paraNdataMatrix[279][1][1]	str	opponent
i18n.words_legacy_monolith	paraNdataMatrix[279][1][2]	str	antagonist
i18n.words_legacy_monolith	paraNdataMatrix[279][2]	set	1
i18n.words_legacy_monolith	paraNdataMatrix[279][2][0]	int	137
i18n.words_legacy_monolith	paraNdataMatrix[280]	tuple	3
i18n.words_legacy_monolith	paraNdataMatrix[280][0]	ref	i18n.words_legacy_monolith:ParametersMain.procontra
i18n.words_legacy_monolith	paraNdataMatrix[280][1]	tuple	1
i18n.words_legacy_monolith	paraNdataMatrix[280][1][0]	str	annoying
i18n.words_legacy_monolith	paraNdataMatrix[280][2]	set	1
i18n.words_legacy_monolith	paraNdataMatrix[280][2][0]	int	120
i18n.words_legacy_monolith	paraNdataMatrix[281]	tuple	3
i18n.words_legacy_monolith	paraNdataMatrix[281][0]	ref	i18n.words_legacy_monolith:ParametersMain.procontra
i18n.words_legacy_monolith	paraNdataMatrix[281][1]	tuple	2
i18n.words_legacy_monolith	paraNdataMatrix[281][1][0]	str	pro_benefit
i18n.words_legacy_monolith	paraNdataMatrix[281][1][1]	str	probenefit
i18n.words_legacy_monolith	paraNdataMatrix[281][2]	set	1
i18n.words_legacy_monolith	paraNdataMatrix[281][2][0]	int	117
i18n.words_legacy_monolith	paraNdataMatrix[282]	tuple	3
i18n.words_legacy_monolith	paraNdataMatrix[282][0]	ref	i18n.words_legacy_monolith:ParametersMain.procontra
i18n.words_legacy_monolith	paraNdataMatrix[282][1]	tuple	2
i18n.words_legacy_monolith	paraNdataMatrix[282][1][0]	str	counterposition
i18n.words_legacy_monolith	paraNdataMatrix[282][1][1]	str	counterposition
i18n.words_legacy_monolith	paraNdataMatrix[282][2]	set	1
i18n.words_legacy_monolith	paraNdataMatrix[282][2][0]	int	116
i18n.words_legacy_monolith	paraNdataMatrix[283]	tuple	3
i18n.words_legacy_monolith	paraNdataMatrix[283][0]	ref	i18n.words_legacy_monolith:ParametersMain.procontra
i18n.words_legacy_monolith	paraNdataMatrix[283][1]	tuple	2
i18n.words_legacy_monolith	paraNdataMatrix[283][1][0]	str	help_receive
i18n.words_legacy_monolith	paraNdataMatrix[283][1][1]	str	helpreceive
i18n.words_legacy_monolith	paraNdataMatrix[283][2]	set	1
i18n.words_legacy_monolith	paraNdataMatrix[283][2][0]	int	114
i18n.words_legacy_monolith	paraNdataMatrix[284]	tuple	3
i18n.words_legacy_monolith	paraNdataMatrix[284][0]	ref	i18n.words_legacy_monolith:ParametersMain.procontra
i18n.words_legacy_monolith	paraNdataMatrix[284][1]	tuple	3
i18n.words_legacy_monolith	paraNdataMatrix[284][1][0]	str	help
i18n.words_legacy_monolith	paraNdataMatrix[284][1][1]	str	help
i18n.words_legacy_monolith	paraNdataMatrix[284][1][2]	str	help
i18n.words_legacy_monolith	paraNdataMatrix[284][2]	set	1
i18n.words_legacy_monolith	paraNdataMatrix[284][2][0]	int	115
i18n.words_legacy_monolith	paraNdataMatrix[285]	tuple	3
i18n.words_legacy_monolith	paraNdataMatrix[285][0]	ref	i18n.words_legacy_monolith:ParametersMain.procontra
i18n.words_legacy_monolith	paraNdataMatrix[285][1]	tuple	4
i18n.words_legacy_monolith	paraNdataMatrix[285][1][0]	str	pro
i18n.words_legacy_monolith	paraNdataMatrix[285][1][1]	str	pro
i18n.words_legacy_monolith	paraNdataMatrix[285][1][2]	str	forit
i18n.words_legacy_monolith	paraNdataMatrix[285][1][3]	str	forit
i18n.words_legacy_monolith	paraNdataMatrix[285][2]	set	2
i18n.words_legacy_monolith	paraNdataMatrix[285][2][0]	int	17
i18n.words_legacy_monolith	paraNdataMatrix[285][2][1]	int	48
i18n.words_legacy_monolith	paraNdataMatrix[286]	tuple	3
i18n.words_legacy_monolith	paraNdataMatrix[286][0]	ref	i18n.words_legacy_monolith:ParametersMain.procontra
i18n.words_legacy_monolith	paraNdataMatrix[286][1]	tuple	2
i18n.words_legacy_monolith	paraNdataMatrix[286][1][0]	str	not_getting_along_with_another
i18n.words_legacy_monolith	paraNdataMatrix[286][1][1]	str	notGettingAlong
i18n.words_legacy_monolith	paraNdataMatrix[286][2]	set	1
i18n.words_legacy_monolith	paraNdataMatrix[286][2][0]	int	123
i18n.words_legacy_monolith	paraNdataMatrix[287]	tuple	3
i18n.words_legacy_monolith	paraNdataMatrix[287][0]	ref	i18n.words_legacy_monolith:ParametersMain.procontra
i18n.words_legacy_monolith	paraNdataMatrix[287][1]	tuple	2
i18n.words_legacy_monolith	paraNdataMatrix[287][1][0]	str	not_against
i18n.words_legacy_monolith	paraNdataMatrix[287][1][1]	str	notAgainst
i18n.words_legacy_monolith	paraNdataMatrix[287][2]	set	1
i18n.words_legacy_monolith	paraNdataMatrix[287][2][0]	int	124
i18n.words_legacy_monolith	paraNdataMatrix[288]	tuple	3
i18n.words_legacy_monolith	paraNdataMatrix[288][0]	ref	i18n.words_legacy_monolith:ParametersMain.procontra
i18n.words_legacy_monolith	paraNdataMatrix[288][1]	tuple	2
i18n.words_legacy_monolith	paraNdataMatrix[288][1][0]	str	no_opposite
i18n.words_legacy_monolith	paraNdataMatrix[288][1][1]	str	noopposite
i18n.words_legacy_monolith	paraNdataMatrix[288][2]	set	1
i18n.words_legacy_monolith	paraNdataMatrix[288][2][0]	int	125
i18n.words_legacy_monolith	paraNdataMatrix[289]	tuple	3
i18n.words_legacy_monolith	paraNdataMatrix[289][0]	ref	i18n.words_legacy_monolith:ParametersMain.procontra
i18n.words_legacy_monolith	paraNdataMatrix[289][1]	tuple	2
i18n.words_legacy_monolith	paraNdataMatrix[289][1][0]	str	not_for
i18n.words_legacy_monolith	paraNdataMatrix[289][1][1]	str	notfor
i18n.words_legacy_monolith	paraNdataMatrix[289][2]	set	1
i18n.words_legacy_monolith	paraNdataMatrix[289][2][0]	int	126
i18n.words_legacy_monolith	paraNdataMatrix[290]	tuple	3
i18n.words_legacy_monolith	paraNdataMatrix[290][0]	ref	i18n.words_legacy_monolith:ParametersMain.procontra
i18n.words_legacy_monolith	paraNdataMatrix[290][1]	tuple	2
i18n.words_legacy_monolith	paraNdataMatrix[290][1][0]	str	help_not_need
i18n.words_legacy_monolith	paraNdataMatrix[290][1][1]	str	helpnotneed
i18n.words_legacy_monolith	paraNdataMatrix[290][2]	set	1
i18n.words_legacy_monolith	paraNdataMatrix[290][2][0]	int	127
i18n.words_legacy_monolith	paraNdataMatrix[291]	tuple	3
i18n.words_legacy_monolith	paraNdataMatrix[291][0]	ref	i18n.words_legacy_monolith:ParametersMain.procontra
i18n.words_legacy_monolith	paraNdataMatrix[291][1]	tuple	2
i18n.words_legacy_monolith	paraNdataMatrix[291][1][0]	str	cannot_help
i18n.words_legacy_monolith	paraNdataMatrix[291][1][1]	str	cannothelp
i18n.words_legacy_monolith	paraNdataMatrix[291][2]	set	1
i18n.words_legacy_monolith	paraNdataMatrix[291][2][0]	int	128
i18n.words_legacy_monolith	paraNdataMatrix[292]	tuple	3
i18n.words_legacy_monolith	paraNdataMatrix[292][0]	ref	i18n.words_legacy_monolith:ParametersMain.procontra
i18n.words_legacy_monolith	paraNdataMatrix[292][1]	tuple	2
i18n.words_legacy_monolith	paraNdataMatrix[292][1][0]	str	not_disposed
i18n.words_legacy_monolith	paraNdataMatrix[292][1][1]	str	notdisposed
i18n.words_legacy_monolith	paraNdataMatrix[292][2]	set	1
i18n.words_legacy_monolith	paraNdataMatrix[292][2][0]	int	129
i18n.words_legacy_monolith	paraNdataMatrix[293]	tuple	3
i18n.words_legacy_monolith	paraNdataMatrix[293][0]	ref	i18n.words_legacy_monolith:ParametersMain.procontra
i18n.words_legacy_monolith	paraNdataMatrix[293][1]	tuple	1
i18n.words_legacy_monolith	paraNdataMatrix[293][1][0]	str	unmotivated
i18n.words_legacy_monolith	paraNdataMatrix[293][2]	set	1
i18n.words_legacy_monolith	paraNdataMatrix[293][2][0]	int	130
i18n.words_legacy_monolith	paraNdataMatrix[294]	tuple	3
i18n.words_legacy_monolith	paraNdataMatrix[294][0]	ref	i18n.words_legacy_monolith:ParametersMain.procontra
i18n.words_legacy_monolith	paraNdataMatrix[294][1]	tuple	2
i18n.words_legacy_monolith	paraNdataMatrix[294][1][0]	str	contra
i18n.words_legacy_monolith	paraNdataMatrix[294][1][1]	str	against
i18n.words_legacy_monolith	paraNdataMatrix[294][2]	set	2
i18n.words_legacy_monolith	paraNdataMatrix[294][2][0]	int	15
i18n.words_legacy_monolith	paraNdataMatrix[294][2][1]	int	26
i18n.words_legacy_monolith	paraNdataMatrix[295]	tuple	3
i18n.words_legacy_monolith	paraNdataMatrix[295][0]	ref	i18n.words_legacy_monolith:ParametersMain.procontra
i18n.words_legacy_monolith	paraNdataMatrix[295][1]	tuple	2
i18n.words_legacy_monolith	paraNdataMatrix[295][1][0]	str	opposite
i18n.words_legacy_monolith	paraNdataMatrix[295][1][1]	str	opposite
i18n.words_legacy_monolith	paraNdataMatrix[295][2]	set	3
i18n.words_legacy_monolith	paraNdataMatrix[295][2][0]	int	100
i18n.words_legacy_monolith	paraNdataMatrix[295][2][1]	int	101
i18n.words_legacy_monolith	paraNdataMatrix[295][2][2]	int	222
i18n.words_legacy_monolith	paraNdataMatrix[296]	tuple	3
i18n.words_legacy_monolith	paraNdataMatrix[296][0]	ref	i18n.words_legacy_monolith:ParametersMain.procontra
i18n.words_legacy_monolith	paraNdataMatrix[296][1]	tuple	2
i18n.words_legacy_monolith	paraNdataMatrix[296][1][0]	str	harmony
i18n.words_legacy_monolith	paraNdataMatrix[296][1][1]	str	harmony
i18n.words_legacy_monolith	paraNdataMatrix[296][2]	set	2
i18n.words_legacy_monolith	paraNdataMatrix[296][2][0]	int	102
i18n.words_legacy_monolith	paraNdataMatrix[296][2][1]	int	103
i18n.words_legacy_monolith	paraNdataMatrix[297]	tuple	3
i18n.words_legacy_monolith	paraNdataMatrix[297][0]	ref	i18n.words_legacy_monolith:ParametersMain.licht
i18n.words_legacy_monolith	paraNdataMatrix[297][1]	ref	i18n.words_matrix:paraNdataMatrix[297][1]
i18n.words_legacy_monolith	paraNdataMatrix[297][2]	set	3
i18n.words_legacy_monolith	paraNdataMatrix[297][2][0]	int	20
i18n.words_legacy_monolith	paraNdataMatrix[297][2][1]	int	27
i18n.words_legacy_monolith	paraNdataMatrix[297][2][2]	int	313
i18n.words_legacy_monolith	paraNdataMatrix[298]	tuple	10
i18n.words_legacy_monolith	paraNdataMatrix[298][0]	ref	i18n.words_legacy_monolith:ParametersMain.procontra
i18n.words_legacy_monolith	paraNdataMatrix[298][1]	tuple	2
i18n.words_legacy_monolith	paraNdataMatrix[298][1][0]	str	prime_cross_pro_contra
i18n.words_legacy_monolith	paraNdataMatrix[298][1][1]	str	primecross
i18n.words_legacy_monolith	paraNdataMatrix[298][2]	set	0
i18n.words_legacy_monolith	paraNdataMatrix[298][3]	set	0
i18n.words_legacy_monolith	paraNdataMatrix[298][4]	set	0
i18n.words_legacy_monolith	paraNdataMatrix[298][5]	set	0
i18n.words_legacy_monolith	paraNdataMatrix[298][6]	set	0
i18n.words_legacy_monolith	paraNdataMatrix[298][7]	set	0
i18n.words_legacy_monolith	paraNdataMatrix[298][8]	set	0
i18n.words_legacy_monolith	paraNdataMatrix[298][9]	set	1
i18n.words_legacy_monolith	paraNdataMatrix[298][9][0]	str	primzahlkreuzprocontra
i18n.words_legacy_monolith	paraNdataMatrix[299]	tuple	10
i18n.words_legacy_monolith	paraNdataMatrix[299][0]	ref	i18n.words_legacy_monolith:ParametersMain.bedeutung
i18n.words_legacy_monolith	paraNdataMatrix[299][1]	tuple	2
i18n.words_legacy_monolith	paraNdataMatrix[299][1][0]	str	prime_cross_pro_contra
i18n.words_legacy_monolith	paraNdataMatrix[299][1][1]	str	primecross
i18n.words_legacy_monolith	paraNdataMatrix[299][2]	set	0
i18n.words_legacy_monolith	paraNdataMatrix[299][3]	set	0
i18n.words_legacy_monolith	paraNdataMatrix[299][4]	set	0
i18n.words_legacy_monolith	paraNdataMatrix[299][5]	set	0
i18n.words_legacy_monolith	paraNdataMatrix[299][6]	set	0
i18n.words_legacy_monolith	paraNdataMatrix[299][7]	set	0
i18n.words_legacy_monolith	paraNdataMatrix[299][8]	set	0
i18n.words_legacy_monolith	paraNdataMatrix[299][9]	set	1
i18n.words_legacy_monolith	paraNdataMatrix[299][9][0]	str	primzahlkreuzprocontra
i18n.words_legacy_monolith	paraNdataMatrix[300]	tuple	3
i18n.words_legacy_monolith	paraNdataMatrix[300][0]	ref	i18n.words_legacy_monolith:ParametersMain.bedeutung
i18n.words_legacy_monolith	paraNdataMatrix[300][1]	tuple	2
i18n.words_legacy_monolith	paraNdataMatrix[300][1][0]	str	in_ReTa
i18n.words_legacy_monolith	paraNdataMatrix[300][1][1]	str	inreta
i18n.words_legacy_monolith	paraNdataMatrix[300][2]	set	4
i18n.words_legacy_monolith	paraNdataMatrix[300][2][0]	int	209
i18n.words_legacy_monolith	paraNdataMatrix[300][2][1]	int	210
i18n.words_legacy_monolith	paraNdataMatrix[300][2][2]	int	474
i18n.words_legacy_monolith	paraNdataMatrix[300][2][3]	int	475
i18n.words_legacy_monolith	paraNdataMatrix[301]	tuple	3
i18n.words_legacy_monolith	paraNdataMatrix[301][0]	ref	i18n.words_legacy_monolith:ParametersMain.bedeutung
i18n.words_legacy_monolith	paraNdataMatrix[301][1]	tuple	2
i18n.words_legacy_monolith	paraNdataMatrix[301][1][0]	str	signbefore
i18n.words_legacy_monolith	paraNdataMatrix[301][1][1]	str	signbefore
i18n.words_legacy_monolith	paraNdataMatrix[301][2]	set	2
i18n.words_legacy_monolith	paraNdataMatrix[301][2][0]	int	118
i18n.words_legacy_monolith	paraNdataMatrix[301][2][1]	int	119
i18n.words_legacy_monolith	paraNdataMatrix[302]	tuple	3
i18n.words_legacy_monolith	paraNdataMatrix[302][0]	ref	i18n.words_legacy_monolith:ParametersMain.bedeutung
i18n.words_legacy_monolith	paraNdataMatrix[302][1]	tuple	4
i18n.words_legacy_monolith	paraNdataMatrix[302][1][0]	str	primenumbers
i18n.words_legacy_monolith	paraNdataMatrix[302][1][1]	str	primenumbers
i18n.words_legacy_monolith	paraNdataMatrix[302][1][2]	str	multiple
i18n.words_legacy_monolith	paraNdataMatrix[302][1][3]	str	multiples
i18n.words_legacy_monolith	paraNdataMatrix[302][2]	set	1
i18n.words_legacy_monolith	paraNdataMatrix[302][2][0]	int	19
i18n.words_legacy_monolith	paraNdataMatrix[303]	tuple	3
i18n.words_legacy_monolith	paraNdataMatrix[303][0]	ref	i18n.words_legacy_monolith:ParametersMain.bedeutung
i18n.words_legacy_monolith	paraNdataMatrix[303][1]	tuple	4
i18n.words_legacy_monolith	paraNdataMatrix[303][1][0]	str	application_of_suns_and_moons
i18n.words_legacy_monolith	paraNdataMatrix[303][1][1]	str	applicationofsunsandmoons
i18n.words_legacy_monolith	paraNdataMatrix[303][1][2]	str	applicationssuns
i18n.words_legacy_monolith	paraNdataMatrix[303][1][3]	str	applicationsmoons
i18n.words_legacy_monolith	paraNdataMatrix[303][2]	set	1
i18n.words_legacy_monolith	paraNdataMatrix[303][2][0]	int	22
i18n.words_legacy_monolith	paraNdataMatrix[304]	tuple	3
i18n.words_legacy_monolith	paraNdataMatrix[304][0]	ref	i18n.words_legacy_monolith:ParametersMain.bedeutung
i18n.words_legacy_monolith	paraNdataMatrix[304][1]	tuple	5
i18n.words_legacy_monolith	paraNdataMatrix[304][1][0]	str	ranges
i18n.words_legacy_monolith	paraNdataMatrix[304][1][1]	str	ranges
i18n.words_legacy_monolith	paraNdataMatrix[304][1][2]	str	ranges
i18n.words_legacy_monolith	paraNdataMatrix[304][1][3]	str	ranges
i18n.words_legacy_monolith	paraNdataMatrix[304][1][4]	str	range
i18n.words_legacy_monolith	paraNdataMatrix[304][2]	set	6
i18n.words_legacy_monolith	paraNdataMatrix[304][2][0]	int	169
i18n.words_legacy_monolith	paraNdataMatrix[304][2][1]	int	188
i18n.words_legacy_monolith	paraNdataMatrix[304][2][2]	int	25
i18n.words_legacy_monolith	paraNdataMatrix[304][2][3]	int	386
i18n.words_legacy_monolith	paraNdataMatrix[304][2][4]	int	390
i18n.words_legacy_monolith	paraNdataMatrix[304][2][5]	int	45
i18n.words_legacy_monolith	paraNdataMatrix[305]	tuple	3
i18n.words_legacy_monolith	paraNdataMatrix[305][0]	ref	i18n.words_legacy_monolith:ParametersMain.bedeutung
i18n.words_legacy_monolith	paraNdataMatrix[305][1]	tuple	4
i18n.words_legacy_monolith	paraNdataMatrix[305][1][0]	str	law
i18n.words_legacy_monolith	paraNdataMatrix[305][1][1]	str	law
i18n.words_legacy_monolith	paraNdataMatrix[305][1][2]	str	law
i18n.words_legacy_monolith	paraNdataMatrix[305][1][3]	str	law
i18n.words_legacy_monolith	paraNdataMatrix[305][2]	set	1
i18n.words_legacy_monolith	paraNdataMatrix[305][2][0]	int	34
i18n.words_legacy_monolith	paraNdataMatrix[306]	tuple	3
i18n.words_legacy_monolith	paraNdataMatrix[306][0]	ref	i18n.words_legacy_monolith:ParametersMain.bedeutung
i18n.words_legacy_monolith	paraNdataMatrix[306][1]	tuple	3
i18n.words_legacy_monolith	paraNdataMatrix[306][1][0]	str	perfection_of_the_spirit
i18n.words_legacy_monolith	paraNdataMatrix[306][1][1]	str	perfection
i18n.words_legacy_monolith	paraNdataMatrix[306][1][2]	str	mind
i18n.words_legacy_monolith	paraNdataMatrix[306][2]	set	1
i18n.words_legacy_monolith	paraNdataMatrix[306][2][0]	int	35
i18n.words_legacy_monolith	paraNdataMatrix[307]	tuple	6
i18n.words_legacy_monolith	paraNdataMatrix[307][0]	ref	i18n.words_legacy_monolith:ParametersMain.bedeutung
i18n.words_legacy_monolith	paraNdataMatrix[307][1]	tuple	5
i18n.words_legacy_monolith	paraNdataMatrix[307][1][0]	str	spaceObject
i18n.words_legacy_monolith	paraNdataMatrix[307][1][1]	str	spaceObject
i18n.words_legacy_monolith	paraNdataMatrix[307][1][2]	str	moon
i18n.words_legacy_monolith	paraNdataMatrix[307][1][3]	str	sun
i18n.words_legacy_monolith	paraNdataMatrix[307][1][4]	str	planet
i18n.words_legacy_monolith	paraNdataMatrix[307][2]	set	2
i18n.words_legacy_monolith	paraNdataMatrix[307][2][0]	int	154
i18n.words_legacy_monolith	paraNdataMatrix[307][2][1]	int	64
i18n.words_legacy_monolith	paraNdataMatrix[307][3]	set	0
i18n.words_legacy_monolith	paraNdataMatrix[307][4]	set	0
i18n.words_legacy_monolith	paraNdataMatrix[307][5]	set	0
i18n.words_legacy_monolith	paraNdataMatrix[308]	tuple	3
i18n.words_legacy_monolith	paraNdataMatrix[308][0]	ref	i18n.words_legacy_monolith:ParametersMain.bedeutung
i18n.words_legacy_monolith	paraNdataMatrix[308][1]	tuple	3
i18n.words_legacy_monolith	paraNdataMatrix[308][1][0]	str	subjunctive_root
i18n.words_legacy_monolith	paraNdataMatrix[308][1][1]	str	subjunctive
i18n.words_legacy_monolith	paraNdataMatrix[308][1][2]	str	root
i18n.words_legacy_monolith	paraNdataMatrix[308][2]	set	1
i18n.words_legacy_monolith	paraNdataMatrix[308][2][0]	int	106
i18n.words_legacy_monolith	paraNdataMatrix[309]	tuple	3
i18n.words_legacy_monolith	paraNdataMatrix[309][0]	ref	i18n.words_legacy_monolith:ParametersMain.bedeutung
i18n.words_legacy_monolith	paraNdataMatrix[309][1]	tuple	7
i18n.words_legacy_monolith	paraNdataMatrix[309][1][0]	str	mechanisms_of_breeding
i18n.words_legacy_monolith	paraNdataMatrix[309][1][1]	str	mechanisms
i18n.words_legacy_monolith	paraNdataMatrix[309][1][2]	str	essence
i18n.words_legacy_monolith	paraNdataMatrix[309][1][3]	str	breeding
i18n.words_legacy_monolith	paraNdataMatrix[309][1][4]	str	breeding
i18n.words_legacy_monolith	paraNdataMatrix[309][1][5]	str	breed
i18n.words_legacy_monolith	paraNdataMatrix[309][1][6]	str	breed
i18n.words_legacy_monolith	paraNdataMatrix[309][2]	set	3
i18n.words_legacy_monolith	paraNdataMatrix[309][2][0]	int	107
i18n.words_legacy_monolith	paraNdataMatrix[309][2][1]	int	108
i18n.words_legacy_monolith	paraNdataMatrix[309][2][2]	int	109
i18n.words_legacy_monolith	paraNdataMatrix[310]	tuple	9
i18n.words_legacy_monolith	paraNdataMatrix[310][0]	ref	i18n.words_legacy_monolith:ParametersMain.gebrochengalaxie
i18n.words_legacy_monolith	paraNdataMatrix[310][1]	set	22
i18n.words_legacy_monolith	paraNdataMatrix[310][1][0]	str	10
i18n.words_legacy_monolith	paraNdataMatrix[310][1][1]	str	11
i18n.words_legacy_monolith	paraNdataMatrix[310][1][2]	str	12
i18n.words_legacy_monolith	paraNdataMatrix[310][1][3]	str	13
i18n.words_legacy_monolith	paraNdataMatrix[310][1][4]	str	14
i18n.words_legacy_monolith	paraNdataMatrix[310][1][5]	str	15
i18n.words_legacy_monolith	paraNdataMatrix[310][1][6]	str	16
i18n.words_legacy_monolith	paraNdataMatrix[310][1][7]	str	17
i18n.words_legacy_monolith	paraNdataMatrix[310][1][8]	str	18
i18n.words_legacy_monolith	paraNdataMatrix[310][1][9]	str	19
i18n.words_legacy_monolith	paraNdataMatrix[310][1][10]	str	2
i18n.words_legacy_monolith	paraNdataMatrix[310][1][11]	str	20
i18n.words_legacy_monolith	paraNdataMatrix[310][1][12]	str	21
i18n.words_legacy_monolith	paraNdataMatrix[310][1][13]	str	22
i18n.words_legacy_monolith	paraNdataMatrix[310][1][14]	str	23
i18n.words_legacy_monolith	paraNdataMatrix[310][1][15]	str	3
i18n.words_legacy_monolith	paraNdataMatrix[310][1][16]	str	4
i18n.words_legacy_monolith	paraNdataMatrix[310][1][17]	str	5
i18n.words_legacy_monolith	paraNdataMatrix[310][1][18]	str	6
i18n.words_legacy_monolith	paraNdataMatrix[310][1][19]	str	7
i18n.words_legacy_monolith	paraNdataMatrix[310][1][20]	str	8
i18n.words_legacy_monolith	paraNdataMatrix[310][1][21]	str	9
i18n.words_legacy_monolith	paraNdataMatrix[310][2]	set	0
i18n.words_legacy_monolith	paraNdataMatrix[310][3]	set	0
i18n.words_legacy_monolith	paraNdataMatrix[310][4]	set	0
i18n.words_legacy_monolith	paraNdataMatrix[310][5]	set	0
i18n.words_legacy_monolith	paraNdataMatrix[310][6]	set	0
i18n.words_legacy_monolith	paraNdataMatrix[310][7]	set	0
i18n.words_legacy_monolith	paraNdataMatrix[310][8]	set	22
i18n.words_legacy_monolith	paraNdataMatrix[310][8][0]	str	10
i18n.words_legacy_monolith	paraNdataMatrix[310][8][1]	str	11
i18n.words_legacy_monolith	paraNdataMatrix[310][8][2]	str	12
i18n.words_legacy_monolith	paraNdataMatrix[310][8][3]	str	13
i18n.words_legacy_monolith	paraNdataMatrix[310][8][4]	str	14
i18n.words_legacy_monolith	paraNdataMatrix[310][8][5]	str	15
i18n.words_legacy_monolith	paraNdataMatrix[310][8][6]	str	16
i18n.words_legacy_monolith	paraNdataMatrix[310][8][7]	str	17
i18n.words_legacy_monolith	paraNdataMatrix[310][8][8]	str	18
i18n.words_legacy_monolith	paraNdataMatrix[310][8][9]	str	19
i18n.words_legacy_monolith	paraNdataMatrix[310][8][10]	str	2
i18n.words_legacy_monolith	paraNdataMatrix[310][8][11]	str	20
i18n.words_legacy_monolith	paraNdataMatrix[310][8][12]	str	21
i18n.words_legacy_monolith	paraNdataMatrix[310][8][13]	str	22
i18n.words_legacy_monolith	paraNdataMatrix[310][8][14]	str	23
i18n.words_legacy_monolith	paraNdataMatrix[310][8][15]	str	3
i18n.words_legacy_monolith	paraNdataMatrix[310][8][16]	str	4
i18n.words_legacy_monolith	paraNdataMatrix[310][8][17]	str	5
i18n.words_legacy_monolith	paraNdataMatrix[310][8][18]	str	6
i18n.words_legacy_monolith	paraNdataMatrix[310][8][19]	str	7
i18n.words_legacy_monolith	paraNdataMatrix[310][8][20]	str	8
i18n.words_legacy_monolith	paraNdataMatrix[310][8][21]	str	9
i18n.words_legacy_monolith	paraNdataMatrix[311]	tuple	8
i18n.words_legacy_monolith	paraNdataMatrix[311][0]	ref	i18n.words_legacy_monolith:ParametersMain.gebrochenuniversum
i18n.words_legacy_monolith	paraNdataMatrix[311][1]	set	22
i18n.words_legacy_monolith	paraNdataMatrix[311][1][0]	str	10
i18n.words_legacy_monolith	paraNdataMatrix[311][1][1]	str	11
i18n.words_legacy_monolith	paraNdataMatrix[311][1][2]	str	12
i18n.words_legacy_monolith	paraNdataMatrix[311][1][3]	str	13
i18n.words_legacy_monolith	paraNdataMatrix[311][1][4]	str	14
i18n.words_legacy_monolith	paraNdataMatrix[311][1][5]	str	15
i18n.words_legacy_monolith	paraNdataMatrix[311][1][6]	str	16
i18n.words_legacy_monolith	paraNdataMatrix[311][1][7]	str	17
i18n.words_legacy_monolith	paraNdataMatrix[311][1][8]	str	18
i18n.words_legacy_monolith	paraNdataMatrix[311][1][9]	str	19
i18n.words_legacy_monolith	paraNdataMatrix[311][1][10]	str	2
i18n.words_legacy_monolith	paraNdataMatrix[311][1][11]	str	20
i18n.words_legacy_monolith	paraNdataMatrix[311][1][12]	str	21
i18n.words_legacy_monolith	paraNdataMatrix[311][1][13]	str	22
i18n.words_legacy_monolith	paraNdataMatrix[311][1][14]	str	23
i18n.words_legacy_monolith	paraNdataMatrix[311][1][15]	str	3
i18n.words_legacy_monolith	paraNdataMatrix[311][1][16]	str	4
i18n.words_legacy_monolith	paraNdataMatrix[311][1][17]	str	5
i18n.words_legacy_monolith	paraNdataMatrix[311][1][18]	str	6
i18n.words_legacy_monolith	paraNdataMatrix[311][1][19]	str	7
i18n.words_legacy_monolith	paraNdataMatrix[311][1][20]	str	8
i18n.words_legacy_monolith	paraNdataMatrix[311][1][21]	str	9
i18n.words_legacy_monolith	paraNdataMatrix[311][2]	set	0
i18n.words_legacy_monolith	paraNdataMatrix[311][3]	set	0
i18n.words_legacy_monolith	paraNdataMatrix[311][4]	set	0
i18n.words_legacy_monolith	paraNdataMatrix[311][5]	set	0
i18n.words_legacy_monolith	paraNdataMatrix[311][6]	set	0
i18n.words_legacy_monolith	paraNdataMatrix[311][7]	set	22
i18n.words_legacy_monolith	paraNdataMatrix[311][7][0]	str	10
i18n.words_legacy_monolith	paraNdataMatrix[311][7][1]	str	11
i18n.words_legacy_monolith	paraNdataMatrix[311][7][2]	str	12
i18n.words_legacy_monolith	paraNdataMatrix[311][7][3]	str	13
i18n.words_legacy_monolith	paraNdataMatrix[311][7][4]	str	14
i18n.words_legacy_monolith	paraNdataMatrix[311][7][5]	str	15
i18n.words_legacy_monolith	paraNdataMatrix[311][7][6]	str	16
i18n.words_legacy_monolith	paraNdataMatrix[311][7][7]	str	17
i18n.words_legacy_monolith	paraNdataMatrix[311][7][8]	str	18
i18n.words_legacy_monolith	paraNdataMatrix[311][7][9]	str	19
i18n.words_legacy_monolith	paraNdataMatrix[311][7][10]	str	2
i18n.words_legacy_monolith	paraNdataMatrix[311][7][11]	str	20
i18n.words_legacy_monolith	paraNdataMatrix[311][7][12]	str	21
i18n.words_legacy_monolith	paraNdataMatrix[311][7][13]	str	22
i18n.words_legacy_monolith	paraNdataMatrix[311][7][14]	str	23
i18n.words_legacy_monolith	paraNdataMatrix[311][7][15]	str	3
i18n.words_legacy_monolith	paraNdataMatrix[311][7][16]	str	4
i18n.words_legacy_monolith	paraNdataMatrix[311][7][17]	str	5
i18n.words_legacy_monolith	paraNdataMatrix[311][7][18]	str	6
i18n.words_legacy_monolith	paraNdataMatrix[311][7][19]	str	7
i18n.words_legacy_monolith	paraNdataMatrix[311][7][20]	str	8
i18n.words_legacy_monolith	paraNdataMatrix[311][7][21]	str	9
i18n.words_legacy_monolith	paraNdataMatrix[312]	tuple	12
i18n.words_legacy_monolith	paraNdataMatrix[312][0]	ref	i18n.words_legacy_monolith:ParametersMain.gebrochenemotion
i18n.words_legacy_monolith	paraNdataMatrix[312][1]	set	22
i18n.words_legacy_monolith	paraNdataMatrix[312][1][0]	str	10
i18n.words_legacy_monolith	paraNdataMatrix[312][1][1]	str	11
i18n.words_legacy_monolith	paraNdataMatrix[312][1][2]	str	12
i18n.words_legacy_monolith	paraNdataMatrix[312][1][3]	str	13
i18n.words_legacy_monolith	paraNdataMatrix[312][1][4]	str	14
i18n.words_legacy_monolith	paraNdataMatrix[312][1][5]	str	15
i18n.words_legacy_monolith	paraNdataMatrix[312][1][6]	str	16
i18n.words_legacy_monolith	paraNdataMatrix[312][1][7]	str	17
i18n.words_legacy_monolith	paraNdataMatrix[312][1][8]	str	18
i18n.words_legacy_monolith	paraNdataMatrix[312][1][9]	str	19
i18n.words_legacy_monolith	paraNdataMatrix[312][1][10]	str	2
i18n.words_legacy_monolith	paraNdataMatrix[312][1][11]	str	20
i18n.words_legacy_monolith	paraNdataMatrix[312][1][12]	str	21
i18n.words_legacy_monolith	paraNdataMatrix[312][1][13]	str	22
i18n.words_legacy_monolith	paraNdataMatrix[312][1][14]	str	23
i18n.words_legacy_monolith	paraNdataMatrix[312][1][15]	str	3
i18n.words_legacy_monolith	paraNdataMatrix[312][1][16]	str	4
i18n.words_legacy_monolith	paraNdataMatrix[312][1][17]	str	5
i18n.words_legacy_monolith	paraNdataMatrix[312][1][18]	str	6
i18n.words_legacy_monolith	paraNdataMatrix[312][1][19]	str	7
i18n.words_legacy_monolith	paraNdataMatrix[312][1][20]	str	8
i18n.words_legacy_monolith	paraNdataMatrix[312][1][21]	str	9
i18n.words_legacy_monolith	paraNdataMatrix[312][2]	set	0
i18n.words_legacy_monolith	paraNdataMatrix[312][3]	set	0
i18n.words_legacy_monolith	paraNdataMatrix[312][4]	set	0
i18n.words_legacy_monolith	paraNdataMatrix[312][5]	set	0
i18n.words_legacy_monolith	paraNdataMatrix[312][6]	set	0
i18n.words_legacy_monolith	paraNdataMatrix[312][7]	set	0
i18n.words_legacy_monolith	paraNdataMatrix[312][8]	set	0
i18n.words_legacy_monolith	paraNdataMatrix[312][9]	set	0
i18n.words_legacy_monolith	paraNdataMatrix[312][10]	set	0
i18n.words_legacy_monolith	paraNdataMatrix[312][11]	set	22
i18n.words_legacy_monolith	paraNdataMatrix[312][11][0]	str	10
i18n.words_legacy_monolith	paraNdataMatrix[312][11][1]	str	11
i18n.words_legacy_monolith	paraNdataMatrix[312][11][2]	str	12
i18n.words_legacy_monolith	paraNdataMatrix[312][11][3]	str	13
i18n.words_legacy_monolith	paraNdataMatrix[312][11][4]	str	14
i18n.words_legacy_monolith	paraNdataMatrix[312][11][5]	str	15
i18n.words_legacy_monolith	paraNdataMatrix[312][11][6]	str	16
i18n.words_legacy_monolith	paraNdataMatrix[312][11][7]	str	17
i18n.words_legacy_monolith	paraNdataMatrix[312][11][8]	str	18
i18n.words_legacy_monolith	paraNdataMatrix[312][11][9]	str	19
i18n.words_legacy_monolith	paraNdataMatrix[312][11][10]	str	2
i18n.words_legacy_monolith	paraNdataMatrix[312][11][11]	str	20
i18n.words_legacy_monolith	paraNdataMatrix[312][11][12]	str	21
i18n.words_legacy_monolith	paraNdataMatrix[312][11][13]	str	22
i18n.words_legacy_monolith	paraNdataMatrix[312][11][14]	str	23
i18n.words_legacy_monolith	paraNdataMatrix[312][11][15]	str	3
i18n.words_legacy_monolith	paraNdataMatrix[312][11][16]	str	4
i18n.words_legacy_monolith	paraNdataMatrix[312][11][17]	str	5
i18n.words_legacy_monolith	paraNdataMatrix[312][11][18]	str	6
i18n.words_legacy_monolith	paraNdataMatrix[312][11][19]	str	7
i18n.words_legacy_monolith	paraNdataMatrix[312][11][20]	str	8
i18n.words_legacy_monolith	paraNdataMatrix[312][11][21]	str	9
i18n.words_legacy_monolith	paraNdataMatrix[313]	tuple	13
i18n.words_legacy_monolith	paraNdataMatrix[313][0]	ref	i18n.words_legacy_monolith:ParametersMain.gebrochengroesse
i18n.words_legacy_monolith	paraNdataMatrix[313][1]	set	22
i18n.words_legacy_monolith	paraNdataMatrix[313][1][0]	str	10
i18n.words_legacy_monolith	paraNdataMatrix[313][1][1]	str	11
i18n.words_legacy_monolith	paraNdataMatrix[313][1][2]	str	12
i18n.words_legacy_monolith	paraNdataMatrix[313][1][3]	str	13
i18n.words_legacy_monolith	paraNdataMatrix[313][1][4]	str	14
i18n.words_legacy_monolith	paraNdataMatrix[313][1][5]	str	15
i18n.words_legacy_monolith	paraNdataMatrix[313][1][6]	str	16
i18n.words_legacy_monolith	paraNdataMatrix[313][1][7]	str	17
i18n.words_legacy_monolith	paraNdataMatrix[313][1][8]	str	18
i18n.words_legacy_monolith	paraNdataMatrix[313][1][9]	str	19
i18n.words_legacy_monolith	paraNdataMatrix[313][1][10]	str	2
i18n.words_legacy_monolith	paraNdataMatrix[313][1][11]	str	20
i18n.words_legacy_monolith	paraNdataMatrix[313][1][12]	str	21
i18n.words_legacy_monolith	paraNdataMatrix[313][1][13]	str	22
i18n.words_legacy_monolith	paraNdataMatrix[313][1][14]	str	23
i18n.words_legacy_monolith	paraNdataMatrix[313][1][15]	str	3
i18n.words_legacy_monolith	paraNdataMatrix[313][1][16]	str	4
i18n.words_legacy_monolith	paraNdataMatrix[313][1][17]	str	5
i18n.words_legacy_monolith	paraNdataMatrix[313][1][18]	str	6
i18n.words_legacy_monolith	paraNdataMatrix[313][1][19]	str	7
i18n.words_legacy_monolith	paraNdataMatrix[313][1][20]	str	8
i18n.words_legacy_monolith	paraNdataMatrix[313][1][21]	str	9
i18n.words_legacy_monolith	paraNdataMatrix[313][2]	set	0
i18n.words_legacy_monolith	paraNdataMatrix[313][3]	set	0
i18n.words_legacy_monolith	paraNdataMatrix[313][4]	set	0
i18n.words_legacy_monolith	paraNdataMatrix[313][5]	set	0
i18n.words_legacy_monolith	paraNdataMatrix[313][6]	set	0
i18n.words_legacy_monolith	paraNdataMatrix[313][7]	set	0
i18n.words_legacy_monolith	paraNdataMatrix[313][8]	set	0
i18n.words_legacy_monolith	paraNdataMatrix[313][9]	set	0
i18n.words_legacy_monolith	paraNdataMatrix[313][10]	set	0
i18n.words_legacy_monolith	paraNdataMatrix[313][11]	set	0
i18n.words_legacy_monolith	paraNdataMatrix[313][12]	set	22
i18n.words_legacy_monolith	paraNdataMatrix[313][12][0]	str	10
i18n.words_legacy_monolith	paraNdataMatrix[313][12][1]	str	11
i18n.words_legacy_monolith	paraNdataMatrix[313][12][2]	str	12
i18n.words_legacy_monolith	paraNdataMatrix[313][12][3]	str	13
i18n.words_legacy_monolith	paraNdataMatrix[313][12][4]	str	14
i18n.words_legacy_monolith	paraNdataMatrix[313][12][5]	str	15
i18n.words_legacy_monolith	paraNdataMatrix[313][12][6]	str	16
i18n.words_legacy_monolith	paraNdataMatrix[313][12][7]	str	17
i18n.words_legacy_monolith	paraNdataMatrix[313][12][8]	str	18
i18n.words_legacy_monolith	paraNdataMatrix[313][12][9]	str	19
i18n.words_legacy_monolith	paraNdataMatrix[313][12][10]	str	2
i18n.words_legacy_monolith	paraNdataMatrix[313][12][11]	str	20
i18n.words_legacy_monolith	paraNdataMatrix[313][12][12]	str	21
i18n.words_legacy_monolith	paraNdataMatrix[313][12][13]	str	22
i18n.words_legacy_monolith	paraNdataMatrix[313][12][14]	str	23
i18n.words_legacy_monolith	paraNdataMatrix[313][12][15]	str	3
i18n.words_legacy_monolith	paraNdataMatrix[313][12][16]	str	4
i18n.words_legacy_monolith	paraNdataMatrix[313][12][17]	str	5
i18n.words_legacy_monolith	paraNdataMatrix[313][12][18]	str	6
i18n.words_legacy_monolith	paraNdataMatrix[313][12][19]	str	7
i18n.words_legacy_monolith	paraNdataMatrix[313][12][20]	str	8
i18n.words_legacy_monolith	paraNdataMatrix[313][12][21]	str	9
i18n.words_legacy_monolith	paraNdataMatrix[314]	tuple	3
i18n.words_legacy_monolith	paraNdataMatrix[314][0]	ref	i18n.words_legacy_monolith:ParametersMain.symbole
i18n.words_legacy_monolith	paraNdataMatrix[314][1]	tuple	1
i18n.words_legacy_monolith	paraNdataMatrix[314][1][0]	str	religions
i18n.words_legacy_monolith	paraNdataMatrix[314][2]	set	2
i18n.words_legacy_monolith	paraNdataMatrix[314][2][0]	int	36
i18n.words_legacy_monolith	paraNdataMatrix[314][2][1]	int	37
i18n.words_legacy_monolith	paraNdataMatrix[315]	tuple	3
i18n.words_legacy_monolith	paraNdataMatrix[315][0]	ref	i18n.words_legacy_monolith:ParametersMain.symbole
i18n.words_legacy_monolith	paraNdataMatrix[315][1]	tuple	1
i18n.words_legacy_monolith	paraNdataMatrix[315][1][0]	str	Three
i18n.words_legacy_monolith	paraNdataMatrix[315][2]	set	2
i18n.words_legacy_monolith	paraNdataMatrix[315][2][0]	int	452
i18n.words_legacy_monolith	paraNdataMatrix[315][2][1]	int	460
i18n.words_legacy_monolith	paraNdataMatrix[316]	tuple	3
i18n.words_legacy_monolith	paraNdataMatrix[316][0]	ref	i18n.words_legacy_monolith:ParametersMain.symbole
i18n.words_legacy_monolith	paraNdataMatrix[316][1]	tuple	1
i18n.words_legacy_monolith	paraNdataMatrix[316][1][0]	str	Four
i18n.words_legacy_monolith	paraNdataMatrix[316][2]	set	1
i18n.words_legacy_monolith	paraNdataMatrix[316][2][0]	int	453
i18n.words_legacy_monolith	paraNdataMatrix[317]	tuple	3
i18n.words_legacy_monolith	paraNdataMatrix[317][0]	ref	i18n.words_legacy_monolith:ParametersMain.symbole
i18n.words_legacy_monolith	paraNdataMatrix[317][1]	tuple	2
i18n.words_legacy_monolith	paraNdataMatrix[317][1][0]	str	Fife
i18n.words_legacy_monolith	paraNdataMatrix[317][1][1]	str	Fife
i18n.words_legacy_monolith	paraNdataMatrix[317][2]	set	1
i18n.words_legacy_monolith	paraNdataMatrix[317][2][0]	int	454
i18n.words_legacy_monolith	paraNdataMatrix[318]	tuple	3
i18n.words_legacy_monolith	paraNdataMatrix[318][0]	ref	i18n.words_legacy_monolith:ParametersMain.symbole
i18n.words_legacy_monolith	paraNdataMatrix[318][1]	tuple	1
i18n.words_legacy_monolith	paraNdataMatrix[318][1][0]	str	Six
i18n.words_legacy_monolith	paraNdataMatrix[318][2]	set	1
i18n.words_legacy_monolith	paraNdataMatrix[318][2][0]	int	457
i18n.words_legacy_monolith	paraNdataMatrix[319]	tuple	3
i18n.words_legacy_monolith	paraNdataMatrix[319][0]	ref	i18n.words_legacy_monolith:ParametersMain.symbole
i18n.words_legacy_monolith	paraNdataMatrix[319][1]	tuple	1
i18n.words_legacy_monolith	paraNdataMatrix[319][1][0]	str	Seven
i18n.words_legacy_monolith	paraNdataMatrix[319][2]	set	1
i18n.words_legacy_monolith	paraNdataMatrix[319][2][0]	int	457
i18n.words_legacy_monolith	paraNdataMatrix[320]	tuple	3
i18n.words_legacy_monolith	paraNdataMatrix[320][0]	ref	i18n.words_legacy_monolith:ParametersMain.symbole
i18n.words_legacy_monolith	paraNdataMatrix[320][1]	tuple	1
i18n.words_legacy_monolith	paraNdataMatrix[320][1][0]	str	Eight
i18n.words_legacy_monolith	paraNdataMatrix[320][2]	set	1
i18n.words_legacy_monolith	paraNdataMatrix[320][2][0]	int	458
i18n.words_legacy_monolith	paraNdataMatrix[321]	tuple	3
i18n.words_legacy_monolith	paraNdataMatrix[321][0]	ref	i18n.words_legacy_monolith:ParametersMain.symbole
i18n.words_legacy_monolith	paraNdataMatrix[321][1]	tuple	1
i18n.words_legacy_monolith	paraNdataMatrix[321][1][0]	str	Nine
i18n.words_legacy_monolith	paraNdataMatrix[321][2]	set	1
i18n.words_legacy_monolith	paraNdataMatrix[321][2][0]	int	459
i18n.words_legacy_monolith	paraNdataMatrix[322]	tuple	3
i18n.words_legacy_monolith	paraNdataMatrix[322][0]	ref	i18n.words_legacy_monolith:ParametersMain.symbole
i18n.words_legacy_monolith	paraNdataMatrix[322][1]	tuple	1
i18n.words_legacy_monolith	paraNdataMatrix[322][1][0]	str	Ten
i18n.words_legacy_monolith	paraNdataMatrix[322][2]	set	1
i18n.words_legacy_monolith	paraNdataMatrix[322][2][0]	int	456
i18n.words_legacy_monolith	paraNdataMatrix[323]	tuple	3
i18n.words_legacy_monolith	paraNdataMatrix[323][0]	ref	i18n.words_legacy_monolith:ParametersMain.symbole
i18n.words_legacy_monolith	paraNdataMatrix[323][1]	tuple	2
i18n.words_legacy_monolith	paraNdataMatrix[323][1][0]	str	Twelve
i18n.words_legacy_monolith	paraNdataMatrix[323][1][1]	str	Twelve
i18n.words_legacy_monolith	paraNdataMatrix[323][2]	set	1
i18n.words_legacy_monolith	paraNdataMatrix[323][2][0]	int	456
i18n.words_legacy_monolith	paraNdataMatrix[324]	tuple	4
i18n.words_legacy_monolith	paraNdataMatrix[324][0]	ref	i18n.words_legacy_monolith:ParametersMain.konzept
i18n.words_legacy_monolith	paraNdataMatrix[324][1]	tuple	8
i18n.words_legacy_monolith	paraNdataMatrix[324][1][0]	str	wisdom_etc
i18n.words_legacy_monolith	paraNdataMatrix[324][1][1]	str	wisdom
i18n.words_legacy_monolith	paraNdataMatrix[324][1][2]	str	metawisdom
i18n.words_legacy_monolith	paraNdataMatrix[324][1][3]	str	meta-wisdom
i18n.words_legacy_monolith	paraNdataMatrix[324][1][4]	str	idiot
i18n.words_legacy_monolith	paraNdataMatrix[324][1][5]	str	wise
i18n.words_legacy_monolith	paraNdataMatrix[324][1][6]	str	optimal
i18n.words_legacy_monolith	paraNdataMatrix[324][1][7]	str	optimum
i18n.words_legacy_monolith	paraNdataMatrix[324][2]	set	1
i18n.words_legacy_monolith	paraNdataMatrix[324][2][0]	int	112
i18n.words_legacy_monolith	paraNdataMatrix[324][3]	set	1
i18n.words_legacy_monolith	paraNdataMatrix[324][3][0]	tuple	2
i18n.words_legacy_monolith	paraNdataMatrix[324][3][0][0]	int	40
i18n.words_legacy_monolith	paraNdataMatrix[324][3][0][1]	int	41
i18n.words_legacy_monolith	paraNdataMatrix[325]	tuple	4
i18n.words_legacy_monolith	paraNdataMatrix[325][0]	ref	i18n.words_legacy_monolith:ParametersMain.konzept
i18n.words_legacy_monolith	paraNdataMatrix[325][1]	tuple	4
i18n.words_legacy_monolith	paraNdataMatrix[325][1][0]	str	get_your_right
i18n.words_legacy_monolith	paraNdataMatrix[325][1][1]	str	rights
i18n.words_legacy_monolith	paraNdataMatrix[325][1][2]	str	law
i18n.words_legacy_monolith	paraNdataMatrix[325][1][3]	str	selfrighteous
i18n.words_legacy_monolith	paraNdataMatrix[325][2]	set	0
i18n.words_legacy_monolith	paraNdataMatrix[325][3]	set	1
i18n.words_legacy_monolith	paraNdataMatrix[325][3][0]	tuple	2
i18n.words_legacy_monolith	paraNdataMatrix[325][3][0][0]	int	291
i18n.words_legacy_monolith	paraNdataMatrix[325][3][0][1]	int	292
i18n.words_legacy_monolith	paraNdataMatrix[326]	tuple	4
i18n.words_legacy_monolith	paraNdataMatrix[326][0]	ref	i18n.words_legacy_monolith:ParametersMain.konzept
i18n.words_legacy_monolith	paraNdataMatrix[326][1]	tuple	3
i18n.words_legacy_monolith	paraNdataMatrix[326][1][0]	str	inferior_superior
i18n.words_legacy_monolith	paraNdataMatrix[326][1][1]	str	inferior
i18n.words_legacy_monolith	paraNdataMatrix[326][1][2]	str	outnumber
i18n.words_legacy_monolith	paraNdataMatrix[326][2]	set	0
i18n.words_legacy_monolith	paraNdataMatrix[326][3]	set	1
i18n.words_legacy_monolith	paraNdataMatrix[326][3][0]	tuple	2
i18n.words_legacy_monolith	paraNdataMatrix[326][3][0][0]	int	380
i18n.words_legacy_monolith	paraNdataMatrix[326][3][0][1]	int	381
i18n.words_legacy_monolith	paraNdataMatrix[327]	tuple	4
i18n.words_legacy_monolith	paraNdataMatrix[327][0]	ref	i18n.words_legacy_monolith:ParametersMain.konzept
i18n.words_legacy_monolith	paraNdataMatrix[327][1]	tuple	3
i18n.words_legacy_monolith	paraNdataMatrix[327][1][0]	str	honesty_and_contention
i18n.words_legacy_monolith	paraNdataMatrix[327][1][1]	str	dispute
i18n.words_legacy_monolith	paraNdataMatrix[327][1][2]	str	honesty
i18n.words_legacy_monolith	paraNdataMatrix[327][2]	set	0
i18n.words_legacy_monolith	paraNdataMatrix[327][3]	set	1
i18n.words_legacy_monolith	paraNdataMatrix[327][3][0]	tuple	2
i18n.words_legacy_monolith	paraNdataMatrix[327][3][0][0]	int	375
i18n.words_legacy_monolith	paraNdataMatrix[327][3][0][1]	int	376
i18n.words_legacy_monolith	paraNdataMatrix[328]	tuple	4
i18n.words_legacy_monolith	paraNdataMatrix[328][0]	ref	i18n.words_legacy_monolith:ParametersMain.konzept2
i18n.words_legacy_monolith	paraNdataMatrix[328][1]	tuple	3
i18n.words_legacy_monolith	paraNdataMatrix[328][1][0]	str	dignified
i18n.words_legacy_monolith	paraNdataMatrix[328][1][1]	str	worthy
i18n.words_legacy_monolith	paraNdataMatrix[328][1][2]	str	worthy
i18n.words_legacy_monolith	paraNdataMatrix[328][2]	set	0
i18n.words_legacy_monolith	paraNdataMatrix[328][3]	set	1
i18n.words_legacy_monolith	paraNdataMatrix[328][3][0]	tuple	2
i18n.words_legacy_monolith	paraNdataMatrix[328][3][0][0]	int	373
i18n.words_legacy_monolith	paraNdataMatrix[328][3][0][1]	int	374
i18n.words_legacy_monolith	paraNdataMatrix[329]	tuple	4
i18n.words_legacy_monolith	paraNdataMatrix[329][0]	ref	i18n.words_legacy_monolith:ParametersMain.konzept2
i18n.words_legacy_monolith	paraNdataMatrix[329][1]	tuple	3
i18n.words_legacy_monolith	paraNdataMatrix[329][1][0]	str	rule_vs_exception
i18n.words_legacy_monolith	paraNdataMatrix[329][1][1]	str	rule
i18n.words_legacy_monolith	paraNdataMatrix[329][1][2]	str	exception
i18n.words_legacy_monolith	paraNdataMatrix[329][2]	set	0
i18n.words_legacy_monolith	paraNdataMatrix[329][3]	set	1
i18n.words_legacy_monolith	paraNdataMatrix[329][3][0]	tuple	2
i18n.words_legacy_monolith	paraNdataMatrix[329][3][0][0]	int	371
i18n.words_legacy_monolith	paraNdataMatrix[329][3][0][1]	int	372
i18n.words_legacy_monolith	paraNdataMatrix[330]	tuple	3
i18n.words_legacy_monolith	paraNdataMatrix[330][0]	ref	i18n.words_legacy_monolith:ParametersMain.konzept2
i18n.words_legacy_monolith	paraNdataMatrix[330][1]	tuple	3
i18n.words_legacy_monolith	paraNdataMatrix[330][1][0]	str	filter_type_and_violation
i18n.words_legacy_monolith	paraNdataMatrix[330][1][1]	str	filterType
i18n.words_legacy_monolith	paraNdataMatrix[330][1][2]	str	adversity
i18n.words_legacy_monolith	paraNdataMatrix[330][2]	set	2
i18n.words_legacy_monolith	paraNdataMatrix[330][2][0]	int	331
i18n.words_legacy_monolith	paraNdataMatrix[330][2][1]	int	335
i18n.words_legacy_monolith	paraNdataMatrix[331]	tuple	4
i18n.words_legacy_monolith	paraNdataMatrix[331][0]	ref	i18n.words_legacy_monolith:ParametersMain.konzept2
i18n.words_legacy_monolith	paraNdataMatrix[331][1]	tuple	2
i18n.words_legacy_monolith	paraNdataMatrix[331][1][0]	str	values
i18n.words_legacy_monolith	paraNdataMatrix[331][1][1]	str	values
i18n.words_legacy_monolith	paraNdataMatrix[331][2]	set	0
i18n.words_legacy_monolith	paraNdataMatrix[331][3]	set	1
i18n.words_legacy_monolith	paraNdataMatrix[331][3][0]	tuple	2
i18n.words_legacy_monolith	paraNdataMatrix[331][3][0][0]	int	360
i18n.words_legacy_monolith	paraNdataMatrix[331][3][0][1]	int	361
i18n.words_legacy_monolith	paraNdataMatrix[332]	tuple	4
i18n.words_legacy_monolith	paraNdataMatrix[332][0]	ref	i18n.words_legacy_monolith:ParametersMain.konzept2
i18n.words_legacy_monolith	paraNdataMatrix[332][1]	tuple	3
i18n.words_legacy_monolith	paraNdataMatrix[332][1][0]	str	Goodnessegoism
i18n.words_legacy_monolith	paraNdataMatrix[332][1][1]	str	position
i18n.words_legacy_monolith	paraNdataMatrix[332][1][2]	str	goodreciprocal
i18n.words_legacy_monolith	paraNdataMatrix[332][2]	set	0
i18n.words_legacy_monolith	paraNdataMatrix[332][3]	set	1
i18n.words_legacy_monolith	paraNdataMatrix[332][3][0]	tuple	2
i18n.words_legacy_monolith	paraNdataMatrix[332][3][0][0]	int	362
i18n.words_legacy_monolith	paraNdataMatrix[332][3][0][1]	int	363
i18n.words_legacy_monolith	paraNdataMatrix[333]	tuple	4
i18n.words_legacy_monolith	paraNdataMatrix[333][0]	ref	i18n.words_legacy_monolith:ParametersMain.konzept2
i18n.words_legacy_monolith	paraNdataMatrix[333][1]	tuple	3
i18n.words_legacy_monolith	paraNdataMatrix[333][1][0]	str	reflect_recognize
i18n.words_legacy_monolith	paraNdataMatrix[333][1][1]	str	reflect
i18n.words_legacy_monolith	paraNdataMatrix[333][1][2]	str	epistemology
i18n.words_legacy_monolith	paraNdataMatrix[333][2]	set	0
i18n.words_legacy_monolith	paraNdataMatrix[333][3]	set	1
i18n.words_legacy_monolith	paraNdataMatrix[333][3][0]	tuple	2
i18n.words_legacy_monolith	paraNdataMatrix[333][3][0][0]	int	364
i18n.words_legacy_monolith	paraNdataMatrix[333][3][0][1]	int	365
i18n.words_legacy_monolith	paraNdataMatrix[334]	tuple	4
i18n.words_legacy_monolith	paraNdataMatrix[334][0]	ref	i18n.words_legacy_monolith:ParametersMain.konzept2
i18n.words_legacy_monolith	paraNdataMatrix[334][1]	tuple	2
i18n.words_legacy_monolith	paraNdataMatrix[334][1][0]	str	trust_want
i18n.words_legacy_monolith	paraNdataMatrix[334][1][1]	str	wantToTrust
i18n.words_legacy_monolith	paraNdataMatrix[334][2]	set	0
i18n.words_legacy_monolith	paraNdataMatrix[334][3]	set	1
i18n.words_legacy_monolith	paraNdataMatrix[334][3][0]	tuple	2
i18n.words_legacy_monolith	paraNdataMatrix[334][3][0][0]	int	366
i18n.words_legacy_monolith	paraNdataMatrix[334][3][0][1]	int	367
i18n.words_legacy_monolith	paraNdataMatrix[335]	tuple	4
i18n.words_legacy_monolith	paraNdataMatrix[335][0]	ref	i18n.words_legacy_monolith:ParametersMain.konzept
i18n.words_legacy_monolith	paraNdataMatrix[335][1]	tuple	4
i18n.words_legacy_monolith	paraNdataMatrix[335][1][0]	str	engage_trust_denounce
i18n.words_legacy_monolith	paraNdataMatrix[335][1][1]	str	latchOn
i18n.words_legacy_monolith	paraNdataMatrix[335][1][2]	str	trustMaintain
i18n.words_legacy_monolith	paraNdataMatrix[335][1][3]	str	denounce
i18n.words_legacy_monolith	paraNdataMatrix[335][2]	set	0
i18n.words_legacy_monolith	paraNdataMatrix[335][3]	set	1
i18n.words_legacy_monolith	paraNdataMatrix[335][3][0]	tuple	2
i18n.words_legacy_monolith	paraNdataMatrix[335][3][0][0]	int	368
i18n.words_legacy_monolith	paraNdataMatrix[335][3][0][1]	int	369
i18n.words_legacy_monolith	paraNdataMatrix[336]	tuple	4
i18n.words_legacy_monolith	paraNdataMatrix[336][0]	ref	i18n.words_legacy_monolith:ParametersMain.konzept2
i18n.words_legacy_monolith	paraNdataMatrix[336][1]	tuple	3
i18n.words_legacy_monolith	paraNdataMatrix[336][1][0]	str	align_setup
i18n.words_legacy_monolith	paraNdataMatrix[336][1][1]	str	align
i18n.words_legacy_monolith	paraNdataMatrix[336][1][2]	str	align
i18n.words_legacy_monolith	paraNdataMatrix[336][2]	set	0
i18n.words_legacy_monolith	paraNdataMatrix[336][3]	set	1
i18n.words_legacy_monolith	paraNdataMatrix[336][3][0]	tuple	2
i18n.words_legacy_monolith	paraNdataMatrix[336][3][0][0]	int	358
i18n.words_legacy_monolith	paraNdataMatrix[336][3][0][1]	int	359
i18n.words_legacy_monolith	paraNdataMatrix[337]	tuple	4
i18n.words_legacy_monolith	paraNdataMatrix[337][0]	ref	i18n.words_legacy_monolith:ParametersMain.konzept2
i18n.words_legacy_monolith	paraNdataMatrix[337][1]	tuple	5
i18n.words_legacy_monolith	paraNdataMatrix[337][1][0]	str	tolerance_respect_acceptance_welcome
i18n.words_legacy_monolith	paraNdataMatrix[337][1][1]	str	tolerance
i18n.words_legacy_monolith	paraNdataMatrix[337][1][2]	str	respect
i18n.words_legacy_monolith	paraNdataMatrix[337][1][3]	str	acceptance
i18n.words_legacy_monolith	paraNdataMatrix[337][1][4]	str	welcome
i18n.words_legacy_monolith	paraNdataMatrix[337][2]	set	0
i18n.words_legacy_monolith	paraNdataMatrix[337][3]	set	1
i18n.words_legacy_monolith	paraNdataMatrix[337][3][0]	tuple	2
i18n.words_legacy_monolith	paraNdataMatrix[337][3][0][0]	int	62
i18n.words_legacy_monolith	paraNdataMatrix[337][3][0][1]	int	63
i18n.words_legacy_monolith	paraNdataMatrix[338]	tuple	4
i18n.words_legacy_monolith	paraNdataMatrix[338][0]	ref	i18n.words_legacy_monolith:ParametersMain.konzept
i18n.words_legacy_monolith	paraNdataMatrix[338][1]	tuple	1
i18n.words_legacy_monolith	paraNdataMatrix[338][1][0]	str	familyneeds
i18n.words_legacy_monolith	paraNdataMatrix[338][2]	set	0
i18n.words_legacy_monolith	paraNdataMatrix[338][3]	set	1
i18n.words_legacy_monolith	paraNdataMatrix[338][3][0]	tuple	2
i18n.words_legacy_monolith	paraNdataMatrix[338][3][0][0]	int	279
i18n.words_legacy_monolith	paraNdataMatrix[338][3][0][1]	int	280
i18n.words_legacy_monolith	paraNdataMatrix[339]	tuple	4
i18n.words_legacy_monolith	paraNdataMatrix[339][0]	ref	i18n.words_legacy_monolith:ParametersMain.konzept
i18n.words_legacy_monolith	paraNdataMatrix[339][1]	tuple	2
i18n.words_legacy_monolith	paraNdataMatrix[339][1][0]	str	ego
i18n.words_legacy_monolith	paraNdataMatrix[339][1][1]	str	humble
i18n.words_legacy_monolith	paraNdataMatrix[339][2]	set	0
i18n.words_legacy_monolith	paraNdataMatrix[339][3]	set	1
i18n.words_legacy_monolith	paraNdataMatrix[339][3][0]	tuple	2
i18n.words_legacy_monolith	paraNdataMatrix[339][3][0][0]	int	277
i18n.words_legacy_monolith	paraNdataMatrix[339][3][0][1]	int	278
i18n.words_legacy_monolith	paraNdataMatrix[340]	tuple	4
i18n.words_legacy_monolith	paraNdataMatrix[340][0]	ref	i18n.words_legacy_monolith:ParametersMain.konzept
i18n.words_legacy_monolith	paraNdataMatrix[340][1]	tuple	3
i18n.words_legacy_monolith	paraNdataMatrix[340][1][0]	str	selfishness_wantingYourOwnI_etc
i18n.words_legacy_monolith	paraNdataMatrix[340][1][1]	str	selfishness
i18n.words_legacy_monolith	paraNdataMatrix[340][1][2]	str	IAddiction
i18n.words_legacy_monolith	paraNdataMatrix[340][2]	set	0
i18n.words_legacy_monolith	paraNdataMatrix[340][3]	set	1
i18n.words_legacy_monolith	paraNdataMatrix[340][3][0]	tuple	2
i18n.words_legacy_monolith	paraNdataMatrix[340][3][0][0]	int	274
i18n.words_legacy_monolith	paraNdataMatrix[340][3][0][1]	int	275
i18n.words_legacy_monolith	paraNdataMatrix[341]	tuple	4
i18n.words_legacy_monolith	paraNdataMatrix[341][0]	ref	i18n.words_legacy_monolith:ParametersMain.konzept
i18n.words_legacy_monolith	paraNdataMatrix[341][1]	tuple	5
i18n.words_legacy_monolith	paraNdataMatrix[341][1][0]	str	research_invention_engagement
i18n.words_legacy_monolith	paraNdataMatrix[341][1][1]	str	science
i18n.words_legacy_monolith	paraNdataMatrix[341][1][2]	str	research
i18n.words_legacy_monolith	paraNdataMatrix[341][1][3]	str	latchOn
i18n.words_legacy_monolith	paraNdataMatrix[341][1][4]	str	invent
i18n.words_legacy_monolith	paraNdataMatrix[341][2]	set	0
i18n.words_legacy_monolith	paraNdataMatrix[341][3]	set	1
i18n.words_legacy_monolith	paraNdataMatrix[341][3][0]	tuple	2
i18n.words_legacy_monolith	paraNdataMatrix[341][3][0][0]	int	258
i18n.words_legacy_monolith	paraNdataMatrix[341][3][0][1]	int	259
i18n.words_legacy_monolith	paraNdataMatrix[342]	tuple	4
i18n.words_legacy_monolith	paraNdataMatrix[342][0]	ref	i18n.words_legacy_monolith:ParametersMain.konzept
i18n.words_legacy_monolith	paraNdataMatrix[342][1]	tuple	4
i18n.words_legacy_monolith	paraNdataMatrix[342][1][0]	str	cooperation_vs_ass
i18n.words_legacy_monolith	paraNdataMatrix[342][1][1]	str	asshole
i18n.words_legacy_monolith	paraNdataMatrix[342][1][2]	str	cooperation
i18n.words_legacy_monolith	paraNdataMatrix[342][1][3]	str	ass
i18n.words_legacy_monolith	paraNdataMatrix[342][2]	set	0
i18n.words_legacy_monolith	paraNdataMatrix[342][3]	set	1
i18n.words_legacy_monolith	paraNdataMatrix[342][3][0]	tuple	2
i18n.words_legacy_monolith	paraNdataMatrix[342][3][0][0]	int	245
i18n.words_legacy_monolith	paraNdataMatrix[342][3][0][1]	int	246
i18n.words_legacy_monolith	paraNdataMatrix[343]	tuple	4
i18n.words_legacy_monolith	paraNdataMatrix[343][0]	ref	i18n.words_legacy_monolith:ParametersMain.konzept
i18n.words_legacy_monolith	paraNdataMatrix[343][1]	tuple	3
i18n.words_legacy_monolith	paraNdataMatrix[343][1][0]	str	love_etc
i18n.words_legacy_monolith	paraNdataMatrix[343][1][1]	str	love
i18n.words_legacy_monolith	paraNdataMatrix[343][1][2]	str	affection
i18n.words_legacy_monolith	paraNdataMatrix[343][2]	set	0
i18n.words_legacy_monolith	paraNdataMatrix[343][3]	set	1
i18n.words_legacy_monolith	paraNdataMatrix[343][3][0]	tuple	2
i18n.words_legacy_monolith	paraNdataMatrix[343][3][0][0]	int	247
i18n.words_legacy_monolith	paraNdataMatrix[343][3][0][1]	int	248
i18n.words_legacy_monolith	paraNdataMatrix[344]	tuple	4
i18n.words_legacy_monolith	paraNdataMatrix[344][0]	ref	i18n.words_legacy_monolith:ParametersMain.konzept
i18n.words_legacy_monolith	paraNdataMatrix[344][1]	tuple	3
i18n.words_legacy_monolith	paraNdataMatrix[344][1][0]	str	selflessness_Ilessness_etc
i18n.words_legacy_monolith	paraNdataMatrix[344][1][1]	str	selfless
i18n.words_legacy_monolith	paraNdataMatrix[344][1][2]	str	Iless
i18n.words_legacy_monolith	paraNdataMatrix[344][2]	set	0
i18n.words_legacy_monolith	paraNdataMatrix[344][3]	set	1
i18n.words_legacy_monolith	paraNdataMatrix[344][3][0]	tuple	2
i18n.words_legacy_monolith	paraNdataMatrix[344][3][0][0]	int	238
i18n.words_legacy_monolith	paraNdataMatrix[344][3][0][1]	int	239
i18n.words_legacy_monolith	paraNdataMatrix[345]	tuple	4
i18n.words_legacy_monolith	paraNdataMatrix[345][0]	ref	i18n.words_legacy_monolith:ParametersMain.konzept
i18n.words_legacy_monolith	paraNdataMatrix[345][1]	tuple	4
i18n.words_legacy_monolith	paraNdataMatrix[345][1][0]	str	varied_monotonous
i18n.words_legacy_monolith	paraNdataMatrix[345][1][1]	str	monotonous
i18n.words_legacy_monolith	paraNdataMatrix[345][1][2]	str	monotonous
i18n.words_legacy_monolith	paraNdataMatrix[345][1][3]	str	varied
i18n.words_legacy_monolith	paraNdataMatrix[345][2]	set	0
i18n.words_legacy_monolith	paraNdataMatrix[345][3]	set	1
i18n.words_legacy_monolith	paraNdataMatrix[345][3][0]	tuple	2
i18n.words_legacy_monolith	paraNdataMatrix[345][3][0][0]	int	236
i18n.words_legacy_monolith	paraNdataMatrix[345][3][0][1]	int	237
i18n.words_legacy_monolith	paraNdataMatrix[346]	tuple	4
i18n.words_legacy_monolith	paraNdataMatrix[346][0]	ref	i18n.words_legacy_monolith:ParametersMain.konzept
i18n.words_legacy_monolith	paraNdataMatrix[346][1]	tuple	5
i18n.words_legacy_monolith	paraNdataMatrix[346][1][0]	str	affection_dislike
i18n.words_legacy_monolith	paraNdataMatrix[346][1][1]	str	averse
i18n.words_legacy_monolith	paraNdataMatrix[346][1][2]	str	affectionate
i18n.words_legacy_monolith	paraNdataMatrix[346][1][3]	str	reserved
i18n.words_legacy_monolith	paraNdataMatrix[346][1][4]	str	inclined
i18n.words_legacy_monolith	paraNdataMatrix[346][2]	set	0
i18n.words_legacy_monolith	paraNdataMatrix[346][3]	set	1
i18n.words_legacy_monolith	paraNdataMatrix[346][3][0]	tuple	2
i18n.words_legacy_monolith	paraNdataMatrix[346][3][0][0]	int	199
i18n.words_legacy_monolith	paraNdataMatrix[346][3][0][1]	int	200
i18n.words_legacy_monolith	paraNdataMatrix[347]	tuple	4
i18n.words_legacy_monolith	paraNdataMatrix[347][0]	ref	i18n.words_legacy_monolith:ParametersMain.menschliches
i18n.words_legacy_monolith	paraNdataMatrix[347][1]	tuple	4
i18n.words_legacy_monolith	paraNdataMatrix[347][1][0]	str	honest_vs_polite
i18n.words_legacy_monolith	paraNdataMatrix[347][1][1]	str	honest
i18n.words_legacy_monolith	paraNdataMatrix[347][1][2]	str	polite
i18n.words_legacy_monolith	paraNdataMatrix[347][1][3]	str	courteous
i18n.words_legacy_monolith	paraNdataMatrix[347][2]	set	0
i18n.words_legacy_monolith	paraNdataMatrix[347][3]	set	1
i18n.words_legacy_monolith	paraNdataMatrix[347][3][0]	tuple	2
i18n.words_legacy_monolith	paraNdataMatrix[347][3][0][0]	int	224
i18n.words_legacy_monolith	paraNdataMatrix[347][3][0][1]	int	225
i18n.words_legacy_monolith	paraNdataMatrix[348]	tuple	4
i18n.words_legacy_monolith	paraNdataMatrix[348][0]	ref	i18n.words_legacy_monolith:ParametersMain.konzept
i18n.words_legacy_monolith	paraNdataMatrix[348][1]	tuple	4
i18n.words_legacy_monolith	paraNdataMatrix[348][1][0]	str	honest_vs_polite
i18n.words_legacy_monolith	paraNdataMatrix[348][1][1]	str	honest
i18n.words_legacy_monolith	paraNdataMatrix[348][1][2]	str	polite
i18n.words_legacy_monolith	paraNdataMatrix[348][1][3]	str	courteous
i18n.words_legacy_monolith	paraNdataMatrix[348][2]	set	0
i18n.words_legacy_monolith	paraNdataMatrix[348][3]	set	1
i18n.words_legacy_monolith	paraNdataMatrix[348][3][0]	ref	i18n.words_legacy_monolith:paraNdataMatrix[347][3][0]
i18n.words_legacy_monolith	paraNdataMatrix[349]	tuple	4
i18n.words_legacy_monolith	paraNdataMatrix[349][0]	ref	i18n.words_legacy_monolith:ParametersMain.konzept
i18n.words_legacy_monolith	paraNdataMatrix[349][1]	tuple	2
i18n.words_legacy_monolith	paraNdataMatrix[349][1][0]	str	scope
i18n.words_legacy_monolith	paraNdataMatrix[349][1][1]	str	scope
i18n.words_legacy_monolith	paraNdataMatrix[349][2]	set	0
i18n.words_legacy_monolith	paraNdataMatrix[349][3]	set	1
i18n.words_legacy_monolith	paraNdataMatrix[349][3][0]	tuple	2
i18n.words_legacy_monolith	paraNdataMatrix[349][3][0][0]	int	211
i18n.words_legacy_monolith	paraNdataMatrix[349][3][0][1]	int	212
i18n.words_legacy_monolith	paraNdataMatrix[350]	tuple	4
i18n.words_legacy_monolith	paraNdataMatrix[350][0]	ref	i18n.words_legacy_monolith:ParametersMain.konzept
i18n.words_legacy_monolith	paraNdataMatrix[350][1]	tuple	2
i18n.words_legacy_monolith	paraNdataMatrix[350][1][0]	str	valuable
i18n.words_legacy_monolith	paraNdataMatrix[350][1][1]	str	worthless
i18n.words_legacy_monolith	paraNdataMatrix[350][2]	set	0
i18n.words_legacy_monolith	paraNdataMatrix[350][3]	set	1
i18n.words_legacy_monolith	paraNdataMatrix[350][3][0]	tuple	2
i18n.words_legacy_monolith	paraNdataMatrix[350][3][0][0]	int	186
i18n.words_legacy_monolith	paraNdataMatrix[350][3][0][1]	int	187
i18n.words_legacy_monolith	paraNdataMatrix[351]	tuple	4
i18n.words_legacy_monolith	paraNdataMatrix[351][0]	ref	i18n.words_legacy_monolith:ParametersMain.konzept
i18n.words_legacy_monolith	paraNdataMatrix[351][1]	tuple	5
i18n.words_legacy_monolith	paraNdataMatrix[351][1][0]	str	gods_prophets_families_friends
i18n.words_legacy_monolith	paraNdataMatrix[351][1][1]	str	familial
i18n.words_legacy_monolith	paraNdataMatrix[351][1][2]	str	godly
i18n.words_legacy_monolith	paraNdataMatrix[351][1][3]	str	friends
i18n.words_legacy_monolith	paraNdataMatrix[351][1][4]	str	prophets
i18n.words_legacy_monolith	paraNdataMatrix[351][2]	set	0
i18n.words_legacy_monolith	paraNdataMatrix[351][3]	set	1
i18n.words_legacy_monolith	paraNdataMatrix[351][3][0]	tuple	2
i18n.words_legacy_monolith	paraNdataMatrix[351][3][0][0]	int	184
i18n.words_legacy_monolith	paraNdataMatrix[351][3][0][1]	int	185
i18n.words_legacy_monolith	paraNdataMatrix[352]	tuple	4
i18n.words_legacy_monolith	paraNdataMatrix[352][0]	ref	i18n.words_legacy_monolith:ParametersMain.konzept
i18n.words_legacy_monolith	paraNdataMatrix[352][1]	tuple	3
i18n.words_legacy_monolith	paraNdataMatrix[352][1][0]	str	gentle_vs_hard
i18n.words_legacy_monolith	paraNdataMatrix[352][1][1]	str	soft
i18n.words_legacy_monolith	paraNdataMatrix[352][1][2]	str	hard
i18n.words_legacy_monolith	paraNdataMatrix[352][2]	set	0
i18n.words_legacy_monolith	paraNdataMatrix[352][3]	set	2
i18n.words_legacy_monolith	paraNdataMatrix[352][3][0]	tuple	2
i18n.words_legacy_monolith	paraNdataMatrix[352][3][0][0]	int	159
i18n.words_legacy_monolith	paraNdataMatrix[352][3][0][1]	int	160
i18n.words_legacy_monolith	paraNdataMatrix[352][3][1]	tuple	2
i18n.words_legacy_monolith	paraNdataMatrix[352][3][1][0]	int	161
i18n.words_legacy_monolith	paraNdataMatrix[352][3][1][1]	int	162
i18n.words_legacy_monolith	paraNdataMatrix[353]	tuple	4
i18n.words_legacy_monolith	paraNdataMatrix[353][0]	ref	i18n.words_legacy_monolith:ParametersMain.konzept
i18n.words_legacy_monolith	paraNdataMatrix[353][1]	tuple	6
i18n.words_legacy_monolith	paraNdataMatrix[353][1][0]	str	unite_vs_connect
i18n.words_legacy_monolith	paraNdataMatrix[353][1][1]	str	uniteConnect
i18n.words_legacy_monolith	paraNdataMatrix[353][1][2]	str	unite
i18n.words_legacy_monolith	paraNdataMatrix[353][1][3]	str	connect
i18n.words_legacy_monolith	paraNdataMatrix[353][1][4]	str	unity
i18n.words_legacy_monolith	paraNdataMatrix[353][1][5]	str	connect
i18n.words_legacy_monolith	paraNdataMatrix[353][2]	set	0
i18n.words_legacy_monolith	paraNdataMatrix[353][3]	set	1
i18n.words_legacy_monolith	paraNdataMatrix[353][3][0]	tuple	2
i18n.words_legacy_monolith	paraNdataMatrix[353][3][0][0]	int	133
i18n.words_legacy_monolith	paraNdataMatrix[353][3][0][1]	int	134
i18n.words_legacy_monolith	paraNdataMatrix[354]	tuple	3
i18n.words_legacy_monolith	paraNdataMatrix[354][0]	ref	i18n.words_legacy_monolith:ParametersMain.konzept
i18n.words_legacy_monolith	paraNdataMatrix[354][1]	tuple	2
i18n.words_legacy_monolith	paraNdataMatrix[354][1][0]	str	similar
i18n.words_legacy_monolith	paraNdataMatrix[354][1][1]	str	similar
i18n.words_legacy_monolith	paraNdataMatrix[354][2]	set	1
i18n.words_legacy_monolith	paraNdataMatrix[354][2][0]	int	220
i18n.words_legacy_monolith	paraNdataMatrix[355]	tuple	4
i18n.words_legacy_monolith	paraNdataMatrix[355][0]	ref	i18n.words_legacy_monolith:ParametersMain.konzept
i18n.words_legacy_monolith	paraNdataMatrix[355][1]	tuple	6
i18n.words_legacy_monolith	paraNdataMatrix[355][1][0]	str	good_evil_love_bad
i18n.words_legacy_monolith	paraNdataMatrix[355][1][1]	str	good
i18n.words_legacy_monolith	paraNdataMatrix[355][1][2]	str	evil
i18n.words_legacy_monolith	paraNdataMatrix[355][1][3]	str	evil
i18n.words_legacy_monolith	paraNdataMatrix[355][1][4]	str	kind
i18n.words_legacy_monolith	paraNdataMatrix[355][1][5]	str	bad
i18n.words_legacy_monolith	paraNdataMatrix[355][2]	set	2
i18n.words_legacy_monolith	paraNdataMatrix[355][2][0]	int	52
i18n.words_legacy_monolith	paraNdataMatrix[355][2][1]	int	53
i18n.words_legacy_monolith	paraNdataMatrix[355][3]	set	1
i18n.words_legacy_monolith	paraNdataMatrix[355][3][0]	tuple	2
i18n.words_legacy_monolith	paraNdataMatrix[355][3][0][0]	int	38
i18n.words_legacy_monolith	paraNdataMatrix[355][3][0][1]	int	39
i18n.words_legacy_monolith	paraNdataMatrix[356]	tuple	4
i18n.words_legacy_monolith	paraNdataMatrix[356][0]	ref	i18n.words_legacy_monolith:ParametersMain.konzept
i18n.words_legacy_monolith	paraNdataMatrix[356][1]	tuple	4
i18n.words_legacy_monolith	paraNdataMatrix[356][1][0]	str	meaning_and_purpose_of_life
i18n.words_legacy_monolith	paraNdataMatrix[356][1][1]	str	senseAndMeaning
i18n.words_legacy_monolith	paraNdataMatrix[356][1][2]	str	purpose
i18n.words_legacy_monolith	paraNdataMatrix[356][1][3]	str	meaning
i18n.words_legacy_monolith	paraNdataMatrix[356][2]	set	2
i18n.words_legacy_monolith	paraNdataMatrix[356][2][0]	int	189
i18n.words_legacy_monolith	paraNdataMatrix[356][2][1]	int	88
i18n.words_legacy_monolith	paraNdataMatrix[356][3]	set	1
i18n.words_legacy_monolith	paraNdataMatrix[356][3][0]	ref	i18n.words_legacy_monolith:paraNdataMatrix[169][3][0]
i18n.words_legacy_monolith	paraNdataMatrix[357]	tuple	4
i18n.words_legacy_monolith	paraNdataMatrix[357][0]	ref	i18n.words_legacy_monolith:ParametersMain.konzept
i18n.words_legacy_monolith	paraNdataMatrix[357][1]	tuple	5
i18n.words_legacy_monolith	paraNdataMatrix[357][1][0]	str	time_vs_space
i18n.words_legacy_monolith	paraNdataMatrix[357][1][1]	str	time
i18n.words_legacy_monolith	paraNdataMatrix[357][1][2]	str	space
i18n.words_legacy_monolith	paraNdataMatrix[357][1][3]	str	time
i18n.words_legacy_monolith	paraNdataMatrix[357][1][4]	str	spatially
i18n.words_legacy_monolith	paraNdataMatrix[357][2]	set	0
i18n.words_legacy_monolith	paraNdataMatrix[357][3]	set	1
i18n.words_legacy_monolith	paraNdataMatrix[357][3][0]	tuple	2
i18n.words_legacy_monolith	paraNdataMatrix[357][3][0][0]	int	49
i18n.words_legacy_monolith	paraNdataMatrix[357][3][0][1]	int	50
i18n.words_legacy_monolith	paraNdataMatrix[358]	tuple	4
i18n.words_legacy_monolith	paraNdataMatrix[358][0]	ref	i18n.words_legacy_monolith:ParametersMain.konzept
i18n.words_legacy_monolith	paraNdataMatrix[358][1]	tuple	6
i18n.words_legacy_monolith	paraNdataMatrix[358][1][0]	str	egalitarian_vs_authoritarian
i18n.words_legacy_monolith	paraNdataMatrix[358][1][1]	str	egalitarianAuthoritarian
i18n.words_legacy_monolith	paraNdataMatrix[358][1][2]	str	egalitarian
i18n.words_legacy_monolith	paraNdataMatrix[358][1][3]	str	authoritarian
i18n.words_legacy_monolith	paraNdataMatrix[358][1][4]	str	egalitarian
i18n.words_legacy_monolith	paraNdataMatrix[358][1][5]	str	authoritarian
i18n.words_legacy_monolith	paraNdataMatrix[358][2]	set	0
i18n.words_legacy_monolith	paraNdataMatrix[358][3]	set	1
i18n.words_legacy_monolith	paraNdataMatrix[358][3][0]	tuple	2
i18n.words_legacy_monolith	paraNdataMatrix[358][3][0][0]	int	163
i18n.words_legacy_monolith	paraNdataMatrix[358][3][0][1]	int	164
i18n.words_legacy_monolith	paraNdataMatrix[359]	tuple	4
i18n.words_legacy_monolith	paraNdataMatrix[359][0]	ref	i18n.words_legacy_monolith:ParametersMain.konzept
i18n.words_legacy_monolith	paraNdataMatrix[359][1]	tuple	4
i18n.words_legacy_monolith	paraNdataMatrix[359][1][0]	str	opinions_and_reputation
i18n.words_legacy_monolith	paraNdataMatrix[359][1][1]	str	opinions
i18n.words_legacy_monolith	paraNdataMatrix[359][1][2]	str	otherpeople
i18n.words_legacy_monolith	paraNdataMatrix[359][1][3]	str	reputation
i18n.words_legacy_monolith	paraNdataMatrix[359][2]	set	0
i18n.words_legacy_monolith	paraNdataMatrix[359][3]	set	1
i18n.words_legacy_monolith	paraNdataMatrix[359][3][0]	tuple	2
i18n.words_legacy_monolith	paraNdataMatrix[359][3][0][0]	int	60
i18n.words_legacy_monolith	paraNdataMatrix[359][3][0][1]	int	61
i18n.words_legacy_monolith	paraNdataMatrix[360]	tuple	4
i18n.words_legacy_monolith	paraNdataMatrix[360][0]	ref	i18n.words_legacy_monolith:ParametersMain.konzept
i18n.words_legacy_monolith	paraNdataMatrix[360][1]	tuple	3
i18n.words_legacy_monolith	paraNdataMatrix[360][1][0]	str	opinionintelligence
i18n.words_legacy_monolith	paraNdataMatrix[360][1][1]	str	opinionintelligence
i18n.words_legacy_monolith	paraNdataMatrix[360][1][2]	str	originintelligence
i18n.words_legacy_monolith	paraNdataMatrix[360][2]	set	0
i18n.words_legacy_monolith	paraNdataMatrix[360][3]	set	1
i18n.words_legacy_monolith	paraNdataMatrix[360][3][0]	tuple	2
i18n.words_legacy_monolith	paraNdataMatrix[360][3][0][0]	int	151
i18n.words_legacy_monolith	paraNdataMatrix[360][3][0][1]	int	152
i18n.words_legacy_monolith	paraNdataMatrix[361]	tuple	4
i18n.words_legacy_monolith	paraNdataMatrix[361][0]	ref	i18n.words_legacy_monolith:ParametersMain.konzept
i18n.words_legacy_monolith	paraNdataMatrix[361][1]	tuple	3
i18n.words_legacy_monolith	paraNdataMatrix[361][1][0]	str	morality
i18n.words_legacy_monolith	paraNdataMatrix[361][1][1]	str	morality
i18n.words_legacy_monolith	paraNdataMatrix[361][1][2]	str	gettingNear
i18n.words_legacy_monolith	paraNdataMatrix[361][2]	set	0
i18n.words_legacy_monolith	paraNdataMatrix[361][3]	set	1
i18n.words_legacy_monolith	paraNdataMatrix[361][3][0]	tuple	2
i18n.words_legacy_monolith	paraNdataMatrix[361][3][0][0]	int	179
i18n.words_legacy_monolith	paraNdataMatrix[361][3][0][1]	int	180
i18n.words_legacy_monolith	paraNdataMatrix[362]	tuple	4
i18n.words_legacy_monolith	paraNdataMatrix[362][0]	ref	i18n.words_legacy_monolith:ParametersMain.konzept
i18n.words_legacy_monolith	paraNdataMatrix[362][1]	tuple	3
i18n.words_legacy_monolith	paraNdataMatrix[362][1][0]	str	leadership
i18n.words_legacy_monolith	paraNdataMatrix[362][1][1]	str	leadership
i18n.words_legacy_monolith	paraNdataMatrix[362][1][2]	str	leadership
i18n.words_legacy_monolith	paraNdataMatrix[362][2]	set	0
i18n.words_legacy_monolith	paraNdataMatrix[362][3]	set	1
i18n.words_legacy_monolith	paraNdataMatrix[362][3][0]	tuple	2
i18n.words_legacy_monolith	paraNdataMatrix[362][3][0][0]	int	173
i18n.words_legacy_monolith	paraNdataMatrix[362][3][0][1]	int	174
i18n.words_legacy_monolith	paraNdataMatrix[363]	tuple	4
i18n.words_legacy_monolith	paraNdataMatrix[363][0]	ref	i18n.words_legacy_monolith:ParametersMain.konzept
i18n.words_legacy_monolith	paraNdataMatrix[363][1]	tuple	3
i18n.words_legacy_monolith	paraNdataMatrix[363][1][0]	str	X-ray
i18n.words_legacy_monolith	paraNdataMatrix[363][1][1]	str	X-ray
i18n.words_legacy_monolith	paraNdataMatrix[363][1][2]	str	illuminate
i18n.words_legacy_monolith	paraNdataMatrix[363][2]	set	0
i18n.words_legacy_monolith	paraNdataMatrix[363][3]	set	1
i18n.words_legacy_monolith	paraNdataMatrix[363][3][0]	tuple	2
i18n.words_legacy_monolith	paraNdataMatrix[363][3][0][0]	int	177
i18n.words_legacy_monolith	paraNdataMatrix[363][3][0][1]	int	178
i18n.words_legacy_monolith	paraNdataMatrix[364]	tuple	4
i18n.words_legacy_monolith	paraNdataMatrix[364][0]	ref	i18n.words_legacy_monolith:ParametersMain.konzept
i18n.words_legacy_monolith	paraNdataMatrix[364][1]	tuple	7
i18n.words_legacy_monolith	paraNdataMatrix[364][1][0]	str	encourage_sensitize_and_grant
i18n.words_legacy_monolith	paraNdataMatrix[364][1][1]	str	encourage
i18n.words_legacy_monolith	paraNdataMatrix[364][1][2]	str	promote
i18n.words_legacy_monolith	paraNdataMatrix[364][1][3]	str	limit
i18n.words_legacy_monolith	paraNdataMatrix[364][1][4]	str	raiseawareness
i18n.words_legacy_monolith	paraNdataMatrix[364][1][5]	str	thrive
i18n.words_legacy_monolith	paraNdataMatrix[364][1][6]	str	spoil
i18n.words_legacy_monolith	paraNdataMatrix[364][2]	set	0
i18n.words_legacy_monolith	paraNdataMatrix[364][3]	set	1
i18n.words_legacy_monolith	paraNdataMatrix[364][3][0]	tuple	2
i18n.words_legacy_monolith	paraNdataMatrix[364][3][0][0]	int	175
i18n.words_legacy_monolith	paraNdataMatrix[364][3][0][1]	int	176
i18n.words_legacy_monolith	paraNdataMatrix[365]	tuple	4
i18n.words_legacy_monolith	paraNdataMatrix[365][0]	ref	i18n.words_legacy_monolith:ParametersMain.konzept
i18n.words_legacy_monolith	paraNdataMatrix[365][1]	tuple	5
i18n.words_legacy_monolith	paraNdataMatrix[365][1][0]	str	arrogance
i18n.words_legacy_monolith	paraNdataMatrix[365][1][1]	str	arrogant
i18n.words_legacy_monolith	paraNdataMatrix[365][1][2]	str	arrogance
i18n.words_legacy_monolith	paraNdataMatrix[365][1][3]	str	arrogance
i18n.words_legacy_monolith	paraNdataMatrix[365][1][4]	str	arrogant
i18n.words_legacy_monolith	paraNdataMatrix[365][2]	set	0
i18n.words_legacy_monolith	paraNdataMatrix[365][3]	set	1
i18n.words_legacy_monolith	paraNdataMatrix[365][3][0]	tuple	2
i18n.words_legacy_monolith	paraNdataMatrix[365][3][0][0]	int	171
i18n.words_legacy_monolith	paraNdataMatrix[365][3][0][1]	int	172
i18n.words_legacy_monolith	paraNdataMatrix[366]	tuple	4
i18n.words_legacy_monolith	paraNdataMatrix[366][0]	ref	i18n.words_legacy_monolith:ParametersMain.konzept
i18n.words_legacy_monolith	paraNdataMatrix[366][1]	tuple	2
i18n.words_legacy_monolith	paraNdataMatrix[366][1][0]	str	polarity_of_love
i18n.words_legacy_monolith	paraNdataMatrix[366][1][1]	str	polarityOfLove
i18n.words_legacy_monolith	paraNdataMatrix[366][2]	set	0
i18n.words_legacy_monolith	paraNdataMatrix[366][3]	set	1
i18n.words_legacy_monolith	paraNdataMatrix[366][3][0]	ref	i18n.words_legacy_monolith:paraNdataMatrix[180][3][0]
i18n.words_legacy_monolith	paraNdataMatrix[367]	tuple	4
i18n.words_legacy_monolith	paraNdataMatrix[367][0]	ref	i18n.words_legacy_monolith:ParametersMain.konzept
i18n.words_legacy_monolith	paraNdataMatrix[367][1]	tuple	5
i18n.words_legacy_monolith	paraNdataMatrix[367][1][0]	str	egoism_vs_altruism
i18n.words_legacy_monolith	paraNdataMatrix[367][1][1]	str	egoism
i18n.words_legacy_monolith	paraNdataMatrix[367][1][2]	str	altruism
i18n.words_legacy_monolith	paraNdataMatrix[367][1][3]	str	egoist
i18n.words_legacy_monolith	paraNdataMatrix[367][1][4]	str	altruist
i18n.words_legacy_monolith	paraNdataMatrix[367][2]	set	1
i18n.words_legacy_monolith	paraNdataMatrix[367][2][0]	int	136
i18n.words_legacy_monolith	paraNdataMatrix[367][3]	set	1
i18n.words_legacy_monolith	paraNdataMatrix[367][3][0]	ref	i18n.words_legacy_monolith:paraNdataMatrix[175][3][0]
i18n.words_legacy_monolith	paraNdataMatrix[368]	tuple	4
i18n.words_legacy_monolith	paraNdataMatrix[368][0]	ref	i18n.words_legacy_monolith:ParametersMain.konzept
i18n.words_legacy_monolith	paraNdataMatrix[368][1]	tuple	3
i18n.words_legacy_monolith	paraNdataMatrix[368][1][0]	str	causal
i18n.words_legacy_monolith	paraNdataMatrix[368][1][1]	str	cachetPrestigeValidity
i18n.words_legacy_monolith	paraNdataMatrix[368][1][2]	str	genesis
i18n.words_legacy_monolith	paraNdataMatrix[368][2]	set	0
i18n.words_legacy_monolith	paraNdataMatrix[368][3]	set	1
i18n.words_legacy_monolith	paraNdataMatrix[368][3][0]	tuple	2
i18n.words_legacy_monolith	paraNdataMatrix[368][3][0][0]	int	110
i18n.words_legacy_monolith	paraNdataMatrix[368][3][0][1]	int	111
i18n.words_legacy_monolith	paraNdataMatrix[369]	tuple	4
i18n.words_legacy_monolith	paraNdataMatrix[369][0]	ref	i18n.words_legacy_monolith:ParametersMain.konzept
i18n.words_legacy_monolith	paraNdataMatrix[369][1]	tuple	2
i18n.words_legacy_monolith	paraNdataMatrix[369][1][0]	str	equality
i18n.words_legacy_monolith	paraNdataMatrix[369][1][1]	str	equal
i18n.words_legacy_monolith	paraNdataMatrix[369][2]	set	0
i18n.words_legacy_monolith	paraNdataMatrix[369][3]	set	1
i18n.words_legacy_monolith	paraNdataMatrix[369][3][0]	tuple	2
i18n.words_legacy_monolith	paraNdataMatrix[369][3][0][0]	int	192
i18n.words_legacy_monolith	paraNdataMatrix[369][3][0][1]	int	193
i18n.words_legacy_monolith	paraNdataMatrix[370]	tuple	4
i18n.words_legacy_monolith	paraNdataMatrix[370][0]	ref	i18n.words_legacy_monolith:ParametersMain.konzept
i18n.words_legacy_monolith	paraNdataMatrix[370][1]	tuple	2
i18n.words_legacy_monolith	paraNdataMatrix[370][1][0]	str	survival
i18n.words_legacy_monolith	paraNdataMatrix[370][1][1]	str	survive
i18n.words_legacy_monolith	paraNdataMatrix[370][2]	set	0
i18n.words_legacy_monolith	paraNdataMatrix[370][3]	set	1
i18n.words_legacy_monolith	paraNdataMatrix[370][3][0]	tuple	2
i18n.words_legacy_monolith	paraNdataMatrix[370][3][0][0]	int	194
i18n.words_legacy_monolith	paraNdataMatrix[370][3][0][1]	int	195
i18n.words_legacy_monolith	paraNdataMatrix[371]	tuple	3
i18n.words_legacy_monolith	paraNdataMatrix[371][0]	ref	i18n.words_legacy_monolith:ParametersMain.inkrementieren
i18n.words_legacy_monolith	paraNdataMatrix[371][1]	set	0
i18n.words_legacy_monolith	paraNdataMatrix[371][2]	set	4
i18n.words_legacy_monolith	paraNdataMatrix[371][2][0]	int	43
i18n.words_legacy_monolith	paraNdataMatrix[371][2][1]	int	54
i18n.words_legacy_monolith	paraNdataMatrix[371][2][2]	int	74
i18n.words_legacy_monolith	paraNdataMatrix[371][2][3]	int	95
i18n.words_legacy_monolith	paraNdataMatrix[372]	tuple	3
i18n.words_legacy_monolith	paraNdataMatrix[372][0]	ref	i18n.words_legacy_monolith:ParametersMain.inkrementieren
i18n.words_legacy_monolith	paraNdataMatrix[372][1]	tuple	1
i18n.words_legacy_monolith	paraNdataMatrix[372][1][0]	str	of1
i18n.words_legacy_monolith	paraNdataMatrix[372][2]	set	1
i18n.words_legacy_monolith	paraNdataMatrix[372][2][0]	int	155
i18n.words_legacy_monolith	paraNdataMatrix[373]	tuple	3
i18n.words_legacy_monolith	paraNdataMatrix[373][0]	ref	i18n.words_legacy_monolith:ParametersMain.inkrementieren
i18n.words_legacy_monolith	paraNdataMatrix[373][1]	tuple	1
i18n.words_legacy_monolith	paraNdataMatrix[373][1][0]	str	of2
i18n.words_legacy_monolith	paraNdataMatrix[373][2]	set	1
i18n.words_legacy_monolith	paraNdataMatrix[373][2][0]	int	156
i18n.words_legacy_monolith	paraNdataMatrix[374]	tuple	3
i18n.words_legacy_monolith	paraNdataMatrix[374][0]	ref	i18n.words_legacy_monolith:ParametersMain.inkrementieren
i18n.words_legacy_monolith	paraNdataMatrix[374][1]	tuple	1
i18n.words_legacy_monolith	paraNdataMatrix[374][1][0]	str	of3
i18n.words_legacy_monolith	paraNdataMatrix[374][2]	set	1
i18n.words_legacy_monolith	paraNdataMatrix[374][2][0]	int	157
i18n.words_legacy_monolith	paraNdataMatrix[375]	tuple	3
i18n.words_legacy_monolith	paraNdataMatrix[375][0]	ref	i18n.words_legacy_monolith:ParametersMain.inkrementieren
i18n.words_legacy_monolith	paraNdataMatrix[375][1]	tuple	2
i18n.words_legacy_monolith	paraNdataMatrix[375][1][0]	str	why_transcendental_=_structure_size_=_character
i18n.words_legacy_monolith	paraNdataMatrix[375][1][1]	str	whytranscendentalstructuralsizeandcharacter
i18n.words_legacy_monolith	paraNdataMatrix[375][2]	set	4
i18n.words_legacy_monolith	paraNdataMatrix[375][2][0]	int	165
i18n.words_legacy_monolith	paraNdataMatrix[375][2][1]	int	4
i18n.words_legacy_monolith	paraNdataMatrix[375][2][2]	int	5
i18n.words_legacy_monolith	paraNdataMatrix[375][2][3]	int	54
i18n.words_legacy_monolith	paraNdataMatrix[376]	tuple	3
i18n.words_legacy_monolith	paraNdataMatrix[376][0]	ref	i18n.words_legacy_monolith:ParametersMain.inkrementieren
i18n.words_legacy_monolith	paraNdataMatrix[376][1]	tuple	2
i18n.words_legacy_monolith	paraNdataMatrix[376][1][0]	str	why_transcendental_=_complexity_by_Michael_Commons
i18n.words_legacy_monolith	paraNdataMatrix[376][1][1]	str	whyTranscendentalEqualsComplexity
i18n.words_legacy_monolith	paraNdataMatrix[376][2]	set	3
i18n.words_legacy_monolith	paraNdataMatrix[376][2][0]	int	166
i18n.words_legacy_monolith	paraNdataMatrix[376][2][1]	int	5
i18n.words_legacy_monolith	paraNdataMatrix[376][2][2]	int	65
i18n.words_legacy_monolith	paraNdataMatrix[377]	tuple	3
i18n.words_legacy_monolith	paraNdataMatrix[377][0]	ref	i18n.words_legacy_monolith:ParametersMain.primvielfache
i18n.words_legacy_monolith	paraNdataMatrix[377][1]	tuple	2
i18n.words_legacy_monolith	paraNdataMatrix[377][1][0]	str	Framework-conditions
i18n.words_legacy_monolith	paraNdataMatrix[377][1][1]	str	frame
i18n.words_legacy_monolith	paraNdataMatrix[377][2]	set	1
i18n.words_legacy_monolith	paraNdataMatrix[377][2][0]	int	226
i18n.words_legacy_monolith	paraNdataMatrix[378]	tuple	10
i18n.words_legacy_monolith	paraNdataMatrix[378][0]	ref	i18n.words_legacy_monolith:ParametersMain.primvielfache
i18n.words_legacy_monolith	paraNdataMatrix[378][1]	tuple	2
i18n.words_legacy_monolith	paraNdataMatrix[378][1][0]	str	motifs_uniform_polygons
i18n.words_legacy_monolith	paraNdataMatrix[378][1][1]	str	motifRegularPolygons
i18n.words_legacy_monolith	paraNdataMatrix[378][2]	set	0
i18n.words_legacy_monolith	paraNdataMatrix[378][3]	set	0
i18n.words_legacy_monolith	paraNdataMatrix[378][4]	set	0
i18n.words_legacy_monolith	paraNdataMatrix[378][5]	set	0
i18n.words_legacy_monolith	paraNdataMatrix[378][6]	set	0
i18n.words_legacy_monolith	paraNdataMatrix[378][7]	set	0
i18n.words_legacy_monolith	paraNdataMatrix[378][8]	set	0
i18n.words_legacy_monolith	paraNdataMatrix[378][9]	set	1
i18n.words_legacy_monolith	paraNdataMatrix[378][9][0]	str	primMotivGleichf
i18n.words_legacy_monolith	paraNdataMatrix[379]	tuple	10
i18n.words_legacy_monolith	paraNdataMatrix[379][0]	ref	i18n.words_legacy_monolith:ParametersMain.primvielfache
i18n.words_legacy_monolith	paraNdataMatrix[379][1]	tuple	2
i18n.words_legacy_monolith	paraNdataMatrix[379][1][0]	str	structure_regular_polygons
i18n.words_legacy_monolith	paraNdataMatrix[379][1][1]	str	structureRegularPolygons
i18n.words_legacy_monolith	paraNdataMatrix[379][2]	set	0
i18n.words_legacy_monolith	paraNdataMatrix[379][3]	set	0
i18n.words_legacy_monolith	paraNdataMatrix[379][4]	set	0
i18n.words_legacy_monolith	paraNdataMatrix[379][5]	set	0
i18n.words_legacy_monolith	paraNdataMatrix[379][6]	set	0
i18n.words_legacy_monolith	paraNdataMatrix[379][7]	set	0
i18n.words_legacy_monolith	paraNdataMatrix[379][8]	set	0
i18n.words_legacy_monolith	paraNdataMatrix[379][9]	set	1
i18n.words_legacy_monolith	paraNdataMatrix[379][9][0]	str	primStrukGleichf
i18n.words_legacy_monolith	paraNdataMatrix[380]	tuple	10
i18n.words_legacy_monolith	paraNdataMatrix[380][0]	ref	i18n.words_legacy_monolith:ParametersMain.primvielfache
i18n.words_legacy_monolith	paraNdataMatrix[380][1]	tuple	2
i18n.words_legacy_monolith	paraNdataMatrix[380][1][0]	str	Motifs_starpolygons
i18n.words_legacy_monolith	paraNdataMatrix[380][1][1]	str	motifStar
i18n.words_legacy_monolith	paraNdataMatrix[380][2]	set	0
i18n.words_legacy_monolith	paraNdataMatrix[380][3]	set	0
i18n.words_legacy_monolith	paraNdataMatrix[380][4]	set	0
i18n.words_legacy_monolith	paraNdataMatrix[380][5]	set	0
i18n.words_legacy_monolith	paraNdataMatrix[380][6]	set	0
i18n.words_legacy_monolith	paraNdataMatrix[380][7]	set	0
i18n.words_legacy_monolith	paraNdataMatrix[380][8]	set	0
i18n.words_legacy_monolith	paraNdataMatrix[380][9]	set	1
i18n.words_legacy_monolith	paraNdataMatrix[380][9][0]	str	primMotivStern
i18n.words_legacy_monolith	paraNdataMatrix[381]	tuple	10
i18n.words_legacy_monolith	paraNdataMatrix[381][0]	ref	i18n.words_legacy_monolith:ParametersMain.primvielfache
i18n.words_legacy_monolith	paraNdataMatrix[381][1]	tuple	2
i18n.words_legacy_monolith	paraNdataMatrix[381][1][0]	str	structure_star_polygons
i18n.words_legacy_monolith	paraNdataMatrix[381][1][1]	str	structureStar
i18n.words_legacy_monolith	paraNdataMatrix[381][2]	set	0
i18n.words_legacy_monolith	paraNdataMatrix[381][3]	set	0
i18n.words_legacy_monolith	paraNdataMatrix[381][4]	set	0
i18n.words_legacy_monolith	paraNdataMatrix[381][5]	set	0
i18n.words_legacy_monolith	paraNdataMatrix[381][6]	set	0
i18n.words_legacy_monolith	paraNdataMatrix[381][7]	set	0
i18n.words_legacy_monolith	paraNdataMatrix[381][8]	set	0
i18n.words_legacy_monolith	paraNdataMatrix[381][9]	set	1
i18n.words_legacy_monolith	paraNdataMatrix[381][9][0]	str	primStrukStern
i18n.words_legacy_monolith	paraNdataMatrix[382]	tuple	10
i18n.words_legacy_monolith	paraNdataMatrix[382][0]	ref	i18n.words_legacy_monolith:ParametersMain.primvielfache
i18n.words_legacy_monolith	paraNdataMatrix[382][1]	tuple	2
i18n.words_legacy_monolith	paraNdataMatrix[382][1][0]	str	motif_star_polygon_fractioned-rational
i18n.words_legacy_monolith	paraNdataMatrix[382][1][1]	str	motifStar
i18n.words_legacy_monolith	paraNdataMatrix[382][2]	set	0
i18n.words_legacy_monolith	paraNdataMatrix[382][3]	set	0
i18n.words_legacy_monolith	paraNdataMatrix[382][4]	set	0
i18n.words_legacy_monolith	paraNdataMatrix[382][5]	set	0
i18n.words_legacy_monolith	paraNdataMatrix[382][6]	set	0
i18n.words_legacy_monolith	paraNdataMatrix[382][7]	set	0
i18n.words_legacy_monolith	paraNdataMatrix[382][8]	set	0
i18n.words_legacy_monolith	paraNdataMatrix[382][9]	set	1
i18n.words_legacy_monolith	paraNdataMatrix[382][9][0]	str	primMotivSternGebr
i18n.words_legacy_monolith	paraNdataMatrix[383]	tuple	10
i18n.words_legacy_monolith	paraNdataMatrix[383][0]	ref	i18n.words_legacy_monolith:ParametersMain.primvielfache
i18n.words_legacy_monolith	paraNdataMatrix[383][1]	tuple	2
i18n.words_legacy_monolith	paraNdataMatrix[383][1][0]	str	structure_star_polygon_fractioned-rational
i18n.words_legacy_monolith	paraNdataMatrix[383][1][1]	str	strukgebrstern
i18n.words_legacy_monolith	paraNdataMatrix[383][2]	set	0
i18n.words_legacy_monolith	paraNdataMatrix[383][3]	set	0
i18n.words_legacy_monolith	paraNdataMatrix[383][4]	set	0
i18n.words_legacy_monolith	paraNdataMatrix[383][5]	set	0
i18n.words_legacy_monolith	paraNdataMatrix[383][6]	set	0
i18n.words_legacy_monolith	paraNdataMatrix[383][7]	set	0
i18n.words_legacy_monolith	paraNdataMatrix[383][8]	set	0
i18n.words_legacy_monolith	paraNdataMatrix[383][9]	set	1
i18n.words_legacy_monolith	paraNdataMatrix[383][9][0]	str	primStrukSternGebr
i18n.words_legacy_monolith	paraNdataMatrix[384]	tuple	10
i18n.words_legacy_monolith	paraNdataMatrix[384][0]	ref	i18n.words_legacy_monolith:ParametersMain.primvielfache
i18n.words_legacy_monolith	paraNdataMatrix[384][1]	tuple	2
i18n.words_legacy_monolith	paraNdataMatrix[384][1][0]	str	motif_regular_polygons_fractioned-rational
i18n.words_legacy_monolith	paraNdataMatrix[384][1][1]	str	motifRegularf
i18n.words_legacy_monolith	paraNdataMatrix[384][2]	set	0
i18n.words_legacy_monolith	paraNdataMatrix[384][3]	set	0
i18n.words_legacy_monolith	paraNdataMatrix[384][4]	set	0
i18n.words_legacy_monolith	paraNdataMatrix[384][5]	set	0
i18n.words_legacy_monolith	paraNdataMatrix[384][6]	set	0
i18n.words_legacy_monolith	paraNdataMatrix[384][7]	set	0
i18n.words_legacy_monolith	paraNdataMatrix[384][8]	set	0
i18n.words_legacy_monolith	paraNdataMatrix[384][9]	set	1
i18n.words_legacy_monolith	paraNdataMatrix[384][9][0]	str	primMotivGleichfGebr
i18n.words_legacy_monolith	paraNdataMatrix[385]	tuple	10
i18n.words_legacy_monolith	paraNdataMatrix[385][0]	ref	i18n.words_legacy_monolith:ParametersMain.primvielfache
i18n.words_legacy_monolith	paraNdataMatrix[385][1]	tuple	2
i18n.words_legacy_monolith	paraNdataMatrix[385][1][0]	str	structure_regular_polygons_fractioned-rationall
i18n.words_legacy_monolith	paraNdataMatrix[385][1][1]	str	structureRegularF
i18n.words_legacy_monolith	paraNdataMatrix[385][2]	set	0
i18n.words_legacy_monolith	paraNdataMatrix[385][3]	set	0
i18n.words_legacy_monolith	paraNdataMatrix[385][4]	set	0
i18n.words_legacy_monolith	paraNdataMatrix[385][5]	set	0
i18n.words_legacy_monolith	paraNdataMatrix[385][6]	set	0
i18n.words_legacy_monolith	paraNdataMatrix[385][7]	set	0
i18n.words_legacy_monolith	paraNdataMatrix[385][8]	set	0
i18n.words_legacy_monolith	paraNdataMatrix[385][9]	set	1
i18n.words_legacy_monolith	paraNdataMatrix[385][9][0]	str	primStrukGleichfGebr
i18n.words_legacy_monolith	paraNdataMatrix[386]	tuple	10
i18n.words_legacy_monolith	paraNdataMatrix[386][0]	ref	i18n.words_legacy_monolith:ParametersMain.primvielfache
i18n.words_legacy_monolith	paraNdataMatrix[386][1]	tuple	1
i18n.words_legacy_monolith	paraNdataMatrix[386][1][0]	str	described
i18n.words_legacy_monolith	paraNdataMatrix[386][2]	set	0
i18n.words_legacy_monolith	paraNdataMatrix[386][3]	set	0
i18n.words_legacy_monolith	paraNdataMatrix[386][4]	set	0
i18n.words_legacy_monolith	paraNdataMatrix[386][5]	set	0
i18n.words_legacy_monolith	paraNdataMatrix[386][6]	set	0
i18n.words_legacy_monolith	paraNdataMatrix[386][7]	set	0
i18n.words_legacy_monolith	paraNdataMatrix[386][8]	set	0
i18n.words_legacy_monolith	paraNdataMatrix[386][9]	set	1
i18n.words_legacy_monolith	paraNdataMatrix[386][9][0]	str	PrimCSV
i18n.words_legacy_monolith	paraNdataMatrix[387]	tuple	3
i18n.words_legacy_monolith	paraNdataMatrix[387][0]	ref	i18n.words_legacy_monolith:ParametersMain.kontinuum
i18n.words_legacy_monolith	paraNdataMatrix[387][1]	tuple	3
i18n.words_legacy_monolith	paraNdataMatrix[387][1][0]	str	Q
i18n.words_legacy_monolith	paraNdataMatrix[387][1][1]	str	q
i18n.words_legacy_monolith	paraNdataMatrix[387][1][2]	str	Seventeen
i18n.words_legacy_monolith	paraNdataMatrix[387][2]	set	20
i18n.words_legacy_monolith	paraNdataMatrix[387][2][0]	int	431
i18n.words_legacy_monolith	paraNdataMatrix[387][2][1]	int	432
i18n.words_legacy_monolith	paraNdataMatrix[387][2][2]	int	433
i18n.words_legacy_monolith	paraNdataMatrix[387][2][3]	int	434
i18n.words_legacy_monolith	paraNdataMatrix[387][2][4]	int	437
i18n.words_legacy_monolith	paraNdataMatrix[387][2][5]	int	441
i18n.words_legacy_monolith	paraNdataMatrix[387][2][6]	int	442
i18n.words_legacy_monolith	paraNdataMatrix[387][2][7]	int	443
i18n.words_legacy_monolith	paraNdataMatrix[387][2][8]	int	445
i18n.words_legacy_monolith	paraNdataMatrix[387][2][9]	int	450
i18n.words_legacy_monolith	paraNdataMatrix[387][2][10]	int	467
i18n.words_legacy_monolith	paraNdataMatrix[387][2][11]	int	468
i18n.words_legacy_monolith	paraNdataMatrix[387][2][12]	int	469
i18n.words_legacy_monolith	paraNdataMatrix[387][2][13]	int	487
i18n.words_legacy_monolith	paraNdataMatrix[387][2][14]	int	488
i18n.words_legacy_monolith	paraNdataMatrix[387][2][15]	int	544
i18n.words_legacy_monolith	paraNdataMatrix[387][2][16]	int	570
i18n.words_legacy_monolith	paraNdataMatrix[387][2][17]	int	590
i18n.words_legacy_monolith	paraNdataMatrix[387][2][18]	int	616
i18n.words_legacy_monolith	paraNdataMatrix[387][2][19]	int	700
i18n.words_legacy_monolith	paraNdataMatrix[388]	tuple	3
i18n.words_legacy_monolith	paraNdataMatrix[388][0]	ref	i18n.words_legacy_monolith:ParametersMain.kontinuum
i18n.words_legacy_monolith	paraNdataMatrix[388][1]	tuple	3
i18n.words_legacy_monolith	paraNdataMatrix[388][1][0]	str	AB
i18n.words_legacy_monolith	paraNdataMatrix[388][1][1]	str	ab
i18n.words_legacy_monolith	paraNdataMatrix[388][1][2]	str	Achtundzwanzig
i18n.words_legacy_monolith	paraNdataMatrix[388][2]	set	2
i18n.words_legacy_monolith	paraNdataMatrix[388][2][0]	int	583
i18n.words_legacy_monolith	paraNdataMatrix[388][2][1]	int	587
i18n.words_legacy_monolith	paraNdataMatrix[389]	tuple	3
i18n.words_legacy_monolith	paraNdataMatrix[389][0]	ref	i18n.words_legacy_monolith:ParametersMain.kontinuum
i18n.words_legacy_monolith	paraNdataMatrix[389][1]	tuple	3
i18n.words_legacy_monolith	paraNdataMatrix[389][1][0]	str	Z
i18n.words_legacy_monolith	paraNdataMatrix[389][1][1]	str	z
i18n.words_legacy_monolith	paraNdataMatrix[389][1][2]	str	Sechsundzwanzig
i18n.words_legacy_monolith	paraNdataMatrix[389][2]	set	1
i18n.words_legacy_monolith	paraNdataMatrix[389][2][0]	int	543
i18n.words_legacy_monolith	paraNdataMatrix[390]	tuple	3
i18n.words_legacy_monolith	paraNdataMatrix[390][0]	ref	i18n.words_legacy_monolith:ParametersMain.kontinuum
i18n.words_legacy_monolith	paraNdataMatrix[390][1]	tuple	3
i18n.words_legacy_monolith	paraNdataMatrix[390][1][0]	str	AA
i18n.words_legacy_monolith	paraNdataMatrix[390][1][1]	str	aa
i18n.words_legacy_monolith	paraNdataMatrix[390][1][2]	str	Sechsundzwanzig
i18n.words_legacy_monolith	paraNdataMatrix[390][2]	set	3
i18n.words_legacy_monolith	paraNdataMatrix[390][2][0]	int	558
i18n.words_legacy_monolith	paraNdataMatrix[390][2][1]	int	559
i18n.words_legacy_monolith	paraNdataMatrix[390][2][2]	int	560
i18n.words_legacy_monolith	paraNdataMatrix[391]	tuple	3
i18n.words_legacy_monolith	paraNdataMatrix[391][0]	ref	i18n.words_legacy_monolith:ParametersMain.kontinuum
i18n.words_legacy_monolith	paraNdataMatrix[391][1]	tuple	3
i18n.words_legacy_monolith	paraNdataMatrix[391][1][0]	str	i
i18n.words_legacy_monolith	paraNdataMatrix[391][1][1]	str	I
i18n.words_legacy_monolith	paraNdataMatrix[391][1][2]	str	Nine
i18n.words_legacy_monolith	paraNdataMatrix[391][2]	set	3
i18n.words_legacy_monolith	paraNdataMatrix[391][2][0]	int	517
i18n.words_legacy_monolith	paraNdataMatrix[391][2][1]	int	565
i18n.words_legacy_monolith	paraNdataMatrix[391][2][2]	int	681
i18n.words_legacy_monolith	paraNdataMatrix[392]	tuple	3
i18n.words_legacy_monolith	paraNdataMatrix[392][0]	ref	i18n.words_legacy_monolith:ParametersMain.kontinuum
i18n.words_legacy_monolith	paraNdataMatrix[392][1]	tuple	3
i18n.words_legacy_monolith	paraNdataMatrix[392][1][0]	str	G
i18n.words_legacy_monolith	paraNdataMatrix[392][1][1]	str	g
i18n.words_legacy_monolith	paraNdataMatrix[392][1][2]	str	Seven
i18n.words_legacy_monolith	paraNdataMatrix[392][2]	set	1
i18n.words_legacy_monolith	paraNdataMatrix[392][2][0]	int	518
i18n.words_legacy_monolith	paraNdataMatrix[393]	tuple	3
i18n.words_legacy_monolith	paraNdataMatrix[393][0]	ref	i18n.words_legacy_monolith:ParametersMain.kontinuum
i18n.words_legacy_monolith	paraNdataMatrix[393][1]	tuple	3
i18n.words_legacy_monolith	paraNdataMatrix[393][1][0]	str	J
i18n.words_legacy_monolith	paraNdataMatrix[393][1][1]	str	j
i18n.words_legacy_monolith	paraNdataMatrix[393][1][2]	str	Ten
i18n.words_legacy_monolith	paraNdataMatrix[393][2]	set	1
i18n.words_legacy_monolith	paraNdataMatrix[393][2][0]	int	514
i18n.words_legacy_monolith	paraNdataMatrix[394]	tuple	3
i18n.words_legacy_monolith	paraNdataMatrix[394][0]	ref	i18n.words_legacy_monolith:ParametersMain.kontinuum
i18n.words_legacy_monolith	paraNdataMatrix[394][1]	tuple	3
i18n.words_legacy_monolith	paraNdataMatrix[394][1][0]	str	k
i18n.words_legacy_monolith	paraNdataMatrix[394][1][1]	str	K
i18n.words_legacy_monolith	paraNdataMatrix[394][1][2]	str	eleven
i18n.words_legacy_monolith	paraNdataMatrix[394][2]	set	6
i18n.words_legacy_monolith	paraNdataMatrix[394][2][0]	int	515
i18n.words_legacy_monolith	paraNdataMatrix[394][2][1]	int	577
i18n.words_legacy_monolith	paraNdataMatrix[394][2][2]	int	578
i18n.words_legacy_monolith	paraNdataMatrix[394][2][3]	int	705
i18n.words_legacy_monolith	paraNdataMatrix[394][2][4]	int	706
i18n.words_legacy_monolith	paraNdataMatrix[394][2][5]	int	707
i18n.words_legacy_monolith	paraNdataMatrix[395]	tuple	3
i18n.words_legacy_monolith	paraNdataMatrix[395][0]	ref	i18n.words_legacy_monolith:ParametersMain.kontinuum
i18n.words_legacy_monolith	paraNdataMatrix[395][1]	tuple	3
i18n.words_legacy_monolith	paraNdataMatrix[395][1][0]	str	E
i18n.words_legacy_monolith	paraNdataMatrix[395][1][1]	str	e
i18n.words_legacy_monolith	paraNdataMatrix[395][1][2]	str	Fife
i18n.words_legacy_monolith	paraNdataMatrix[395][2]	set	1
i18n.words_legacy_monolith	paraNdataMatrix[395][2][0]	int	511
i18n.words_legacy_monolith	paraNdataMatrix[396]	tuple	3
i18n.words_legacy_monolith	paraNdataMatrix[396][0]	ref	i18n.words_legacy_monolith:ParametersMain.kontinuum
i18n.words_legacy_monolith	paraNdataMatrix[396][1]	tuple	3
i18n.words_legacy_monolith	paraNdataMatrix[396][1][0]	str	L
i18n.words_legacy_monolith	paraNdataMatrix[396][1][1]	str	l
i18n.words_legacy_monolith	paraNdataMatrix[396][1][2]	str	Twelve
i18n.words_legacy_monolith	paraNdataMatrix[396][2]	set	1
i18n.words_legacy_monolith	paraNdataMatrix[396][2][0]	int	506
i18n.words_legacy_monolith	paraNdataMatrix[397]	tuple	3
i18n.words_legacy_monolith	paraNdataMatrix[397][0]	ref	i18n.words_legacy_monolith:ParametersMain.kontinuum
i18n.words_legacy_monolith	paraNdataMatrix[397][1]	tuple	3
i18n.words_legacy_monolith	paraNdataMatrix[397][1][0]	str	AU
i18n.words_legacy_monolith	paraNdataMatrix[397][1][1]	str	au
i18n.words_legacy_monolith	paraNdataMatrix[397][1][2]	str	Siebenundvierzig
i18n.words_legacy_monolith	paraNdataMatrix[397][2]	set	1
i18n.words_legacy_monolith	paraNdataMatrix[397][2][0]	int	532
i18n.words_legacy_monolith	paraNdataMatrix[398]	tuple	3
i18n.words_legacy_monolith	paraNdataMatrix[398][0]	ref	i18n.words_legacy_monolith:ParametersMain.kontinuum
i18n.words_legacy_monolith	paraNdataMatrix[398][1]	tuple	3
i18n.words_legacy_monolith	paraNdataMatrix[398][1][0]	str	AK
i18n.words_legacy_monolith	paraNdataMatrix[398][1][1]	str	ak
i18n.words_legacy_monolith	paraNdataMatrix[398][1][2]	str	Siebenunddreissig
i18n.words_legacy_monolith	paraNdataMatrix[398][2]	set	1
i18n.words_legacy_monolith	paraNdataMatrix[398][2][0]	int	531
i18n.words_legacy_monolith	paraNdataMatrix[399]	tuple	3
i18n.words_legacy_monolith	paraNdataMatrix[399][0]	ref	i18n.words_legacy_monolith:ParametersMain.kontinuum
i18n.words_legacy_monolith	paraNdataMatrix[399][1]	tuple	3
i18n.words_legacy_monolith	paraNdataMatrix[399][1][0]	str	AE
i18n.words_legacy_monolith	paraNdataMatrix[399][1][1]	str	ae
i18n.words_legacy_monolith	paraNdataMatrix[399][1][2]	str	Einunddreissig
i18n.words_legacy_monolith	paraNdataMatrix[399][2]	set	3
i18n.words_legacy_monolith	paraNdataMatrix[399][2][0]	int	530
i18n.words_legacy_monolith	paraNdataMatrix[399][2][1]	int	612
i18n.words_legacy_monolith	paraNdataMatrix[399][2][2]	int	613
i18n.words_legacy_monolith	paraNdataMatrix[400]	tuple	3
i18n.words_legacy_monolith	paraNdataMatrix[400][0]	ref	i18n.words_legacy_monolith:ParametersMain.kontinuum
i18n.words_legacy_monolith	paraNdataMatrix[400][1]	tuple	3
i18n.words_legacy_monolith	paraNdataMatrix[400][1][0]	str	AD
i18n.words_legacy_monolith	paraNdataMatrix[400][1][1]	str	ad
i18n.words_legacy_monolith	paraNdataMatrix[400][1][2]	str	Dreissig
i18n.words_legacy_monolith	paraNdataMatrix[400][2]	set	3
i18n.words_legacy_monolith	paraNdataMatrix[400][2][0]	int	529
i18n.words_legacy_monolith	paraNdataMatrix[400][2][1]	int	547
i18n.words_legacy_monolith	paraNdataMatrix[400][2][2]	int	614
i18n.words_legacy_monolith	paraNdataMatrix[401]	tuple	3
i18n.words_legacy_monolith	paraNdataMatrix[401][0]	ref	i18n.words_legacy_monolith:ParametersMain.universum
i18n.words_legacy_monolith	paraNdataMatrix[401][1]	tuple	2
i18n.words_legacy_monolith	paraNdataMatrix[401][1][0]	str	Morphismen
i18n.words_legacy_monolith	paraNdataMatrix[401][1][1]	str	morphismus
i18n.words_legacy_monolith	paraNdataMatrix[401][2]	set	1
i18n.words_legacy_monolith	paraNdataMatrix[401][2][0]	int	727
i18n.words_legacy_monolith	paraNdataMatrix[402]	tuple	3
i18n.words_legacy_monolith	paraNdataMatrix[402][0]	ref	i18n.words_legacy_monolith:ParametersMain.kontinuum
i18n.words_legacy_monolith	paraNdataMatrix[402][1]	tuple	3
i18n.words_legacy_monolith	paraNdataMatrix[402][1][0]	str	AC
i18n.words_legacy_monolith	paraNdataMatrix[402][1][1]	str	ac
i18n.words_legacy_monolith	paraNdataMatrix[402][1][2]	str	Neunundzwanzig
i18n.words_legacy_monolith	paraNdataMatrix[402][2]	set	3
i18n.words_legacy_monolith	paraNdataMatrix[402][2][0]	int	528
i18n.words_legacy_monolith	paraNdataMatrix[402][2][1]	int	586
i18n.words_legacy_monolith	paraNdataMatrix[402][2][2]	int	727
i18n.words_legacy_monolith	paraNdataMatrix[403]	tuple	3
i18n.words_legacy_monolith	paraNdataMatrix[403][0]	ref	i18n.words_legacy_monolith:ParametersMain.kontinuum
i18n.words_legacy_monolith	paraNdataMatrix[403][1]	tuple	3
i18n.words_legacy_monolith	paraNdataMatrix[403][1][0]	str	AT
i18n.words_legacy_monolith	paraNdataMatrix[403][1][1]	str	at
i18n.words_legacy_monolith	paraNdataMatrix[403][1][2]	str	Sechsundvierzig
i18n.words_legacy_monolith	paraNdataMatrix[403][2]	set	1
i18n.words_legacy_monolith	paraNdataMatrix[403][2][0]	int	568
i18n.words_legacy_monolith	paraNdataMatrix[404]	tuple	3
i18n.words_legacy_monolith	paraNdataMatrix[404][0]	ref	i18n.words_legacy_monolith:ParametersMain.kontinuum
i18n.words_legacy_monolith	paraNdataMatrix[404][1]	tuple	3
i18n.words_legacy_monolith	paraNdataMatrix[404][1][0]	str	W
i18n.words_legacy_monolith	paraNdataMatrix[404][1][1]	str	w
i18n.words_legacy_monolith	paraNdataMatrix[404][1][2]	str	Dreiundzwanzig
i18n.words_legacy_monolith	paraNdataMatrix[404][2]	set	2
i18n.words_legacy_monolith	paraNdataMatrix[404][2][0]	int	527
i18n.words_legacy_monolith	paraNdataMatrix[404][2][1]	int	567
i18n.words_legacy_monolith	paraNdataMatrix[405]	tuple	3
i18n.words_legacy_monolith	paraNdataMatrix[405][0]	ref	i18n.words_legacy_monolith:ParametersMain.kontinuum
i18n.words_legacy_monolith	paraNdataMatrix[405][1]	tuple	3
i18n.words_legacy_monolith	paraNdataMatrix[405][1][0]	str	Y
i18n.words_legacy_monolith	paraNdataMatrix[405][1][1]	str	y
i18n.words_legacy_monolith	paraNdataMatrix[405][1][2]	str	fifetyfife
i18n.words_legacy_monolith	paraNdataMatrix[405][2]	set	2
i18n.words_legacy_monolith	paraNdataMatrix[405][2][0]	int	507
i18n.words_legacy_monolith	paraNdataMatrix[405][2][1]	int	510
i18n.words_legacy_monolith	paraNdataMatrix[406]	tuple	3
i18n.words_legacy_monolith	paraNdataMatrix[406][0]	ref	i18n.words_legacy_monolith:ParametersMain.kontinuum
i18n.words_legacy_monolith	paraNdataMatrix[406][1]	tuple	4
i18n.words_legacy_monolith	paraNdataMatrix[406][1][0]	str	continuums
i18n.words_legacy_monolith	paraNdataMatrix[406][1][1]	str	F
i18n.words_legacy_monolith	paraNdataMatrix[406][1][2]	str	f
i18n.words_legacy_monolith	paraNdataMatrix[406][1][3]	str	Sechs
i18n.words_legacy_monolith	paraNdataMatrix[406][2]	set	1
i18n.words_legacy_monolith	paraNdataMatrix[406][2][0]	int	508
i18n.words_legacy_monolith	paraNdataMatrix[407]	tuple	3
i18n.words_legacy_monolith	paraNdataMatrix[407][0]	ref	i18n.words_legacy_monolith:ParametersMain.kontinuum
i18n.words_legacy_monolith	paraNdataMatrix[407][1]	tuple	4
i18n.words_legacy_monolith	paraNdataMatrix[407][1][0]	str	F
i18n.words_legacy_monolith	paraNdataMatrix[407][1][1]	str	f
i18n.words_legacy_monolith	paraNdataMatrix[407][1][2]	str	Sechs
i18n.words_legacy_monolith	paraNdataMatrix[407][1][3]	str	continuums
i18n.words_legacy_monolith	paraNdataMatrix[407][2]	set	1
i18n.words_legacy_monolith	paraNdataMatrix[407][2][0]	int	508
i18n.words_legacy_monolith	paraNdataMatrix[408]	tuple	3
i18n.words_legacy_monolith	paraNdataMatrix[408][0]	ref	i18n.words_legacy_monolith:ParametersMain.kontinuum
i18n.words_legacy_monolith	paraNdataMatrix[408][1]	tuple	3
i18n.words_legacy_monolith	paraNdataMatrix[408][1][0]	str	O
i18n.words_legacy_monolith	paraNdataMatrix[408][1][1]	str	o
i18n.words_legacy_monolith	paraNdataMatrix[408][1][2]	str	fifeteen
i18n.words_legacy_monolith	paraNdataMatrix[408][2]	set	1
i18n.words_legacy_monolith	paraNdataMatrix[408][2][0]	int	5
i18n.words_legacy_monolith	paraNdataMatrix[409]	tuple	3
i18n.words_legacy_monolith	paraNdataMatrix[409][0]	ref	i18n.words_legacy_monolith:ParametersMain.kontinuum
i18n.words_legacy_monolith	paraNdataMatrix[409][1]	tuple	3
i18n.words_legacy_monolith	paraNdataMatrix[409][1][0]	str	H
i18n.words_legacy_monolith	paraNdataMatrix[409][1][1]	str	h
i18n.words_legacy_monolith	paraNdataMatrix[409][1][2]	str	Eight
i18n.words_legacy_monolith	paraNdataMatrix[409][2]	set	1
i18n.words_legacy_monolith	paraNdataMatrix[409][2][0]	int	491
i18n.words_legacy_monolith	paraNdataMatrix[410]	tuple	3
i18n.words_legacy_monolith	paraNdataMatrix[410][0]	ref	i18n.words_legacy_monolith:ParametersMain.kontinuum
i18n.words_legacy_monolith	paraNdataMatrix[410][1]	tuple	3
i18n.words_legacy_monolith	paraNdataMatrix[410][1][0]	str	N
i18n.words_legacy_monolith	paraNdataMatrix[410][1][1]	str	n
i18n.words_legacy_monolith	paraNdataMatrix[410][1][2]	str	fourteen
i18n.words_legacy_monolith	paraNdataMatrix[410][2]	set	1
i18n.words_legacy_monolith	paraNdataMatrix[410][2][0]	int	492
i18n.words_legacy_monolith	paraNdataMatrix[411]	tuple	3
i18n.words_legacy_monolith	paraNdataMatrix[411][0]	ref	i18n.words_legacy_monolith:ParametersMain.kontinuum
i18n.words_legacy_monolith	paraNdataMatrix[411][1]	tuple	3
i18n.words_legacy_monolith	paraNdataMatrix[411][1][0]	str	M
i18n.words_legacy_monolith	paraNdataMatrix[411][1][1]	str	m
i18n.words_legacy_monolith	paraNdataMatrix[411][1][2]	str	thirteen
i18n.words_legacy_monolith	paraNdataMatrix[411][2]	set	2
i18n.words_legacy_monolith	paraNdataMatrix[411][2][0]	int	493
i18n.words_legacy_monolith	paraNdataMatrix[411][2][1]	int	744
i18n.words_legacy_monolith	paraNdataMatrix[412]	tuple	3
i18n.words_legacy_monolith	paraNdataMatrix[412][0]	ref	i18n.words_legacy_monolith:ParametersMain.kontinuum
i18n.words_legacy_monolith	paraNdataMatrix[412][1]	tuple	3
i18n.words_legacy_monolith	paraNdataMatrix[412][1][0]	str	T
i18n.words_legacy_monolith	paraNdataMatrix[412][1][1]	str	t
i18n.words_legacy_monolith	paraNdataMatrix[412][1][2]	str	twenty
i18n.words_legacy_monolith	paraNdataMatrix[412][2]	set	3
i18n.words_legacy_monolith	paraNdataMatrix[412][2][0]	int	486
i18n.words_legacy_monolith	paraNdataMatrix[412][2][1]	int	571
i18n.words_legacy_monolith	paraNdataMatrix[412][2][2]	int	572
i18n.words_legacy_monolith	paraNdataMatrix[413]	tuple	3
i18n.words_legacy_monolith	paraNdataMatrix[413][0]	ref	i18n.words_legacy_monolith:ParametersMain.multiversum
i18n.words_legacy_monolith	paraNdataMatrix[413][1]	tuple	1
i18n.words_legacy_monolith	paraNdataMatrix[413][1][0]	str	Religionen_Kraefte_Krieg_der_Sterne_Star_Wars
i18n.words_legacy_monolith	paraNdataMatrix[413][2]	set	2
i18n.words_legacy_monolith	paraNdataMatrix[413][2][0]	int	584
i18n.words_legacy_monolith	paraNdataMatrix[413][2][1]	int	623
i18n.words_legacy_monolith	paraNdataMatrix[414]	tuple	3
i18n.words_legacy_monolith	paraNdataMatrix[414][0]	ref	i18n.words_legacy_monolith:ParametersMain.multiversum
i18n.words_legacy_monolith	paraNdataMatrix[414][1]	tuple	5
i18n.words_legacy_monolith	paraNdataMatrix[414][1][0]	str	P
i18n.words_legacy_monolith	paraNdataMatrix[414][1][1]	str	p
i18n.words_legacy_monolith	paraNdataMatrix[414][1][2]	str	Sixteen
i18n.words_legacy_monolith	paraNdataMatrix[414][1][3]	str	Dimensionen
i18n.words_legacy_monolith	paraNdataMatrix[414][1][4]	str	Multiversum_sind_die_Dimensionen
i18n.words_legacy_monolith	paraNdataMatrix[414][2]	set	6
i18n.words_legacy_monolith	paraNdataMatrix[414][2][0]	int	435
i18n.words_legacy_monolith	paraNdataMatrix[414][2][1]	int	569
i18n.words_legacy_monolith	paraNdataMatrix[414][2][2]	int	605
i18n.words_legacy_monolith	paraNdataMatrix[414][2][3]	int	637
i18n.words_legacy_monolith	paraNdataMatrix[414][2][4]	int	663
i18n.words_legacy_monolith	paraNdataMatrix[414][2][5]	int	691
i18n.words_legacy_monolith	paraNdataMatrix[415]	tuple	3
i18n.words_legacy_monolith	paraNdataMatrix[415][0]	ref	i18n.words_legacy_monolith:ParametersMain.kontinuum
i18n.words_legacy_monolith	paraNdataMatrix[415][1]	tuple	3
i18n.words_legacy_monolith	paraNdataMatrix[415][1][0]	str	P5
i18n.words_legacy_monolith	paraNdataMatrix[415][1][1]	str	p5
i18n.words_legacy_monolith	paraNdataMatrix[415][1][2]	str	sixteen->fife
i18n.words_legacy_monolith	paraNdataMatrix[415][2]	set	1
i18n.words_legacy_monolith	paraNdataMatrix[415][2][0]	int	501
i18n.words_legacy_monolith	paraNdataMatrix[416]	tuple	3
i18n.words_legacy_monolith	paraNdataMatrix[416][0]	ref	i18n.words_legacy_monolith:ParametersMain.multiversum
i18n.words_legacy_monolith	paraNdataMatrix[416][1]	tuple	3
i18n.words_legacy_monolith	paraNdataMatrix[416][1][0]	str	P5
i18n.words_legacy_monolith	paraNdataMatrix[416][1][1]	str	p5
i18n.words_legacy_monolith	paraNdataMatrix[416][1][2]	str	sixteen->fife
i18n.words_legacy_monolith	paraNdataMatrix[416][2]	set	1
i18n.words_legacy_monolith	paraNdataMatrix[416][2][0]	int	501
i18n.words_legacy_monolith	paraNdataMatrix[417]	tuple	3
i18n.words_legacy_monolith	paraNdataMatrix[417][0]	ref	i18n.words_legacy_monolith:ParametersMain.kontinuum
i18n.words_legacy_monolith	paraNdataMatrix[417][1]	tuple	3
i18n.words_legacy_monolith	paraNdataMatrix[417][1][0]	str	P
i18n.words_legacy_monolith	paraNdataMatrix[417][1][1]	str	p
i18n.words_legacy_monolith	paraNdataMatrix[417][1][2]	str	Sixteen
i18n.words_legacy_monolith	paraNdataMatrix[417][2]	set	6
i18n.words_legacy_monolith	paraNdataMatrix[417][2][0]	int	435
i18n.words_legacy_monolith	paraNdataMatrix[417][2][1]	int	569
i18n.words_legacy_monolith	paraNdataMatrix[417][2][2]	int	605
i18n.words_legacy_monolith	paraNdataMatrix[417][2][3]	int	637
i18n.words_legacy_monolith	paraNdataMatrix[417][2][4]	int	663
i18n.words_legacy_monolith	paraNdataMatrix[417][2][5]	int	691
i18n.words_legacy_monolith	paraNdataMatrix[418]	tuple	3
i18n.words_legacy_monolith	paraNdataMatrix[418][0]	ref	i18n.words_legacy_monolith:ParametersMain.kontinuum
i18n.words_legacy_monolith	paraNdataMatrix[418][1]	tuple	3
i18n.words_legacy_monolith	paraNdataMatrix[418][1][0]	str	X
i18n.words_legacy_monolith	paraNdataMatrix[418][1][1]	str	x
i18n.words_legacy_monolith	paraNdataMatrix[418][1][2]	str	Twentyfour
i18n.words_legacy_monolith	paraNdataMatrix[418][2]	set	12
i18n.words_legacy_monolith	paraNdataMatrix[418][2][0]	int	25
i18n.words_legacy_monolith	paraNdataMatrix[418][2][1]	int	386
i18n.words_legacy_monolith	paraNdataMatrix[418][2][2]	int	436
i18n.words_legacy_monolith	paraNdataMatrix[418][2][3]	int	549
i18n.words_legacy_monolith	paraNdataMatrix[418][2][4]	int	55
i18n.words_legacy_monolith	paraNdataMatrix[418][2][5]	int	554
i18n.words_legacy_monolith	paraNdataMatrix[418][2][6]	int	565
i18n.words_legacy_monolith	paraNdataMatrix[418][2][7]	int	566
i18n.words_legacy_monolith	paraNdataMatrix[418][2][8]	int	591
i18n.words_legacy_monolith	paraNdataMatrix[418][2][9]	int	618
i18n.words_legacy_monolith	paraNdataMatrix[418][2][10]	int	619
i18n.words_legacy_monolith	paraNdataMatrix[418][2][11]	int	681
i18n.words_legacy_monolith	paraNdataMatrix[419]	tuple	3
i18n.words_legacy_monolith	paraNdataMatrix[419][0]	ref	i18n.words_legacy_monolith:ParametersMain.kontinuum
i18n.words_legacy_monolith	paraNdataMatrix[419][1]	tuple	3
i18n.words_legacy_monolith	paraNdataMatrix[419][1][0]	str	S
i18n.words_legacy_monolith	paraNdataMatrix[419][1][1]	str	s
i18n.words_legacy_monolith	paraNdataMatrix[419][1][2]	str	nineteen
i18n.words_legacy_monolith	paraNdataMatrix[419][2]	set	2
i18n.words_legacy_monolith	paraNdataMatrix[419][2][0]	int	504
i18n.words_legacy_monolith	paraNdataMatrix[419][2][1]	int	575
i18n.words_legacy_monolith	paraNdataMatrix[420]	tuple	3
i18n.words_legacy_monolith	paraNdataMatrix[420][0]	ref	i18n.words_legacy_monolith:ParametersMain.kontinuum
i18n.words_legacy_monolith	paraNdataMatrix[420][1]	tuple	3
i18n.words_legacy_monolith	paraNdataMatrix[420][1][0]	str	R
i18n.words_legacy_monolith	paraNdataMatrix[420][1][1]	str	r
i18n.words_legacy_monolith	paraNdataMatrix[420][1][2]	str	Eighteen
i18n.words_legacy_monolith	paraNdataMatrix[420][2]	set	4
i18n.words_legacy_monolith	paraNdataMatrix[420][2][0]	int	436
i18n.words_legacy_monolith	paraNdataMatrix[420][2][1]	int	451
i18n.words_legacy_monolith	paraNdataMatrix[420][2][2]	int	556
i18n.words_legacy_monolith	paraNdataMatrix[420][2][3]	int	618
i18n.words_legacy_monolith	paraNdataMatrix[421]	tuple	3
i18n.words_legacy_monolith	paraNdataMatrix[421][0]	ref	i18n.words_legacy_monolith:ParametersMain.kontinuum
i18n.words_legacy_monolith	paraNdataMatrix[421][1]	tuple	3
i18n.words_legacy_monolith	paraNdataMatrix[421][1][0]	str	A
i18n.words_legacy_monolith	paraNdataMatrix[421][1][1]	str	a
i18n.words_legacy_monolith	paraNdataMatrix[421][1][2]	str	one
i18n.words_legacy_monolith	paraNdataMatrix[421][2]	set	1
i18n.words_legacy_monolith	paraNdataMatrix[421][2][0]	int	446
i18n.words_legacy_monolith	paraNdataMatrix[422]	tuple	3
i18n.words_legacy_monolith	paraNdataMatrix[422][0]	ref	i18n.words_legacy_monolith:ParametersMain.kontinuum
i18n.words_legacy_monolith	paraNdataMatrix[422][1]	tuple	3
i18n.words_legacy_monolith	paraNdataMatrix[422][1][0]	str	B
i18n.words_legacy_monolith	paraNdataMatrix[422][1][1]	str	b
i18n.words_legacy_monolith	paraNdataMatrix[422][1][2]	str	two
i18n.words_legacy_monolith	paraNdataMatrix[422][2]	set	1
i18n.words_legacy_monolith	paraNdataMatrix[422][2][0]	int	447
i18n.words_legacy_monolith	paraNdataMatrix[423]	tuple	3
i18n.words_legacy_monolith	paraNdataMatrix[423][0]	ref	i18n.words_legacy_monolith:ParametersMain.kontinuum
i18n.words_legacy_monolith	paraNdataMatrix[423][1]	tuple	3
i18n.words_legacy_monolith	paraNdataMatrix[423][1][0]	str	C
i18n.words_legacy_monolith	paraNdataMatrix[423][1][1]	str	c
i18n.words_legacy_monolith	paraNdataMatrix[423][1][2]	str	Three
i18n.words_legacy_monolith	paraNdataMatrix[423][2]	set	1
i18n.words_legacy_monolith	paraNdataMatrix[423][2][0]	int	448
i18n.words_legacy_monolith	paraNdataMatrix[424]	tuple	3
i18n.words_legacy_monolith	paraNdataMatrix[424][0]	ref	i18n.words_legacy_monolith:ParametersMain.menschliches
i18n.words_legacy_monolith	paraNdataMatrix[424][1]	tuple	2
i18n.words_legacy_monolith	paraNdataMatrix[424][1][0]	str	Konservativismus
i18n.words_legacy_monolith	paraNdataMatrix[424][1][1]	str	konservativ
i18n.words_legacy_monolith	paraNdataMatrix[424][2]	set	6
i18n.words_legacy_monolith	paraNdataMatrix[424][2][0]	int	651
i18n.words_legacy_monolith	paraNdataMatrix[424][2][1]	int	652
i18n.words_legacy_monolith	paraNdataMatrix[424][2][2]	int	653
i18n.words_legacy_monolith	paraNdataMatrix[424][2][3]	int	654
i18n.words_legacy_monolith	paraNdataMatrix[424][2][4]	int	655
i18n.words_legacy_monolith	paraNdataMatrix[424][2][5]	int	656
i18n.words_legacy_monolith	paraNdataMatrix[425]	tuple	3
i18n.words_legacy_monolith	paraNdataMatrix[425][0]	ref	i18n.words_legacy_monolith:ParametersMain.menschliches
i18n.words_legacy_monolith	paraNdataMatrix[425][1]	tuple	4
i18n.words_legacy_monolith	paraNdataMatrix[425][1][0]	str	Meisterschaft
i18n.words_legacy_monolith	paraNdataMatrix[425][1][1]	str	Professioneller
i18n.words_legacy_monolith	paraNdataMatrix[425][1][2]	str	meister
i18n.words_legacy_monolith	paraNdataMatrix[425][1][3]	str	profi
i18n.words_legacy_monolith	paraNdataMatrix[425][2]	set	1
i18n.words_legacy_monolith	paraNdataMatrix[425][2][0]	int	596
i18n.words_legacy_monolith	paraNdataMatrix[426]	tuple	3
i18n.words_legacy_monolith	paraNdataMatrix[426][0]	ref	i18n.words_legacy_monolith:ParametersMain.menschliches
i18n.words_legacy_monolith	paraNdataMatrix[426][1]	tuple	3
i18n.words_legacy_monolith	paraNdataMatrix[426][1][0]	str	management
i18n.words_legacy_monolith	paraNdataMatrix[426][1][1]	str	managen
i18n.words_legacy_monolith	paraNdataMatrix[426][1][2]	str	handhaben
i18n.words_legacy_monolith	paraNdataMatrix[426][2]	set	1
i18n.words_legacy_monolith	paraNdataMatrix[426][2][0]	int	658
i18n.words_legacy_monolith	paraNdataMatrix[427]	tuple	3
i18n.words_legacy_monolith	paraNdataMatrix[427][0]	ref	i18n.words_legacy_monolith:ParametersMain.menschliches
i18n.words_legacy_monolith	paraNdataMatrix[427][1]	tuple	2
i18n.words_legacy_monolith	paraNdataMatrix[427][1][0]	str	Evolution
i18n.words_legacy_monolith	paraNdataMatrix[427][1][1]	str	intelligent_Design
i18n.words_legacy_monolith	paraNdataMatrix[427][2]	set	1
i18n.words_legacy_monolith	paraNdataMatrix[427][2][0]	int	657
i18n.words_legacy_monolith	paraNdataMatrix[428]	tuple	3
i18n.words_legacy_monolith	paraNdataMatrix[428][0]	ref	i18n.words_legacy_monolith:ParametersMain.menschliches
i18n.words_legacy_monolith	paraNdataMatrix[428][1]	tuple	2
i18n.words_legacy_monolith	paraNdataMatrix[428][1][0]	str	Karriere
i18n.words_legacy_monolith	paraNdataMatrix[428][1][1]	str	karriere
i18n.words_legacy_monolith	paraNdataMatrix[428][2]	set	6
i18n.words_legacy_monolith	paraNdataMatrix[428][2][0]	int	595
i18n.words_legacy_monolith	paraNdataMatrix[428][2][1]	int	597
i18n.words_legacy_monolith	paraNdataMatrix[428][2][2]	int	712
i18n.words_legacy_monolith	paraNdataMatrix[428][2][3]	int	713
i18n.words_legacy_monolith	paraNdataMatrix[428][2][4]	int	714
i18n.words_legacy_monolith	paraNdataMatrix[428][2][5]	int	715
i18n.words_legacy_monolith	paraNdataMatrix[429]	tuple	3
i18n.words_legacy_monolith	paraNdataMatrix[429][0]	ref	i18n.words_legacy_monolith:ParametersMain.menschliches
i18n.words_legacy_monolith	paraNdataMatrix[429][1]	tuple	2
i18n.words_legacy_monolith	paraNdataMatrix[429][1][0]	str	Eliten
i18n.words_legacy_monolith	paraNdataMatrix[429][1][1]	str	elite
i18n.words_legacy_monolith	paraNdataMatrix[429][2]	set	1
i18n.words_legacy_monolith	paraNdataMatrix[429][2][0]	int	585
i18n.words_legacy_monolith	paraNdataMatrix[430]	tuple	3
i18n.words_legacy_monolith	paraNdataMatrix[430][0]	ref	i18n.words_legacy_monolith:ParametersMain.kontinuum
i18n.words_legacy_monolith	paraNdataMatrix[430][1]	tuple	3
i18n.words_legacy_monolith	paraNdataMatrix[430][1][0]	str	D
i18n.words_legacy_monolith	paraNdataMatrix[430][1][1]	str	d
i18n.words_legacy_monolith	paraNdataMatrix[430][1][2]	str	Four
i18n.words_legacy_monolith	paraNdataMatrix[430][2]	set	2
i18n.words_legacy_monolith	paraNdataMatrix[430][2][0]	int	449
i18n.words_legacy_monolith	paraNdataMatrix[430][2][1]	int	585
i18n.words_legacy_monolith	kombiParaNdataMatrix	ordereddict	12
i18n.words_legacy_monolith	kombiParaNdataMatrix[0].key	int	1
i18n.words_legacy_monolith	kombiParaNdataMatrix[0].value	tuple	4
i18n.words_legacy_monolith	kombiParaNdataMatrix[0].value[0]	str	livingbeing
i18n.words_legacy_monolith	kombiParaNdataMatrix[0].value[1]	str	animals
i18n.words_legacy_monolith	kombiParaNdataMatrix[0].value[2]	str	animal
i18n.words_legacy_monolith	kombiParaNdataMatrix[0].value[3]	str	creatures
i18n.words_legacy_monolith	kombiParaNdataMatrix[1].key	int	2
i18n.words_legacy_monolith	kombiParaNdataMatrix[1].value	tuple	3
i18n.words_legacy_monolith	kombiParaNdataMatrix[1].value[0]	str	jobs
i18n.words_legacy_monolith	kombiParaNdataMatrix[1].value[1]	str	jobs
i18n.words_legacy_monolith	kombiParaNdataMatrix[1].value[2]	str	job
i18n.words_legacy_monolith	kombiParaNdataMatrix[2].key	int	3
i18n.words_legacy_monolith	kombiParaNdataMatrix[2].value	tuple	4
i18n.words_legacy_monolith	kombiParaNdataMatrix[2].value[0]	str	creativity_and_intelligence
i18n.words_legacy_monolith	kombiParaNdataMatrix[2].value[1]	str	creativity
i18n.words_legacy_monolith	kombiParaNdataMatrix[2].value[2]	str	intelligence
i18n.words_legacy_monolith	kombiParaNdataMatrix[2].value[3]	str	creativity
i18n.words_legacy_monolith	kombiParaNdataMatrix[3].key	int	4
i18n.words_legacy_monolith	kombiParaNdataMatrix[3].value	tuple	2
i18n.words_legacy_monolith	kombiParaNdataMatrix[3].value[0]	str	love
i18n.words_legacy_monolith	kombiParaNdataMatrix[3].value[1]	str	love
i18n.words_legacy_monolith	kombiParaNdataMatrix[4].key	int	7
i18n.words_legacy_monolith	kombiParaNdataMatrix[4].value	tuple	4
i18n.words_legacy_monolith	kombiParaNdataMatrix[4].value[0]	str	men
i18n.words_legacy_monolith	kombiParaNdataMatrix[4].value[1]	str	men
i18n.words_legacy_monolith	kombiParaNdataMatrix[4].value[2]	str	men
i18n.words_legacy_monolith	kombiParaNdataMatrix[4].value[3]	str	women
i18n.words_legacy_monolith	kombiParaNdataMatrix[5].key	int	8
i18n.words_legacy_monolith	kombiParaNdataMatrix[5].value	tuple	5
i18n.words_legacy_monolith	kombiParaNdataMatrix[5].value[0]	str	personality_evolutionary_acquisition
i18n.words_legacy_monolith	kombiParaNdataMatrix[5].value[1]	str	evolution
i18n.words_legacy_monolith	kombiParaNdataMatrix[5].value[2]	str	acquire
i18n.words_legacy_monolith	kombiParaNdataMatrix[5].value[3]	str	personality
i18n.words_legacy_monolith	kombiParaNdataMatrix[5].value[4]	str	personality
i18n.words_legacy_monolith	kombiParaNdataMatrix[6].key	int	9
i18n.words_legacy_monolith	kombiParaNdataMatrix[6].value	tuple	3
i18n.words_legacy_monolith	kombiParaNdataMatrix[6].value[0]	str	religion
i18n.words_legacy_monolith	kombiParaNdataMatrix[6].value[1]	str	religion
i18n.words_legacy_monolith	kombiParaNdataMatrix[6].value[2]	str	religions
i18n.words_legacy_monolith	kombiParaNdataMatrix[7].key	int	10
i18n.words_legacy_monolith	kombiParaNdataMatrix[7].value	tuple	5
i18n.words_legacy_monolith	kombiParaNdataMatrix[7].value[0]	str	motives_goals
i18n.words_legacy_monolith	kombiParaNdataMatrix[7].value[1]	str	motivation
i18n.words_legacy_monolith	kombiParaNdataMatrix[7].value[2]	str	goals
i18n.words_legacy_monolith	kombiParaNdataMatrix[7].value[3]	str	goal
i18n.words_legacy_monolith	kombiParaNdataMatrix[7].value[4]	str	motifs
i18n.words_legacy_monolith	kombiParaNdataMatrix[8].key	int	12
i18n.words_legacy_monolith	kombiParaNdataMatrix[8].value	tuple	6
i18n.words_legacy_monolith	kombiParaNdataMatrix[8].value[0]	str	Emotions
i18n.words_legacy_monolith	kombiParaNdataMatrix[8].value[1]	str	emotions
i18n.words_legacy_monolith	kombiParaNdataMatrix[8].value[2]	str	emotions
i18n.words_legacy_monolith	kombiParaNdataMatrix[8].value[3]	str	emotions
i18n.words_legacy_monolith	kombiParaNdataMatrix[8].value[4]	str	emotion
i18n.words_legacy_monolith	kombiParaNdataMatrix[8].value[5]	str	feelings
i18n.words_legacy_monolith	kombiParaNdataMatrix[9].key	int	13
i18n.words_legacy_monolith	kombiParaNdataMatrix[9].value	tuple	4
i18n.words_legacy_monolith	kombiParaNdataMatrix[9].value[0]	str	people
i18n.words_legacy_monolith	kombiParaNdataMatrix[9].value[1]	str	persons
i18n.words_legacy_monolith	kombiParaNdataMatrix[9].value[2]	str	celebrities
i18n.words_legacy_monolith	kombiParaNdataMatrix[9].value[3]	str	celebrities
i18n.words_legacy_monolith	kombiParaNdataMatrix[10].key	int	16
i18n.words_legacy_monolith	kombiParaNdataMatrix[10].value	tuple	5
i18n.words_legacy_monolith	kombiParaNdataMatrix[10].value[0]	str	economicsystems
i18n.words_legacy_monolith	kombiParaNdataMatrix[10].value[1]	str	economicsystem
i18n.words_legacy_monolith	kombiParaNdataMatrix[10].value[2]	str	economicsystems
i18n.words_legacy_monolith	kombiParaNdataMatrix[10].value[3]	str	combinedeconomicsystem
i18n.words_legacy_monolith	kombiParaNdataMatrix[10].value[4]	str	combinedeconomicsystems
i18n.words_legacy_monolith	kombiParaNdataMatrix[11].key	int	17
i18n.words_legacy_monolith	kombiParaNdataMatrix[11].value	tuple	1
i18n.words_legacy_monolith	kombiParaNdataMatrix[11].value[0]	str	ownership_and_possession
i18n.words_legacy_monolith	kombiParaNdataMatrix2	ordereddict	14
i18n.words_legacy_monolith	kombiParaNdataMatrix2[0].key	int	1
i18n.words_legacy_monolith	kombiParaNdataMatrix2[0].value	tuple	4
i18n.words_legacy_monolith	kombiParaNdataMatrix2[0].value[0]	str	livingbeing
i18n.words_legacy_monolith	kombiParaNdataMatrix2[0].value[1]	str	animals
i18n.words_legacy_monolith	kombiParaNdataMatrix2[0].value[2]	str	animal
i18n.words_legacy_monolith	kombiParaNdataMatrix2[0].value[3]	str	creatures
i18n.words_legacy_monolith	kombiParaNdataMatrix2[1].key	int	2
i18n.words_legacy_monolith	kombiParaNdataMatrix2[1].value	tuple	3
i18n.words_legacy_monolith	kombiParaNdataMatrix2[1].value[0]	str	jobs
i18n.words_legacy_monolith	kombiParaNdataMatrix2[1].value[1]	str	jobs
i18n.words_legacy_monolith	kombiParaNdataMatrix2[1].value[2]	str	job
i18n.words_legacy_monolith	kombiParaNdataMatrix2[2].key	int	5
i18n.words_legacy_monolith	kombiParaNdataMatrix2[2].value	tuple	5
i18n.words_legacy_monolith	kombiParaNdataMatrix2[2].value[0]	str	transcendentalia_structuralia
i18n.words_legacy_monolith	kombiParaNdataMatrix2[2].value[1]	str	transcendence
i18n.words_legacy_monolith	kombiParaNdataMatrix2[2].value[2]	str	transcendentals
i18n.words_legacy_monolith	kombiParaNdataMatrix2[2].value[3]	str	structurals
i18n.words_legacy_monolith	kombiParaNdataMatrix2[2].value[4]	str	philoalias
i18n.words_legacy_monolith	kombiParaNdataMatrix2[3].key	int	6
i18n.words_legacy_monolith	kombiParaNdataMatrix2[3].value	tuple	3
i18n.words_legacy_monolith	kombiParaNdataMatrix2[3].value[0]	str	primecross
i18n.words_legacy_monolith	kombiParaNdataMatrix2[3].value[1]	str	leibnitz
i18n.words_legacy_monolith	kombiParaNdataMatrix2[3].value[2]	str	primecross
i18n.words_legacy_monolith	kombiParaNdataMatrix2[4].key	int	8
i18n.words_legacy_monolith	kombiParaNdataMatrix2[4].value	tuple	5
i18n.words_legacy_monolith	kombiParaNdataMatrix2[4].value[0]	str	personality_evolutionary_acquisition
i18n.words_legacy_monolith	kombiParaNdataMatrix2[4].value[1]	str	evolution
i18n.words_legacy_monolith	kombiParaNdataMatrix2[4].value[2]	str	acquire
i18n.words_legacy_monolith	kombiParaNdataMatrix2[4].value[3]	str	personality
i18n.words_legacy_monolith	kombiParaNdataMatrix2[4].value[4]	str	personality
i18n.words_legacy_monolith	kombiParaNdataMatrix2[5].key	int	9
i18n.words_legacy_monolith	kombiParaNdataMatrix2[5].value	tuple	3
i18n.words_legacy_monolith	kombiParaNdataMatrix2[5].value[0]	str	religion
i18n.words_legacy_monolith	kombiParaNdataMatrix2[5].value[1]	str	religion
i18n.words_legacy_monolith	kombiParaNdataMatrix2[5].value[2]	str	religions
i18n.words_legacy_monolith	kombiParaNdataMatrix2[6].key	int	10
i18n.words_legacy_monolith	kombiParaNdataMatrix2[6].value	tuple	5
i18n.words_legacy_monolith	kombiParaNdataMatrix2[6].value[0]	str	motives_goals
i18n.words_legacy_monolith	kombiParaNdataMatrix2[6].value[1]	str	motivation
i18n.words_legacy_monolith	kombiParaNdataMatrix2[6].value[2]	str	motifs
i18n.words_legacy_monolith	kombiParaNdataMatrix2[6].value[3]	str	goals
i18n.words_legacy_monolith	kombiParaNdataMatrix2[6].value[4]	str	goal
i18n.words_legacy_monolith	kombiParaNdataMatrix2[7].key	int	11
i18n.words_legacy_monolith	kombiParaNdataMatrix2[7].value	tuple	3
i18n.words_legacy_monolith	kombiParaNdataMatrix2[7].value[0]	str	analytic_ontology
i18n.words_legacy_monolith	kombiParaNdataMatrix2[7].value[1]	str	analyticontology
i18n.words_legacy_monolith	kombiParaNdataMatrix2[7].value[2]	str	ontology
i18n.words_legacy_monolith	kombiParaNdataMatrix2[8].key	int	13
i18n.words_legacy_monolith	kombiParaNdataMatrix2[8].value	tuple	4
i18n.words_legacy_monolith	kombiParaNdataMatrix2[8].value[0]	str	people
i18n.words_legacy_monolith	kombiParaNdataMatrix2[8].value[1]	str	persons
i18n.words_legacy_monolith	kombiParaNdataMatrix2[8].value[2]	str	celebrities
i18n.words_legacy_monolith	kombiParaNdataMatrix2[8].value[3]	str	celebrities
i18n.words_legacy_monolith	kombiParaNdataMatrix2[9].key	int	14
i18n.words_legacy_monolith	kombiParaNdataMatrix2[9].value	tuple	5
i18n.words_legacy_monolith	kombiParaNdataMatrix2[9].value[0]	str	mechanisms_of_breeding
i18n.words_legacy_monolith	kombiParaNdataMatrix2[9].value[1]	str	mechanisms
i18n.words_legacy_monolith	kombiParaNdataMatrix2[9].value[2]	str	essence
i18n.words_legacy_monolith	kombiParaNdataMatrix2[9].value[3]	str	breed
i18n.words_legacy_monolith	kombiParaNdataMatrix2[9].value[4]	str	breed
i18n.words_legacy_monolith	kombiParaNdataMatrix2[10].key	int	15
i18n.words_legacy_monolith	kombiParaNdataMatrix2[10].value	tuple	3
i18n.words_legacy_monolith	kombiParaNdataMatrix2[10].value[0]	str	countertranscendentals
i18n.words_legacy_monolith	kombiParaNdataMatrix2[10].value[1]	str	countertranscendentals
i18n.words_legacy_monolith	kombiParaNdataMatrix2[10].value[2]	str	counter-structuralias
i18n.words_legacy_monolith	kombiParaNdataMatrix2[11].key	int	17
i18n.words_legacy_monolith	kombiParaNdataMatrix2[11].value	tuple	4
i18n.words_legacy_monolith	kombiParaNdataMatrix2[11].value[0]	str	machines
i18n.words_legacy_monolith	kombiParaNdataMatrix2[11].value[1]	str	machines
i18n.words_legacy_monolith	kombiParaNdataMatrix2[11].value[2]	str	devices
i18n.words_legacy_monolith	kombiParaNdataMatrix2[11].value[3]	str	equipment
i18n.words_legacy_monolith	kombiParaNdataMatrix2[12].key	int	18
i18n.words_legacy_monolith	kombiParaNdataMatrix2[12].value	tuple	2
i18n.words_legacy_monolith	kombiParaNdataMatrix2[12].value[0]	str	mind
i18n.words_legacy_monolith	kombiParaNdataMatrix2[12].value[1]	str	mind
i18n.words_legacy_monolith	kombiParaNdataMatrix2[13].key	int	19
i18n.words_legacy_monolith	kombiParaNdataMatrix2[13].value	tuple	2
i18n.words_legacy_monolith	kombiParaNdataMatrix2[13].value[0]	str	consciousness
i18n.words_legacy_monolith	kombiParaNdataMatrix2[13].value[1]	str	consciousness
i18n.words_legacy_monolith	classify	function	(mod)
i18n.words_legacy_monolith	tableHandling	class	4
i18n.words_legacy_monolith	tableHandling.parameterName	dict	1
i18n.words_legacy_monolith	tableHandling.parameterName[0].key	str	kombination
i18n.words_legacy_monolith	tableHandling.parameterName[0].value	str	combination
i18n.words_legacy_monolith	tableHandling.art	ref	i18n.words_legacy_monolith:ausgabeArt
i18n.words_legacy_monolith	tableHandling.into	dict	7
i18n.words_legacy_monolith	tableHandling.into[0].key	str	Kombination_(Galaxie_und_schwarzes_Loch)_(14_mit_13)
i18n.words_legacy_monolith	tableHandling.into[0].value	str	combination_(galaxy_and_black_hole)_(14_with_13)
i18n.words_legacy_monolith	tableHandling.into[1].key	str	Wichtigstes_zum_gedanklich_einordnen
i18n.words_legacy_monolith	tableHandling.into[1].value	str	most_important_to_think_about
i18n.words_legacy_monolith	tableHandling.into[2].key	str	Zweitwichtigste
i18n.words_legacy_monolith	tableHandling.into[2].value	str	secondmostimportant
i18n.words_legacy_monolith	tableHandling.into[3].key	str	berufe
i18n.words_legacy_monolith	tableHandling.into[3].value	str	jobs
i18n.words_legacy_monolith	tableHandling.into[4].key	str	intelligenz
i18n.words_legacy_monolith	tableHandling.into[4].value	str	intelligence
i18n.words_legacy_monolith	tableHandling.into[5].key	str	tiere
i18n.words_legacy_monolith	tableHandling.into[5].value	str	animals
i18n.words_legacy_monolith	tableHandling.into[6].key	str	Kombination_(Universum_und_Galaxie)_(14_mit_15)
i18n.words_legacy_monolith	tableHandling.into[6].value	str	Combination_(universe_and_galaxy)_(14_with_15)
i18n.words_legacy_monolith	tableHandling.gestirnGrossschrift	dict	7
i18n.words_legacy_monolith	tableHandling.gestirnGrossschrift[0].key	str	Gestirn
i18n.words_legacy_monolith	tableHandling.gestirnGrossschrift[0].value	str	spaceObject
i18n.words_legacy_monolith	tableHandling.gestirnGrossschrift[1].key	str	, und außerdem 
i18n.words_legacy_monolith	tableHandling.gestirnGrossschrift[1].value	str	, and as well 
i18n.words_legacy_monolith	tableHandling.gestirnGrossschrift[2].key	str	Mond (Potenzen)
i18n.words_legacy_monolith	tableHandling.gestirnGrossschrift[2].value	str	moon (math powers)
i18n.words_legacy_monolith	tableHandling.gestirnGrossschrift[3].key	str	Sonne
i18n.words_legacy_monolith	tableHandling.gestirnGrossschrift[3].value	str	sun
i18n.words_legacy_monolith	tableHandling.gestirnGrossschrift[4].key	str	Sonne (keine Potenzen)
i18n.words_legacy_monolith	tableHandling.gestirnGrossschrift[4].value	str	suns (no math powers)
i18n.words_legacy_monolith	tableHandling.gestirnGrossschrift[5].key	str	Planet (2*n)
i18n.words_legacy_monolith	tableHandling.gestirnGrossschrift[5].value	str	planets (2*n)
i18n.words_legacy_monolith	tableHandling.gestirnGrossschrift[6].key	str	wäre eine schwarze Sonne (-3*n), wenn ins Negative durch eine Typ 13 verdreht
i18n.words_legacy_monolith	tableHandling.gestirnGrossschrift[6].value	str	would be a black sun, if inverted into its negative by a type 13
i18n.words_legacy_monolith	concat	class	38
i18n.words_legacy_monolith	concat.themaWort	str	topic: 
i18n.words_legacy_monolith	concat.polygon1	dict	1
i18n.words_legacy_monolith	concat.polygon1[0].key	str	 der eigenen Strukturgröße (
i18n.words_legacy_monolith	concat.polygon1[0].value	str	 own structure size (
i18n.words_legacy_monolith	concat.polygon2	dict	1
i18n.words_legacy_monolith	concat.polygon2[0].key	str	) auf dich bei gleichförmigen Polygonen
i18n.words_legacy_monolith	concat.polygon2[0].value	str	) on you with regular polygons
i18n.words_legacy_monolith	concat.gleichheitFreiheitVergleich	dict	7
i18n.words_legacy_monolith	concat.gleichheitFreiheitVergleich[0].key	str	Gleichheit, Freiheit, Dominieren (Ordnungen [12]) Generiert
i18n.words_legacy_monolith	concat.gleichheitFreiheitVergleich[0].value	str	Being equal, Freedom, Liberty, Domination (Order [12]) generated
i18n.words_legacy_monolith	concat.gleichheitFreiheitVergleich[1].key	str	Dominieren, Unterordnen
i18n.words_legacy_monolith	concat.gleichheitFreiheitVergleich[1].value	str	domination over submission
i18n.words_legacy_monolith	concat.gleichheitFreiheitVergleich[2].key	str	Freiheit
i18n.words_legacy_monolith	concat.gleichheitFreiheitVergleich[2].value	str	freedom_and_or_liberty
i18n.words_legacy_monolith	concat.gleichheitFreiheitVergleich[3].key	str	Einschränkung der Freiheit
i18n.words_legacy_monolith	concat.gleichheitFreiheitVergleich[3].value	str	reduction of liberty and or freedom
i18n.words_legacy_monolith	concat.gleichheitFreiheitVergleich[4].key	str	Gleichheit
i18n.words_legacy_monolith	concat.gleichheitFreiheitVergleich[4].value	str	equality
i18n.words_legacy_monolith	concat.gleichheitFreiheitVergleich[5].key	str	den anderen überbieten wollen
i18n.words_legacy_monolith	concat.gleichheitFreiheitVergleich[5].value	str	wanting to be better or higher than the other
i18n.words_legacy_monolith	concat.gleichheitFreiheitVergleich[6].key	str	den anderen unterbieten wollen
i18n.words_legacy_monolith	concat.gleichheitFreiheitVergleich[6].value	str	wanting to be among or under the other
i18n.words_legacy_monolith	concat.energietopologie1	dict	11
i18n.words_legacy_monolith	concat.energietopologie1[0].key	str	eine Denkart
i18n.words_legacy_monolith	concat.energietopologie1[0].value	str	a way of thinking
i18n.words_legacy_monolith	concat.energietopologie1[1].key	str	eine Gefühlsart
i18n.words_legacy_monolith	concat.energietopologie1[1].value	str	a way of feeling
i18n.words_legacy_monolith	concat.energietopologie1[2].key	str	total eine Art, etwas geistig zu erzeugen
i18n.words_legacy_monolith	concat.energietopologie1[2].value	str	totally a way of producing something mentally
i18n.words_legacy_monolith	concat.energietopologie1[3].key	str	total eine Art zu erleben
i18n.words_legacy_monolith	concat.energietopologie1[3].value	str	totally a way of experiencing
i18n.words_legacy_monolith	concat.energietopologie1[4].key	str	total eine Energie-Art
i18n.words_legacy_monolith	concat.energietopologie1[4].value	str	totally a way of energy
i18n.words_legacy_monolith	concat.energietopologie1[5].key	str	etwas eine Art zu erleben
i18n.words_legacy_monolith	concat.energietopologie1[5].value	str	something a way of experiencing
i18n.words_legacy_monolith	concat.energietopologie1[6].key	str	etwas eine Art, etwas geistig zu erzeugen
i18n.words_legacy_monolith	concat.energietopologie1[6].value	str	something a way of generating something mentally
i18n.words_legacy_monolith	concat.energietopologie1[7].key	str	wenig eine Art, etwas geistig zu erzeugen
i18n.words_legacy_monolith	concat.energietopologie1[7].value	str	little a way to generate something mentally
i18n.words_legacy_monolith	concat.energietopologie1[8].key	str	einigermaßen eine Energie-Art
i18n.words_legacy_monolith	concat.energietopologie1[8].value	str	somewhat a kind of energy
i18n.words_legacy_monolith	concat.energietopologie1[9].key	str	kaum eine Energie-Art
i18n.words_legacy_monolith	concat.energietopologie1[9].value	str	hardly a kind of energy
i18n.words_legacy_monolith	concat.energietopologie1[10].key	str	kaum eine Art, etwas geistig zu erzeugen
i18n.words_legacy_monolith	concat.energietopologie1[10].value	str	hardly a way to generate something mentally
i18n.words_legacy_monolith	concat.ausgabeString	dict	1
i18n.words_legacy_monolith	concat.ausgabeString[0].key	str	Energie oder Denkart oder Gefühlsart oder Materie-Art oder Topologie-Art
i18n.words_legacy_monolith	concat.ausgabeString[0].value	str	energy kind or thinking kind or feeling kind or matter kind or topology kind.
i18n.words_legacy_monolith	concat.kreaZahl	dict	5
i18n.words_legacy_monolith	concat.kreaZahl[0].key	str	Evolutions-Züchtungs-Kreativität
i18n.words_legacy_monolith	concat.kreaZahl[0].value	str	Evolution-breeding-creativity
i18n.words_legacy_monolith	concat.kreaZahl[1].key	str	0. Primzahl 1
i18n.words_legacy_monolith	concat.kreaZahl[1].value	str	0. prime number 1
i18n.words_legacy_monolith	concat.kreaZahl[2].key	str	1. Primzahl und Sonnenzahl
i18n.words_legacy_monolith	concat.kreaZahl[2].value	str	1. prime number and sun number
i18n.words_legacy_monolith	concat.kreaZahl[3].key	str	2. Sonnenzahl, aber keine Primzahl
i18n.words_legacy_monolith	concat.kreaZahl[3].value	str	2. sun number, but no prime number
i18n.words_legacy_monolith	concat.kreaZahl[4].key	str	3. Mondzahl
i18n.words_legacy_monolith	concat.kreaZahl[4].value	str	3. lunar number
i18n.words_legacy_monolith	concat.mondExpLog1	dict	2
i18n.words_legacy_monolith	concat.mondExpLog1[0].key	str	Mond-Typ eines Sternpolygons
i18n.words_legacy_monolith	concat.mondExpLog1[0].value	str	moon type of a star polygon
i18n.words_legacy_monolith	concat.mondExpLog1[1].key	str	Mond-Typ eines gleichförmigen Polygons
i18n.words_legacy_monolith	concat.mondExpLog1[1].value	str	moon type of a uniform polygon
i18n.words_legacy_monolith	concat.mondExpLog2	dict	1
i18n.words_legacy_monolith	concat.mondExpLog2[0].key	str	kein Mond
i18n.words_legacy_monolith	concat.mondExpLog2[0].value	str	no moon
i18n.words_legacy_monolith	concat.modalB	dict	5
i18n.words_legacy_monolith	concat.modalB[0].key	str	mittelstark überdurchschnittlich: 
i18n.words_legacy_monolith	concat.modalB[0].value	str	medium above average: 
i18n.words_legacy_monolith	concat.modalB[1].key	str	überdurchschnittlich: 
i18n.words_legacy_monolith	concat.modalB[1].value	str	above average: 
i18n.words_legacy_monolith	concat.modalB[2].key	str	mittelleicht überdurchschnittlich: 
i18n.words_legacy_monolith	concat.modalB[2].value	str	moderately above average: 
i18n.words_legacy_monolith	concat.modalB[3].key	str	sehr: 
i18n.words_legacy_monolith	concat.modalB[3].value	str	very: 
i18n.words_legacy_monolith	concat.modalB[4].key	str	sehr leicht überdurchschnittlich: 
i18n.words_legacy_monolith	concat.modalB[4].value	str	very slightly above average: 
i18n.words_legacy_monolith	concat.modalC	dict	4
i18n.words_legacy_monolith	concat.modalC[0].key	str	intrinsisch
i18n.words_legacy_monolith	concat.modalC[0].value	str	intrinsic
i18n.words_legacy_monolith	concat.modalC[1].key	str	zuerst
i18n.words_legacy_monolith	concat.modalC[1].value	str	first
i18n.words_legacy_monolith	concat.modalC[2].key	str	extrinsisch
i18n.words_legacy_monolith	concat.modalC[2].value	str	extrinsic
i18n.words_legacy_monolith	concat.modalC[3].key	str	als zweites
i18n.words_legacy_monolith	concat.modalC[3].value	str	second
i18n.words_legacy_monolith	concat.modalD	dict	6
i18n.words_legacy_monolith	concat.modalD[0].key	str	, nicht: 
i18n.words_legacy_monolith	concat.modalD[0].value	str	, not: 
i18n.words_legacy_monolith	concat.modalD[1].key	str	 (das alles nicht): 
i18n.words_legacy_monolith	concat.modalD[1].value	str	 (not all that): 
i18n.words_legacy_monolith	concat.modalD[2].key	str	extrinsisch
i18n.words_legacy_monolith	concat.modalD[2].value	str	extrinsic
i18n.words_legacy_monolith	concat.modalD[3].key	str	als zweites
i18n.words_legacy_monolith	concat.modalD[3].value	str	second
i18n.words_legacy_monolith	concat.modalD[4].key	str	intrinsisch
i18n.words_legacy_monolith	concat.modalD[4].value	str	intrinsic
i18n.words_legacy_monolith	concat.modalD[5].key	str	zuerst
i18n.words_legacy_monolith	concat.modalD[5].value	str	first
i18n.words_legacy_monolith	concat.generiertWort	dict	1
i18n.words_legacy_monolith	concat.generiertWort[0].key	str	Generiert: 
i18n.words_legacy_monolith	concat.generiertWort[0].value	str	Generated: 
i18n.words_legacy_monolith	concat.allesNurBezogenAufSatz	str	All only related to the same structure size of a 
i18n.words_legacy_monolith	concat.headline1	str	Gegen / pro: Nach Rechenregeln auf Primzahlkreuz und Vielfachern von Primzahlen
i18n.words_legacy_monolith	concat.gegen	dict	1
i18n.words_legacy_monolith	concat.gegen[0].key	str	gegen 
i18n.words_legacy_monolith	concat.gegen[0].value	str	against 
i18n.words_legacy_monolith	concat.pro	dict	1
i18n.words_legacy_monolith	concat.pro[0].key	str	pro 
i18n.words_legacy_monolith	concat.pro[0].value	str	per 
i18n.words_legacy_monolith	concat.hineinversetzen	dict	2
i18n.words_legacy_monolith	concat.hineinversetzen[0].key	str	 Darin kann sich die 
i18n.words_legacy_monolith	concat.hineinversetzen[0].value	str	 In this 
i18n.words_legacy_monolith	concat.hineinversetzen[1].key	str	 am Besten hineinversetzen.
i18n.words_legacy_monolith	concat.hineinversetzen[1].value	str	 is able to mentally understand the mind inside.
i18n.words_legacy_monolith	concat.proIst	dict	2
i18n.words_legacy_monolith	concat.proIst[0].key	str	pro dieser Zahl sind: 
i18n.words_legacy_monolith	concat.proIst[0].value	str	per this number are: 
i18n.words_legacy_monolith	concat.proIst[1].key	str	pro dieser Zahl ist 
i18n.words_legacy_monolith	concat.proIst[1].value	str	per this number is 
i18n.words_legacy_monolith	concat.contraIst	dict	2
i18n.words_legacy_monolith	concat.contraIst[0].key	str	 contra dieser Zahl sind: 
i18n.words_legacy_monolith	concat.contraIst[0].value	str	 contra this number are: 
i18n.words_legacy_monolith	concat.contraIst[1].key	str	 contra dieser Zahl ist 
i18n.words_legacy_monolith	concat.contraIst[1].value	str	 contra this number is 
i18n.words_legacy_monolith	concat.hineinversetzenSatz	str	 - Die Zahlen, die für oder gegen diese Zahlen hier sind, können sich in diese am Besten gedanklich hineinversetzen.
i18n.words_legacy_monolith	concat.polygone	dict	2
i18n.words_legacy_monolith	concat.polygone[0].key	str	Sternpolygone
i18n.words_legacy_monolith	concat.polygone[0].value	str	star_polygons
i18n.words_legacy_monolith	concat.polygone[1].key	str	gleichförmige Polygone
i18n.words_legacy_monolith	concat.polygone[1].value	str	regular polygons
i18n.words_legacy_monolith	concat.kombisNamen	dict	4
i18n.words_legacy_monolith	concat.kombisNamen[0].key	str	Motiv -> Motiv
i18n.words_legacy_monolith	concat.kombisNamen[0].value	str	Motif -> Motif
i18n.words_legacy_monolith	concat.kombisNamen[1].key	str	Motiv -> Strukur
i18n.words_legacy_monolith	concat.kombisNamen[1].value	str	Motif -> Structure
i18n.words_legacy_monolith	concat.kombisNamen[2].key	str	Struktur -> Motiv
i18n.words_legacy_monolith	concat.kombisNamen[2].value	str	Structure -> Motif
i18n.words_legacy_monolith	concat.kombisNamen[3].key	str	Struktur -> Strukur
i18n.words_legacy_monolith	concat.kombisNamen[3].value	str	Structure -> Structure
i18n.words_legacy_monolith	concat.faktorenbla	dict	1
i18n.words_legacy_monolith	concat.faktorenbla[0].key	str	, mit Faktoren aus gebrochen-rationalen Zahlen
i18n.words_legacy_monolith	concat.faktorenbla[0].value	str	, with factors from fractional-rational numbers
i18n.words_legacy_monolith	concat.genMul	dict	1
i18n.words_legacy_monolith	concat.genMul[0].key	str	generierte Multiplikationen 
i18n.words_legacy_monolith	concat.genMul[0].value	str	generated multiplications
i18n.words_legacy_monolith	concat.ausserdem	dict	2
i18n.words_legacy_monolith	concat.ausserdem[0].key	str	, außerdem: 
i18n.words_legacy_monolith	concat.ausserdem[0].value	str	, furthermore: 
i18n.words_legacy_monolith	concat.ausserdem[1].key	str	| außerdem: 
i18n.words_legacy_monolith	concat.ausserdem[1].value	str	| moreover:
i18n.words_legacy_monolith	concat.Multiplikationen_	dict	1
i18n.words_legacy_monolith	concat.Multiplikationen_[0].key	str	Multiplikationen
i18n.words_legacy_monolith	concat.Multiplikationen_[0].value	str	multiplications
i18n.words_legacy_monolith	concat.nWichtigste	dict	2
i18n.words_legacy_monolith	concat.nWichtigste[0].key	str	Wichtigstes_zum_verstehen
i18n.words_legacy_monolith	concat.nWichtigste[0].value	str	most_important_to_understand
i18n.words_legacy_monolith	concat.nWichtigste[1].key	str	Viertwichtigste
i18n.words_legacy_monolith	concat.nWichtigste[1].value	str	fourth_most_important
i18n.words_legacy_monolith	concat.metaOrWhat	dict	24
i18n.words_legacy_monolith	concat.metaOrWhat[0].key	str	Meta-Thema: 
i18n.words_legacy_monolith	concat.metaOrWhat[0].value	str	meta-topic:
i18n.words_legacy_monolith	concat.metaOrWhat[1].key	str	Konkretes: 
i18n.words_legacy_monolith	concat.metaOrWhat[1].value	str	sonrete things: 
i18n.words_legacy_monolith	concat.metaOrWhat[2].key	str	Meta-
i18n.words_legacy_monolith	concat.metaOrWhat[2].value	str	meta-
i18n.words_legacy_monolith	concat.metaOrWhat[3].key	str	Konkret-
i18n.words_legacy_monolith	concat.metaOrWhat[3].value	str	concrete-
i18n.words_legacy_monolith	concat.metaOrWhat[4].key	str	Theorie-Thema: 
i18n.words_legacy_monolith	concat.metaOrWhat[4].value	str	theory-topic: 
i18n.words_legacy_monolith	concat.metaOrWhat[5].key	str	Praxis: 
i18n.words_legacy_monolith	concat.metaOrWhat[5].value	str	practise: 
i18n.words_legacy_monolith	concat.metaOrWhat[6].key	str	Theorie-
i18n.words_legacy_monolith	concat.metaOrWhat[6].value	str	theory-
i18n.words_legacy_monolith	concat.metaOrWhat[7].key	str	Praxis-
i18n.words_legacy_monolith	concat.metaOrWhat[7].value	str	practise-
i18n.words_legacy_monolith	concat.metaOrWhat[8].key	str	Planungs-Thema: 
i18n.words_legacy_monolith	concat.metaOrWhat[8].value	str	planning topic: 
i18n.words_legacy_monolith	concat.metaOrWhat[9].key	str	Umsetzungs-Thema: 
i18n.words_legacy_monolith	concat.metaOrWhat[9].value	str	realization-topic: 
i18n.words_legacy_monolith	concat.metaOrWhat[10].key	str	Planung-
i18n.words_legacy_monolith	concat.metaOrWhat[10].value	str	planing-
i18n.words_legacy_monolith	concat.metaOrWhat[11].key	str	Umsetzung-
i18n.words_legacy_monolith	concat.metaOrWhat[11].value	str	realization-
i18n.words_legacy_monolith	concat.metaOrWhat[12].key	str	Anlass-Thema: 
i18n.words_legacy_monolith	concat.metaOrWhat[12].value	str	occasion-topic: 
i18n.words_legacy_monolith	concat.metaOrWhat[13].key	str	Wirkungs-Thema: 
i18n.words_legacy_monolith	concat.metaOrWhat[13].value	str	effect-topic: 
i18n.words_legacy_monolith	concat.metaOrWhat[14].key	str	Anlass-
i18n.words_legacy_monolith	concat.metaOrWhat[14].value	str	occasion-
i18n.words_legacy_monolith	concat.metaOrWhat[15].key	str	wirkung-
i18n.words_legacy_monolith	concat.metaOrWhat[15].value	str	effect-
i18n.words_legacy_monolith	concat.metaOrWhat[16].key	str	Kraft-Gebung: 
i18n.words_legacy_monolith	concat.metaOrWhat[16].value	str	power-geving: 
i18n.words_legacy_monolith	concat.metaOrWhat[17].key	str	Verstärkungs-Thema: 
i18n.words_legacy_monolith	concat.metaOrWhat[17].value	str	amplification-topic: 
i18n.words_legacy_monolith	concat.metaOrWhat[18].key	str	Kraft-geben-
i18n.words_legacy_monolith	concat.metaOrWhat[18].value	str	give-power-
i18n.words_legacy_monolith	concat.metaOrWhat[19].key	str	Verstärkung-
i18n.words_legacy_monolith	concat.metaOrWhat[19].value	str	empower-
i18n.words_legacy_monolith	concat.metaOrWhat[20].key	str	Beherrschung: 
i18n.words_legacy_monolith	concat.metaOrWhat[20].value	str	rule: 
i18n.words_legacy_monolith	concat.metaOrWhat[21].key	str	Richtung-Thema: 
i18n.words_legacy_monolith	concat.metaOrWhat[21].value	str	direction-topic: 
i18n.words_legacy_monolith	concat.metaOrWhat[22].key	str	beherrschend-
i18n.words_legacy_monolith	concat.metaOrWhat[22].value	str	rule-
i18n.words_legacy_monolith	concat.metaOrWhat[23].key	str	Richtung-
i18n.words_legacy_monolith	concat.metaOrWhat[23].value	str	direction-
i18n.words_legacy_monolith	concat.metaKonkret	dict	14
i18n.words_legacy_monolith	concat.metaKonkret[0].key	str	Meta
i18n.words_legacy_monolith	concat.metaKonkret[0].value	str	meta
i18n.words_legacy_monolith	concat.metaKonkret[1].key	str	Theorie
i18n.words_legacy_monolith	concat.metaKonkret[1].value	str	theory
i18n.words_legacy_monolith	concat.metaKonkret[2].key	str	Management
i18n.words_legacy_monolith	concat.metaKonkret[2].value	str	management
i18n.words_legacy_monolith	concat.metaKonkret[3].key	str	ganzheitlich
i18n.words_legacy_monolith	concat.metaKonkret[3].value	str	discrete
i18n.words_legacy_monolith	concat.metaKonkret[4].key	str	Verwertung, Unternehmung, Geschäft
i18n.words_legacy_monolith	concat.metaKonkret[4].value	str	utilization, enterprise, business
i18n.words_legacy_monolith	concat.metaKonkret[5].key	str	regieren, beherrschen
i18n.words_legacy_monolith	concat.metaKonkret[5].value	str	rule, dominate
i18n.words_legacy_monolith	concat.metaKonkret[6].key	str	Konkretes
i18n.words_legacy_monolith	concat.metaKonkret[6].value	str	concreteThings
i18n.words_legacy_monolith	concat.metaKonkret[7].key	str	Praxis
i18n.words_legacy_monolith	concat.metaKonkret[7].value	str	practice
i18n.words_legacy_monolith	concat.metaKonkret[8].key	str	verändernd
i18n.words_legacy_monolith	concat.metaKonkret[8].value	str	changing
i18n.words_legacy_monolith	concat.metaKonkret[9].key	str	darüber hinaus gehend
i18n.words_legacy_monolith	concat.metaKonkret[9].value	str	going beyond
i18n.words_legacy_monolith	concat.metaKonkret[10].key	str	wertvoll
i18n.words_legacy_monolith	concat.metaKonkret[10].value	str	valuable
i18n.words_legacy_monolith	concat.metaKonkret[11].key	str	Richtung
i18n.words_legacy_monolith	concat.metaKonkret[11].value	str	direction
i18n.words_legacy_monolith	concat.metaKonkret[12].key	str	 für 1/n statt n
i18n.words_legacy_monolith	concat.metaKonkret[12].value	str	for 1/n instead of n
i18n.words_legacy_monolith	concat.metaKonkret[13].key	str	 für n
i18n.words_legacy_monolith	concat.metaKonkret[13].value	str	 for n
i18n.words_legacy_monolith	concat.innenAussen	dict	4
i18n.words_legacy_monolith	concat.innenAussen[0].key	str	für innen
i18n.words_legacy_monolith	concat.innenAussen[0].value	str	for inside
i18n.words_legacy_monolith	concat.innenAussen[1].key	str	für außen
i18n.words_legacy_monolith	concat.innenAussen[1].value	str	for outside
i18n.words_legacy_monolith	concat.innenAussen[2].key	str	"für seitlich und gegen Schwächlinge innen"
i18n.words_legacy_monolith	concat.innenAussen[2].value	str	"for other sides and against weaklings inside"
i18n.words_legacy_monolith	concat.innenAussen[3].key	str	"gegen seitlich und für Schwächlinge innen"
i18n.words_legacy_monolith	concat.innenAussen[3].value	str	"against other sides and  pro weaklings inside"
i18n.words_legacy_monolith	concat.spaltenNamen	ordereddict	7
i18n.words_legacy_monolith	concat.spaltenNamen[0].key	str	Transzendentalien, Strukturalien, Universum n
i18n.words_legacy_monolith	concat.spaltenNamen[0].value	str	Transcendentalia, structuralia, universe n
i18n.words_legacy_monolith	concat.spaltenNamen[1].key	str	Galaxie n
i18n.words_legacy_monolith	concat.spaltenNamen[1].value	str	galaxy n
i18n.words_legacy_monolith	concat.spaltenNamen[2].key	str	Galaxie 1/n
i18n.words_legacy_monolith	concat.spaltenNamen[2].value	str	galaxy 1/n
i18n.words_legacy_monolith	concat.spaltenNamen[3].key	str	Transzendentalien, Strukturalien, Universum 1/n
i18n.words_legacy_monolith	concat.spaltenNamen[3].value	str	transcendentalia, structuralia, universe 1/n
i18n.words_legacy_monolith	concat.spaltenNamen[4].key	str	Dagegen-Gegen-Transzendentalien, Gegen-Strukturalien, Universum n
i18n.words_legacy_monolith	concat.spaltenNamen[4].value	str	against-counter-transcendentalia, counter-structuralia, universe n
i18n.words_legacy_monolith	concat.spaltenNamen[5].key	str	neutrale Gegen-Transzendentalien, Gegen-Strukturalien, Universum n
i18n.words_legacy_monolith	concat.spaltenNamen[5].value	str	neutral counter-transcendentalia, counter-structuralia, universe n
i18n.words_legacy_monolith	concat.spaltenNamen[6].key	str	Richtung-Richtung
i18n.words_legacy_monolith	concat.spaltenNamen[6].value	str	direction-direction
i18n.words_legacy_monolith	concat.primRicht	dict	1
i18n.words_legacy_monolith	concat.primRicht[0].key	str	Primzahlwirkung (7, Richtung) 
i18n.words_legacy_monolith	concat.primRicht[0].value	str	prime number effect (7, direction)
i18n.words_legacy_monolith	concat.letztEnd	dict	1
i18n.words_legacy_monolith	concat.letztEnd[0].key	str	] * letztendlich: 
i18n.words_legacy_monolith	concat.letztEnd[0].value	str	] * finally: 
i18n.words_legacy_monolith	concat.primVielGen	dict	1
i18n.words_legacy_monolith	concat.primVielGen[0].key	str	Primzahlvielfache, nicht generiert
i18n.words_legacy_monolith	concat.primVielGen[0].value	str	prime multiples, not generated
i18n.words_legacy_monolith	concat.GalOrUniOrFehler	dict	5
i18n.words_legacy_monolith	concat.GalOrUniOrFehler[0].key	str	Fehler
i18n.words_legacy_monolith	concat.GalOrUniOrFehler[0].value	str	Error
i18n.words_legacy_monolith	concat.GalOrUniOrFehler[1].key	str	Universum
i18n.words_legacy_monolith	concat.GalOrUniOrFehler[1].value	str	universe
i18n.words_legacy_monolith	concat.GalOrUniOrFehler[2].key	str	Galaxie
i18n.words_legacy_monolith	concat.GalOrUniOrFehler[2].value	str	galaxy
i18n.words_legacy_monolith	concat.GalOrUniOrFehler[3].key	str	Emotion
i18n.words_legacy_monolith	concat.GalOrUniOrFehler[3].value	str	emotion
i18n.words_legacy_monolith	concat.GalOrUniOrFehler[4].key	str	Strukturgroesse
i18n.words_legacy_monolith	concat.GalOrUniOrFehler[4].value	str	structuresize
i18n.words_legacy_monolith	concat.multipl	dict	1
i18n.words_legacy_monolith	concat.multipl[0].key	str	Multiplikationen
i18n.words_legacy_monolith	concat.multipl[0].value	str	multiplications
i18n.words_legacy_monolith	concat.notGen	dict	1
i18n.words_legacy_monolith	concat.notGen[0].key	str	Nicht_generiert
i18n.words_legacy_monolith	concat.notGen[0].value	str	Not_generated
i18n.words_legacy_monolith	lib4tables	class	3
i18n.words_legacy_monolith	lib4tables.zaehlung	dict	1
i18n.words_legacy_monolith	lib4tables.zaehlung[0].key	str	Zählung
i18n.words_legacy_monolith	lib4tables.zaehlung[0].value	str	ranges
i18n.words_legacy_monolith	lib4tables.nummerier	dict	1
i18n.words_legacy_monolith	lib4tables.nummerier[0].key	str	Nummerierung
i18n.words_legacy_monolith	lib4tables.nummerier[0].value	str	numbering
i18n.words_legacy_monolith	lib4tables.alles	dict	1
i18n.words_legacy_monolith	lib4tables.alles[0].key	str	alles
i18n.words_legacy_monolith	lib4tables.alles[0].value	str	all
i18n.words_legacy_monolith	retapy	class	14
i18n.words_legacy_monolith	retapy.beschriebenWort	str	described
i18n.words_legacy_monolith	retapy.nichtsWort	str	nothing
i18n.words_legacy_monolith	retapy.cliout1Saetze	tuple	3
i18n.words_legacy_monolith	retapy.cliout1Saetze[0]	str	The Main-Paramter "
i18n.words_legacy_monolith	retapy.cliout1Saetze[1]	str	" does not exist here als a command!
i18n.words_legacy_monolith	retapy.cliout1Saetze[2]	str	 It is only possible: -
i18n.words_legacy_monolith	retapy.keineNumWort	str	nonumbering
i18n.words_legacy_monolith	retapy.cliout2Saetze	tuple	4
i18n.words_legacy_monolith	retapy.cliout2Saetze[0]	str	The sub-paramaeter " --
i18n.words_legacy_monolith	retapy.cliout2Saetze[1]	str	" exists,but not with the text value "
i18n.words_legacy_monolith	retapy.cliout2Saetze[2]	str	". Possible secondary parameter text values, for this sub-parameter, are: "
i18n.words_legacy_monolith	retapy.cliout2Saetze[3]	str	". Instead there are not sub parameter text values.
i18n.words_legacy_monolith	retapy.cliout3Saetze	tuple	8
i18n.words_legacy_monolith	retapy.cliout3Saetze[0]	str	The sub-paramaeter " --
i18n.words_legacy_monolith	retapy.cliout3Saetze[1]	str	" with the text value "
i18n.words_legacy_monolith	retapy.cliout3Saetze[2]	str	" does not exist here als a command for the main parameterr
i18n.words_legacy_monolith	retapy.cliout3Saetze[3]	str	 -columns
i18n.words_legacy_monolith	retapy.cliout3Saetze[4]	str	!
i18n.words_legacy_monolith	retapy.cliout3Saetze[5]	str	 It is only possible:\n--
i18n.words_legacy_monolith	retapy.cliout3Saetze[6]	str	, --widths --width
i18n.words_legacy_monolith	retapy.cliout3Saetze[7]	str	\nwith the values behind:\n
i18n.words_legacy_monolith	retapy.cliout4Saetze	tuple	6
i18n.words_legacy_monolith	retapy.cliout4Saetze[0]	str	The sub parameter "--
i18n.words_legacy_monolith	retapy.cliout4Saetze[1]	str	" does not exist here als a command for the main parameterr
i18n.words_legacy_monolith	retapy.cliout4Saetze[2]	str	 -columns
i18n.words_legacy_monolith	retapy.cliout4Saetze[3]	str	, or this parameter needs values analogous to: \n--subParameter=value1\n
i18n.words_legacy_monolith	retapy.cliout4Saetze[4]	str	It is only possible: --
i18n.words_legacy_monolith	retapy.cliout4Saetze[5]	str	, --nonumbering
i18n.words_legacy_monolith	retapy.kombinationenWort	str	combinations
i18n.words_legacy_monolith	retapy.cliout5Saetze	tuple	2
i18n.words_legacy_monolith	retapy.cliout5Saetze[0]	str	The combination column "
i18n.words_legacy_monolith	retapy.cliout5Saetze[1]	str	" does not exist as a command like this. Possible are the parameters for 
i18n.words_legacy_monolith	retapy.cliout6Satz	str	no sub parameter--galaxy= ",, or, "--universe=", specified for main parameters -combination or an unrelated parameter: 
i18n.words_legacy_monolith	retapy.cliout7Saetze	tuple	3
i18n.words_legacy_monolith	retapy.cliout7Saetze[0]	str	A main parameter, or the correct one, must be set so that a
i18n.words_legacy_monolith	retapy.cliout7Saetze[1]	str	 sub paramter, as maybe: "
i18n.words_legacy_monolith	retapy.cliout7Saetze[2]	str	" can be executed. Main parameters are: -
i18n.words_legacy_monolith	retapy.cliout8SatzVersucheParaH	str	try parameters -h
i18n.words_legacy_monolith	retapy.cliout9Saetze	tuple	4
i18n.words_legacy_monolith	retapy.cliout9Saetze[0]	str	The sub parameter "
i18n.words_legacy_monolith	retapy.cliout9Saetze[1]	str	" does not exist here for the main parameter "-
i18n.words_legacy_monolith	retapy.cliout9Saetze[2]	str	" Or a = is missing behind it.
i18n.words_legacy_monolith	retapy.cliout9Saetze[3]	str	Possible are: 
i18n.words_legacy_monolith	retapy.cliout10Saetze	tuple	3
i18n.words_legacy_monolith	retapy.cliout10Saetze[0]	str	The sub parameter "
i18n.words_legacy_monolith	retapy.cliout10Saetze[1]	str	" does not exist here for the main parameter "-
i18n.words_legacy_monolith	retapy.cliout10Saetze[2]	str	" Or a = is missing behind it.
i18n.words_legacy_monolith	nested	class	5
i18n.words_legacy_monolith	nested.galWort	str	galaxy
i18n.words_legacy_monolith	nested.uniWort	str	universe
i18n.words_legacy_monolith	nested.artWort	str	type
i18n.words_legacy_monolith	nested.zeitWort	str	time
i18n.words_legacy_monolith	nested.typWort	str	type
i18n.words_legacy_monolith	retaPrompt	class	16
i18n.words_legacy_monolith	retaPrompt.infoDebugAktiv	str	Debug log is activated.
i18n.words_legacy_monolith	retaPrompt.abstandMeldung	str	the command distance' need at least 2 number or number ranges, as 'distance 7 17-25'
i18n.words_legacy_monolith	retaPrompt.befehleBeenden	set	5
i18n.words_legacy_monolith	retaPrompt.befehleBeenden[0]	str	:q
i18n.words_legacy_monolith	retaPrompt.befehleBeenden[1]	str	end
i18n.words_legacy_monolith	retaPrompt.befehleBeenden[2]	str	exit
i18n.words_legacy_monolith	retaPrompt.befehleBeenden[3]	str	q
i18n.words_legacy_monolith	retaPrompt.befehleBeenden[4]	str	quit
i18n.words_legacy_monolith	retaPrompt.befehleWort	dict	2
i18n.words_legacy_monolith	retaPrompt.befehleWort[0].key	str	Befehle
i18n.words_legacy_monolith	retaPrompt.befehleWort[0].value	str	commands
i18n.words_legacy_monolith	retaPrompt.befehleWort[1].key	str	Kurzbefehle
i18n.words_legacy_monolith	retaPrompt.befehleWort[1].value	str	shortcuts
i18n.words_legacy_monolith	retaPrompt.promptModeSatz	str	promptmode before: {} , {}
i18n.words_legacy_monolith	retaPrompt.promptModeSatz2	str	{}{}{} results from '{}' and results reta command after:
i18n.words_legacy_monolith	retaPrompt.out1Saetze	tuple	2
i18n.words_legacy_monolith	retaPrompt.out1Saetze[0]	str	This ('
i18n.words_legacy_monolith	retaPrompt.out1Saetze[1]	str	') is actually a command (or there are several), but there is nothing to output.
i18n.words_legacy_monolith	retaPrompt.out2Satz	str	This is not a command! -> '{}'
i18n.words_legacy_monolith	retaPrompt.out3Saetze	str	If there is a 1 in the numerator or denominator, often (not always) no multiples are formed.\nFor fractions "n/1=integer" there are the usual commands for integers numbers.\nThis is a design decision that has been made.
i18n.words_legacy_monolith	retaPrompt.replacements	dict	19
i18n.words_legacy_monolith	retaPrompt.replacements[0].key	str	e
i18n.words_legacy_monolith	retaPrompt.replacements[0].value	str	noOneCharacterLinePlusNoOutputWhichCommandItWas
i18n.words_legacy_monolith	retaPrompt.replacements[1].key	str	M
i18n.words_legacy_monolith	retaPrompt.replacements[1].value	str	mind
i18n.words_legacy_monolith	retaPrompt.replacements[2].key	str	R
i18n.words_legacy_monolith	retaPrompt.replacements[2].value	str	range
i18n.words_legacy_monolith	retaPrompt.replacements[3].key	str	i
i18n.words_legacy_monolith	retaPrompt.replacements[3].value	str	intent
i18n.words_legacy_monolith	retaPrompt.replacements[4].key	str	C
i18n.words_legacy_monolith	retaPrompt.replacements[4].value	str	consciousness
i18n.words_legacy_monolith	retaPrompt.replacements[5].key	str	E
i18n.words_legacy_monolith	retaPrompt.replacements[5].value	str	emotions
i18n.words_legacy_monolith	retaPrompt.replacements[6].key	str	u
i18n.words_legacy_monolith	retaPrompt.replacements[6].value	str	universe
i18n.words_legacy_monolith	retaPrompt.replacements[7].key	str	I
i18n.words_legacy_monolith	retaPrompt.replacements[7].value	str	impulses
i18n.words_legacy_monolith	retaPrompt.replacements[8].key	str	D
i18n.words_legacy_monolith	retaPrompt.replacements[8].value	str	drive
i18n.words_legacy_monolith	retaPrompt.replacements[9].key	str	t
i18n.words_legacy_monolith	retaPrompt.replacements[9].value	str	thomas
i18n.words_legacy_monolith	retaPrompt.replacements[10].key	str	r
i18n.words_legacy_monolith	retaPrompt.replacements[10].value	str	direction
i18n.words_legacy_monolith	retaPrompt.replacements[11].key	str	m
i18n.words_legacy_monolith	retaPrompt.replacements[11].value	str	multiple
i18n.words_legacy_monolith	retaPrompt.replacements[12].key	str	h
i18n.words_legacy_monolith	retaPrompt.replacements[12].value	str	HELP
i18n.words_legacy_monolith	retaPrompt.replacements[13].key	str	d
i18n.words_legacy_monolith	retaPrompt.replacements[13].value	str	divider
i18n.words_legacy_monolith	retaPrompt.replacements[14].key	str	S
i18n.words_legacy_monolith	retaPrompt.replacements[14].value	str	CommandSaveAfter
i18n.words_legacy_monolith	retaPrompt.replacements[15].key	str	s
i18n.words_legacy_monolith	retaPrompt.replacements[15].value	str	CommandSaveBefore
i18n.words_legacy_monolith	retaPrompt.replacements[16].key	str	c
i18n.words_legacy_monolith	retaPrompt.replacements[16].value	str	CommandClearSaves
i18n.words_legacy_monolith	retaPrompt.replacements[17].key	str	o
i18n.words_legacy_monolith	retaPrompt.replacements[17].value	str	CommandSaveOutput
i18n.words_legacy_monolith	retaPrompt.replacements[18].key	str	T
i18n.words_legacy_monolith	retaPrompt.replacements[18].value	str	truthRealities
i18n.words_legacy_monolith	retaPrompt.retaPromptParameter	dict	7
i18n.words_legacy_monolith	retaPrompt.retaPromptParameter[0].key	str	vi
i18n.words_legacy_monolith	retaPrompt.retaPromptParameter[0].value	str	vi
i18n.words_legacy_monolith	retaPrompt.retaPromptParameter[1].key	str	log
i18n.words_legacy_monolith	retaPrompt.retaPromptParameter[1].value	str	log
i18n.words_legacy_monolith	retaPrompt.retaPromptParameter[2].key	str	h
i18n.words_legacy_monolith	retaPrompt.retaPromptParameter[2].value	str	h
i18n.words_legacy_monolith	retaPrompt.retaPromptParameter[3].key	str	help
i18n.words_legacy_monolith	retaPrompt.retaPromptParameter[3].value	str	help
i18n.words_legacy_monolith	retaPrompt.retaPromptParameter[4].key	str	e
i18n.words_legacy_monolith	retaPrompt.retaPromptParameter[4].value	str	e
i18n.words_legacy_monolith	retaPrompt.retaPromptParameter[5].key	str	debug
i18n.words_legacy_monolith	retaPrompt.retaPromptParameter[5].value	str	debug
i18n.words_legacy_monolith	retaPrompt.retaPromptParameter[6].key	str	befehl
i18n.words_legacy_monolith	retaPrompt.retaPromptParameter[6].value	str	command
i18n.words_legacy_monolith	retaPrompt.debugLog	str	Debug log is activated.
i18n.words_legacy_monolith	retaPrompt.helptext	str	allowed parameters are\n            -vi, for vi mode instead of emacs mode,\n            -language=, to select another language and possible are: 'english', 'englisch', 'deutsch', 'german', 'vietnamesisch', 'vietnamese', 'tiếngviệt', 'chinesisch', 'chinese', '中國人', 'koreanisch', 'korean', '한국인'\n            -log,  to activate logging,\n            -debug, to enable debugging log output. This is only for developers intended.\n            -command causes that up to the last program parameter retaPrompt command only one RetaPrompt command is executed.\n            -e causes all commands to display the 'e' command \trespectively 'noOneCharacterLinePlusNoOutputWhichCommandItWas' is used every time - except if the first command was reta, because  this one works differently 
i18n.words_legacy_monolith	retaPrompt.wspeichernWort	str	save what>
i18n.words_legacy_monolith	retaPrompt.wloeschenWort	str	delete what>
i18n.words_legacy_monolith	retaPrompt.reziInfoText	str	If there is a 1 in the numerator or denominator, often (not always) no multiples are formed.\nFor fractions "n/1=integer" there are the usual commands for integers numbers.\nThis is a design decision that has been made.
i18n.words_legacy_monolith	mainParaCmds	ref	i18n.words_legacy_monolith:hauptForNeben
i18n.words_legacy_monolith	csvFileNames	class	16
i18n.words_legacy_monolith	csvFileNames.kombi13	str	kombi.csv
i18n.words_legacy_monolith	csvFileNames.kombi15	str	kombi-meta.csv
i18n.words_legacy_monolith	csvFileNames.religion	str	religion.csv
i18n.words_legacy_monolith	csvFileNames.prim	str	primenumbers.csv
i18n.words_legacy_monolith	csvFileNames.bruch15	str	gebrochen-rational-universum.csv
i18n.words_legacy_monolith	csvFileNames.bruch13	str	gebrochen-rational-galaxie.csv
i18n.words_legacy_monolith	csvFileNames.bruch7	str	gebrochen-rational-emotionen.csv
i18n.words_legacy_monolith	csvFileNames.burchGroesse	str	gebrochen-rational-strukturgroesse.csv
i18n.words_legacy_monolith	csvFileNames.kombi_17_13_15	str	kombi-gedanken17-absichten13-bewusstsein15.csv
i18n.words_legacy_monolith	csvFileNames.kombi_11_15	str	kombi-meta-systeme.csv
i18n.words_legacy_monolith	csvFileNames.kombi_10_15	str	kombi-universelle-wirklichkeit.csv
i18n.words_legacy_monolith	csvFileNames.kreis18	str	kreisVomTyp18.csv
i18n.words_legacy_monolith	csvFileNames.sunMoon	str	sunMoonEtc.csv
i18n.words_legacy_monolith	csvFileNames.meaningOfLife	str	meaningOfLife.csv
i18n.words_legacy_monolith	csvFileNames.dualitaetenTrinities	str	dualism-trinities-etc.csv
i18n.words_legacy_monolith	csvFileNames.bruchStrukGroesse	str	gebrochen-rational-strukturgroesse.csv
i18n.words_legacy_monolith	EIGS_N_R	tuple	2
i18n.words_legacy_monolith	EIGS_N_R[0]	str	PROPN
i18n.words_legacy_monolith	EIGS_N_R[1]	str	PROPR
i18n.words_legacy_monolith	readMeFileNames	class	4
i18n.words_legacy_monolith	readMeFileNames.reta	str	readme-reta-en.md
i18n.words_legacy_monolith	readMeFileNames.retaPrompt	str	readme-retaPrompt-en.md
i18n.words_legacy_monolith	readMeFileNames.startFiles	str	readme-startFiles.md
i18n.words_legacy_monolith	readMeFileNames.developer	str	readme.org
i18n.words_legacy_monolith	wrongLangSentence	str	for '-languages=' parameter values are allowed: 'en', 'en', 'de', 'de', 'vn', 'vn', 'vn', 'cn', 'cn', 'cn', 'kr', 'kr', 'kr'
i18n.words_legacy_monolith	tomDecodedMotivesLang	dict	3
i18n.words_legacy_monolith	tomDecodedMotivesLang[0].key	str	kr
i18n.words_legacy_monolith	tomDecodedMotivesLang[0].value	str	kr-thomas-decodedDekodiert-in-motives-purposesAbsichten.csv
i18n.words_legacy_monolith	tomDecodedMotivesLang[1].key	str	vn
i18n.words_legacy_monolith	tomDecodedMotivesLang[1].value	str	vn-thomas-decodedDekodiert-in-motives-purposesAbsichten.csv
i18n.words_legacy_monolith	tomDecodedMotivesLang[2].key	str	cn
i18n.words_legacy_monolith	tomDecodedMotivesLang[2].value	str	cn-thomas-decodedDekodiert-in-motives-purposesAbsichten.csv
i18n.words_runtime	__behavior__.classify[0]	str	yes
i18n.words_runtime	__behavior__.classify[1]	str	opposite
i18n.words_runtime	__behavior__.classify[2]	str	similar
i18n.words_runtime	__behavior__.classify[3]	str	distant opposite
i18n.words_runtime	__behavior__.classify[4]	str	remotely similar
