i18n.words_bootstrap	alxp	function	(text)
i18n.words_bootstrap	x	function	(text1, text)
i18n.words_context	alxp	function	(text)
i18n.words_context	x	function	(text1, text)
i18n.words_context	sprachen	defaultdict	13
i18n.words_context	sprachen[0].key	str	english
i18n.words_context	sprachen[0].value	str	en
i18n.words_context	sprachen[1].key	str	englisch
i18n.words_context	sprachen[1].value	str	en
i18n.words_context	sprachen[2].key	str	deutsch
i18n.words_context	sprachen[2].value	str	de
i18n.words_context	sprachen[3].key	str	german
i18n.words_context	sprachen[3].value	str	de
i18n.words_context	sprachen[4].key	str	vietnamesisch
i18n.words_context	sprachen[4].value	str	vn
i18n.words_context	sprachen[5].key	str	vietnamese
i18n.words_context	sprachen[5].value	str	vn
i18n.words_context	sprachen[6].key	str	tiếngviệt
i18n.words_context	sprachen[6].value	str	vn
i18n.words_context	sprachen[7].key	str	chinesisch
i18n.words_context	sprachen[7].value	str	cn
i18n.words_context	sprachen[8].key	str	chinese
i18n.words_context	sprachen[8].value	str	cn
i18n.words_context	sprachen[9].key	str	中國人
i18n.words_context	sprachen[9].value	str	cn
i18n.words_context	sprachen[10].key	str	koreanisch
i18n.words_context	sprachen[10].value	str	kr
i18n.words_context	sprachen[11].key	str	korean
i18n.words_context	sprachen[11].value	str	kr
i18n.words_context	sprachen[12].key	str	한국인
i18n.words_context	sprachen[12].value	str	kr
i18n.words_context	sprachen2	defaultdict	13
i18n.words_context	sprachen2[0].key	str	english
i18n.words_context	sprachen2[0].value	str	messages
i18n.words_context	sprachen2[1].key	str	englisch
i18n.words_context	sprachen2[1].value	str	messages
i18n.words_context	sprachen2[2].key	str	deutsch
i18n.words_context	sprachen2[2].value	str	messages
i18n.words_context	sprachen2[3].key	str	german
i18n.words_context	sprachen2[3].value	str	messages
i18n.words_context	sprachen2[4].key	str	vietnamesisch
i18n.words_context	sprachen2[4].value	str	vn
i18n.words_context	sprachen2[5].key	str	vietnamese
i18n.words_context	sprachen2[5].value	str	vn
i18n.words_context	sprachen2[6].key	str	tiếngviệt
i18n.words_context	sprachen2[6].value	str	vn
i18n.words_context	sprachen2[7].key	str	chinesisch
i18n.words_context	sprachen2[7].value	str	cn
i18n.words_context	sprachen2[8].key	str	chinese
i18n.words_context	sprachen2[8].value	str	cn
i18n.words_context	sprachen2[9].key	str	中國人
i18n.words_context	sprachen2[9].value	str	cn
i18n.words_context	sprachen2[10].key	str	koreanisch
i18n.words_context	sprachen2[10].value	str	kr
i18n.words_context	sprachen2[11].key	str	korean
i18n.words_context	sprachen2[11].value	str	kr
i18n.words_context	sprachen2[12].key	str	한국인
i18n.words_context	sprachen2[12].value	str	kr
i18n.words_context	sprachenWahl	str	deutsch
i18n.words_context	sprachenParameterWort	str	-language=
i18n.words_context	flagS	bool	true
i18n.words_context	arg	str	-language=deutsch
i18n.words_context	localedir	str	python_reference/i18n
i18n.words_context	Multiplikationen	list	1
i18n.words_context	Multiplikationen[0]	tuple	2
i18n.words_context	Multiplikationen[0][0]	str	Multiplikationen
i18n.words_context	Multiplikationen[0][1]	str	
i18n.words_context	netzwerkWort	str	netzwerk
i18n.words_context	Primzahlkreuz_pro_contra_strs	tuple	2
i18n.words_context	Primzahlkreuz_pro_contra_strs[0]	str	Primzahlkreuz_pro_contra
i18n.words_context	Primzahlkreuz_pro_contra_strs[1]	str	nachvollziehen_emotional_oder_geistig_durch_Primzahl-Kreuz-Algorithmus_(15)
i18n.words_context	keineTabellenAusgabe	str	ein Mal kein Tabelleninhalt
i18n.words_context	Primzahlkreuz_pro_contra_strs_Fkt	tuple	2
i18n.words_context	Primzahlkreuz_pro_contra_strs_Fkt[0]	str	Primzahlkreuz_pro_contra
i18n.words_context	Primzahlkreuz_pro_contra_strs_Fkt[1]	str	nachvollziehen_emotional_oder_geistig_durch_Primzahl-Kreuz-Algorithmus_(15)
i18n.words_context	Primzahlkreuz_pro_contra_strs_Dict	dict	1
i18n.words_context	Primzahlkreuz_pro_contra_strs_Dict[0].key	ref	i18n.words_context:Primzahlkreuz_pro_contra_strs
i18n.words_context	Primzahlkreuz_pro_contra_strs_Dict[0].value	ref	i18n.words_context:Primzahlkreuz_pro_contra_strs_Fkt
i18n.words_context	gebrochenSpaltenMaximumPlus1	int	24
i18n.words_context	primzahlWort	str	Primzahl
i18n.words_context	geistWort	str	geist
i18n.words_context	emotionWort	str	emotion
i18n.words_context	ausgabeParas	dict	13
i18n.words_context	ausgabeParas[0].key	str	nocolor
i18n.words_context	ausgabeParas[0].value	str	nocolor
i18n.words_context	ausgabeParas[1].key	str	justtext
i18n.words_context	ausgabeParas[1].value	str	justtext
i18n.words_context	ausgabeParas[2].key	str	art
i18n.words_context	ausgabeParas[2].value	str	art
i18n.words_context	ausgabeParas[3].key	str	onetable
i18n.words_context	ausgabeParas[3].value	str	onetable
i18n.words_context	ausgabeParas[4].key	str	spaltenreihenfolgeundnurdiese
i18n.words_context	ausgabeParas[4].value	str	spaltenreihenfolgeundnurdiese
i18n.words_context	ausgabeParas[5].key	str	endlessscreen
i18n.words_context	ausgabeParas[5].value	str	endlessscreen
i18n.words_context	ausgabeParas[6].key	str	endless
i18n.words_context	ausgabeParas[6].value	str	endless
i18n.words_context	ausgabeParas[7].key	str	dontwrap
i18n.words_context	ausgabeParas[7].value	str	dontwrap
i18n.words_context	ausgabeParas[8].key	str	breite
i18n.words_context	ausgabeParas[8].value	str	breite
i18n.words_context	ausgabeParas[9].key	str	breiten
i18n.words_context	ausgabeParas[9].value	str	breiten
i18n.words_context	ausgabeParas[10].key	str	keineleereninhalte
i18n.words_context	ausgabeParas[10].value	str	keineleereninhalte
i18n.words_context	ausgabeParas[11].key	str	keinenummerierung
i18n.words_context	ausgabeParas[11].value	str	keinenummerierung
i18n.words_context	ausgabeParas[12].key	str	keineueberschriften
i18n.words_context	ausgabeParas[12].value	str	keineueberschriften
i18n.words_context	ausgabeParasEqSign	dict	13
i18n.words_context	ausgabeParasEqSign[0].key	str	nocolor
i18n.words_context	ausgabeParasEqSign[0].value	bool	false
i18n.words_context	ausgabeParasEqSign[1].key	str	justtext
i18n.words_context	ausgabeParasEqSign[1].value	bool	false
i18n.words_context	ausgabeParasEqSign[2].key	str	art
i18n.words_context	ausgabeParasEqSign[2].value	bool	true
i18n.words_context	ausgabeParasEqSign[3].key	str	onetable
i18n.words_context	ausgabeParasEqSign[3].value	bool	false
i18n.words_context	ausgabeParasEqSign[4].key	str	spaltenreihenfolgeundnurdiese
i18n.words_context	ausgabeParasEqSign[4].value	bool	true
i18n.words_context	ausgabeParasEqSign[5].key	str	endlessscreen
i18n.words_context	ausgabeParasEqSign[5].value	bool	false
i18n.words_context	ausgabeParasEqSign[6].key	str	endless
i18n.words_context	ausgabeParasEqSign[6].value	bool	false
i18n.words_context	ausgabeParasEqSign[7].key	str	dontwrap
i18n.words_context	ausgabeParasEqSign[7].value	bool	false
i18n.words_context	ausgabeParasEqSign[8].key	str	breite
i18n.words_context	ausgabeParasEqSign[8].value	bool	true
i18n.words_context	ausgabeParasEqSign[9].key	str	breiten
i18n.words_context	ausgabeParasEqSign[9].value	bool	true
i18n.words_context	ausgabeParasEqSign[10].key	str	keineleereninhalte
i18n.words_context	ausgabeParasEqSign[10].value	bool	false
i18n.words_context	ausgabeParasEqSign[11].key	str	keinenummerierung
i18n.words_context	ausgabeParasEqSign[11].value	bool	false
i18n.words_context	ausgabeParasEqSign[12].key	str	keineueberschriften
i18n.words_context	ausgabeParasEqSign[12].value	bool	false
i18n.words_context	ausgabeParasLen	dict	13
i18n.words_context	ausgabeParasLen[0].key	str	nocolor
i18n.words_context	ausgabeParasLen[0].value	int	7
i18n.words_context	ausgabeParasLen[1].key	str	justtext
i18n.words_context	ausgabeParasLen[1].value	int	8
i18n.words_context	ausgabeParasLen[2].key	str	art
i18n.words_context	ausgabeParasLen[2].value	int	3
i18n.words_context	ausgabeParasLen[3].key	str	onetable
i18n.words_context	ausgabeParasLen[3].value	int	8
i18n.words_context	ausgabeParasLen[4].key	str	spaltenreihenfolgeundnurdiese
i18n.words_context	ausgabeParasLen[4].value	int	29
i18n.words_context	ausgabeParasLen[5].key	str	endlessscreen
i18n.words_context	ausgabeParasLen[5].value	int	13
i18n.words_context	ausgabeParasLen[6].key	str	endless
i18n.words_context	ausgabeParasLen[6].value	int	7
i18n.words_context	ausgabeParasLen[7].key	str	dontwrap
i18n.words_context	ausgabeParasLen[7].value	int	8
i18n.words_context	ausgabeParasLen[8].key	str	breite
i18n.words_context	ausgabeParasLen[8].value	int	6
i18n.words_context	ausgabeParasLen[9].key	str	breiten
i18n.words_context	ausgabeParasLen[9].value	int	7
i18n.words_context	ausgabeParasLen[10].key	str	keineleereninhalte
i18n.words_context	ausgabeParasLen[10].value	int	18
i18n.words_context	ausgabeParasLen[11].key	str	keinenummerierung
i18n.words_context	ausgabeParasLen[11].value	int	17
i18n.words_context	ausgabeParasLen[12].key	str	keineueberschriften
i18n.words_context	ausgabeParasLen[12].value	int	19
i18n.words_context	kombiMainParas	dict	2
i18n.words_context	kombiMainParas[0].key	str	galaxie
i18n.words_context	kombiMainParas[0].value	str	galaxie
i18n.words_context	kombiMainParas[1].key	str	universum
i18n.words_context	kombiMainParas[1].value	str	universum
i18n.words_context	zeilenParas	dict	27
i18n.words_context	zeilenParas[0].key	str	alles
i18n.words_context	zeilenParas[0].value	str	alles
i18n.words_context	zeilenParas[1].key	str	gestern
i18n.words_context	zeilenParas[1].value	str	gestern
i18n.words_context	zeilenParas[2].key	str	heute
i18n.words_context	zeilenParas[2].value	str	heute
i18n.words_context	zeilenParas[3].key	str	hoehemaximal
i18n.words_context	zeilenParas[3].value	str	hoehemaximal
i18n.words_context	zeilenParas[4].key	str	mond
i18n.words_context	zeilenParas[4].value	str	mond
i18n.words_context	zeilenParas[5].key	str	morgen
i18n.words_context	zeilenParas[5].value	str	morgen
i18n.words_context	zeilenParas[6].key	str	nachtraeglichneuabzaehlung
i18n.words_context	zeilenParas[6].value	str	nachtraeglichneuabzaehlung
i18n.words_context	zeilenParas[7].key	str	nachtraeglichneuabzaehlungvielfache
i18n.words_context	zeilenParas[7].value	str	nachtraeglichneuabzaehlungvielfache
i18n.words_context	zeilenParas[8].key	str	oberesmaximum
i18n.words_context	zeilenParas[8].value	str	oberesmaximum
i18n.words_context	zeilenParas[9].key	str	planet
i18n.words_context	zeilenParas[9].value	str	planet
i18n.words_context	zeilenParas[10].key	str	potenzenvonzahlen
i18n.words_context	zeilenParas[10].value	str	potenzenvonzahlen
i18n.words_context	zeilenParas[11].key	str	primzahlvielfache
i18n.words_context	zeilenParas[11].value	str	primzahlvielfache
i18n.words_context	zeilenParas[12].key	str	schwarzesonne
i18n.words_context	zeilenParas[12].value	str	schwarzesonne
i18n.words_context	zeilenParas[13].key	str	sonne
i18n.words_context	zeilenParas[13].value	str	sonne
i18n.words_context	zeilenParas[14].key	str	typ
i18n.words_context	zeilenParas[14].value	str	typ
i18n.words_context	zeilenParas[15].key	str	vielfachevonzahlen
i18n.words_context	zeilenParas[15].value	str	vielfachevonzahlen
i18n.words_context	zeilenParas[16].key	str	vorhervonausschnitt
i18n.words_context	zeilenParas[16].value	str	vorhervonausschnitt
i18n.words_context	zeilenParas[17].key	str	vorhervonausschnittteiler
i18n.words_context	zeilenParas[17].value	str	vorhervonausschnittteiler
i18n.words_context	zeilenParas[18].key	str	zaehlung
i18n.words_context	zeilenParas[18].value	str	zaehlung
i18n.words_context	zeilenParas[19].key	str	zeit
i18n.words_context	zeilenParas[19].value	str	zeit
i18n.words_context	zeilenParas[20].key	str	primzahlen
i18n.words_context	zeilenParas[20].value	str	primzahlen
i18n.words_context	zeilenParas[21].key	str	aussenerste
i18n.words_context	zeilenParas[21].value	str	aussenerste
i18n.words_context	zeilenParas[22].key	str	innenerste
i18n.words_context	zeilenParas[22].value	str	innenerste
i18n.words_context	zeilenParas[23].key	str	aussenalle
i18n.words_context	zeilenParas[23].value	str	aussenalle
i18n.words_context	zeilenParas[24].key	str	innenalle
i18n.words_context	zeilenParas[24].value	str	innenalle
i18n.words_context	zeilenParas[25].key	str	invertieren
i18n.words_context	zeilenParas[25].value	str	invertieren
i18n.words_context	zeilenParas[26].key	str	SonneMitMondanteil
i18n.words_context	zeilenParas[26].value	str	SonneMitMondanteil
i18n.words_context	zeilenParasLen	dict	27
i18n.words_context	zeilenParasLen[0].key	str	alles
i18n.words_context	zeilenParasLen[0].value	int	5
i18n.words_context	zeilenParasLen[1].key	str	gestern
i18n.words_context	zeilenParasLen[1].value	int	7
i18n.words_context	zeilenParasLen[2].key	str	heute
i18n.words_context	zeilenParasLen[2].value	int	5
i18n.words_context	zeilenParasLen[3].key	str	hoehemaximal
i18n.words_context	zeilenParasLen[3].value	int	12
i18n.words_context	zeilenParasLen[4].key	str	mond
i18n.words_context	zeilenParasLen[4].value	int	4
i18n.words_context	zeilenParasLen[5].key	str	morgen
i18n.words_context	zeilenParasLen[5].value	int	6
i18n.words_context	zeilenParasLen[6].key	str	nachtraeglichneuabzaehlung
i18n.words_context	zeilenParasLen[6].value	int	26
i18n.words_context	zeilenParasLen[7].key	str	nachtraeglichneuabzaehlungvielfache
i18n.words_context	zeilenParasLen[7].value	int	35
i18n.words_context	zeilenParasLen[8].key	str	oberesmaximum
i18n.words_context	zeilenParasLen[8].value	int	13
i18n.words_context	zeilenParasLen[9].key	str	planet
i18n.words_context	zeilenParasLen[9].value	int	6
i18n.words_context	zeilenParasLen[10].key	str	potenzenvonzahlen
i18n.words_context	zeilenParasLen[10].value	int	17
i18n.words_context	zeilenParasLen[11].key	str	primzahlvielfache
i18n.words_context	zeilenParasLen[11].value	int	17
i18n.words_context	zeilenParasLen[12].key	str	schwarzesonne
i18n.words_context	zeilenParasLen[12].value	int	13
i18n.words_context	zeilenParasLen[13].key	str	sonne
i18n.words_context	zeilenParasLen[13].value	int	5
i18n.words_context	zeilenParasLen[14].key	str	typ
i18n.words_context	zeilenParasLen[14].value	int	3
i18n.words_context	zeilenParasLen[15].key	str	vielfachevonzahlen
i18n.words_context	zeilenParasLen[15].value	int	18
i18n.words_context	zeilenParasLen[16].key	str	vorhervonausschnitt
i18n.words_context	zeilenParasLen[16].value	int	19
i18n.words_context	zeilenParasLen[17].key	str	vorhervonausschnittteiler
i18n.words_context	zeilenParasLen[17].value	int	25
i18n.words_context	zeilenParasLen[18].key	str	zaehlung
i18n.words_context	zeilenParasLen[18].value	int	8
i18n.words_context	zeilenParasLen[19].key	str	zeit
i18n.words_context	zeilenParasLen[19].value	int	4
i18n.words_context	zeilenParasLen[20].key	str	primzahlen
i18n.words_context	zeilenParasLen[20].value	int	10
i18n.words_context	zeilenParasLen[21].key	str	aussenerste
i18n.words_context	zeilenParasLen[21].value	int	11
i18n.words_context	zeilenParasLen[22].key	str	innenerste
i18n.words_context	zeilenParasLen[22].value	int	10
i18n.words_context	zeilenParasLen[23].key	str	aussenalle
i18n.words_context	zeilenParasLen[23].value	int	10
i18n.words_context	zeilenParasLen[24].key	str	innenalle
i18n.words_context	zeilenParasLen[24].value	int	9
i18n.words_context	zeilenParasLen[25].key	str	invertieren
i18n.words_context	zeilenParasLen[25].value	int	11
i18n.words_context	zeilenParasLen[26].key	str	SonneMitMondanteil
i18n.words_context	zeilenParasLen[26].value	int	18
i18n.words_context	hauptForNeben	dict	8
i18n.words_context	hauptForNeben[0].key	str	zeilen
i18n.words_context	hauptForNeben[0].value	str	zeilen
i18n.words_context	hauptForNeben[1].key	str	spalten
i18n.words_context	hauptForNeben[1].value	str	spalten
i18n.words_context	hauptForNeben[2].key	str	kombination
i18n.words_context	hauptForNeben[2].value	str	kombination
i18n.words_context	hauptForNeben[3].key	str	ausgabe
i18n.words_context	hauptForNeben[3].value	str	ausgabe
i18n.words_context	hauptForNeben[4].key	str	h
i18n.words_context	hauptForNeben[4].value	str	h
i18n.words_context	hauptForNeben[5].key	str	help
i18n.words_context	hauptForNeben[5].value	str	help
i18n.words_context	hauptForNeben[6].key	str	debug
i18n.words_context	hauptForNeben[6].value	str	debug
i18n.words_context	hauptForNeben[7].key	str	nichts
i18n.words_context	hauptForNeben[7].value	str	nichts
i18n.words_context	ausgabeArt	dict	7
i18n.words_context	ausgabeArt[0].key	str	bbcode
i18n.words_context	ausgabeArt[0].value	str	bbcode
i18n.words_context	ausgabeArt[1].key	str	html
i18n.words_context	ausgabeArt[1].value	str	html
i18n.words_context	ausgabeArt[2].key	str	csv
i18n.words_context	ausgabeArt[2].value	str	csv
i18n.words_context	ausgabeArt[3].key	str	shell
i18n.words_context	ausgabeArt[3].value	str	shell
i18n.words_context	ausgabeArt[4].key	str	markdown
i18n.words_context	ausgabeArt[4].value	str	markdown
i18n.words_context	ausgabeArt[5].key	str	emacs
i18n.words_context	ausgabeArt[5].value	str	emacs
i18n.words_context	ausgabeArt[6].key	str	nichts
i18n.words_context	ausgabeArt[6].value	str	nichts
i18n.words_context	wahl16Words	dict	2
i18n.words_context	wahl16Words[0].key	str	Multiversalien_(16)
i18n.words_context	wahl16Words[0].value	str	Multiversalien_(16)
i18n.words_context	wahl16Words[1].key	str	P
i18n.words_context	wahl16Words[1].value	str	P
i18n.words_context	wahl15Words	dict	54
i18n.words_context	wahl15Words[0].key	str	Strukturalien_bzw_Meta-Paradigmen_bzw_Transzendentalien_(15),Geist_(15),Model_of_Hierarchical_Complexity,nachvollziehen_emotional_oder_geistig_durch_Primzahl-Kreuz-Algorithmus_(15)
i18n.words_context	wahl15Words[0].value	str	Strukturalien_bzw_Meta-Paradigmen_bzw_Transzendentalien_(15),Geist_(15),Model_of_Hierarchical_Complexity),,nachvollziehen_emotional_oder_geistig_durch_Primzahl-Kreuz-Algorithmus_(15)
i18n.words_context	wahl15Words[1].key	str	Konkreta_und_Focus_(2)
i18n.words_context	wahl15Words[1].value	str	Konkreta_und_Focus_(2)
i18n.words_context	wahl15Words[2].key	str	Impulse_(5)
i18n.words_context	wahl15Words[2].value	str	Impulse_(5)
i18n.words_context	wahl15Words[3].key	str	Gefühle_(7)
i18n.words_context	wahl15Words[3].value	str	Gefühle_(7)
i18n.words_context	wahl15Words[4].key	str	Modus_und_Sein_(8)
i18n.words_context	wahl15Words[4].value	str	Modus_und_Sein_(8)
i18n.words_context	wahl15Words[5].key	str	Wirklichkeiten_Wahrheit_Wahrnehmung_(10)
i18n.words_context	wahl15Words[5].value	str	Wirklichkeiten_Wahrheit_Wahrnehmung_(10)
i18n.words_context	wahl15Words[6].key	str	Meta-Systeme_(12),Ordnung_und_Filterung_12_und_1pro12
i18n.words_context	wahl15Words[6].value	str	Meta-Systeme_(12),Ordnung_und_Filterung_12_und_1pro12
i18n.words_context	wahl15Words[7].key	str	Paradigmen_sind_Absichten_(13)
i18n.words_context	wahl15Words[7].value	str	Paradigmen_sind_Absichten_(13)
i18n.words_context	wahl15Words[8].key	str	Gedanken_sind_Positionen_(17)
i18n.words_context	wahl15Words[8].value	str	Gedanken_sind_Positionen_(17)
i18n.words_context	wahl15Words[9].key	str	Verbundenheiten_(18)
i18n.words_context	wahl15Words[9].value	str	Verbundenheiten_(18)
i18n.words_context	wahl15Words[10].key	str	Triebe_und_Bedürfnisse_(6)
i18n.words_context	wahl15Words[10].value	str	Triebe_und_Bedürfnisse_(6)
i18n.words_context	wahl15Words[11].key	str	Lust_(9)
i18n.words_context	wahl15Words[11].value	str	Lust_(9)
i18n.words_context	wahl15Words[12].key	str	Reflexe_(3),Existenzialien_(3)
i18n.words_context	wahl15Words[12].value	str	Reflexe_(3),Existenzialien_(3)
i18n.words_context	wahl15Words[13].key	str	Absicht_6_ist_Vorteilsmaximierung
i18n.words_context	wahl15Words[13].value	str	Absicht_6_ist_Vorteilsmaximierung
i18n.words_context	wahl15Words[14].key	str	Absicht_7_ist_Selbstlosigkeit
i18n.words_context	wahl15Words[14].value	str	Absicht_7_ist_Selbstlosigkeit
i18n.words_context	wahl15Words[15].key	str	Absicht_10_ist_Wirklichkeit_erkennen
i18n.words_context	wahl15Words[15].value	str	Absicht_10_ist_Wirklichkeit_erkennen
i18n.words_context	wahl15Words[16].key	str	Absicht_17_ist_zu_meinen
i18n.words_context	wahl15Words[16].value	str	Absicht_17_ist_zu_meinen
i18n.words_context	wahl15Words[17].key	str	Zeit_(4)_als_Wirklichkeit
i18n.words_context	wahl15Words[17].value	str	Zeit_(4)_als_Wirklichkeit
i18n.words_context	wahl15Words[18].key	str	Funktionen_Vorstellungen_(16)
i18n.words_context	wahl15Words[18].value	str	Funktionen_Vorstellungen_(16)
i18n.words_context	wahl15Words[19].key	str	Achtung_(4)
i18n.words_context	wahl15Words[19].value	str	Achtung_(4)
i18n.words_context	wahl15Words[20].key	str	Absicht_1/8
i18n.words_context	wahl15Words[20].value	str	Absicht_1/8
i18n.words_context	wahl15Words[21].key	str	Absicht_1/6_ist_Reinigung_und_Klarheit
i18n.words_context	wahl15Words[21].value	str	Absicht_1/6_ist_Reinigung_und_Klarheit
i18n.words_context	wahl15Words[22].key	str	Reflektion_und_Kategorien_(1/15)
i18n.words_context	wahl15Words[22].value	str	Reflektion_und_Kategorien_(1/15)
i18n.words_context	wahl15Words[23].key	str	Bewusstheit_statt_Bewusstsein_(1)
i18n.words_context	wahl15Words[23].value	str	Bewusstheit_statt_Bewusstsein_(1)
i18n.words_context	wahl15Words[24].key	str	Energie_und_universelle_Eigenschaften_(30)
i18n.words_context	wahl15Words[24].value	str	Energie_und_universelle_Eigenschaften_(30)
i18n.words_context	wahl15Words[25].key	str	Stimmungen_Kombinationen_(14)
i18n.words_context	wahl15Words[25].value	str	Stimmungen_Kombinationen_(14)
i18n.words_context	wahl15Words[26].key	str	Klassen_(20)
i18n.words_context	wahl15Words[26].value	str	Klassen_(20)
i18n.words_context	wahl15Words[27].key	str	Empathie_(37)
i18n.words_context	wahl15Words[27].value	str	Empathie_(37)
i18n.words_context	wahl15Words[28].key	str	Garben_und_Verhalten_nachfühlen(31)
i18n.words_context	wahl15Words[28].value	str	Garben_und_Verhalten_nachfühlen(31)
i18n.words_context	wahl15Words[29].key	str	Verhalten_(11)
i18n.words_context	wahl15Words[29].value	str	Verhalten_(11)
i18n.words_context	wahl15Words[30].key	str	Bedeutung_(10)
i18n.words_context	wahl15Words[30].value	str	Bedeutung_(10)
i18n.words_context	wahl15Words[31].key	str	Themen_(6)
i18n.words_context	wahl15Words[31].value	str	Themen_(6)
i18n.words_context	wahl15Words[32].key	str	Optimierung_(10)
i18n.words_context	wahl15Words[32].value	str	Optimierung_(10)
i18n.words_context	wahl15Words[33].key	str	Attraktionen_(36)
i18n.words_context	wahl15Words[33].value	str	Attraktionen_(36)
i18n.words_context	wahl15Words[34].key	str	Absicht_16_ist_zu_genügen
i18n.words_context	wahl15Words[34].value	str	Absicht_16_ist_zu_genügen
i18n.words_context	wahl15Words[35].key	str	Liebe_(7)
i18n.words_context	wahl15Words[35].value	str	Liebe_(7)
i18n.words_context	wahl15Words[36].key	str	Koalitionen_(10)
i18n.words_context	wahl15Words[36].value	str	Koalitionen_(10)
i18n.words_context	wahl15Words[37].key	str	Ansichten_Standpunkte_(18_17)
i18n.words_context	wahl15Words[37].value	str	Ansichten_Standpunkte_(18_17)
i18n.words_context	wahl15Words[38].key	str	Prinzipien(1/8)
i18n.words_context	wahl15Words[38].value	str	Prinzipien(1/8)
i18n.words_context	wahl15Words[39].key	str	Bestrebungen(1/5)
i18n.words_context	wahl15Words[39].value	str	Bestrebungen(1/5)
i18n.words_context	wahl15Words[40].key	str	Bedingung_und_Auslöser_(1/3)
i18n.words_context	wahl15Words[40].value	str	Bedingung_und_Auslöser_(1/3)
i18n.words_context	wahl15Words[41].key	str	relativer_Zeit-Betrag_(15_10_4_18_6)
i18n.words_context	wahl15Words[41].value	str	relativer_Zeit-Betrag_(15_10_4_18_6)
i18n.words_context	wahl15Words[42].key	str	Zahlenvergleich_(15_18_6)
i18n.words_context	wahl15Words[42].value	str	Zahlenvergleich_(15_18_6)
i18n.words_context	wahl15Words[43].key	str	Leidenschaften_(21)
i18n.words_context	wahl15Words[43].value	str	Leidenschaften_(21)
i18n.words_context	wahl15Words[44].key	str	Erwartungshaltungen_(26)
i18n.words_context	wahl15Words[44].value	str	Erwartungshaltungen_(26)
i18n.words_context	wahl15Words[45].key	str	Extremalien_(19),Ziele_(19)
i18n.words_context	wahl15Words[45].value	str	Extremalien_(19),Ziele_(19)
i18n.words_context	wahl15Words[46].key	str	universeller_Komperativ_(18→15)
i18n.words_context	wahl15Words[46].value	str	universeller_Komperativ_(18→15)
i18n.words_context	wahl15Words[47].key	str	Relation_zueinander_reziprok_Universellen_(18→n_vs._1/n)
i18n.words_context	wahl15Words[47].value	str	Relation_zueinander_reziprok_Universellen_(18→n_vs._1/n)
i18n.words_context	wahl15Words[48].key	str	Sollen_Frage_Vorgehensweise_(1/13)
i18n.words_context	wahl15Words[48].value	str	Sollen_Frage_Vorgehensweise_(1/13)
i18n.words_context	wahl15Words[49].key	str	Fundament_(1/19)
i18n.words_context	wahl15Words[49].value	str	Fundament_(1/19)
i18n.words_context	wahl15Words[50].key	str	abhängige_Verbundenheit_(90)
i18n.words_context	wahl15Words[50].value	str	abhängige_Verbundenheit_(90)
i18n.words_context	wahl15Words[51].key	str	Absicht_13_ist_Helfen
i18n.words_context	wahl15Words[51].value	str	Absicht_13_ist_Helfen
i18n.words_context	wahl15Words[52].key	str	Karte_Filter_und_Unterscheidung_(1/12)
i18n.words_context	wahl15Words[52].value	str	Karte_Filter_und_Unterscheidung_(1/12)
i18n.words_context	wahl15Words[53].key	str	Maßnahmen_39
i18n.words_context	wahl15Words[53].value	str	Maßnahmen_(39)
i18n.words_context	kugelnKreise	list	2
i18n.words_context	kugelnKreise[0]	str	kugeln
i18n.words_context	kugelnKreise[1]	str	kreise
i18n.words_context	ParametersMain	namedtuple	ParametersMain\x1f33
i18n.words_context	ParametersMain.wichtigste	tuple	2
i18n.words_context	ParametersMain.wichtigste[0]	str	Wichtigstes_zum_verstehen
i18n.words_context	ParametersMain.wichtigste[1]	str	wichtigsteverstehen
i18n.words_context	ParametersMain.wichtigste2	tuple	2
i18n.words_context	ParametersMain.wichtigste2[0]	str	Wichtigstes_zum_gedanklich_einordnen
i18n.words_context	ParametersMain.wichtigste2[1]	str	wichtigsteeinordnen
i18n.words_context	ParametersMain.religionen	tuple	3
i18n.words_context	ParametersMain.religionen[0]	str	Religionen
i18n.words_context	ParametersMain.religionen[1]	str	religionen
i18n.words_context	ParametersMain.religionen[2]	str	religion
i18n.words_context	ParametersMain.galaxie	tuple	6
i18n.words_context	ParametersMain.galaxie[0]	str	Galaxie
i18n.words_context	ParametersMain.galaxie[1]	str	galaxie
i18n.words_context	ParametersMain.galaxie[2]	str	alteschriften
i18n.words_context	ParametersMain.galaxie[3]	str	kreis
i18n.words_context	ParametersMain.galaxie[4]	str	galaxien
i18n.words_context	ParametersMain.galaxie[5]	str	kreise
i18n.words_context	ParametersMain.strukturgroesse	tuple	9
i18n.words_context	ParametersMain.strukturgroesse[0]	str	Größenordnung
i18n.words_context	ParametersMain.strukturgroesse[1]	str	groessenordnung
i18n.words_context	ParametersMain.strukturgroesse[2]	str	strukturgroesse
i18n.words_context	ParametersMain.strukturgroesse[3]	str	strukturgroeße
i18n.words_context	ParametersMain.strukturgroesse[4]	str	strukturgrösse
i18n.words_context	ParametersMain.strukturgroesse[5]	str	strukturgröße
i18n.words_context	ParametersMain.strukturgroesse[6]	str	groesse
i18n.words_context	ParametersMain.strukturgroesse[7]	str	stufe
i18n.words_context	ParametersMain.strukturgroesse[8]	str	organisationen
i18n.words_context	ParametersMain.universum	tuple	9
i18n.words_context	ParametersMain.universum[0]	str	Universum
i18n.words_context	ParametersMain.universum[1]	str	universum
i18n.words_context	ParametersMain.universum[2]	str	transzendentalien
i18n.words_context	ParametersMain.universum[3]	str	strukturalien
i18n.words_context	ParametersMain.universum[4]	str	kugel
i18n.words_context	ParametersMain.universum[5]	str	kugeln
i18n.words_context	ParametersMain.universum[6]	str	ball
i18n.words_context	ParametersMain.universum[7]	str	baelle
i18n.words_context	ParametersMain.universum[8]	str	bälle
i18n.words_context	ParametersMain.multiversum	tuple	2
i18n.words_context	ParametersMain.multiversum[0]	str	Multiversum
i18n.words_context	ParametersMain.multiversum[1]	str	multiversum
i18n.words_context	ParametersMain.wirtschaft	tuple	2
i18n.words_context	ParametersMain.wirtschaft[0]	str	Wirtschaft
i18n.words_context	ParametersMain.wirtschaft[1]	str	wirtschaft
i18n.words_context	ParametersMain.menschliches	tuple	2
i18n.words_context	ParametersMain.menschliches[0]	str	Menschliches
i18n.words_context	ParametersMain.menschliches[1]	str	menschliches
i18n.words_context	ParametersMain.procontra	tuple	3
i18n.words_context	ParametersMain.procontra[0]	str	Pro_Contra
i18n.words_context	ParametersMain.procontra[1]	str	procontra
i18n.words_context	ParametersMain.procontra[2]	str	dagegendafuer
i18n.words_context	ParametersMain.licht	tuple	2
i18n.words_context	ParametersMain.licht[0]	str	Licht
i18n.words_context	ParametersMain.licht[1]	str	licht
i18n.words_context	ParametersMain.bedeutung	tuple	2
i18n.words_context	ParametersMain.bedeutung[0]	str	Bedeutung
i18n.words_context	ParametersMain.bedeutung[1]	str	bedeutung
i18n.words_context	ParametersMain.symbole	tuple	2
i18n.words_context	ParametersMain.symbole[0]	str	Symbole
i18n.words_context	ParametersMain.symbole[1]	str	symbole
i18n.words_context	ParametersMain.Multiplikationen	list	1
i18n.words_context	ParametersMain.Multiplikationen[0]	str	Multiplikationen
i18n.words_context	ParametersMain.konzept	tuple	5
i18n.words_context	ParametersMain.konzept[0]	str	Eigenschaften_n
i18n.words_context	ParametersMain.konzept[1]	str	eigenschaften
i18n.words_context	ParametersMain.konzept[2]	str	eigenschaft
i18n.words_context	ParametersMain.konzept[3]	str	konzept
i18n.words_context	ParametersMain.konzept[4]	str	konzepte
i18n.words_context	ParametersMain.konzept2	tuple	3
i18n.words_context	ParametersMain.konzept2[0]	str	Eigenschaften_1/n
i18n.words_context	ParametersMain.konzept2[1]	str	konzept2
i18n.words_context	ParametersMain.konzept2[2]	str	konzepte2
i18n.words_context	ParametersMain.inkrementieren	tuple	2
i18n.words_context	ParametersMain.inkrementieren[0]	str	Inkrementieren
i18n.words_context	ParametersMain.inkrementieren[1]	str	inkrementieren
i18n.words_context	ParametersMain.operationen	tuple	2
i18n.words_context	ParametersMain.operationen[0]	str	Operationen
i18n.words_context	ParametersMain.operationen[1]	str	operationen
i18n.words_context	ParametersMain.universummetakonkret	tuple	2
i18n.words_context	ParametersMain.universummetakonkret[0]	str	Meta_vs_Konkret_(Universum)
i18n.words_context	ParametersMain.universummetakonkret[1]	str	universummetakonkret
i18n.words_context	ParametersMain.primzahlwirkung	tuple	2
i18n.words_context	ParametersMain.primzahlwirkung[0]	str	Primzahlwirkung
i18n.words_context	ParametersMain.primzahlwirkung[1]	str	primzahlwirkung
i18n.words_context	ParametersMain.gebrochenuniversum	tuple	2
i18n.words_context	ParametersMain.gebrochenuniversum[0]	str	gebrochen-rational_Universum_n/m
i18n.words_context	ParametersMain.gebrochenuniversum[1]	str	gebrochenuniversum
i18n.words_context	ParametersMain.gebrochengalaxie	tuple	2
i18n.words_context	ParametersMain.gebrochengalaxie[0]	str	gebrochen-rational_Galaxie_n/m
i18n.words_context	ParametersMain.gebrochengalaxie[1]	str	gebrochengalaxie
i18n.words_context	ParametersMain.gebrochenemotion	tuple	2
i18n.words_context	ParametersMain.gebrochenemotion[0]	str	gebrochen-rational_Gefuehle_n/m
i18n.words_context	ParametersMain.gebrochenemotion[1]	str	gebrochenemotion
i18n.words_context	ParametersMain.gebrochengroesse	tuple	2
i18n.words_context	ParametersMain.gebrochengroesse[0]	str	gebrochen-rational_Strukturgroesse_n/m
i18n.words_context	ParametersMain.gebrochengroesse[1]	str	gebrochengroesse
i18n.words_context	ParametersMain.primvielfache	tuple	2
i18n.words_context	ParametersMain.primvielfache[0]	str	Multiplikationen
i18n.words_context	ParametersMain.primvielfache[1]	str	multiplikationen
i18n.words_context	ParametersMain.planet	tuple	2
i18n.words_context	ParametersMain.planet[0]	str	Planet_(10_und_oder_12)
i18n.words_context	ParametersMain.planet[1]	str	planet
i18n.words_context	ParametersMain.strukturenkleinere	tuple	2
i18n.words_context	ParametersMain.strukturenkleinere[0]	str	Strukturen_1_bis_9
i18n.words_context	ParametersMain.strukturenkleinere[1]	str	strukturkleinerzehn
i18n.words_context	ParametersMain.grundstrukturen	tuple	2
i18n.words_context	ParametersMain.grundstrukturen[0]	str	Grundstrukturen
i18n.words_context	ParametersMain.grundstrukturen[1]	str	grundstrukturen
i18n.words_context	ParametersMain.teilchen	tuple	2
i18n.words_context	ParametersMain.teilchen[0]	str	Teilchen-Meta-Physik
i18n.words_context	ParametersMain.teilchen[1]	str	teilchen
i18n.words_context	ParametersMain.kontinuum	tuple	2
i18n.words_context	ParametersMain.kontinuum[0]	str	Kontinuum
i18n.words_context	ParametersMain.kontinuum[1]	str	kontinuum
i18n.words_context	ParametersMain.herrschaft	tuple	2
i18n.words_context	ParametersMain.herrschaft[0]	str	Herrschaft
i18n.words_context	ParametersMain.herrschaft[1]	str	macht
i18n.words_context	ParametersMain.metachemiemetametaphysik	tuple	1
i18n.words_context	ParametersMain.metachemiemetametaphysik[0]	str	MetaMetaPhysik_und_MetaChemie
i18n.words_context	ParametersMain.alles	tuple	1
i18n.words_context	ParametersMain.alles[0]	str	alles
i18n.words_context	konzeptE	dict	2
i18n.words_context	konzeptE[0].key	str	konzept
i18n.words_context	konzeptE[0].value	str	konzept
i18n.words_context	konzeptE[1].key	str	konzept2
i18n.words_context	konzeptE[1].value	str	konzept2
i18n.words_context	gebrochenUniGal	dict	4
i18n.words_context	gebrochenUniGal[0].key	str	gebrochenuniversum
i18n.words_context	gebrochenUniGal[0].value	ref	i18n.words_context:ParametersMain.gebrochenuniversum
i18n.words_context	gebrochenUniGal[1].key	str	gebrochengalaxie
i18n.words_context	gebrochenUniGal[1].value	ref	i18n.words_context:ParametersMain.gebrochengalaxie
i18n.words_context	gebrochenUniGal[2].key	str	gebrochenemotion
i18n.words_context	gebrochenUniGal[2].value	ref	i18n.words_context:ParametersMain.gebrochenemotion
i18n.words_context	gebrochenUniGal[3].key	str	gebrochengroesse
i18n.words_context	gebrochenUniGal[3].value	ref	i18n.words_context:ParametersMain.gebrochengroesse
i18n.words_context	gebrochenUniGalEinzeln	set	8
i18n.words_context	gebrochenUniGalEinzeln[0]	str	gebrochen-rational_Galaxie_n/m
i18n.words_context	gebrochenUniGalEinzeln[1]	str	gebrochen-rational_Gefuehle_n/m
i18n.words_context	gebrochenUniGalEinzeln[2]	str	gebrochen-rational_Strukturgroesse_n/m
i18n.words_context	gebrochenUniGalEinzeln[3]	str	gebrochen-rational_Universum_n/m
i18n.words_context	gebrochenUniGalEinzeln[4]	str	gebrochenemotion
i18n.words_context	gebrochenUniGalEinzeln[5]	str	gebrochengalaxie
i18n.words_context	gebrochenUniGalEinzeln[6]	str	gebrochengroesse
i18n.words_context	gebrochenUniGalEinzeln[7]	str	gebrochenuniversum
i18n.words_context	wahl15	dict	65
i18n.words_context	wahl15[0].key	str	15
i18n.words_context	wahl15[0].value	str	Strukturalien_bzw_Meta-Paradigmen_bzw_Transzendentalien_(15),Geist_(15),Model_of_Hierarchical_Complexity,Biologischer_Baum_(15),Teilchen_anderes_Universum,nachvollziehen_emotional_oder_geistig_durch_Primzahl-Kreuz-Algorithmus_(15)
i18n.words_context	wahl15[1].key	str	2
i18n.words_context	wahl15[1].value	str	Konkreta_und_Focus_(2)
i18n.words_context	wahl15[2].key	str	5
i18n.words_context	wahl15[2].value	str	Impulse_(5)
i18n.words_context	wahl15[3].key	str	7
i18n.words_context	wahl15[3].value	str	Gefühle_(7),Anführer_Arten_(7),Erlösung
i18n.words_context	wahl15[4].key	str	8
i18n.words_context	wahl15[4].value	str	Modus_und_Sein_(8),Bestrafung,Gewalt
i18n.words_context	wahl15[5].key	str	10
i18n.words_context	wahl15[5].value	str	Wirklichkeiten_Wahrheit_Wahrnehmung_(10)
i18n.words_context	wahl15[6].key	str	1pro30
i18n.words_context	wahl15[6].value	str	analytische_Ontologie
i18n.words_context	wahl15[7].key	str	12
i18n.words_context	wahl15[7].value	str	Meta-Systeme_(12),Ordnung_und_Filterung_12_und_1pro12
i18n.words_context	wahl15[8].key	str	13
i18n.words_context	wahl15[8].value	str	Paradigmen_sind_Absichten_(13)
i18n.words_context	wahl15[9].key	str	17
i18n.words_context	wahl15[9].value	str	Gedanken_sind_Positionen_(17)
i18n.words_context	wahl15[10].key	str	18
i18n.words_context	wahl15[10].value	str	Verbundenheiten_(18)
i18n.words_context	wahl15[11].key	str	6
i18n.words_context	wahl15[11].value	str	Triebe_und_Bedürfnisse_(6),System
i18n.words_context	wahl15[12].key	str	9
i18n.words_context	wahl15[12].value	str	Lust_(9)
i18n.words_context	wahl15[13].key	str	3
i18n.words_context	wahl15[13].value	str	Reflexe_(3),Existenzialien_(3)
i18n.words_context	wahl15[14].key	str	13_6
i18n.words_context	wahl15[14].value	str	Absicht_6_ist_Vorteilsmaximierung
i18n.words_context	wahl15[15].key	str	13_7
i18n.words_context	wahl15[15].value	str	Absicht_7_ist_Selbstlosigkeit
i18n.words_context	wahl15[16].key	str	13_10
i18n.words_context	wahl15[16].value	str	Absicht_10_ist_Wirklichkeit_erkennen
i18n.words_context	wahl15[17].key	str	13_17
i18n.words_context	wahl15[17].value	str	Absicht_17_ist_zu_meinen
i18n.words_context	wahl15[18].key	str	10_4
i18n.words_context	wahl15[18].value	str	Zeit_(4)_als_Wirklichkeit
i18n.words_context	wahl15[19].key	str	16
i18n.words_context	wahl15[19].value	str	Funktionen_Vorstellungen_(16)
i18n.words_context	wahl15[20].key	str	4
i18n.words_context	wahl15[20].value	str	Achtung_(4)
i18n.words_context	wahl15[21].key	str	13_1pro8
i18n.words_context	wahl15[21].value	str	Absicht_1/8
i18n.words_context	wahl15[22].key	str	13_1pro6
i18n.words_context	wahl15[22].value	str	Absicht_1/6_ist_Reinigung_und_Klarheit
i18n.words_context	wahl15[23].key	str	1pro15
i18n.words_context	wahl15[23].value	str	Reflektion_und_Kategorien_(1/15)
i18n.words_context	wahl15[24].key	str	1
i18n.words_context	wahl15[24].value	str	Bewusstheit_statt_Bewusstsein_(1)
i18n.words_context	wahl15[25].key	str	30
i18n.words_context	wahl15[25].value	str	Energie_und_universelle_Eigenschaften_(30)
i18n.words_context	wahl15[26].key	str	14
i18n.words_context	wahl15[26].value	str	Stimmungen_Kombinationen_(14)
i18n.words_context	wahl15[27].key	str	14_6
i18n.words_context	wahl15[27].value	str	Rechnen
i18n.words_context	wahl15[28].key	str	20
i18n.words_context	wahl15[28].value	str	Klassen_(20)
i18n.words_context	wahl15[29].key	str	37
i18n.words_context	wahl15[29].value	str	Empathie_(37)
i18n.words_context	wahl15[30].key	str	31
i18n.words_context	wahl15[30].value	str	Garben_und_Verhalten_nachfühlen(31)
i18n.words_context	wahl15[31].key	str	11
i18n.words_context	wahl15[31].value	str	Verhalten_(11)
i18n.words_context	wahl15[32].key	str	5_10
i18n.words_context	wahl15[32].value	str	Bedeutung_(10)
i18n.words_context	wahl15[33].key	str	17_6
i18n.words_context	wahl15[33].value	str	Themen_(6)
i18n.words_context	wahl15[34].key	str	17_6_10mit4
i18n.words_context	wahl15[34].value	str	Optimierung_(10)
i18n.words_context	wahl15[35].key	str	36
i18n.words_context	wahl15[35].value	str	Attraktionen_(36)
i18n.words_context	wahl15[36].key	str	13_16
i18n.words_context	wahl15[36].value	str	Absicht_16_ist_zu_genügen
i18n.words_context	wahl15[37].key	str	18_7
i18n.words_context	wahl15[37].value	str	Liebe_(7)
i18n.words_context	wahl15[38].key	str	18_10
i18n.words_context	wahl15[38].value	str	Koalitionen_(10)
i18n.words_context	wahl15[39].key	str	18_17
i18n.words_context	wahl15[39].value	str	Ansichten_Standpunkte_(18_17)
i18n.words_context	wahl15[40].key	str	1pro8
i18n.words_context	wahl15[40].value	str	Prinzipien(1/8)
i18n.words_context	wahl15[41].key	str	1pro5
i18n.words_context	wahl15[41].value	str	Bestrebungen(1/5)
i18n.words_context	wahl15[42].key	str	1pro3
i18n.words_context	wahl15[42].value	str	Bedingung_und_Auslöser_(1/3)
i18n.words_context	wahl15[43].key	str	10_4_18_6
i18n.words_context	wahl15[43].value	str	relativer_Zeit-Betrag_(15_10_4_18_6)
i18n.words_context	wahl15[44].key	str	18_6
i18n.words_context	wahl15[44].value	str	Zahlenvergleich_(15_18_6)
i18n.words_context	wahl15[45].key	str	21
i18n.words_context	wahl15[45].value	str	Leidenschaften_(21)
i18n.words_context	wahl15[46].key	str	26
i18n.words_context	wahl15[46].value	str	Erwartungshaltungen_(26)
i18n.words_context	wahl15[47].key	str	19
i18n.words_context	wahl15[47].value	str	Extremalien_(19),Ziele_(19)
i18n.words_context	wahl15[48].key	str	18_15
i18n.words_context	wahl15[48].value	str	universeller_Komperativ_(18→15)
i18n.words_context	wahl15[49].key	str	18_15_n-vs-1pron
i18n.words_context	wahl15[49].value	str	Relation_zueinander_reziprok_Universellen_(18→n_vs._1/n)
i18n.words_context	wahl15[50].key	str	1pro13
i18n.words_context	wahl15[50].value	str	Sollen_Frage_Vorgehensweise_(1/13)
i18n.words_context	wahl15[51].key	str	1pro19
i18n.words_context	wahl15[51].value	str	Fundament_(1/19)
i18n.words_context	wahl15[52].key	str	90
i18n.words_context	wahl15[52].value	str	abhängige_Verbundenheit_(90)
i18n.words_context	wahl15[53].key	str	13_13
i18n.words_context	wahl15[53].value	str	Absicht_13_ist_Helfen
i18n.words_context	wahl15[54].key	str	1pro12
i18n.words_context	wahl15[54].value	str	Karte_Filter_und_Unterscheidung_(1/12)
i18n.words_context	wahl15[55].key	str	39
i18n.words_context	wahl15[55].value	str	Maßnahmen_(39)
i18n.words_context	wahl15[56].key	str	1pro6
i18n.words_context	wahl15[56].value	str	innere_Werte_1/6_der_Reinigung_und_Klarheit
i18n.words_context	wahl15[57].key	str	28
i18n.words_context	wahl15[57].value	str	Lebensbereiche_Problemklassen_(28)
i18n.words_context	wahl15[58].key	str	24
i18n.words_context	wahl15[58].value	str	Netzwerk
i18n.words_context	wahl15[59].key	str	32
i18n.words_context	wahl15[59].value	str	mathematisches_Design_(32)
i18n.words_context	wahl15[60].key	str	gegen5
i18n.words_context	wahl15[60].value	str	gegen_5
i18n.words_context	wahl15[61].key	str	9_6
i18n.words_context	wahl15[61].value	str	Größenordnung
i18n.words_context	wahl15[62].key	str	51
i18n.words_context	wahl15[62].value	str	Kontroverse_(51)
i18n.words_context	wahl15[63].key	str	13_4
i18n.words_context	wahl15[63].value	str	Taetigkeiten
i18n.words_context	wahl15[64].key	str	7mit6
i18n.words_context	wahl15[64].value	str	Wohlbefinden_(7mit6)
i18n.words_context	wahl16	dict	9
i18n.words_context	wahl16[0].key	str	1
i18n.words_context	wahl16[0].value	str	Meta-Physik-Teilchen_(1)
i18n.words_context	wahl16[1].key	str	2
i18n.words_context	wahl16[1].value	str	Strukturalien_bzw_Meta-Paradigmen_bzw_Transzendentalien_(15),Model_of_Hierarchical_Complexity
i18n.words_context	wahl16[2].key	str	3
i18n.words_context	wahl16[2].value	str	Teilchen_anderes_Universum
i18n.words_context	wahl16[3].key	str	5
i18n.words_context	wahl16[3].value	str	Strukturalien_bzw_Meta-Paradigmen_bzw_Transzendentalien_(15),Model_of_Hierarchical_Complexity,Biologischer_Baum_(16_->_5),P5
i18n.words_context	wahl16[4].key	str	6
i18n.words_context	wahl16[4].value	str	Geist_(15)
i18n.words_context	wahl16[5].key	str	15
i18n.words_context	wahl16[5].value	str	Strukturalien_bzw_Meta-Paradigmen_bzw_Transzendentalien_(15),Model_of_Hierarchical_Complexity
i18n.words_context	wahl16[6].key	str	10
i18n.words_context	wahl16[6].value	str	Struktur-Wissenschaften_(10)
i18n.words_context	wahl16[7].key	str	16
i18n.words_context	wahl16[7].value	str	Multiversalien_(16),P
i18n.words_context	wahl16[8].key	str	20
i18n.words_context	wahl16[8].value	str	Muster-Wissenschaften_(20)
i18n.words_context	freiheitGleichheit	tuple	2
i18n.words_context	freiheitGleichheit[0]	str	freiheit
i18n.words_context	freiheitGleichheit[1]	str	gleichheit
i18n.words_context	gemeinsamkeitenWort	str	Gemeinsamkeiten
i18n.words_context	befehle2	ordereddict	221
i18n.words_context	befehle2[0].key	str	15_15
i18n.words_context	befehle2[0].value	str	15_15
i18n.words_context	befehle2[1].key	str	15_2
i18n.words_context	befehle2[1].value	str	15_2
i18n.words_context	befehle2[2].key	str	15_5
i18n.words_context	befehle2[2].value	str	15_5
i18n.words_context	befehle2[3].key	str	15_7
i18n.words_context	befehle2[3].value	str	15_7
i18n.words_context	befehle2[4].key	str	15_8
i18n.words_context	befehle2[4].value	str	15_8
i18n.words_context	befehle2[5].key	str	15_10
i18n.words_context	befehle2[5].value	str	15_10
i18n.words_context	befehle2[6].key	str	15_1pro30
i18n.words_context	befehle2[6].value	str	15_1pro30
i18n.words_context	befehle2[7].key	str	15_12
i18n.words_context	befehle2[7].value	str	15_12
i18n.words_context	befehle2[8].key	str	15_13
i18n.words_context	befehle2[8].value	str	15_13
i18n.words_context	befehle2[9].key	str	15_17
i18n.words_context	befehle2[9].value	str	15_17
i18n.words_context	befehle2[10].key	str	15_18
i18n.words_context	befehle2[10].value	str	15_18
i18n.words_context	befehle2[11].key	str	15_6
i18n.words_context	befehle2[11].value	str	15_6
i18n.words_context	befehle2[12].key	str	15_9
i18n.words_context	befehle2[12].value	str	15_9
i18n.words_context	befehle2[13].key	str	15_3
i18n.words_context	befehle2[13].value	str	15_3
i18n.words_context	befehle2[14].key	str	15_13_6
i18n.words_context	befehle2[14].value	str	15_13_6
i18n.words_context	befehle2[15].key	str	15_13_7
i18n.words_context	befehle2[15].value	str	15_13_7
i18n.words_context	befehle2[16].key	str	15_13_10
i18n.words_context	befehle2[16].value	str	15_13_10
i18n.words_context	befehle2[17].key	str	15_13_17
i18n.words_context	befehle2[17].value	str	15_13_17
i18n.words_context	befehle2[18].key	str	15_10_4
i18n.words_context	befehle2[18].value	str	15_10_4
i18n.words_context	befehle2[19].key	str	15_16
i18n.words_context	befehle2[19].value	str	15_16
i18n.words_context	befehle2[20].key	str	15_4
i18n.words_context	befehle2[20].value	str	15_4
i18n.words_context	befehle2[21].key	str	15_13_1pro8
i18n.words_context	befehle2[21].value	str	15_13_1pro8
i18n.words_context	befehle2[22].key	str	15_13_1pro6
i18n.words_context	befehle2[22].value	str	15_13_1pro6
i18n.words_context	befehle2[23].key	str	15_1pro15
i18n.words_context	befehle2[23].value	str	15_1pro15
i18n.words_context	befehle2[24].key	str	15_1
i18n.words_context	befehle2[24].value	str	15_1
i18n.words_context	befehle2[25].key	str	15_30
i18n.words_context	befehle2[25].value	str	15_30
i18n.words_context	befehle2[26].key	str	15_14
i18n.words_context	befehle2[26].value	str	15_14
i18n.words_context	befehle2[27].key	str	15_14_6
i18n.words_context	befehle2[27].value	str	15_14_6
i18n.words_context	befehle2[28].key	str	15_20
i18n.words_context	befehle2[28].value	str	15_20
i18n.words_context	befehle2[29].key	str	15_37
i18n.words_context	befehle2[29].value	str	15_37
i18n.words_context	befehle2[30].key	str	15_31
i18n.words_context	befehle2[30].value	str	15_31
i18n.words_context	befehle2[31].key	str	15_11
i18n.words_context	befehle2[31].value	str	15_11
i18n.words_context	befehle2[32].key	str	15_5_10
i18n.words_context	befehle2[32].value	str	15_5_10
i18n.words_context	befehle2[33].key	str	15_17_6
i18n.words_context	befehle2[33].value	str	15_17_6
i18n.words_context	befehle2[34].key	str	15_17_6_10mit4
i18n.words_context	befehle2[34].value	str	15_17_6_10mit4
i18n.words_context	befehle2[35].key	str	15_36
i18n.words_context	befehle2[35].value	str	15_36
i18n.words_context	befehle2[36].key	str	15_13_16
i18n.words_context	befehle2[36].value	str	15_13_16
i18n.words_context	befehle2[37].key	str	15_18_7
i18n.words_context	befehle2[37].value	str	15_18_7
i18n.words_context	befehle2[38].key	str	15_18_10
i18n.words_context	befehle2[38].value	str	15_18_10
i18n.words_context	befehle2[39].key	str	15_18_17
i18n.words_context	befehle2[39].value	str	15_18_17
i18n.words_context	befehle2[40].key	str	15_1pro8
i18n.words_context	befehle2[40].value	str	15_1pro8
i18n.words_context	befehle2[41].key	str	15_1pro5
i18n.words_context	befehle2[41].value	str	15_1pro5
i18n.words_context	befehle2[42].key	str	15_1pro3
i18n.words_context	befehle2[42].value	str	15_1pro3
i18n.words_context	befehle2[43].key	str	15_10_4_18_6
i18n.words_context	befehle2[43].value	str	15_10_4_18_6
i18n.words_context	befehle2[44].key	str	15_18_6
i18n.words_context	befehle2[44].value	str	15_18_6
i18n.words_context	befehle2[45].key	str	15_21
i18n.words_context	befehle2[45].value	str	15_21
i18n.words_context	befehle2[46].key	str	15_26
i18n.words_context	befehle2[46].value	str	15_26
i18n.words_context	befehle2[47].key	str	15_19
i18n.words_context	befehle2[47].value	str	15_19
i18n.words_context	befehle2[48].key	str	15_18_15
i18n.words_context	befehle2[48].value	str	15_18_15
i18n.words_context	befehle2[49].key	str	15_18_15_n-vs-1pron
i18n.words_context	befehle2[49].value	str	15_18_15_n-vs-1pron
i18n.words_context	befehle2[50].key	str	15_1pro13
i18n.words_context	befehle2[50].value	str	15_1pro13
i18n.words_context	befehle2[51].key	str	15_1pro19
i18n.words_context	befehle2[51].value	str	15_1pro19
i18n.words_context	befehle2[52].key	str	15_90
i18n.words_context	befehle2[52].value	str	15_90
i18n.words_context	befehle2[53].key	str	15_13_13
i18n.words_context	befehle2[53].value	str	15_13_13
i18n.words_context	befehle2[54].key	str	15_1pro12
i18n.words_context	befehle2[54].value	str	15_1pro12
i18n.words_context	befehle2[55].key	str	15_39
i18n.words_context	befehle2[55].value	str	15_39
i18n.words_context	befehle2[56].key	str	15_1pro6
i18n.words_context	befehle2[56].value	str	15_1pro6
i18n.words_context	befehle2[57].key	str	15_28
i18n.words_context	befehle2[57].value	str	15_28
i18n.words_context	befehle2[58].key	str	15_24
i18n.words_context	befehle2[58].value	str	15_24
i18n.words_context	befehle2[59].key	str	15_32
i18n.words_context	befehle2[59].value	str	15_32
i18n.words_context	befehle2[60].key	str	15_gegen5
i18n.words_context	befehle2[60].value	str	15_gegen5
i18n.words_context	befehle2[61].key	str	15_9_6
i18n.words_context	befehle2[61].value	str	15_9_6
i18n.words_context	befehle2[62].key	str	15_51
i18n.words_context	befehle2[62].value	str	15_51
i18n.words_context	befehle2[63].key	str	15_13_4
i18n.words_context	befehle2[63].value	str	15_13_4
i18n.words_context	befehle2[64].key	str	15_7mit6
i18n.words_context	befehle2[64].value	str	15_7mit6
i18n.words_context	befehle2[65].key	str	16_15_2
i18n.words_context	befehle2[65].value	str	16_15_2
i18n.words_context	befehle2[66].key	str	16_15_5
i18n.words_context	befehle2[66].value	str	16_15_5
i18n.words_context	befehle2[67].key	str	16_15_7
i18n.words_context	befehle2[67].value	str	16_15_7
i18n.words_context	befehle2[68].key	str	16_15_8
i18n.words_context	befehle2[68].value	str	16_15_8
i18n.words_context	befehle2[69].key	str	16_15_10
i18n.words_context	befehle2[69].value	str	16_15_10
i18n.words_context	befehle2[70].key	str	16_15_1pro30
i18n.words_context	befehle2[70].value	str	16_15_1pro30
i18n.words_context	befehle2[71].key	str	16_15_12
i18n.words_context	befehle2[71].value	str	16_15_12
i18n.words_context	befehle2[72].key	str	16_15_13
i18n.words_context	befehle2[72].value	str	16_15_13
i18n.words_context	befehle2[73].key	str	16_15_17
i18n.words_context	befehle2[73].value	str	16_15_17
i18n.words_context	befehle2[74].key	str	16_15_18
i18n.words_context	befehle2[74].value	str	16_15_18
i18n.words_context	befehle2[75].key	str	16_15_6
i18n.words_context	befehle2[75].value	str	16_15_6
i18n.words_context	befehle2[76].key	str	16_15_9
i18n.words_context	befehle2[76].value	str	16_15_9
i18n.words_context	befehle2[77].key	str	16_15_3
i18n.words_context	befehle2[77].value	str	16_15_3
i18n.words_context	befehle2[78].key	str	16_15_13_6
i18n.words_context	befehle2[78].value	str	16_15_13_6
i18n.words_context	befehle2[79].key	str	16_15_13_7
i18n.words_context	befehle2[79].value	str	16_15_13_7
i18n.words_context	befehle2[80].key	str	16_15_13_10
i18n.words_context	befehle2[80].value	str	16_15_13_10
i18n.words_context	befehle2[81].key	str	16_15_13_17
i18n.words_context	befehle2[81].value	str	16_15_13_17
i18n.words_context	befehle2[82].key	str	16_15_10_4
i18n.words_context	befehle2[82].value	str	16_15_10_4
i18n.words_context	befehle2[83].key	str	16_15_16
i18n.words_context	befehle2[83].value	str	16_15_16
i18n.words_context	befehle2[84].key	str	16_15_4
i18n.words_context	befehle2[84].value	str	16_15_4
i18n.words_context	befehle2[85].key	str	16_15_13_1pro8
i18n.words_context	befehle2[85].value	str	16_15_13_1pro8
i18n.words_context	befehle2[86].key	str	16_15_13_1pro6
i18n.words_context	befehle2[86].value	str	16_15_13_1pro6
i18n.words_context	befehle2[87].key	str	16_15_1pro15
i18n.words_context	befehle2[87].value	str	16_15_1pro15
i18n.words_context	befehle2[88].key	str	16_15_1
i18n.words_context	befehle2[88].value	str	16_15_1
i18n.words_context	befehle2[89].key	str	16_15_30
i18n.words_context	befehle2[89].value	str	16_15_30
i18n.words_context	befehle2[90].key	str	16_15_14
i18n.words_context	befehle2[90].value	str	16_15_14
i18n.words_context	befehle2[91].key	str	16_15_14_6
i18n.words_context	befehle2[91].value	str	16_15_14_6
i18n.words_context	befehle2[92].key	str	16_15_20
i18n.words_context	befehle2[92].value	str	16_15_20
i18n.words_context	befehle2[93].key	str	16_15_37
i18n.words_context	befehle2[93].value	str	16_15_37
i18n.words_context	befehle2[94].key	str	16_15_31
i18n.words_context	befehle2[94].value	str	16_15_31
i18n.words_context	befehle2[95].key	str	16_15_11
i18n.words_context	befehle2[95].value	str	16_15_11
i18n.words_context	befehle2[96].key	str	16_15_5_10
i18n.words_context	befehle2[96].value	str	16_15_5_10
i18n.words_context	befehle2[97].key	str	16_15_17_6
i18n.words_context	befehle2[97].value	str	16_15_17_6
i18n.words_context	befehle2[98].key	str	16_15_17_6_10mit4
i18n.words_context	befehle2[98].value	str	16_15_17_6_10mit4
i18n.words_context	befehle2[99].key	str	16_15_36
i18n.words_context	befehle2[99].value	str	16_15_36
i18n.words_context	befehle2[100].key	str	16_15_13_16
i18n.words_context	befehle2[100].value	str	16_15_13_16
i18n.words_context	befehle2[101].key	str	16_15_18_7
i18n.words_context	befehle2[101].value	str	16_15_18_7
i18n.words_context	befehle2[102].key	str	16_15_18_10
i18n.words_context	befehle2[102].value	str	16_15_18_10
i18n.words_context	befehle2[103].key	str	16_15_18_17
i18n.words_context	befehle2[103].value	str	16_15_18_17
i18n.words_context	befehle2[104].key	str	16_15_1pro8
i18n.words_context	befehle2[104].value	str	16_15_1pro8
i18n.words_context	befehle2[105].key	str	16_15_1pro5
i18n.words_context	befehle2[105].value	str	16_15_1pro5
i18n.words_context	befehle2[106].key	str	16_15_1pro3
i18n.words_context	befehle2[106].value	str	16_15_1pro3
i18n.words_context	befehle2[107].key	str	16_15_10_4_18_6
i18n.words_context	befehle2[107].value	str	16_15_10_4_18_6
i18n.words_context	befehle2[108].key	str	16_15_18_6
i18n.words_context	befehle2[108].value	str	16_15_18_6
i18n.words_context	befehle2[109].key	str	16_15_21
i18n.words_context	befehle2[109].value	str	16_15_21
i18n.words_context	befehle2[110].key	str	16_15_26
i18n.words_context	befehle2[110].value	str	16_15_26
i18n.words_context	befehle2[111].key	str	16_15_19
i18n.words_context	befehle2[111].value	str	16_15_19
i18n.words_context	befehle2[112].key	str	16_15_18_15
i18n.words_context	befehle2[112].value	str	16_15_18_15
i18n.words_context	befehle2[113].key	str	16_15_18_15_n-vs-1pron
i18n.words_context	befehle2[113].value	str	16_15_18_15_n-vs-1pron
i18n.words_context	befehle2[114].key	str	16_15_1pro13
i18n.words_context	befehle2[114].value	str	16_15_1pro13
i18n.words_context	befehle2[115].key	str	16_15_1pro19
i18n.words_context	befehle2[115].value	str	16_15_1pro19
i18n.words_context	befehle2[116].key	str	16_15_90
i18n.words_context	befehle2[116].value	str	16_15_90
i18n.words_context	befehle2[117].key	str	16_15_13_13
i18n.words_context	befehle2[117].value	str	16_15_13_13
i18n.words_context	befehle2[118].key	str	16_15_1pro12
i18n.words_context	befehle2[118].value	str	16_15_1pro12
i18n.words_context	befehle2[119].key	str	16_15_39
i18n.words_context	befehle2[119].value	str	16_15_39
i18n.words_context	befehle2[120].key	str	16_15_1pro6
i18n.words_context	befehle2[120].value	str	16_15_1pro6
i18n.words_context	befehle2[121].key	str	16_15_28
i18n.words_context	befehle2[121].value	str	16_15_28
i18n.words_context	befehle2[122].key	str	16_15_24
i18n.words_context	befehle2[122].value	str	16_15_24
i18n.words_context	befehle2[123].key	str	16_15_32
i18n.words_context	befehle2[123].value	str	16_15_32
i18n.words_context	befehle2[124].key	str	16_15_gegen5
i18n.words_context	befehle2[124].value	str	16_15_gegen5
i18n.words_context	befehle2[125].key	str	16_15_9_6
i18n.words_context	befehle2[125].value	str	16_15_9_6
i18n.words_context	befehle2[126].key	str	16_15_51
i18n.words_context	befehle2[126].value	str	16_15_51
i18n.words_context	befehle2[127].key	str	16_15_13_4
i18n.words_context	befehle2[127].value	str	16_15_13_4
i18n.words_context	befehle2[128].key	str	16_15_7mit6
i18n.words_context	befehle2[128].value	str	16_15_7mit6
i18n.words_context	befehle2[129].key	str	16_1
i18n.words_context	befehle2[129].value	str	16_1
i18n.words_context	befehle2[130].key	str	16_2
i18n.words_context	befehle2[130].value	str	16_2
i18n.words_context	befehle2[131].key	str	16_3
i18n.words_context	befehle2[131].value	str	16_3
i18n.words_context	befehle2[132].key	str	16_5
i18n.words_context	befehle2[132].value	str	16_5
i18n.words_context	befehle2[133].key	str	16_6
i18n.words_context	befehle2[133].value	str	16_6
i18n.words_context	befehle2[134].key	str	16_15
i18n.words_context	befehle2[134].value	str	16_15
i18n.words_context	befehle2[135].key	str	16_10
i18n.words_context	befehle2[135].value	str	16_10
i18n.words_context	befehle2[136].key	str	16_16
i18n.words_context	befehle2[136].value	str	16_16
i18n.words_context	befehle2[137].key	str	16_20
i18n.words_context	befehle2[137].value	str	16_20
i18n.words_context	befehle2[138].key	str	invertieren
i18n.words_context	befehle2[138].value	str	invertieren
i18n.words_context	befehle2[139].key	str	netzwerk
i18n.words_context	befehle2[139].value	str	netzwerk
i18n.words_context	befehle2[140].key	str	komplex
i18n.words_context	befehle2[140].value	str	komplex
i18n.words_context	befehle2[141].key	str	ee
i18n.words_context	befehle2[141].value	str	ee
i18n.words_context	befehle2[142].key	str	groesse
i18n.words_context	befehle2[142].value	str	groesse
i18n.words_context	befehle2[143].key	str	emotion
i18n.words_context	befehle2[143].value	str	emotion
i18n.words_context	befehle2[144].key	str	freiheit
i18n.words_context	befehle2[144].value	str	freiheit
i18n.words_context	befehle2[145].key	str	gleichheit
i18n.words_context	befehle2[145].value	str	gleichheit
i18n.words_context	befehle2[146].key	str	kurzbefehle
i18n.words_context	befehle2[146].value	str	kurzbefehle
i18n.words_context	befehle2[147].key	str	leeren
i18n.words_context	befehle2[147].value	str	leeren
i18n.words_context	befehle2[148].key	str	kugeln
i18n.words_context	befehle2[148].value	str	kugeln
i18n.words_context	befehle2[149].key	str	kreise
i18n.words_context	befehle2[149].value	str	kreise
i18n.words_context	befehle2[150].key	str	mond
i18n.words_context	befehle2[150].value	str	mond
i18n.words_context	befehle2[151].key	str	reta
i18n.words_context	befehle2[151].value	str	reta
i18n.words_context	befehle2[152].key	str	absicht
i18n.words_context	befehle2[152].value	str	absicht
i18n.words_context	befehle2[153].key	str	motiv
i18n.words_context	befehle2[153].value	str	motiv
i18n.words_context	befehle2[154].key	str	thomas
i18n.words_context	befehle2[154].value	str	thomas
i18n.words_context	befehle2[155].key	str	universum
i18n.words_context	befehle2[155].value	str	universum
i18n.words_context	befehle2[156].key	str	impulse
i18n.words_context	befehle2[156].value	str	impulse
i18n.words_context	befehle2[157].key	str	motive
i18n.words_context	befehle2[157].value	str	motive
i18n.words_context	befehle2[158].key	str	absichten
i18n.words_context	befehle2[158].value	str	absichten
i18n.words_context	befehle2[159].key	str	primfaktorenvergleich
i18n.words_context	befehle2[159].value	str	primfaktorenvergleich
i18n.words_context	befehle2[160].key	str	vielfache
i18n.words_context	befehle2[160].value	str	vielfache
i18n.words_context	befehle2[161].key	str	einzeln
i18n.words_context	befehle2[161].value	str	einzeln
i18n.words_context	befehle2[162].key	str	multis
i18n.words_context	befehle2[162].value	str	multis
i18n.words_context	befehle2[163].key	str	multis3
i18n.words_context	befehle2[163].value	str	multis3
i18n.words_context	befehle2[164].key	str	modulo
i18n.words_context	befehle2[164].value	str	modulo
i18n.words_context	befehle2[165].key	str	prim
i18n.words_context	befehle2[165].value	str	prim
i18n.words_context	befehle2[166].key	str	primfaktorzerlegung
i18n.words_context	befehle2[166].value	str	primfaktorzerlegung
i18n.words_context	befehle2[167].key	str	prim24
i18n.words_context	befehle2[167].value	str	prim24
i18n.words_context	befehle2[168].key	str	primfaktorzerlegungModulo24
i18n.words_context	befehle2[168].value	str	primfaktorzerlegungModulo24
i18n.words_context	befehle2[169].key	str	help
i18n.words_context	befehle2[169].value	str	HELP
i18n.words_context	befehle2[170].key	str	hilfe
i18n.words_context	befehle2[170].value	str	hilfe
i18n.words_context	befehle2[171].key	str	abc
i18n.words_context	befehle2[171].value	str	abc
i18n.words_context	befehle2[172].key	str	abcd
i18n.words_context	befehle2[172].value	str	abcd
i18n.words_context	befehle2[173].key	str	alles
i18n.words_context	befehle2[173].value	str	alles
i18n.words_context	befehle2[174].key	str	geist
i18n.words_context	befehle2[174].value	str	geist
i18n.words_context	befehle2[175].key	str	a
i18n.words_context	befehle2[175].value	str	a
i18n.words_context	befehle2[176].key	str	R
i18n.words_context	befehle2[176].value	str	R
i18n.words_context	befehle2[177].key	str	range
i18n.words_context	befehle2[177].value	str	range
i18n.words_context	befehle2[178].key	str	B
i18n.words_context	befehle2[178].value	str	B
i18n.words_context	befehle2[179].key	str	bewusstsein
i18n.words_context	befehle2[179].value	str	bewusstsein
i18n.words_context	befehle2[180].key	str	E
i18n.words_context	befehle2[180].value	str	E
i18n.words_context	befehle2[181].key	str	G
i18n.words_context	befehle2[181].value	str	G
i18n.words_context	befehle2[182].key	str	u
i18n.words_context	befehle2[182].value	str	u
i18n.words_context	befehle2[183].key	str	I
i18n.words_context	befehle2[183].value	str	I
i18n.words_context	befehle2[184].key	str	T
i18n.words_context	befehle2[184].value	str	T
i18n.words_context	befehle2[185].key	str	W
i18n.words_context	befehle2[185].value	str	W
i18n.words_context	befehle2[186].key	str	wirklichkeit
i18n.words_context	befehle2[186].value	str	wirklichkeit
i18n.words_context	befehle2[187].key	str	triebe
i18n.words_context	befehle2[187].value	str	triebe
i18n.words_context	befehle2[188].key	str	befehle
i18n.words_context	befehle2[188].value	str	befehle
i18n.words_context	befehle2[189].key	str	t
i18n.words_context	befehle2[189].value	str	t
i18n.words_context	befehle2[190].key	str	richtung
i18n.words_context	befehle2[190].value	str	richtung
i18n.words_context	befehle2[191].key	str	r
i18n.words_context	befehle2[191].value	str	r
i18n.words_context	befehle2[192].key	str	v
i18n.words_context	befehle2[192].value	str	v
i18n.words_context	befehle2[193].key	str	h
i18n.words_context	befehle2[193].value	str	h
i18n.words_context	befehle2[194].key	str	p
i18n.words_context	befehle2[194].value	str	p
i18n.words_context	befehle2[195].key	str	primzahlkreuz
i18n.words_context	befehle2[195].value	str	primzahlkreuz
i18n.words_context	befehle2[196].key	str	ende
i18n.words_context	befehle2[196].value	str	ende
i18n.words_context	befehle2[197].key	str	exit
i18n.words_context	befehle2[197].value	str	exit
i18n.words_context	befehle2[198].key	str	quit
i18n.words_context	befehle2[198].value	str	quit
i18n.words_context	befehle2[199].key	str	q
i18n.words_context	befehle2[199].value	str	q
i18n.words_context	befehle2[200].key	str	:q
i18n.words_context	befehle2[200].value	str	:q
i18n.words_context	befehle2[201].key	str	shell
i18n.words_context	befehle2[201].value	str	shell
i18n.words_context	befehle2[202].key	str	s
i18n.words_context	befehle2[202].value	str	s
i18n.words_context	befehle2[203].key	str	math
i18n.words_context	befehle2[203].value	str	math
i18n.words_context	befehle2[204].key	str	loggen
i18n.words_context	befehle2[204].value	str	loggen
i18n.words_context	befehle2[205].key	str	nichtloggen
i18n.words_context	befehle2[205].value	str	nichtloggen
i18n.words_context	befehle2[206].key	str	mulpri
i18n.words_context	befehle2[206].value	str	mulpri
i18n.words_context	befehle2[207].key	str	python
i18n.words_context	befehle2[207].value	str	python
i18n.words_context	befehle2[208].key	str	w
i18n.words_context	befehle2[208].value	str	w
i18n.words_context	befehle2[209].key	str	teiler
i18n.words_context	befehle2[209].value	str	teiler
i18n.words_context	befehle2[210].key	str	BefehlSpeichernDanach
i18n.words_context	befehle2[210].value	str	BefehlSpeichernDanach
i18n.words_context	befehle2[211].key	str	S
i18n.words_context	befehle2[211].value	str	S
i18n.words_context	befehle2[212].key	str	BefehlSpeicherungLöschen
i18n.words_context	befehle2[212].value	str	BefehlSpeicherungLöschen
i18n.words_context	befehle2[213].key	str	l
i18n.words_context	befehle2[213].value	str	l
i18n.words_context	befehle2[214].key	str	BefehlSpeicherungAusgeben
i18n.words_context	befehle2[214].value	str	BefehlSpeicherungAusgeben
i18n.words_context	befehle2[215].key	str	o
i18n.words_context	befehle2[215].value	str	o
i18n.words_context	befehle2[216].key	str	e
i18n.words_context	befehle2[216].value	str	e
i18n.words_context	befehle2[217].key	str	BefehlSpeichernDavor
i18n.words_context	befehle2[217].value	str	BefehlSpeichernDavor
i18n.words_context	befehle2[218].key	str	keineEinZeichenZeilenPlusKeineAusgabeWelcherBefehlEsWar
i18n.words_context	befehle2[218].value	str	keineEinZeichenZeilenPlusKeineAusgabeWelcherBefehlEsWar
i18n.words_context	befehle2[219].key	str	abstand
i18n.words_context	befehle2[219].value	str	abstand
i18n.words_context	befehle2[220].key	str	abstandPrim
i18n.words_context	befehle2[220].value	str	abstandPrim
i18n.words_context	finde_mehrfache_vorkommen	function	(stringliste)
i18n.words_context	befehle	list	221
i18n.words_context	befehle[0]	str	15_15
i18n.words_context	befehle[1]	str	15_2
i18n.words_context	befehle[2]	str	15_5
i18n.words_context	befehle[3]	str	15_7
i18n.words_context	befehle[4]	str	15_8
i18n.words_context	befehle[5]	str	15_10
i18n.words_context	befehle[6]	str	15_1pro30
i18n.words_context	befehle[7]	str	15_12
i18n.words_context	befehle[8]	str	15_13
i18n.words_context	befehle[9]	str	15_17
i18n.words_context	befehle[10]	str	15_18
i18n.words_context	befehle[11]	str	15_6
i18n.words_context	befehle[12]	str	15_9
i18n.words_context	befehle[13]	str	15_3
i18n.words_context	befehle[14]	str	15_13_6
i18n.words_context	befehle[15]	str	15_13_7
i18n.words_context	befehle[16]	str	15_13_10
i18n.words_context	befehle[17]	str	15_13_17
i18n.words_context	befehle[18]	str	15_10_4
i18n.words_context	befehle[19]	str	15_16
i18n.words_context	befehle[20]	str	15_4
i18n.words_context	befehle[21]	str	15_13_1pro8
i18n.words_context	befehle[22]	str	15_13_1pro6
i18n.words_context	befehle[23]	str	15_1pro15
i18n.words_context	befehle[24]	str	15_1
i18n.words_context	befehle[25]	str	15_30
i18n.words_context	befehle[26]	str	15_14
i18n.words_context	befehle[27]	str	15_14_6
i18n.words_context	befehle[28]	str	15_20
i18n.words_context	befehle[29]	str	15_37
i18n.words_context	befehle[30]	str	15_31
i18n.words_context	befehle[31]	str	15_11
i18n.words_context	befehle[32]	str	15_5_10
i18n.words_context	befehle[33]	str	15_17_6
i18n.words_context	befehle[34]	str	15_17_6_10mit4
i18n.words_context	befehle[35]	str	15_36
i18n.words_context	befehle[36]	str	15_13_16
i18n.words_context	befehle[37]	str	15_18_7
i18n.words_context	befehle[38]	str	15_18_10
i18n.words_context	befehle[39]	str	15_18_17
i18n.words_context	befehle[40]	str	15_1pro8
i18n.words_context	befehle[41]	str	15_1pro5
i18n.words_context	befehle[42]	str	15_1pro3
i18n.words_context	befehle[43]	str	15_10_4_18_6
i18n.words_context	befehle[44]	str	15_18_6
i18n.words_context	befehle[45]	str	15_21
i18n.words_context	befehle[46]	str	15_26
i18n.words_context	befehle[47]	str	15_19
i18n.words_context	befehle[48]	str	15_18_15
i18n.words_context	befehle[49]	str	15_18_15_n-vs-1pron
i18n.words_context	befehle[50]	str	15_1pro13
i18n.words_context	befehle[51]	str	15_1pro19
i18n.words_context	befehle[52]	str	15_90
i18n.words_context	befehle[53]	str	15_13_13
i18n.words_context	befehle[54]	str	15_1pro12
i18n.words_context	befehle[55]	str	15_39
i18n.words_context	befehle[56]	str	15_1pro6
i18n.words_context	befehle[57]	str	15_28
i18n.words_context	befehle[58]	str	15_24
i18n.words_context	befehle[59]	str	15_32
i18n.words_context	befehle[60]	str	15_gegen5
i18n.words_context	befehle[61]	str	15_9_6
i18n.words_context	befehle[62]	str	15_51
i18n.words_context	befehle[63]	str	15_13_4
i18n.words_context	befehle[64]	str	15_7mit6
i18n.words_context	befehle[65]	str	16_15_2
i18n.words_context	befehle[66]	str	16_15_5
i18n.words_context	befehle[67]	str	16_15_7
i18n.words_context	befehle[68]	str	16_15_8
i18n.words_context	befehle[69]	str	16_15_10
i18n.words_context	befehle[70]	str	16_15_1pro30
i18n.words_context	befehle[71]	str	16_15_12
i18n.words_context	befehle[72]	str	16_15_13
i18n.words_context	befehle[73]	str	16_15_17
i18n.words_context	befehle[74]	str	16_15_18
i18n.words_context	befehle[75]	str	16_15_6
i18n.words_context	befehle[76]	str	16_15_9
i18n.words_context	befehle[77]	str	16_15_3
i18n.words_context	befehle[78]	str	16_15_13_6
i18n.words_context	befehle[79]	str	16_15_13_7
i18n.words_context	befehle[80]	str	16_15_13_10
i18n.words_context	befehle[81]	str	16_15_13_17
i18n.words_context	befehle[82]	str	16_15_10_4
i18n.words_context	befehle[83]	str	16_15_16
i18n.words_context	befehle[84]	str	16_15_4
i18n.words_context	befehle[85]	str	16_15_13_1pro8
i18n.words_context	befehle[86]	str	16_15_13_1pro6
i18n.words_context	befehle[87]	str	16_15_1pro15
i18n.words_context	befehle[88]	str	16_15_1
i18n.words_context	befehle[89]	str	16_15_30
i18n.words_context	befehle[90]	str	16_15_14
i18n.words_context	befehle[91]	str	16_15_14_6
i18n.words_context	befehle[92]	str	16_15_20
i18n.words_context	befehle[93]	str	16_15_37
i18n.words_context	befehle[94]	str	16_15_31
i18n.words_context	befehle[95]	str	16_15_11
i18n.words_context	befehle[96]	str	16_15_5_10
i18n.words_context	befehle[97]	str	16_15_17_6
i18n.words_context	befehle[98]	str	16_15_17_6_10mit4
i18n.words_context	befehle[99]	str	16_15_36
i18n.words_context	befehle[100]	str	16_15_13_16
i18n.words_context	befehle[101]	str	16_15_18_7
i18n.words_context	befehle[102]	str	16_15_18_10
i18n.words_context	befehle[103]	str	16_15_18_17
i18n.words_context	befehle[104]	str	16_15_1pro8
i18n.words_context	befehle[105]	str	16_15_1pro5
i18n.words_context	befehle[106]	str	16_15_1pro3
i18n.words_context	befehle[107]	str	16_15_10_4_18_6
i18n.words_context	befehle[108]	str	16_15_18_6
i18n.words_context	befehle[109]	str	16_15_21
i18n.words_context	befehle[110]	str	16_15_26
i18n.words_context	befehle[111]	str	16_15_19
i18n.words_context	befehle[112]	str	16_15_18_15
i18n.words_context	befehle[113]	str	16_15_18_15_n-vs-1pron
i18n.words_context	befehle[114]	str	16_15_1pro13
i18n.words_context	befehle[115]	str	16_15_1pro19
i18n.words_context	befehle[116]	str	16_15_90
i18n.words_context	befehle[117]	str	16_15_13_13
i18n.words_context	befehle[118]	str	16_15_1pro12
i18n.words_context	befehle[119]	str	16_15_39
i18n.words_context	befehle[120]	str	16_15_1pro6
i18n.words_context	befehle[121]	str	16_15_28
i18n.words_context	befehle[122]	str	16_15_24
i18n.words_context	befehle[123]	str	16_15_32
i18n.words_context	befehle[124]	str	16_15_gegen5
i18n.words_context	befehle[125]	str	16_15_9_6
i18n.words_context	befehle[126]	str	16_15_51
i18n.words_context	befehle[127]	str	16_15_13_4
i18n.words_context	befehle[128]	str	16_15_7mit6
i18n.words_context	befehle[129]	str	16_1
i18n.words_context	befehle[130]	str	16_2
i18n.words_context	befehle[131]	str	16_3
i18n.words_context	befehle[132]	str	16_5
i18n.words_context	befehle[133]	str	16_6
i18n.words_context	befehle[134]	str	16_15
i18n.words_context	befehle[135]	str	16_10
i18n.words_context	befehle[136]	str	16_16
i18n.words_context	befehle[137]	str	16_20
i18n.words_context	befehle[138]	str	invertieren
i18n.words_context	befehle[139]	str	netzwerk
i18n.words_context	befehle[140]	str	komplex
i18n.words_context	befehle[141]	str	ee
i18n.words_context	befehle[142]	str	groesse
i18n.words_context	befehle[143]	str	emotion
i18n.words_context	befehle[144]	str	freiheit
i18n.words_context	befehle[145]	str	gleichheit
i18n.words_context	befehle[146]	str	kurzbefehle
i18n.words_context	befehle[147]	str	leeren
i18n.words_context	befehle[148]	str	kugeln
i18n.words_context	befehle[149]	str	kreise
i18n.words_context	befehle[150]	str	mond
i18n.words_context	befehle[151]	str	reta
i18n.words_context	befehle[152]	str	absicht
i18n.words_context	befehle[153]	str	motiv
i18n.words_context	befehle[154]	str	thomas
i18n.words_context	befehle[155]	str	universum
i18n.words_context	befehle[156]	str	impulse
i18n.words_context	befehle[157]	str	motive
i18n.words_context	befehle[158]	str	absichten
i18n.words_context	befehle[159]	str	primfaktorenvergleich
i18n.words_context	befehle[160]	str	vielfache
i18n.words_context	befehle[161]	str	einzeln
i18n.words_context	befehle[162]	str	multis
i18n.words_context	befehle[163]	str	multis3
i18n.words_context	befehle[164]	str	modulo
i18n.words_context	befehle[165]	str	prim
i18n.words_context	befehle[166]	str	primfaktorzerlegung
i18n.words_context	befehle[167]	str	prim24
i18n.words_context	befehle[168]	str	primfaktorzerlegungModulo24
i18n.words_context	befehle[169]	str	HELP
i18n.words_context	befehle[170]	str	hilfe
i18n.words_context	befehle[171]	str	abc
i18n.words_context	befehle[172]	str	abcd
i18n.words_context	befehle[173]	str	alles
i18n.words_context	befehle[174]	str	geist
i18n.words_context	befehle[175]	str	a
i18n.words_context	befehle[176]	str	R
i18n.words_context	befehle[177]	str	range
i18n.words_context	befehle[178]	str	B
i18n.words_context	befehle[179]	str	bewusstsein
i18n.words_context	befehle[180]	str	E
i18n.words_context	befehle[181]	str	G
i18n.words_context	befehle[182]	str	u
i18n.words_context	befehle[183]	str	I
i18n.words_context	befehle[184]	str	T
i18n.words_context	befehle[185]	str	W
i18n.words_context	befehle[186]	str	wirklichkeit
i18n.words_context	befehle[187]	str	triebe
i18n.words_context	befehle[188]	str	befehle
i18n.words_context	befehle[189]	str	t
i18n.words_context	befehle[190]	str	richtung
i18n.words_context	befehle[191]	str	r
i18n.words_context	befehle[192]	str	v
i18n.words_context	befehle[193]	str	h
i18n.words_context	befehle[194]	str	p
i18n.words_context	befehle[195]	str	primzahlkreuz
i18n.words_context	befehle[196]	str	ende
i18n.words_context	befehle[197]	str	exit
i18n.words_context	befehle[198]	str	quit
i18n.words_context	befehle[199]	str	q
i18n.words_context	befehle[200]	str	:q
i18n.words_context	befehle[201]	str	shell
i18n.words_context	befehle[202]	str	s
i18n.words_context	befehle[203]	str	math
i18n.words_context	befehle[204]	str	loggen
i18n.words_context	befehle[205]	str	nichtloggen
i18n.words_context	befehle[206]	str	mulpri
i18n.words_context	befehle[207]	str	python
i18n.words_context	befehle[208]	str	w
i18n.words_context	befehle[209]	str	teiler
i18n.words_context	befehle[210]	str	BefehlSpeichernDanach
i18n.words_context	befehle[211]	str	S
i18n.words_context	befehle[212]	str	BefehlSpeicherungLöschen
i18n.words_context	befehle[213]	str	l
i18n.words_context	befehle[214]	str	BefehlSpeicherungAusgeben
i18n.words_context	befehle[215]	str	o
i18n.words_context	befehle[216]	str	e
i18n.words_context	befehle[217]	str	BefehlSpeichernDavor
i18n.words_context	befehle[218]	str	keineEinZeichenZeilenPlusKeineAusgabeWelcherBefehlEsWar
i18n.words_context	befehle[219]	str	abstand
i18n.words_context	befehle[220]	str	abstandPrim
i18n.words_context	haupt2neben	dict	8
i18n.words_context	haupt2neben[0].key	str	zeilen
i18n.words_context	haupt2neben[0].value	ref	i18n.words_context:zeilenParas
i18n.words_context	haupt2neben[1].key	str	ausgabe
i18n.words_context	haupt2neben[1].value	ref	i18n.words_context:ausgabeParas
i18n.words_context	haupt2neben[2].key	str	h
i18n.words_context	haupt2neben[2].value	list	0
i18n.words_context	haupt2neben[3].key	str	help
i18n.words_context	haupt2neben[3].value	list	0
i18n.words_context	haupt2neben[4].key	str	nichts
i18n.words_context	haupt2neben[4].value	list	0
i18n.words_context	haupt2neben[5].key	str	debug
i18n.words_context	haupt2neben[5].value	list	0
i18n.words_context	haupt2neben[6].key	str	spalten
i18n.words_context	haupt2neben[6].value	list	87
i18n.words_context	haupt2neben[6].value[0]	str	Wichtigstes_zum_verstehen
i18n.words_context	haupt2neben[6].value[1]	str	wichtigsteverstehen
i18n.words_context	haupt2neben[6].value[2]	str	Wichtigstes_zum_gedanklich_einordnen
i18n.words_context	haupt2neben[6].value[3]	str	wichtigsteeinordnen
i18n.words_context	haupt2neben[6].value[4]	str	Religionen
i18n.words_context	haupt2neben[6].value[5]	str	religionen
i18n.words_context	haupt2neben[6].value[6]	str	religion
i18n.words_context	haupt2neben[6].value[7]	str	Galaxie
i18n.words_context	haupt2neben[6].value[8]	str	galaxie
i18n.words_context	haupt2neben[6].value[9]	str	alteschriften
i18n.words_context	haupt2neben[6].value[10]	str	kreis
i18n.words_context	haupt2neben[6].value[11]	str	galaxien
i18n.words_context	haupt2neben[6].value[12]	str	kreise
i18n.words_context	haupt2neben[6].value[13]	str	Größenordnung
i18n.words_context	haupt2neben[6].value[14]	str	groessenordnung
i18n.words_context	haupt2neben[6].value[15]	str	strukturgroesse
i18n.words_context	haupt2neben[6].value[16]	str	strukturgroeße
i18n.words_context	haupt2neben[6].value[17]	str	strukturgrösse
i18n.words_context	haupt2neben[6].value[18]	str	strukturgröße
i18n.words_context	haupt2neben[6].value[19]	str	groesse
i18n.words_context	haupt2neben[6].value[20]	str	stufe
i18n.words_context	haupt2neben[6].value[21]	str	organisationen
i18n.words_context	haupt2neben[6].value[22]	str	Universum
i18n.words_context	haupt2neben[6].value[23]	str	universum
i18n.words_context	haupt2neben[6].value[24]	str	transzendentalien
i18n.words_context	haupt2neben[6].value[25]	str	strukturalien
i18n.words_context	haupt2neben[6].value[26]	str	kugel
i18n.words_context	haupt2neben[6].value[27]	str	kugeln
i18n.words_context	haupt2neben[6].value[28]	str	ball
i18n.words_context	haupt2neben[6].value[29]	str	baelle
i18n.words_context	haupt2neben[6].value[30]	str	bälle
i18n.words_context	haupt2neben[6].value[31]	str	Multiversum
i18n.words_context	haupt2neben[6].value[32]	str	multiversum
i18n.words_context	haupt2neben[6].value[33]	str	Wirtschaft
i18n.words_context	haupt2neben[6].value[34]	str	wirtschaft
i18n.words_context	haupt2neben[6].value[35]	str	Menschliches
i18n.words_context	haupt2neben[6].value[36]	str	menschliches
i18n.words_context	haupt2neben[6].value[37]	str	Pro_Contra
i18n.words_context	haupt2neben[6].value[38]	str	procontra
i18n.words_context	haupt2neben[6].value[39]	str	dagegendafuer
i18n.words_context	haupt2neben[6].value[40]	str	Licht
i18n.words_context	haupt2neben[6].value[41]	str	licht
i18n.words_context	haupt2neben[6].value[42]	str	Bedeutung
i18n.words_context	haupt2neben[6].value[43]	str	bedeutung
i18n.words_context	haupt2neben[6].value[44]	str	Symbole
i18n.words_context	haupt2neben[6].value[45]	str	symbole
i18n.words_context	haupt2neben[6].value[46]	str	Multiplikationen
i18n.words_context	haupt2neben[6].value[47]	str	Eigenschaften_n
i18n.words_context	haupt2neben[6].value[48]	str	eigenschaften
i18n.words_context	haupt2neben[6].value[49]	str	eigenschaft
i18n.words_context	haupt2neben[6].value[50]	str	konzept
i18n.words_context	haupt2neben[6].value[51]	str	konzepte
i18n.words_context	haupt2neben[6].value[52]	str	Eigenschaften_1/n
i18n.words_context	haupt2neben[6].value[53]	str	konzept2
i18n.words_context	haupt2neben[6].value[54]	str	konzepte2
i18n.words_context	haupt2neben[6].value[55]	str	Inkrementieren
i18n.words_context	haupt2neben[6].value[56]	str	inkrementieren
i18n.words_context	haupt2neben[6].value[57]	str	Operationen
i18n.words_context	haupt2neben[6].value[58]	str	operationen
i18n.words_context	haupt2neben[6].value[59]	str	Meta_vs_Konkret_(Universum)
i18n.words_context	haupt2neben[6].value[60]	str	universummetakonkret
i18n.words_context	haupt2neben[6].value[61]	str	Primzahlwirkung
i18n.words_context	haupt2neben[6].value[62]	str	primzahlwirkung
i18n.words_context	haupt2neben[6].value[63]	str	gebrochen-rational_Universum_n/m
i18n.words_context	haupt2neben[6].value[64]	str	gebrochenuniversum
i18n.words_context	haupt2neben[6].value[65]	str	gebrochen-rational_Galaxie_n/m
i18n.words_context	haupt2neben[6].value[66]	str	gebrochengalaxie
i18n.words_context	haupt2neben[6].value[67]	str	gebrochen-rational_Gefuehle_n/m
i18n.words_context	haupt2neben[6].value[68]	str	gebrochenemotion
i18n.words_context	haupt2neben[6].value[69]	str	gebrochen-rational_Strukturgroesse_n/m
i18n.words_context	haupt2neben[6].value[70]	str	gebrochengroesse
i18n.words_context	haupt2neben[6].value[71]	str	Multiplikationen
i18n.words_context	haupt2neben[6].value[72]	str	multiplikationen
i18n.words_context	haupt2neben[6].value[73]	str	Planet_(10_und_oder_12)
i18n.words_context	haupt2neben[6].value[74]	str	planet
i18n.words_context	haupt2neben[6].value[75]	str	Strukturen_1_bis_9
i18n.words_context	haupt2neben[6].value[76]	str	strukturkleinerzehn
i18n.words_context	haupt2neben[6].value[77]	str	Grundstrukturen
i18n.words_context	haupt2neben[6].value[78]	str	grundstrukturen
i18n.words_context	haupt2neben[6].value[79]	str	Teilchen-Meta-Physik
i18n.words_context	haupt2neben[6].value[80]	str	teilchen
i18n.words_context	haupt2neben[6].value[81]	str	Kontinuum
i18n.words_context	haupt2neben[6].value[82]	str	kontinuum
i18n.words_context	haupt2neben[6].value[83]	str	Herrschaft
i18n.words_context	haupt2neben[6].value[84]	str	macht
i18n.words_context	haupt2neben[6].value[85]	str	MetaMetaPhysik_und_MetaChemie
i18n.words_context	haupt2neben[6].value[86]	str	alles
i18n.words_context	haupt2neben[7].key	str	kombination
i18n.words_context	haupt2neben[7].value	ref	i18n.words_context:kombiMainParas
i18n.words_context	organisationWort	str	organisation
i18n.words_context	thomasWort	str	thomas
i18n.words_context	motivationWort	str	motivation
i18n.words_context	komplexWort	str	komplex
i18n.words_context	transzendentalienWort	str	transzendentalien
i18n.words_context	transzendentaliereziprokeWort	str	transzendentaliereziproke
i18n.words_context	verhaeltnisgleicherzahlWort	str	verhaeltnisgleicherzahl
i18n.words_context	gestirnWort	str	gestirn
i18n.words_context	primzahlkreuzWort	str	primzahlkreuz
i18n.words_context	GalaxieabsichtWort	str	Galaxieabsicht
i18n.words_matrix	alxp	function	(text)
i18n.words_matrix	x	function	(text1, text)
i18n.words_matrix	sprachen	ref	i18n.words_context:sprachen
i18n.words_matrix	sprachen2	ref	i18n.words_context:sprachen2
i18n.words_matrix	sprachenWahl	str	deutsch
i18n.words_matrix	sprachenParameterWort	str	-language=
i18n.words_matrix	flagS	bool	true
i18n.words_matrix	arg	str	-language=deutsch
i18n.words_matrix	localedir	str	python_reference/i18n
i18n.words_matrix	Multiplikationen	ref	i18n.words_context:Multiplikationen
i18n.words_matrix	netzwerkWort	str	netzwerk
i18n.words_matrix	Primzahlkreuz_pro_contra_strs	ref	i18n.words_context:Primzahlkreuz_pro_contra_strs
i18n.words_matrix	keineTabellenAusgabe	str	ein Mal kein Tabelleninhalt
i18n.words_matrix	Primzahlkreuz_pro_contra_strs_Fkt	ref	i18n.words_context:Primzahlkreuz_pro_contra_strs_Fkt
i18n.words_matrix	Primzahlkreuz_pro_contra_strs_Dict	ref	i18n.words_context:Primzahlkreuz_pro_contra_strs_Dict
i18n.words_matrix	gebrochenSpaltenMaximumPlus1	int	24
i18n.words_matrix	primzahlWort	str	Primzahl
i18n.words_matrix	geistWort	str	geist
i18n.words_matrix	emotionWort	str	emotion
i18n.words_matrix	ausgabeParas	ref	i18n.words_context:ausgabeParas
i18n.words_matrix	ausgabeParasEqSign	ref	i18n.words_context:ausgabeParasEqSign
i18n.words_matrix	ausgabeParasLen	ref	i18n.words_context:ausgabeParasLen
i18n.words_matrix	kombiMainParas	ref	i18n.words_context:kombiMainParas
i18n.words_matrix	zeilenParas	ref	i18n.words_context:zeilenParas
i18n.words_matrix	zeilenParasLen	ref	i18n.words_context:zeilenParasLen
i18n.words_matrix	hauptForNeben	ref	i18n.words_context:hauptForNeben
i18n.words_matrix	ausgabeArt	ref	i18n.words_context:ausgabeArt
i18n.words_matrix	wahl16Words	ref	i18n.words_context:wahl16Words
i18n.words_matrix	wahl15Words	ref	i18n.words_context:wahl15Words
i18n.words_matrix	kugelnKreise	ref	i18n.words_context:kugelnKreise
i18n.words_matrix	ParametersMain	ref	i18n.words_context:ParametersMain
i18n.words_matrix	konzeptE	ref	i18n.words_context:konzeptE
i18n.words_matrix	gebrochenUniGal	ref	i18n.words_context:gebrochenUniGal
i18n.words_matrix	gebrochenUniGalEinzeln	ref	i18n.words_context:gebrochenUniGalEinzeln
i18n.words_matrix	wahl15	ref	i18n.words_context:wahl15
i18n.words_matrix	wahl16	ref	i18n.words_context:wahl16
i18n.words_matrix	freiheitGleichheit	ref	i18n.words_context:freiheitGleichheit
i18n.words_matrix	gemeinsamkeitenWort	str	Gemeinsamkeiten
i18n.words_matrix	befehle2	ref	i18n.words_context:befehle2
i18n.words_matrix	finde_mehrfache_vorkommen	function	(stringliste)
i18n.words_matrix	befehle	ref	i18n.words_context:befehle
i18n.words_matrix	haupt2neben	ref	i18n.words_context:haupt2neben
i18n.words_matrix	organisationWort	str	organisation
i18n.words_matrix	thomasWort	str	thomas
i18n.words_matrix	motivationWort	str	motivation
i18n.words_matrix	komplexWort	str	komplex
i18n.words_matrix	transzendentalienWort	str	transzendentalien
i18n.words_matrix	transzendentaliereziprokeWort	str	transzendentaliereziproke
i18n.words_matrix	verhaeltnisgleicherzahlWort	str	verhaeltnisgleicherzahl
i18n.words_matrix	gestirnWort	str	gestirn
i18n.words_matrix	primzahlkreuzWort	str	primzahlkreuz
i18n.words_matrix	GalaxieabsichtWort	str	Galaxieabsicht
i18n.words_matrix	paraNdataMatrix	list	431
i18n.words_matrix	paraNdataMatrix[0]	tuple	3
i18n.words_matrix	paraNdataMatrix[0][0]	ref	i18n.words_context:ParametersMain.wichtigste
i18n.words_matrix	paraNdataMatrix[0][1]	tuple	2
i18n.words_matrix	paraNdataMatrix[0][1][0]	str	Wichtigste
i18n.words_matrix	paraNdataMatrix[0][1][1]	str	wichtigste
i18n.words_matrix	paraNdataMatrix[0][2]	set	4
i18n.words_matrix	paraNdataMatrix[0][2][0]	int	10
i18n.words_matrix	paraNdataMatrix[0][2][1]	int	4
i18n.words_matrix	paraNdataMatrix[0][2][2]	int	5
i18n.words_matrix	paraNdataMatrix[0][2][3]	int	8
i18n.words_matrix	paraNdataMatrix[1]	tuple	3
i18n.words_matrix	paraNdataMatrix[1][0]	ref	i18n.words_context:ParametersMain.menschliches
i18n.words_matrix	paraNdataMatrix[1][1]	tuple	3
i18n.words_matrix	paraNdataMatrix[1][1][0]	str	Mensch-zu-Tier
i18n.words_matrix	paraNdataMatrix[1][1][1]	str	menschtier
i18n.words_matrix	paraNdataMatrix[1][1][2]	str	tiermensch
i18n.words_matrix	paraNdataMatrix[1][2]	set	1
i18n.words_matrix	paraNdataMatrix[1][2][0]	int	314
i18n.words_matrix	paraNdataMatrix[2]	tuple	3
i18n.words_matrix	paraNdataMatrix[2][0]	ref	i18n.words_context:ParametersMain.menschliches
i18n.words_matrix	paraNdataMatrix[2][1]	tuple	3
i18n.words_matrix	paraNdataMatrix[2][1][0]	str	Verbrechen_und_Bestrafung
i18n.words_matrix	paraNdataMatrix[2][1][1]	str	kriminell
i18n.words_matrix	paraNdataMatrix[2][1][2]	str	bestrafen
i18n.words_matrix	paraNdataMatrix[2][2]	set	2
i18n.words_matrix	paraNdataMatrix[2][2][0]	int	539
i18n.words_matrix	paraNdataMatrix[2][2][1]	int	540
i18n.words_matrix	paraNdataMatrix[3]	tuple	3
i18n.words_matrix	paraNdataMatrix[3][0]	ref	i18n.words_context:ParametersMain.herrschaft
i18n.words_matrix	paraNdataMatrix[3][1]	tuple	3
i18n.words_matrix	paraNdataMatrix[3][1][0]	str	Galaxienclusterherrschaft
i18n.words_matrix	paraNdataMatrix[3][1][1]	str	cluster
i18n.words_matrix	paraNdataMatrix[3][1][2]	str	interglaktisch
i18n.words_matrix	paraNdataMatrix[3][2]	set	1
i18n.words_matrix	paraNdataMatrix[3][2][0]	int	538
i18n.words_matrix	paraNdataMatrix[4]	tuple	3
i18n.words_matrix	paraNdataMatrix[4][0]	ref	i18n.words_context:ParametersMain.herrschaft
i18n.words_matrix	paraNdataMatrix[4][1]	tuple	5
i18n.words_matrix	paraNdataMatrix[4][1][0]	str	Herrschaftsformen
i18n.words_matrix	paraNdataMatrix[4][1][1]	str	formen
i18n.words_matrix	paraNdataMatrix[4][1][2]	str	Strukturgroesse
i18n.words_matrix	paraNdataMatrix[4][1][3]	str	groesse
i18n.words_matrix	paraNdataMatrix[4][1][4]	str	Größe
i18n.words_matrix	paraNdataMatrix[4][2]	set	2
i18n.words_matrix	paraNdataMatrix[4][2][0]	int	603
i18n.words_matrix	paraNdataMatrix[4][2][1]	int	617
i18n.words_matrix	paraNdataMatrix[5]	tuple	3
i18n.words_matrix	paraNdataMatrix[5][0]	ref	i18n.words_context:ParametersMain.herrschaft
i18n.words_matrix	paraNdataMatrix[5][1]	tuple	4
i18n.words_matrix	paraNdataMatrix[5][1][0]	str	Orbit-Herrschafts
i18n.words_matrix	paraNdataMatrix[5][1][1]	str	orbit
i18n.words_matrix	paraNdataMatrix[5][1][2]	str	Massenmedien
i18n.words_matrix	paraNdataMatrix[5][1][3]	str	Satelliten
i18n.words_matrix	paraNdataMatrix[5][2]	set	1
i18n.words_matrix	paraNdataMatrix[5][2][0]	int	548
i18n.words_matrix	paraNdataMatrix[6]	tuple	3
i18n.words_matrix	paraNdataMatrix[6][0]	ref	i18n.words_context:ParametersMain.herrschaft
i18n.words_matrix	paraNdataMatrix[6][1]	tuple	2
i18n.words_matrix	paraNdataMatrix[6][1][0]	str	Herrschafts_Datenstruktur
i18n.words_matrix	paraNdataMatrix[6][1][1]	str	struktur
i18n.words_matrix	paraNdataMatrix[6][2]	set	2
i18n.words_matrix	paraNdataMatrix[6][2][0]	int	541
i18n.words_matrix	paraNdataMatrix[6][2][1]	int	544
i18n.words_matrix	paraNdataMatrix[7]	tuple	3
i18n.words_matrix	paraNdataMatrix[7][0]	ref	i18n.words_context:ParametersMain.metachemiemetametaphysik
i18n.words_matrix	paraNdataMatrix[7][1]	tuple	1
i18n.words_matrix	paraNdataMatrix[7][1][0]	str	Meta_Meta_Physik_Einteilungen
i18n.words_matrix	paraNdataMatrix[7][2]	set	6
i18n.words_matrix	paraNdataMatrix[7][2][0]	int	670
i18n.words_matrix	paraNdataMatrix[7][2][1]	int	671
i18n.words_matrix	paraNdataMatrix[7][2][2]	int	672
i18n.words_matrix	paraNdataMatrix[7][2][3]	int	673
i18n.words_matrix	paraNdataMatrix[7][2][4]	int	674
i18n.words_matrix	paraNdataMatrix[7][2][5]	int	675
i18n.words_matrix	paraNdataMatrix[8]	tuple	3
i18n.words_matrix	paraNdataMatrix[8][0]	ref	i18n.words_context:ParametersMain.herrschaft
i18n.words_matrix	paraNdataMatrix[8][1]	tuple	2
i18n.words_matrix	paraNdataMatrix[8][1][0]	str	Sternen_System
i18n.words_matrix	paraNdataMatrix[8][1][1]	str	sonne
i18n.words_matrix	paraNdataMatrix[8][2]	set	1
i18n.words_matrix	paraNdataMatrix[8][2][0]	int	545
i18n.words_matrix	paraNdataMatrix[9]	tuple	3
i18n.words_matrix	paraNdataMatrix[9][0]	ref	i18n.words_context:ParametersMain.herrschaft
i18n.words_matrix	paraNdataMatrix[9][1]	tuple	3
i18n.words_matrix	paraNdataMatrix[9][1][0]	str	Galaxieherrschaft
i18n.words_matrix	paraNdataMatrix[9][1][1]	str	Galaxie
i18n.words_matrix	paraNdataMatrix[9][1][2]	str	galaxie
i18n.words_matrix	paraNdataMatrix[9][2]	set	2
i18n.words_matrix	paraNdataMatrix[9][2][0]	int	537
i18n.words_matrix	paraNdataMatrix[9][2][1]	int	604
i18n.words_matrix	paraNdataMatrix[10]	tuple	3
i18n.words_matrix	paraNdataMatrix[10][0]	ref	i18n.words_context:ParametersMain.herrschaft
i18n.words_matrix	paraNdataMatrix[10][1]	tuple	2
i18n.words_matrix	paraNdataMatrix[10][1][0]	str	abstrakte_Herrschaft
i18n.words_matrix	paraNdataMatrix[10][1][1]	str	abstrakt
i18n.words_matrix	paraNdataMatrix[10][2]	set	2
i18n.words_matrix	paraNdataMatrix[10][2][0]	int	564
i18n.words_matrix	paraNdataMatrix[10][2][1]	int	573
i18n.words_matrix	paraNdataMatrix[11]	tuple	3
i18n.words_matrix	paraNdataMatrix[11][0]	ref	i18n.words_context:ParametersMain.universum
i18n.words_matrix	paraNdataMatrix[11][1]	tuple	2
i18n.words_matrix	paraNdataMatrix[11][1][0]	str	Winkel
i18n.words_matrix	paraNdataMatrix[11][1][1]	str	winkel
i18n.words_matrix	paraNdataMatrix[11][2]	set	1
i18n.words_matrix	paraNdataMatrix[11][2][0]	int	726
i18n.words_matrix	paraNdataMatrix[12]	tuple	3
i18n.words_matrix	paraNdataMatrix[12][0]	ref	i18n.words_context:ParametersMain.universum
i18n.words_matrix	paraNdataMatrix[12][1]	tuple	2
i18n.words_matrix	paraNdataMatrix[12][1][0]	str	Logik
i18n.words_matrix	paraNdataMatrix[12][1][1]	str	logik
i18n.words_matrix	paraNdataMatrix[12][2]	set	1
i18n.words_matrix	paraNdataMatrix[12][2][0]	int	725
i18n.words_matrix	paraNdataMatrix[13]	tuple	3
i18n.words_matrix	paraNdataMatrix[13][0]	ref	i18n.words_context:ParametersMain.planet
i18n.words_matrix	paraNdataMatrix[13][1]	tuple	2
i18n.words_matrix	paraNdataMatrix[13][1][0]	str	Logik
i18n.words_matrix	paraNdataMatrix[13][1][1]	str	logik
i18n.words_matrix	paraNdataMatrix[13][2]	set	1
i18n.words_matrix	paraNdataMatrix[13][2][0]	int	725
i18n.words_matrix	paraNdataMatrix[14]	tuple	3
i18n.words_matrix	paraNdataMatrix[14][0]	ref	i18n.words_context:ParametersMain.planet
i18n.words_matrix	paraNdataMatrix[14][1]	tuple	3
i18n.words_matrix	paraNdataMatrix[14][1][0]	str	Kreislaufwirtschaft
i18n.words_matrix	paraNdataMatrix[14][1][1]	str	kreislauf
i18n.words_matrix	paraNdataMatrix[14][1][2]	str	Kreislauf
i18n.words_matrix	paraNdataMatrix[14][2]	set	1
i18n.words_matrix	paraNdataMatrix[14][2][0]	int	610
i18n.words_matrix	paraNdataMatrix[15]	tuple	3
i18n.words_matrix	paraNdataMatrix[15][0]	ref	i18n.words_context:ParametersMain.planet
i18n.words_matrix	paraNdataMatrix[15][1]	tuple	3
i18n.words_matrix	paraNdataMatrix[15][1][0]	str	Planetenherrschaft
i18n.words_matrix	paraNdataMatrix[15][1][1]	str	herrschaft
i18n.words_matrix	paraNdataMatrix[15][1][2]	str	Planetenkorrekturherrschaft
i18n.words_matrix	paraNdataMatrix[15][2]	set	5
i18n.words_matrix	paraNdataMatrix[15][2][0]	int	536
i18n.words_matrix	paraNdataMatrix[15][2][1]	int	542
i18n.words_matrix	paraNdataMatrix[15][2][2]	int	562
i18n.words_matrix	paraNdataMatrix[15][2][3]	int	588
i18n.words_matrix	paraNdataMatrix[15][2][4]	int	664
i18n.words_matrix	paraNdataMatrix[16]	tuple	3
i18n.words_matrix	paraNdataMatrix[16][0]	ref	i18n.words_context:ParametersMain.herrschaft
i18n.words_matrix	paraNdataMatrix[16][1]	tuple	2
i18n.words_matrix	paraNdataMatrix[16][1][0]	str	Spezies
i18n.words_matrix	paraNdataMatrix[16][1][1]	str	Speziesherrschaftsformen
i18n.words_matrix	paraNdataMatrix[16][2]	set	2
i18n.words_matrix	paraNdataMatrix[16][2][0]	int	668
i18n.words_matrix	paraNdataMatrix[16][2][1]	int	669
i18n.words_matrix	paraNdataMatrix[17]	tuple	3
i18n.words_matrix	paraNdataMatrix[17][0]	ref	i18n.words_context:ParametersMain.herrschaft
i18n.words_matrix	paraNdataMatrix[17][1]	tuple	3
i18n.words_matrix	paraNdataMatrix[17][1][0]	str	Planetenherrschaft
i18n.words_matrix	paraNdataMatrix[17][1][1]	str	planet
i18n.words_matrix	paraNdataMatrix[17][1][2]	str	Planetenkorrektur
i18n.words_matrix	paraNdataMatrix[17][2]	set	5
i18n.words_matrix	paraNdataMatrix[17][2][0]	int	536
i18n.words_matrix	paraNdataMatrix[17][2][1]	int	542
i18n.words_matrix	paraNdataMatrix[17][2][2]	int	562
i18n.words_matrix	paraNdataMatrix[17][2][3]	int	588
i18n.words_matrix	paraNdataMatrix[17][2][4]	int	664
i18n.words_matrix	paraNdataMatrix[18]	tuple	3
i18n.words_matrix	paraNdataMatrix[18][0]	ref	i18n.words_context:ParametersMain.religionen
i18n.words_matrix	paraNdataMatrix[18][1]	tuple	2
i18n.words_matrix	paraNdataMatrix[18][1][0]	str	Superkräfte
i18n.words_matrix	paraNdataMatrix[18][1][1]	str	Superkraefte
i18n.words_matrix	paraNdataMatrix[18][2]	set	4
i18n.words_matrix	paraNdataMatrix[18][2][0]	int	444
i18n.words_matrix	paraNdataMatrix[18][2][1]	int	494
i18n.words_matrix	paraNdataMatrix[18][2][2]	int	496
i18n.words_matrix	paraNdataMatrix[18][2][3]	int	503
i18n.words_matrix	paraNdataMatrix[19]	tuple	3
i18n.words_matrix	paraNdataMatrix[19][0]	ref	i18n.words_context:ParametersMain.galaxie
i18n.words_matrix	paraNdataMatrix[19][1]	tuple	2
i18n.words_matrix	paraNdataMatrix[19][1][0]	str	Superkräfte
i18n.words_matrix	paraNdataMatrix[19][1][1]	str	Superkraefte
i18n.words_matrix	paraNdataMatrix[19][2]	set	3
i18n.words_matrix	paraNdataMatrix[19][2][0]	int	444
i18n.words_matrix	paraNdataMatrix[19][2][1]	int	494
i18n.words_matrix	paraNdataMatrix[19][2][2]	int	496
i18n.words_matrix	paraNdataMatrix[20]	tuple	3
i18n.words_matrix	paraNdataMatrix[20][0]	ref	i18n.words_context:ParametersMain.universum
i18n.words_matrix	paraNdataMatrix[20][1]	tuple	2
i18n.words_matrix	paraNdataMatrix[20][1][0]	str	Objekte
i18n.words_matrix	paraNdataMatrix[20][1][1]	str	objekt
i18n.words_matrix	paraNdataMatrix[20][2]	set	1
i18n.words_matrix	paraNdataMatrix[20][2][0]	int	546
i18n.words_matrix	paraNdataMatrix[21]	tuple	3
i18n.words_matrix	paraNdataMatrix[21][0]	ref	i18n.words_context:ParametersMain.universum
i18n.words_matrix	paraNdataMatrix[21][1]	tuple	1
i18n.words_matrix	paraNdataMatrix[21][1][0]	str	Evolution_vs_Design_intelligent
i18n.words_matrix	paraNdataMatrix[21][2]	set	1
i18n.words_matrix	paraNdataMatrix[21][2][0]	int	519
i18n.words_matrix	paraNdataMatrix[22]	tuple	3
i18n.words_matrix	paraNdataMatrix[22][0]	ref	i18n.words_context:ParametersMain.menschliches
i18n.words_matrix	paraNdataMatrix[22][1]	tuple	2
i18n.words_matrix	paraNdataMatrix[22][1][0]	str	Gott_und_Prophet
i18n.words_matrix	paraNdataMatrix[22][1][1]	str	goetter
i18n.words_matrix	paraNdataMatrix[22][2]	set	5
i18n.words_matrix	paraNdataMatrix[22][2][0]	int	534
i18n.words_matrix	paraNdataMatrix[22][2][1]	int	550
i18n.words_matrix	paraNdataMatrix[22][2][2]	int	552
i18n.words_matrix	paraNdataMatrix[22][2][3]	int	553
i18n.words_matrix	paraNdataMatrix[22][2][4]	int	557
i18n.words_matrix	paraNdataMatrix[23]	tuple	3
i18n.words_matrix	paraNdataMatrix[23][0]	ref	i18n.words_context:ParametersMain.menschliches
i18n.words_matrix	paraNdataMatrix[23][1]	tuple	1
i18n.words_matrix	paraNdataMatrix[23][1][0]	str	Sinne
i18n.words_matrix	paraNdataMatrix[23][2]	set	1
i18n.words_matrix	paraNdataMatrix[23][2][0]	int	533
i18n.words_matrix	paraNdataMatrix[24]	tuple	3
i18n.words_matrix	paraNdataMatrix[24][0]	ref	i18n.words_context:ParametersMain.menschliches
i18n.words_matrix	paraNdataMatrix[24][1]	tuple	2
i18n.words_matrix	paraNdataMatrix[24][1][0]	str	Superkräfte
i18n.words_matrix	paraNdataMatrix[24][1][1]	str	Superkraefte
i18n.words_matrix	paraNdataMatrix[24][2]	set	3
i18n.words_matrix	paraNdataMatrix[24][2][0]	int	444
i18n.words_matrix	paraNdataMatrix[24][2][1]	int	494
i18n.words_matrix	paraNdataMatrix[24][2][2]	int	496
i18n.words_matrix	paraNdataMatrix[25]	tuple	3
i18n.words_matrix	paraNdataMatrix[25][0]	ref	i18n.words_context:ParametersMain.menschliches
i18n.words_matrix	paraNdataMatrix[25][1]	tuple	1
i18n.words_matrix	paraNdataMatrix[25][1][0]	str	Formationen
i18n.words_matrix	paraNdataMatrix[25][2]	set	1
i18n.words_matrix	paraNdataMatrix[25][2][0]	int	461
i18n.words_matrix	paraNdataMatrix[26]	tuple	3
i18n.words_matrix	paraNdataMatrix[26][0]	ref	i18n.words_context:ParametersMain.menschliches
i18n.words_matrix	paraNdataMatrix[26][1]	tuple	2
i18n.words_matrix	paraNdataMatrix[26][1][0]	str	Ansichten_Standpunkte_(18_17)
i18n.words_matrix	paraNdataMatrix[26][1][1]	str	ansichten
i18n.words_matrix	paraNdataMatrix[26][2]	set	2
i18n.words_matrix	paraNdataMatrix[26][2][0]	int	240
i18n.words_matrix	paraNdataMatrix[26][2][1]	int	346
i18n.words_matrix	paraNdataMatrix[27]	tuple	3
i18n.words_matrix	paraNdataMatrix[27][0]	ref	i18n.words_context:ParametersMain.menschliches
i18n.words_matrix	paraNdataMatrix[27][1]	tuple	3
i18n.words_matrix	paraNdataMatrix[27][1][0]	str	(politische)_Richtungen_(7)
i18n.words_matrix	paraNdataMatrix[27][1][1]	str	richtungen
i18n.words_matrix	paraNdataMatrix[27][1][2]	str	politische
i18n.words_matrix	paraNdataMatrix[27][2]	set	1
i18n.words_matrix	paraNdataMatrix[27][2][0]	int	235
i18n.words_matrix	paraNdataMatrix[28]	tuple	3
i18n.words_matrix	paraNdataMatrix[28][0]	ref	i18n.words_context:ParametersMain.planet
i18n.words_matrix	paraNdataMatrix[28][1]	tuple	3
i18n.words_matrix	paraNdataMatrix[28][1][0]	str	Wirklichkeiten_(10)
i18n.words_matrix	paraNdataMatrix[28][1][1]	str	wirklichkeit
i18n.words_matrix	paraNdataMatrix[28][1][2]	str	wirklichkeiten
i18n.words_matrix	paraNdataMatrix[28][2]	set	5
i18n.words_matrix	paraNdataMatrix[28][2][0]	int	233
i18n.words_matrix	paraNdataMatrix[28][2][1]	int	265
i18n.words_matrix	paraNdataMatrix[28][2][2]	int	268
i18n.words_matrix	paraNdataMatrix[28][2][3]	int	322
i18n.words_matrix	paraNdataMatrix[28][2][4]	int	420
i18n.words_matrix	paraNdataMatrix[29]	tuple	3
i18n.words_matrix	paraNdataMatrix[29][0]	ref	i18n.words_context:ParametersMain.planet
i18n.words_matrix	paraNdataMatrix[29][1]	tuple	5
i18n.words_matrix	paraNdataMatrix[29][1][0]	str	Meta-Systeme_(12)
i18n.words_matrix	paraNdataMatrix[29][1][1]	str	metasysteme
i18n.words_matrix	paraNdataMatrix[29][1][2]	str	metasystem
i18n.words_matrix	paraNdataMatrix[29][1][3]	str	meta-systeme
i18n.words_matrix	paraNdataMatrix[29][1][4]	str	meta-system
i18n.words_matrix	paraNdataMatrix[29][2]	set	11
i18n.words_matrix	paraNdataMatrix[29][2][0]	int	232
i18n.words_matrix	paraNdataMatrix[29][2][1]	int	288
i18n.words_matrix	paraNdataMatrix[29][2][2]	int	334
i18n.words_matrix	paraNdataMatrix[29][2][3]	int	410
i18n.words_matrix	paraNdataMatrix[29][2][4]	int	411
i18n.words_matrix	paraNdataMatrix[29][2][5]	int	483
i18n.words_matrix	paraNdataMatrix[29][2][6]	int	497
i18n.words_matrix	paraNdataMatrix[29][2][7]	int	498
i18n.words_matrix	paraNdataMatrix[29][2][8]	int	499
i18n.words_matrix	paraNdataMatrix[29][2][9]	int	79
i18n.words_matrix	paraNdataMatrix[29][2][10]	int	80
i18n.words_matrix	paraNdataMatrix[30]	tuple	3
i18n.words_matrix	paraNdataMatrix[30][0]	ref	i18n.words_context:ParametersMain.planet
i18n.words_matrix	paraNdataMatrix[30][1]	tuple	2
i18n.words_matrix	paraNdataMatrix[30][1][0]	str	Intelligenz
i18n.words_matrix	paraNdataMatrix[30][1][1]	str	intelligenz
i18n.words_matrix	paraNdataMatrix[30][2]	set	1
i18n.words_matrix	paraNdataMatrix[30][2][0]	int	214
i18n.words_matrix	paraNdataMatrix[31]	tuple	3
i18n.words_matrix	paraNdataMatrix[31][0]	ref	i18n.words_context:ParametersMain.planet
i18n.words_matrix	paraNdataMatrix[31][1]	tuple	4
i18n.words_matrix	paraNdataMatrix[31][1][0]	str	Gleichheit_Freiheit_Ordnung
i18n.words_matrix	paraNdataMatrix[31][1][1]	str	gleichheit
i18n.words_matrix	paraNdataMatrix[31][1][2]	str	freiheit
i18n.words_matrix	paraNdataMatrix[31][1][3]	str	gleichheit
i18n.words_matrix	paraNdataMatrix[31][2]	set	10
i18n.words_matrix	paraNdataMatrix[31][2][0]	int	132
i18n.words_matrix	paraNdataMatrix[31][2][1]	int	324
i18n.words_matrix	paraNdataMatrix[31][2][2]	int	328
i18n.words_matrix	paraNdataMatrix[31][2][3]	int	331
i18n.words_matrix	paraNdataMatrix[31][2][4]	int	335
i18n.words_matrix	paraNdataMatrix[31][2][5]	int	497
i18n.words_matrix	paraNdataMatrix[31][2][6]	int	498
i18n.words_matrix	paraNdataMatrix[31][2][7]	int	499
i18n.words_matrix	paraNdataMatrix[31][2][8]	int	79
i18n.words_matrix	paraNdataMatrix[31][2][9]	int	80
i18n.words_matrix	paraNdataMatrix[32]	tuple	3
i18n.words_matrix	paraNdataMatrix[32][0]	ref	i18n.words_context:ParametersMain.planet
i18n.words_matrix	paraNdataMatrix[32][1]	tuple	3
i18n.words_matrix	paraNdataMatrix[32][1][0]	str	Komplexität
i18n.words_matrix	paraNdataMatrix[32][1][1]	str	komplexität
i18n.words_matrix	paraNdataMatrix[32][1][2]	str	komplexitaet
i18n.words_matrix	paraNdataMatrix[32][2]	set	1
i18n.words_matrix	paraNdataMatrix[32][2][0]	int	213
i18n.words_matrix	paraNdataMatrix[33]	tuple	3
i18n.words_matrix	paraNdataMatrix[33][0]	ref	i18n.words_context:ParametersMain.planet
i18n.words_matrix	paraNdataMatrix[33][1]	tuple	3
i18n.words_matrix	paraNdataMatrix[33][1][0]	str	Mechanismen
i18n.words_matrix	paraNdataMatrix[33][1][1]	str	mechanismen
i18n.words_matrix	paraNdataMatrix[33][1][2]	str	mechanismus
i18n.words_matrix	paraNdataMatrix[33][2]	set	1
i18n.words_matrix	paraNdataMatrix[33][2][0]	int	107
i18n.words_matrix	paraNdataMatrix[34]	tuple	7
i18n.words_matrix	paraNdataMatrix[34][0]	ref	i18n.words_context:ParametersMain.wichtigste
i18n.words_matrix	paraNdataMatrix[34][1]	tuple	2
i18n.words_matrix	paraNdataMatrix[34][1][0]	str	Zweitwichtigste
i18n.words_matrix	paraNdataMatrix[34][1][1]	str	zweitwichtigste
i18n.words_matrix	paraNdataMatrix[34][2]	set	3
i18n.words_matrix	paraNdataMatrix[34][2][0]	int	183
i18n.words_matrix	paraNdataMatrix[34][2][1]	int	19
i18n.words_matrix	paraNdataMatrix[34][2][2]	int	65
i18n.words_matrix	paraNdataMatrix[34][3]	set	0
i18n.words_matrix	paraNdataMatrix[34][4]	set	0
i18n.words_matrix	paraNdataMatrix[34][5]	set	0
i18n.words_matrix	paraNdataMatrix[34][6]	set	1
i18n.words_matrix	paraNdataMatrix[34][6][0]	tuple	1
i18n.words_matrix	paraNdataMatrix[34][6][0][0]	int	10
i18n.words_matrix	paraNdataMatrix[35]	tuple	3
i18n.words_matrix	paraNdataMatrix[35][0]	ref	i18n.words_context:ParametersMain.wichtigste
i18n.words_matrix	paraNdataMatrix[35][1]	tuple	2
i18n.words_matrix	paraNdataMatrix[35][1][0]	str	Drittwichtigste
i18n.words_matrix	paraNdataMatrix[35][1][1]	str	drittwichtigste
i18n.words_matrix	paraNdataMatrix[35][2]	set	1
i18n.words_matrix	paraNdataMatrix[35][2][0]	int	64
i18n.words_matrix	paraNdataMatrix[36]	tuple	10
i18n.words_matrix	paraNdataMatrix[36][0]	ref	i18n.words_context:ParametersMain.wichtigste
i18n.words_matrix	paraNdataMatrix[36][1]	tuple	2
i18n.words_matrix	paraNdataMatrix[36][1][0]	str	Motive_Sternpolygone
i18n.words_matrix	paraNdataMatrix[36][1][1]	str	viertwichtigste
i18n.words_matrix	paraNdataMatrix[36][2]	set	0
i18n.words_matrix	paraNdataMatrix[36][3]	set	0
i18n.words_matrix	paraNdataMatrix[36][4]	set	0
i18n.words_matrix	paraNdataMatrix[36][5]	set	0
i18n.words_matrix	paraNdataMatrix[36][6]	set	0
i18n.words_matrix	paraNdataMatrix[36][7]	set	0
i18n.words_matrix	paraNdataMatrix[36][8]	set	0
i18n.words_matrix	paraNdataMatrix[36][9]	set	1
i18n.words_matrix	paraNdataMatrix[36][9][0]	str	primMotivStern
i18n.words_matrix	paraNdataMatrix[37]	tuple	3
i18n.words_matrix	paraNdataMatrix[37][0]	ref	i18n.words_context:ParametersMain.wichtigste2
i18n.words_matrix	paraNdataMatrix[37][1]	tuple	2
i18n.words_matrix	paraNdataMatrix[37][1][0]	str	Wichtigste
i18n.words_matrix	paraNdataMatrix[37][1][1]	str	wichtigstes
i18n.words_matrix	paraNdataMatrix[37][2]	set	6
i18n.words_matrix	paraNdataMatrix[37][2][0]	int	0
i18n.words_matrix	paraNdataMatrix[37][2][1]	int	1
i18n.words_matrix	paraNdataMatrix[37][2][2]	int	2
i18n.words_matrix	paraNdataMatrix[37][2][3]	int	207
i18n.words_matrix	paraNdataMatrix[37][2][4]	int	36
i18n.words_matrix	paraNdataMatrix[37][2][5]	int	37
i18n.words_matrix	paraNdataMatrix[38]	tuple	3
i18n.words_matrix	paraNdataMatrix[38][0]	ref	i18n.words_context:ParametersMain.wichtigste2
i18n.words_matrix	paraNdataMatrix[38][1]	tuple	2
i18n.words_matrix	paraNdataMatrix[38][1][0]	str	Zweitwichtigste
i18n.words_matrix	paraNdataMatrix[38][1][1]	str	zweitwichtigste
i18n.words_matrix	paraNdataMatrix[38][2]	set	1
i18n.words_matrix	paraNdataMatrix[38][2][0]	int	30
i18n.words_matrix	paraNdataMatrix[39]	tuple	3
i18n.words_matrix	paraNdataMatrix[39][0]	ref	i18n.words_context:ParametersMain.operationen
i18n.words_matrix	paraNdataMatrix[39][1]	tuple	3
i18n.words_matrix	paraNdataMatrix[39][1][0]	str	Halbierung
i18n.words_matrix	paraNdataMatrix[39][1][1]	str	halbierung
i18n.words_matrix	paraNdataMatrix[39][1][2]	str	halbierungen
i18n.words_matrix	paraNdataMatrix[39][2]	set	1
i18n.words_matrix	paraNdataMatrix[39][2][0]	int	86
i18n.words_matrix	paraNdataMatrix[40]	tuple	3
i18n.words_matrix	paraNdataMatrix[40][0]	ref	i18n.words_context:ParametersMain.religionen
i18n.words_matrix	paraNdataMatrix[40][1]	tuple	5
i18n.words_matrix	paraNdataMatrix[40][1][0]	str	Religions-Gründer-Typ
i18n.words_matrix	paraNdataMatrix[40][1][1]	str	religionsgründertyp
i18n.words_matrix	paraNdataMatrix[40][1][2]	str	prophet
i18n.words_matrix	paraNdataMatrix[40][1][3]	str	archon
i18n.words_matrix	paraNdataMatrix[40][1][4]	str	religionsgruendertyp
i18n.words_matrix	paraNdataMatrix[40][2]	set	2
i18n.words_matrix	paraNdataMatrix[40][2][0]	int	503
i18n.words_matrix	paraNdataMatrix[40][2][1]	int	72
i18n.words_matrix	paraNdataMatrix[41]	tuple	3
i18n.words_matrix	paraNdataMatrix[41][0]	ref	i18n.words_context:ParametersMain.religionen
i18n.words_matrix	paraNdataMatrix[41][1]	tuple	1
i18n.words_matrix	paraNdataMatrix[41][1][0]	str	Satan_Teufel
i18n.words_matrix	paraNdataMatrix[41][2]	set	1
i18n.words_matrix	paraNdataMatrix[41][2][0]	int	495
i18n.words_matrix	paraNdataMatrix[42]	tuple	3
i18n.words_matrix	paraNdataMatrix[42][0]	ref	i18n.words_context:ParametersMain.menschliches
i18n.words_matrix	paraNdataMatrix[42][1]	tuple	1
i18n.words_matrix	paraNdataMatrix[42][1][0]	str	Satan_Teufel
i18n.words_matrix	paraNdataMatrix[42][2]	set	1
i18n.words_matrix	paraNdataMatrix[42][2][0]	int	495
i18n.words_matrix	paraNdataMatrix[43]	tuple	3
i18n.words_matrix	paraNdataMatrix[43][0]	ref	i18n.words_context:ParametersMain.religionen
i18n.words_matrix	paraNdataMatrix[43][1]	tuple	2
i18n.words_matrix	paraNdataMatrix[43][1][0]	str	Hinduismus
i18n.words_matrix	paraNdataMatrix[43][1][1]	str	hinduismus
i18n.words_matrix	paraNdataMatrix[43][2]	set	1
i18n.words_matrix	paraNdataMatrix[43][2][0]	int	217
i18n.words_matrix	paraNdataMatrix[44]	tuple	3
i18n.words_matrix	paraNdataMatrix[44][0]	ref	i18n.words_context:ParametersMain.religionen
i18n.words_matrix	paraNdataMatrix[44][1]	tuple	2
i18n.words_matrix	paraNdataMatrix[44][1][0]	str	Sternpolygon
i18n.words_matrix	paraNdataMatrix[44][1][1]	str	sternpolygon
i18n.words_matrix	paraNdataMatrix[44][2]	set	3
i18n.words_matrix	paraNdataMatrix[44][2][0]	int	0
i18n.words_matrix	paraNdataMatrix[44][2][1]	int	36
i18n.words_matrix	paraNdataMatrix[44][2][2]	int	6
i18n.words_matrix	paraNdataMatrix[45]	tuple	3
i18n.words_matrix	paraNdataMatrix[45][0]	ref	i18n.words_context:ParametersMain.religionen
i18n.words_matrix	paraNdataMatrix[45][1]	tuple	3
i18n.words_matrix	paraNdataMatrix[45][1][0]	str	der_Tierkreiszeichen
i18n.words_matrix	paraNdataMatrix[45][1][1]	str	dertierkreiszeichen
i18n.words_matrix	paraNdataMatrix[45][1][2]	str	babylon
i18n.words_matrix	paraNdataMatrix[45][2]	set	5
i18n.words_matrix	paraNdataMatrix[45][2][0]	int	0
i18n.words_matrix	paraNdataMatrix[45][2][1]	int	207
i18n.words_matrix	paraNdataMatrix[45][2][2]	int	36
i18n.words_matrix	paraNdataMatrix[45][2][3]	int	477
i18n.words_matrix	paraNdataMatrix[45][2][4]	int	478
i18n.words_matrix	paraNdataMatrix[46]	tuple	3
i18n.words_matrix	paraNdataMatrix[46][0]	ref	i18n.words_context:ParametersMain.religionen
i18n.words_matrix	paraNdataMatrix[46][1]	tuple	4
i18n.words_matrix	paraNdataMatrix[46][1][0]	str	Sternpolygon_vs_gleichförmiges
i18n.words_matrix	paraNdataMatrix[46][1][1]	str	vergleich
i18n.words_matrix	paraNdataMatrix[46][1][2]	str	sternpolygonvsgleichfoermiges
i18n.words_matrix	paraNdataMatrix[46][1][3]	str	vergleichnvs1divn
i18n.words_matrix	paraNdataMatrix[46][2]	set	1
i18n.words_matrix	paraNdataMatrix[46][2][0]	int	87
i18n.words_matrix	paraNdataMatrix[47]	tuple	3
i18n.words_matrix	paraNdataMatrix[47][0]	ref	i18n.words_context:ParametersMain.religionen
i18n.words_matrix	paraNdataMatrix[47][1]	tuple	6
i18n.words_matrix	paraNdataMatrix[47][1][0]	str	Messias
i18n.words_matrix	paraNdataMatrix[47][1][1]	str	messias
i18n.words_matrix	paraNdataMatrix[47][1][2]	str	heptagramm
i18n.words_matrix	paraNdataMatrix[47][1][3]	str	hund
i18n.words_matrix	paraNdataMatrix[47][1][4]	str	messiase
i18n.words_matrix	paraNdataMatrix[47][1][5]	str	messiasse
i18n.words_matrix	paraNdataMatrix[47][2]	set	2
i18n.words_matrix	paraNdataMatrix[47][2][0]	int	503
i18n.words_matrix	paraNdataMatrix[47][2][1]	int	7
i18n.words_matrix	paraNdataMatrix[48]	tuple	3
i18n.words_matrix	paraNdataMatrix[48][0]	ref	i18n.words_context:ParametersMain.religionen
i18n.words_matrix	paraNdataMatrix[48][1]	tuple	5
i18n.words_matrix	paraNdataMatrix[48][1][0]	str	gleichförmiges_Polygon
i18n.words_matrix	paraNdataMatrix[48][1][1]	str	gleichförmigespolygon
i18n.words_matrix	paraNdataMatrix[48][1][2]	str	gleichfoermigespolygon
i18n.words_matrix	paraNdataMatrix[48][1][3]	str	nichtsternpolygon
i18n.words_matrix	paraNdataMatrix[48][1][4]	str	polygon
i18n.words_matrix	paraNdataMatrix[48][2]	set	2
i18n.words_matrix	paraNdataMatrix[48][2][0]	int	16
i18n.words_matrix	paraNdataMatrix[48][2][1]	int	37
i18n.words_matrix	paraNdataMatrix[49]	tuple	3
i18n.words_matrix	paraNdataMatrix[49][0]	ref	i18n.words_context:ParametersMain.religionen
i18n.words_matrix	paraNdataMatrix[49][1]	tuple	12
i18n.words_matrix	paraNdataMatrix[49][1][0]	str	Vertreter_höherer_Konzepte
i18n.words_matrix	paraNdataMatrix[49][1][1]	str	vertreterhoehererkonzepte
i18n.words_matrix	paraNdataMatrix[49][1][2]	str	galaxien
i18n.words_matrix	paraNdataMatrix[49][1][3]	str	galaxie
i18n.words_matrix	paraNdataMatrix[49][1][4]	str	schwarzesonne
i18n.words_matrix	paraNdataMatrix[49][1][5]	str	schwarzesonnen
i18n.words_matrix	paraNdataMatrix[49][1][6]	str	universum
i18n.words_matrix	paraNdataMatrix[49][1][7]	str	universen
i18n.words_matrix	paraNdataMatrix[49][1][8]	str	kreis
i18n.words_matrix	paraNdataMatrix[49][1][9]	str	kreise
i18n.words_matrix	paraNdataMatrix[49][1][10]	str	kugel
i18n.words_matrix	paraNdataMatrix[49][1][11]	str	kugeln
i18n.words_matrix	paraNdataMatrix[49][2]	set	1
i18n.words_matrix	paraNdataMatrix[49][2][0]	int	23
i18n.words_matrix	paraNdataMatrix[50]	tuple	3
i18n.words_matrix	paraNdataMatrix[50][0]	ref	i18n.words_context:ParametersMain.galaxie
i18n.words_matrix	paraNdataMatrix[50][1]	tuple	1
i18n.words_matrix	paraNdataMatrix[50][1][0]	str	Lebewesen_Galaxie_am_Besten
i18n.words_matrix	paraNdataMatrix[50][2]	set	3
i18n.words_matrix	paraNdataMatrix[50][2][0]	int	470
i18n.words_matrix	paraNdataMatrix[50][2][1]	int	471
i18n.words_matrix	paraNdataMatrix[50][2][2]	int	473
i18n.words_matrix	paraNdataMatrix[51]	tuple	3
i18n.words_matrix	paraNdataMatrix[51][0]	ref	i18n.words_context:ParametersMain.galaxie
i18n.words_matrix	paraNdataMatrix[51][1]	tuple	6
i18n.words_matrix	paraNdataMatrix[51][1][0]	str	Offenbarung_des_Johannes
i18n.words_matrix	paraNdataMatrix[51][1][1]	str	offenbarung
i18n.words_matrix	paraNdataMatrix[51][1][2]	str	offenbarungdesjohannes
i18n.words_matrix	paraNdataMatrix[51][1][3]	str	johannes
i18n.words_matrix	paraNdataMatrix[51][1][4]	str	bibel
i18n.words_matrix	paraNdataMatrix[51][1][5]	str	offenbarungjohannes
i18n.words_matrix	paraNdataMatrix[51][2]	set	1
i18n.words_matrix	paraNdataMatrix[51][2][0]	int	90
i18n.words_matrix	paraNdataMatrix[52]	tuple	3
i18n.words_matrix	paraNdataMatrix[52][0]	ref	i18n.words_context:ParametersMain.inkrementieren
i18n.words_matrix	paraNdataMatrix[52][1]	tuple	4
i18n.words_matrix	paraNdataMatrix[52][1][0]	str	Teilchen-Meta-Physik
i18n.words_matrix	paraNdataMatrix[52][1][1]	str	addition
i18n.words_matrix	paraNdataMatrix[52][1][2]	str	identitaet
i18n.words_matrix	paraNdataMatrix[52][1][3]	str	Identität
i18n.words_matrix	paraNdataMatrix[52][2]	set	8
i18n.words_matrix	paraNdataMatrix[52][2][0]	int	219
i18n.words_matrix	paraNdataMatrix[52][2][1]	int	223
i18n.words_matrix	paraNdataMatrix[52][2][2]	int	307
i18n.words_matrix	paraNdataMatrix[52][2][3]	int	308
i18n.words_matrix	paraNdataMatrix[52][2][4]	int	333
i18n.words_matrix	paraNdataMatrix[52][2][5]	int	387
i18n.words_matrix	paraNdataMatrix[52][2][6]	int	388
i18n.words_matrix	paraNdataMatrix[52][2][7]	int	406
i18n.words_matrix	paraNdataMatrix[53]	tuple	3
i18n.words_matrix	paraNdataMatrix[53][0]	ref	i18n.words_context:ParametersMain.galaxie
i18n.words_matrix	paraNdataMatrix[53][1]	tuple	3
i18n.words_matrix	paraNdataMatrix[53][1][0]	str	Hochzüchten
i18n.words_matrix	paraNdataMatrix[53][1][1]	str	hochzüchten
i18n.words_matrix	paraNdataMatrix[53][1][2]	str	hochzuechten
i18n.words_matrix	paraNdataMatrix[53][2]	set	2
i18n.words_matrix	paraNdataMatrix[53][2][0]	int	318
i18n.words_matrix	paraNdataMatrix[53][2][1]	int	319
i18n.words_matrix	paraNdataMatrix[54]	tuple	3
i18n.words_matrix	paraNdataMatrix[54][0]	ref	i18n.words_context:ParametersMain.multiversum
i18n.words_matrix	paraNdataMatrix[54][1]	tuple	3
i18n.words_matrix	paraNdataMatrix[54][1][0]	str	Farben
i18n.words_matrix	paraNdataMatrix[54][1][1]	str	farbe
i18n.words_matrix	paraNdataMatrix[54][1][2]	str	Farben_Sind_Signale_Signale_sind_Dimension_Dreizehn
i18n.words_matrix	paraNdataMatrix[54][2]	set	2
i18n.words_matrix	paraNdataMatrix[54][2][0]	int	624
i18n.words_matrix	paraNdataMatrix[54][2][1]	int	659
i18n.words_matrix	paraNdataMatrix[55]	tuple	3
i18n.words_matrix	paraNdataMatrix[55][0]	ref	i18n.words_context:ParametersMain.multiversum
i18n.words_matrix	paraNdataMatrix[55][1]	tuple	4
i18n.words_matrix	paraNdataMatrix[55][1][0]	str	Maschinen
i18n.words_matrix	paraNdataMatrix[55][1][1]	str	Computer
i18n.words_matrix	paraNdataMatrix[55][1][2]	str	computer
i18n.words_matrix	paraNdataMatrix[55][1][3]	str	maschinen
i18n.words_matrix	paraNdataMatrix[55][2]	set	6
i18n.words_matrix	paraNdataMatrix[55][2][0]	int	592
i18n.words_matrix	paraNdataMatrix[55][2][1]	int	593
i18n.words_matrix	paraNdataMatrix[55][2][2]	int	685
i18n.words_matrix	paraNdataMatrix[55][2][3]	int	686
i18n.words_matrix	paraNdataMatrix[55][2][4]	int	687
i18n.words_matrix	paraNdataMatrix[55][2][5]	int	89
i18n.words_matrix	paraNdataMatrix[56]	tuple	3
i18n.words_matrix	paraNdataMatrix[56][0]	ref	i18n.words_context:ParametersMain.metachemiemetametaphysik
i18n.words_matrix	paraNdataMatrix[56][1]	tuple	3
i18n.words_matrix	paraNdataMatrix[56][1][0]	str	Kybernetik_und_Meta_Chemie
i18n.words_matrix	paraNdataMatrix[56][1][1]	str	kybernetik
i18n.words_matrix	paraNdataMatrix[56][1][2]	str	metachemie
i18n.words_matrix	paraNdataMatrix[56][2]	set	1
i18n.words_matrix	paraNdataMatrix[56][2][0]	int	606
i18n.words_matrix	paraNdataMatrix[57]	tuple	3
i18n.words_matrix	paraNdataMatrix[57][0]	ref	i18n.words_context:ParametersMain.multiversum
i18n.words_matrix	paraNdataMatrix[57][1]	tuple	3
i18n.words_matrix	paraNdataMatrix[57][1][0]	str	Kybernetik_und_Meta_Chemie
i18n.words_matrix	paraNdataMatrix[57][1][1]	str	kybernetik
i18n.words_matrix	paraNdataMatrix[57][1][2]	str	metachemie
i18n.words_matrix	paraNdataMatrix[57][2]	set	1
i18n.words_matrix	paraNdataMatrix[57][2][0]	int	606
i18n.words_matrix	paraNdataMatrix[58]	tuple	3
i18n.words_matrix	paraNdataMatrix[58][0]	ref	i18n.words_context:ParametersMain.multiversum
i18n.words_matrix	paraNdataMatrix[58][1]	tuple	1
i18n.words_matrix	paraNdataMatrix[58][1][0]	str	Teilchen_anderes_Universum
i18n.words_matrix	paraNdataMatrix[58][2]	set	1
i18n.words_matrix	paraNdataMatrix[58][2][0]	int	512
i18n.words_matrix	paraNdataMatrix[59]	tuple	3
i18n.words_matrix	paraNdataMatrix[59][0]	ref	i18n.words_context:ParametersMain.grundstrukturen
i18n.words_matrix	paraNdataMatrix[59][1]	tuple	1
i18n.words_matrix	paraNdataMatrix[59][1][0]	str	Teilchen_anderes_Universum
i18n.words_matrix	paraNdataMatrix[59][2]	set	1
i18n.words_matrix	paraNdataMatrix[59][2][0]	int	512
i18n.words_matrix	paraNdataMatrix[60]	tuple	3
i18n.words_matrix	paraNdataMatrix[60][0]	ref	i18n.words_context:ParametersMain.universum
i18n.words_matrix	paraNdataMatrix[60][1]	tuple	2
i18n.words_matrix	paraNdataMatrix[60][1][0]	str	Entwicklungs_Stadium_Spezies
i18n.words_matrix	paraNdataMatrix[60][1][1]	str	Spezies_Entwicklung
i18n.words_matrix	paraNdataMatrix[60][2]	set	1
i18n.words_matrix	paraNdataMatrix[60][2][0]	int	661
i18n.words_matrix	paraNdataMatrix[61]	tuple	3
i18n.words_matrix	paraNdataMatrix[61][0]	ref	i18n.words_context:ParametersMain.universum
i18n.words_matrix	paraNdataMatrix[61][1]	tuple	1
i18n.words_matrix	paraNdataMatrix[61][1][0]	str	Teilchen_anderes_Universum
i18n.words_matrix	paraNdataMatrix[61][2]	set	1
i18n.words_matrix	paraNdataMatrix[61][2][0]	int	512
i18n.words_matrix	paraNdataMatrix[62]	tuple	3
i18n.words_matrix	paraNdataMatrix[62][0]	ref	i18n.words_context:ParametersMain.universum
i18n.words_matrix	paraNdataMatrix[62][1]	tuple	1
i18n.words_matrix	paraNdataMatrix[62][1][0]	str	Zusammenhang_Gehirn_Kosmos_Universum
i18n.words_matrix	paraNdataMatrix[62][2]	set	1
i18n.words_matrix	paraNdataMatrix[62][2][0]	int	489
i18n.words_matrix	paraNdataMatrix[63]	tuple	3
i18n.words_matrix	paraNdataMatrix[63][0]	ref	i18n.words_context:ParametersMain.universum
i18n.words_matrix	paraNdataMatrix[63][1]	tuple	3
i18n.words_matrix	paraNdataMatrix[63][1][0]	str	Zahlenarten
i18n.words_matrix	paraNdataMatrix[63][1][1]	str	zahlen
i18n.words_matrix	paraNdataMatrix[63][1][2]	str	nummern
i18n.words_matrix	paraNdataMatrix[63][2]	set	6
i18n.words_matrix	paraNdataMatrix[63][2][0]	int	462
i18n.words_matrix	paraNdataMatrix[63][2][1]	int	563
i18n.words_matrix	paraNdataMatrix[63][2][2]	int	704
i18n.words_matrix	paraNdataMatrix[63][2][3]	int	717
i18n.words_matrix	paraNdataMatrix[63][2][4]	int	724
i18n.words_matrix	paraNdataMatrix[63][2][5]	int	728
i18n.words_matrix	paraNdataMatrix[64]	tuple	3
i18n.words_matrix	paraNdataMatrix[64][0]	ref	i18n.words_context:ParametersMain.menschliches
i18n.words_matrix	paraNdataMatrix[64][1]	tuple	2
i18n.words_matrix	paraNdataMatrix[64][1][0]	str	Bestrafung
i18n.words_matrix	paraNdataMatrix[64][1][1]	str	bestrafen
i18n.words_matrix	paraNdataMatrix[64][2]	set	1
i18n.words_matrix	paraNdataMatrix[64][2][0]	int	636
i18n.words_matrix	paraNdataMatrix[65]	tuple	3
i18n.words_matrix	paraNdataMatrix[65][0]	ref	i18n.words_context:ParametersMain.menschliches
i18n.words_matrix	paraNdataMatrix[65][1]	tuple	3
i18n.words_matrix	paraNdataMatrix[65][1][0]	str	Diplomatie
i18n.words_matrix	paraNdataMatrix[65][1][1]	str	diplomatie
i18n.words_matrix	paraNdataMatrix[65][1][2]	str	lateral
i18n.words_matrix	paraNdataMatrix[65][2]	set	2
i18n.words_matrix	paraNdataMatrix[65][2][0]	int	523
i18n.words_matrix	paraNdataMatrix[65][2][1]	int	594
i18n.words_matrix	paraNdataMatrix[66]	tuple	3
i18n.words_matrix	paraNdataMatrix[66][0]	ref	i18n.words_context:ParametersMain.menschliches
i18n.words_matrix	paraNdataMatrix[66][1]	tuple	1
i18n.words_matrix	paraNdataMatrix[66][1][0]	str	Bestrafung
i18n.words_matrix	paraNdataMatrix[66][2]	set	1
i18n.words_matrix	paraNdataMatrix[66][2][0]	int	463
i18n.words_matrix	paraNdataMatrix[67]	tuple	3
i18n.words_matrix	paraNdataMatrix[67][0]	ref	i18n.words_context:ParametersMain.grundstrukturen
i18n.words_matrix	paraNdataMatrix[67][1]	tuple	1
i18n.words_matrix	paraNdataMatrix[67][1][0]	str	Bestrafung
i18n.words_matrix	paraNdataMatrix[67][2]	set	1
i18n.words_matrix	paraNdataMatrix[67][2][0]	int	463
i18n.words_matrix	paraNdataMatrix[68]	tuple	3
i18n.words_matrix	paraNdataMatrix[68][0]	ref	i18n.words_context:ParametersMain.menschliches
i18n.words_matrix	paraNdataMatrix[68][1]	tuple	1
i18n.words_matrix	paraNdataMatrix[68][1][0]	str	weniger_am_Menschen
i18n.words_matrix	paraNdataMatrix[68][2]	set	1
i18n.words_matrix	paraNdataMatrix[68][2][0]	int	464
i18n.words_matrix	paraNdataMatrix[69]	tuple	3
i18n.words_matrix	paraNdataMatrix[69][0]	ref	i18n.words_context:ParametersMain.menschliches
i18n.words_matrix	paraNdataMatrix[69][1]	tuple	2
i18n.words_matrix	paraNdataMatrix[69][1][0]	str	Erlösung
i18n.words_matrix	paraNdataMatrix[69][1][1]	str	Erloesung
i18n.words_matrix	paraNdataMatrix[69][2]	set	1
i18n.words_matrix	paraNdataMatrix[69][2][0]	int	465
i18n.words_matrix	paraNdataMatrix[70]	tuple	3
i18n.words_matrix	paraNdataMatrix[70][0]	ref	i18n.words_context:ParametersMain.grundstrukturen
i18n.words_matrix	paraNdataMatrix[70][1]	tuple	2
i18n.words_matrix	paraNdataMatrix[70][1][0]	str	Erlösung
i18n.words_matrix	paraNdataMatrix[70][1][1]	str	Erloesung
i18n.words_matrix	paraNdataMatrix[70][2]	set	1
i18n.words_matrix	paraNdataMatrix[70][2][0]	int	465
i18n.words_matrix	paraNdataMatrix[71]	tuple	3
i18n.words_matrix	paraNdataMatrix[71][0]	ref	i18n.words_context:ParametersMain.menschliches
i18n.words_matrix	paraNdataMatrix[71][1]	tuple	1
i18n.words_matrix	paraNdataMatrix[71][1][0]	str	Gewalt
i18n.words_matrix	paraNdataMatrix[71][2]	set	1
i18n.words_matrix	paraNdataMatrix[71][2][0]	int	466
i18n.words_matrix	paraNdataMatrix[72]	tuple	3
i18n.words_matrix	paraNdataMatrix[72][0]	ref	i18n.words_context:ParametersMain.grundstrukturen
i18n.words_matrix	paraNdataMatrix[72][1]	tuple	1
i18n.words_matrix	paraNdataMatrix[72][1][0]	str	Gewalt
i18n.words_matrix	paraNdataMatrix[72][2]	set	2
i18n.words_matrix	paraNdataMatrix[72][2][0]	int	466
i18n.words_matrix	paraNdataMatrix[72][2][1]	int	479
i18n.words_matrix	paraNdataMatrix[73]	tuple	3
i18n.words_matrix	paraNdataMatrix[73][0]	ref	i18n.words_context:ParametersMain.universum
i18n.words_matrix	paraNdataMatrix[73][1]	tuple	1
i18n.words_matrix	paraNdataMatrix[73][1][0]	str	Farben
i18n.words_matrix	paraNdataMatrix[73][2]	set	1
i18n.words_matrix	paraNdataMatrix[73][2][0]	int	444
i18n.words_matrix	paraNdataMatrix[74]	tuple	3
i18n.words_matrix	paraNdataMatrix[74][0]	ref	i18n.words_context:ParametersMain.universum
i18n.words_matrix	paraNdataMatrix[74][1]	tuple	3
i18n.words_matrix	paraNdataMatrix[74][1][0]	str	künstliches_Leben_(15)
i18n.words_matrix	paraNdataMatrix[74][1][1]	str	künstlichesleben
i18n.words_matrix	paraNdataMatrix[74][1][2]	str	grosseki
i18n.words_matrix	paraNdataMatrix[74][2]	set	1
i18n.words_matrix	paraNdataMatrix[74][2][0]	int	409
i18n.words_matrix	paraNdataMatrix[75]	tuple	3
i18n.words_matrix	paraNdataMatrix[75][0]	ref	i18n.words_context:ParametersMain.universum
i18n.words_matrix	paraNdataMatrix[75][1]	tuple	3
i18n.words_matrix	paraNdataMatrix[75][1][0]	str	Software-Lizenzen_akademische_Grade
i18n.words_matrix	paraNdataMatrix[75][1][1]	str	softwarelizenz
i18n.words_matrix	paraNdataMatrix[75][1][2]	str	akademischeGrade
i18n.words_matrix	paraNdataMatrix[75][2]	set	1
i18n.words_matrix	paraNdataMatrix[75][2][0]	int	422
i18n.words_matrix	paraNdataMatrix[76]	tuple	3
i18n.words_matrix	paraNdataMatrix[76][0]	ref	i18n.words_context:ParametersMain.universum
i18n.words_matrix	paraNdataMatrix[76][1]	tuple	3
i18n.words_matrix	paraNdataMatrix[76][1][0]	str	Strategie_Taktik_(15m8)
i18n.words_matrix	paraNdataMatrix[76][1][1]	str	strategie
i18n.words_matrix	paraNdataMatrix[76][1][2]	str	taktik
i18n.words_matrix	paraNdataMatrix[76][2]	set	1
i18n.words_matrix	paraNdataMatrix[76][2][0]	int	385
i18n.words_matrix	paraNdataMatrix[77]	tuple	3
i18n.words_matrix	paraNdataMatrix[77][0]	ref	i18n.words_context:ParametersMain.universum
i18n.words_matrix	paraNdataMatrix[77][1]	tuple	2
i18n.words_matrix	paraNdataMatrix[77][1][0]	str	Universelles_Verhältnis_gleicher_Zahlen
i18n.words_matrix	paraNdataMatrix[77][1][1]	str	verhaeltnisgleicherzahl
i18n.words_matrix	paraNdataMatrix[77][2]	set	1
i18n.words_matrix	paraNdataMatrix[77][2][0]	int	383
i18n.words_matrix	paraNdataMatrix[78]	tuple	3
i18n.words_matrix	paraNdataMatrix[78][0]	ref	i18n.words_context:ParametersMain.universum
i18n.words_matrix	paraNdataMatrix[78][1]	tuple	3
i18n.words_matrix	paraNdataMatrix[78][1][0]	str	universelles_Recht
i18n.words_matrix	paraNdataMatrix[78][1][1]	str	recht
i18n.words_matrix	paraNdataMatrix[78][1][2]	str	jura
i18n.words_matrix	paraNdataMatrix[78][2]	set	3
i18n.words_matrix	paraNdataMatrix[78][2][0]	int	34
i18n.words_matrix	paraNdataMatrix[78][2][1]	int	382
i18n.words_matrix	paraNdataMatrix[78][2][2]	int	65
i18n.words_matrix	paraNdataMatrix[79]	tuple	3
i18n.words_matrix	paraNdataMatrix[79][0]	ref	i18n.words_context:ParametersMain.universum
i18n.words_matrix	paraNdataMatrix[79][1]	tuple	2
i18n.words_matrix	paraNdataMatrix[79][1][0]	str	sowas_wie_Kombinieren_Verknüpfen
i18n.words_matrix	paraNdataMatrix[79][1][1]	str	kombinierenetc
i18n.words_matrix	paraNdataMatrix[79][2]	set	1
i18n.words_matrix	paraNdataMatrix[79][2][0]	int	320
i18n.words_matrix	paraNdataMatrix[80]	tuple	3
i18n.words_matrix	paraNdataMatrix[80][0]	ref	i18n.words_context:ParametersMain.universum
i18n.words_matrix	paraNdataMatrix[80][1]	tuple	3
i18n.words_matrix	paraNdataMatrix[80][1][0]	str	Hochzüchten
i18n.words_matrix	paraNdataMatrix[80][1][1]	str	hochzüchten
i18n.words_matrix	paraNdataMatrix[80][1][2]	str	hochzuechten
i18n.words_matrix	paraNdataMatrix[80][2]	set	2
i18n.words_matrix	paraNdataMatrix[80][2][0]	int	318
i18n.words_matrix	paraNdataMatrix[80][2][1]	int	319
i18n.words_matrix	paraNdataMatrix[81]	tuple	3
i18n.words_matrix	paraNdataMatrix[81][0]	ref	i18n.words_context:ParametersMain.universum
i18n.words_matrix	paraNdataMatrix[81][1]	tuple	1
i18n.words_matrix	paraNdataMatrix[81][1][0]	str	Teilchen-Meta-Physik
i18n.words_matrix	paraNdataMatrix[81][2]	set	2
i18n.words_matrix	paraNdataMatrix[81][2][0]	int	219
i18n.words_matrix	paraNdataMatrix[81][2][1]	int	308
i18n.words_matrix	paraNdataMatrix[82]	tuple	3
i18n.words_matrix	paraNdataMatrix[82][0]	ref	i18n.words_context:ParametersMain.teilchen
i18n.words_matrix	paraNdataMatrix[82][1]	tuple	1
i18n.words_matrix	paraNdataMatrix[82][1][0]	str	das_Universelle_(15)
i18n.words_matrix	paraNdataMatrix[82][2]	set	2
i18n.words_matrix	paraNdataMatrix[82][2][0]	int	219
i18n.words_matrix	paraNdataMatrix[82][2][1]	int	308
i18n.words_matrix	paraNdataMatrix[83]	tuple	3
i18n.words_matrix	paraNdataMatrix[83][0]	ref	i18n.words_context:ParametersMain.teilchen
i18n.words_matrix	paraNdataMatrix[83][1]	tuple	3
i18n.words_matrix	paraNdataMatrix[83][1][0]	str	Wirklichkeiten_(10)
i18n.words_matrix	paraNdataMatrix[83][1][1]	str	wirklichkeit
i18n.words_matrix	paraNdataMatrix[83][1][2]	str	wirklichkeiten
i18n.words_matrix	paraNdataMatrix[83][2]	set	1
i18n.words_matrix	paraNdataMatrix[83][2][0]	int	420
i18n.words_matrix	paraNdataMatrix[84]	tuple	3
i18n.words_matrix	paraNdataMatrix[84][0]	ref	i18n.words_context:ParametersMain.teilchen
i18n.words_matrix	paraNdataMatrix[84][1]	tuple	1
i18n.words_matrix	paraNdataMatrix[84][1][0]	str	das_Galaktische_(14)
i18n.words_matrix	paraNdataMatrix[84][2]	set	1
i18n.words_matrix	paraNdataMatrix[84][2][0]	int	406
i18n.words_matrix	paraNdataMatrix[85]	tuple	3
i18n.words_matrix	paraNdataMatrix[85][0]	ref	i18n.words_context:ParametersMain.teilchen
i18n.words_matrix	paraNdataMatrix[85][1]	tuple	1
i18n.words_matrix	paraNdataMatrix[85][1][0]	str	das_Multiverselle_(16)
i18n.words_matrix	paraNdataMatrix[85][2]	set	2
i18n.words_matrix	paraNdataMatrix[85][2][0]	int	388
i18n.words_matrix	paraNdataMatrix[85][2][1]	int	418
i18n.words_matrix	paraNdataMatrix[86]	tuple	3
i18n.words_matrix	paraNdataMatrix[86][0]	ref	i18n.words_context:ParametersMain.teilchen
i18n.words_matrix	paraNdataMatrix[86][1]	tuple	1
i18n.words_matrix	paraNdataMatrix[86][1][0]	str	die_Tugendsortierung_(13_mit_14)
i18n.words_matrix	paraNdataMatrix[86][2]	set	1
i18n.words_matrix	paraNdataMatrix[86][2][0]	int	411
i18n.words_matrix	paraNdataMatrix[87]	tuple	3
i18n.words_matrix	paraNdataMatrix[87][0]	ref	i18n.words_context:ParametersMain.teilchen
i18n.words_matrix	paraNdataMatrix[87][1]	tuple	1
i18n.words_matrix	paraNdataMatrix[87][1][0]	str	die_Galaxie_Unterbereiche_(13)
i18n.words_matrix	paraNdataMatrix[87][2]	set	3
i18n.words_matrix	paraNdataMatrix[87][2][0]	int	223
i18n.words_matrix	paraNdataMatrix[87][2][1]	int	307
i18n.words_matrix	paraNdataMatrix[87][2][2]	int	412
i18n.words_matrix	paraNdataMatrix[88]	tuple	3
i18n.words_matrix	paraNdataMatrix[88][0]	ref	i18n.words_context:ParametersMain.teilchen
i18n.words_matrix	paraNdataMatrix[88][1]	tuple	1
i18n.words_matrix	paraNdataMatrix[88][1][0]	str	das_Gute_die_Richtung_(7)
i18n.words_matrix	paraNdataMatrix[88][2]	set	1
i18n.words_matrix	paraNdataMatrix[88][2][0]	int	333
i18n.words_matrix	paraNdataMatrix[89]	tuple	3
i18n.words_matrix	paraNdataMatrix[89][0]	ref	i18n.words_context:ParametersMain.teilchen
i18n.words_matrix	paraNdataMatrix[89][1]	tuple	1
i18n.words_matrix	paraNdataMatrix[89][1][0]	str	Raum_und_Dimensionen_(8)
i18n.words_matrix	paraNdataMatrix[89][2]	set	1
i18n.words_matrix	paraNdataMatrix[89][2][0]	int	387
i18n.words_matrix	paraNdataMatrix[90]	tuple	3
i18n.words_matrix	paraNdataMatrix[90][0]	ref	i18n.words_context:ParametersMain.universum
i18n.words_matrix	paraNdataMatrix[90][1]	tuple	2
i18n.words_matrix	paraNdataMatrix[90][1][0]	str	keine_Nur-Paradigma-Religionen
i18n.words_matrix	paraNdataMatrix[90][1][1]	str	metaparadigmareligion
i18n.words_matrix	paraNdataMatrix[90][2]	set	3
i18n.words_matrix	paraNdataMatrix[90][2][0]	int	190
i18n.words_matrix	paraNdataMatrix[90][2][1]	int	191
i18n.words_matrix	paraNdataMatrix[90][2][2]	int	196
i18n.words_matrix	paraNdataMatrix[91]	tuple	3
i18n.words_matrix	paraNdataMatrix[91][0]	ref	i18n.words_context:ParametersMain.universum
i18n.words_matrix	paraNdataMatrix[91][1]	tuple	4
i18n.words_matrix	paraNdataMatrix[91][1][0]	str	Kugeln_Kreise
i18n.words_matrix	paraNdataMatrix[91][1][1]	str	kugelnkreise
i18n.words_matrix	paraNdataMatrix[91][1][2]	str	kugeln
i18n.words_matrix	paraNdataMatrix[91][1][3]	str	kreise
i18n.words_matrix	paraNdataMatrix[91][2]	set	2
i18n.words_matrix	paraNdataMatrix[91][2][0]	int	145
i18n.words_matrix	paraNdataMatrix[91][2][1]	int	77
i18n.words_matrix	paraNdataMatrix[92]	tuple	3
i18n.words_matrix	paraNdataMatrix[92][0]	ref	i18n.words_context:ParametersMain.multiversum
i18n.words_matrix	paraNdataMatrix[92][1]	tuple	1
i18n.words_matrix	paraNdataMatrix[92][1][0]	str	Raumzeit_Anordnung_mathematisch_universell
i18n.words_matrix	paraNdataMatrix[92][2]	set	1
i18n.words_matrix	paraNdataMatrix[92][2][0]	int	472
i18n.words_matrix	paraNdataMatrix[93]	tuple	3
i18n.words_matrix	paraNdataMatrix[93][0]	ref	i18n.words_context:ParametersMain.multiversum
i18n.words_matrix	paraNdataMatrix[93][1]	tuple	2
i18n.words_matrix	paraNdataMatrix[93][1][0]	str	Multiversalien_(16)
i18n.words_matrix	paraNdataMatrix[93][1][1]	str	multiversalien
i18n.words_matrix	paraNdataMatrix[93][2]	set	1
i18n.words_matrix	paraNdataMatrix[93][2][0]	int	389
i18n.words_matrix	paraNdataMatrix[94]	tuple	3
i18n.words_matrix	paraNdataMatrix[94][0]	ref	i18n.words_context:ParametersMain.multiversum
i18n.words_matrix	paraNdataMatrix[94][1]	tuple	2
i18n.words_matrix	paraNdataMatrix[94][1][0]	str	Meta-Physik-Teilchen_(1)
i18n.words_matrix	paraNdataMatrix[94][1][1]	str	teilchen
i18n.words_matrix	paraNdataMatrix[94][2]	set	1
i18n.words_matrix	paraNdataMatrix[94][2][0]	int	388
i18n.words_matrix	paraNdataMatrix[95]	tuple	3
i18n.words_matrix	paraNdataMatrix[95][0]	ref	i18n.words_context:ParametersMain.galaxie
i18n.words_matrix	paraNdataMatrix[95][1]	tuple	4
i18n.words_matrix	paraNdataMatrix[95][1][0]	str	Kugeln_Kreise
i18n.words_matrix	paraNdataMatrix[95][1][1]	str	kugelnkreise
i18n.words_matrix	paraNdataMatrix[95][1][2]	str	kugeln
i18n.words_matrix	paraNdataMatrix[95][1][3]	str	kreise
i18n.words_matrix	paraNdataMatrix[95][2]	set	2
i18n.words_matrix	paraNdataMatrix[95][2][0]	int	145
i18n.words_matrix	paraNdataMatrix[95][2][1]	int	77
i18n.words_matrix	paraNdataMatrix[96]	tuple	3
i18n.words_matrix	paraNdataMatrix[96][0]	ref	i18n.words_context:ParametersMain.galaxie
i18n.words_matrix	paraNdataMatrix[96][1]	tuple	3
i18n.words_matrix	paraNdataMatrix[96][1][0]	str	chinesisches_Horoskop
i18n.words_matrix	paraNdataMatrix[96][1][1]	str	chinesischeshoroskop
i18n.words_matrix	paraNdataMatrix[96][1][2]	str	china
i18n.words_matrix	paraNdataMatrix[96][2]	set	1
i18n.words_matrix	paraNdataMatrix[96][2][0]	int	91
i18n.words_matrix	paraNdataMatrix[97]	tuple	3
i18n.words_matrix	paraNdataMatrix[97][0]	ref	i18n.words_context:ParametersMain.galaxie
i18n.words_matrix	paraNdataMatrix[97][1]	tuple	3
i18n.words_matrix	paraNdataMatrix[97][1][0]	str	babylonische_Tierkreiszeichen
i18n.words_matrix	paraNdataMatrix[97][1][1]	str	tierkreiszeichen
i18n.words_matrix	paraNdataMatrix[97][1][2]	str	babylon
i18n.words_matrix	paraNdataMatrix[97][2]	set	2
i18n.words_matrix	paraNdataMatrix[97][2][0]	int	1
i18n.words_matrix	paraNdataMatrix[97][2][1]	int	2
i18n.words_matrix	paraNdataMatrix[98]	tuple	3
i18n.words_matrix	paraNdataMatrix[98][0]	ref	i18n.words_context:ParametersMain.galaxie
i18n.words_matrix	paraNdataMatrix[98][1]	tuple	3
i18n.words_matrix	paraNdataMatrix[98][1][0]	str	Thomasevangelium
i18n.words_matrix	paraNdataMatrix[98][1][1]	str	thomasevangelium
i18n.words_matrix	paraNdataMatrix[98][1][2]	str	thomas
i18n.words_matrix	paraNdataMatrix[98][2]	set	3
i18n.words_matrix	paraNdataMatrix[98][2][0]	int	0
i18n.words_matrix	paraNdataMatrix[98][2][1]	int	3
i18n.words_matrix	paraNdataMatrix[98][2][2]	int	303
i18n.words_matrix	paraNdataMatrix[99]	tuple	3
i18n.words_matrix	paraNdataMatrix[99][0]	ref	i18n.words_context:ParametersMain.grundstrukturen
i18n.words_matrix	paraNdataMatrix[99][1]	tuple	2
i18n.words_matrix	paraNdataMatrix[99][1][0]	str	Netzwerk
i18n.words_matrix	paraNdataMatrix[99][1][1]	str	netzwerk
i18n.words_matrix	paraNdataMatrix[99][2]	set	2
i18n.words_matrix	paraNdataMatrix[99][2][0]	int	417
i18n.words_matrix	paraNdataMatrix[99][2][1]	int	436
i18n.words_matrix	paraNdataMatrix[100]	tuple	3
i18n.words_matrix	paraNdataMatrix[100][0]	ref	i18n.words_context:ParametersMain.grundstrukturen
i18n.words_matrix	paraNdataMatrix[100][1]	tuple	2
i18n.words_matrix	paraNdataMatrix[100][1][0]	str	Kontroverse_(51)
i18n.words_matrix	paraNdataMatrix[100][1][1]	str	kontroverse
i18n.words_matrix	paraNdataMatrix[100][2]	set	1
i18n.words_matrix	paraNdataMatrix[100][2][0]	int	421
i18n.words_matrix	paraNdataMatrix[101]	tuple	3
i18n.words_matrix	paraNdataMatrix[101][0]	ref	i18n.words_context:ParametersMain.grundstrukturen
i18n.words_matrix	paraNdataMatrix[101][1]	tuple	2
i18n.words_matrix	paraNdataMatrix[101][1][0]	str	mathematisches_Design_(32)
i18n.words_matrix	paraNdataMatrix[101][1][1]	str	mathematischesdesign
i18n.words_matrix	paraNdataMatrix[101][2]	set	1
i18n.words_matrix	paraNdataMatrix[101][2][0]	int	419
i18n.words_matrix	paraNdataMatrix[102]	tuple	3
i18n.words_matrix	paraNdataMatrix[102][0]	ref	i18n.words_context:ParametersMain.grundstrukturen
i18n.words_matrix	paraNdataMatrix[102][1]	tuple	3
i18n.words_matrix	paraNdataMatrix[102][1][0]	str	analytische_Ontologie
i18n.words_matrix	paraNdataMatrix[102][1][1]	str	analytischeontologie
i18n.words_matrix	paraNdataMatrix[102][1][2]	str	ontologie
i18n.words_matrix	paraNdataMatrix[102][2]	set	1
i18n.words_matrix	paraNdataMatrix[102][2][0]	int	84
i18n.words_matrix	paraNdataMatrix[103]	tuple	3
i18n.words_matrix	paraNdataMatrix[103][0]	ref	i18n.words_context:ParametersMain.galaxie
i18n.words_matrix	paraNdataMatrix[103][1]	tuple	3
i18n.words_matrix	paraNdataMatrix[103][1][0]	str	analytische_Ontologie
i18n.words_matrix	paraNdataMatrix[103][1][1]	str	analytischeontologie
i18n.words_matrix	paraNdataMatrix[103][1][2]	str	ontologie
i18n.words_matrix	paraNdataMatrix[103][2]	set	1
i18n.words_matrix	paraNdataMatrix[103][2][0]	int	84
i18n.words_matrix	paraNdataMatrix[104]	tuple	3
i18n.words_matrix	paraNdataMatrix[104][0]	ref	i18n.words_context:ParametersMain.galaxie
i18n.words_matrix	paraNdataMatrix[104][1]	tuple	7
i18n.words_matrix	paraNdataMatrix[104][1][0]	str	Transzendentalien_innen_außen
i18n.words_matrix	paraNdataMatrix[104][1][1]	str	innenaussenstrukur
i18n.words_matrix	paraNdataMatrix[104][1][2]	str	strukturalieninnenaußen
i18n.words_matrix	paraNdataMatrix[104][1][3]	str	strukturalieninnenaussen
i18n.words_matrix	paraNdataMatrix[104][1][4]	str	innenaußenstrukur
i18n.words_matrix	paraNdataMatrix[104][1][5]	str	transzendentalieninnenaußen
i18n.words_matrix	paraNdataMatrix[104][1][6]	str	transzendentalieninnenaussen
i18n.words_matrix	paraNdataMatrix[104][2]	set	1
i18n.words_matrix	paraNdataMatrix[104][2][0]	int	149
i18n.words_matrix	paraNdataMatrix[105]	tuple	3
i18n.words_matrix	paraNdataMatrix[105][0]	ref	i18n.words_context:ParametersMain.galaxie
i18n.words_matrix	paraNdataMatrix[105][1]	tuple	2
i18n.words_matrix	paraNdataMatrix[105][1][0]	str	Modallogik
i18n.words_matrix	paraNdataMatrix[105][1][1]	str	modallogik
i18n.words_matrix	paraNdataMatrix[105][2]	set	1
i18n.words_matrix	paraNdataMatrix[105][2][0]	int	148
i18n.words_matrix	paraNdataMatrix[106]	tuple	3
i18n.words_matrix	paraNdataMatrix[106][0]	ref	i18n.words_context:ParametersMain.operationen
i18n.words_matrix	paraNdataMatrix[106][1]	tuple	7
i18n.words_matrix	paraNdataMatrix[106][1][0]	str	5
i18n.words_matrix	paraNdataMatrix[106][1][1]	str	fünf
i18n.words_matrix	paraNdataMatrix[106][1][2]	str	fünfer
i18n.words_matrix	paraNdataMatrix[106][1][3]	str	fünferstruktur
i18n.words_matrix	paraNdataMatrix[106][1][4]	str	fuenf
i18n.words_matrix	paraNdataMatrix[106][1][5]	str	fuenfer
i18n.words_matrix	paraNdataMatrix[106][1][6]	str	fuenferstruktur
i18n.words_matrix	paraNdataMatrix[106][2]	set	1
i18n.words_matrix	paraNdataMatrix[106][2][0]	int	96
i18n.words_matrix	paraNdataMatrix[107]	tuple	3
i18n.words_matrix	paraNdataMatrix[107][0]	ref	i18n.words_context:ParametersMain.operationen
i18n.words_matrix	paraNdataMatrix[107][1]	tuple	4
i18n.words_matrix	paraNdataMatrix[107][1][0]	str	9
i18n.words_matrix	paraNdataMatrix[107][1][1]	str	neun
i18n.words_matrix	paraNdataMatrix[107][1][2]	str	neuner
i18n.words_matrix	paraNdataMatrix[107][1][3]	str	neunerstruktur
i18n.words_matrix	paraNdataMatrix[107][2]	set	1
i18n.words_matrix	paraNdataMatrix[107][2][0]	int	94
i18n.words_matrix	paraNdataMatrix[108]	tuple	3
i18n.words_matrix	paraNdataMatrix[108][0]	ref	i18n.words_context:ParametersMain.operationen
i18n.words_matrix	paraNdataMatrix[108][1]	tuple	4
i18n.words_matrix	paraNdataMatrix[108][1][0]	str	3
i18n.words_matrix	paraNdataMatrix[108][1][1]	str	drei
i18n.words_matrix	paraNdataMatrix[108][1][2]	str	dreier
i18n.words_matrix	paraNdataMatrix[108][1][3]	str	dreierstruktur
i18n.words_matrix	paraNdataMatrix[108][2]	set	4
i18n.words_matrix	paraNdataMatrix[108][2][0]	int	315
i18n.words_matrix	paraNdataMatrix[108][2][1]	int	316
i18n.words_matrix	paraNdataMatrix[108][2][2]	int	92
i18n.words_matrix	paraNdataMatrix[108][2][3]	int	93
i18n.words_matrix	paraNdataMatrix[109]	tuple	3
i18n.words_matrix	paraNdataMatrix[109][0]	ref	i18n.words_context:ParametersMain.strukturgroesse
i18n.words_matrix	paraNdataMatrix[109][1]	tuple	2
i18n.words_matrix	paraNdataMatrix[109][1][0]	str	Licht
i18n.words_matrix	paraNdataMatrix[109][1][1]	str	licht
i18n.words_matrix	paraNdataMatrix[109][2]	set	3
i18n.words_matrix	paraNdataMatrix[109][2][0]	int	20
i18n.words_matrix	paraNdataMatrix[109][2][1]	int	27
i18n.words_matrix	paraNdataMatrix[109][2][2]	int	313
i18n.words_matrix	paraNdataMatrix[110]	tuple	3
i18n.words_matrix	paraNdataMatrix[110][0]	ref	i18n.words_context:ParametersMain.grundstrukturen
i18n.words_matrix	paraNdataMatrix[110][1]	tuple	9
i18n.words_matrix	paraNdataMatrix[110][1][0]	str	Strukturgrösse
i18n.words_matrix	paraNdataMatrix[110][1][1]	str	Größenordnung
i18n.words_matrix	paraNdataMatrix[110][1][2]	str	größe
i18n.words_matrix	paraNdataMatrix[110][1][3]	str	groesse
i18n.words_matrix	paraNdataMatrix[110][1][4]	str	gross
i18n.words_matrix	paraNdataMatrix[110][1][5]	str	strukturgroesse
i18n.words_matrix	paraNdataMatrix[110][1][6]	str	strukturgroeße
i18n.words_matrix	paraNdataMatrix[110][1][7]	str	strukturgrösse
i18n.words_matrix	paraNdataMatrix[110][1][8]	str	strukturgröße
i18n.words_matrix	paraNdataMatrix[110][2]	set	6
i18n.words_matrix	paraNdataMatrix[110][2][0]	int	197
i18n.words_matrix	paraNdataMatrix[110][2][1]	int	21
i18n.words_matrix	paraNdataMatrix[110][2][2]	int	4
i18n.words_matrix	paraNdataMatrix[110][2][3]	int	425
i18n.words_matrix	paraNdataMatrix[110][2][4]	int	54
i18n.words_matrix	paraNdataMatrix[110][2][5]	int	745
i18n.words_matrix	paraNdataMatrix[111]	tuple	3
i18n.words_matrix	paraNdataMatrix[111][0]	ref	i18n.words_context:ParametersMain.strukturgroesse
i18n.words_matrix	paraNdataMatrix[111][1]	tuple	9
i18n.words_matrix	paraNdataMatrix[111][1][0]	str	Strukturgrösse
i18n.words_matrix	paraNdataMatrix[111][1][1]	str	Größenordnung
i18n.words_matrix	paraNdataMatrix[111][1][2]	str	größe
i18n.words_matrix	paraNdataMatrix[111][1][3]	str	groesse
i18n.words_matrix	paraNdataMatrix[111][1][4]	str	gross
i18n.words_matrix	paraNdataMatrix[111][1][5]	str	strukturgroesse
i18n.words_matrix	paraNdataMatrix[111][1][6]	str	strukturgroeße
i18n.words_matrix	paraNdataMatrix[111][1][7]	str	strukturgrösse
i18n.words_matrix	paraNdataMatrix[111][1][8]	str	strukturgröße
i18n.words_matrix	paraNdataMatrix[111][2]	set	6
i18n.words_matrix	paraNdataMatrix[111][2][0]	int	197
i18n.words_matrix	paraNdataMatrix[111][2][1]	int	21
i18n.words_matrix	paraNdataMatrix[111][2][2]	int	4
i18n.words_matrix	paraNdataMatrix[111][2][3]	int	425
i18n.words_matrix	paraNdataMatrix[111][2][4]	int	54
i18n.words_matrix	paraNdataMatrix[111][2][5]	int	745
i18n.words_matrix	paraNdataMatrix[112]	tuple	3
i18n.words_matrix	paraNdataMatrix[112][0]	ref	i18n.words_context:ParametersMain.strukturgroesse
i18n.words_matrix	paraNdataMatrix[112][1]	tuple	3
i18n.words_matrix	paraNdataMatrix[112][1][0]	str	Organisationen
i18n.words_matrix	paraNdataMatrix[112][1][1]	str	organisationen
i18n.words_matrix	paraNdataMatrix[112][1][2]	str	organisation
i18n.words_matrix	paraNdataMatrix[112][2]	set	4
i18n.words_matrix	paraNdataMatrix[112][2][0]	int	30
i18n.words_matrix	paraNdataMatrix[112][2][1]	int	425
i18n.words_matrix	paraNdataMatrix[112][2][2]	int	745
i18n.words_matrix	paraNdataMatrix[112][2][3]	int	82
i18n.words_matrix	paraNdataMatrix[113]	tuple	3
i18n.words_matrix	paraNdataMatrix[113][0]	ref	i18n.words_context:ParametersMain.strukturgroesse
i18n.words_matrix	paraNdataMatrix[113][1]	tuple	3
i18n.words_matrix	paraNdataMatrix[113][1][0]	str	politische_Systeme
i18n.words_matrix	paraNdataMatrix[113][1][1]	str	politischesysteme
i18n.words_matrix	paraNdataMatrix[113][1][2]	str	politik
i18n.words_matrix	paraNdataMatrix[113][2]	set	1
i18n.words_matrix	paraNdataMatrix[113][2][0]	int	83
i18n.words_matrix	paraNdataMatrix[114]	tuple	14
i18n.words_matrix	paraNdataMatrix[114][0]	ref	i18n.words_context:ParametersMain.universummetakonkret
i18n.words_matrix	paraNdataMatrix[114][1]	tuple	1
i18n.words_matrix	paraNdataMatrix[114][1][0]	str	meta
i18n.words_matrix	paraNdataMatrix[114][2]	set	0
i18n.words_matrix	paraNdataMatrix[114][3]	set	0
i18n.words_matrix	paraNdataMatrix[114][4]	set	0
i18n.words_matrix	paraNdataMatrix[114][5]	set	0
i18n.words_matrix	paraNdataMatrix[114][6]	set	0
i18n.words_matrix	paraNdataMatrix[114][7]	set	0
i18n.words_matrix	paraNdataMatrix[114][8]	set	0
i18n.words_matrix	paraNdataMatrix[114][9]	set	0
i18n.words_matrix	paraNdataMatrix[114][10]	set	0
i18n.words_matrix	paraNdataMatrix[114][11]	set	0
i18n.words_matrix	paraNdataMatrix[114][12]	set	0
i18n.words_matrix	paraNdataMatrix[114][13]	set	1
i18n.words_matrix	paraNdataMatrix[114][13][0]	tuple	2
i18n.words_matrix	paraNdataMatrix[114][13][0][0]	int	2
i18n.words_matrix	paraNdataMatrix[114][13][0][1]	int	0
i18n.words_matrix	paraNdataMatrix[115]	tuple	14
i18n.words_matrix	paraNdataMatrix[115][0]	ref	i18n.words_context:ParametersMain.universummetakonkret
i18n.words_matrix	paraNdataMatrix[115][1]	tuple	1
i18n.words_matrix	paraNdataMatrix[115][1][0]	str	konkret
i18n.words_matrix	paraNdataMatrix[115][2]	set	0
i18n.words_matrix	paraNdataMatrix[115][3]	set	0
i18n.words_matrix	paraNdataMatrix[115][4]	set	0
i18n.words_matrix	paraNdataMatrix[115][5]	set	0
i18n.words_matrix	paraNdataMatrix[115][6]	set	0
i18n.words_matrix	paraNdataMatrix[115][7]	set	0
i18n.words_matrix	paraNdataMatrix[115][8]	set	0
i18n.words_matrix	paraNdataMatrix[115][9]	set	0
i18n.words_matrix	paraNdataMatrix[115][10]	set	0
i18n.words_matrix	paraNdataMatrix[115][11]	set	0
i18n.words_matrix	paraNdataMatrix[115][12]	set	0
i18n.words_matrix	paraNdataMatrix[115][13]	set	1
i18n.words_matrix	paraNdataMatrix[115][13][0]	tuple	2
i18n.words_matrix	paraNdataMatrix[115][13][0][0]	int	2
i18n.words_matrix	paraNdataMatrix[115][13][0][1]	int	1
i18n.words_matrix	paraNdataMatrix[116]	tuple	14
i18n.words_matrix	paraNdataMatrix[116][0]	ref	i18n.words_context:ParametersMain.universummetakonkret
i18n.words_matrix	paraNdataMatrix[116][1]	tuple	2
i18n.words_matrix	paraNdataMatrix[116][1][0]	str	Theorie
i18n.words_matrix	paraNdataMatrix[116][1][1]	str	theorie
i18n.words_matrix	paraNdataMatrix[116][2]	set	0
i18n.words_matrix	paraNdataMatrix[116][3]	set	0
i18n.words_matrix	paraNdataMatrix[116][4]	set	0
i18n.words_matrix	paraNdataMatrix[116][5]	set	0
i18n.words_matrix	paraNdataMatrix[116][6]	set	0
i18n.words_matrix	paraNdataMatrix[116][7]	set	0
i18n.words_matrix	paraNdataMatrix[116][8]	set	0
i18n.words_matrix	paraNdataMatrix[116][9]	set	0
i18n.words_matrix	paraNdataMatrix[116][10]	set	0
i18n.words_matrix	paraNdataMatrix[116][11]	set	0
i18n.words_matrix	paraNdataMatrix[116][12]	set	0
i18n.words_matrix	paraNdataMatrix[116][13]	set	1
i18n.words_matrix	paraNdataMatrix[116][13][0]	tuple	2
i18n.words_matrix	paraNdataMatrix[116][13][0][0]	int	3
i18n.words_matrix	paraNdataMatrix[116][13][0][1]	int	0
i18n.words_matrix	paraNdataMatrix[117]	tuple	14
i18n.words_matrix	paraNdataMatrix[117][0]	ref	i18n.words_context:ParametersMain.universummetakonkret
i18n.words_matrix	paraNdataMatrix[117][1]	tuple	2
i18n.words_matrix	paraNdataMatrix[117][1][0]	str	Praxis
i18n.words_matrix	paraNdataMatrix[117][1][1]	str	praxis
i18n.words_matrix	paraNdataMatrix[117][2]	set	0
i18n.words_matrix	paraNdataMatrix[117][3]	set	0
i18n.words_matrix	paraNdataMatrix[117][4]	set	0
i18n.words_matrix	paraNdataMatrix[117][5]	set	0
i18n.words_matrix	paraNdataMatrix[117][6]	set	0
i18n.words_matrix	paraNdataMatrix[117][7]	set	0
i18n.words_matrix	paraNdataMatrix[117][8]	set	0
i18n.words_matrix	paraNdataMatrix[117][9]	set	0
i18n.words_matrix	paraNdataMatrix[117][10]	set	0
i18n.words_matrix	paraNdataMatrix[117][11]	set	0
i18n.words_matrix	paraNdataMatrix[117][12]	set	0
i18n.words_matrix	paraNdataMatrix[117][13]	set	1
i18n.words_matrix	paraNdataMatrix[117][13][0]	tuple	2
i18n.words_matrix	paraNdataMatrix[117][13][0][0]	int	3
i18n.words_matrix	paraNdataMatrix[117][13][0][1]	int	1
i18n.words_matrix	paraNdataMatrix[118]	tuple	14
i18n.words_matrix	paraNdataMatrix[118][0]	ref	i18n.words_context:ParametersMain.universummetakonkret
i18n.words_matrix	paraNdataMatrix[118][1]	tuple	3
i18n.words_matrix	paraNdataMatrix[118][1][0]	str	Management
i18n.words_matrix	paraNdataMatrix[118][1][1]	str	management
i18n.words_matrix	paraNdataMatrix[118][1][2]	str	stau
i18n.words_matrix	paraNdataMatrix[118][2]	set	0
i18n.words_matrix	paraNdataMatrix[118][3]	set	0
i18n.words_matrix	paraNdataMatrix[118][4]	set	0
i18n.words_matrix	paraNdataMatrix[118][5]	set	0
i18n.words_matrix	paraNdataMatrix[118][6]	set	0
i18n.words_matrix	paraNdataMatrix[118][7]	set	0
i18n.words_matrix	paraNdataMatrix[118][8]	set	0
i18n.words_matrix	paraNdataMatrix[118][9]	set	0
i18n.words_matrix	paraNdataMatrix[118][10]	set	0
i18n.words_matrix	paraNdataMatrix[118][11]	set	0
i18n.words_matrix	paraNdataMatrix[118][12]	set	0
i18n.words_matrix	paraNdataMatrix[118][13]	set	1
i18n.words_matrix	paraNdataMatrix[118][13][0]	tuple	2
i18n.words_matrix	paraNdataMatrix[118][13][0][0]	int	4
i18n.words_matrix	paraNdataMatrix[118][13][0][1]	int	0
i18n.words_matrix	paraNdataMatrix[119]	tuple	14
i18n.words_matrix	paraNdataMatrix[119][0]	ref	i18n.words_context:ParametersMain.universummetakonkret
i18n.words_matrix	paraNdataMatrix[119][1]	tuple	3
i18n.words_matrix	paraNdataMatrix[119][1][0]	str	verändernd
i18n.words_matrix	paraNdataMatrix[119][1][1]	str	veraendernd
i18n.words_matrix	paraNdataMatrix[119][1][2]	str	fluss
i18n.words_matrix	paraNdataMatrix[119][2]	set	0
i18n.words_matrix	paraNdataMatrix[119][3]	set	0
i18n.words_matrix	paraNdataMatrix[119][4]	set	0
i18n.words_matrix	paraNdataMatrix[119][5]	set	0
i18n.words_matrix	paraNdataMatrix[119][6]	set	0
i18n.words_matrix	paraNdataMatrix[119][7]	set	0
i18n.words_matrix	paraNdataMatrix[119][8]	set	0
i18n.words_matrix	paraNdataMatrix[119][9]	set	0
i18n.words_matrix	paraNdataMatrix[119][10]	set	0
i18n.words_matrix	paraNdataMatrix[119][11]	set	0
i18n.words_matrix	paraNdataMatrix[119][12]	set	0
i18n.words_matrix	paraNdataMatrix[119][13]	set	1
i18n.words_matrix	paraNdataMatrix[119][13][0]	tuple	2
i18n.words_matrix	paraNdataMatrix[119][13][0][0]	int	4
i18n.words_matrix	paraNdataMatrix[119][13][0][1]	int	1
i18n.words_matrix	paraNdataMatrix[120]	tuple	14
i18n.words_matrix	paraNdataMatrix[120][0]	ref	i18n.words_context:ParametersMain.universummetakonkret
i18n.words_matrix	paraNdataMatrix[120][1]	tuple	3
i18n.words_matrix	paraNdataMatrix[120][1][0]	str	ganzheitlich
i18n.words_matrix	paraNdataMatrix[120][1][1]	str	mathematisch_diskret
i18n.words_matrix	paraNdataMatrix[120][1][2]	str	diskret
i18n.words_matrix	paraNdataMatrix[120][2]	set	0
i18n.words_matrix	paraNdataMatrix[120][3]	set	0
i18n.words_matrix	paraNdataMatrix[120][4]	set	0
i18n.words_matrix	paraNdataMatrix[120][5]	set	0
i18n.words_matrix	paraNdataMatrix[120][6]	set	0
i18n.words_matrix	paraNdataMatrix[120][7]	set	0
i18n.words_matrix	paraNdataMatrix[120][8]	set	0
i18n.words_matrix	paraNdataMatrix[120][9]	set	0
i18n.words_matrix	paraNdataMatrix[120][10]	set	0
i18n.words_matrix	paraNdataMatrix[120][11]	set	0
i18n.words_matrix	paraNdataMatrix[120][12]	set	0
i18n.words_matrix	paraNdataMatrix[120][13]	set	1
i18n.words_matrix	paraNdataMatrix[120][13][0]	tuple	2
i18n.words_matrix	paraNdataMatrix[120][13][0][0]	int	5
i18n.words_matrix	paraNdataMatrix[120][13][0][1]	int	0
i18n.words_matrix	paraNdataMatrix[121]	tuple	14
i18n.words_matrix	paraNdataMatrix[121][0]	ref	i18n.words_context:ParametersMain.universummetakonkret
i18n.words_matrix	paraNdataMatrix[121][1]	tuple	3
i18n.words_matrix	paraNdataMatrix[121][1][0]	str	darüber_hinausgehend
i18n.words_matrix	paraNdataMatrix[121][1][1]	str	hinausgehend
i18n.words_matrix	paraNdataMatrix[121][1][2]	str	kontinuierlich
i18n.words_matrix	paraNdataMatrix[121][2]	set	0
i18n.words_matrix	paraNdataMatrix[121][3]	set	0
i18n.words_matrix	paraNdataMatrix[121][4]	set	0
i18n.words_matrix	paraNdataMatrix[121][5]	set	0
i18n.words_matrix	paraNdataMatrix[121][6]	set	0
i18n.words_matrix	paraNdataMatrix[121][7]	set	0
i18n.words_matrix	paraNdataMatrix[121][8]	set	0
i18n.words_matrix	paraNdataMatrix[121][9]	set	0
i18n.words_matrix	paraNdataMatrix[121][10]	set	0
i18n.words_matrix	paraNdataMatrix[121][11]	set	0
i18n.words_matrix	paraNdataMatrix[121][12]	set	0
i18n.words_matrix	paraNdataMatrix[121][13]	set	1
i18n.words_matrix	paraNdataMatrix[121][13][0]	tuple	2
i18n.words_matrix	paraNdataMatrix[121][13][0][0]	int	5
i18n.words_matrix	paraNdataMatrix[121][13][0][1]	int	1
i18n.words_matrix	paraNdataMatrix[122]	tuple	7
i18n.words_matrix	paraNdataMatrix[122][0]	ref	i18n.words_context:ParametersMain.primzahlwirkung
i18n.words_matrix	paraNdataMatrix[122][1]	tuple	6
i18n.words_matrix	paraNdataMatrix[122][1][0]	str	Universum_Strukturalien_Transzendentalien
i18n.words_matrix	paraNdataMatrix[122][1][1]	str	universum
i18n.words_matrix	paraNdataMatrix[122][1][2]	str	strukturalie
i18n.words_matrix	paraNdataMatrix[122][1][3]	str	strukturalien
i18n.words_matrix	paraNdataMatrix[122][1][4]	str	transzendentalien
i18n.words_matrix	paraNdataMatrix[122][1][5]	str	transzendentalie
i18n.words_matrix	paraNdataMatrix[122][2]	set	0
i18n.words_matrix	paraNdataMatrix[122][3]	set	0
i18n.words_matrix	paraNdataMatrix[122][4]	set	0
i18n.words_matrix	paraNdataMatrix[122][5]	set	0
i18n.words_matrix	paraNdataMatrix[122][6]	set	1
i18n.words_matrix	paraNdataMatrix[122][6][0]	tuple	1
i18n.words_matrix	paraNdataMatrix[122][6][0][0]	int	5
i18n.words_matrix	paraNdataMatrix[123]	tuple	7
i18n.words_matrix	paraNdataMatrix[123][0]	ref	i18n.words_context:ParametersMain.primzahlwirkung
i18n.words_matrix	paraNdataMatrix[123][1]	tuple	2
i18n.words_matrix	paraNdataMatrix[123][1][0]	str	Richtung_als_Richtung
i18n.words_matrix	paraNdataMatrix[123][1][1]	str	richtungrichtung
i18n.words_matrix	paraNdataMatrix[123][2]	set	0
i18n.words_matrix	paraNdataMatrix[123][3]	set	0
i18n.words_matrix	paraNdataMatrix[123][4]	set	0
i18n.words_matrix	paraNdataMatrix[123][5]	set	0
i18n.words_matrix	paraNdataMatrix[123][6]	set	1
i18n.words_matrix	paraNdataMatrix[123][6][0]	tuple	1
i18n.words_matrix	paraNdataMatrix[123][6][0][0]	none	
i18n.words_matrix	paraNdataMatrix[124]	tuple	7
i18n.words_matrix	paraNdataMatrix[124][0]	ref	i18n.words_context:ParametersMain.primzahlwirkung
i18n.words_matrix	paraNdataMatrix[124][1]	tuple	7
i18n.words_matrix	paraNdataMatrix[124][1][0]	str	Galaxieabsicht
i18n.words_matrix	paraNdataMatrix[124][1][1]	str	absichtgalaxie
i18n.words_matrix	paraNdataMatrix[124][1][2]	str	absicht
i18n.words_matrix	paraNdataMatrix[124][1][3]	str	motive
i18n.words_matrix	paraNdataMatrix[124][1][4]	str	motiv
i18n.words_matrix	paraNdataMatrix[124][1][5]	str	absichten
i18n.words_matrix	paraNdataMatrix[124][1][6]	str	galaxie
i18n.words_matrix	paraNdataMatrix[124][2]	set	0
i18n.words_matrix	paraNdataMatrix[124][3]	set	0
i18n.words_matrix	paraNdataMatrix[124][4]	set	0
i18n.words_matrix	paraNdataMatrix[124][5]	set	0
i18n.words_matrix	paraNdataMatrix[124][6]	set	1
i18n.words_matrix	paraNdataMatrix[124][6][0]	ref	i18n.words_matrix:paraNdataMatrix[34][6][0]
i18n.words_matrix	paraNdataMatrix[125]	tuple	7
i18n.words_matrix	paraNdataMatrix[125][0]	ref	i18n.words_context:ParametersMain.primzahlwirkung
i18n.words_matrix	paraNdataMatrix[125][1]	tuple	7
i18n.words_matrix	paraNdataMatrix[125][1][0]	str	Absicht_Reziproke_Galaxie
i18n.words_matrix	paraNdataMatrix[125][1][1]	str	absichtgalaxiereziproke
i18n.words_matrix	paraNdataMatrix[125][1][2]	str	absichtreziproke
i18n.words_matrix	paraNdataMatrix[125][1][3]	str	motivereziproke
i18n.words_matrix	paraNdataMatrix[125][1][4]	str	motivreziproke
i18n.words_matrix	paraNdataMatrix[125][1][5]	str	absichtenreziproke
i18n.words_matrix	paraNdataMatrix[125][1][6]	str	galaxiereziproke
i18n.words_matrix	paraNdataMatrix[125][2]	set	0
i18n.words_matrix	paraNdataMatrix[125][3]	set	0
i18n.words_matrix	paraNdataMatrix[125][4]	set	0
i18n.words_matrix	paraNdataMatrix[125][5]	set	0
i18n.words_matrix	paraNdataMatrix[125][6]	set	1
i18n.words_matrix	paraNdataMatrix[125][6][0]	tuple	1
i18n.words_matrix	paraNdataMatrix[125][6][0][0]	int	42
i18n.words_matrix	paraNdataMatrix[126]	tuple	7
i18n.words_matrix	paraNdataMatrix[126][0]	ref	i18n.words_context:ParametersMain.primzahlwirkung
i18n.words_matrix	paraNdataMatrix[126][1]	tuple	6
i18n.words_matrix	paraNdataMatrix[126][1][0]	str	Universum_Reziproke
i18n.words_matrix	paraNdataMatrix[126][1][1]	str	universumreziproke
i18n.words_matrix	paraNdataMatrix[126][1][2]	str	strukturaliereziproke
i18n.words_matrix	paraNdataMatrix[126][1][3]	str	strukturalienreziproke
i18n.words_matrix	paraNdataMatrix[126][1][4]	str	transzendentalienreziproke
i18n.words_matrix	paraNdataMatrix[126][1][5]	str	transzendentaliereziproke
i18n.words_matrix	paraNdataMatrix[126][2]	set	0
i18n.words_matrix	paraNdataMatrix[126][3]	set	0
i18n.words_matrix	paraNdataMatrix[126][4]	set	0
i18n.words_matrix	paraNdataMatrix[126][5]	set	0
i18n.words_matrix	paraNdataMatrix[126][6]	set	1
i18n.words_matrix	paraNdataMatrix[126][6][0]	tuple	1
i18n.words_matrix	paraNdataMatrix[126][6][0][0]	int	131
i18n.words_matrix	paraNdataMatrix[127]	tuple	7
i18n.words_matrix	paraNdataMatrix[127][0]	ref	i18n.words_context:ParametersMain.primzahlwirkung
i18n.words_matrix	paraNdataMatrix[127][1]	tuple	5
i18n.words_matrix	paraNdataMatrix[127][1][0]	str	Dagegen-Gegentranszendentalie
i18n.words_matrix	paraNdataMatrix[127][1][1]	str	dagegengegentranszendentalie
i18n.words_matrix	paraNdataMatrix[127][1][2]	str	dagegengegentranszendentalien
i18n.words_matrix	paraNdataMatrix[127][1][3]	str	dagegengegenstrukturalien
i18n.words_matrix	paraNdataMatrix[127][1][4]	str	dagegengegenstrukturalie
i18n.words_matrix	paraNdataMatrix[127][2]	set	0
i18n.words_matrix	paraNdataMatrix[127][3]	set	0
i18n.words_matrix	paraNdataMatrix[127][4]	set	0
i18n.words_matrix	paraNdataMatrix[127][5]	set	0
i18n.words_matrix	paraNdataMatrix[127][6]	set	1
i18n.words_matrix	paraNdataMatrix[127][6][0]	tuple	1
i18n.words_matrix	paraNdataMatrix[127][6][0][0]	int	138
i18n.words_matrix	paraNdataMatrix[128]	tuple	7
i18n.words_matrix	paraNdataMatrix[128][0]	ref	i18n.words_context:ParametersMain.primzahlwirkung
i18n.words_matrix	paraNdataMatrix[128][1]	tuple	5
i18n.words_matrix	paraNdataMatrix[128][1][0]	str	neutrale_Gegentranszendentalie
i18n.words_matrix	paraNdataMatrix[128][1][1]	str	neutralegegentranszendentalie
i18n.words_matrix	paraNdataMatrix[128][1][2]	str	neutralegegentranszendentalien
i18n.words_matrix	paraNdataMatrix[128][1][3]	str	neutralegegenstrukturalien
i18n.words_matrix	paraNdataMatrix[128][1][4]	str	neutralegegenstrukturalie
i18n.words_matrix	paraNdataMatrix[128][2]	set	0
i18n.words_matrix	paraNdataMatrix[128][3]	set	0
i18n.words_matrix	paraNdataMatrix[128][4]	set	0
i18n.words_matrix	paraNdataMatrix[128][5]	set	0
i18n.words_matrix	paraNdataMatrix[128][6]	set	1
i18n.words_matrix	paraNdataMatrix[128][6][0]	tuple	1
i18n.words_matrix	paraNdataMatrix[128][6][0][0]	int	202
i18n.words_matrix	paraNdataMatrix[129]	tuple	14
i18n.words_matrix	paraNdataMatrix[129][0]	ref	i18n.words_context:ParametersMain.universummetakonkret
i18n.words_matrix	paraNdataMatrix[129][1]	tuple	5
i18n.words_matrix	paraNdataMatrix[129][1][0]	str	Unternehmung_Geschäft
i18n.words_matrix	paraNdataMatrix[129][1][1]	str	unternehmen
i18n.words_matrix	paraNdataMatrix[129][1][2]	str	unternehmung
i18n.words_matrix	paraNdataMatrix[129][1][3]	str	geschaeft
i18n.words_matrix	paraNdataMatrix[129][1][4]	str	geschäft
i18n.words_matrix	paraNdataMatrix[129][2]	set	0
i18n.words_matrix	paraNdataMatrix[129][3]	set	0
i18n.words_matrix	paraNdataMatrix[129][4]	set	0
i18n.words_matrix	paraNdataMatrix[129][5]	set	0
i18n.words_matrix	paraNdataMatrix[129][6]	set	0
i18n.words_matrix	paraNdataMatrix[129][7]	set	0
i18n.words_matrix	paraNdataMatrix[129][8]	set	0
i18n.words_matrix	paraNdataMatrix[129][9]	set	0
i18n.words_matrix	paraNdataMatrix[129][10]	set	0
i18n.words_matrix	paraNdataMatrix[129][11]	set	0
i18n.words_matrix	paraNdataMatrix[129][12]	set	0
i18n.words_matrix	paraNdataMatrix[129][13]	set	1
i18n.words_matrix	paraNdataMatrix[129][13][0]	tuple	2
i18n.words_matrix	paraNdataMatrix[129][13][0][0]	int	6
i18n.words_matrix	paraNdataMatrix[129][13][0][1]	int	0
i18n.words_matrix	paraNdataMatrix[130]	tuple	14
i18n.words_matrix	paraNdataMatrix[130][0]	ref	i18n.words_context:ParametersMain.universummetakonkret
i18n.words_matrix	paraNdataMatrix[130][1]	tuple	2
i18n.words_matrix	paraNdataMatrix[130][1][0]	str	wertvoll
i18n.words_matrix	paraNdataMatrix[130][1][1]	str	wert
i18n.words_matrix	paraNdataMatrix[130][2]	set	0
i18n.words_matrix	paraNdataMatrix[130][3]	set	0
i18n.words_matrix	paraNdataMatrix[130][4]	set	0
i18n.words_matrix	paraNdataMatrix[130][5]	set	0
i18n.words_matrix	paraNdataMatrix[130][6]	set	0
i18n.words_matrix	paraNdataMatrix[130][7]	set	0
i18n.words_matrix	paraNdataMatrix[130][8]	set	0
i18n.words_matrix	paraNdataMatrix[130][9]	set	0
i18n.words_matrix	paraNdataMatrix[130][10]	set	0
i18n.words_matrix	paraNdataMatrix[130][11]	set	0
i18n.words_matrix	paraNdataMatrix[130][12]	set	0
i18n.words_matrix	paraNdataMatrix[130][13]	set	1
i18n.words_matrix	paraNdataMatrix[130][13][0]	tuple	2
i18n.words_matrix	paraNdataMatrix[130][13][0][0]	int	6
i18n.words_matrix	paraNdataMatrix[130][13][0][1]	int	1
i18n.words_matrix	paraNdataMatrix[131]	tuple	14
i18n.words_matrix	paraNdataMatrix[131][0]	ref	i18n.words_context:ParametersMain.universummetakonkret
i18n.words_matrix	paraNdataMatrix[131][1]	tuple	3
i18n.words_matrix	paraNdataMatrix[131][1][0]	str	Beherrschen
i18n.words_matrix	paraNdataMatrix[131][1][1]	str	regieren
i18n.words_matrix	paraNdataMatrix[131][1][2]	str	beherrschen
i18n.words_matrix	paraNdataMatrix[131][2]	set	0
i18n.words_matrix	paraNdataMatrix[131][3]	set	0
i18n.words_matrix	paraNdataMatrix[131][4]	set	0
i18n.words_matrix	paraNdataMatrix[131][5]	set	0
i18n.words_matrix	paraNdataMatrix[131][6]	set	0
i18n.words_matrix	paraNdataMatrix[131][7]	set	0
i18n.words_matrix	paraNdataMatrix[131][8]	set	0
i18n.words_matrix	paraNdataMatrix[131][9]	set	0
i18n.words_matrix	paraNdataMatrix[131][10]	set	0
i18n.words_matrix	paraNdataMatrix[131][11]	set	0
i18n.words_matrix	paraNdataMatrix[131][12]	set	0
i18n.words_matrix	paraNdataMatrix[131][13]	set	1
i18n.words_matrix	paraNdataMatrix[131][13][0]	tuple	2
i18n.words_matrix	paraNdataMatrix[131][13][0][0]	int	7
i18n.words_matrix	paraNdataMatrix[131][13][0][1]	int	0
i18n.words_matrix	paraNdataMatrix[132]	tuple	14
i18n.words_matrix	paraNdataMatrix[132][0]	ref	i18n.words_context:ParametersMain.universummetakonkret
i18n.words_matrix	paraNdataMatrix[132][1]	tuple	3
i18n.words_matrix	paraNdataMatrix[132][1][0]	str	Richtung
i18n.words_matrix	paraNdataMatrix[132][1][1]	str	richtung
i18n.words_matrix	paraNdataMatrix[132][1][2]	str	gut
i18n.words_matrix	paraNdataMatrix[132][2]	set	0
i18n.words_matrix	paraNdataMatrix[132][3]	set	0
i18n.words_matrix	paraNdataMatrix[132][4]	set	0
i18n.words_matrix	paraNdataMatrix[132][5]	set	0
i18n.words_matrix	paraNdataMatrix[132][6]	set	0
i18n.words_matrix	paraNdataMatrix[132][7]	set	0
i18n.words_matrix	paraNdataMatrix[132][8]	set	0
i18n.words_matrix	paraNdataMatrix[132][9]	set	0
i18n.words_matrix	paraNdataMatrix[132][10]	set	0
i18n.words_matrix	paraNdataMatrix[132][11]	set	0
i18n.words_matrix	paraNdataMatrix[132][12]	set	0
i18n.words_matrix	paraNdataMatrix[132][13]	set	1
i18n.words_matrix	paraNdataMatrix[132][13][0]	tuple	2
i18n.words_matrix	paraNdataMatrix[132][13][0][0]	int	7
i18n.words_matrix	paraNdataMatrix[132][13][0][1]	int	1
i18n.words_matrix	paraNdataMatrix[133]	tuple	3
i18n.words_matrix	paraNdataMatrix[133][0]	ref	i18n.words_context:ParametersMain.universum
i18n.words_matrix	paraNdataMatrix[133][1]	tuple	3
i18n.words_matrix	paraNdataMatrix[133][1][0]	str	analytische_Ontologie
i18n.words_matrix	paraNdataMatrix[133][1][1]	str	analytischeontologie
i18n.words_matrix	paraNdataMatrix[133][1][2]	str	ontologie
i18n.words_matrix	paraNdataMatrix[133][2]	set	1
i18n.words_matrix	paraNdataMatrix[133][2][0]	int	84
i18n.words_matrix	paraNdataMatrix[134]	tuple	3
i18n.words_matrix	paraNdataMatrix[134][0]	ref	i18n.words_context:ParametersMain.universum
i18n.words_matrix	paraNdataMatrix[134][1]	tuple	6
i18n.words_matrix	paraNdataMatrix[134][1][0]	str	Gegentranszendentalien
i18n.words_matrix	paraNdataMatrix[134][1][1]	str	gegentranszendentalien
i18n.words_matrix	paraNdataMatrix[134][1][2]	str	gegentranszendentalie
i18n.words_matrix	paraNdataMatrix[134][1][3]	str	gegenstrukturalien
i18n.words_matrix	paraNdataMatrix[134][1][4]	str	gegenalien
i18n.words_matrix	paraNdataMatrix[134][1][5]	str	gegenuniversalien
i18n.words_matrix	paraNdataMatrix[134][2]	set	2
i18n.words_matrix	paraNdataMatrix[134][2][0]	int	138
i18n.words_matrix	paraNdataMatrix[134][2][1]	int	202
i18n.words_matrix	paraNdataMatrix[135]	tuple	3
i18n.words_matrix	paraNdataMatrix[135][0]	ref	i18n.words_context:ParametersMain.universum
i18n.words_matrix	paraNdataMatrix[135][1]	tuple	2
i18n.words_matrix	paraNdataMatrix[135][1][0]	str	Systemsachen
i18n.words_matrix	paraNdataMatrix[135][1][1]	str	systemsachen
i18n.words_matrix	paraNdataMatrix[135][2]	set	1
i18n.words_matrix	paraNdataMatrix[135][2][0]	int	150
i18n.words_matrix	paraNdataMatrix[136]	tuple	3
i18n.words_matrix	paraNdataMatrix[136][0]	ref	i18n.words_context:ParametersMain.universum
i18n.words_matrix	paraNdataMatrix[136][1]	tuple	6
i18n.words_matrix	paraNdataMatrix[136][1][0]	str	Transzendentalien
i18n.words_matrix	paraNdataMatrix[136][1][1]	str	transzendentalien
i18n.words_matrix	paraNdataMatrix[136][1][2]	str	transzendentalie
i18n.words_matrix	paraNdataMatrix[136][1][3]	str	strukturalien
i18n.words_matrix	paraNdataMatrix[136][1][4]	str	alien
i18n.words_matrix	paraNdataMatrix[136][1][5]	str	universalien
i18n.words_matrix	paraNdataMatrix[136][2]	set	5
i18n.words_matrix	paraNdataMatrix[136][2][0]	int	198
i18n.words_matrix	paraNdataMatrix[136][2][1]	int	390
i18n.words_matrix	paraNdataMatrix[136][2][2]	int	5
i18n.words_matrix	paraNdataMatrix[136][2][3]	int	54
i18n.words_matrix	paraNdataMatrix[136][2][4]	int	55
i18n.words_matrix	paraNdataMatrix[137]	tuple	3
i18n.words_matrix	paraNdataMatrix[137][0]	ref	i18n.words_context:ParametersMain.universum
i18n.words_matrix	paraNdataMatrix[137][1]	tuple	6
i18n.words_matrix	paraNdataMatrix[137][1][0]	str	Reziproke_von_Transzendentalien
i18n.words_matrix	paraNdataMatrix[137][1][1]	str	transzendentalienreziproke
i18n.words_matrix	paraNdataMatrix[137][1][2]	str	transzendentaliereziproke
i18n.words_matrix	paraNdataMatrix[137][1][3]	str	strukturalienreziproke
i18n.words_matrix	paraNdataMatrix[137][1][4]	str	alienreziproke
i18n.words_matrix	paraNdataMatrix[137][1][5]	str	universalienreziproke
i18n.words_matrix	paraNdataMatrix[137][2]	set	2
i18n.words_matrix	paraNdataMatrix[137][2][0]	int	131
i18n.words_matrix	paraNdataMatrix[137][2][1]	int	201
i18n.words_matrix	paraNdataMatrix[138]	tuple	3
i18n.words_matrix	paraNdataMatrix[138][0]	ref	i18n.words_context:ParametersMain.universum
i18n.words_matrix	paraNdataMatrix[138][1]	tuple	2
i18n.words_matrix	paraNdataMatrix[138][1][0]	str	Netzwerk
i18n.words_matrix	paraNdataMatrix[138][1][1]	str	netzwerk
i18n.words_matrix	paraNdataMatrix[138][2]	set	4
i18n.words_matrix	paraNdataMatrix[138][2][0]	int	25
i18n.words_matrix	paraNdataMatrix[138][2][1]	int	386
i18n.words_matrix	paraNdataMatrix[138][2][2]	int	390
i18n.words_matrix	paraNdataMatrix[138][2][3]	int	55
i18n.words_matrix	paraNdataMatrix[139]	tuple	3
i18n.words_matrix	paraNdataMatrix[139][0]	ref	i18n.words_context:ParametersMain.universum
i18n.words_matrix	paraNdataMatrix[139][1]	tuple	2
i18n.words_matrix	paraNdataMatrix[139][1][0]	str	warum_Transzendentalie_=_Strukturgroesse_=_Charakter
i18n.words_matrix	paraNdataMatrix[139][1][1]	str	warumtranszendentaliezustrukturgroesseundcharakter
i18n.words_matrix	paraNdataMatrix[139][2]	set	4
i18n.words_matrix	paraNdataMatrix[139][2][0]	int	165
i18n.words_matrix	paraNdataMatrix[139][2][1]	int	4
i18n.words_matrix	paraNdataMatrix[139][2][2]	int	5
i18n.words_matrix	paraNdataMatrix[139][2][3]	int	54
i18n.words_matrix	paraNdataMatrix[140]	tuple	3
i18n.words_matrix	paraNdataMatrix[140][0]	ref	i18n.words_context:ParametersMain.universum
i18n.words_matrix	paraNdataMatrix[140][1]	tuple	2
i18n.words_matrix	paraNdataMatrix[140][1][0]	str	Kategorie
i18n.words_matrix	paraNdataMatrix[140][1][1]	str	kategorie
i18n.words_matrix	paraNdataMatrix[140][2]	set	3
i18n.words_matrix	paraNdataMatrix[140][2][0]	int	204
i18n.words_matrix	paraNdataMatrix[140][2][1]	int	205
i18n.words_matrix	paraNdataMatrix[140][2][2]	int	281
i18n.words_matrix	paraNdataMatrix[141]	tuple	3
i18n.words_matrix	paraNdataMatrix[141][0]	ref	i18n.words_context:ParametersMain.universum
i18n.words_matrix	paraNdataMatrix[141][1]	tuple	2
i18n.words_matrix	paraNdataMatrix[141][1][0]	str	Raum-Missionen
i18n.words_matrix	paraNdataMatrix[141][1][1]	str	weltall
i18n.words_matrix	paraNdataMatrix[141][2]	set	1
i18n.words_matrix	paraNdataMatrix[141][2][0]	int	218
i18n.words_matrix	paraNdataMatrix[142]	tuple	3
i18n.words_matrix	paraNdataMatrix[142][0]	ref	i18n.words_context:ParametersMain.universum
i18n.words_matrix	paraNdataMatrix[142][1]	tuple	2
i18n.words_matrix	paraNdataMatrix[142][1][0]	str	Programmier-Paradigmen
i18n.words_matrix	paraNdataMatrix[142][1][1]	str	programmierparadigmen
i18n.words_matrix	paraNdataMatrix[142][2]	set	1
i18n.words_matrix	paraNdataMatrix[142][2][0]	int	351
i18n.words_matrix	paraNdataMatrix[143]	tuple	3
i18n.words_matrix	paraNdataMatrix[143][0]	ref	i18n.words_context:ParametersMain.galaxie
i18n.words_matrix	paraNdataMatrix[143][1]	tuple	1
i18n.words_matrix	paraNdataMatrix[143][1][0]	str	ZergAliens_MenschenHumanoid_ProtosPraedatoren
i18n.words_matrix	paraNdataMatrix[143][2]	set	1
i18n.words_matrix	paraNdataMatrix[143][2][0]	int	521
i18n.words_matrix	paraNdataMatrix[144]	tuple	3
i18n.words_matrix	paraNdataMatrix[144][0]	ref	i18n.words_context:ParametersMain.galaxie
i18n.words_matrix	paraNdataMatrix[144][1]	tuple	2
i18n.words_matrix	paraNdataMatrix[144][1][0]	str	Raum-Missionen
i18n.words_matrix	paraNdataMatrix[144][1][1]	str	weltall
i18n.words_matrix	paraNdataMatrix[144][2]	set	1
i18n.words_matrix	paraNdataMatrix[144][2][0]	int	218
i18n.words_matrix	paraNdataMatrix[145]	tuple	3
i18n.words_matrix	paraNdataMatrix[145][0]	ref	i18n.words_context:ParametersMain.universum
i18n.words_matrix	paraNdataMatrix[145][1]	tuple	2
i18n.words_matrix	paraNdataMatrix[145][1][0]	str	Geist__(15)
i18n.words_matrix	paraNdataMatrix[145][1][1]	str	geist
i18n.words_matrix	paraNdataMatrix[145][2]	set	2
i18n.words_matrix	paraNdataMatrix[145][2][0]	int	242
i18n.words_matrix	paraNdataMatrix[145][2][1]	int	426
i18n.words_matrix	paraNdataMatrix[146]	tuple	3
i18n.words_matrix	paraNdataMatrix[146][0]	ref	i18n.words_context:ParametersMain.universum
i18n.words_matrix	paraNdataMatrix[146][1]	tuple	2
i18n.words_matrix	paraNdataMatrix[146][1][0]	str	warum_Transzendentalie_=_Komplexität_von_Michael_Commons
i18n.words_matrix	paraNdataMatrix[146][1][1]	str	warumtranszendentaliegleichkomplexitaet
i18n.words_matrix	paraNdataMatrix[146][2]	set	3
i18n.words_matrix	paraNdataMatrix[146][2][0]	int	166
i18n.words_matrix	paraNdataMatrix[146][2][1]	int	5
i18n.words_matrix	paraNdataMatrix[146][2][2]	int	65
i18n.words_matrix	paraNdataMatrix[147]	tuple	3
i18n.words_matrix	paraNdataMatrix[147][0]	ref	i18n.words_context:ParametersMain.grundstrukturen
i18n.words_matrix	paraNdataMatrix[147][1]	tuple	8
i18n.words_matrix	paraNdataMatrix[147][1][0]	str	Model_of_Hierarchical_Complexity
i18n.words_matrix	paraNdataMatrix[147][1][1]	str	modelofhierarchicalcomplexity
i18n.words_matrix	paraNdataMatrix[147][1][2]	str	komplex
i18n.words_matrix	paraNdataMatrix[147][1][3]	str	komplexität
i18n.words_matrix	paraNdataMatrix[147][1][4]	str	komplexitaet
i18n.words_matrix	paraNdataMatrix[147][1][5]	str	complexity
i18n.words_matrix	paraNdataMatrix[147][1][6]	str	model
i18n.words_matrix	paraNdataMatrix[147][1][7]	str	abstraktion
i18n.words_matrix	paraNdataMatrix[147][2]	set	4
i18n.words_matrix	paraNdataMatrix[147][2][0]	int	203
i18n.words_matrix	paraNdataMatrix[147][2][1]	int	483
i18n.words_matrix	paraNdataMatrix[147][2][2]	int	65
i18n.words_matrix	paraNdataMatrix[147][2][3]	int	75
i18n.words_matrix	paraNdataMatrix[148]	tuple	3
i18n.words_matrix	paraNdataMatrix[148][0]	ref	i18n.words_context:ParametersMain.universum
i18n.words_matrix	paraNdataMatrix[148][1]	tuple	8
i18n.words_matrix	paraNdataMatrix[148][1][0]	str	Model_of_Hierarchical_Complexity
i18n.words_matrix	paraNdataMatrix[148][1][1]	str	modelofhierarchicalcomplexity
i18n.words_matrix	paraNdataMatrix[148][1][2]	str	komplex
i18n.words_matrix	paraNdataMatrix[148][1][3]	str	komplexität
i18n.words_matrix	paraNdataMatrix[148][1][4]	str	komplexitaet
i18n.words_matrix	paraNdataMatrix[148][1][5]	str	complexity
i18n.words_matrix	paraNdataMatrix[148][1][6]	str	model
i18n.words_matrix	paraNdataMatrix[148][1][7]	str	abstraktion
i18n.words_matrix	paraNdataMatrix[148][2]	set	3
i18n.words_matrix	paraNdataMatrix[148][2][0]	int	203
i18n.words_matrix	paraNdataMatrix[148][2][1]	int	65
i18n.words_matrix	paraNdataMatrix[148][2][2]	int	75
i18n.words_matrix	paraNdataMatrix[149]	tuple	3
i18n.words_matrix	paraNdataMatrix[149][0]	ref	i18n.words_context:ParametersMain.multiversum
i18n.words_matrix	paraNdataMatrix[149][1]	tuple	8
i18n.words_matrix	paraNdataMatrix[149][1][0]	str	Model_of_Hierarchical_Complexity
i18n.words_matrix	paraNdataMatrix[149][1][1]	str	modelofhierarchicalcomplexity
i18n.words_matrix	paraNdataMatrix[149][1][2]	str	komplex
i18n.words_matrix	paraNdataMatrix[149][1][3]	str	komplexität
i18n.words_matrix	paraNdataMatrix[149][1][4]	str	komplexitaet
i18n.words_matrix	paraNdataMatrix[149][1][5]	str	complexity
i18n.words_matrix	paraNdataMatrix[149][1][6]	str	model
i18n.words_matrix	paraNdataMatrix[149][1][7]	str	abstraktion
i18n.words_matrix	paraNdataMatrix[149][2]	set	3
i18n.words_matrix	paraNdataMatrix[149][2][0]	int	203
i18n.words_matrix	paraNdataMatrix[149][2][1]	int	65
i18n.words_matrix	paraNdataMatrix[149][2][2]	int	75
i18n.words_matrix	paraNdataMatrix[150]	tuple	3
i18n.words_matrix	paraNdataMatrix[150][0]	ref	i18n.words_context:ParametersMain.operationen
i18n.words_matrix	paraNdataMatrix[150][1]	tuple	7
i18n.words_matrix	paraNdataMatrix[150][1][0]	str	2
i18n.words_matrix	paraNdataMatrix[150][1][1]	str	zwei
i18n.words_matrix	paraNdataMatrix[150][1][2]	str	gerade
i18n.words_matrix	paraNdataMatrix[150][1][3]	str	ungerade
i18n.words_matrix	paraNdataMatrix[150][1][4]	str	alternierung
i18n.words_matrix	paraNdataMatrix[150][1][5]	str	alternierend
i18n.words_matrix	paraNdataMatrix[150][1][6]	str	zweierstruktur
i18n.words_matrix	paraNdataMatrix[150][2]	set	7
i18n.words_matrix	paraNdataMatrix[150][2][0]	int	331
i18n.words_matrix	paraNdataMatrix[150][2][1]	int	497
i18n.words_matrix	paraNdataMatrix[150][2][2]	int	498
i18n.words_matrix	paraNdataMatrix[150][2][3]	int	499
i18n.words_matrix	paraNdataMatrix[150][2][4]	int	78
i18n.words_matrix	paraNdataMatrix[150][2][5]	int	79
i18n.words_matrix	paraNdataMatrix[150][2][6]	int	80
i18n.words_matrix	paraNdataMatrix[151]	tuple	3
i18n.words_matrix	paraNdataMatrix[151][0]	ref	i18n.words_context:ParametersMain.operationen
i18n.words_matrix	paraNdataMatrix[151][1]	tuple	2
i18n.words_matrix	paraNdataMatrix[151][1][0]	str	Multiplikation
i18n.words_matrix	paraNdataMatrix[151][1][1]	str	multiplikation
i18n.words_matrix	paraNdataMatrix[151][2]	set	1
i18n.words_matrix	paraNdataMatrix[151][2][0]	int	158
i18n.words_matrix	paraNdataMatrix[152]	tuple	3
i18n.words_matrix	paraNdataMatrix[152][0]	ref	i18n.words_context:ParametersMain.operationen
i18n.words_matrix	paraNdataMatrix[152][1]	tuple	4
i18n.words_matrix	paraNdataMatrix[152][1][0]	str	4
i18n.words_matrix	paraNdataMatrix[152][1][1]	str	vier
i18n.words_matrix	paraNdataMatrix[152][1][2]	str	viererstruktur
i18n.words_matrix	paraNdataMatrix[152][1][3]	str	viererabfolgen
i18n.words_matrix	paraNdataMatrix[152][2]	set	5
i18n.words_matrix	paraNdataMatrix[152][2][0]	int	104
i18n.words_matrix	paraNdataMatrix[152][2][1]	int	145
i18n.words_matrix	paraNdataMatrix[152][2][2]	int	76
i18n.words_matrix	paraNdataMatrix[152][2][3]	int	77
i18n.words_matrix	paraNdataMatrix[152][2][4]	int	81
i18n.words_matrix	paraNdataMatrix[153]	tuple	3
i18n.words_matrix	paraNdataMatrix[153][0]	ref	i18n.words_context:ParametersMain.menschliches
i18n.words_matrix	paraNdataMatrix[153][1]	tuple	2
i18n.words_matrix	paraNdataMatrix[153][1][0]	str	Weltordnung
i18n.words_matrix	paraNdataMatrix[153][1][1]	str	Zeitalter
i18n.words_matrix	paraNdataMatrix[153][2]	set	1
i18n.words_matrix	paraNdataMatrix[153][2][0]	int	522
i18n.words_matrix	paraNdataMatrix[154]	tuple	3
i18n.words_matrix	paraNdataMatrix[154][0]	ref	i18n.words_context:ParametersMain.menschliches
i18n.words_matrix	paraNdataMatrix[154][1]	tuple	1
i18n.words_matrix	paraNdataMatrix[154][1][0]	str	Himmel_Hoelle_Kettenmolekuele
i18n.words_matrix	paraNdataMatrix[154][2]	set	1
i18n.words_matrix	paraNdataMatrix[154][2][0]	int	526
i18n.words_matrix	paraNdataMatrix[155]	tuple	3
i18n.words_matrix	paraNdataMatrix[155][0]	ref	i18n.words_context:ParametersMain.menschliches
i18n.words_matrix	paraNdataMatrix[155][1]	tuple	1
i18n.words_matrix	paraNdataMatrix[155][1][0]	str	Spiele-Genre
i18n.words_matrix	paraNdataMatrix[155][2]	set	1
i18n.words_matrix	paraNdataMatrix[155][2][0]	int	525
i18n.words_matrix	paraNdataMatrix[156]	tuple	3
i18n.words_matrix	paraNdataMatrix[156][0]	ref	i18n.words_context:ParametersMain.menschliches
i18n.words_matrix	paraNdataMatrix[156][1]	tuple	1
i18n.words_matrix	paraNdataMatrix[156][1][0]	str	Land_Laender-Dach-Organisation
i18n.words_matrix	paraNdataMatrix[156][2]	set	1
i18n.words_matrix	paraNdataMatrix[156][2][0]	int	524
i18n.words_matrix	paraNdataMatrix[157]	tuple	3
i18n.words_matrix	paraNdataMatrix[157][0]	ref	i18n.words_context:ParametersMain.menschliches
i18n.words_matrix	paraNdataMatrix[157][1]	tuple	2
i18n.words_matrix	paraNdataMatrix[157][1][0]	str	Ränge
i18n.words_matrix	paraNdataMatrix[157][1][1]	str	raenge
i18n.words_matrix	paraNdataMatrix[157][2]	set	2
i18n.words_matrix	paraNdataMatrix[157][2][0]	int	520
i18n.words_matrix	paraNdataMatrix[157][2][1]	int	535
i18n.words_matrix	paraNdataMatrix[158]	tuple	3
i18n.words_matrix	paraNdataMatrix[158][0]	ref	i18n.words_context:ParametersMain.menschliches
i18n.words_matrix	paraNdataMatrix[158][1]	tuple	3
i18n.words_matrix	paraNdataMatrix[158][1][0]	str	Gesellschaftsschicht
i18n.words_matrix	paraNdataMatrix[158][1][1]	str	klasse
i18n.words_matrix	paraNdataMatrix[158][1][2]	str	klassen
i18n.words_matrix	paraNdataMatrix[158][2]	set	4
i18n.words_matrix	paraNdataMatrix[158][2][0]	int	241
i18n.words_matrix	paraNdataMatrix[158][2][1]	int	551
i18n.words_matrix	paraNdataMatrix[158][2][2]	int	555
i18n.words_matrix	paraNdataMatrix[158][2][3]	int	697
i18n.words_matrix	paraNdataMatrix[159]	tuple	4
i18n.words_matrix	paraNdataMatrix[159][0]	ref	i18n.words_context:ParametersMain.menschliches
i18n.words_matrix	paraNdataMatrix[159][1]	tuple	3
i18n.words_matrix	paraNdataMatrix[159][1][0]	str	Moral
i18n.words_matrix	paraNdataMatrix[159][1][1]	str	moral
i18n.words_matrix	paraNdataMatrix[159][1][2]	str	warummoral
i18n.words_matrix	paraNdataMatrix[159][2]	set	2
i18n.words_matrix	paraNdataMatrix[159][2][0]	int	215
i18n.words_matrix	paraNdataMatrix[159][2][1]	int	216
i18n.words_matrix	paraNdataMatrix[159][3]	set	1
i18n.words_matrix	paraNdataMatrix[159][3][0]	tuple	2
i18n.words_matrix	paraNdataMatrix[159][3][0][0]	int	216
i18n.words_matrix	paraNdataMatrix[159][3][0][1]	int	221
i18n.words_matrix	paraNdataMatrix[160]	tuple	3
i18n.words_matrix	paraNdataMatrix[160][0]	ref	i18n.words_context:ParametersMain.menschliches
i18n.words_matrix	paraNdataMatrix[160][1]	tuple	4
i18n.words_matrix	paraNdataMatrix[160][1][0]	str	Fachgebiete
i18n.words_matrix	paraNdataMatrix[160][1][1]	str	fachgebiete
i18n.words_matrix	paraNdataMatrix[160][1][2]	str	fachbereiche
i18n.words_matrix	paraNdataMatrix[160][1][3]	str	themen
i18n.words_matrix	paraNdataMatrix[160][2]	set	1
i18n.words_matrix	paraNdataMatrix[160][2][0]	int	183
i18n.words_matrix	paraNdataMatrix[161]	tuple	3
i18n.words_matrix	paraNdataMatrix[161][0]	ref	i18n.words_context:ParametersMain.wirtschaft
i18n.words_matrix	paraNdataMatrix[161][1]	tuple	4
i18n.words_matrix	paraNdataMatrix[161][1][0]	str	Fachgebiete
i18n.words_matrix	paraNdataMatrix[161][1][1]	str	fachgebiete
i18n.words_matrix	paraNdataMatrix[161][1][2]	str	fachbereiche
i18n.words_matrix	paraNdataMatrix[161][1][3]	str	themen
i18n.words_matrix	paraNdataMatrix[161][2]	set	1
i18n.words_matrix	paraNdataMatrix[161][2][0]	int	183
i18n.words_matrix	paraNdataMatrix[162]	tuple	3
i18n.words_matrix	paraNdataMatrix[162][0]	ref	i18n.words_context:ParametersMain.wirtschaft
i18n.words_matrix	paraNdataMatrix[162][1]	tuple	2
i18n.words_matrix	paraNdataMatrix[162][1][0]	str	Pflanzen
i18n.words_matrix	paraNdataMatrix[162][1][1]	str	pflanzen
i18n.words_matrix	paraNdataMatrix[162][2]	set	1
i18n.words_matrix	paraNdataMatrix[162][2][0]	int	113
i18n.words_matrix	paraNdataMatrix[163]	tuple	3
i18n.words_matrix	paraNdataMatrix[163][0]	ref	i18n.words_context:ParametersMain.wirtschaft
i18n.words_matrix	paraNdataMatrix[163][1]	tuple	7
i18n.words_matrix	paraNdataMatrix[163][1][0]	str	Maschinen
i18n.words_matrix	paraNdataMatrix[163][1][1]	str	maschinen
i18n.words_matrix	paraNdataMatrix[163][1][2]	str	maschine
i18n.words_matrix	paraNdataMatrix[163][1][3]	str	gerät
i18n.words_matrix	paraNdataMatrix[163][1][4]	str	geräte
i18n.words_matrix	paraNdataMatrix[163][1][5]	str	geraete
i18n.words_matrix	paraNdataMatrix[163][1][6]	str	geraet
i18n.words_matrix	paraNdataMatrix[163][2]	set	6
i18n.words_matrix	paraNdataMatrix[163][2][0]	int	592
i18n.words_matrix	paraNdataMatrix[163][2][1]	int	593
i18n.words_matrix	paraNdataMatrix[163][2][2]	int	685
i18n.words_matrix	paraNdataMatrix[163][2][3]	int	686
i18n.words_matrix	paraNdataMatrix[163][2][4]	int	687
i18n.words_matrix	paraNdataMatrix[163][2][5]	int	89
i18n.words_matrix	paraNdataMatrix[164]	tuple	3
i18n.words_matrix	paraNdataMatrix[164][0]	ref	i18n.words_context:ParametersMain.wirtschaft
i18n.words_matrix	paraNdataMatrix[164][1]	tuple	5
i18n.words_matrix	paraNdataMatrix[164][1][0]	str	Organisationsform
i18n.words_matrix	paraNdataMatrix[164][1][1]	str	organisationsform
i18n.words_matrix	paraNdataMatrix[164][1][2]	str	organisationsart
i18n.words_matrix	paraNdataMatrix[164][1][3]	str	firma
i18n.words_matrix	paraNdataMatrix[164][1][4]	str	verein
i18n.words_matrix	paraNdataMatrix[164][2]	set	1
i18n.words_matrix	paraNdataMatrix[164][2][0]	int	99
i18n.words_matrix	paraNdataMatrix[165]	tuple	3
i18n.words_matrix	paraNdataMatrix[165][0]	ref	i18n.words_context:ParametersMain.grundstrukturen
i18n.words_matrix	paraNdataMatrix[165][1]	tuple	2
i18n.words_matrix	paraNdataMatrix[165][1][0]	str	System
i18n.words_matrix	paraNdataMatrix[165][1][1]	str	system
i18n.words_matrix	paraNdataMatrix[165][2]	set	6
i18n.words_matrix	paraNdataMatrix[165][2][0]	int	440
i18n.words_matrix	paraNdataMatrix[165][2][1]	int	455
i18n.words_matrix	paraNdataMatrix[165][2][2]	int	476
i18n.words_matrix	paraNdataMatrix[165][2][3]	int	513
i18n.words_matrix	paraNdataMatrix[165][2][4]	int	69
i18n.words_matrix	paraNdataMatrix[165][2][5]	int	70
i18n.words_matrix	paraNdataMatrix[166]	tuple	3
i18n.words_matrix	paraNdataMatrix[166][0]	ref	i18n.words_context:ParametersMain.wirtschaft
i18n.words_matrix	paraNdataMatrix[166][1]	tuple	2
i18n.words_matrix	paraNdataMatrix[166][1][0]	str	System
i18n.words_matrix	paraNdataMatrix[166][1][1]	str	system
i18n.words_matrix	paraNdataMatrix[166][2]	set	6
i18n.words_matrix	paraNdataMatrix[166][2][0]	int	440
i18n.words_matrix	paraNdataMatrix[166][2][1]	int	455
i18n.words_matrix	paraNdataMatrix[166][2][2]	int	476
i18n.words_matrix	paraNdataMatrix[166][2][3]	int	513
i18n.words_matrix	paraNdataMatrix[166][2][4]	int	69
i18n.words_matrix	paraNdataMatrix[166][2][5]	int	70
i18n.words_matrix	paraNdataMatrix[167]	tuple	3
i18n.words_matrix	paraNdataMatrix[167][0]	ref	i18n.words_context:ParametersMain.wirtschaft
i18n.words_matrix	paraNdataMatrix[167][1]	tuple	3
i18n.words_matrix	paraNdataMatrix[167][1][0]	str	Erklärung
i18n.words_matrix	paraNdataMatrix[167][1][1]	str	erklärung
i18n.words_matrix	paraNdataMatrix[167][1][2]	str	erklaerung
i18n.words_matrix	paraNdataMatrix[167][2]	set	1
i18n.words_matrix	paraNdataMatrix[167][2][0]	int	71
i18n.words_matrix	paraNdataMatrix[168]	tuple	3
i18n.words_matrix	paraNdataMatrix[168][0]	ref	i18n.words_context:ParametersMain.wirtschaft
i18n.words_matrix	paraNdataMatrix[168][1]	tuple	2
i18n.words_matrix	paraNdataMatrix[168][1][0]	str	BWL
i18n.words_matrix	paraNdataMatrix[168][1][1]	str	bwl
i18n.words_matrix	paraNdataMatrix[168][2]	set	1
i18n.words_matrix	paraNdataMatrix[168][2][0]	int	109
i18n.words_matrix	paraNdataMatrix[169]	tuple	4
i18n.words_matrix	paraNdataMatrix[169][0]	ref	i18n.words_context:ParametersMain.menschliches
i18n.words_matrix	paraNdataMatrix[169][1]	tuple	5
i18n.words_matrix	paraNdataMatrix[169][1][0]	str	Sinn_des_Lebens
i18n.words_matrix	paraNdataMatrix[169][1][1]	str	sinndeslebens
i18n.words_matrix	paraNdataMatrix[169][1][2]	str	lebenssinn
i18n.words_matrix	paraNdataMatrix[169][1][3]	str	sinn
i18n.words_matrix	paraNdataMatrix[169][1][4]	str	sinnsuche
i18n.words_matrix	paraNdataMatrix[169][2]	set	2
i18n.words_matrix	paraNdataMatrix[169][2][0]	int	189
i18n.words_matrix	paraNdataMatrix[169][2][1]	int	88
i18n.words_matrix	paraNdataMatrix[169][3]	set	1
i18n.words_matrix	paraNdataMatrix[169][3][0]	tuple	2
i18n.words_matrix	paraNdataMatrix[169][3][0][0]	int	181
i18n.words_matrix	paraNdataMatrix[169][3][0][1]	int	182
i18n.words_matrix	paraNdataMatrix[170]	tuple	3
i18n.words_matrix	paraNdataMatrix[170][0]	ref	i18n.words_context:ParametersMain.menschliches
i18n.words_matrix	paraNdataMatrix[170][1]	tuple	4
i18n.words_matrix	paraNdataMatrix[170][1][0]	str	Intelligenzprobleme
i18n.words_matrix	paraNdataMatrix[170][1][1]	str	intelligenzprobleme
i18n.words_matrix	paraNdataMatrix[170][1][2]	str	intelligenzmaengel
i18n.words_matrix	paraNdataMatrix[170][1][3]	str	intelligenzmängel
i18n.words_matrix	paraNdataMatrix[170][2]	set	1
i18n.words_matrix	paraNdataMatrix[170][2][0]	int	147
i18n.words_matrix	paraNdataMatrix[171]	tuple	3
i18n.words_matrix	paraNdataMatrix[171][0]	ref	i18n.words_context:ParametersMain.menschliches
i18n.words_matrix	paraNdataMatrix[171][1]	tuple	3
i18n.words_matrix	paraNdataMatrix[171][1][0]	str	Denkweise_von_Lebewesen
i18n.words_matrix	paraNdataMatrix[171][1][1]	str	lebewesendenkweise
i18n.words_matrix	paraNdataMatrix[171][1][2]	str	denkweise
i18n.words_matrix	paraNdataMatrix[171][2]	set	1
i18n.words_matrix	paraNdataMatrix[171][2][0]	int	146
i18n.words_matrix	paraNdataMatrix[172]	tuple	3
i18n.words_matrix	paraNdataMatrix[172][0]	ref	i18n.words_context:ParametersMain.menschliches
i18n.words_matrix	paraNdataMatrix[172][1]	tuple	3
i18n.words_matrix	paraNdataMatrix[172][1][0]	str	Gegentranszendentalien
i18n.words_matrix	paraNdataMatrix[172][1][1]	str	gegentranszendentalien
i18n.words_matrix	paraNdataMatrix[172][1][2]	str	gegenstrukturalien
i18n.words_matrix	paraNdataMatrix[172][2]	set	3
i18n.words_matrix	paraNdataMatrix[172][2][0]	int	138
i18n.words_matrix	paraNdataMatrix[172][2][1]	int	139
i18n.words_matrix	paraNdataMatrix[172][2][2]	int	202
i18n.words_matrix	paraNdataMatrix[173]	tuple	3
i18n.words_matrix	paraNdataMatrix[173][0]	ref	i18n.words_context:ParametersMain.menschliches
i18n.words_matrix	paraNdataMatrix[173][1]	tuple	6
i18n.words_matrix	paraNdataMatrix[173][1][0]	str	Gleichheit_Freiheit
i18n.words_matrix	paraNdataMatrix[173][1][1]	str	gleichheitfreiheit
i18n.words_matrix	paraNdataMatrix[173][1][2]	str	ungleichheit
i18n.words_matrix	paraNdataMatrix[173][1][3]	str	dominieren
i18n.words_matrix	paraNdataMatrix[173][1][4]	str	gleichheit
i18n.words_matrix	paraNdataMatrix[173][1][5]	str	freiheit
i18n.words_matrix	paraNdataMatrix[173][2]	set	4
i18n.words_matrix	paraNdataMatrix[173][2][0]	int	132
i18n.words_matrix	paraNdataMatrix[173][2][1]	int	328
i18n.words_matrix	paraNdataMatrix[173][2][2]	int	331
i18n.words_matrix	paraNdataMatrix[173][2][3]	int	335
i18n.words_matrix	paraNdataMatrix[174]	tuple	3
i18n.words_matrix	paraNdataMatrix[174][0]	ref	i18n.words_context:ParametersMain.menschliches
i18n.words_matrix	paraNdataMatrix[174][1]	tuple	6
i18n.words_matrix	paraNdataMatrix[174][1][0]	str	Gefühle
i18n.words_matrix	paraNdataMatrix[174][1][1]	str	emotionen
i18n.words_matrix	paraNdataMatrix[174][1][2]	str	gefuehle
i18n.words_matrix	paraNdataMatrix[174][1][3]	str	emotion
i18n.words_matrix	paraNdataMatrix[174][1][4]	str	gefühl
i18n.words_matrix	paraNdataMatrix[174][1][5]	str	gefuehl
i18n.words_matrix	paraNdataMatrix[174][2]	set	8
i18n.words_matrix	paraNdataMatrix[174][2][0]	int	105
i18n.words_matrix	paraNdataMatrix[174][2][1]	int	230
i18n.words_matrix	paraNdataMatrix[174][2][2]	int	243
i18n.words_matrix	paraNdataMatrix[174][2][3]	int	283
i18n.words_matrix	paraNdataMatrix[174][2][4]	int	284
i18n.words_matrix	paraNdataMatrix[174][2][5]	int	285
i18n.words_matrix	paraNdataMatrix[174][2][6]	int	286
i18n.words_matrix	paraNdataMatrix[174][2][7]	int	305
i18n.words_matrix	paraNdataMatrix[175]	tuple	4
i18n.words_matrix	paraNdataMatrix[175][0]	ref	i18n.words_context:ParametersMain.menschliches
i18n.words_matrix	paraNdataMatrix[175][1]	tuple	4
i18n.words_matrix	paraNdataMatrix[175][1][0]	str	Egoismus
i18n.words_matrix	paraNdataMatrix[175][1][1]	str	egoismus
i18n.words_matrix	paraNdataMatrix[175][1][2]	str	altruismus
i18n.words_matrix	paraNdataMatrix[175][1][3]	str	selbstlosigkeit
i18n.words_matrix	paraNdataMatrix[175][2]	set	1
i18n.words_matrix	paraNdataMatrix[175][2][0]	int	136
i18n.words_matrix	paraNdataMatrix[175][3]	set	1
i18n.words_matrix	paraNdataMatrix[175][3][0]	tuple	2
i18n.words_matrix	paraNdataMatrix[175][3][0][0]	int	66
i18n.words_matrix	paraNdataMatrix[175][3][0][1]	int	67
i18n.words_matrix	paraNdataMatrix[176]	tuple	3
i18n.words_matrix	paraNdataMatrix[176][0]	ref	i18n.words_context:ParametersMain.menschliches
i18n.words_matrix	paraNdataMatrix[176][1]	tuple	2
i18n.words_matrix	paraNdataMatrix[176][1][0]	str	Wirkung
i18n.words_matrix	paraNdataMatrix[176][1][1]	str	wirkung
i18n.words_matrix	paraNdataMatrix[176][2]	set	1
i18n.words_matrix	paraNdataMatrix[176][2][0]	int	135
i18n.words_matrix	paraNdataMatrix[177]	tuple	3
i18n.words_matrix	paraNdataMatrix[177][0]	ref	i18n.words_context:ParametersMain.menschliches
i18n.words_matrix	paraNdataMatrix[177][1]	tuple	3
i18n.words_matrix	paraNdataMatrix[177][1][0]	str	INCELs
i18n.words_matrix	paraNdataMatrix[177][1][1]	str	incel
i18n.words_matrix	paraNdataMatrix[177][1][2]	str	incels
i18n.words_matrix	paraNdataMatrix[177][2]	set	1
i18n.words_matrix	paraNdataMatrix[177][2][0]	int	68
i18n.words_matrix	paraNdataMatrix[178]	tuple	3
i18n.words_matrix	paraNdataMatrix[178][0]	ref	i18n.words_context:ParametersMain.menschliches
i18n.words_matrix	paraNdataMatrix[178][1]	tuple	3
i18n.words_matrix	paraNdataMatrix[178][1][0]	str	irrationale_Zahlen_durch_Wurzelbildung
i18n.words_matrix	paraNdataMatrix[178][1][1]	str	irrationalezahlendurchwurzelbildung
i18n.words_matrix	paraNdataMatrix[178][1][2]	str	ausgangslage
i18n.words_matrix	paraNdataMatrix[178][2]	set	1
i18n.words_matrix	paraNdataMatrix[178][2][0]	int	73
i18n.words_matrix	paraNdataMatrix[179]	tuple	3
i18n.words_matrix	paraNdataMatrix[179][0]	ref	i18n.words_context:ParametersMain.menschliches
i18n.words_matrix	paraNdataMatrix[179][1]	tuple	5
i18n.words_matrix	paraNdataMatrix[179][1][0]	str	dominierendes_Geschlecht
i18n.words_matrix	paraNdataMatrix[179][1][1]	str	dominierendesgeschlecht
i18n.words_matrix	paraNdataMatrix[179][1][2]	str	maennlich
i18n.words_matrix	paraNdataMatrix[179][1][3]	str	männlich
i18n.words_matrix	paraNdataMatrix[179][1][4]	str	weiblich
i18n.words_matrix	paraNdataMatrix[179][2]	set	1
i18n.words_matrix	paraNdataMatrix[179][2][0]	int	51
i18n.words_matrix	paraNdataMatrix[180]	tuple	4
i18n.words_matrix	paraNdataMatrix[180][0]	ref	i18n.words_context:ParametersMain.menschliches
i18n.words_matrix	paraNdataMatrix[180][1]	tuple	3
i18n.words_matrix	paraNdataMatrix[180][1][0]	str	Liebe
i18n.words_matrix	paraNdataMatrix[180][1][1]	str	liebe
i18n.words_matrix	paraNdataMatrix[180][1][2]	str	ethik
i18n.words_matrix	paraNdataMatrix[180][2]	set	6
i18n.words_matrix	paraNdataMatrix[180][2][0]	int	208
i18n.words_matrix	paraNdataMatrix[180][2][1]	int	28
i18n.words_matrix	paraNdataMatrix[180][2][2]	int	330
i18n.words_matrix	paraNdataMatrix[180][2][3]	int	580
i18n.words_matrix	paraNdataMatrix[180][2][4]	int	8
i18n.words_matrix	paraNdataMatrix[180][2][5]	int	9
i18n.words_matrix	paraNdataMatrix[180][3]	set	1
i18n.words_matrix	paraNdataMatrix[180][3][0]	tuple	2
i18n.words_matrix	paraNdataMatrix[180][3][0][0]	int	121
i18n.words_matrix	paraNdataMatrix[180][3][0][1]	int	122
i18n.words_matrix	paraNdataMatrix[181]	tuple	3
i18n.words_matrix	paraNdataMatrix[181][0]	ref	i18n.words_context:ParametersMain.menschliches
i18n.words_matrix	paraNdataMatrix[181][1]	tuple	4
i18n.words_matrix	paraNdataMatrix[181][1][0]	str	Glaube_Erkenntnis
i18n.words_matrix	paraNdataMatrix[181][1][1]	str	glauben
i18n.words_matrix	paraNdataMatrix[181][1][2]	str	erkenntnis
i18n.words_matrix	paraNdataMatrix[181][1][3]	str	glaube
i18n.words_matrix	paraNdataMatrix[181][2]	set	2
i18n.words_matrix	paraNdataMatrix[181][2][0]	int	59
i18n.words_matrix	paraNdataMatrix[181][2][1]	int	621
i18n.words_matrix	paraNdataMatrix[182]	tuple	3
i18n.words_matrix	paraNdataMatrix[182][0]	ref	i18n.words_context:ParametersMain.menschliches
i18n.words_matrix	paraNdataMatrix[182][1]	tuple	3
i18n.words_matrix	paraNdataMatrix[182][1][0]	str	Angreifbarkeit
i18n.words_matrix	paraNdataMatrix[182][1][1]	str	angreifbarkeit
i18n.words_matrix	paraNdataMatrix[182][1][2]	str	angreifbar
i18n.words_matrix	paraNdataMatrix[182][2]	set	2
i18n.words_matrix	paraNdataMatrix[182][2][0]	int	57
i18n.words_matrix	paraNdataMatrix[182][2][1]	int	58
i18n.words_matrix	paraNdataMatrix[183]	tuple	3
i18n.words_matrix	paraNdataMatrix[183][0]	ref	i18n.words_context:ParametersMain.grundstrukturen
i18n.words_matrix	paraNdataMatrix[183][1]	tuple	8
i18n.words_matrix	paraNdataMatrix[183][1][0]	str	Strukturalien_bzw_Meta-Paradigmen_bzw_Transzendentalien_(15)
i18n.words_matrix	paraNdataMatrix[183][1][1]	str	Transzendentalien
i18n.words_matrix	paraNdataMatrix[183][1][2]	str	transzendentalien
i18n.words_matrix	paraNdataMatrix[183][1][3]	str	transzendentalie
i18n.words_matrix	paraNdataMatrix[183][1][4]	str	strukturalien
i18n.words_matrix	paraNdataMatrix[183][1][5]	str	alien
i18n.words_matrix	paraNdataMatrix[183][1][6]	str	universalien
i18n.words_matrix	paraNdataMatrix[183][1][7]	str	meta-paradigmen
i18n.words_matrix	paraNdataMatrix[183][2]	set	3
i18n.words_matrix	paraNdataMatrix[183][2][0]	int	131
i18n.words_matrix	paraNdataMatrix[183][2][1]	int	229
i18n.words_matrix	paraNdataMatrix[183][2][2]	int	5
i18n.words_matrix	paraNdataMatrix[184]	tuple	3
i18n.words_matrix	paraNdataMatrix[184][0]	ref	i18n.words_context:ParametersMain.multiversum
i18n.words_matrix	paraNdataMatrix[184][1]	tuple	8
i18n.words_matrix	paraNdataMatrix[184][1][0]	str	Strukturalien_bzw_Meta-Paradigmen_bzw_Transzendentalien_(15)
i18n.words_matrix	paraNdataMatrix[184][1][1]	str	Transzendentalien
i18n.words_matrix	paraNdataMatrix[184][1][2]	str	transzendentalien
i18n.words_matrix	paraNdataMatrix[184][1][3]	str	transzendentalie
i18n.words_matrix	paraNdataMatrix[184][1][4]	str	strukturalien
i18n.words_matrix	paraNdataMatrix[184][1][5]	str	alien
i18n.words_matrix	paraNdataMatrix[184][1][6]	str	universalien
i18n.words_matrix	paraNdataMatrix[184][1][7]	str	meta-paradigmen
i18n.words_matrix	paraNdataMatrix[184][2]	set	3
i18n.words_matrix	paraNdataMatrix[184][2][0]	int	131
i18n.words_matrix	paraNdataMatrix[184][2][1]	int	229
i18n.words_matrix	paraNdataMatrix[184][2][2]	int	5
i18n.words_matrix	paraNdataMatrix[185]	tuple	3
i18n.words_matrix	paraNdataMatrix[185][0]	ref	i18n.words_context:ParametersMain.grundstrukturen
i18n.words_matrix	paraNdataMatrix[185][1]	tuple	5
i18n.words_matrix	paraNdataMatrix[185][1][0]	str	Bedingung_und_Auslöser_(1/3)
i18n.words_matrix	paraNdataMatrix[185][1][1]	str	bedingung
i18n.words_matrix	paraNdataMatrix[185][1][2]	str	bedingungen
i18n.words_matrix	paraNdataMatrix[185][1][3]	str	auslöser
i18n.words_matrix	paraNdataMatrix[185][1][4]	str	ausloeser
i18n.words_matrix	paraNdataMatrix[185][2]	set	1
i18n.words_matrix	paraNdataMatrix[185][2][0]	int	338
i18n.words_matrix	paraNdataMatrix[186]	tuple	3
i18n.words_matrix	paraNdataMatrix[186][0]	ref	i18n.words_context:ParametersMain.grundstrukturen
i18n.words_matrix	paraNdataMatrix[186][1]	tuple	4
i18n.words_matrix	paraNdataMatrix[186][1][0]	str	Lebensbereiche_Problemklassen_(28)
i18n.words_matrix	paraNdataMatrix[186][1][1]	str	lebensbereiche
i18n.words_matrix	paraNdataMatrix[186][1][2]	str	lebensfelder
i18n.words_matrix	paraNdataMatrix[186][1][3]	str	problemklassen
i18n.words_matrix	paraNdataMatrix[186][2]	set	3
i18n.words_matrix	paraNdataMatrix[186][2][0]	int	405
i18n.words_matrix	paraNdataMatrix[186][2][1]	int	415
i18n.words_matrix	paraNdataMatrix[186][2][2]	int	416
i18n.words_matrix	paraNdataMatrix[187]	tuple	3
i18n.words_matrix	paraNdataMatrix[187][0]	ref	i18n.words_context:ParametersMain.grundstrukturen
i18n.words_matrix	paraNdataMatrix[187][1]	tuple	2
i18n.words_matrix	paraNdataMatrix[187][1][0]	str	Maßnahmen_(39)
i18n.words_matrix	paraNdataMatrix[187][1][1]	str	massnahmen
i18n.words_matrix	paraNdataMatrix[187][2]	set	1
i18n.words_matrix	paraNdataMatrix[187][2][0]	int	384
i18n.words_matrix	paraNdataMatrix[188]	tuple	3
i18n.words_matrix	paraNdataMatrix[188][0]	ref	i18n.words_context:ParametersMain.grundstrukturen
i18n.words_matrix	paraNdataMatrix[188][1]	tuple	2
i18n.words_matrix	paraNdataMatrix[188][1][0]	str	Relation_zueinander_reziprok_Universellen_(18→n_vs._1/n)
i18n.words_matrix	paraNdataMatrix[188][1][1]	str	relativreziprokuniversell
i18n.words_matrix	paraNdataMatrix[188][2]	set	1
i18n.words_matrix	paraNdataMatrix[188][2][0]	int	350
i18n.words_matrix	paraNdataMatrix[189]	tuple	3
i18n.words_matrix	paraNdataMatrix[189][0]	ref	i18n.words_context:ParametersMain.grundstrukturen
i18n.words_matrix	paraNdataMatrix[189][1]	tuple	2
i18n.words_matrix	paraNdataMatrix[189][1][0]	str	universeller_Komperativ_(18→15)
i18n.words_matrix	paraNdataMatrix[189][1][1]	str	universellerkomperativ
i18n.words_matrix	paraNdataMatrix[189][2]	set	1
i18n.words_matrix	paraNdataMatrix[189][2][0]	int	349
i18n.words_matrix	paraNdataMatrix[190]	tuple	3
i18n.words_matrix	paraNdataMatrix[190][0]	ref	i18n.words_context:ParametersMain.grundstrukturen
i18n.words_matrix	paraNdataMatrix[190][1]	tuple	2
i18n.words_matrix	paraNdataMatrix[190][1][0]	str	Existenzialien_(3)
i18n.words_matrix	paraNdataMatrix[190][1][1]	str	existenzialien
i18n.words_matrix	paraNdataMatrix[190][2]	set	1
i18n.words_matrix	paraNdataMatrix[190][2][0]	int	348
i18n.words_matrix	paraNdataMatrix[191]	tuple	3
i18n.words_matrix	paraNdataMatrix[191][0]	ref	i18n.words_context:ParametersMain.grundstrukturen
i18n.words_matrix	paraNdataMatrix[191][1]	tuple	2
i18n.words_matrix	paraNdataMatrix[191][1][0]	str	Extremalien_(19)
i18n.words_matrix	paraNdataMatrix[191][1][1]	str	extremalien
i18n.words_matrix	paraNdataMatrix[191][2]	set	2
i18n.words_matrix	paraNdataMatrix[191][2][0]	int	347
i18n.words_matrix	paraNdataMatrix[191][2][1]	int	352
i18n.words_matrix	paraNdataMatrix[192]	tuple	3
i18n.words_matrix	paraNdataMatrix[192][0]	ref	i18n.words_context:ParametersMain.grundstrukturen
i18n.words_matrix	paraNdataMatrix[192][1]	tuple	3
i18n.words_matrix	paraNdataMatrix[192][1][0]	str	Erwartungshaltungen_(26)
i18n.words_matrix	paraNdataMatrix[192][1][1]	str	erwartungen
i18n.words_matrix	paraNdataMatrix[192][1][2]	str	erwartungshaltungen
i18n.words_matrix	paraNdataMatrix[192][2]	set	1
i18n.words_matrix	paraNdataMatrix[192][2][0]	int	344
i18n.words_matrix	paraNdataMatrix[193]	tuple	3
i18n.words_matrix	paraNdataMatrix[193][0]	ref	i18n.words_context:ParametersMain.grundstrukturen
i18n.words_matrix	paraNdataMatrix[193][1]	tuple	3
i18n.words_matrix	paraNdataMatrix[193][1][0]	str	Leidenschaften_(21)
i18n.words_matrix	paraNdataMatrix[193][1][1]	str	leidenschaft
i18n.words_matrix	paraNdataMatrix[193][1][2]	str	leidenschaften
i18n.words_matrix	paraNdataMatrix[193][2]	set	1
i18n.words_matrix	paraNdataMatrix[193][2][0]	int	343
i18n.words_matrix	paraNdataMatrix[194]	tuple	3
i18n.words_matrix	paraNdataMatrix[194][0]	ref	i18n.words_context:ParametersMain.grundstrukturen
i18n.words_matrix	paraNdataMatrix[194][1]	tuple	2
i18n.words_matrix	paraNdataMatrix[194][1][0]	str	relativer_Zeit-Betrag_(15_10_4_18_6)
i18n.words_matrix	paraNdataMatrix[194][1][1]	str	relativerzeitbetrag
i18n.words_matrix	paraNdataMatrix[194][2]	set	1
i18n.words_matrix	paraNdataMatrix[194][2][0]	int	339
i18n.words_matrix	paraNdataMatrix[195]	tuple	3
i18n.words_matrix	paraNdataMatrix[195][0]	ref	i18n.words_context:ParametersMain.grundstrukturen
i18n.words_matrix	paraNdataMatrix[195][1]	tuple	2
i18n.words_matrix	paraNdataMatrix[195][1][0]	str	Zahlenvergleich_(15_18_6)
i18n.words_matrix	paraNdataMatrix[195][1][1]	str	zahlenvergleich
i18n.words_matrix	paraNdataMatrix[195][2]	set	1
i18n.words_matrix	paraNdataMatrix[195][2][0]	int	340
i18n.words_matrix	paraNdataMatrix[196]	tuple	3
i18n.words_matrix	paraNdataMatrix[196][0]	ref	i18n.words_context:ParametersMain.grundstrukturen
i18n.words_matrix	paraNdataMatrix[196][1]	tuple	3
i18n.words_matrix	paraNdataMatrix[196][1][0]	str	Bestrebungen(1/5)
i18n.words_matrix	paraNdataMatrix[196][1][1]	str	bestrebung
i18n.words_matrix	paraNdataMatrix[196][1][2]	str	bestrebungen
i18n.words_matrix	paraNdataMatrix[196][2]	set	2
i18n.words_matrix	paraNdataMatrix[196][2][0]	int	332
i18n.words_matrix	paraNdataMatrix[196][2][1]	int	414
i18n.words_matrix	paraNdataMatrix[197]	tuple	3
i18n.words_matrix	paraNdataMatrix[197][0]	ref	i18n.words_context:ParametersMain.grundstrukturen
i18n.words_matrix	paraNdataMatrix[197][1]	tuple	2
i18n.words_matrix	paraNdataMatrix[197][1][0]	str	Prinzipien(1/8)
i18n.words_matrix	paraNdataMatrix[197][1][1]	str	prinzipien
i18n.words_matrix	paraNdataMatrix[197][2]	set	2
i18n.words_matrix	paraNdataMatrix[197][2][0]	int	329
i18n.words_matrix	paraNdataMatrix[197][2][1]	int	378
i18n.words_matrix	paraNdataMatrix[198]	tuple	3
i18n.words_matrix	paraNdataMatrix[198][0]	ref	i18n.words_context:ParametersMain.grundstrukturen
i18n.words_matrix	paraNdataMatrix[198][1]	tuple	2
i18n.words_matrix	paraNdataMatrix[198][1][0]	str	Attraktionen_(36)
i18n.words_matrix	paraNdataMatrix[198][1][1]	str	attraktionen
i18n.words_matrix	paraNdataMatrix[198][2]	set	1
i18n.words_matrix	paraNdataMatrix[198][2][0]	int	311
i18n.words_matrix	paraNdataMatrix[199]	tuple	3
i18n.words_matrix	paraNdataMatrix[199][0]	ref	i18n.words_context:ParametersMain.grundstrukturen
i18n.words_matrix	paraNdataMatrix[199][1]	tuple	2
i18n.words_matrix	paraNdataMatrix[199][1][0]	str	Optimierung_(10)
i18n.words_matrix	paraNdataMatrix[199][1][1]	str	optimierung
i18n.words_matrix	paraNdataMatrix[199][2]	set	1
i18n.words_matrix	paraNdataMatrix[199][2][0]	int	310
i18n.words_matrix	paraNdataMatrix[200]	tuple	3
i18n.words_matrix	paraNdataMatrix[200][0]	ref	i18n.words_context:ParametersMain.grundstrukturen
i18n.words_matrix	paraNdataMatrix[200][1]	tuple	3
i18n.words_matrix	paraNdataMatrix[200][1][0]	str	Themen_(6)
i18n.words_matrix	paraNdataMatrix[200][1][1]	str	themen
i18n.words_matrix	paraNdataMatrix[200][1][2]	str	thema
i18n.words_matrix	paraNdataMatrix[200][2]	set	1
i18n.words_matrix	paraNdataMatrix[200][2][0]	int	309
i18n.words_matrix	paraNdataMatrix[201]	tuple	3
i18n.words_matrix	paraNdataMatrix[201][0]	ref	i18n.words_context:ParametersMain.grundstrukturen
i18n.words_matrix	paraNdataMatrix[201][1]	tuple	2
i18n.words_matrix	paraNdataMatrix[201][1][0]	str	Bedeutung_(10)
i18n.words_matrix	paraNdataMatrix[201][1][1]	str	bedeutung
i18n.words_matrix	paraNdataMatrix[201][2]	set	1
i18n.words_matrix	paraNdataMatrix[201][2][0]	int	306
i18n.words_matrix	paraNdataMatrix[202]	tuple	3
i18n.words_matrix	paraNdataMatrix[202][0]	ref	i18n.words_context:ParametersMain.grundstrukturen
i18n.words_matrix	paraNdataMatrix[202][1]	tuple	3
i18n.words_matrix	paraNdataMatrix[202][1][0]	str	Reziprokes
i18n.words_matrix	paraNdataMatrix[202][1][1]	str	reziproke
i18n.words_matrix	paraNdataMatrix[202][1][2]	str	reziprokes
i18n.words_matrix	paraNdataMatrix[202][2]	set	21
i18n.words_matrix	paraNdataMatrix[202][2][0]	int	131
i18n.words_matrix	paraNdataMatrix[202][2][1]	int	204
i18n.words_matrix	paraNdataMatrix[202][2][2]	int	205
i18n.words_matrix	paraNdataMatrix[202][2][3]	int	231
i18n.words_matrix	paraNdataMatrix[202][2][4]	int	257
i18n.words_matrix	paraNdataMatrix[202][2][5]	int	273
i18n.words_matrix	paraNdataMatrix[202][2][6]	int	281
i18n.words_matrix	paraNdataMatrix[202][2][7]	int	284
i18n.words_matrix	paraNdataMatrix[202][2][8]	int	285
i18n.words_matrix	paraNdataMatrix[202][2][9]	int	326
i18n.words_matrix	paraNdataMatrix[202][2][10]	int	327
i18n.words_matrix	paraNdataMatrix[202][2][11]	int	328
i18n.words_matrix	paraNdataMatrix[202][2][12]	int	329
i18n.words_matrix	paraNdataMatrix[202][2][13]	int	330
i18n.words_matrix	paraNdataMatrix[202][2][14]	int	331
i18n.words_matrix	paraNdataMatrix[202][2][15]	int	332
i18n.words_matrix	paraNdataMatrix[202][2][16]	int	334
i18n.words_matrix	paraNdataMatrix[202][2][17]	int	335
i18n.words_matrix	paraNdataMatrix[202][2][18]	int	338
i18n.words_matrix	paraNdataMatrix[202][2][19]	int	416
i18n.words_matrix	paraNdataMatrix[202][2][20]	int	42
i18n.words_matrix	paraNdataMatrix[203]	tuple	3
i18n.words_matrix	paraNdataMatrix[203][0]	ref	i18n.words_context:ParametersMain.grundstrukturen
i18n.words_matrix	paraNdataMatrix[203][1]	tuple	3
i18n.words_matrix	paraNdataMatrix[203][1][0]	str	Achtung_(4)
i18n.words_matrix	paraNdataMatrix[203][1][1]	str	achtung
i18n.words_matrix	paraNdataMatrix[203][1][2]	str	achten
i18n.words_matrix	paraNdataMatrix[203][2]	set	2
i18n.words_matrix	paraNdataMatrix[203][2][0]	int	270
i18n.words_matrix	paraNdataMatrix[203][2][1]	int	393
i18n.words_matrix	paraNdataMatrix[204]	tuple	3
i18n.words_matrix	paraNdataMatrix[204][0]	ref	i18n.words_context:ParametersMain.grundstrukturen
i18n.words_matrix	paraNdataMatrix[204][1]	tuple	2
i18n.words_matrix	paraNdataMatrix[204][1][0]	str	Zeit_(4)_als_Wirklichkeit
i18n.words_matrix	paraNdataMatrix[204][1][1]	str	zeit
i18n.words_matrix	paraNdataMatrix[204][2]	set	2
i18n.words_matrix	paraNdataMatrix[204][2][0]	int	266
i18n.words_matrix	paraNdataMatrix[204][2][1]	int	267
i18n.words_matrix	paraNdataMatrix[205]	tuple	3
i18n.words_matrix	paraNdataMatrix[205][0]	ref	i18n.words_context:ParametersMain.grundstrukturen
i18n.words_matrix	paraNdataMatrix[205][1]	tuple	2
i18n.words_matrix	paraNdataMatrix[205][1][0]	str	Absicht_16_ist_zu_genügen
i18n.words_matrix	paraNdataMatrix[205][1][1]	str	absicht16
i18n.words_matrix	paraNdataMatrix[205][2]	set	1
i18n.words_matrix	paraNdataMatrix[205][2][0]	int	312
i18n.words_matrix	paraNdataMatrix[206]	tuple	3
i18n.words_matrix	paraNdataMatrix[206][0]	ref	i18n.words_context:ParametersMain.grundstrukturen
i18n.words_matrix	paraNdataMatrix[206][1]	tuple	2
i18n.words_matrix	paraNdataMatrix[206][1][0]	str	Absicht_17_ist_zu_meinen
i18n.words_matrix	paraNdataMatrix[206][1][1]	str	absicht17
i18n.words_matrix	paraNdataMatrix[206][2]	set	1
i18n.words_matrix	paraNdataMatrix[206][2][0]	int	263
i18n.words_matrix	paraNdataMatrix[207]	tuple	3
i18n.words_matrix	paraNdataMatrix[207][0]	ref	i18n.words_context:ParametersMain.grundstrukturen
i18n.words_matrix	paraNdataMatrix[207][1]	tuple	2
i18n.words_matrix	paraNdataMatrix[207][1][0]	str	Absicht_6_ist_Vorteilsmaximierung
i18n.words_matrix	paraNdataMatrix[207][1][1]	str	absicht6
i18n.words_matrix	paraNdataMatrix[207][2]	set	1
i18n.words_matrix	paraNdataMatrix[207][2][0]	int	262
i18n.words_matrix	paraNdataMatrix[208]	tuple	3
i18n.words_matrix	paraNdataMatrix[208][0]	ref	i18n.words_context:ParametersMain.grundstrukturen
i18n.words_matrix	paraNdataMatrix[208][1]	tuple	2
i18n.words_matrix	paraNdataMatrix[208][1][0]	str	Absicht_7_ist_Selbstlosigkeit
i18n.words_matrix	paraNdataMatrix[208][1][1]	str	absicht7
i18n.words_matrix	paraNdataMatrix[208][2]	set	1
i18n.words_matrix	paraNdataMatrix[208][2][0]	int	261
i18n.words_matrix	paraNdataMatrix[209]	tuple	3
i18n.words_matrix	paraNdataMatrix[209][0]	ref	i18n.words_context:ParametersMain.grundstrukturen
i18n.words_matrix	paraNdataMatrix[209][1]	tuple	2
i18n.words_matrix	paraNdataMatrix[209][1][0]	str	Bewusstheit_statt_Bewusstsein_(1)
i18n.words_matrix	paraNdataMatrix[209][1][1]	str	bewusstheit
i18n.words_matrix	paraNdataMatrix[209][2]	set	1
i18n.words_matrix	paraNdataMatrix[209][2][0]	int	282
i18n.words_matrix	paraNdataMatrix[210]	tuple	3
i18n.words_matrix	paraNdataMatrix[210][0]	ref	i18n.words_context:ParametersMain.grundstrukturen
i18n.words_matrix	paraNdataMatrix[210][1]	tuple	2
i18n.words_matrix	paraNdataMatrix[210][1][0]	str	Verhalten_(11)
i18n.words_matrix	paraNdataMatrix[210][1][1]	str	verhalten
i18n.words_matrix	paraNdataMatrix[210][2]	set	3
i18n.words_matrix	paraNdataMatrix[210][2][0]	int	301
i18n.words_matrix	paraNdataMatrix[210][2][1]	int	302
i18n.words_matrix	paraNdataMatrix[210][2][2]	int	413
i18n.words_matrix	paraNdataMatrix[211]	tuple	3
i18n.words_matrix	paraNdataMatrix[211][0]	ref	i18n.words_context:ParametersMain.grundstrukturen
i18n.words_matrix	paraNdataMatrix[211][1]	tuple	4
i18n.words_matrix	paraNdataMatrix[211][1][0]	str	Energie_und_universelle_Eigenschaften_(30)
i18n.words_matrix	paraNdataMatrix[211][1][1]	str	energie
i18n.words_matrix	paraNdataMatrix[211][1][2]	str	universelleeigenschaften
i18n.words_matrix	paraNdataMatrix[211][1][3]	str	lebensenergie
i18n.words_matrix	paraNdataMatrix[211][2]	set	2
i18n.words_matrix	paraNdataMatrix[211][2][0]	int	287
i18n.words_matrix	paraNdataMatrix[211][2][1]	int	293
i18n.words_matrix	paraNdataMatrix[212]	tuple	3
i18n.words_matrix	paraNdataMatrix[212][0]	ref	i18n.words_context:ParametersMain.grundstrukturen
i18n.words_matrix	paraNdataMatrix[212][1]	tuple	4
i18n.words_matrix	paraNdataMatrix[212][1][0]	str	Garben_und_Verhalten_nachfühlen(31)
i18n.words_matrix	paraNdataMatrix[212][1][1]	str	garben
i18n.words_matrix	paraNdataMatrix[212][1][2]	str	verhaltenfuehlen
i18n.words_matrix	paraNdataMatrix[212][1][3]	str	verhaltenfühlen
i18n.words_matrix	paraNdataMatrix[212][2]	set	1
i18n.words_matrix	paraNdataMatrix[212][2][0]	int	295
i18n.words_matrix	paraNdataMatrix[213]	tuple	10
i18n.words_matrix	paraNdataMatrix[213][0]	ref	i18n.words_context:ParametersMain.grundstrukturen
i18n.words_matrix	paraNdataMatrix[213][1]	tuple	2
i18n.words_matrix	paraNdataMatrix[213][1][0]	str	nachvollziehen_emotional_oder_geistig_durch_Primzahl-Kreuz-Algorithmus_(15)
i18n.words_matrix	paraNdataMatrix[213][1][1]	str	nachvollziehen
i18n.words_matrix	paraNdataMatrix[213][2]	set	2
i18n.words_matrix	paraNdataMatrix[213][2][0]	int	242
i18n.words_matrix	paraNdataMatrix[213][2][1]	int	297
i18n.words_matrix	paraNdataMatrix[213][3]	set	0
i18n.words_matrix	paraNdataMatrix[213][4]	set	0
i18n.words_matrix	paraNdataMatrix[213][5]	set	0
i18n.words_matrix	paraNdataMatrix[213][6]	set	0
i18n.words_matrix	paraNdataMatrix[213][7]	set	0
i18n.words_matrix	paraNdataMatrix[213][8]	set	0
i18n.words_matrix	paraNdataMatrix[213][9]	set	1
i18n.words_matrix	paraNdataMatrix[213][9][0]	str	primzahlkreuzprocontra
i18n.words_matrix	paraNdataMatrix[214]	tuple	3
i18n.words_matrix	paraNdataMatrix[214][0]	ref	i18n.words_context:ParametersMain.grundstrukturen
i18n.words_matrix	paraNdataMatrix[214][1]	tuple	3
i18n.words_matrix	paraNdataMatrix[214][1][0]	str	Empathie_(37)
i18n.words_matrix	paraNdataMatrix[214][1][1]	str	empathie
i18n.words_matrix	paraNdataMatrix[214][1][2]	str	mitgefuehl
i18n.words_matrix	paraNdataMatrix[214][2]	set	1
i18n.words_matrix	paraNdataMatrix[214][2][0]	int	294
i18n.words_matrix	paraNdataMatrix[215]	tuple	3
i18n.words_matrix	paraNdataMatrix[215][0]	ref	i18n.words_context:ParametersMain.grundstrukturen
i18n.words_matrix	paraNdataMatrix[215][1]	tuple	3
i18n.words_matrix	paraNdataMatrix[215][1][0]	str	Absicht_1/6_ist_Reinigung_und_Klarheit
i18n.words_matrix	paraNdataMatrix[215][1][1]	str	absicht1/6
i18n.words_matrix	paraNdataMatrix[215][1][2]	str	absicht1pro6
i18n.words_matrix	paraNdataMatrix[215][2]	set	1
i18n.words_matrix	paraNdataMatrix[215][2][0]	int	298
i18n.words_matrix	paraNdataMatrix[216]	tuple	3
i18n.words_matrix	paraNdataMatrix[216][0]	ref	i18n.words_context:ParametersMain.grundstrukturen
i18n.words_matrix	paraNdataMatrix[216][1]	tuple	2
i18n.words_matrix	paraNdataMatrix[216][1][0]	str	innere_Werte_1/6_der_Reinigung_und_Klarheit
i18n.words_matrix	paraNdataMatrix[216][1][1]	str	innerewerte
i18n.words_matrix	paraNdataMatrix[216][2]	set	4
i18n.words_matrix	paraNdataMatrix[216][2][0]	int	398
i18n.words_matrix	paraNdataMatrix[216][2][1]	int	399
i18n.words_matrix	paraNdataMatrix[216][2][2]	int	400
i18n.words_matrix	paraNdataMatrix[216][2][3]	int	401
i18n.words_matrix	paraNdataMatrix[217]	tuple	3
i18n.words_matrix	paraNdataMatrix[217][0]	ref	i18n.words_context:ParametersMain.grundstrukturen
i18n.words_matrix	paraNdataMatrix[217][1]	tuple	2
i18n.words_matrix	paraNdataMatrix[217][1][0]	str	Absicht_10_ist_Wirklichkeit_erkennen
i18n.words_matrix	paraNdataMatrix[217][1][1]	str	absicht10
i18n.words_matrix	paraNdataMatrix[217][2]	set	1
i18n.words_matrix	paraNdataMatrix[217][2][0]	int	260
i18n.words_matrix	paraNdataMatrix[218]	tuple	3
i18n.words_matrix	paraNdataMatrix[218][0]	ref	i18n.words_context:ParametersMain.grundstrukturen
i18n.words_matrix	paraNdataMatrix[218][1]	tuple	2
i18n.words_matrix	paraNdataMatrix[218][1][0]	str	Wohlbefinden_(7mit6)
i18n.words_matrix	paraNdataMatrix[218][1][1]	str	wohlbefinden
i18n.words_matrix	paraNdataMatrix[218][2]	set	2
i18n.words_matrix	paraNdataMatrix[218][2][0]	int	427
i18n.words_matrix	paraNdataMatrix[218][2][1]	int	428
i18n.words_matrix	paraNdataMatrix[219]	tuple	3
i18n.words_matrix	paraNdataMatrix[219][0]	ref	i18n.words_context:ParametersMain.grundstrukturen
i18n.words_matrix	paraNdataMatrix[219][1]	tuple	3
i18n.words_matrix	paraNdataMatrix[219][1][0]	str	Geist_(15)
i18n.words_matrix	paraNdataMatrix[219][1][1]	str	geist
i18n.words_matrix	paraNdataMatrix[219][1][2]	str	bewusstsein
i18n.words_matrix	paraNdataMatrix[219][2]	set	7
i18n.words_matrix	paraNdataMatrix[219][2][0]	int	229
i18n.words_matrix	paraNdataMatrix[219][2][1]	int	231
i18n.words_matrix	paraNdataMatrix[219][2][2]	int	242
i18n.words_matrix	paraNdataMatrix[219][2][3]	int	273
i18n.words_matrix	paraNdataMatrix[219][2][4]	int	297
i18n.words_matrix	paraNdataMatrix[219][2][5]	int	304
i18n.words_matrix	paraNdataMatrix[219][2][6]	int	426
i18n.words_matrix	paraNdataMatrix[220]	tuple	3
i18n.words_matrix	paraNdataMatrix[220][0]	ref	i18n.words_context:ParametersMain.multiversum
i18n.words_matrix	paraNdataMatrix[220][1]	tuple	3
i18n.words_matrix	paraNdataMatrix[220][1][0]	str	Geist_(15)
i18n.words_matrix	paraNdataMatrix[220][1][1]	str	geist
i18n.words_matrix	paraNdataMatrix[220][1][2]	str	bewusstsein
i18n.words_matrix	paraNdataMatrix[220][2]	set	7
i18n.words_matrix	paraNdataMatrix[220][2][0]	int	229
i18n.words_matrix	paraNdataMatrix[220][2][1]	int	231
i18n.words_matrix	paraNdataMatrix[220][2][2]	int	242
i18n.words_matrix	paraNdataMatrix[220][2][3]	int	273
i18n.words_matrix	paraNdataMatrix[220][2][4]	int	297
i18n.words_matrix	paraNdataMatrix[220][2][5]	int	304
i18n.words_matrix	paraNdataMatrix[220][2][6]	int	426
i18n.words_matrix	paraNdataMatrix[221]	tuple	3
i18n.words_matrix	paraNdataMatrix[221][0]	ref	i18n.words_context:ParametersMain.grundstrukturen
i18n.words_matrix	paraNdataMatrix[221][1]	tuple	3
i18n.words_matrix	paraNdataMatrix[221][1][0]	str	Reflexe_(3)
i18n.words_matrix	paraNdataMatrix[221][1][1]	str	reflex
i18n.words_matrix	paraNdataMatrix[221][1][2]	str	reflexe
i18n.words_matrix	paraNdataMatrix[221][2]	set	1
i18n.words_matrix	paraNdataMatrix[221][2][0]	int	256
i18n.words_matrix	paraNdataMatrix[222]	tuple	3
i18n.words_matrix	paraNdataMatrix[222][0]	ref	i18n.words_context:ParametersMain.grundstrukturen
i18n.words_matrix	paraNdataMatrix[222][1]	tuple	3
i18n.words_matrix	paraNdataMatrix[222][1][0]	str	Lust_(9)
i18n.words_matrix	paraNdataMatrix[222][1][1]	str	lust
i18n.words_matrix	paraNdataMatrix[222][1][2]	str	einheiten
i18n.words_matrix	paraNdataMatrix[222][2]	set	2
i18n.words_matrix	paraNdataMatrix[222][2][0]	int	255
i18n.words_matrix	paraNdataMatrix[222][2][1]	int	391
i18n.words_matrix	paraNdataMatrix[223]	tuple	3
i18n.words_matrix	paraNdataMatrix[223][0]	ref	i18n.words_context:ParametersMain.grundstrukturen
i18n.words_matrix	paraNdataMatrix[223][1]	tuple	3
i18n.words_matrix	paraNdataMatrix[223][1][0]	str	Paradigmen_sind_Absichten_(13)
i18n.words_matrix	paraNdataMatrix[223][1][1]	str	paradigmen
i18n.words_matrix	paraNdataMatrix[223][1][2]	str	absichten
i18n.words_matrix	paraNdataMatrix[223][2]	set	6
i18n.words_matrix	paraNdataMatrix[223][2][0]	int	10
i18n.words_matrix	paraNdataMatrix[223][2][1]	int	410
i18n.words_matrix	paraNdataMatrix[223][2][2]	int	411
i18n.words_matrix	paraNdataMatrix[223][2][3]	int	42
i18n.words_matrix	paraNdataMatrix[223][2][4]	int	493
i18n.words_matrix	paraNdataMatrix[223][2][5]	int	494
i18n.words_matrix	paraNdataMatrix[224]	tuple	3
i18n.words_matrix	paraNdataMatrix[224][0]	ref	i18n.words_context:ParametersMain.grundstrukturen
i18n.words_matrix	paraNdataMatrix[224][1]	tuple	5
i18n.words_matrix	paraNdataMatrix[224][1][0]	str	Wirklichkeiten_Wahrheit_Wahrnehmung_(10)
i18n.words_matrix	paraNdataMatrix[224][1][1]	str	wirklichkeit
i18n.words_matrix	paraNdataMatrix[224][1][2]	str	wirklichkeiten
i18n.words_matrix	paraNdataMatrix[224][1][3]	str	wahrheit
i18n.words_matrix	paraNdataMatrix[224][1][4]	str	wahrnehmung
i18n.words_matrix	paraNdataMatrix[224][2]	set	6
i18n.words_matrix	paraNdataMatrix[224][2][0]	int	233
i18n.words_matrix	paraNdataMatrix[224][2][1]	int	265
i18n.words_matrix	paraNdataMatrix[224][2][2]	int	268
i18n.words_matrix	paraNdataMatrix[224][2][3]	int	322
i18n.words_matrix	paraNdataMatrix[224][2][4]	int	342
i18n.words_matrix	paraNdataMatrix[224][2][5]	int	480
i18n.words_matrix	paraNdataMatrix[225]	tuple	3
i18n.words_matrix	paraNdataMatrix[225][0]	ref	i18n.words_context:ParametersMain.grundstrukturen
i18n.words_matrix	paraNdataMatrix[225][1]	tuple	2
i18n.words_matrix	paraNdataMatrix[225][1][0]	str	Rechnen
i18n.words_matrix	paraNdataMatrix[225][1][1]	str	rechnen
i18n.words_matrix	paraNdataMatrix[225][2]	set	1
i18n.words_matrix	paraNdataMatrix[225][2][0]	int	404
i18n.words_matrix	paraNdataMatrix[226]	tuple	3
i18n.words_matrix	paraNdataMatrix[226][0]	ref	i18n.words_context:ParametersMain.grundstrukturen
i18n.words_matrix	paraNdataMatrix[226][1]	tuple	5
i18n.words_matrix	paraNdataMatrix[226][1][0]	str	Stimmungen_Kombinationen_(14)
i18n.words_matrix	paraNdataMatrix[226][1][1]	str	stimmung
i18n.words_matrix	paraNdataMatrix[226][1][2]	str	stimmungen
i18n.words_matrix	paraNdataMatrix[226][1][3]	str	kombination
i18n.words_matrix	paraNdataMatrix[226][1][4]	str	kombinationen
i18n.words_matrix	paraNdataMatrix[226][2]	set	13
i18n.words_matrix	paraNdataMatrix[226][2][0]	int	290
i18n.words_matrix	paraNdataMatrix[226][2][1]	int	296
i18n.words_matrix	paraNdataMatrix[226][2][2]	int	325
i18n.words_matrix	paraNdataMatrix[226][2][3]	int	326
i18n.words_matrix	paraNdataMatrix[226][2][4]	int	327
i18n.words_matrix	paraNdataMatrix[226][2][5]	int	33
i18n.words_matrix	paraNdataMatrix[226][2][6]	int	402
i18n.words_matrix	paraNdataMatrix[226][2][7]	int	403
i18n.words_matrix	paraNdataMatrix[226][2][8]	int	406
i18n.words_matrix	paraNdataMatrix[226][2][9]	int	407
i18n.words_matrix	paraNdataMatrix[226][2][10]	int	408
i18n.words_matrix	paraNdataMatrix[226][2][11]	int	430
i18n.words_matrix	paraNdataMatrix[226][2][12]	int	492
i18n.words_matrix	paraNdataMatrix[227]	tuple	3
i18n.words_matrix	paraNdataMatrix[227][0]	ref	i18n.words_context:ParametersMain.multiversum
i18n.words_matrix	paraNdataMatrix[227][1]	tuple	1
i18n.words_matrix	paraNdataMatrix[227][1][0]	str	Struktur-Wissenschaften_(10)
i18n.words_matrix	paraNdataMatrix[227][2]	set	1
i18n.words_matrix	paraNdataMatrix[227][2][0]	int	438
i18n.words_matrix	paraNdataMatrix[228]	tuple	3
i18n.words_matrix	paraNdataMatrix[228][0]	ref	i18n.words_context:ParametersMain.multiversum
i18n.words_matrix	paraNdataMatrix[228][1]	tuple	1
i18n.words_matrix	paraNdataMatrix[228][1][0]	str	Muster-Wissenschaften_(20)
i18n.words_matrix	paraNdataMatrix[228][2]	set	2
i18n.words_matrix	paraNdataMatrix[228][2][0]	int	439
i18n.words_matrix	paraNdataMatrix[228][2][1]	int	484
i18n.words_matrix	paraNdataMatrix[229]	tuple	3
i18n.words_matrix	paraNdataMatrix[229][0]	ref	i18n.words_context:ParametersMain.grundstrukturen
i18n.words_matrix	paraNdataMatrix[229][1]	tuple	1
i18n.words_matrix	paraNdataMatrix[229][1][0]	str	Anführer_Arten_(7)
i18n.words_matrix	paraNdataMatrix[229][2]	set	10
i18n.words_matrix	paraNdataMatrix[229][2][0]	int	429
i18n.words_matrix	paraNdataMatrix[229][2][1]	int	455
i18n.words_matrix	paraNdataMatrix[229][2][2]	int	481
i18n.words_matrix	paraNdataMatrix[229][2][3]	int	482
i18n.words_matrix	paraNdataMatrix[229][2][4]	int	490
i18n.words_matrix	paraNdataMatrix[229][2][5]	int	497
i18n.words_matrix	paraNdataMatrix[229][2][6]	int	498
i18n.words_matrix	paraNdataMatrix[229][2][7]	int	499
i18n.words_matrix	paraNdataMatrix[229][2][8]	int	502
i18n.words_matrix	paraNdataMatrix[229][2][9]	int	509
i18n.words_matrix	paraNdataMatrix[230]	tuple	3
i18n.words_matrix	paraNdataMatrix[230][0]	ref	i18n.words_context:ParametersMain.grundstrukturen
i18n.words_matrix	paraNdataMatrix[230][1]	tuple	3
i18n.words_matrix	paraNdataMatrix[230][1][0]	str	Klassen_(20)
i18n.words_matrix	paraNdataMatrix[230][1][1]	str	klasse
i18n.words_matrix	paraNdataMatrix[230][1][2]	str	klassen
i18n.words_matrix	paraNdataMatrix[230][2]	set	7
i18n.words_matrix	paraNdataMatrix[230][2][0]	int	241
i18n.words_matrix	paraNdataMatrix[230][2][1]	int	289
i18n.words_matrix	paraNdataMatrix[230][2][2]	int	394
i18n.words_matrix	paraNdataMatrix[230][2][3]	int	395
i18n.words_matrix	paraNdataMatrix[230][2][4]	int	485
i18n.words_matrix	paraNdataMatrix[230][2][5]	int	516
i18n.words_matrix	paraNdataMatrix[230][2][6]	int	697
i18n.words_matrix	paraNdataMatrix[231]	tuple	3
i18n.words_matrix	paraNdataMatrix[231][0]	ref	i18n.words_context:ParametersMain.grundstrukturen
i18n.words_matrix	paraNdataMatrix[231][1]	tuple	4
i18n.words_matrix	paraNdataMatrix[231][1][0]	str	Ordnung_und_Filterung_12_und_1pro12
i18n.words_matrix	paraNdataMatrix[231][1][1]	str	ordnen
i18n.words_matrix	paraNdataMatrix[231][1][2]	str	ordnenundfiltern
i18n.words_matrix	paraNdataMatrix[231][1][3]	str	filtern
i18n.words_matrix	paraNdataMatrix[231][2]	set	4
i18n.words_matrix	paraNdataMatrix[231][2][0]	int	132
i18n.words_matrix	paraNdataMatrix[231][2][1]	int	328
i18n.words_matrix	paraNdataMatrix[231][2][2]	int	331
i18n.words_matrix	paraNdataMatrix[231][2][3]	int	335
i18n.words_matrix	paraNdataMatrix[232]	tuple	3
i18n.words_matrix	paraNdataMatrix[232][0]	ref	i18n.words_context:ParametersMain.grundstrukturen
i18n.words_matrix	paraNdataMatrix[232][1]	tuple	7
i18n.words_matrix	paraNdataMatrix[232][1][0]	str	Meta-Systeme_(12)
i18n.words_matrix	paraNdataMatrix[232][1][1]	str	metasysteme
i18n.words_matrix	paraNdataMatrix[232][1][2]	str	metasystem
i18n.words_matrix	paraNdataMatrix[232][1][3]	str	meta-systeme
i18n.words_matrix	paraNdataMatrix[232][1][4]	str	meta-system
i18n.words_matrix	paraNdataMatrix[232][1][5]	str	menge
i18n.words_matrix	paraNdataMatrix[232][1][6]	str	mengen
i18n.words_matrix	paraNdataMatrix[232][2]	set	11
i18n.words_matrix	paraNdataMatrix[232][2][0]	int	232
i18n.words_matrix	paraNdataMatrix[232][2][1]	int	288
i18n.words_matrix	paraNdataMatrix[232][2][2]	int	334
i18n.words_matrix	paraNdataMatrix[232][2][3]	int	410
i18n.words_matrix	paraNdataMatrix[232][2][4]	int	411
i18n.words_matrix	paraNdataMatrix[232][2][5]	int	483
i18n.words_matrix	paraNdataMatrix[232][2][6]	int	497
i18n.words_matrix	paraNdataMatrix[232][2][7]	int	498
i18n.words_matrix	paraNdataMatrix[232][2][8]	int	499
i18n.words_matrix	paraNdataMatrix[232][2][9]	int	79
i18n.words_matrix	paraNdataMatrix[232][2][10]	int	80
i18n.words_matrix	paraNdataMatrix[233]	tuple	3
i18n.words_matrix	paraNdataMatrix[233][0]	ref	i18n.words_context:ParametersMain.grundstrukturen
i18n.words_matrix	paraNdataMatrix[233][1]	tuple	3
i18n.words_matrix	paraNdataMatrix[233][1][0]	str	Absicht_1/8
i18n.words_matrix	paraNdataMatrix[233][1][1]	str	absicht1pro8
i18n.words_matrix	paraNdataMatrix[233][1][2]	str	absicht1/8
i18n.words_matrix	paraNdataMatrix[233][2]	set	2
i18n.words_matrix	paraNdataMatrix[233][2][0]	int	272
i18n.words_matrix	paraNdataMatrix[233][2][1]	int	379
i18n.words_matrix	paraNdataMatrix[234]	tuple	3
i18n.words_matrix	paraNdataMatrix[234][0]	ref	i18n.words_context:ParametersMain.grundstrukturen
i18n.words_matrix	paraNdataMatrix[234][1]	tuple	4
i18n.words_matrix	paraNdataMatrix[234][1][0]	str	Ziele_(19)
i18n.words_matrix	paraNdataMatrix[234][1][1]	str	ziele
i18n.words_matrix	paraNdataMatrix[234][1][2]	str	maxima
i18n.words_matrix	paraNdataMatrix[234][1][3]	str	höhenvorstellungen
i18n.words_matrix	paraNdataMatrix[234][2]	set	1
i18n.words_matrix	paraNdataMatrix[234][2][0]	int	271
i18n.words_matrix	paraNdataMatrix[235]	tuple	3
i18n.words_matrix	paraNdataMatrix[235][0]	ref	i18n.words_context:ParametersMain.grundstrukturen
i18n.words_matrix	paraNdataMatrix[235][1]	tuple	4
i18n.words_matrix	paraNdataMatrix[235][1][0]	str	Konkreta_und_Focus_(2)
i18n.words_matrix	paraNdataMatrix[235][1][1]	str	konkreta
i18n.words_matrix	paraNdataMatrix[235][1][2]	str	focus
i18n.words_matrix	paraNdataMatrix[235][1][3]	str	fokus
i18n.words_matrix	paraNdataMatrix[235][2]	set	3
i18n.words_matrix	paraNdataMatrix[235][2][0]	int	250
i18n.words_matrix	paraNdataMatrix[235][2][1]	int	253
i18n.words_matrix	paraNdataMatrix[235][2][2]	int	269
i18n.words_matrix	paraNdataMatrix[236]	tuple	3
i18n.words_matrix	paraNdataMatrix[236][0]	ref	i18n.words_context:ParametersMain.grundstrukturen
i18n.words_matrix	paraNdataMatrix[236][1]	tuple	5
i18n.words_matrix	paraNdataMatrix[236][1][0]	str	Gefühle_(7)
i18n.words_matrix	paraNdataMatrix[236][1][1]	str	gefuehle
i18n.words_matrix	paraNdataMatrix[236][1][2]	str	emotionen
i18n.words_matrix	paraNdataMatrix[236][1][3]	str	emotion
i18n.words_matrix	paraNdataMatrix[236][1][4]	str	gefühle
i18n.words_matrix	paraNdataMatrix[236][2]	set	7
i18n.words_matrix	paraNdataMatrix[236][2][0]	int	243
i18n.words_matrix	paraNdataMatrix[236][2][1]	int	283
i18n.words_matrix	paraNdataMatrix[236][2][2]	int	284
i18n.words_matrix	paraNdataMatrix[236][2][3]	int	285
i18n.words_matrix	paraNdataMatrix[236][2][4]	int	286
i18n.words_matrix	paraNdataMatrix[236][2][5]	int	29
i18n.words_matrix	paraNdataMatrix[236][2][6]	int	305
i18n.words_matrix	paraNdataMatrix[237]	tuple	3
i18n.words_matrix	paraNdataMatrix[237][0]	ref	i18n.words_context:ParametersMain.grundstrukturen
i18n.words_matrix	paraNdataMatrix[237][1]	tuple	3
i18n.words_matrix	paraNdataMatrix[237][1][0]	str	abhängige_Verbundenheit_(90)
i18n.words_matrix	paraNdataMatrix[237][1][1]	str	abhaengigkeit
i18n.words_matrix	paraNdataMatrix[237][1][2]	str	abhängigkeit
i18n.words_matrix	paraNdataMatrix[237][2]	set	1
i18n.words_matrix	paraNdataMatrix[237][2][0]	int	357
i18n.words_matrix	paraNdataMatrix[238]	tuple	3
i18n.words_matrix	paraNdataMatrix[238][0]	ref	i18n.words_context:ParametersMain.grundstrukturen
i18n.words_matrix	paraNdataMatrix[238][1]	tuple	4
i18n.words_matrix	paraNdataMatrix[238][1][0]	str	Karte_Filter_und_Unterscheidung_(1/12)
i18n.words_matrix	paraNdataMatrix[238][1][1]	str	karte
i18n.words_matrix	paraNdataMatrix[238][1][2]	str	filter
i18n.words_matrix	paraNdataMatrix[238][1][3]	str	unterscheidung
i18n.words_matrix	paraNdataMatrix[238][2]	set	1
i18n.words_matrix	paraNdataMatrix[238][2][0]	int	377
i18n.words_matrix	paraNdataMatrix[239]	tuple	3
i18n.words_matrix	paraNdataMatrix[239][0]	ref	i18n.words_context:ParametersMain.grundstrukturen
i18n.words_matrix	paraNdataMatrix[239][1]	tuple	2
i18n.words_matrix	paraNdataMatrix[239][1][0]	str	Fundament_(1/19)
i18n.words_matrix	paraNdataMatrix[239][1][1]	str	fundament
i18n.words_matrix	paraNdataMatrix[239][2]	set	1
i18n.words_matrix	paraNdataMatrix[239][2][0]	int	356
i18n.words_matrix	paraNdataMatrix[240]	tuple	3
i18n.words_matrix	paraNdataMatrix[240][0]	ref	i18n.words_context:ParametersMain.grundstrukturen
i18n.words_matrix	paraNdataMatrix[240][1]	tuple	3
i18n.words_matrix	paraNdataMatrix[240][1][0]	str	Gedanken_sind_Positionen_(17)
i18n.words_matrix	paraNdataMatrix[240][1][1]	str	positionen
i18n.words_matrix	paraNdataMatrix[240][1][2]	str	gedanken
i18n.words_matrix	paraNdataMatrix[240][2]	set	3
i18n.words_matrix	paraNdataMatrix[240][2][0]	int	249
i18n.words_matrix	paraNdataMatrix[240][2][1]	int	317
i18n.words_matrix	paraNdataMatrix[240][2][2]	int	323
i18n.words_matrix	paraNdataMatrix[241]	tuple	3
i18n.words_matrix	paraNdataMatrix[241][0]	ref	i18n.words_context:ParametersMain.grundstrukturen
i18n.words_matrix	paraNdataMatrix[241][1]	tuple	4
i18n.words_matrix	paraNdataMatrix[241][1][0]	str	Funktionen_Vorstellungen_(16)
i18n.words_matrix	paraNdataMatrix[241][1][1]	str	vorstellungen
i18n.words_matrix	paraNdataMatrix[241][1][2]	str	vorstellung
i18n.words_matrix	paraNdataMatrix[241][1][3]	str	funktionen
i18n.words_matrix	paraNdataMatrix[241][2]	set	4
i18n.words_matrix	paraNdataMatrix[241][2][0]	int	264
i18n.words_matrix	paraNdataMatrix[241][2][1]	int	345
i18n.words_matrix	paraNdataMatrix[241][2][2]	int	388
i18n.words_matrix	paraNdataMatrix[241][2][3]	int	418
i18n.words_matrix	paraNdataMatrix[242]	tuple	3
i18n.words_matrix	paraNdataMatrix[242][0]	ref	i18n.words_context:ParametersMain.grundstrukturen
i18n.words_matrix	paraNdataMatrix[242][1]	tuple	4
i18n.words_matrix	paraNdataMatrix[242][1][0]	str	Sollen_Frage_Vorgehensweise_(1/13)
i18n.words_matrix	paraNdataMatrix[242][1][1]	str	sollen
i18n.words_matrix	paraNdataMatrix[242][1][2]	str	frage
i18n.words_matrix	paraNdataMatrix[242][1][3]	str	vorgehensweise
i18n.words_matrix	paraNdataMatrix[242][2]	set	2
i18n.words_matrix	paraNdataMatrix[242][2][0]	int	353
i18n.words_matrix	paraNdataMatrix[242][2][1]	int	354
i18n.words_matrix	paraNdataMatrix[243]	tuple	3
i18n.words_matrix	paraNdataMatrix[243][0]	ref	i18n.words_context:ParametersMain.grundstrukturen
i18n.words_matrix	paraNdataMatrix[243][1]	tuple	2
i18n.words_matrix	paraNdataMatrix[243][1][0]	str	Ansichten_Standpunkte_(18_17)
i18n.words_matrix	paraNdataMatrix[243][1][1]	str	ansichten
i18n.words_matrix	paraNdataMatrix[243][2]	set	2
i18n.words_matrix	paraNdataMatrix[243][2][0]	int	240
i18n.words_matrix	paraNdataMatrix[243][2][1]	int	346
i18n.words_matrix	paraNdataMatrix[244]	tuple	3
i18n.words_matrix	paraNdataMatrix[244][0]	ref	i18n.words_context:ParametersMain.menschliches
i18n.words_matrix	paraNdataMatrix[244][1]	tuple	4
i18n.words_matrix	paraNdataMatrix[244][1][0]	str	Psychopath_Soziopath
i18n.words_matrix	paraNdataMatrix[244][1][1]	str	sadist
i18n.words_matrix	paraNdataMatrix[244][1][2]	str	psychopath
i18n.words_matrix	paraNdataMatrix[244][1][3]	str	soziopath
i18n.words_matrix	paraNdataMatrix[244][2]	set	2
i18n.words_matrix	paraNdataMatrix[244][2][0]	int	581
i18n.words_matrix	paraNdataMatrix[244][2][1]	int	602
i18n.words_matrix	paraNdataMatrix[245]	tuple	3
i18n.words_matrix	paraNdataMatrix[245][0]	ref	i18n.words_context:ParametersMain.menschliches
i18n.words_matrix	paraNdataMatrix[245][1]	tuple	2
i18n.words_matrix	paraNdataMatrix[245][1][0]	str	Verbundenheiten_(18)
i18n.words_matrix	paraNdataMatrix[245][1][1]	str	verbundenheiten
i18n.words_matrix	paraNdataMatrix[245][2]	set	5
i18n.words_matrix	paraNdataMatrix[245][2][0]	int	252
i18n.words_matrix	paraNdataMatrix[245][2][1]	int	299
i18n.words_matrix	paraNdataMatrix[245][2][2]	int	300
i18n.words_matrix	paraNdataMatrix[245][2][3]	int	336
i18n.words_matrix	paraNdataMatrix[245][2][4]	int	580
i18n.words_matrix	paraNdataMatrix[246]	tuple	3
i18n.words_matrix	paraNdataMatrix[246][0]	ref	i18n.words_context:ParametersMain.grundstrukturen
i18n.words_matrix	paraNdataMatrix[246][1]	tuple	2
i18n.words_matrix	paraNdataMatrix[246][1][0]	str	Verbundenheiten_(18)
i18n.words_matrix	paraNdataMatrix[246][1][1]	str	verbundenheiten
i18n.words_matrix	paraNdataMatrix[246][2]	set	5
i18n.words_matrix	paraNdataMatrix[246][2][0]	int	252
i18n.words_matrix	paraNdataMatrix[246][2][1]	int	299
i18n.words_matrix	paraNdataMatrix[246][2][2]	int	300
i18n.words_matrix	paraNdataMatrix[246][2][3]	int	336
i18n.words_matrix	paraNdataMatrix[246][2][4]	int	580
i18n.words_matrix	paraNdataMatrix[247]	tuple	3
i18n.words_matrix	paraNdataMatrix[247][0]	ref	i18n.words_context:ParametersMain.grundstrukturen
i18n.words_matrix	paraNdataMatrix[247][1]	tuple	3
i18n.words_matrix	paraNdataMatrix[247][1][0]	str	Absicht_13_ist_Helfen
i18n.words_matrix	paraNdataMatrix[247][1][1]	str	absicht13
i18n.words_matrix	paraNdataMatrix[247][1][2]	str	helfen
i18n.words_matrix	paraNdataMatrix[247][2]	set	1
i18n.words_matrix	paraNdataMatrix[247][2][0]	int	370
i18n.words_matrix	paraNdataMatrix[248]	tuple	4
i18n.words_matrix	paraNdataMatrix[248][0]	ref	i18n.words_context:ParametersMain.grundstrukturen
i18n.words_matrix	paraNdataMatrix[248][1]	tuple	2
i18n.words_matrix	paraNdataMatrix[248][1][0]	str	Liebe_(7)
i18n.words_matrix	paraNdataMatrix[248][1][1]	str	liebe
i18n.words_matrix	paraNdataMatrix[248][2]	set	7
i18n.words_matrix	paraNdataMatrix[248][2][0]	int	208
i18n.words_matrix	paraNdataMatrix[248][2][1]	int	221
i18n.words_matrix	paraNdataMatrix[248][2][2]	int	28
i18n.words_matrix	paraNdataMatrix[248][2][3]	int	330
i18n.words_matrix	paraNdataMatrix[248][2][4]	int	580
i18n.words_matrix	paraNdataMatrix[248][2][5]	int	8
i18n.words_matrix	paraNdataMatrix[248][2][6]	int	9
i18n.words_matrix	paraNdataMatrix[248][3]	set	1
i18n.words_matrix	paraNdataMatrix[248][3][0]	ref	i18n.words_matrix:paraNdataMatrix[180][3][0]
i18n.words_matrix	paraNdataMatrix[249]	tuple	3
i18n.words_matrix	paraNdataMatrix[249][0]	ref	i18n.words_context:ParametersMain.grundstrukturen
i18n.words_matrix	paraNdataMatrix[249][1]	tuple	2
i18n.words_matrix	paraNdataMatrix[249][1][0]	str	Koalitionen_(10)
i18n.words_matrix	paraNdataMatrix[249][1][1]	str	koalitionen
i18n.words_matrix	paraNdataMatrix[249][2]	set	1
i18n.words_matrix	paraNdataMatrix[249][2][0]	int	321
i18n.words_matrix	paraNdataMatrix[250]	tuple	3
i18n.words_matrix	paraNdataMatrix[250][0]	ref	i18n.words_context:ParametersMain.grundstrukturen
i18n.words_matrix	paraNdataMatrix[250][1]	tuple	1
i18n.words_matrix	paraNdataMatrix[250][1][0]	str	gegen_5
i18n.words_matrix	paraNdataMatrix[250][2]	set	1
i18n.words_matrix	paraNdataMatrix[250][2][0]	int	24
i18n.words_matrix	paraNdataMatrix[251]	tuple	3
i18n.words_matrix	paraNdataMatrix[251][0]	ref	i18n.words_context:ParametersMain.grundstrukturen
i18n.words_matrix	paraNdataMatrix[251][1]	tuple	2
i18n.words_matrix	paraNdataMatrix[251][1][0]	str	Impulse_(5)
i18n.words_matrix	paraNdataMatrix[251][1][1]	str	impulse
i18n.words_matrix	paraNdataMatrix[251][2]	set	4
i18n.words_matrix	paraNdataMatrix[251][2][0]	int	251
i18n.words_matrix	paraNdataMatrix[251][2][1]	int	253
i18n.words_matrix	paraNdataMatrix[251][2][2]	int	257
i18n.words_matrix	paraNdataMatrix[251][2][3]	int	341
i18n.words_matrix	paraNdataMatrix[252]	tuple	3
i18n.words_matrix	paraNdataMatrix[252][0]	ref	i18n.words_context:ParametersMain.grundstrukturen
i18n.words_matrix	paraNdataMatrix[252][1]	tuple	6
i18n.words_matrix	paraNdataMatrix[252][1][0]	str	Triebe_und_Bedürfnisse_(6)
i18n.words_matrix	paraNdataMatrix[252][1][1]	str	trieb
i18n.words_matrix	paraNdataMatrix[252][1][2]	str	triebe
i18n.words_matrix	paraNdataMatrix[252][1][3]	str	bedürfnis
i18n.words_matrix	paraNdataMatrix[252][1][4]	str	bedürfnisse
i18n.words_matrix	paraNdataMatrix[252][1][5]	str	werte
i18n.words_matrix	paraNdataMatrix[252][2]	set	5
i18n.words_matrix	paraNdataMatrix[252][2][0]	int	254
i18n.words_matrix	paraNdataMatrix[252][2][1]	int	392
i18n.words_matrix	paraNdataMatrix[252][2][2]	int	396
i18n.words_matrix	paraNdataMatrix[252][2][3]	int	397
i18n.words_matrix	paraNdataMatrix[252][2][4]	int	423
i18n.words_matrix	paraNdataMatrix[253]	tuple	3
i18n.words_matrix	paraNdataMatrix[253][0]	ref	i18n.words_context:ParametersMain.grundstrukturen
i18n.words_matrix	paraNdataMatrix[253][1]	tuple	3
i18n.words_matrix	paraNdataMatrix[253][1][0]	str	Taetigkeiten
i18n.words_matrix	paraNdataMatrix[253][1][1]	str	tätigkeiten
i18n.words_matrix	paraNdataMatrix[253][1][2]	str	taetigkeiten
i18n.words_matrix	paraNdataMatrix[253][2]	set	1
i18n.words_matrix	paraNdataMatrix[253][2][0]	int	424
i18n.words_matrix	paraNdataMatrix[254]	tuple	3
i18n.words_matrix	paraNdataMatrix[254][0]	ref	i18n.words_context:ParametersMain.grundstrukturen
i18n.words_matrix	paraNdataMatrix[254][1]	tuple	3
i18n.words_matrix	paraNdataMatrix[254][1][0]	str	Reflektion_und_Kategorien_(1/15)
i18n.words_matrix	paraNdataMatrix[254][1][1]	str	reflektion
i18n.words_matrix	paraNdataMatrix[254][1][2]	str	kategorien
i18n.words_matrix	paraNdataMatrix[254][2]	set	3
i18n.words_matrix	paraNdataMatrix[254][2][0]	int	204
i18n.words_matrix	paraNdataMatrix[254][2][1]	int	205
i18n.words_matrix	paraNdataMatrix[254][2][2]	int	281
i18n.words_matrix	paraNdataMatrix[255]	tuple	3
i18n.words_matrix	paraNdataMatrix[255][0]	ref	i18n.words_context:ParametersMain.grundstrukturen
i18n.words_matrix	paraNdataMatrix[255][1]	tuple	6
i18n.words_matrix	paraNdataMatrix[255][1][0]	str	Modus_und_Sein_(8)
i18n.words_matrix	paraNdataMatrix[255][1][1]	str	zustaende
i18n.words_matrix	paraNdataMatrix[255][1][2]	str	zustände
i18n.words_matrix	paraNdataMatrix[255][1][3]	str	modus
i18n.words_matrix	paraNdataMatrix[255][1][4]	str	modi
i18n.words_matrix	paraNdataMatrix[255][1][5]	str	sein
i18n.words_matrix	paraNdataMatrix[255][2]	set	5
i18n.words_matrix	paraNdataMatrix[255][2][0]	int	234
i18n.words_matrix	paraNdataMatrix[255][2][1]	int	337
i18n.words_matrix	paraNdataMatrix[255][2][2]	int	385
i18n.words_matrix	paraNdataMatrix[255][2][3]	int	387
i18n.words_matrix	paraNdataMatrix[255][2][4]	int	491
i18n.words_matrix	paraNdataMatrix[256]	tuple	3
i18n.words_matrix	paraNdataMatrix[256][0]	ref	i18n.words_context:ParametersMain.menschliches
i18n.words_matrix	paraNdataMatrix[256][1]	tuple	6
i18n.words_matrix	paraNdataMatrix[256][1][0]	str	Motive
i18n.words_matrix	paraNdataMatrix[256][1][1]	str	motive
i18n.words_matrix	paraNdataMatrix[256][1][2]	str	motivation
i18n.words_matrix	paraNdataMatrix[256][1][3]	str	motiv
i18n.words_matrix	paraNdataMatrix[256][1][4]	str	absicht
i18n.words_matrix	paraNdataMatrix[256][1][5]	str	absichten
i18n.words_matrix	paraNdataMatrix[256][2]	set	10
i18n.words_matrix	paraNdataMatrix[256][2][0]	int	10
i18n.words_matrix	paraNdataMatrix[256][2][1]	int	149
i18n.words_matrix	paraNdataMatrix[256][2][2]	int	167
i18n.words_matrix	paraNdataMatrix[256][2][3]	int	168
i18n.words_matrix	paraNdataMatrix[256][2][4]	int	18
i18n.words_matrix	paraNdataMatrix[256][2][5]	int	229
i18n.words_matrix	paraNdataMatrix[256][2][6]	int	230
i18n.words_matrix	paraNdataMatrix[256][2][7]	int	42
i18n.words_matrix	paraNdataMatrix[256][2][8]	int	561
i18n.words_matrix	paraNdataMatrix[256][2][9]	int	607
i18n.words_matrix	paraNdataMatrix[257]	tuple	3
i18n.words_matrix	paraNdataMatrix[257][0]	ref	i18n.words_context:ParametersMain.menschliches
i18n.words_matrix	paraNdataMatrix[257][1]	tuple	3
i18n.words_matrix	paraNdataMatrix[257][1][0]	str	Gedanken_sind_Positionen_(17)
i18n.words_matrix	paraNdataMatrix[257][1][1]	str	positionen
i18n.words_matrix	paraNdataMatrix[257][1][2]	str	gedanken
i18n.words_matrix	paraNdataMatrix[257][2]	set	2
i18n.words_matrix	paraNdataMatrix[257][2][0]	int	249
i18n.words_matrix	paraNdataMatrix[257][2][1]	int	276
i18n.words_matrix	paraNdataMatrix[258]	tuple	3
i18n.words_matrix	paraNdataMatrix[258][0]	ref	i18n.words_context:ParametersMain.menschliches
i18n.words_matrix	paraNdataMatrix[258][1]	tuple	3
i18n.words_matrix	paraNdataMatrix[258][1][0]	str	Bewusstsein_und_Wahrnehmung
i18n.words_matrix	paraNdataMatrix[258][1][1]	str	bewusstsein
i18n.words_matrix	paraNdataMatrix[258][1][2]	str	wahrnehmung
i18n.words_matrix	paraNdataMatrix[258][2]	set	6
i18n.words_matrix	paraNdataMatrix[258][2][0]	int	229
i18n.words_matrix	paraNdataMatrix[258][2][1]	int	231
i18n.words_matrix	paraNdataMatrix[258][2][2]	int	265
i18n.words_matrix	paraNdataMatrix[258][2][3]	int	281
i18n.words_matrix	paraNdataMatrix[258][2][4]	int	304
i18n.words_matrix	paraNdataMatrix[258][2][5]	int	342
i18n.words_matrix	paraNdataMatrix[259]	tuple	3
i18n.words_matrix	paraNdataMatrix[259][0]	ref	i18n.words_context:ParametersMain.menschliches
i18n.words_matrix	paraNdataMatrix[259][1]	tuple	4
i18n.words_matrix	paraNdataMatrix[259][1][0]	str	Errungenschaften
i18n.words_matrix	paraNdataMatrix[259][1][1]	str	errungenschaften
i18n.words_matrix	paraNdataMatrix[259][1][2]	str	ziele
i18n.words_matrix	paraNdataMatrix[259][1][3]	str	erhalten
i18n.words_matrix	paraNdataMatrix[259][2]	set	3
i18n.words_matrix	paraNdataMatrix[259][2][0]	int	11
i18n.words_matrix	paraNdataMatrix[259][2][1]	int	251
i18n.words_matrix	paraNdataMatrix[259][2][2]	int	257
i18n.words_matrix	paraNdataMatrix[260]	tuple	3
i18n.words_matrix	paraNdataMatrix[260][0]	ref	i18n.words_context:ParametersMain.menschliches
i18n.words_matrix	paraNdataMatrix[260][1]	tuple	11
i18n.words_matrix	paraNdataMatrix[260][1][0]	str	evolutionär_erwerben_und_Intelligenz_Kreativität
i18n.words_matrix	paraNdataMatrix[260][1][1]	str	evolutionärerwerbenundintelligenz
i18n.words_matrix	paraNdataMatrix[260][1][2]	str	intelligenz
i18n.words_matrix	paraNdataMatrix[260][1][3]	str	erwerben
i18n.words_matrix	paraNdataMatrix[260][1][4]	str	erlernen
i18n.words_matrix	paraNdataMatrix[260][1][5]	str	lernen
i18n.words_matrix	paraNdataMatrix[260][1][6]	str	evolutionaer
i18n.words_matrix	paraNdataMatrix[260][1][7]	str	evolutionär
i18n.words_matrix	paraNdataMatrix[260][1][8]	str	kreativität
i18n.words_matrix	paraNdataMatrix[260][1][9]	str	kreativitaet
i18n.words_matrix	paraNdataMatrix[260][1][10]	str	kreativ
i18n.words_matrix	paraNdataMatrix[260][2]	set	5
i18n.words_matrix	paraNdataMatrix[260][2][0]	int	12
i18n.words_matrix	paraNdataMatrix[260][2][1]	int	13
i18n.words_matrix	paraNdataMatrix[260][2][2]	int	27
i18n.words_matrix	paraNdataMatrix[260][2][3]	int	32
i18n.words_matrix	paraNdataMatrix[260][2][4]	int	47
i18n.words_matrix	paraNdataMatrix[261]	tuple	3
i18n.words_matrix	paraNdataMatrix[261][0]	ref	i18n.words_context:ParametersMain.menschliches
i18n.words_matrix	paraNdataMatrix[261][1]	tuple	4
i18n.words_matrix	paraNdataMatrix[261][1][0]	str	brauchen
i18n.words_matrix	paraNdataMatrix[261][1][1]	str	benoetigen
i18n.words_matrix	paraNdataMatrix[261][1][2]	str	benötigen
i18n.words_matrix	paraNdataMatrix[261][1][3]	str	notwendig
i18n.words_matrix	paraNdataMatrix[261][2]	set	2
i18n.words_matrix	paraNdataMatrix[261][2][0]	int	13
i18n.words_matrix	paraNdataMatrix[261][2][1]	int	14
i18n.words_matrix	paraNdataMatrix[262]	tuple	3
i18n.words_matrix	paraNdataMatrix[262][0]	ref	i18n.words_context:ParametersMain.menschliches
i18n.words_matrix	paraNdataMatrix[262][1]	tuple	6
i18n.words_matrix	paraNdataMatrix[262][1][0]	str	Krankheit
i18n.words_matrix	paraNdataMatrix[262][1][1]	str	krankheit
i18n.words_matrix	paraNdataMatrix[262][1][2]	str	krankheiten
i18n.words_matrix	paraNdataMatrix[262][1][3]	str	pathologisch
i18n.words_matrix	paraNdataMatrix[262][1][4]	str	pathologie
i18n.words_matrix	paraNdataMatrix[262][1][5]	str	psychiatrisch
i18n.words_matrix	paraNdataMatrix[262][2]	set	1
i18n.words_matrix	paraNdataMatrix[262][2][0]	int	24
i18n.words_matrix	paraNdataMatrix[263]	tuple	3
i18n.words_matrix	paraNdataMatrix[263][0]	ref	i18n.words_context:ParametersMain.menschliches
i18n.words_matrix	paraNdataMatrix[263][1]	tuple	6
i18n.words_matrix	paraNdataMatrix[263][1][0]	str	alpha_beta
i18n.words_matrix	paraNdataMatrix[263][1][1]	str	alphabeta
i18n.words_matrix	paraNdataMatrix[263][1][2]	str	alpha
i18n.words_matrix	paraNdataMatrix[263][1][3]	str	beta
i18n.words_matrix	paraNdataMatrix[263][1][4]	str	omega
i18n.words_matrix	paraNdataMatrix[263][1][5]	str	sigma
i18n.words_matrix	paraNdataMatrix[263][2]	set	1
i18n.words_matrix	paraNdataMatrix[263][2][0]	int	46
i18n.words_matrix	paraNdataMatrix[264]	tuple	3
i18n.words_matrix	paraNdataMatrix[264][0]	ref	i18n.words_context:ParametersMain.menschliches
i18n.words_matrix	paraNdataMatrix[264][1]	tuple	2
i18n.words_matrix	paraNdataMatrix[264][1][0]	str	Anführer_und_Chef
i18n.words_matrix	paraNdataMatrix[264][1][1]	str	anfuehrer_und_boss
i18n.words_matrix	paraNdataMatrix[264][2]	set	8
i18n.words_matrix	paraNdataMatrix[264][2][0]	int	170
i18n.words_matrix	paraNdataMatrix[264][2][1]	int	29
i18n.words_matrix	paraNdataMatrix[264][2][2]	int	429
i18n.words_matrix	paraNdataMatrix[264][2][3]	int	455
i18n.words_matrix	paraNdataMatrix[264][2][4]	int	490
i18n.words_matrix	paraNdataMatrix[264][2][5]	int	502
i18n.words_matrix	paraNdataMatrix[264][2][6]	int	509
i18n.words_matrix	paraNdataMatrix[264][2][7]	int	708
i18n.words_matrix	paraNdataMatrix[265]	tuple	3
i18n.words_matrix	paraNdataMatrix[265][0]	ref	i18n.words_context:ParametersMain.grundstrukturen
i18n.words_matrix	paraNdataMatrix[265][1]	tuple	1
i18n.words_matrix	paraNdataMatrix[265][1][0]	str	Biologischer_Baum_(15)
i18n.words_matrix	paraNdataMatrix[265][2]	set	1
i18n.words_matrix	paraNdataMatrix[265][2][0]	int	500
i18n.words_matrix	paraNdataMatrix[266]	tuple	3
i18n.words_matrix	paraNdataMatrix[266][0]	ref	i18n.words_context:ParametersMain.multiversum
i18n.words_matrix	paraNdataMatrix[266][1]	tuple	1
i18n.words_matrix	paraNdataMatrix[266][1][0]	str	Biologischer_Baum_(16_->_5)
i18n.words_matrix	paraNdataMatrix[266][2]	set	1
i18n.words_matrix	paraNdataMatrix[266][2][0]	int	500
i18n.words_matrix	paraNdataMatrix[267]	tuple	3
i18n.words_matrix	paraNdataMatrix[267][0]	ref	i18n.words_context:ParametersMain.universum
i18n.words_matrix	paraNdataMatrix[267][1]	tuple	2
i18n.words_matrix	paraNdataMatrix[267][1][0]	str	Spezies_Typofikation
i18n.words_matrix	paraNdataMatrix[267][1][1]	str	spezies
i18n.words_matrix	paraNdataMatrix[267][2]	set	1
i18n.words_matrix	paraNdataMatrix[267][2][0]	int	582
i18n.words_matrix	paraNdataMatrix[268]	tuple	3
i18n.words_matrix	paraNdataMatrix[268][0]	ref	i18n.words_context:ParametersMain.universum
i18n.words_matrix	paraNdataMatrix[268][1]	tuple	1
i18n.words_matrix	paraNdataMatrix[268][1][0]	str	Biologischer_Baum_(15)
i18n.words_matrix	paraNdataMatrix[268][2]	set	1
i18n.words_matrix	paraNdataMatrix[268][2][0]	int	500
i18n.words_matrix	paraNdataMatrix[269]	tuple	3
i18n.words_matrix	paraNdataMatrix[269][0]	ref	i18n.words_context:ParametersMain.menschliches
i18n.words_matrix	paraNdataMatrix[269][1]	tuple	1
i18n.words_matrix	paraNdataMatrix[269][1][0]	str	Biologischer_Baum_(15)
i18n.words_matrix	paraNdataMatrix[269][2]	set	1
i18n.words_matrix	paraNdataMatrix[269][2][0]	int	500
i18n.words_matrix	paraNdataMatrix[270]	tuple	3
i18n.words_matrix	paraNdataMatrix[270][0]	ref	i18n.words_context:ParametersMain.menschliches
i18n.words_matrix	paraNdataMatrix[270][1]	tuple	2
i18n.words_matrix	paraNdataMatrix[270][1][0]	str	Manipulation
i18n.words_matrix	paraNdataMatrix[270][1][1]	str	manipulation
i18n.words_matrix	paraNdataMatrix[270][2]	set	1
i18n.words_matrix	paraNdataMatrix[270][2][0]	int	153
i18n.words_matrix	paraNdataMatrix[271]	tuple	3
i18n.words_matrix	paraNdataMatrix[271][0]	ref	i18n.words_context:ParametersMain.menschliches
i18n.words_matrix	paraNdataMatrix[271][1]	tuple	3
i18n.words_matrix	paraNdataMatrix[271][1][0]	str	Berufe
i18n.words_matrix	paraNdataMatrix[271][1][1]	str	berufe
i18n.words_matrix	paraNdataMatrix[271][1][2]	str	beruf
i18n.words_matrix	paraNdataMatrix[271][2]	set	1
i18n.words_matrix	paraNdataMatrix[271][2][0]	int	30
i18n.words_matrix	paraNdataMatrix[272]	tuple	3
i18n.words_matrix	paraNdataMatrix[272][0]	ref	i18n.words_context:ParametersMain.menschliches
i18n.words_matrix	paraNdataMatrix[272][1]	tuple	5
i18n.words_matrix	paraNdataMatrix[272][1][0]	str	Lösungen
i18n.words_matrix	paraNdataMatrix[272][1][1]	str	lösungen
i18n.words_matrix	paraNdataMatrix[272][1][2]	str	loesungen
i18n.words_matrix	paraNdataMatrix[272][1][3]	str	loesung
i18n.words_matrix	paraNdataMatrix[272][1][4]	str	lösungen
i18n.words_matrix	paraNdataMatrix[272][2]	set	1
i18n.words_matrix	paraNdataMatrix[272][2][0]	int	31
i18n.words_matrix	paraNdataMatrix[273]	tuple	3
i18n.words_matrix	paraNdataMatrix[273][0]	ref	i18n.words_context:ParametersMain.menschliches
i18n.words_matrix	paraNdataMatrix[273][1]	tuple	2
i18n.words_matrix	paraNdataMatrix[273][1][0]	str	Musik
i18n.words_matrix	paraNdataMatrix[273][1][1]	str	musik
i18n.words_matrix	paraNdataMatrix[273][2]	set	2
i18n.words_matrix	paraNdataMatrix[273][2][0]	int	33
i18n.words_matrix	paraNdataMatrix[273][2][1]	int	523
i18n.words_matrix	paraNdataMatrix[274]	tuple	3
i18n.words_matrix	paraNdataMatrix[274][0]	ref	i18n.words_context:ParametersMain.procontra
i18n.words_matrix	paraNdataMatrix[274][1]	tuple	4
i18n.words_matrix	paraNdataMatrix[274][1][0]	str	ergibt_Sinn
i18n.words_matrix	paraNdataMatrix[274][1][1]	str	ergibtsinn
i18n.words_matrix	paraNdataMatrix[274][1][2]	str	machtsinn
i18n.words_matrix	paraNdataMatrix[274][1][3]	str	sinn
i18n.words_matrix	paraNdataMatrix[274][2]	set	1
i18n.words_matrix	paraNdataMatrix[274][2][0]	int	140
i18n.words_matrix	paraNdataMatrix[275]	tuple	3
i18n.words_matrix	paraNdataMatrix[275][0]	ref	i18n.words_context:ParametersMain.procontra
i18n.words_matrix	paraNdataMatrix[275][1]	tuple	5
i18n.words_matrix	paraNdataMatrix[275][1][0]	str	Veränderung
i18n.words_matrix	paraNdataMatrix[275][1][1]	str	veraenderung
i18n.words_matrix	paraNdataMatrix[275][1][2]	str	veraendern
i18n.words_matrix	paraNdataMatrix[275][1][3]	str	veränderung
i18n.words_matrix	paraNdataMatrix[275][1][4]	str	verändern
i18n.words_matrix	paraNdataMatrix[275][2]	set	1
i18n.words_matrix	paraNdataMatrix[275][2][0]	int	142
i18n.words_matrix	paraNdataMatrix[276]	tuple	3
i18n.words_matrix	paraNdataMatrix[276][0]	ref	i18n.words_context:ParametersMain.procontra
i18n.words_matrix	paraNdataMatrix[276][1]	tuple	5
i18n.words_matrix	paraNdataMatrix[276][1][0]	str	bändigen_kontrollieren
i18n.words_matrix	paraNdataMatrix[276][1][1]	str	baendigenkontrollieren
i18n.words_matrix	paraNdataMatrix[276][1][2]	str	kontrollieren
i18n.words_matrix	paraNdataMatrix[276][1][3]	str	baendigen
i18n.words_matrix	paraNdataMatrix[276][1][4]	str	bändigen
i18n.words_matrix	paraNdataMatrix[276][2]	set	1
i18n.words_matrix	paraNdataMatrix[276][2][0]	int	143
i18n.words_matrix	paraNdataMatrix[277]	tuple	3
i18n.words_matrix	paraNdataMatrix[277][0]	ref	i18n.words_context:ParametersMain.procontra
i18n.words_matrix	paraNdataMatrix[277][1]	tuple	2
i18n.words_matrix	paraNdataMatrix[277][1][0]	str	vereinen
i18n.words_matrix	paraNdataMatrix[277][1][1]	str	einheit
i18n.words_matrix	paraNdataMatrix[277][2]	set	1
i18n.words_matrix	paraNdataMatrix[277][2][0]	int	144
i18n.words_matrix	paraNdataMatrix[278]	tuple	3
i18n.words_matrix	paraNdataMatrix[278][0]	ref	i18n.words_context:ParametersMain.procontra
i18n.words_matrix	paraNdataMatrix[278][1]	tuple	3
i18n.words_matrix	paraNdataMatrix[278][1][0]	str	Vorteile
i18n.words_matrix	paraNdataMatrix[278][1][1]	str	vorteile
i18n.words_matrix	paraNdataMatrix[278][1][2]	str	veraenderungnutzen
i18n.words_matrix	paraNdataMatrix[278][2]	set	1
i18n.words_matrix	paraNdataMatrix[278][2][0]	int	141
i18n.words_matrix	paraNdataMatrix[279]	tuple	3
i18n.words_matrix	paraNdataMatrix[279][0]	ref	i18n.words_context:ParametersMain.procontra
i18n.words_matrix	paraNdataMatrix[279][1]	tuple	3
i18n.words_matrix	paraNdataMatrix[279][1][0]	str	Gegenspieler
i18n.words_matrix	paraNdataMatrix[279][1][1]	str	gegenspieler
i18n.words_matrix	paraNdataMatrix[279][1][2]	str	antagonist
i18n.words_matrix	paraNdataMatrix[279][2]	set	1
i18n.words_matrix	paraNdataMatrix[279][2][0]	int	137
i18n.words_matrix	paraNdataMatrix[280]	tuple	3
i18n.words_matrix	paraNdataMatrix[280][0]	ref	i18n.words_context:ParametersMain.procontra
i18n.words_matrix	paraNdataMatrix[280][1]	tuple	1
i18n.words_matrix	paraNdataMatrix[280][1][0]	str	nervig
i18n.words_matrix	paraNdataMatrix[280][2]	set	1
i18n.words_matrix	paraNdataMatrix[280][2][0]	int	120
i18n.words_matrix	paraNdataMatrix[281]	tuple	3
i18n.words_matrix	paraNdataMatrix[281][0]	ref	i18n.words_context:ParametersMain.procontra
i18n.words_matrix	paraNdataMatrix[281][1]	tuple	2
i18n.words_matrix	paraNdataMatrix[281][1][0]	str	pro_nutzen
i18n.words_matrix	paraNdataMatrix[281][1][1]	str	pronutzen
i18n.words_matrix	paraNdataMatrix[281][2]	set	1
i18n.words_matrix	paraNdataMatrix[281][2][0]	int	117
i18n.words_matrix	paraNdataMatrix[282]	tuple	3
i18n.words_matrix	paraNdataMatrix[282][0]	ref	i18n.words_context:ParametersMain.procontra
i18n.words_matrix	paraNdataMatrix[282][1]	tuple	2
i18n.words_matrix	paraNdataMatrix[282][1][0]	str	Gegenposition
i18n.words_matrix	paraNdataMatrix[282][1][1]	str	gegenposition
i18n.words_matrix	paraNdataMatrix[282][2]	set	1
i18n.words_matrix	paraNdataMatrix[282][2][0]	int	116
i18n.words_matrix	paraNdataMatrix[283]	tuple	3
i18n.words_matrix	paraNdataMatrix[283][0]	ref	i18n.words_context:ParametersMain.procontra
i18n.words_matrix	paraNdataMatrix[283][1]	tuple	2
i18n.words_matrix	paraNdataMatrix[283][1][0]	str	Hilfe_erhalten
i18n.words_matrix	paraNdataMatrix[283][1][1]	str	hilfeerhalten
i18n.words_matrix	paraNdataMatrix[283][2]	set	1
i18n.words_matrix	paraNdataMatrix[283][2][0]	int	114
i18n.words_matrix	paraNdataMatrix[284]	tuple	3
i18n.words_matrix	paraNdataMatrix[284][0]	ref	i18n.words_context:ParametersMain.procontra
i18n.words_matrix	paraNdataMatrix[284][1]	tuple	3
i18n.words_matrix	paraNdataMatrix[284][1][0]	str	Helfen
i18n.words_matrix	paraNdataMatrix[284][1][1]	str	helfen
i18n.words_matrix	paraNdataMatrix[284][1][2]	str	hilfe
i18n.words_matrix	paraNdataMatrix[284][2]	set	1
i18n.words_matrix	paraNdataMatrix[284][2][0]	int	115
i18n.words_matrix	paraNdataMatrix[285]	tuple	3
i18n.words_matrix	paraNdataMatrix[285][0]	ref	i18n.words_context:ParametersMain.procontra
i18n.words_matrix	paraNdataMatrix[285][1]	tuple	4
i18n.words_matrix	paraNdataMatrix[285][1][0]	str	Pro
i18n.words_matrix	paraNdataMatrix[285][1][1]	str	pro
i18n.words_matrix	paraNdataMatrix[285][1][2]	str	dafür
i18n.words_matrix	paraNdataMatrix[285][1][3]	str	dafuer
i18n.words_matrix	paraNdataMatrix[285][2]	set	2
i18n.words_matrix	paraNdataMatrix[285][2][0]	int	17
i18n.words_matrix	paraNdataMatrix[285][2][1]	int	48
i18n.words_matrix	paraNdataMatrix[286]	tuple	3
i18n.words_matrix	paraNdataMatrix[286][0]	ref	i18n.words_context:ParametersMain.procontra
i18n.words_matrix	paraNdataMatrix[286][1]	tuple	2
i18n.words_matrix	paraNdataMatrix[286][1][0]	str	nicht_miteinander_auskommen
i18n.words_matrix	paraNdataMatrix[286][1][1]	str	nichtauskommen
i18n.words_matrix	paraNdataMatrix[286][2]	set	1
i18n.words_matrix	paraNdataMatrix[286][2][0]	int	123
i18n.words_matrix	paraNdataMatrix[287]	tuple	3
i18n.words_matrix	paraNdataMatrix[287][0]	ref	i18n.words_context:ParametersMain.procontra
i18n.words_matrix	paraNdataMatrix[287][1]	tuple	2
i18n.words_matrix	paraNdataMatrix[287][1][0]	str	nicht_dagegen
i18n.words_matrix	paraNdataMatrix[287][1][1]	str	nichtdagegen
i18n.words_matrix	paraNdataMatrix[287][2]	set	1
i18n.words_matrix	paraNdataMatrix[287][2][0]	int	124
i18n.words_matrix	paraNdataMatrix[288]	tuple	3
i18n.words_matrix	paraNdataMatrix[288][0]	ref	i18n.words_context:ParametersMain.procontra
i18n.words_matrix	paraNdataMatrix[288][1]	tuple	2
i18n.words_matrix	paraNdataMatrix[288][1][0]	str	kein_Gegenteil
i18n.words_matrix	paraNdataMatrix[288][1][1]	str	keingegenteil
i18n.words_matrix	paraNdataMatrix[288][2]	set	1
i18n.words_matrix	paraNdataMatrix[288][2][0]	int	125
i18n.words_matrix	paraNdataMatrix[289]	tuple	3
i18n.words_matrix	paraNdataMatrix[289][0]	ref	i18n.words_context:ParametersMain.procontra
i18n.words_matrix	paraNdataMatrix[289][1]	tuple	2
i18n.words_matrix	paraNdataMatrix[289][1][0]	str	nicht_dafür
i18n.words_matrix	paraNdataMatrix[289][1][1]	str	nichtdafuer
i18n.words_matrix	paraNdataMatrix[289][2]	set	1
i18n.words_matrix	paraNdataMatrix[289][2][0]	int	126
i18n.words_matrix	paraNdataMatrix[290]	tuple	3
i18n.words_matrix	paraNdataMatrix[290][0]	ref	i18n.words_context:ParametersMain.procontra
i18n.words_matrix	paraNdataMatrix[290][1]	tuple	2
i18n.words_matrix	paraNdataMatrix[290][1][0]	str	Hilfe_nicht_gebrauchen
i18n.words_matrix	paraNdataMatrix[290][1][1]	str	hilfenichtgebrauchen
i18n.words_matrix	paraNdataMatrix[290][2]	set	1
i18n.words_matrix	paraNdataMatrix[290][2][0]	int	127
i18n.words_matrix	paraNdataMatrix[291]	tuple	3
i18n.words_matrix	paraNdataMatrix[291][0]	ref	i18n.words_context:ParametersMain.procontra
i18n.words_matrix	paraNdataMatrix[291][1]	tuple	2
i18n.words_matrix	paraNdataMatrix[291][1][0]	str	nicht_helfen_können
i18n.words_matrix	paraNdataMatrix[291][1][1]	str	nichthelfenkoennen
i18n.words_matrix	paraNdataMatrix[291][2]	set	1
i18n.words_matrix	paraNdataMatrix[291][2][0]	int	128
i18n.words_matrix	paraNdataMatrix[292]	tuple	3
i18n.words_matrix	paraNdataMatrix[292][0]	ref	i18n.words_context:ParametersMain.procontra
i18n.words_matrix	paraNdataMatrix[292][1]	tuple	2
i18n.words_matrix	paraNdataMatrix[292][1][0]	str	nicht_abgeneigt
i18n.words_matrix	paraNdataMatrix[292][1][1]	str	nichtabgeneigt
i18n.words_matrix	paraNdataMatrix[292][2]	set	1
i18n.words_matrix	paraNdataMatrix[292][2][0]	int	129
i18n.words_matrix	paraNdataMatrix[293]	tuple	3
i18n.words_matrix	paraNdataMatrix[293][0]	ref	i18n.words_context:ParametersMain.procontra
i18n.words_matrix	paraNdataMatrix[293][1]	tuple	1
i18n.words_matrix	paraNdataMatrix[293][1][0]	str	unmotivierbar
i18n.words_matrix	paraNdataMatrix[293][2]	set	1
i18n.words_matrix	paraNdataMatrix[293][2][0]	int	130
i18n.words_matrix	paraNdataMatrix[294]	tuple	3
i18n.words_matrix	paraNdataMatrix[294][0]	ref	i18n.words_context:ParametersMain.procontra
i18n.words_matrix	paraNdataMatrix[294][1]	tuple	2
i18n.words_matrix	paraNdataMatrix[294][1][0]	str	contra
i18n.words_matrix	paraNdataMatrix[294][1][1]	str	dagegen
i18n.words_matrix	paraNdataMatrix[294][2]	set	2
i18n.words_matrix	paraNdataMatrix[294][2][0]	int	15
i18n.words_matrix	paraNdataMatrix[294][2][1]	int	26
i18n.words_matrix	paraNdataMatrix[295]	tuple	3
i18n.words_matrix	paraNdataMatrix[295][0]	ref	i18n.words_context:ParametersMain.procontra
i18n.words_matrix	paraNdataMatrix[295][1]	tuple	2
i18n.words_matrix	paraNdataMatrix[295][1][0]	str	Gegenteil
i18n.words_matrix	paraNdataMatrix[295][1][1]	str	gegenteil
i18n.words_matrix	paraNdataMatrix[295][2]	set	3
i18n.words_matrix	paraNdataMatrix[295][2][0]	int	100
i18n.words_matrix	paraNdataMatrix[295][2][1]	int	101
i18n.words_matrix	paraNdataMatrix[295][2][2]	int	222
i18n.words_matrix	paraNdataMatrix[296]	tuple	3
i18n.words_matrix	paraNdataMatrix[296][0]	ref	i18n.words_context:ParametersMain.procontra
i18n.words_matrix	paraNdataMatrix[296][1]	tuple	2
i18n.words_matrix	paraNdataMatrix[296][1][0]	str	Harmonie
i18n.words_matrix	paraNdataMatrix[296][1][1]	str	harmonie
i18n.words_matrix	paraNdataMatrix[296][2]	set	2
i18n.words_matrix	paraNdataMatrix[296][2][0]	int	102
i18n.words_matrix	paraNdataMatrix[296][2][1]	int	103
i18n.words_matrix	paraNdataMatrix[297]	tuple	3
i18n.words_matrix	paraNdataMatrix[297][0]	ref	i18n.words_context:ParametersMain.licht
i18n.words_matrix	paraNdataMatrix[297][1]	tuple	0
i18n.words_matrix	paraNdataMatrix[297][2]	set	3
i18n.words_matrix	paraNdataMatrix[297][2][0]	int	20
i18n.words_matrix	paraNdataMatrix[297][2][1]	int	27
i18n.words_matrix	paraNdataMatrix[297][2][2]	int	313
i18n.words_matrix	paraNdataMatrix[298]	tuple	10
i18n.words_matrix	paraNdataMatrix[298][0]	ref	i18n.words_context:ParametersMain.procontra
i18n.words_matrix	paraNdataMatrix[298][1]	tuple	2
i18n.words_matrix	paraNdataMatrix[298][1][0]	str	Primzahlkreuz_pro_contra
i18n.words_matrix	paraNdataMatrix[298][1][1]	str	primzahlkreuz
i18n.words_matrix	paraNdataMatrix[298][2]	set	0
i18n.words_matrix	paraNdataMatrix[298][3]	set	0
i18n.words_matrix	paraNdataMatrix[298][4]	set	0
i18n.words_matrix	paraNdataMatrix[298][5]	set	0
i18n.words_matrix	paraNdataMatrix[298][6]	set	0
i18n.words_matrix	paraNdataMatrix[298][7]	set	0
i18n.words_matrix	paraNdataMatrix[298][8]	set	0
i18n.words_matrix	paraNdataMatrix[298][9]	set	1
i18n.words_matrix	paraNdataMatrix[298][9][0]	str	primzahlkreuzprocontra
i18n.words_matrix	paraNdataMatrix[299]	tuple	10
i18n.words_matrix	paraNdataMatrix[299][0]	ref	i18n.words_context:ParametersMain.bedeutung
i18n.words_matrix	paraNdataMatrix[299][1]	tuple	2
i18n.words_matrix	paraNdataMatrix[299][1][0]	str	Primzahlkreuz_pro_contra
i18n.words_matrix	paraNdataMatrix[299][1][1]	str	primzahlkreuz
i18n.words_matrix	paraNdataMatrix[299][2]	set	0
i18n.words_matrix	paraNdataMatrix[299][3]	set	0
i18n.words_matrix	paraNdataMatrix[299][4]	set	0
i18n.words_matrix	paraNdataMatrix[299][5]	set	0
i18n.words_matrix	paraNdataMatrix[299][6]	set	0
i18n.words_matrix	paraNdataMatrix[299][7]	set	0
i18n.words_matrix	paraNdataMatrix[299][8]	set	0
i18n.words_matrix	paraNdataMatrix[299][9]	set	1
i18n.words_matrix	paraNdataMatrix[299][9][0]	str	primzahlkreuzprocontra
i18n.words_matrix	paraNdataMatrix[300]	tuple	3
i18n.words_matrix	paraNdataMatrix[300][0]	ref	i18n.words_context:ParametersMain.bedeutung
i18n.words_matrix	paraNdataMatrix[300][1]	tuple	2
i18n.words_matrix	paraNdataMatrix[300][1][0]	str	in_ReTa
i18n.words_matrix	paraNdataMatrix[300][1][1]	str	inreta
i18n.words_matrix	paraNdataMatrix[300][2]	set	4
i18n.words_matrix	paraNdataMatrix[300][2][0]	int	209
i18n.words_matrix	paraNdataMatrix[300][2][1]	int	210
i18n.words_matrix	paraNdataMatrix[300][2][2]	int	474
i18n.words_matrix	paraNdataMatrix[300][2][3]	int	475
i18n.words_matrix	paraNdataMatrix[301]	tuple	3
i18n.words_matrix	paraNdataMatrix[301][0]	ref	i18n.words_context:ParametersMain.bedeutung
i18n.words_matrix	paraNdataMatrix[301][1]	tuple	2
i18n.words_matrix	paraNdataMatrix[301][1][0]	str	Vorzeichen
i18n.words_matrix	paraNdataMatrix[301][1][1]	str	vorzeichen
i18n.words_matrix	paraNdataMatrix[301][2]	set	2
i18n.words_matrix	paraNdataMatrix[301][2][0]	int	118
i18n.words_matrix	paraNdataMatrix[301][2][1]	int	119
i18n.words_matrix	paraNdataMatrix[302]	tuple	3
i18n.words_matrix	paraNdataMatrix[302][0]	ref	i18n.words_context:ParametersMain.bedeutung
i18n.words_matrix	paraNdataMatrix[302][1]	tuple	4
i18n.words_matrix	paraNdataMatrix[302][1][0]	str	Primzahlen
i18n.words_matrix	paraNdataMatrix[302][1][1]	str	primzahlen
i18n.words_matrix	paraNdataMatrix[302][1][2]	str	vielfache
i18n.words_matrix	paraNdataMatrix[302][1][3]	str	vielfacher
i18n.words_matrix	paraNdataMatrix[302][2]	set	1
i18n.words_matrix	paraNdataMatrix[302][2][0]	int	19
i18n.words_matrix	paraNdataMatrix[303]	tuple	3
i18n.words_matrix	paraNdataMatrix[303][0]	ref	i18n.words_context:ParametersMain.bedeutung
i18n.words_matrix	paraNdataMatrix[303][1]	tuple	4
i18n.words_matrix	paraNdataMatrix[303][1][0]	str	Anwendung_der_Sonnen_und_Monde
i18n.words_matrix	paraNdataMatrix[303][1][1]	str	anwendungdersonnenundmonde
i18n.words_matrix	paraNdataMatrix[303][1][2]	str	anwendungdersonnen
i18n.words_matrix	paraNdataMatrix[303][1][3]	str	anwendungenfuermonde
i18n.words_matrix	paraNdataMatrix[303][2]	set	1
i18n.words_matrix	paraNdataMatrix[303][2][0]	int	22
i18n.words_matrix	paraNdataMatrix[304]	tuple	3
i18n.words_matrix	paraNdataMatrix[304][0]	ref	i18n.words_context:ParametersMain.bedeutung
i18n.words_matrix	paraNdataMatrix[304][1]	tuple	5
i18n.words_matrix	paraNdataMatrix[304][1][0]	str	Zählungen
i18n.words_matrix	paraNdataMatrix[304][1][1]	str	zählungen
i18n.words_matrix	paraNdataMatrix[304][1][2]	str	zaehlung
i18n.words_matrix	paraNdataMatrix[304][1][3]	str	zaehlungen
i18n.words_matrix	paraNdataMatrix[304][1][4]	str	zählung
i18n.words_matrix	paraNdataMatrix[304][2]	set	6
i18n.words_matrix	paraNdataMatrix[304][2][0]	int	169
i18n.words_matrix	paraNdataMatrix[304][2][1]	int	188
i18n.words_matrix	paraNdataMatrix[304][2][2]	int	25
i18n.words_matrix	paraNdataMatrix[304][2][3]	int	386
i18n.words_matrix	paraNdataMatrix[304][2][4]	int	390
i18n.words_matrix	paraNdataMatrix[304][2][5]	int	45
i18n.words_matrix	paraNdataMatrix[305]	tuple	3
i18n.words_matrix	paraNdataMatrix[305][0]	ref	i18n.words_context:ParametersMain.bedeutung
i18n.words_matrix	paraNdataMatrix[305][1]	tuple	4
i18n.words_matrix	paraNdataMatrix[305][1][0]	str	Jura
i18n.words_matrix	paraNdataMatrix[305][1][1]	str	jura
i18n.words_matrix	paraNdataMatrix[305][1][2]	str	gesetzeslehre
i18n.words_matrix	paraNdataMatrix[305][1][3]	str	recht
i18n.words_matrix	paraNdataMatrix[305][2]	set	1
i18n.words_matrix	paraNdataMatrix[305][2][0]	int	34
i18n.words_matrix	paraNdataMatrix[306]	tuple	3
i18n.words_matrix	paraNdataMatrix[306][0]	ref	i18n.words_context:ParametersMain.bedeutung
i18n.words_matrix	paraNdataMatrix[306][1]	tuple	3
i18n.words_matrix	paraNdataMatrix[306][1][0]	str	Vollkommenheit_des_Geistes
i18n.words_matrix	paraNdataMatrix[306][1][1]	str	vollkommenheit
i18n.words_matrix	paraNdataMatrix[306][1][2]	str	geist
i18n.words_matrix	paraNdataMatrix[306][2]	set	1
i18n.words_matrix	paraNdataMatrix[306][2][0]	int	35
i18n.words_matrix	paraNdataMatrix[307]	tuple	6
i18n.words_matrix	paraNdataMatrix[307][0]	ref	i18n.words_context:ParametersMain.bedeutung
i18n.words_matrix	paraNdataMatrix[307][1]	tuple	5
i18n.words_matrix	paraNdataMatrix[307][1][0]	str	Gestirn
i18n.words_matrix	paraNdataMatrix[307][1][1]	str	gestirn
i18n.words_matrix	paraNdataMatrix[307][1][2]	str	mond
i18n.words_matrix	paraNdataMatrix[307][1][3]	str	sonne
i18n.words_matrix	paraNdataMatrix[307][1][4]	str	planet
i18n.words_matrix	paraNdataMatrix[307][2]	set	2
i18n.words_matrix	paraNdataMatrix[307][2][0]	int	154
i18n.words_matrix	paraNdataMatrix[307][2][1]	int	64
i18n.words_matrix	paraNdataMatrix[307][3]	set	0
i18n.words_matrix	paraNdataMatrix[307][4]	set	0
i18n.words_matrix	paraNdataMatrix[307][5]	set	0
i18n.words_matrix	paraNdataMatrix[308]	tuple	3
i18n.words_matrix	paraNdataMatrix[308][0]	ref	i18n.words_context:ParametersMain.bedeutung
i18n.words_matrix	paraNdataMatrix[308][1]	tuple	3
i18n.words_matrix	paraNdataMatrix[308][1][0]	str	Konjunktiv_Wurzelbildung
i18n.words_matrix	paraNdataMatrix[308][1][1]	str	konjunktiv
i18n.words_matrix	paraNdataMatrix[308][1][2]	str	wurzel
i18n.words_matrix	paraNdataMatrix[308][2]	set	1
i18n.words_matrix	paraNdataMatrix[308][2][0]	int	106
i18n.words_matrix	paraNdataMatrix[309]	tuple	3
i18n.words_matrix	paraNdataMatrix[309][0]	ref	i18n.words_context:ParametersMain.bedeutung
i18n.words_matrix	paraNdataMatrix[309][1]	tuple	7
i18n.words_matrix	paraNdataMatrix[309][1][0]	str	Mechanismen_der_Züchtung
i18n.words_matrix	paraNdataMatrix[309][1][1]	str	mechanismen
i18n.words_matrix	paraNdataMatrix[309][1][2]	str	wesen
i18n.words_matrix	paraNdataMatrix[309][1][3]	str	zuechtung
i18n.words_matrix	paraNdataMatrix[309][1][4]	str	züchtung
i18n.words_matrix	paraNdataMatrix[309][1][5]	str	züchten
i18n.words_matrix	paraNdataMatrix[309][1][6]	str	zuechten
i18n.words_matrix	paraNdataMatrix[309][2]	set	3
i18n.words_matrix	paraNdataMatrix[309][2][0]	int	107
i18n.words_matrix	paraNdataMatrix[309][2][1]	int	108
i18n.words_matrix	paraNdataMatrix[309][2][2]	int	109
i18n.words_matrix	paraNdataMatrix[310]	tuple	9
i18n.words_matrix	paraNdataMatrix[310][0]	ref	i18n.words_context:ParametersMain.gebrochengalaxie
i18n.words_matrix	paraNdataMatrix[310][1]	set	22
i18n.words_matrix	paraNdataMatrix[310][1][0]	str	10
i18n.words_matrix	paraNdataMatrix[310][1][1]	str	11
i18n.words_matrix	paraNdataMatrix[310][1][2]	str	12
i18n.words_matrix	paraNdataMatrix[310][1][3]	str	13
i18n.words_matrix	paraNdataMatrix[310][1][4]	str	14
i18n.words_matrix	paraNdataMatrix[310][1][5]	str	15
i18n.words_matrix	paraNdataMatrix[310][1][6]	str	16
i18n.words_matrix	paraNdataMatrix[310][1][7]	str	17
i18n.words_matrix	paraNdataMatrix[310][1][8]	str	18
i18n.words_matrix	paraNdataMatrix[310][1][9]	str	19
i18n.words_matrix	paraNdataMatrix[310][1][10]	str	2
i18n.words_matrix	paraNdataMatrix[310][1][11]	str	20
i18n.words_matrix	paraNdataMatrix[310][1][12]	str	21
i18n.words_matrix	paraNdataMatrix[310][1][13]	str	22
i18n.words_matrix	paraNdataMatrix[310][1][14]	str	23
i18n.words_matrix	paraNdataMatrix[310][1][15]	str	3
i18n.words_matrix	paraNdataMatrix[310][1][16]	str	4
i18n.words_matrix	paraNdataMatrix[310][1][17]	str	5
i18n.words_matrix	paraNdataMatrix[310][1][18]	str	6
i18n.words_matrix	paraNdataMatrix[310][1][19]	str	7
i18n.words_matrix	paraNdataMatrix[310][1][20]	str	8
i18n.words_matrix	paraNdataMatrix[310][1][21]	str	9
i18n.words_matrix	paraNdataMatrix[310][2]	set	0
i18n.words_matrix	paraNdataMatrix[310][3]	set	0
i18n.words_matrix	paraNdataMatrix[310][4]	set	0
i18n.words_matrix	paraNdataMatrix[310][5]	set	0
i18n.words_matrix	paraNdataMatrix[310][6]	set	0
i18n.words_matrix	paraNdataMatrix[310][7]	set	0
i18n.words_matrix	paraNdataMatrix[310][8]	set	22
i18n.words_matrix	paraNdataMatrix[310][8][0]	str	10
i18n.words_matrix	paraNdataMatrix[310][8][1]	str	11
i18n.words_matrix	paraNdataMatrix[310][8][2]	str	12
i18n.words_matrix	paraNdataMatrix[310][8][3]	str	13
i18n.words_matrix	paraNdataMatrix[310][8][4]	str	14
i18n.words_matrix	paraNdataMatrix[310][8][5]	str	15
i18n.words_matrix	paraNdataMatrix[310][8][6]	str	16
i18n.words_matrix	paraNdataMatrix[310][8][7]	str	17
i18n.words_matrix	paraNdataMatrix[310][8][8]	str	18
i18n.words_matrix	paraNdataMatrix[310][8][9]	str	19
i18n.words_matrix	paraNdataMatrix[310][8][10]	str	2
i18n.words_matrix	paraNdataMatrix[310][8][11]	str	20
i18n.words_matrix	paraNdataMatrix[310][8][12]	str	21
i18n.words_matrix	paraNdataMatrix[310][8][13]	str	22
i18n.words_matrix	paraNdataMatrix[310][8][14]	str	23
i18n.words_matrix	paraNdataMatrix[310][8][15]	str	3
i18n.words_matrix	paraNdataMatrix[310][8][16]	str	4
i18n.words_matrix	paraNdataMatrix[310][8][17]	str	5
i18n.words_matrix	paraNdataMatrix[310][8][18]	str	6
i18n.words_matrix	paraNdataMatrix[310][8][19]	str	7
i18n.words_matrix	paraNdataMatrix[310][8][20]	str	8
i18n.words_matrix	paraNdataMatrix[310][8][21]	str	9
i18n.words_matrix	paraNdataMatrix[311]	tuple	8
i18n.words_matrix	paraNdataMatrix[311][0]	ref	i18n.words_context:ParametersMain.gebrochenuniversum
i18n.words_matrix	paraNdataMatrix[311][1]	set	22
i18n.words_matrix	paraNdataMatrix[311][1][0]	str	10
i18n.words_matrix	paraNdataMatrix[311][1][1]	str	11
i18n.words_matrix	paraNdataMatrix[311][1][2]	str	12
i18n.words_matrix	paraNdataMatrix[311][1][3]	str	13
i18n.words_matrix	paraNdataMatrix[311][1][4]	str	14
i18n.words_matrix	paraNdataMatrix[311][1][5]	str	15
i18n.words_matrix	paraNdataMatrix[311][1][6]	str	16
i18n.words_matrix	paraNdataMatrix[311][1][7]	str	17
i18n.words_matrix	paraNdataMatrix[311][1][8]	str	18
i18n.words_matrix	paraNdataMatrix[311][1][9]	str	19
i18n.words_matrix	paraNdataMatrix[311][1][10]	str	2
i18n.words_matrix	paraNdataMatrix[311][1][11]	str	20
i18n.words_matrix	paraNdataMatrix[311][1][12]	str	21
i18n.words_matrix	paraNdataMatrix[311][1][13]	str	22
i18n.words_matrix	paraNdataMatrix[311][1][14]	str	23
i18n.words_matrix	paraNdataMatrix[311][1][15]	str	3
i18n.words_matrix	paraNdataMatrix[311][1][16]	str	4
i18n.words_matrix	paraNdataMatrix[311][1][17]	str	5
i18n.words_matrix	paraNdataMatrix[311][1][18]	str	6
i18n.words_matrix	paraNdataMatrix[311][1][19]	str	7
i18n.words_matrix	paraNdataMatrix[311][1][20]	str	8
i18n.words_matrix	paraNdataMatrix[311][1][21]	str	9
i18n.words_matrix	paraNdataMatrix[311][2]	set	0
i18n.words_matrix	paraNdataMatrix[311][3]	set	0
i18n.words_matrix	paraNdataMatrix[311][4]	set	0
i18n.words_matrix	paraNdataMatrix[311][5]	set	0
i18n.words_matrix	paraNdataMatrix[311][6]	set	0
i18n.words_matrix	paraNdataMatrix[311][7]	set	22
i18n.words_matrix	paraNdataMatrix[311][7][0]	str	10
i18n.words_matrix	paraNdataMatrix[311][7][1]	str	11
i18n.words_matrix	paraNdataMatrix[311][7][2]	str	12
i18n.words_matrix	paraNdataMatrix[311][7][3]	str	13
i18n.words_matrix	paraNdataMatrix[311][7][4]	str	14
i18n.words_matrix	paraNdataMatrix[311][7][5]	str	15
i18n.words_matrix	paraNdataMatrix[311][7][6]	str	16
i18n.words_matrix	paraNdataMatrix[311][7][7]	str	17
i18n.words_matrix	paraNdataMatrix[311][7][8]	str	18
i18n.words_matrix	paraNdataMatrix[311][7][9]	str	19
i18n.words_matrix	paraNdataMatrix[311][7][10]	str	2
i18n.words_matrix	paraNdataMatrix[311][7][11]	str	20
i18n.words_matrix	paraNdataMatrix[311][7][12]	str	21
i18n.words_matrix	paraNdataMatrix[311][7][13]	str	22
i18n.words_matrix	paraNdataMatrix[311][7][14]	str	23
i18n.words_matrix	paraNdataMatrix[311][7][15]	str	3
i18n.words_matrix	paraNdataMatrix[311][7][16]	str	4
i18n.words_matrix	paraNdataMatrix[311][7][17]	str	5
i18n.words_matrix	paraNdataMatrix[311][7][18]	str	6
i18n.words_matrix	paraNdataMatrix[311][7][19]	str	7
i18n.words_matrix	paraNdataMatrix[311][7][20]	str	8
i18n.words_matrix	paraNdataMatrix[311][7][21]	str	9
i18n.words_matrix	paraNdataMatrix[312]	tuple	12
i18n.words_matrix	paraNdataMatrix[312][0]	ref	i18n.words_context:ParametersMain.gebrochenemotion
i18n.words_matrix	paraNdataMatrix[312][1]	set	22
i18n.words_matrix	paraNdataMatrix[312][1][0]	str	10
i18n.words_matrix	paraNdataMatrix[312][1][1]	str	11
i18n.words_matrix	paraNdataMatrix[312][1][2]	str	12
i18n.words_matrix	paraNdataMatrix[312][1][3]	str	13
i18n.words_matrix	paraNdataMatrix[312][1][4]	str	14
i18n.words_matrix	paraNdataMatrix[312][1][5]	str	15
i18n.words_matrix	paraNdataMatrix[312][1][6]	str	16
i18n.words_matrix	paraNdataMatrix[312][1][7]	str	17
i18n.words_matrix	paraNdataMatrix[312][1][8]	str	18
i18n.words_matrix	paraNdataMatrix[312][1][9]	str	19
i18n.words_matrix	paraNdataMatrix[312][1][10]	str	2
i18n.words_matrix	paraNdataMatrix[312][1][11]	str	20
i18n.words_matrix	paraNdataMatrix[312][1][12]	str	21
i18n.words_matrix	paraNdataMatrix[312][1][13]	str	22
i18n.words_matrix	paraNdataMatrix[312][1][14]	str	23
i18n.words_matrix	paraNdataMatrix[312][1][15]	str	3
i18n.words_matrix	paraNdataMatrix[312][1][16]	str	4
i18n.words_matrix	paraNdataMatrix[312][1][17]	str	5
i18n.words_matrix	paraNdataMatrix[312][1][18]	str	6
i18n.words_matrix	paraNdataMatrix[312][1][19]	str	7
i18n.words_matrix	paraNdataMatrix[312][1][20]	str	8
i18n.words_matrix	paraNdataMatrix[312][1][21]	str	9
i18n.words_matrix	paraNdataMatrix[312][2]	set	0
i18n.words_matrix	paraNdataMatrix[312][3]	set	0
i18n.words_matrix	paraNdataMatrix[312][4]	set	0
i18n.words_matrix	paraNdataMatrix[312][5]	set	0
i18n.words_matrix	paraNdataMatrix[312][6]	set	0
i18n.words_matrix	paraNdataMatrix[312][7]	set	0
i18n.words_matrix	paraNdataMatrix[312][8]	set	0
i18n.words_matrix	paraNdataMatrix[312][9]	set	0
i18n.words_matrix	paraNdataMatrix[312][10]	set	0
i18n.words_matrix	paraNdataMatrix[312][11]	set	22
i18n.words_matrix	paraNdataMatrix[312][11][0]	str	10
i18n.words_matrix	paraNdataMatrix[312][11][1]	str	11
i18n.words_matrix	paraNdataMatrix[312][11][2]	str	12
i18n.words_matrix	paraNdataMatrix[312][11][3]	str	13
i18n.words_matrix	paraNdataMatrix[312][11][4]	str	14
i18n.words_matrix	paraNdataMatrix[312][11][5]	str	15
i18n.words_matrix	paraNdataMatrix[312][11][6]	str	16
i18n.words_matrix	paraNdataMatrix[312][11][7]	str	17
i18n.words_matrix	paraNdataMatrix[312][11][8]	str	18
i18n.words_matrix	paraNdataMatrix[312][11][9]	str	19
i18n.words_matrix	paraNdataMatrix[312][11][10]	str	2
i18n.words_matrix	paraNdataMatrix[312][11][11]	str	20
i18n.words_matrix	paraNdataMatrix[312][11][12]	str	21
i18n.words_matrix	paraNdataMatrix[312][11][13]	str	22
i18n.words_matrix	paraNdataMatrix[312][11][14]	str	23
i18n.words_matrix	paraNdataMatrix[312][11][15]	str	3
i18n.words_matrix	paraNdataMatrix[312][11][16]	str	4
i18n.words_matrix	paraNdataMatrix[312][11][17]	str	5
i18n.words_matrix	paraNdataMatrix[312][11][18]	str	6
i18n.words_matrix	paraNdataMatrix[312][11][19]	str	7
i18n.words_matrix	paraNdataMatrix[312][11][20]	str	8
i18n.words_matrix	paraNdataMatrix[312][11][21]	str	9
i18n.words_matrix	paraNdataMatrix[313]	tuple	13
i18n.words_matrix	paraNdataMatrix[313][0]	ref	i18n.words_context:ParametersMain.gebrochengroesse
i18n.words_matrix	paraNdataMatrix[313][1]	set	22
i18n.words_matrix	paraNdataMatrix[313][1][0]	str	10
i18n.words_matrix	paraNdataMatrix[313][1][1]	str	11
i18n.words_matrix	paraNdataMatrix[313][1][2]	str	12
i18n.words_matrix	paraNdataMatrix[313][1][3]	str	13
i18n.words_matrix	paraNdataMatrix[313][1][4]	str	14
i18n.words_matrix	paraNdataMatrix[313][1][5]	str	15
i18n.words_matrix	paraNdataMatrix[313][1][6]	str	16
i18n.words_matrix	paraNdataMatrix[313][1][7]	str	17
i18n.words_matrix	paraNdataMatrix[313][1][8]	str	18
i18n.words_matrix	paraNdataMatrix[313][1][9]	str	19
i18n.words_matrix	paraNdataMatrix[313][1][10]	str	2
i18n.words_matrix	paraNdataMatrix[313][1][11]	str	20
i18n.words_matrix	paraNdataMatrix[313][1][12]	str	21
i18n.words_matrix	paraNdataMatrix[313][1][13]	str	22
i18n.words_matrix	paraNdataMatrix[313][1][14]	str	23
i18n.words_matrix	paraNdataMatrix[313][1][15]	str	3
i18n.words_matrix	paraNdataMatrix[313][1][16]	str	4
i18n.words_matrix	paraNdataMatrix[313][1][17]	str	5
i18n.words_matrix	paraNdataMatrix[313][1][18]	str	6
i18n.words_matrix	paraNdataMatrix[313][1][19]	str	7
i18n.words_matrix	paraNdataMatrix[313][1][20]	str	8
i18n.words_matrix	paraNdataMatrix[313][1][21]	str	9
i18n.words_matrix	paraNdataMatrix[313][2]	set	0
i18n.words_matrix	paraNdataMatrix[313][3]	set	0
i18n.words_matrix	paraNdataMatrix[313][4]	set	0
i18n.words_matrix	paraNdataMatrix[313][5]	set	0
i18n.words_matrix	paraNdataMatrix[313][6]	set	0
i18n.words_matrix	paraNdataMatrix[313][7]	set	0
i18n.words_matrix	paraNdataMatrix[313][8]	set	0
i18n.words_matrix	paraNdataMatrix[313][9]	set	0
i18n.words_matrix	paraNdataMatrix[313][10]	set	0
i18n.words_matrix	paraNdataMatrix[313][11]	set	0
i18n.words_matrix	paraNdataMatrix[313][12]	set	22
i18n.words_matrix	paraNdataMatrix[313][12][0]	str	10
i18n.words_matrix	paraNdataMatrix[313][12][1]	str	11
i18n.words_matrix	paraNdataMatrix[313][12][2]	str	12
i18n.words_matrix	paraNdataMatrix[313][12][3]	str	13
i18n.words_matrix	paraNdataMatrix[313][12][4]	str	14
i18n.words_matrix	paraNdataMatrix[313][12][5]	str	15
i18n.words_matrix	paraNdataMatrix[313][12][6]	str	16
i18n.words_matrix	paraNdataMatrix[313][12][7]	str	17
i18n.words_matrix	paraNdataMatrix[313][12][8]	str	18
i18n.words_matrix	paraNdataMatrix[313][12][9]	str	19
i18n.words_matrix	paraNdataMatrix[313][12][10]	str	2
i18n.words_matrix	paraNdataMatrix[313][12][11]	str	20
i18n.words_matrix	paraNdataMatrix[313][12][12]	str	21
i18n.words_matrix	paraNdataMatrix[313][12][13]	str	22
i18n.words_matrix	paraNdataMatrix[313][12][14]	str	23
i18n.words_matrix	paraNdataMatrix[313][12][15]	str	3
i18n.words_matrix	paraNdataMatrix[313][12][16]	str	4
i18n.words_matrix	paraNdataMatrix[313][12][17]	str	5
i18n.words_matrix	paraNdataMatrix[313][12][18]	str	6
i18n.words_matrix	paraNdataMatrix[313][12][19]	str	7
i18n.words_matrix	paraNdataMatrix[313][12][20]	str	8
i18n.words_matrix	paraNdataMatrix[313][12][21]	str	9
i18n.words_matrix	paraNdataMatrix[314]	tuple	3
i18n.words_matrix	paraNdataMatrix[314][0]	ref	i18n.words_context:ParametersMain.symbole
i18n.words_matrix	paraNdataMatrix[314][1]	tuple	1
i18n.words_matrix	paraNdataMatrix[314][1][0]	str	Religionen
i18n.words_matrix	paraNdataMatrix[314][2]	set	2
i18n.words_matrix	paraNdataMatrix[314][2][0]	int	36
i18n.words_matrix	paraNdataMatrix[314][2][1]	int	37
i18n.words_matrix	paraNdataMatrix[315]	tuple	3
i18n.words_matrix	paraNdataMatrix[315][0]	ref	i18n.words_context:ParametersMain.symbole
i18n.words_matrix	paraNdataMatrix[315][1]	tuple	1
i18n.words_matrix	paraNdataMatrix[315][1][0]	str	Drei
i18n.words_matrix	paraNdataMatrix[315][2]	set	2
i18n.words_matrix	paraNdataMatrix[315][2][0]	int	452
i18n.words_matrix	paraNdataMatrix[315][2][1]	int	460
i18n.words_matrix	paraNdataMatrix[316]	tuple	3
i18n.words_matrix	paraNdataMatrix[316][0]	ref	i18n.words_context:ParametersMain.symbole
i18n.words_matrix	paraNdataMatrix[316][1]	tuple	1
i18n.words_matrix	paraNdataMatrix[316][1][0]	str	Vier
i18n.words_matrix	paraNdataMatrix[316][2]	set	1
i18n.words_matrix	paraNdataMatrix[316][2][0]	int	453
i18n.words_matrix	paraNdataMatrix[317]	tuple	3
i18n.words_matrix	paraNdataMatrix[317][0]	ref	i18n.words_context:ParametersMain.symbole
i18n.words_matrix	paraNdataMatrix[317][1]	tuple	2
i18n.words_matrix	paraNdataMatrix[317][1][0]	str	Fünf
i18n.words_matrix	paraNdataMatrix[317][1][1]	str	Fuenf
i18n.words_matrix	paraNdataMatrix[317][2]	set	1
i18n.words_matrix	paraNdataMatrix[317][2][0]	int	454
i18n.words_matrix	paraNdataMatrix[318]	tuple	3
i18n.words_matrix	paraNdataMatrix[318][0]	ref	i18n.words_context:ParametersMain.symbole
i18n.words_matrix	paraNdataMatrix[318][1]	tuple	1
i18n.words_matrix	paraNdataMatrix[318][1][0]	str	Sechs
i18n.words_matrix	paraNdataMatrix[318][2]	set	1
i18n.words_matrix	paraNdataMatrix[318][2][0]	int	457
i18n.words_matrix	paraNdataMatrix[319]	tuple	3
i18n.words_matrix	paraNdataMatrix[319][0]	ref	i18n.words_context:ParametersMain.symbole
i18n.words_matrix	paraNdataMatrix[319][1]	tuple	1
i18n.words_matrix	paraNdataMatrix[319][1][0]	str	Sieben
i18n.words_matrix	paraNdataMatrix[319][2]	set	1
i18n.words_matrix	paraNdataMatrix[319][2][0]	int	457
i18n.words_matrix	paraNdataMatrix[320]	tuple	3
i18n.words_matrix	paraNdataMatrix[320][0]	ref	i18n.words_context:ParametersMain.symbole
i18n.words_matrix	paraNdataMatrix[320][1]	tuple	1
i18n.words_matrix	paraNdataMatrix[320][1][0]	str	Acht
i18n.words_matrix	paraNdataMatrix[320][2]	set	1
i18n.words_matrix	paraNdataMatrix[320][2][0]	int	458
i18n.words_matrix	paraNdataMatrix[321]	tuple	3
i18n.words_matrix	paraNdataMatrix[321][0]	ref	i18n.words_context:ParametersMain.symbole
i18n.words_matrix	paraNdataMatrix[321][1]	tuple	1
i18n.words_matrix	paraNdataMatrix[321][1][0]	str	Neun
i18n.words_matrix	paraNdataMatrix[321][2]	set	1
i18n.words_matrix	paraNdataMatrix[321][2][0]	int	459
i18n.words_matrix	paraNdataMatrix[322]	tuple	3
i18n.words_matrix	paraNdataMatrix[322][0]	ref	i18n.words_context:ParametersMain.symbole
i18n.words_matrix	paraNdataMatrix[322][1]	tuple	1
i18n.words_matrix	paraNdataMatrix[322][1][0]	str	Zehn
i18n.words_matrix	paraNdataMatrix[322][2]	set	1
i18n.words_matrix	paraNdataMatrix[322][2][0]	int	456
i18n.words_matrix	paraNdataMatrix[323]	tuple	3
i18n.words_matrix	paraNdataMatrix[323][0]	ref	i18n.words_context:ParametersMain.symbole
i18n.words_matrix	paraNdataMatrix[323][1]	tuple	2
i18n.words_matrix	paraNdataMatrix[323][1][0]	str	Zwölf
i18n.words_matrix	paraNdataMatrix[323][1][1]	str	Zwoelf
i18n.words_matrix	paraNdataMatrix[323][2]	set	1
i18n.words_matrix	paraNdataMatrix[323][2][0]	int	456
i18n.words_matrix	paraNdataMatrix[324]	tuple	4
i18n.words_matrix	paraNdataMatrix[324][0]	ref	i18n.words_context:ParametersMain.konzept
i18n.words_matrix	paraNdataMatrix[324][1]	tuple	8
i18n.words_matrix	paraNdataMatrix[324][1][0]	str	Weisheit_etc
i18n.words_matrix	paraNdataMatrix[324][1][1]	str	weisheit
i18n.words_matrix	paraNdataMatrix[324][1][2]	str	metaweisheit
i18n.words_matrix	paraNdataMatrix[324][1][3]	str	meta-weisheit
i18n.words_matrix	paraNdataMatrix[324][1][4]	str	idiot
i18n.words_matrix	paraNdataMatrix[324][1][5]	str	weise
i18n.words_matrix	paraNdataMatrix[324][1][6]	str	optimal
i18n.words_matrix	paraNdataMatrix[324][1][7]	str	optimum
i18n.words_matrix	paraNdataMatrix[324][2]	set	1
i18n.words_matrix	paraNdataMatrix[324][2][0]	int	112
i18n.words_matrix	paraNdataMatrix[324][3]	set	1
i18n.words_matrix	paraNdataMatrix[324][3][0]	tuple	2
i18n.words_matrix	paraNdataMatrix[324][3][0][0]	int	40
i18n.words_matrix	paraNdataMatrix[324][3][0][1]	int	41
i18n.words_matrix	paraNdataMatrix[325]	tuple	4
i18n.words_matrix	paraNdataMatrix[325][0]	ref	i18n.words_context:ParametersMain.konzept
i18n.words_matrix	paraNdataMatrix[325][1]	tuple	4
i18n.words_matrix	paraNdataMatrix[325][1][0]	str	Dein_Recht_bekommen
i18n.words_matrix	paraNdataMatrix[325][1][1]	str	rechte
i18n.words_matrix	paraNdataMatrix[325][1][2]	str	recht
i18n.words_matrix	paraNdataMatrix[325][1][3]	str	selbstgerecht
i18n.words_matrix	paraNdataMatrix[325][2]	set	0
i18n.words_matrix	paraNdataMatrix[325][3]	set	1
i18n.words_matrix	paraNdataMatrix[325][3][0]	tuple	2
i18n.words_matrix	paraNdataMatrix[325][3][0][0]	int	291
i18n.words_matrix	paraNdataMatrix[325][3][0][1]	int	292
i18n.words_matrix	paraNdataMatrix[326]	tuple	4
i18n.words_matrix	paraNdataMatrix[326][0]	ref	i18n.words_context:ParametersMain.konzept
i18n.words_matrix	paraNdataMatrix[326][1]	tuple	3
i18n.words_matrix	paraNdataMatrix[326][1][0]	str	unterlegen_überlegen
i18n.words_matrix	paraNdataMatrix[326][1][1]	str	unterlegen
i18n.words_matrix	paraNdataMatrix[326][1][2]	str	ueberlegen
i18n.words_matrix	paraNdataMatrix[326][2]	set	0
i18n.words_matrix	paraNdataMatrix[326][3]	set	1
i18n.words_matrix	paraNdataMatrix[326][3][0]	tuple	2
i18n.words_matrix	paraNdataMatrix[326][3][0][0]	int	380
i18n.words_matrix	paraNdataMatrix[326][3][0][1]	int	381
i18n.words_matrix	paraNdataMatrix[327]	tuple	4
i18n.words_matrix	paraNdataMatrix[327][0]	ref	i18n.words_context:ParametersMain.konzept
i18n.words_matrix	paraNdataMatrix[327][1]	tuple	3
i18n.words_matrix	paraNdataMatrix[327][1][0]	str	Ehrlichkeit_und_Streit
i18n.words_matrix	paraNdataMatrix[327][1][1]	str	streit
i18n.words_matrix	paraNdataMatrix[327][1][2]	str	ehrlichkeit
i18n.words_matrix	paraNdataMatrix[327][2]	set	0
i18n.words_matrix	paraNdataMatrix[327][3]	set	1
i18n.words_matrix	paraNdataMatrix[327][3][0]	tuple	2
i18n.words_matrix	paraNdataMatrix[327][3][0][0]	int	375
i18n.words_matrix	paraNdataMatrix[327][3][0][1]	int	376
i18n.words_matrix	paraNdataMatrix[328]	tuple	4
i18n.words_matrix	paraNdataMatrix[328][0]	ref	i18n.words_context:ParametersMain.konzept2
i18n.words_matrix	paraNdataMatrix[328][1]	tuple	3
i18n.words_matrix	paraNdataMatrix[328][1][0]	str	Würdig
i18n.words_matrix	paraNdataMatrix[328][1][1]	str	wuerdig
i18n.words_matrix	paraNdataMatrix[328][1][2]	str	würdig
i18n.words_matrix	paraNdataMatrix[328][2]	set	0
i18n.words_matrix	paraNdataMatrix[328][3]	set	1
i18n.words_matrix	paraNdataMatrix[328][3][0]	tuple	2
i18n.words_matrix	paraNdataMatrix[328][3][0][0]	int	373
i18n.words_matrix	paraNdataMatrix[328][3][0][1]	int	374
i18n.words_matrix	paraNdataMatrix[329]	tuple	4
i18n.words_matrix	paraNdataMatrix[329][0]	ref	i18n.words_context:ParametersMain.konzept2
i18n.words_matrix	paraNdataMatrix[329][1]	tuple	3
i18n.words_matrix	paraNdataMatrix[329][1][0]	str	Regel_vs_Ausnahme
i18n.words_matrix	paraNdataMatrix[329][1][1]	str	regel
i18n.words_matrix	paraNdataMatrix[329][1][2]	str	ausnahme
i18n.words_matrix	paraNdataMatrix[329][2]	set	0
i18n.words_matrix	paraNdataMatrix[329][3]	set	1
i18n.words_matrix	paraNdataMatrix[329][3][0]	tuple	2
i18n.words_matrix	paraNdataMatrix[329][3][0][0]	int	371
i18n.words_matrix	paraNdataMatrix[329][3][0][1]	int	372
i18n.words_matrix	paraNdataMatrix[330]	tuple	3
i18n.words_matrix	paraNdataMatrix[330][0]	ref	i18n.words_context:ParametersMain.konzept2
i18n.words_matrix	paraNdataMatrix[330][1]	tuple	3
i18n.words_matrix	paraNdataMatrix[330][1][0]	str	Filterart_Widrigkeit
i18n.words_matrix	paraNdataMatrix[330][1][1]	str	filterart
i18n.words_matrix	paraNdataMatrix[330][1][2]	str	widrigkeit
i18n.words_matrix	paraNdataMatrix[330][2]	set	2
i18n.words_matrix	paraNdataMatrix[330][2][0]	int	331
i18n.words_matrix	paraNdataMatrix[330][2][1]	int	335
i18n.words_matrix	paraNdataMatrix[331]	tuple	4
i18n.words_matrix	paraNdataMatrix[331][0]	ref	i18n.words_context:ParametersMain.konzept2
i18n.words_matrix	paraNdataMatrix[331][1]	tuple	2
i18n.words_matrix	paraNdataMatrix[331][1][0]	str	Werte
i18n.words_matrix	paraNdataMatrix[331][1][1]	str	werte
i18n.words_matrix	paraNdataMatrix[331][2]	set	0
i18n.words_matrix	paraNdataMatrix[331][3]	set	1
i18n.words_matrix	paraNdataMatrix[331][3][0]	tuple	2
i18n.words_matrix	paraNdataMatrix[331][3][0][0]	int	360
i18n.words_matrix	paraNdataMatrix[331][3][0][1]	int	361
i18n.words_matrix	paraNdataMatrix[332]	tuple	4
i18n.words_matrix	paraNdataMatrix[332][0]	ref	i18n.words_context:ParametersMain.konzept2
i18n.words_matrix	paraNdataMatrix[332][1]	tuple	3
i18n.words_matrix	paraNdataMatrix[332][1][0]	str	Gutartigkeits-Egoismus
i18n.words_matrix	paraNdataMatrix[332][1][1]	str	position
i18n.words_matrix	paraNdataMatrix[332][1][2]	str	gutesreziprok
i18n.words_matrix	paraNdataMatrix[332][2]	set	0
i18n.words_matrix	paraNdataMatrix[332][3]	set	1
i18n.words_matrix	paraNdataMatrix[332][3][0]	tuple	2
i18n.words_matrix	paraNdataMatrix[332][3][0][0]	int	362
i18n.words_matrix	paraNdataMatrix[332][3][0][1]	int	363
i18n.words_matrix	paraNdataMatrix[333]	tuple	4
i18n.words_matrix	paraNdataMatrix[333][0]	ref	i18n.words_context:ParametersMain.konzept2
i18n.words_matrix	paraNdataMatrix[333][1]	tuple	3
i18n.words_matrix	paraNdataMatrix[333][1][0]	str	Reflektieren_Erkenntnis-Erkennen
i18n.words_matrix	paraNdataMatrix[333][1][1]	str	reflektieren
i18n.words_matrix	paraNdataMatrix[333][1][2]	str	erkenntnis
i18n.words_matrix	paraNdataMatrix[333][2]	set	0
i18n.words_matrix	paraNdataMatrix[333][3]	set	1
i18n.words_matrix	paraNdataMatrix[333][3][0]	tuple	2
i18n.words_matrix	paraNdataMatrix[333][3][0][0]	int	364
i18n.words_matrix	paraNdataMatrix[333][3][0][1]	int	365
i18n.words_matrix	paraNdataMatrix[334]	tuple	4
i18n.words_matrix	paraNdataMatrix[334][0]	ref	i18n.words_context:ParametersMain.konzept2
i18n.words_matrix	paraNdataMatrix[334][1]	tuple	2
i18n.words_matrix	paraNdataMatrix[334][1][0]	str	Vertrauen_wollen
i18n.words_matrix	paraNdataMatrix[334][1][1]	str	vertrauenwollen
i18n.words_matrix	paraNdataMatrix[334][2]	set	0
i18n.words_matrix	paraNdataMatrix[334][3]	set	1
i18n.words_matrix	paraNdataMatrix[334][3][0]	tuple	2
i18n.words_matrix	paraNdataMatrix[334][3][0][0]	int	366
i18n.words_matrix	paraNdataMatrix[334][3][0][1]	int	367
i18n.words_matrix	paraNdataMatrix[335]	tuple	4
i18n.words_matrix	paraNdataMatrix[335][0]	ref	i18n.words_context:ParametersMain.konzept
i18n.words_matrix	paraNdataMatrix[335][1]	tuple	4
i18n.words_matrix	paraNdataMatrix[335][1][0]	str	einklinken_vertrauen_anprangern
i18n.words_matrix	paraNdataMatrix[335][1][1]	str	einklinken
i18n.words_matrix	paraNdataMatrix[335][1][2]	str	vertrauenerhalten
i18n.words_matrix	paraNdataMatrix[335][1][3]	str	anprangern
i18n.words_matrix	paraNdataMatrix[335][2]	set	0
i18n.words_matrix	paraNdataMatrix[335][3]	set	1
i18n.words_matrix	paraNdataMatrix[335][3][0]	tuple	2
i18n.words_matrix	paraNdataMatrix[335][3][0][0]	int	368
i18n.words_matrix	paraNdataMatrix[335][3][0][1]	int	369
i18n.words_matrix	paraNdataMatrix[336]	tuple	4
i18n.words_matrix	paraNdataMatrix[336][0]	ref	i18n.words_context:ParametersMain.konzept2
i18n.words_matrix	paraNdataMatrix[336][1]	tuple	3
i18n.words_matrix	paraNdataMatrix[336][1][0]	str	Ausrichten_Einrichten
i18n.words_matrix	paraNdataMatrix[336][1][1]	str	einrichten
i18n.words_matrix	paraNdataMatrix[336][1][2]	str	ausrichten
i18n.words_matrix	paraNdataMatrix[336][2]	set	0
i18n.words_matrix	paraNdataMatrix[336][3]	set	1
i18n.words_matrix	paraNdataMatrix[336][3][0]	tuple	2
i18n.words_matrix	paraNdataMatrix[336][3][0][0]	int	358
i18n.words_matrix	paraNdataMatrix[336][3][0][1]	int	359
i18n.words_matrix	paraNdataMatrix[337]	tuple	4
i18n.words_matrix	paraNdataMatrix[337][0]	ref	i18n.words_context:ParametersMain.konzept2
i18n.words_matrix	paraNdataMatrix[337][1]	tuple	5
i18n.words_matrix	paraNdataMatrix[337][1][0]	str	Toleranz_Respekt_Akzeptanz_Willkommen
i18n.words_matrix	paraNdataMatrix[337][1][1]	str	toleranz
i18n.words_matrix	paraNdataMatrix[337][1][2]	str	respekt
i18n.words_matrix	paraNdataMatrix[337][1][3]	str	akzeptanz
i18n.words_matrix	paraNdataMatrix[337][1][4]	str	willkommen
i18n.words_matrix	paraNdataMatrix[337][2]	set	0
i18n.words_matrix	paraNdataMatrix[337][3]	set	1
i18n.words_matrix	paraNdataMatrix[337][3][0]	tuple	2
i18n.words_matrix	paraNdataMatrix[337][3][0][0]	int	62
i18n.words_matrix	paraNdataMatrix[337][3][0][1]	int	63
i18n.words_matrix	paraNdataMatrix[338]	tuple	4
i18n.words_matrix	paraNdataMatrix[338][0]	ref	i18n.words_context:ParametersMain.konzept
i18n.words_matrix	paraNdataMatrix[338][1]	tuple	1
i18n.words_matrix	paraNdataMatrix[338][1][0]	str	familiebrauchen
i18n.words_matrix	paraNdataMatrix[338][2]	set	0
i18n.words_matrix	paraNdataMatrix[338][3]	set	1
i18n.words_matrix	paraNdataMatrix[338][3][0]	tuple	2
i18n.words_matrix	paraNdataMatrix[338][3][0][0]	int	279
i18n.words_matrix	paraNdataMatrix[338][3][0][1]	int	280
i18n.words_matrix	paraNdataMatrix[339]	tuple	4
i18n.words_matrix	paraNdataMatrix[339][0]	ref	i18n.words_context:ParametersMain.konzept
i18n.words_matrix	paraNdataMatrix[339][1]	tuple	2
i18n.words_matrix	paraNdataMatrix[339][1][0]	str	ego
i18n.words_matrix	paraNdataMatrix[339][1][1]	str	bescheiden
i18n.words_matrix	paraNdataMatrix[339][2]	set	0
i18n.words_matrix	paraNdataMatrix[339][3]	set	1
i18n.words_matrix	paraNdataMatrix[339][3][0]	tuple	2
i18n.words_matrix	paraNdataMatrix[339][3][0][0]	int	277
i18n.words_matrix	paraNdataMatrix[339][3][0][1]	int	278
i18n.words_matrix	paraNdataMatrix[340]	tuple	4
i18n.words_matrix	paraNdataMatrix[340][0]	ref	i18n.words_context:ParametersMain.konzept
i18n.words_matrix	paraNdataMatrix[340][1]	tuple	3
i18n.words_matrix	paraNdataMatrix[340][1][0]	str	Selbstsucht_Ichsucht_etc
i18n.words_matrix	paraNdataMatrix[340][1][1]	str	selbstsucht
i18n.words_matrix	paraNdataMatrix[340][1][2]	str	ichsucht
i18n.words_matrix	paraNdataMatrix[340][2]	set	0
i18n.words_matrix	paraNdataMatrix[340][3]	set	1
i18n.words_matrix	paraNdataMatrix[340][3][0]	tuple	2
i18n.words_matrix	paraNdataMatrix[340][3][0][0]	int	274
i18n.words_matrix	paraNdataMatrix[340][3][0][1]	int	275
i18n.words_matrix	paraNdataMatrix[341]	tuple	4
i18n.words_matrix	paraNdataMatrix[341][0]	ref	i18n.words_context:ParametersMain.konzept
i18n.words_matrix	paraNdataMatrix[341][1]	tuple	5
i18n.words_matrix	paraNdataMatrix[341][1][0]	str	Forschen_Erfinden_Einklinken
i18n.words_matrix	paraNdataMatrix[341][1][1]	str	wissenschaft
i18n.words_matrix	paraNdataMatrix[341][1][2]	str	forschen
i18n.words_matrix	paraNdataMatrix[341][1][3]	str	einklinken
i18n.words_matrix	paraNdataMatrix[341][1][4]	str	erfinden
i18n.words_matrix	paraNdataMatrix[341][2]	set	0
i18n.words_matrix	paraNdataMatrix[341][3]	set	1
i18n.words_matrix	paraNdataMatrix[341][3][0]	tuple	2
i18n.words_matrix	paraNdataMatrix[341][3][0][0]	int	258
i18n.words_matrix	paraNdataMatrix[341][3][0][1]	int	259
i18n.words_matrix	paraNdataMatrix[342]	tuple	4
i18n.words_matrix	paraNdataMatrix[342][0]	ref	i18n.words_context:ParametersMain.konzept
i18n.words_matrix	paraNdataMatrix[342][1]	tuple	4
i18n.words_matrix	paraNdataMatrix[342][1][0]	str	Kooperation_vs_Arsch
i18n.words_matrix	paraNdataMatrix[342][1][1]	str	arschloch
i18n.words_matrix	paraNdataMatrix[342][1][2]	str	kooperation
i18n.words_matrix	paraNdataMatrix[342][1][3]	str	arsch
i18n.words_matrix	paraNdataMatrix[342][2]	set	0
i18n.words_matrix	paraNdataMatrix[342][3]	set	1
i18n.words_matrix	paraNdataMatrix[342][3][0]	tuple	2
i18n.words_matrix	paraNdataMatrix[342][3][0][0]	int	245
i18n.words_matrix	paraNdataMatrix[342][3][0][1]	int	246
i18n.words_matrix	paraNdataMatrix[343]	tuple	4
i18n.words_matrix	paraNdataMatrix[343][0]	ref	i18n.words_context:ParametersMain.konzept
i18n.words_matrix	paraNdataMatrix[343][1]	tuple	3
i18n.words_matrix	paraNdataMatrix[343][1][0]	str	Liebe_usw
i18n.words_matrix	paraNdataMatrix[343][1][1]	str	liebe
i18n.words_matrix	paraNdataMatrix[343][1][2]	str	zuneigung
i18n.words_matrix	paraNdataMatrix[343][2]	set	0
i18n.words_matrix	paraNdataMatrix[343][3]	set	1
i18n.words_matrix	paraNdataMatrix[343][3][0]	tuple	2
i18n.words_matrix	paraNdataMatrix[343][3][0][0]	int	247
i18n.words_matrix	paraNdataMatrix[343][3][0][1]	int	248
i18n.words_matrix	paraNdataMatrix[344]	tuple	4
i18n.words_matrix	paraNdataMatrix[344][0]	ref	i18n.words_context:ParametersMain.konzept
i18n.words_matrix	paraNdataMatrix[344][1]	tuple	3
i18n.words_matrix	paraNdataMatrix[344][1][0]	str	Selbstlosigkeit_Ichlosigkeit_etc
i18n.words_matrix	paraNdataMatrix[344][1][1]	str	selbstlos
i18n.words_matrix	paraNdataMatrix[344][1][2]	str	ichlos
i18n.words_matrix	paraNdataMatrix[344][2]	set	0
i18n.words_matrix	paraNdataMatrix[344][3]	set	1
i18n.words_matrix	paraNdataMatrix[344][3][0]	tuple	2
i18n.words_matrix	paraNdataMatrix[344][3][0][0]	int	238
i18n.words_matrix	paraNdataMatrix[344][3][0][1]	int	239
i18n.words_matrix	paraNdataMatrix[345]	tuple	4
i18n.words_matrix	paraNdataMatrix[345][0]	ref	i18n.words_context:ParametersMain.konzept
i18n.words_matrix	paraNdataMatrix[345][1]	tuple	4
i18n.words_matrix	paraNdataMatrix[345][1][0]	str	variationsreich_eintönig
i18n.words_matrix	paraNdataMatrix[345][1][1]	str	eintönig
i18n.words_matrix	paraNdataMatrix[345][1][2]	str	eintoenig
i18n.words_matrix	paraNdataMatrix[345][1][3]	str	variationsreich
i18n.words_matrix	paraNdataMatrix[345][2]	set	0
i18n.words_matrix	paraNdataMatrix[345][3]	set	1
i18n.words_matrix	paraNdataMatrix[345][3][0]	tuple	2
i18n.words_matrix	paraNdataMatrix[345][3][0][0]	int	236
i18n.words_matrix	paraNdataMatrix[345][3][0][1]	int	237
i18n.words_matrix	paraNdataMatrix[346]	tuple	4
i18n.words_matrix	paraNdataMatrix[346][0]	ref	i18n.words_context:ParametersMain.konzept
i18n.words_matrix	paraNdataMatrix[346][1]	tuple	5
i18n.words_matrix	paraNdataMatrix[346][1][0]	str	Zuneigung_Abneigung
i18n.words_matrix	paraNdataMatrix[346][1][1]	str	abgeneigt
i18n.words_matrix	paraNdataMatrix[346][1][2]	str	zugewandt
i18n.words_matrix	paraNdataMatrix[346][1][3]	str	reserviert
i18n.words_matrix	paraNdataMatrix[346][1][4]	str	zugeneigt
i18n.words_matrix	paraNdataMatrix[346][2]	set	0
i18n.words_matrix	paraNdataMatrix[346][3]	set	1
i18n.words_matrix	paraNdataMatrix[346][3][0]	tuple	2
i18n.words_matrix	paraNdataMatrix[346][3][0][0]	int	199
i18n.words_matrix	paraNdataMatrix[346][3][0][1]	int	200
i18n.words_matrix	paraNdataMatrix[347]	tuple	4
i18n.words_matrix	paraNdataMatrix[347][0]	ref	i18n.words_context:ParametersMain.menschliches
i18n.words_matrix	paraNdataMatrix[347][1]	tuple	4
i18n.words_matrix	paraNdataMatrix[347][1][0]	str	ehrlich_vs_höflich
i18n.words_matrix	paraNdataMatrix[347][1][1]	str	ehrlich
i18n.words_matrix	paraNdataMatrix[347][1][2]	str	höflich
i18n.words_matrix	paraNdataMatrix[347][1][3]	str	hoeflich
i18n.words_matrix	paraNdataMatrix[347][2]	set	0
i18n.words_matrix	paraNdataMatrix[347][3]	set	1
i18n.words_matrix	paraNdataMatrix[347][3][0]	tuple	2
i18n.words_matrix	paraNdataMatrix[347][3][0][0]	int	224
i18n.words_matrix	paraNdataMatrix[347][3][0][1]	int	225
i18n.words_matrix	paraNdataMatrix[348]	tuple	4
i18n.words_matrix	paraNdataMatrix[348][0]	ref	i18n.words_context:ParametersMain.konzept
i18n.words_matrix	paraNdataMatrix[348][1]	tuple	4
i18n.words_matrix	paraNdataMatrix[348][1][0]	str	ehrlich_vs_höflich
i18n.words_matrix	paraNdataMatrix[348][1][1]	str	ehrlich
i18n.words_matrix	paraNdataMatrix[348][1][2]	str	höflich
i18n.words_matrix	paraNdataMatrix[348][1][3]	str	hoeflich
i18n.words_matrix	paraNdataMatrix[348][2]	set	0
i18n.words_matrix	paraNdataMatrix[348][3]	set	1
i18n.words_matrix	paraNdataMatrix[348][3][0]	ref	i18n.words_matrix:paraNdataMatrix[347][3][0]
i18n.words_matrix	paraNdataMatrix[349]	tuple	4
i18n.words_matrix	paraNdataMatrix[349][0]	ref	i18n.words_context:ParametersMain.konzept
i18n.words_matrix	paraNdataMatrix[349][1]	tuple	2
i18n.words_matrix	paraNdataMatrix[349][1][0]	str	Tragweite
i18n.words_matrix	paraNdataMatrix[349][1][1]	str	tragweite
i18n.words_matrix	paraNdataMatrix[349][2]	set	0
i18n.words_matrix	paraNdataMatrix[349][3]	set	1
i18n.words_matrix	paraNdataMatrix[349][3][0]	tuple	2
i18n.words_matrix	paraNdataMatrix[349][3][0][0]	int	211
i18n.words_matrix	paraNdataMatrix[349][3][0][1]	int	212
i18n.words_matrix	paraNdataMatrix[350]	tuple	4
i18n.words_matrix	paraNdataMatrix[350][0]	ref	i18n.words_context:ParametersMain.konzept
i18n.words_matrix	paraNdataMatrix[350][1]	tuple	2
i18n.words_matrix	paraNdataMatrix[350][1][0]	str	wertvoll
i18n.words_matrix	paraNdataMatrix[350][1][1]	str	wertlos
i18n.words_matrix	paraNdataMatrix[350][2]	set	0
i18n.words_matrix	paraNdataMatrix[350][3]	set	1
i18n.words_matrix	paraNdataMatrix[350][3][0]	tuple	2
i18n.words_matrix	paraNdataMatrix[350][3][0][0]	int	186
i18n.words_matrix	paraNdataMatrix[350][3][0][1]	int	187
i18n.words_matrix	paraNdataMatrix[351]	tuple	4
i18n.words_matrix	paraNdataMatrix[351][0]	ref	i18n.words_context:ParametersMain.konzept
i18n.words_matrix	paraNdataMatrix[351][1]	tuple	5
i18n.words_matrix	paraNdataMatrix[351][1][0]	str	Götter_Propheten_Familien_Freunde
i18n.words_matrix	paraNdataMatrix[351][1][1]	str	familiaer
i18n.words_matrix	paraNdataMatrix[351][1][2]	str	goettlich
i18n.words_matrix	paraNdataMatrix[351][1][3]	str	freunde
i18n.words_matrix	paraNdataMatrix[351][1][4]	str	propheten
i18n.words_matrix	paraNdataMatrix[351][2]	set	0
i18n.words_matrix	paraNdataMatrix[351][3]	set	1
i18n.words_matrix	paraNdataMatrix[351][3][0]	tuple	2
i18n.words_matrix	paraNdataMatrix[351][3][0][0]	int	184
i18n.words_matrix	paraNdataMatrix[351][3][0][1]	int	185
i18n.words_matrix	paraNdataMatrix[352]	tuple	4
i18n.words_matrix	paraNdataMatrix[352][0]	ref	i18n.words_context:ParametersMain.konzept
i18n.words_matrix	paraNdataMatrix[352][1]	tuple	3
i18n.words_matrix	paraNdataMatrix[352][1][0]	str	sanft_vs_hart
i18n.words_matrix	paraNdataMatrix[352][1][1]	str	sanft
i18n.words_matrix	paraNdataMatrix[352][1][2]	str	hart
i18n.words_matrix	paraNdataMatrix[352][2]	set	0
i18n.words_matrix	paraNdataMatrix[352][3]	set	2
i18n.words_matrix	paraNdataMatrix[352][3][0]	tuple	2
i18n.words_matrix	paraNdataMatrix[352][3][0][0]	int	159
i18n.words_matrix	paraNdataMatrix[352][3][0][1]	int	160
i18n.words_matrix	paraNdataMatrix[352][3][1]	tuple	2
i18n.words_matrix	paraNdataMatrix[352][3][1][0]	int	161
i18n.words_matrix	paraNdataMatrix[352][3][1][1]	int	162
i18n.words_matrix	paraNdataMatrix[353]	tuple	4
i18n.words_matrix	paraNdataMatrix[353][0]	ref	i18n.words_context:ParametersMain.konzept
i18n.words_matrix	paraNdataMatrix[353][1]	tuple	6
i18n.words_matrix	paraNdataMatrix[353][1][0]	str	vereinen_vs_verbinden
i18n.words_matrix	paraNdataMatrix[353][1][1]	str	vereinenverbinden
i18n.words_matrix	paraNdataMatrix[353][1][2]	str	vereinen
i18n.words_matrix	paraNdataMatrix[353][1][3]	str	verbinden
i18n.words_matrix	paraNdataMatrix[353][1][4]	str	einheit
i18n.words_matrix	paraNdataMatrix[353][1][5]	str	verbindung
i18n.words_matrix	paraNdataMatrix[353][2]	set	0
i18n.words_matrix	paraNdataMatrix[353][3]	set	1
i18n.words_matrix	paraNdataMatrix[353][3][0]	tuple	2
i18n.words_matrix	paraNdataMatrix[353][3][0][0]	int	133
i18n.words_matrix	paraNdataMatrix[353][3][0][1]	int	134
i18n.words_matrix	paraNdataMatrix[354]	tuple	3
i18n.words_matrix	paraNdataMatrix[354][0]	ref	i18n.words_context:ParametersMain.konzept
i18n.words_matrix	paraNdataMatrix[354][1]	tuple	2
i18n.words_matrix	paraNdataMatrix[354][1][0]	str	ähnlich
i18n.words_matrix	paraNdataMatrix[354][1][1]	str	aehnlich
i18n.words_matrix	paraNdataMatrix[354][2]	set	1
i18n.words_matrix	paraNdataMatrix[354][2][0]	int	220
i18n.words_matrix	paraNdataMatrix[355]	tuple	4
i18n.words_matrix	paraNdataMatrix[355][0]	ref	i18n.words_context:ParametersMain.konzept
i18n.words_matrix	paraNdataMatrix[355][1]	tuple	6
i18n.words_matrix	paraNdataMatrix[355][1][0]	str	gut_böse_lieb_schlecht
i18n.words_matrix	paraNdataMatrix[355][1][1]	str	gut
i18n.words_matrix	paraNdataMatrix[355][1][2]	str	böse
i18n.words_matrix	paraNdataMatrix[355][1][3]	str	boese
i18n.words_matrix	paraNdataMatrix[355][1][4]	str	lieb
i18n.words_matrix	paraNdataMatrix[355][1][5]	str	schlecht
i18n.words_matrix	paraNdataMatrix[355][2]	set	2
i18n.words_matrix	paraNdataMatrix[355][2][0]	int	52
i18n.words_matrix	paraNdataMatrix[355][2][1]	int	53
i18n.words_matrix	paraNdataMatrix[355][3]	set	1
i18n.words_matrix	paraNdataMatrix[355][3][0]	tuple	2
i18n.words_matrix	paraNdataMatrix[355][3][0][0]	int	38
i18n.words_matrix	paraNdataMatrix[355][3][0][1]	int	39
i18n.words_matrix	paraNdataMatrix[356]	tuple	4
i18n.words_matrix	paraNdataMatrix[356][0]	ref	i18n.words_context:ParametersMain.konzept
i18n.words_matrix	paraNdataMatrix[356][1]	tuple	4
i18n.words_matrix	paraNdataMatrix[356][1][0]	str	Sinn_und_Zweck_des_Lebens
i18n.words_matrix	paraNdataMatrix[356][1][1]	str	sinn
i18n.words_matrix	paraNdataMatrix[356][1][2]	str	zweck
i18n.words_matrix	paraNdataMatrix[356][1][3]	str	bedeutung
i18n.words_matrix	paraNdataMatrix[356][2]	set	2
i18n.words_matrix	paraNdataMatrix[356][2][0]	int	189
i18n.words_matrix	paraNdataMatrix[356][2][1]	int	88
i18n.words_matrix	paraNdataMatrix[356][3]	set	1
i18n.words_matrix	paraNdataMatrix[356][3][0]	ref	i18n.words_matrix:paraNdataMatrix[169][3][0]
i18n.words_matrix	paraNdataMatrix[357]	tuple	4
i18n.words_matrix	paraNdataMatrix[357][0]	ref	i18n.words_context:ParametersMain.konzept
i18n.words_matrix	paraNdataMatrix[357][1]	tuple	5
i18n.words_matrix	paraNdataMatrix[357][1][0]	str	Zeit_vs_Raum
i18n.words_matrix	paraNdataMatrix[357][1][1]	str	zeit
i18n.words_matrix	paraNdataMatrix[357][1][2]	str	raum
i18n.words_matrix	paraNdataMatrix[357][1][3]	str	zeitlich
i18n.words_matrix	paraNdataMatrix[357][1][4]	str	räumlich
i18n.words_matrix	paraNdataMatrix[357][2]	set	0
i18n.words_matrix	paraNdataMatrix[357][3]	set	1
i18n.words_matrix	paraNdataMatrix[357][3][0]	tuple	2
i18n.words_matrix	paraNdataMatrix[357][3][0][0]	int	49
i18n.words_matrix	paraNdataMatrix[357][3][0][1]	int	50
i18n.words_matrix	paraNdataMatrix[358]	tuple	4
i18n.words_matrix	paraNdataMatrix[358][0]	ref	i18n.words_context:ParametersMain.konzept
i18n.words_matrix	paraNdataMatrix[358][1]	tuple	6
i18n.words_matrix	paraNdataMatrix[358][1][0]	str	egalitär_vs_autoritär
i18n.words_matrix	paraNdataMatrix[358][1][1]	str	egalitaerautoritaer
i18n.words_matrix	paraNdataMatrix[358][1][2]	str	egalitaer
i18n.words_matrix	paraNdataMatrix[358][1][3]	str	autoritaer
i18n.words_matrix	paraNdataMatrix[358][1][4]	str	egalitär
i18n.words_matrix	paraNdataMatrix[358][1][5]	str	autoritär
i18n.words_matrix	paraNdataMatrix[358][2]	set	0
i18n.words_matrix	paraNdataMatrix[358][3]	set	1
i18n.words_matrix	paraNdataMatrix[358][3][0]	tuple	2
i18n.words_matrix	paraNdataMatrix[358][3][0][0]	int	163
i18n.words_matrix	paraNdataMatrix[358][3][0][1]	int	164
i18n.words_matrix	paraNdataMatrix[359]	tuple	4
i18n.words_matrix	paraNdataMatrix[359][0]	ref	i18n.words_context:ParametersMain.konzept
i18n.words_matrix	paraNdataMatrix[359][1]	tuple	4
i18n.words_matrix	paraNdataMatrix[359][1][0]	str	Meinungen_und_Ruf
i18n.words_matrix	paraNdataMatrix[359][1][1]	str	meinungen
i18n.words_matrix	paraNdataMatrix[359][1][2]	str	anderemenschen
i18n.words_matrix	paraNdataMatrix[359][1][3]	str	ruf
i18n.words_matrix	paraNdataMatrix[359][2]	set	0
i18n.words_matrix	paraNdataMatrix[359][3]	set	1
i18n.words_matrix	paraNdataMatrix[359][3][0]	tuple	2
i18n.words_matrix	paraNdataMatrix[359][3][0][0]	int	60
i18n.words_matrix	paraNdataMatrix[359][3][0][1]	int	61
i18n.words_matrix	paraNdataMatrix[360]	tuple	4
i18n.words_matrix	paraNdataMatrix[360][0]	ref	i18n.words_context:ParametersMain.konzept
i18n.words_matrix	paraNdataMatrix[360][1]	tuple	3
i18n.words_matrix	paraNdataMatrix[360][1][0]	str	Meinungsintelligenz
i18n.words_matrix	paraNdataMatrix[360][1][1]	str	meinungsintelligenz
i18n.words_matrix	paraNdataMatrix[360][1][2]	str	ursprungsintelligenz
i18n.words_matrix	paraNdataMatrix[360][2]	set	0
i18n.words_matrix	paraNdataMatrix[360][3]	set	1
i18n.words_matrix	paraNdataMatrix[360][3][0]	tuple	2
i18n.words_matrix	paraNdataMatrix[360][3][0][0]	int	151
i18n.words_matrix	paraNdataMatrix[360][3][0][1]	int	152
i18n.words_matrix	paraNdataMatrix[361]	tuple	4
i18n.words_matrix	paraNdataMatrix[361][0]	ref	i18n.words_context:ParametersMain.konzept
i18n.words_matrix	paraNdataMatrix[361][1]	tuple	3
i18n.words_matrix	paraNdataMatrix[361][1][0]	str	Sittlichkeit
i18n.words_matrix	paraNdataMatrix[361][1][1]	str	sittlichkeit
i18n.words_matrix	paraNdataMatrix[361][1][2]	str	annaehrerung
i18n.words_matrix	paraNdataMatrix[361][2]	set	0
i18n.words_matrix	paraNdataMatrix[361][3]	set	1
i18n.words_matrix	paraNdataMatrix[361][3][0]	tuple	2
i18n.words_matrix	paraNdataMatrix[361][3][0][0]	int	179
i18n.words_matrix	paraNdataMatrix[361][3][0][1]	int	180
i18n.words_matrix	paraNdataMatrix[362]	tuple	4
i18n.words_matrix	paraNdataMatrix[362][0]	ref	i18n.words_context:ParametersMain.konzept
i18n.words_matrix	paraNdataMatrix[362][1]	tuple	3
i18n.words_matrix	paraNdataMatrix[362][1][0]	str	Führung
i18n.words_matrix	paraNdataMatrix[362][1][1]	str	führung
i18n.words_matrix	paraNdataMatrix[362][1][2]	str	fuehrung
i18n.words_matrix	paraNdataMatrix[362][2]	set	0
i18n.words_matrix	paraNdataMatrix[362][3]	set	1
i18n.words_matrix	paraNdataMatrix[362][3][0]	tuple	2
i18n.words_matrix	paraNdataMatrix[362][3][0][0]	int	173
i18n.words_matrix	paraNdataMatrix[362][3][0][1]	int	174
i18n.words_matrix	paraNdataMatrix[363]	tuple	4
i18n.words_matrix	paraNdataMatrix[363][0]	ref	i18n.words_context:ParametersMain.konzept
i18n.words_matrix	paraNdataMatrix[363][1]	tuple	3
i18n.words_matrix	paraNdataMatrix[363][1][0]	str	Durchleuchten
i18n.words_matrix	paraNdataMatrix[363][1][1]	str	durchleuchten
i18n.words_matrix	paraNdataMatrix[363][1][2]	str	erleuchten
i18n.words_matrix	paraNdataMatrix[363][2]	set	0
i18n.words_matrix	paraNdataMatrix[363][3]	set	1
i18n.words_matrix	paraNdataMatrix[363][3][0]	tuple	2
i18n.words_matrix	paraNdataMatrix[363][3][0][0]	int	177
i18n.words_matrix	paraNdataMatrix[363][3][0][1]	int	178
i18n.words_matrix	paraNdataMatrix[364]	tuple	4
i18n.words_matrix	paraNdataMatrix[364][0]	ref	i18n.words_context:ParametersMain.konzept
i18n.words_matrix	paraNdataMatrix[364][1]	tuple	7
i18n.words_matrix	paraNdataMatrix[364][1][0]	str	Fördern_Sensiblisieren_und_Gedeihen
i18n.words_matrix	paraNdataMatrix[364][1][1]	str	foerdern
i18n.words_matrix	paraNdataMatrix[364][1][2]	str	fördern
i18n.words_matrix	paraNdataMatrix[364][1][3]	str	begrenzen
i18n.words_matrix	paraNdataMatrix[364][1][4]	str	sensibilisieren
i18n.words_matrix	paraNdataMatrix[364][1][5]	str	gedeihen
i18n.words_matrix	paraNdataMatrix[364][1][6]	str	verderben
i18n.words_matrix	paraNdataMatrix[364][2]	set	0
i18n.words_matrix	paraNdataMatrix[364][3]	set	1
i18n.words_matrix	paraNdataMatrix[364][3][0]	tuple	2
i18n.words_matrix	paraNdataMatrix[364][3][0][0]	int	175
i18n.words_matrix	paraNdataMatrix[364][3][0][1]	int	176
i18n.words_matrix	paraNdataMatrix[365]	tuple	4
i18n.words_matrix	paraNdataMatrix[365][0]	ref	i18n.words_context:ParametersMain.konzept
i18n.words_matrix	paraNdataMatrix[365][1]	tuple	5
i18n.words_matrix	paraNdataMatrix[365][1][0]	str	Überheblichkeit
i18n.words_matrix	paraNdataMatrix[365][1][1]	str	überheblich
i18n.words_matrix	paraNdataMatrix[365][1][2]	str	ueberheblichkeit
i18n.words_matrix	paraNdataMatrix[365][1][3]	str	ueberheblich
i18n.words_matrix	paraNdataMatrix[365][1][4]	str	überheblichkeit
i18n.words_matrix	paraNdataMatrix[365][2]	set	0
i18n.words_matrix	paraNdataMatrix[365][3]	set	1
i18n.words_matrix	paraNdataMatrix[365][3][0]	tuple	2
i18n.words_matrix	paraNdataMatrix[365][3][0][0]	int	171
i18n.words_matrix	paraNdataMatrix[365][3][0][1]	int	172
i18n.words_matrix	paraNdataMatrix[366]	tuple	4
i18n.words_matrix	paraNdataMatrix[366][0]	ref	i18n.words_context:ParametersMain.konzept
i18n.words_matrix	paraNdataMatrix[366][1]	tuple	2
i18n.words_matrix	paraNdataMatrix[366][1][0]	str	Polung_der_Liebe
i18n.words_matrix	paraNdataMatrix[366][1][1]	str	liebepolung
i18n.words_matrix	paraNdataMatrix[366][2]	set	0
i18n.words_matrix	paraNdataMatrix[366][3]	set	1
i18n.words_matrix	paraNdataMatrix[366][3][0]	ref	i18n.words_matrix:paraNdataMatrix[180][3][0]
i18n.words_matrix	paraNdataMatrix[367]	tuple	4
i18n.words_matrix	paraNdataMatrix[367][0]	ref	i18n.words_context:ParametersMain.konzept
i18n.words_matrix	paraNdataMatrix[367][1]	tuple	5
i18n.words_matrix	paraNdataMatrix[367][1][0]	str	Egoismus_vs_Altruismus
i18n.words_matrix	paraNdataMatrix[367][1][1]	str	egoismus
i18n.words_matrix	paraNdataMatrix[367][1][2]	str	altruismus
i18n.words_matrix	paraNdataMatrix[367][1][3]	str	egoist
i18n.words_matrix	paraNdataMatrix[367][1][4]	str	altruist
i18n.words_matrix	paraNdataMatrix[367][2]	set	1
i18n.words_matrix	paraNdataMatrix[367][2][0]	int	136
i18n.words_matrix	paraNdataMatrix[367][3]	set	1
i18n.words_matrix	paraNdataMatrix[367][3][0]	ref	i18n.words_matrix:paraNdataMatrix[175][3][0]
i18n.words_matrix	paraNdataMatrix[368]	tuple	4
i18n.words_matrix	paraNdataMatrix[368][0]	ref	i18n.words_context:ParametersMain.konzept
i18n.words_matrix	paraNdataMatrix[368][1]	tuple	3
i18n.words_matrix	paraNdataMatrix[368][1][0]	str	kausal
i18n.words_matrix	paraNdataMatrix[368][1][1]	str	geltung
i18n.words_matrix	paraNdataMatrix[368][1][2]	str	genese
i18n.words_matrix	paraNdataMatrix[368][2]	set	0
i18n.words_matrix	paraNdataMatrix[368][3]	set	1
i18n.words_matrix	paraNdataMatrix[368][3][0]	tuple	2
i18n.words_matrix	paraNdataMatrix[368][3][0][0]	int	110
i18n.words_matrix	paraNdataMatrix[368][3][0][1]	int	111
i18n.words_matrix	paraNdataMatrix[369]	tuple	4
i18n.words_matrix	paraNdataMatrix[369][0]	ref	i18n.words_context:ParametersMain.konzept
i18n.words_matrix	paraNdataMatrix[369][1]	tuple	2
i18n.words_matrix	paraNdataMatrix[369][1][0]	str	Gleichheit
i18n.words_matrix	paraNdataMatrix[369][1][1]	str	gleich
i18n.words_matrix	paraNdataMatrix[369][2]	set	0
i18n.words_matrix	paraNdataMatrix[369][3]	set	1
i18n.words_matrix	paraNdataMatrix[369][3][0]	tuple	2
i18n.words_matrix	paraNdataMatrix[369][3][0][0]	int	192
i18n.words_matrix	paraNdataMatrix[369][3][0][1]	int	193
i18n.words_matrix	paraNdataMatrix[370]	tuple	4
i18n.words_matrix	paraNdataMatrix[370][0]	ref	i18n.words_context:ParametersMain.konzept
i18n.words_matrix	paraNdataMatrix[370][1]	tuple	2
i18n.words_matrix	paraNdataMatrix[370][1][0]	str	Überleben
i18n.words_matrix	paraNdataMatrix[370][1][1]	str	ueberleben
i18n.words_matrix	paraNdataMatrix[370][2]	set	0
i18n.words_matrix	paraNdataMatrix[370][3]	set	1
i18n.words_matrix	paraNdataMatrix[370][3][0]	tuple	2
i18n.words_matrix	paraNdataMatrix[370][3][0][0]	int	194
i18n.words_matrix	paraNdataMatrix[370][3][0][1]	int	195
i18n.words_matrix	paraNdataMatrix[371]	tuple	3
i18n.words_matrix	paraNdataMatrix[371][0]	ref	i18n.words_context:ParametersMain.inkrementieren
i18n.words_matrix	paraNdataMatrix[371][1]	set	0
i18n.words_matrix	paraNdataMatrix[371][2]	set	4
i18n.words_matrix	paraNdataMatrix[371][2][0]	int	43
i18n.words_matrix	paraNdataMatrix[371][2][1]	int	54
i18n.words_matrix	paraNdataMatrix[371][2][2]	int	74
i18n.words_matrix	paraNdataMatrix[371][2][3]	int	95
i18n.words_matrix	paraNdataMatrix[372]	tuple	3
i18n.words_matrix	paraNdataMatrix[372][0]	ref	i18n.words_context:ParametersMain.inkrementieren
i18n.words_matrix	paraNdataMatrix[372][1]	tuple	1
i18n.words_matrix	paraNdataMatrix[372][1][0]	str	um1
i18n.words_matrix	paraNdataMatrix[372][2]	set	1
i18n.words_matrix	paraNdataMatrix[372][2][0]	int	155
i18n.words_matrix	paraNdataMatrix[373]	tuple	3
i18n.words_matrix	paraNdataMatrix[373][0]	ref	i18n.words_context:ParametersMain.inkrementieren
i18n.words_matrix	paraNdataMatrix[373][1]	tuple	1
i18n.words_matrix	paraNdataMatrix[373][1][0]	str	um2
i18n.words_matrix	paraNdataMatrix[373][2]	set	1
i18n.words_matrix	paraNdataMatrix[373][2][0]	int	156
i18n.words_matrix	paraNdataMatrix[374]	tuple	3
i18n.words_matrix	paraNdataMatrix[374][0]	ref	i18n.words_context:ParametersMain.inkrementieren
i18n.words_matrix	paraNdataMatrix[374][1]	tuple	1
i18n.words_matrix	paraNdataMatrix[374][1][0]	str	um3
i18n.words_matrix	paraNdataMatrix[374][2]	set	1
i18n.words_matrix	paraNdataMatrix[374][2][0]	int	157
i18n.words_matrix	paraNdataMatrix[375]	tuple	3
i18n.words_matrix	paraNdataMatrix[375][0]	ref	i18n.words_context:ParametersMain.inkrementieren
i18n.words_matrix	paraNdataMatrix[375][1]	tuple	2
i18n.words_matrix	paraNdataMatrix[375][1][0]	str	warum_Transzendentalie_=_Strukturgroesse_=_Charakter
i18n.words_matrix	paraNdataMatrix[375][1][1]	str	warumtranszendentaliezustrukturgroesseundcharakter
i18n.words_matrix	paraNdataMatrix[375][2]	set	4
i18n.words_matrix	paraNdataMatrix[375][2][0]	int	165
i18n.words_matrix	paraNdataMatrix[375][2][1]	int	4
i18n.words_matrix	paraNdataMatrix[375][2][2]	int	5
i18n.words_matrix	paraNdataMatrix[375][2][3]	int	54
i18n.words_matrix	paraNdataMatrix[376]	tuple	3
i18n.words_matrix	paraNdataMatrix[376][0]	ref	i18n.words_context:ParametersMain.inkrementieren
i18n.words_matrix	paraNdataMatrix[376][1]	tuple	2
i18n.words_matrix	paraNdataMatrix[376][1][0]	str	warum_Transzendentalie_=_Komplexität_von_Michael_Commons
i18n.words_matrix	paraNdataMatrix[376][1][1]	str	warumtranszendentaliegleichkomplexitaet
i18n.words_matrix	paraNdataMatrix[376][2]	set	3
i18n.words_matrix	paraNdataMatrix[376][2][0]	int	166
i18n.words_matrix	paraNdataMatrix[376][2][1]	int	5
i18n.words_matrix	paraNdataMatrix[376][2][2]	int	65
i18n.words_matrix	paraNdataMatrix[377]	tuple	3
i18n.words_matrix	paraNdataMatrix[377][0]	ref	i18n.words_context:ParametersMain.primvielfache
i18n.words_matrix	paraNdataMatrix[377][1]	tuple	2
i18n.words_matrix	paraNdataMatrix[377][1][0]	str	Rahmen-Bedingungen
i18n.words_matrix	paraNdataMatrix[377][1][1]	str	rahmen
i18n.words_matrix	paraNdataMatrix[377][2]	set	1
i18n.words_matrix	paraNdataMatrix[377][2][0]	int	226
i18n.words_matrix	paraNdataMatrix[378]	tuple	10
i18n.words_matrix	paraNdataMatrix[378][0]	ref	i18n.words_context:ParametersMain.primvielfache
i18n.words_matrix	paraNdataMatrix[378][1]	tuple	2
i18n.words_matrix	paraNdataMatrix[378][1][0]	str	Motive_gleichförmige_Polygone
i18n.words_matrix	paraNdataMatrix[378][1][1]	str	motivgleichfoermig
i18n.words_matrix	paraNdataMatrix[378][2]	set	0
i18n.words_matrix	paraNdataMatrix[378][3]	set	0
i18n.words_matrix	paraNdataMatrix[378][4]	set	0
i18n.words_matrix	paraNdataMatrix[378][5]	set	0
i18n.words_matrix	paraNdataMatrix[378][6]	set	0
i18n.words_matrix	paraNdataMatrix[378][7]	set	0
i18n.words_matrix	paraNdataMatrix[378][8]	set	0
i18n.words_matrix	paraNdataMatrix[378][9]	set	1
i18n.words_matrix	paraNdataMatrix[378][9][0]	str	primMotivGleichf
i18n.words_matrix	paraNdataMatrix[379]	tuple	10
i18n.words_matrix	paraNdataMatrix[379][0]	ref	i18n.words_context:ParametersMain.primvielfache
i18n.words_matrix	paraNdataMatrix[379][1]	tuple	2
i18n.words_matrix	paraNdataMatrix[379][1][0]	str	Struktur_gleichförmige_Polygone
i18n.words_matrix	paraNdataMatrix[379][1][1]	str	strukturgleichfoermig
i18n.words_matrix	paraNdataMatrix[379][2]	set	0
i18n.words_matrix	paraNdataMatrix[379][3]	set	0
i18n.words_matrix	paraNdataMatrix[379][4]	set	0
i18n.words_matrix	paraNdataMatrix[379][5]	set	0
i18n.words_matrix	paraNdataMatrix[379][6]	set	0
i18n.words_matrix	paraNdataMatrix[379][7]	set	0
i18n.words_matrix	paraNdataMatrix[379][8]	set	0
i18n.words_matrix	paraNdataMatrix[379][9]	set	1
i18n.words_matrix	paraNdataMatrix[379][9][0]	str	primStrukGleichf
i18n.words_matrix	paraNdataMatrix[380]	tuple	10
i18n.words_matrix	paraNdataMatrix[380][0]	ref	i18n.words_context:ParametersMain.primvielfache
i18n.words_matrix	paraNdataMatrix[380][1]	tuple	2
i18n.words_matrix	paraNdataMatrix[380][1][0]	str	Motive_Sternpolygone
i18n.words_matrix	paraNdataMatrix[380][1][1]	str	motivstern
i18n.words_matrix	paraNdataMatrix[380][2]	set	0
i18n.words_matrix	paraNdataMatrix[380][3]	set	0
i18n.words_matrix	paraNdataMatrix[380][4]	set	0
i18n.words_matrix	paraNdataMatrix[380][5]	set	0
i18n.words_matrix	paraNdataMatrix[380][6]	set	0
i18n.words_matrix	paraNdataMatrix[380][7]	set	0
i18n.words_matrix	paraNdataMatrix[380][8]	set	0
i18n.words_matrix	paraNdataMatrix[380][9]	set	1
i18n.words_matrix	paraNdataMatrix[380][9][0]	str	primMotivStern
i18n.words_matrix	paraNdataMatrix[381]	tuple	10
i18n.words_matrix	paraNdataMatrix[381][0]	ref	i18n.words_context:ParametersMain.primvielfache
i18n.words_matrix	paraNdataMatrix[381][1]	tuple	2
i18n.words_matrix	paraNdataMatrix[381][1][0]	str	Struktur_Sternpolygone
i18n.words_matrix	paraNdataMatrix[381][1][1]	str	strukturstern
i18n.words_matrix	paraNdataMatrix[381][2]	set	0
i18n.words_matrix	paraNdataMatrix[381][3]	set	0
i18n.words_matrix	paraNdataMatrix[381][4]	set	0
i18n.words_matrix	paraNdataMatrix[381][5]	set	0
i18n.words_matrix	paraNdataMatrix[381][6]	set	0
i18n.words_matrix	paraNdataMatrix[381][7]	set	0
i18n.words_matrix	paraNdataMatrix[381][8]	set	0
i18n.words_matrix	paraNdataMatrix[381][9]	set	1
i18n.words_matrix	paraNdataMatrix[381][9][0]	str	primStrukStern
i18n.words_matrix	paraNdataMatrix[382]	tuple	10
i18n.words_matrix	paraNdataMatrix[382][0]	ref	i18n.words_context:ParametersMain.primvielfache
i18n.words_matrix	paraNdataMatrix[382][1]	tuple	2
i18n.words_matrix	paraNdataMatrix[382][1][0]	str	Motiv_Sternpolygon_gebrochen-rational
i18n.words_matrix	paraNdataMatrix[382][1][1]	str	motivgebrstern
i18n.words_matrix	paraNdataMatrix[382][2]	set	0
i18n.words_matrix	paraNdataMatrix[382][3]	set	0
i18n.words_matrix	paraNdataMatrix[382][4]	set	0
i18n.words_matrix	paraNdataMatrix[382][5]	set	0
i18n.words_matrix	paraNdataMatrix[382][6]	set	0
i18n.words_matrix	paraNdataMatrix[382][7]	set	0
i18n.words_matrix	paraNdataMatrix[382][8]	set	0
i18n.words_matrix	paraNdataMatrix[382][9]	set	1
i18n.words_matrix	paraNdataMatrix[382][9][0]	str	primMotivSternGebr
i18n.words_matrix	paraNdataMatrix[383]	tuple	10
i18n.words_matrix	paraNdataMatrix[383][0]	ref	i18n.words_context:ParametersMain.primvielfache
i18n.words_matrix	paraNdataMatrix[383][1]	tuple	2
i18n.words_matrix	paraNdataMatrix[383][1][0]	str	Struktur_Sternpolyon_gebrochen-rational
i18n.words_matrix	paraNdataMatrix[383][1][1]	str	strukgebrstern
i18n.words_matrix	paraNdataMatrix[383][2]	set	0
i18n.words_matrix	paraNdataMatrix[383][3]	set	0
i18n.words_matrix	paraNdataMatrix[383][4]	set	0
i18n.words_matrix	paraNdataMatrix[383][5]	set	0
i18n.words_matrix	paraNdataMatrix[383][6]	set	0
i18n.words_matrix	paraNdataMatrix[383][7]	set	0
i18n.words_matrix	paraNdataMatrix[383][8]	set	0
i18n.words_matrix	paraNdataMatrix[383][9]	set	1
i18n.words_matrix	paraNdataMatrix[383][9][0]	str	primStrukSternGebr
i18n.words_matrix	paraNdataMatrix[384]	tuple	10
i18n.words_matrix	paraNdataMatrix[384][0]	ref	i18n.words_context:ParametersMain.primvielfache
i18n.words_matrix	paraNdataMatrix[384][1]	tuple	2
i18n.words_matrix	paraNdataMatrix[384][1][0]	str	Motiv_gleichförmige_Polygone_gebrochen-rational
i18n.words_matrix	paraNdataMatrix[384][1][1]	str	motivgebrgleichf
i18n.words_matrix	paraNdataMatrix[384][2]	set	0
i18n.words_matrix	paraNdataMatrix[384][3]	set	0
i18n.words_matrix	paraNdataMatrix[384][4]	set	0
i18n.words_matrix	paraNdataMatrix[384][5]	set	0
i18n.words_matrix	paraNdataMatrix[384][6]	set	0
i18n.words_matrix	paraNdataMatrix[384][7]	set	0
i18n.words_matrix	paraNdataMatrix[384][8]	set	0
i18n.words_matrix	paraNdataMatrix[384][9]	set	1
i18n.words_matrix	paraNdataMatrix[384][9][0]	str	primMotivGleichfGebr
i18n.words_matrix	paraNdataMatrix[385]	tuple	10
i18n.words_matrix	paraNdataMatrix[385][0]	ref	i18n.words_context:ParametersMain.primvielfache
i18n.words_matrix	paraNdataMatrix[385][1]	tuple	2
i18n.words_matrix	paraNdataMatrix[385][1][0]	str	Struktur_gleichförmige_Polygone_gebrochen-rational
i18n.words_matrix	paraNdataMatrix[385][1][1]	str	strukgebrgleichf
i18n.words_matrix	paraNdataMatrix[385][2]	set	0
i18n.words_matrix	paraNdataMatrix[385][3]	set	0
i18n.words_matrix	paraNdataMatrix[385][4]	set	0
i18n.words_matrix	paraNdataMatrix[385][5]	set	0
i18n.words_matrix	paraNdataMatrix[385][6]	set	0
i18n.words_matrix	paraNdataMatrix[385][7]	set	0
i18n.words_matrix	paraNdataMatrix[385][8]	set	0
i18n.words_matrix	paraNdataMatrix[385][9]	set	1
i18n.words_matrix	paraNdataMatrix[385][9][0]	str	primStrukGleichfGebr
i18n.words_matrix	paraNdataMatrix[386]	tuple	10
i18n.words_matrix	paraNdataMatrix[386][0]	ref	i18n.words_context:ParametersMain.primvielfache
i18n.words_matrix	paraNdataMatrix[386][1]	tuple	1
i18n.words_matrix	paraNdataMatrix[386][1][0]	str	beschrieben
i18n.words_matrix	paraNdataMatrix[386][2]	set	0
i18n.words_matrix	paraNdataMatrix[386][3]	set	0
i18n.words_matrix	paraNdataMatrix[386][4]	set	0
i18n.words_matrix	paraNdataMatrix[386][5]	set	0
i18n.words_matrix	paraNdataMatrix[386][6]	set	0
i18n.words_matrix	paraNdataMatrix[386][7]	set	0
i18n.words_matrix	paraNdataMatrix[386][8]	set	0
i18n.words_matrix	paraNdataMatrix[386][9]	set	1
i18n.words_matrix	paraNdataMatrix[386][9][0]	str	PrimCSV
i18n.words_matrix	paraNdataMatrix[387]	tuple	3
i18n.words_matrix	paraNdataMatrix[387][0]	ref	i18n.words_context:ParametersMain.kontinuum
i18n.words_matrix	paraNdataMatrix[387][1]	tuple	3
i18n.words_matrix	paraNdataMatrix[387][1][0]	str	Q
i18n.words_matrix	paraNdataMatrix[387][1][1]	str	q
i18n.words_matrix	paraNdataMatrix[387][1][2]	str	Siebzehn
i18n.words_matrix	paraNdataMatrix[387][2]	set	20
i18n.words_matrix	paraNdataMatrix[387][2][0]	int	431
i18n.words_matrix	paraNdataMatrix[387][2][1]	int	432
i18n.words_matrix	paraNdataMatrix[387][2][2]	int	433
i18n.words_matrix	paraNdataMatrix[387][2][3]	int	434
i18n.words_matrix	paraNdataMatrix[387][2][4]	int	437
i18n.words_matrix	paraNdataMatrix[387][2][5]	int	441
i18n.words_matrix	paraNdataMatrix[387][2][6]	int	442
i18n.words_matrix	paraNdataMatrix[387][2][7]	int	443
i18n.words_matrix	paraNdataMatrix[387][2][8]	int	445
i18n.words_matrix	paraNdataMatrix[387][2][9]	int	450
i18n.words_matrix	paraNdataMatrix[387][2][10]	int	467
i18n.words_matrix	paraNdataMatrix[387][2][11]	int	468
i18n.words_matrix	paraNdataMatrix[387][2][12]	int	469
i18n.words_matrix	paraNdataMatrix[387][2][13]	int	487
i18n.words_matrix	paraNdataMatrix[387][2][14]	int	488
i18n.words_matrix	paraNdataMatrix[387][2][15]	int	544
i18n.words_matrix	paraNdataMatrix[387][2][16]	int	570
i18n.words_matrix	paraNdataMatrix[387][2][17]	int	590
i18n.words_matrix	paraNdataMatrix[387][2][18]	int	616
i18n.words_matrix	paraNdataMatrix[387][2][19]	int	700
i18n.words_matrix	paraNdataMatrix[388]	tuple	3
i18n.words_matrix	paraNdataMatrix[388][0]	ref	i18n.words_context:ParametersMain.kontinuum
i18n.words_matrix	paraNdataMatrix[388][1]	tuple	3
i18n.words_matrix	paraNdataMatrix[388][1][0]	str	AB
i18n.words_matrix	paraNdataMatrix[388][1][1]	str	ab
i18n.words_matrix	paraNdataMatrix[388][1][2]	str	Achtundzwanzig
i18n.words_matrix	paraNdataMatrix[388][2]	set	2
i18n.words_matrix	paraNdataMatrix[388][2][0]	int	583
i18n.words_matrix	paraNdataMatrix[388][2][1]	int	587
i18n.words_matrix	paraNdataMatrix[389]	tuple	3
i18n.words_matrix	paraNdataMatrix[389][0]	ref	i18n.words_context:ParametersMain.kontinuum
i18n.words_matrix	paraNdataMatrix[389][1]	tuple	3
i18n.words_matrix	paraNdataMatrix[389][1][0]	str	Z
i18n.words_matrix	paraNdataMatrix[389][1][1]	str	z
i18n.words_matrix	paraNdataMatrix[389][1][2]	str	Sechsundzwanzig
i18n.words_matrix	paraNdataMatrix[389][2]	set	1
i18n.words_matrix	paraNdataMatrix[389][2][0]	int	543
i18n.words_matrix	paraNdataMatrix[390]	tuple	3
i18n.words_matrix	paraNdataMatrix[390][0]	ref	i18n.words_context:ParametersMain.kontinuum
i18n.words_matrix	paraNdataMatrix[390][1]	tuple	3
i18n.words_matrix	paraNdataMatrix[390][1][0]	str	AA
i18n.words_matrix	paraNdataMatrix[390][1][1]	str	aa
i18n.words_matrix	paraNdataMatrix[390][1][2]	str	Sechsundzwanzig
i18n.words_matrix	paraNdataMatrix[390][2]	set	3
i18n.words_matrix	paraNdataMatrix[390][2][0]	int	558
i18n.words_matrix	paraNdataMatrix[390][2][1]	int	559
i18n.words_matrix	paraNdataMatrix[390][2][2]	int	560
i18n.words_matrix	paraNdataMatrix[391]	tuple	3
i18n.words_matrix	paraNdataMatrix[391][0]	ref	i18n.words_context:ParametersMain.kontinuum
i18n.words_matrix	paraNdataMatrix[391][1]	tuple	3
i18n.words_matrix	paraNdataMatrix[391][1][0]	str	i
i18n.words_matrix	paraNdataMatrix[391][1][1]	str	I
i18n.words_matrix	paraNdataMatrix[391][1][2]	str	Neun
i18n.words_matrix	paraNdataMatrix[391][2]	set	3
i18n.words_matrix	paraNdataMatrix[391][2][0]	int	517
i18n.words_matrix	paraNdataMatrix[391][2][1]	int	565
i18n.words_matrix	paraNdataMatrix[391][2][2]	int	681
i18n.words_matrix	paraNdataMatrix[392]	tuple	3
i18n.words_matrix	paraNdataMatrix[392][0]	ref	i18n.words_context:ParametersMain.kontinuum
i18n.words_matrix	paraNdataMatrix[392][1]	tuple	3
i18n.words_matrix	paraNdataMatrix[392][1][0]	str	G
i18n.words_matrix	paraNdataMatrix[392][1][1]	str	g
i18n.words_matrix	paraNdataMatrix[392][1][2]	str	Sieben
i18n.words_matrix	paraNdataMatrix[392][2]	set	1
i18n.words_matrix	paraNdataMatrix[392][2][0]	int	518
i18n.words_matrix	paraNdataMatrix[393]	tuple	3
i18n.words_matrix	paraNdataMatrix[393][0]	ref	i18n.words_context:ParametersMain.kontinuum
i18n.words_matrix	paraNdataMatrix[393][1]	tuple	3
i18n.words_matrix	paraNdataMatrix[393][1][0]	str	J
i18n.words_matrix	paraNdataMatrix[393][1][1]	str	j
i18n.words_matrix	paraNdataMatrix[393][1][2]	str	Zehn
i18n.words_matrix	paraNdataMatrix[393][2]	set	1
i18n.words_matrix	paraNdataMatrix[393][2][0]	int	514
i18n.words_matrix	paraNdataMatrix[394]	tuple	3
i18n.words_matrix	paraNdataMatrix[394][0]	ref	i18n.words_context:ParametersMain.kontinuum
i18n.words_matrix	paraNdataMatrix[394][1]	tuple	3
i18n.words_matrix	paraNdataMatrix[394][1][0]	str	k
i18n.words_matrix	paraNdataMatrix[394][1][1]	str	K
i18n.words_matrix	paraNdataMatrix[394][1][2]	str	Elf
i18n.words_matrix	paraNdataMatrix[394][2]	set	6
i18n.words_matrix	paraNdataMatrix[394][2][0]	int	515
i18n.words_matrix	paraNdataMatrix[394][2][1]	int	577
i18n.words_matrix	paraNdataMatrix[394][2][2]	int	578
i18n.words_matrix	paraNdataMatrix[394][2][3]	int	705
i18n.words_matrix	paraNdataMatrix[394][2][4]	int	706
i18n.words_matrix	paraNdataMatrix[394][2][5]	int	707
i18n.words_matrix	paraNdataMatrix[395]	tuple	3
i18n.words_matrix	paraNdataMatrix[395][0]	ref	i18n.words_context:ParametersMain.kontinuum
i18n.words_matrix	paraNdataMatrix[395][1]	tuple	3
i18n.words_matrix	paraNdataMatrix[395][1][0]	str	E
i18n.words_matrix	paraNdataMatrix[395][1][1]	str	e
i18n.words_matrix	paraNdataMatrix[395][1][2]	str	Fünf
i18n.words_matrix	paraNdataMatrix[395][2]	set	1
i18n.words_matrix	paraNdataMatrix[395][2][0]	int	511
i18n.words_matrix	paraNdataMatrix[396]	tuple	3
i18n.words_matrix	paraNdataMatrix[396][0]	ref	i18n.words_context:ParametersMain.kontinuum
i18n.words_matrix	paraNdataMatrix[396][1]	tuple	3
i18n.words_matrix	paraNdataMatrix[396][1][0]	str	L
i18n.words_matrix	paraNdataMatrix[396][1][1]	str	l
i18n.words_matrix	paraNdataMatrix[396][1][2]	str	Zwölf
i18n.words_matrix	paraNdataMatrix[396][2]	set	1
i18n.words_matrix	paraNdataMatrix[396][2][0]	int	506
i18n.words_matrix	paraNdataMatrix[397]	tuple	3
i18n.words_matrix	paraNdataMatrix[397][0]	ref	i18n.words_context:ParametersMain.kontinuum
i18n.words_matrix	paraNdataMatrix[397][1]	tuple	3
i18n.words_matrix	paraNdataMatrix[397][1][0]	str	AU
i18n.words_matrix	paraNdataMatrix[397][1][1]	str	au
i18n.words_matrix	paraNdataMatrix[397][1][2]	str	Siebenundvierzig
i18n.words_matrix	paraNdataMatrix[397][2]	set	1
i18n.words_matrix	paraNdataMatrix[397][2][0]	int	532
i18n.words_matrix	paraNdataMatrix[398]	tuple	3
i18n.words_matrix	paraNdataMatrix[398][0]	ref	i18n.words_context:ParametersMain.kontinuum
i18n.words_matrix	paraNdataMatrix[398][1]	tuple	3
i18n.words_matrix	paraNdataMatrix[398][1][0]	str	AK
i18n.words_matrix	paraNdataMatrix[398][1][1]	str	ak
i18n.words_matrix	paraNdataMatrix[398][1][2]	str	Siebenunddreissig
i18n.words_matrix	paraNdataMatrix[398][2]	set	1
i18n.words_matrix	paraNdataMatrix[398][2][0]	int	531
i18n.words_matrix	paraNdataMatrix[399]	tuple	3
i18n.words_matrix	paraNdataMatrix[399][0]	ref	i18n.words_context:ParametersMain.kontinuum
i18n.words_matrix	paraNdataMatrix[399][1]	tuple	3
i18n.words_matrix	paraNdataMatrix[399][1][0]	str	AE
i18n.words_matrix	paraNdataMatrix[399][1][1]	str	ae
i18n.words_matrix	paraNdataMatrix[399][1][2]	str	Einunddreissig
i18n.words_matrix	paraNdataMatrix[399][2]	set	3
i18n.words_matrix	paraNdataMatrix[399][2][0]	int	530
i18n.words_matrix	paraNdataMatrix[399][2][1]	int	612
i18n.words_matrix	paraNdataMatrix[399][2][2]	int	613
i18n.words_matrix	paraNdataMatrix[400]	tuple	3
i18n.words_matrix	paraNdataMatrix[400][0]	ref	i18n.words_context:ParametersMain.kontinuum
i18n.words_matrix	paraNdataMatrix[400][1]	tuple	3
i18n.words_matrix	paraNdataMatrix[400][1][0]	str	AD
i18n.words_matrix	paraNdataMatrix[400][1][1]	str	ad
i18n.words_matrix	paraNdataMatrix[400][1][2]	str	Dreissig
i18n.words_matrix	paraNdataMatrix[400][2]	set	3
i18n.words_matrix	paraNdataMatrix[400][2][0]	int	529
i18n.words_matrix	paraNdataMatrix[400][2][1]	int	547
i18n.words_matrix	paraNdataMatrix[400][2][2]	int	614
i18n.words_matrix	paraNdataMatrix[401]	tuple	3
i18n.words_matrix	paraNdataMatrix[401][0]	ref	i18n.words_context:ParametersMain.universum
i18n.words_matrix	paraNdataMatrix[401][1]	tuple	2
i18n.words_matrix	paraNdataMatrix[401][1][0]	str	Morphismen
i18n.words_matrix	paraNdataMatrix[401][1][1]	str	morphismus
i18n.words_matrix	paraNdataMatrix[401][2]	set	1
i18n.words_matrix	paraNdataMatrix[401][2][0]	int	727
i18n.words_matrix	paraNdataMatrix[402]	tuple	3
i18n.words_matrix	paraNdataMatrix[402][0]	ref	i18n.words_context:ParametersMain.kontinuum
i18n.words_matrix	paraNdataMatrix[402][1]	tuple	3
i18n.words_matrix	paraNdataMatrix[402][1][0]	str	AC
i18n.words_matrix	paraNdataMatrix[402][1][1]	str	ac
i18n.words_matrix	paraNdataMatrix[402][1][2]	str	Neunundzwanzig
i18n.words_matrix	paraNdataMatrix[402][2]	set	3
i18n.words_matrix	paraNdataMatrix[402][2][0]	int	528
i18n.words_matrix	paraNdataMatrix[402][2][1]	int	586
i18n.words_matrix	paraNdataMatrix[402][2][2]	int	727
i18n.words_matrix	paraNdataMatrix[403]	tuple	3
i18n.words_matrix	paraNdataMatrix[403][0]	ref	i18n.words_context:ParametersMain.kontinuum
i18n.words_matrix	paraNdataMatrix[403][1]	tuple	3
i18n.words_matrix	paraNdataMatrix[403][1][0]	str	AT
i18n.words_matrix	paraNdataMatrix[403][1][1]	str	at
i18n.words_matrix	paraNdataMatrix[403][1][2]	str	Sechsundvierzig
i18n.words_matrix	paraNdataMatrix[403][2]	set	1
i18n.words_matrix	paraNdataMatrix[403][2][0]	int	568
i18n.words_matrix	paraNdataMatrix[404]	tuple	3
i18n.words_matrix	paraNdataMatrix[404][0]	ref	i18n.words_context:ParametersMain.kontinuum
i18n.words_matrix	paraNdataMatrix[404][1]	tuple	3
i18n.words_matrix	paraNdataMatrix[404][1][0]	str	W
i18n.words_matrix	paraNdataMatrix[404][1][1]	str	w
i18n.words_matrix	paraNdataMatrix[404][1][2]	str	Dreiundzwanzig
i18n.words_matrix	paraNdataMatrix[404][2]	set	2
i18n.words_matrix	paraNdataMatrix[404][2][0]	int	527
i18n.words_matrix	paraNdataMatrix[404][2][1]	int	567
i18n.words_matrix	paraNdataMatrix[405]	tuple	3
i18n.words_matrix	paraNdataMatrix[405][0]	ref	i18n.words_context:ParametersMain.kontinuum
i18n.words_matrix	paraNdataMatrix[405][1]	tuple	3
i18n.words_matrix	paraNdataMatrix[405][1][0]	str	Y
i18n.words_matrix	paraNdataMatrix[405][1][1]	str	y
i18n.words_matrix	paraNdataMatrix[405][1][2]	str	Fünfundzwanzig
i18n.words_matrix	paraNdataMatrix[405][2]	set	2
i18n.words_matrix	paraNdataMatrix[405][2][0]	int	507
i18n.words_matrix	paraNdataMatrix[405][2][1]	int	510
i18n.words_matrix	paraNdataMatrix[406]	tuple	3
i18n.words_matrix	paraNdataMatrix[406][0]	ref	i18n.words_context:ParametersMain.kontinuum
i18n.words_matrix	paraNdataMatrix[406][1]	tuple	4
i18n.words_matrix	paraNdataMatrix[406][1][0]	str	Kontinuen
i18n.words_matrix	paraNdataMatrix[406][1][1]	str	F
i18n.words_matrix	paraNdataMatrix[406][1][2]	str	f
i18n.words_matrix	paraNdataMatrix[406][1][3]	str	Sechs
i18n.words_matrix	paraNdataMatrix[406][2]	set	1
i18n.words_matrix	paraNdataMatrix[406][2][0]	int	508
i18n.words_matrix	paraNdataMatrix[407]	tuple	3
i18n.words_matrix	paraNdataMatrix[407][0]	ref	i18n.words_context:ParametersMain.kontinuum
i18n.words_matrix	paraNdataMatrix[407][1]	tuple	4
i18n.words_matrix	paraNdataMatrix[407][1][0]	str	F
i18n.words_matrix	paraNdataMatrix[407][1][1]	str	f
i18n.words_matrix	paraNdataMatrix[407][1][2]	str	Sechs
i18n.words_matrix	paraNdataMatrix[407][1][3]	str	Kontinuen
i18n.words_matrix	paraNdataMatrix[407][2]	set	1
i18n.words_matrix	paraNdataMatrix[407][2][0]	int	508
i18n.words_matrix	paraNdataMatrix[408]	tuple	3
i18n.words_matrix	paraNdataMatrix[408][0]	ref	i18n.words_context:ParametersMain.kontinuum
i18n.words_matrix	paraNdataMatrix[408][1]	tuple	3
i18n.words_matrix	paraNdataMatrix[408][1][0]	str	O
i18n.words_matrix	paraNdataMatrix[408][1][1]	str	o
i18n.words_matrix	paraNdataMatrix[408][1][2]	str	Fünfzehn
i18n.words_matrix	paraNdataMatrix[408][2]	set	1
i18n.words_matrix	paraNdataMatrix[408][2][0]	int	5
i18n.words_matrix	paraNdataMatrix[409]	tuple	3
i18n.words_matrix	paraNdataMatrix[409][0]	ref	i18n.words_context:ParametersMain.kontinuum
i18n.words_matrix	paraNdataMatrix[409][1]	tuple	3
i18n.words_matrix	paraNdataMatrix[409][1][0]	str	H
i18n.words_matrix	paraNdataMatrix[409][1][1]	str	h
i18n.words_matrix	paraNdataMatrix[409][1][2]	str	Acht
i18n.words_matrix	paraNdataMatrix[409][2]	set	1
i18n.words_matrix	paraNdataMatrix[409][2][0]	int	491
i18n.words_matrix	paraNdataMatrix[410]	tuple	3
i18n.words_matrix	paraNdataMatrix[410][0]	ref	i18n.words_context:ParametersMain.kontinuum
i18n.words_matrix	paraNdataMatrix[410][1]	tuple	3
i18n.words_matrix	paraNdataMatrix[410][1][0]	str	N
i18n.words_matrix	paraNdataMatrix[410][1][1]	str	n
i18n.words_matrix	paraNdataMatrix[410][1][2]	str	Vierzehn
i18n.words_matrix	paraNdataMatrix[410][2]	set	1
i18n.words_matrix	paraNdataMatrix[410][2][0]	int	492
i18n.words_matrix	paraNdataMatrix[411]	tuple	3
i18n.words_matrix	paraNdataMatrix[411][0]	ref	i18n.words_context:ParametersMain.kontinuum
i18n.words_matrix	paraNdataMatrix[411][1]	tuple	3
i18n.words_matrix	paraNdataMatrix[411][1][0]	str	M
i18n.words_matrix	paraNdataMatrix[411][1][1]	str	m
i18n.words_matrix	paraNdataMatrix[411][1][2]	str	Dreizehn
i18n.words_matrix	paraNdataMatrix[411][2]	set	2
i18n.words_matrix	paraNdataMatrix[411][2][0]	int	493
i18n.words_matrix	paraNdataMatrix[411][2][1]	int	744
i18n.words_matrix	paraNdataMatrix[412]	tuple	3
i18n.words_matrix	paraNdataMatrix[412][0]	ref	i18n.words_context:ParametersMain.kontinuum
i18n.words_matrix	paraNdataMatrix[412][1]	tuple	3
i18n.words_matrix	paraNdataMatrix[412][1][0]	str	T
i18n.words_matrix	paraNdataMatrix[412][1][1]	str	t
i18n.words_matrix	paraNdataMatrix[412][1][2]	str	Zwanzig
i18n.words_matrix	paraNdataMatrix[412][2]	set	3
i18n.words_matrix	paraNdataMatrix[412][2][0]	int	486
i18n.words_matrix	paraNdataMatrix[412][2][1]	int	571
i18n.words_matrix	paraNdataMatrix[412][2][2]	int	572
i18n.words_matrix	paraNdataMatrix[413]	tuple	3
i18n.words_matrix	paraNdataMatrix[413][0]	ref	i18n.words_context:ParametersMain.multiversum
i18n.words_matrix	paraNdataMatrix[413][1]	tuple	1
i18n.words_matrix	paraNdataMatrix[413][1][0]	str	Religionen_Kraefte_Krieg_der_Sterne_Star_Wars
i18n.words_matrix	paraNdataMatrix[413][2]	set	2
i18n.words_matrix	paraNdataMatrix[413][2][0]	int	584
i18n.words_matrix	paraNdataMatrix[413][2][1]	int	623
i18n.words_matrix	paraNdataMatrix[414]	tuple	3
i18n.words_matrix	paraNdataMatrix[414][0]	ref	i18n.words_context:ParametersMain.multiversum
i18n.words_matrix	paraNdataMatrix[414][1]	tuple	5
i18n.words_matrix	paraNdataMatrix[414][1][0]	str	P
i18n.words_matrix	paraNdataMatrix[414][1][1]	str	p
i18n.words_matrix	paraNdataMatrix[414][1][2]	str	Sechszehn
i18n.words_matrix	paraNdataMatrix[414][1][3]	str	Dimensionen
i18n.words_matrix	paraNdataMatrix[414][1][4]	str	Multiversum_sind_die_Dimensionen
i18n.words_matrix	paraNdataMatrix[414][2]	set	6
i18n.words_matrix	paraNdataMatrix[414][2][0]	int	435
i18n.words_matrix	paraNdataMatrix[414][2][1]	int	569
i18n.words_matrix	paraNdataMatrix[414][2][2]	int	605
i18n.words_matrix	paraNdataMatrix[414][2][3]	int	637
i18n.words_matrix	paraNdataMatrix[414][2][4]	int	663
i18n.words_matrix	paraNdataMatrix[414][2][5]	int	691
i18n.words_matrix	paraNdataMatrix[415]	tuple	3
i18n.words_matrix	paraNdataMatrix[415][0]	ref	i18n.words_context:ParametersMain.kontinuum
i18n.words_matrix	paraNdataMatrix[415][1]	tuple	3
i18n.words_matrix	paraNdataMatrix[415][1][0]	str	P5
i18n.words_matrix	paraNdataMatrix[415][1][1]	str	p5
i18n.words_matrix	paraNdataMatrix[415][1][2]	str	Sechszehn->Fünf
i18n.words_matrix	paraNdataMatrix[415][2]	set	1
i18n.words_matrix	paraNdataMatrix[415][2][0]	int	501
i18n.words_matrix	paraNdataMatrix[416]	tuple	3
i18n.words_matrix	paraNdataMatrix[416][0]	ref	i18n.words_context:ParametersMain.multiversum
i18n.words_matrix	paraNdataMatrix[416][1]	tuple	3
i18n.words_matrix	paraNdataMatrix[416][1][0]	str	P5
i18n.words_matrix	paraNdataMatrix[416][1][1]	str	p5
i18n.words_matrix	paraNdataMatrix[416][1][2]	str	Sechszehn->Fünf
i18n.words_matrix	paraNdataMatrix[416][2]	set	1
i18n.words_matrix	paraNdataMatrix[416][2][0]	int	501
i18n.words_matrix	paraNdataMatrix[417]	tuple	3
i18n.words_matrix	paraNdataMatrix[417][0]	ref	i18n.words_context:ParametersMain.kontinuum
i18n.words_matrix	paraNdataMatrix[417][1]	tuple	3
i18n.words_matrix	paraNdataMatrix[417][1][0]	str	P
i18n.words_matrix	paraNdataMatrix[417][1][1]	str	p
i18n.words_matrix	paraNdataMatrix[417][1][2]	str	Sechszehn
i18n.words_matrix	paraNdataMatrix[417][2]	set	6
i18n.words_matrix	paraNdataMatrix[417][2][0]	int	435
i18n.words_matrix	paraNdataMatrix[417][2][1]	int	569
i18n.words_matrix	paraNdataMatrix[417][2][2]	int	605
i18n.words_matrix	paraNdataMatrix[417][2][3]	int	637
i18n.words_matrix	paraNdataMatrix[417][2][4]	int	663
i18n.words_matrix	paraNdataMatrix[417][2][5]	int	691
i18n.words_matrix	paraNdataMatrix[418]	tuple	3
i18n.words_matrix	paraNdataMatrix[418][0]	ref	i18n.words_context:ParametersMain.kontinuum
i18n.words_matrix	paraNdataMatrix[418][1]	tuple	3
i18n.words_matrix	paraNdataMatrix[418][1][0]	str	X
i18n.words_matrix	paraNdataMatrix[418][1][1]	str	x
i18n.words_matrix	paraNdataMatrix[418][1][2]	str	Vierundzwanzig
i18n.words_matrix	paraNdataMatrix[418][2]	set	12
i18n.words_matrix	paraNdataMatrix[418][2][0]	int	25
i18n.words_matrix	paraNdataMatrix[418][2][1]	int	386
i18n.words_matrix	paraNdataMatrix[418][2][2]	int	436
i18n.words_matrix	paraNdataMatrix[418][2][3]	int	549
i18n.words_matrix	paraNdataMatrix[418][2][4]	int	55
i18n.words_matrix	paraNdataMatrix[418][2][5]	int	554
i18n.words_matrix	paraNdataMatrix[418][2][6]	int	565
i18n.words_matrix	paraNdataMatrix[418][2][7]	int	566
i18n.words_matrix	paraNdataMatrix[418][2][8]	int	591
i18n.words_matrix	paraNdataMatrix[418][2][9]	int	618
i18n.words_matrix	paraNdataMatrix[418][2][10]	int	619
i18n.words_matrix	paraNdataMatrix[418][2][11]	int	681
i18n.words_matrix	paraNdataMatrix[419]	tuple	3
i18n.words_matrix	paraNdataMatrix[419][0]	ref	i18n.words_context:ParametersMain.kontinuum
i18n.words_matrix	paraNdataMatrix[419][1]	tuple	3
i18n.words_matrix	paraNdataMatrix[419][1][0]	str	S
i18n.words_matrix	paraNdataMatrix[419][1][1]	str	s
i18n.words_matrix	paraNdataMatrix[419][1][2]	str	Neunzehn
i18n.words_matrix	paraNdataMatrix[419][2]	set	2
i18n.words_matrix	paraNdataMatrix[419][2][0]	int	504
i18n.words_matrix	paraNdataMatrix[419][2][1]	int	575
i18n.words_matrix	paraNdataMatrix[420]	tuple	3
i18n.words_matrix	paraNdataMatrix[420][0]	ref	i18n.words_context:ParametersMain.kontinuum
i18n.words_matrix	paraNdataMatrix[420][1]	tuple	3
i18n.words_matrix	paraNdataMatrix[420][1][0]	str	R
i18n.words_matrix	paraNdataMatrix[420][1][1]	str	r
i18n.words_matrix	paraNdataMatrix[420][1][2]	str	Achtzehn
i18n.words_matrix	paraNdataMatrix[420][2]	set	4
i18n.words_matrix	paraNdataMatrix[420][2][0]	int	436
i18n.words_matrix	paraNdataMatrix[420][2][1]	int	451
i18n.words_matrix	paraNdataMatrix[420][2][2]	int	556
i18n.words_matrix	paraNdataMatrix[420][2][3]	int	618
i18n.words_matrix	paraNdataMatrix[421]	tuple	3
i18n.words_matrix	paraNdataMatrix[421][0]	ref	i18n.words_context:ParametersMain.kontinuum
i18n.words_matrix	paraNdataMatrix[421][1]	tuple	3
i18n.words_matrix	paraNdataMatrix[421][1][0]	str	A
i18n.words_matrix	paraNdataMatrix[421][1][1]	str	a
i18n.words_matrix	paraNdataMatrix[421][1][2]	str	Eins
i18n.words_matrix	paraNdataMatrix[421][2]	set	1
i18n.words_matrix	paraNdataMatrix[421][2][0]	int	446
i18n.words_matrix	paraNdataMatrix[422]	tuple	3
i18n.words_matrix	paraNdataMatrix[422][0]	ref	i18n.words_context:ParametersMain.kontinuum
i18n.words_matrix	paraNdataMatrix[422][1]	tuple	3
i18n.words_matrix	paraNdataMatrix[422][1][0]	str	B
i18n.words_matrix	paraNdataMatrix[422][1][1]	str	b
i18n.words_matrix	paraNdataMatrix[422][1][2]	str	Zwei
i18n.words_matrix	paraNdataMatrix[422][2]	set	1
i18n.words_matrix	paraNdataMatrix[422][2][0]	int	447
i18n.words_matrix	paraNdataMatrix[423]	tuple	3
i18n.words_matrix	paraNdataMatrix[423][0]	ref	i18n.words_context:ParametersMain.kontinuum
i18n.words_matrix	paraNdataMatrix[423][1]	tuple	3
i18n.words_matrix	paraNdataMatrix[423][1][0]	str	C
i18n.words_matrix	paraNdataMatrix[423][1][1]	str	c
i18n.words_matrix	paraNdataMatrix[423][1][2]	str	Drei
i18n.words_matrix	paraNdataMatrix[423][2]	set	1
i18n.words_matrix	paraNdataMatrix[423][2][0]	int	448
i18n.words_matrix	paraNdataMatrix[424]	tuple	3
i18n.words_matrix	paraNdataMatrix[424][0]	ref	i18n.words_context:ParametersMain.menschliches
i18n.words_matrix	paraNdataMatrix[424][1]	tuple	2
i18n.words_matrix	paraNdataMatrix[424][1][0]	str	Konservativismus
i18n.words_matrix	paraNdataMatrix[424][1][1]	str	konservativ
i18n.words_matrix	paraNdataMatrix[424][2]	set	6
i18n.words_matrix	paraNdataMatrix[424][2][0]	int	651
i18n.words_matrix	paraNdataMatrix[424][2][1]	int	652
i18n.words_matrix	paraNdataMatrix[424][2][2]	int	653
i18n.words_matrix	paraNdataMatrix[424][2][3]	int	654
i18n.words_matrix	paraNdataMatrix[424][2][4]	int	655
i18n.words_matrix	paraNdataMatrix[424][2][5]	int	656
i18n.words_matrix	paraNdataMatrix[425]	tuple	3
i18n.words_matrix	paraNdataMatrix[425][0]	ref	i18n.words_context:ParametersMain.menschliches
i18n.words_matrix	paraNdataMatrix[425][1]	tuple	4
i18n.words_matrix	paraNdataMatrix[425][1][0]	str	Meisterschaft
i18n.words_matrix	paraNdataMatrix[425][1][1]	str	Professioneller
i18n.words_matrix	paraNdataMatrix[425][1][2]	str	meister
i18n.words_matrix	paraNdataMatrix[425][1][3]	str	profi
i18n.words_matrix	paraNdataMatrix[425][2]	set	1
i18n.words_matrix	paraNdataMatrix[425][2][0]	int	596
i18n.words_matrix	paraNdataMatrix[426]	tuple	3
i18n.words_matrix	paraNdataMatrix[426][0]	ref	i18n.words_context:ParametersMain.menschliches
i18n.words_matrix	paraNdataMatrix[426][1]	tuple	3
i18n.words_matrix	paraNdataMatrix[426][1][0]	str	Management
i18n.words_matrix	paraNdataMatrix[426][1][1]	str	managen
i18n.words_matrix	paraNdataMatrix[426][1][2]	str	handhaben
i18n.words_matrix	paraNdataMatrix[426][2]	set	1
i18n.words_matrix	paraNdataMatrix[426][2][0]	int	658
i18n.words_matrix	paraNdataMatrix[427]	tuple	3
i18n.words_matrix	paraNdataMatrix[427][0]	ref	i18n.words_context:ParametersMain.menschliches
i18n.words_matrix	paraNdataMatrix[427][1]	tuple	2
i18n.words_matrix	paraNdataMatrix[427][1][0]	str	Evolution
i18n.words_matrix	paraNdataMatrix[427][1][1]	str	intelligent_Design
i18n.words_matrix	paraNdataMatrix[427][2]	set	1
i18n.words_matrix	paraNdataMatrix[427][2][0]	int	657
i18n.words_matrix	paraNdataMatrix[428]	tuple	3
i18n.words_matrix	paraNdataMatrix[428][0]	ref	i18n.words_context:ParametersMain.menschliches
i18n.words_matrix	paraNdataMatrix[428][1]	tuple	2
i18n.words_matrix	paraNdataMatrix[428][1][0]	str	Karriere
i18n.words_matrix	paraNdataMatrix[428][1][1]	str	karriere
i18n.words_matrix	paraNdataMatrix[428][2]	set	6
i18n.words_matrix	paraNdataMatrix[428][2][0]	int	595
i18n.words_matrix	paraNdataMatrix[428][2][1]	int	597
i18n.words_matrix	paraNdataMatrix[428][2][2]	int	712
i18n.words_matrix	paraNdataMatrix[428][2][3]	int	713
i18n.words_matrix	paraNdataMatrix[428][2][4]	int	714
i18n.words_matrix	paraNdataMatrix[428][2][5]	int	715
i18n.words_matrix	paraNdataMatrix[429]	tuple	3
i18n.words_matrix	paraNdataMatrix[429][0]	ref	i18n.words_context:ParametersMain.menschliches
i18n.words_matrix	paraNdataMatrix[429][1]	tuple	2
i18n.words_matrix	paraNdataMatrix[429][1][0]	str	Eliten
i18n.words_matrix	paraNdataMatrix[429][1][1]	str	elite
i18n.words_matrix	paraNdataMatrix[429][2]	set	1
i18n.words_matrix	paraNdataMatrix[429][2][0]	int	585
i18n.words_matrix	paraNdataMatrix[430]	tuple	3
i18n.words_matrix	paraNdataMatrix[430][0]	ref	i18n.words_context:ParametersMain.kontinuum
i18n.words_matrix	paraNdataMatrix[430][1]	tuple	3
i18n.words_matrix	paraNdataMatrix[430][1][0]	str	D
i18n.words_matrix	paraNdataMatrix[430][1][1]	str	d
i18n.words_matrix	paraNdataMatrix[430][1][2]	str	Vier
i18n.words_matrix	paraNdataMatrix[430][2]	set	2
i18n.words_matrix	paraNdataMatrix[430][2][0]	int	449
i18n.words_matrix	paraNdataMatrix[430][2][1]	int	585
i18n.words_matrix	kombiParaNdataMatrix	ordereddict	12
i18n.words_matrix	kombiParaNdataMatrix[0].key	int	1
i18n.words_matrix	kombiParaNdataMatrix[0].value	tuple	4
i18n.words_matrix	kombiParaNdataMatrix[0].value[0]	str	Lebewesen
i18n.words_matrix	kombiParaNdataMatrix[0].value[1]	str	tiere
i18n.words_matrix	kombiParaNdataMatrix[0].value[2]	str	tier
i18n.words_matrix	kombiParaNdataMatrix[0].value[3]	str	lebewesen
i18n.words_matrix	kombiParaNdataMatrix[1].key	int	2
i18n.words_matrix	kombiParaNdataMatrix[1].value	tuple	3
i18n.words_matrix	kombiParaNdataMatrix[1].value[0]	str	Berufe
i18n.words_matrix	kombiParaNdataMatrix[1].value[1]	str	berufe
i18n.words_matrix	kombiParaNdataMatrix[1].value[2]	str	beruf
i18n.words_matrix	kombiParaNdataMatrix[2].key	int	3
i18n.words_matrix	kombiParaNdataMatrix[2].value	tuple	4
i18n.words_matrix	kombiParaNdataMatrix[2].value[0]	str	Kreativität_und_Intelligenz
i18n.words_matrix	kombiParaNdataMatrix[2].value[1]	str	kreativität
i18n.words_matrix	kombiParaNdataMatrix[2].value[2]	str	intelligenz
i18n.words_matrix	kombiParaNdataMatrix[2].value[3]	str	kreativitaet
i18n.words_matrix	kombiParaNdataMatrix[3].key	int	4
i18n.words_matrix	kombiParaNdataMatrix[3].value	tuple	2
i18n.words_matrix	kombiParaNdataMatrix[3].value[0]	str	Liebe
i18n.words_matrix	kombiParaNdataMatrix[3].value[1]	str	liebe
i18n.words_matrix	kombiParaNdataMatrix[4].key	int	7
i18n.words_matrix	kombiParaNdataMatrix[4].value	tuple	4
i18n.words_matrix	kombiParaNdataMatrix[4].value[0]	str	Männer
i18n.words_matrix	kombiParaNdataMatrix[4].value[1]	str	männer
i18n.words_matrix	kombiParaNdataMatrix[4].value[2]	str	maenner
i18n.words_matrix	kombiParaNdataMatrix[4].value[3]	str	frauen
i18n.words_matrix	kombiParaNdataMatrix[5].key	int	8
i18n.words_matrix	kombiParaNdataMatrix[5].value	tuple	5
i18n.words_matrix	kombiParaNdataMatrix[5].value[0]	str	Persönlichkeit_evolutionär_erwerben
i18n.words_matrix	kombiParaNdataMatrix[5].value[1]	str	evolution
i18n.words_matrix	kombiParaNdataMatrix[5].value[2]	str	erwerben
i18n.words_matrix	kombiParaNdataMatrix[5].value[3]	str	persoenlichkeit
i18n.words_matrix	kombiParaNdataMatrix[5].value[4]	str	persönlichkeit
i18n.words_matrix	kombiParaNdataMatrix[6].key	int	9
i18n.words_matrix	kombiParaNdataMatrix[6].value	tuple	3
i18n.words_matrix	kombiParaNdataMatrix[6].value[0]	str	Religion
i18n.words_matrix	kombiParaNdataMatrix[6].value[1]	str	religion
i18n.words_matrix	kombiParaNdataMatrix[6].value[2]	str	religionen
i18n.words_matrix	kombiParaNdataMatrix[7].key	int	10
i18n.words_matrix	kombiParaNdataMatrix[7].value	tuple	5
i18n.words_matrix	kombiParaNdataMatrix[7].value[0]	str	Motive_Ziele
i18n.words_matrix	kombiParaNdataMatrix[7].value[1]	str	motivation
i18n.words_matrix	kombiParaNdataMatrix[7].value[2]	str	ziele
i18n.words_matrix	kombiParaNdataMatrix[7].value[3]	str	ziel
i18n.words_matrix	kombiParaNdataMatrix[7].value[4]	str	motive
i18n.words_matrix	kombiParaNdataMatrix[8].key	int	12
i18n.words_matrix	kombiParaNdataMatrix[8].value	tuple	6
i18n.words_matrix	kombiParaNdataMatrix[8].value[0]	str	Emotionen
i18n.words_matrix	kombiParaNdataMatrix[8].value[1]	str	emotionen
i18n.words_matrix	kombiParaNdataMatrix[8].value[2]	str	gefuehle
i18n.words_matrix	kombiParaNdataMatrix[8].value[3]	str	emotion
i18n.words_matrix	kombiParaNdataMatrix[8].value[4]	str	gefühl
i18n.words_matrix	kombiParaNdataMatrix[8].value[5]	str	gefühle
i18n.words_matrix	kombiParaNdataMatrix[9].key	int	13
i18n.words_matrix	kombiParaNdataMatrix[9].value	tuple	4
i18n.words_matrix	kombiParaNdataMatrix[9].value[0]	str	Personen
i18n.words_matrix	kombiParaNdataMatrix[9].value[1]	str	personen
i18n.words_matrix	kombiParaNdataMatrix[9].value[2]	str	berühmtheiten
i18n.words_matrix	kombiParaNdataMatrix[9].value[3]	str	beruehmtheiten
i18n.words_matrix	kombiParaNdataMatrix[10].key	int	16
i18n.words_matrix	kombiParaNdataMatrix[10].value	tuple	5
i18n.words_matrix	kombiParaNdataMatrix[10].value[0]	str	Wirtschaftssysteme
i18n.words_matrix	kombiParaNdataMatrix[10].value[1]	str	wirtschaftssystem
i18n.words_matrix	kombiParaNdataMatrix[10].value[2]	str	wirtschaftssysteme
i18n.words_matrix	kombiParaNdataMatrix[10].value[3]	str	kombinierteswirtschaftssystem
i18n.words_matrix	kombiParaNdataMatrix[10].value[4]	str	kombiniertewirtschaftssysteme
i18n.words_matrix	kombiParaNdataMatrix[11].key	int	17
i18n.words_matrix	kombiParaNdataMatrix[11].value	tuple	1
i18n.words_matrix	kombiParaNdataMatrix[11].value[0]	str	Eigentum_und_Besitz
i18n.words_matrix	kombiParaNdataMatrix2	ordereddict	14
i18n.words_matrix	kombiParaNdataMatrix2[0].key	int	1
i18n.words_matrix	kombiParaNdataMatrix2[0].value	tuple	4
i18n.words_matrix	kombiParaNdataMatrix2[0].value[0]	str	Lebewesen
i18n.words_matrix	kombiParaNdataMatrix2[0].value[1]	str	tiere
i18n.words_matrix	kombiParaNdataMatrix2[0].value[2]	str	tier
i18n.words_matrix	kombiParaNdataMatrix2[0].value[3]	str	lebewesen
i18n.words_matrix	kombiParaNdataMatrix2[1].key	int	2
i18n.words_matrix	kombiParaNdataMatrix2[1].value	tuple	3
i18n.words_matrix	kombiParaNdataMatrix2[1].value[0]	str	Berufe
i18n.words_matrix	kombiParaNdataMatrix2[1].value[1]	str	berufe
i18n.words_matrix	kombiParaNdataMatrix2[1].value[2]	str	beruf
i18n.words_matrix	kombiParaNdataMatrix2[2].key	int	5
i18n.words_matrix	kombiParaNdataMatrix2[2].value	tuple	5
i18n.words_matrix	kombiParaNdataMatrix2[2].value[0]	str	Transzendentalien_Strukturalien
i18n.words_matrix	kombiParaNdataMatrix2[2].value[1]	str	transzendenz
i18n.words_matrix	kombiParaNdataMatrix2[2].value[2]	str	transzendentalien
i18n.words_matrix	kombiParaNdataMatrix2[2].value[3]	str	strukturalien
i18n.words_matrix	kombiParaNdataMatrix2[2].value[4]	str	alien
i18n.words_matrix	kombiParaNdataMatrix2[3].key	int	6
i18n.words_matrix	kombiParaNdataMatrix2[3].value	tuple	3
i18n.words_matrix	kombiParaNdataMatrix2[3].value[0]	str	Primzahlkreuz
i18n.words_matrix	kombiParaNdataMatrix2[3].value[1]	str	leibnitz
i18n.words_matrix	kombiParaNdataMatrix2[3].value[2]	str	primzahlkreuz
i18n.words_matrix	kombiParaNdataMatrix2[4].key	int	8
i18n.words_matrix	kombiParaNdataMatrix2[4].value	tuple	5
i18n.words_matrix	kombiParaNdataMatrix2[4].value[0]	str	Persönlichkeit_evolutionär_erwerben
i18n.words_matrix	kombiParaNdataMatrix2[4].value[1]	str	evolution
i18n.words_matrix	kombiParaNdataMatrix2[4].value[2]	str	erwerben
i18n.words_matrix	kombiParaNdataMatrix2[4].value[3]	str	persoenlichkeit
i18n.words_matrix	kombiParaNdataMatrix2[4].value[4]	str	persönlichkeit
i18n.words_matrix	kombiParaNdataMatrix2[5].key	int	9
i18n.words_matrix	kombiParaNdataMatrix2[5].value	tuple	3
i18n.words_matrix	kombiParaNdataMatrix2[5].value[0]	str	Religion
i18n.words_matrix	kombiParaNdataMatrix2[5].value[1]	str	religion
i18n.words_matrix	kombiParaNdataMatrix2[5].value[2]	str	religionen
i18n.words_matrix	kombiParaNdataMatrix2[6].key	int	10
i18n.words_matrix	kombiParaNdataMatrix2[6].value	tuple	5
i18n.words_matrix	kombiParaNdataMatrix2[6].value[0]	str	Motive_Ziele
i18n.words_matrix	kombiParaNdataMatrix2[6].value[1]	str	motivation
i18n.words_matrix	kombiParaNdataMatrix2[6].value[2]	str	motive
i18n.words_matrix	kombiParaNdataMatrix2[6].value[3]	str	ziele
i18n.words_matrix	kombiParaNdataMatrix2[6].value[4]	str	ziel
i18n.words_matrix	kombiParaNdataMatrix2[7].key	int	11
i18n.words_matrix	kombiParaNdataMatrix2[7].value	tuple	3
i18n.words_matrix	kombiParaNdataMatrix2[7].value[0]	str	analytische_Ontologie
i18n.words_matrix	kombiParaNdataMatrix2[7].value[1]	str	analytischeontologie
i18n.words_matrix	kombiParaNdataMatrix2[7].value[2]	str	ontologie
i18n.words_matrix	kombiParaNdataMatrix2[8].key	int	13
i18n.words_matrix	kombiParaNdataMatrix2[8].value	tuple	4
i18n.words_matrix	kombiParaNdataMatrix2[8].value[0]	str	Personen
i18n.words_matrix	kombiParaNdataMatrix2[8].value[1]	str	personen
i18n.words_matrix	kombiParaNdataMatrix2[8].value[2]	str	berühmtheiten
i18n.words_matrix	kombiParaNdataMatrix2[8].value[3]	str	beruehmtheiten
i18n.words_matrix	kombiParaNdataMatrix2[9].key	int	14
i18n.words_matrix	kombiParaNdataMatrix2[9].value	tuple	5
i18n.words_matrix	kombiParaNdataMatrix2[9].value[0]	str	Mechanismen_der_Zuechtung
i18n.words_matrix	kombiParaNdataMatrix2[9].value[1]	str	mechanismen
i18n.words_matrix	kombiParaNdataMatrix2[9].value[2]	str	wesen
i18n.words_matrix	kombiParaNdataMatrix2[9].value[3]	str	zuechten
i18n.words_matrix	kombiParaNdataMatrix2[9].value[4]	str	züchten
i18n.words_matrix	kombiParaNdataMatrix2[10].key	int	15
i18n.words_matrix	kombiParaNdataMatrix2[10].value	tuple	3
i18n.words_matrix	kombiParaNdataMatrix2[10].value[0]	str	Gegentranszendentalien
i18n.words_matrix	kombiParaNdataMatrix2[10].value[1]	str	gegentranszendentalien
i18n.words_matrix	kombiParaNdataMatrix2[10].value[2]	str	gegenstrukturalien
i18n.words_matrix	kombiParaNdataMatrix2[11].key	int	17
i18n.words_matrix	kombiParaNdataMatrix2[11].value	tuple	4
i18n.words_matrix	kombiParaNdataMatrix2[11].value[0]	str	Maschinen
i18n.words_matrix	kombiParaNdataMatrix2[11].value[1]	str	maschinen
i18n.words_matrix	kombiParaNdataMatrix2[11].value[2]	str	geräte
i18n.words_matrix	kombiParaNdataMatrix2[11].value[3]	str	geraete
i18n.words_matrix	kombiParaNdataMatrix2[12].key	int	18
i18n.words_matrix	kombiParaNdataMatrix2[12].value	tuple	2
i18n.words_matrix	kombiParaNdataMatrix2[12].value[0]	str	Geist
i18n.words_matrix	kombiParaNdataMatrix2[12].value[1]	str	geist
i18n.words_matrix	kombiParaNdataMatrix2[13].key	int	19
i18n.words_matrix	kombiParaNdataMatrix2[13].value	tuple	2
i18n.words_matrix	kombiParaNdataMatrix2[13].value[0]	str	Bewusstsein
i18n.words_matrix	kombiParaNdataMatrix2[13].value[1]	str	bewusstsein
i18n.words_runtime	alxp	function	(text)
i18n.words_runtime	x	function	(text1, text)
i18n.words_runtime	sprachen	ref	i18n.words_context:sprachen
i18n.words_runtime	sprachen2	ref	i18n.words_context:sprachen2
i18n.words_runtime	sprachenWahl	str	deutsch
i18n.words_runtime	sprachenParameterWort	str	-language=
i18n.words_runtime	flagS	bool	true
i18n.words_runtime	arg	str	-language=deutsch
i18n.words_runtime	localedir	str	python_reference/i18n
i18n.words_runtime	Multiplikationen	ref	i18n.words_context:Multiplikationen
i18n.words_runtime	netzwerkWort	str	netzwerk
i18n.words_runtime	Primzahlkreuz_pro_contra_strs	ref	i18n.words_context:Primzahlkreuz_pro_contra_strs
i18n.words_runtime	keineTabellenAusgabe	str	ein Mal kein Tabelleninhalt
i18n.words_runtime	Primzahlkreuz_pro_contra_strs_Fkt	ref	i18n.words_context:Primzahlkreuz_pro_contra_strs_Fkt
i18n.words_runtime	Primzahlkreuz_pro_contra_strs_Dict	ref	i18n.words_context:Primzahlkreuz_pro_contra_strs_Dict
i18n.words_runtime	gebrochenSpaltenMaximumPlus1	int	24
i18n.words_runtime	primzahlWort	str	Primzahl
i18n.words_runtime	geistWort	str	geist
i18n.words_runtime	emotionWort	str	emotion
i18n.words_runtime	ausgabeParas	ref	i18n.words_context:ausgabeParas
i18n.words_runtime	ausgabeParasEqSign	ref	i18n.words_context:ausgabeParasEqSign
i18n.words_runtime	ausgabeParasLen	ref	i18n.words_context:ausgabeParasLen
i18n.words_runtime	kombiMainParas	ref	i18n.words_context:kombiMainParas
i18n.words_runtime	zeilenParas	ref	i18n.words_context:zeilenParas
i18n.words_runtime	zeilenParasLen	ref	i18n.words_context:zeilenParasLen
i18n.words_runtime	hauptForNeben	dict	8
i18n.words_runtime	hauptForNeben[0].key	str	zeilen
i18n.words_runtime	hauptForNeben[0].value	str	zeilen
i18n.words_runtime	hauptForNeben[1].key	str	spalten
i18n.words_runtime	hauptForNeben[1].value	str	spalten
i18n.words_runtime	hauptForNeben[2].key	str	kombination
i18n.words_runtime	hauptForNeben[2].value	str	kombination
i18n.words_runtime	hauptForNeben[3].key	str	ausgabe
i18n.words_runtime	hauptForNeben[3].value	str	ausgabe
i18n.words_runtime	hauptForNeben[4].key	str	h
i18n.words_runtime	hauptForNeben[4].value	str	h
i18n.words_runtime	hauptForNeben[5].key	str	help
i18n.words_runtime	hauptForNeben[5].value	str	help
i18n.words_runtime	hauptForNeben[6].key	str	debug
i18n.words_runtime	hauptForNeben[6].value	str	debug
i18n.words_runtime	hauptForNeben[7].key	str	nichts
i18n.words_runtime	hauptForNeben[7].value	str	nichts
i18n.words_runtime	ausgabeArt	ref	i18n.words_context:ausgabeArt
i18n.words_runtime	wahl16Words	ref	i18n.words_context:wahl16Words
i18n.words_runtime	wahl15Words	ref	i18n.words_context:wahl15Words
i18n.words_runtime	kugelnKreise	ref	i18n.words_context:kugelnKreise
i18n.words_runtime	ParametersMain	ref	i18n.words_context:ParametersMain
i18n.words_runtime	konzeptE	ref	i18n.words_context:konzeptE
i18n.words_runtime	gebrochenUniGal	ref	i18n.words_context:gebrochenUniGal
i18n.words_runtime	gebrochenUniGalEinzeln	ref	i18n.words_context:gebrochenUniGalEinzeln
i18n.words_runtime	wahl15	ref	i18n.words_context:wahl15
i18n.words_runtime	wahl16	ref	i18n.words_context:wahl16
i18n.words_runtime	freiheitGleichheit	ref	i18n.words_context:freiheitGleichheit
i18n.words_runtime	gemeinsamkeitenWort	str	Gemeinsamkeiten
i18n.words_runtime	befehle2	ref	i18n.words_context:befehle2
i18n.words_runtime	finde_mehrfache_vorkommen	function	(stringliste)
i18n.words_runtime	befehle	ref	i18n.words_context:befehle
i18n.words_runtime	haupt2neben	ref	i18n.words_context:haupt2neben
i18n.words_runtime	organisationWort	str	organisation
i18n.words_runtime	thomasWort	str	thomas
i18n.words_runtime	motivationWort	str	motivation
i18n.words_runtime	komplexWort	str	komplex
i18n.words_runtime	transzendentalienWort	str	transzendentalien
i18n.words_runtime	transzendentaliereziprokeWort	str	transzendentaliereziproke
i18n.words_runtime	verhaeltnisgleicherzahlWort	str	verhaeltnisgleicherzahl
i18n.words_runtime	gestirnWort	str	gestirn
i18n.words_runtime	primzahlkreuzWort	str	primzahlkreuz
i18n.words_runtime	GalaxieabsichtWort	str	Galaxieabsicht
i18n.words_runtime	paraNdataMatrix	ref	i18n.words_matrix:paraNdataMatrix
i18n.words_runtime	kombiParaNdataMatrix	ref	i18n.words_matrix:kombiParaNdataMatrix
i18n.words_runtime	kombiParaNdataMatrix2	ref	i18n.words_matrix:kombiParaNdataMatrix2
i18n.words_runtime	classify	function	(mod)
i18n.words_runtime	tableHandling	class	4
i18n.words_runtime	tableHandling.parameterName	dict	1
i18n.words_runtime	tableHandling.parameterName[0].key	str	kombination
i18n.words_runtime	tableHandling.parameterName[0].value	str	kombination
i18n.words_runtime	tableHandling.art	ref	i18n.words_context:ausgabeArt
i18n.words_runtime	tableHandling.into	dict	7
i18n.words_runtime	tableHandling.into[0].key	str	Kombination_(Galaxie_und_schwarzes_Loch)_(14_mit_13)
i18n.words_runtime	tableHandling.into[0].value	str	Kombination_(Galaxie_und_schwarzes_Loch)_(14_mit_13)
i18n.words_runtime	tableHandling.into[1].key	str	Wichtigstes_zum_gedanklich_einordnen
i18n.words_runtime	tableHandling.into[1].value	str	Wichtigstes_zum_gedanklich_einordnen
i18n.words_runtime	tableHandling.into[2].key	str	Zweitwichtigste
i18n.words_runtime	tableHandling.into[2].value	str	Zweitwichtigste
i18n.words_runtime	tableHandling.into[3].key	str	berufe
i18n.words_runtime	tableHandling.into[3].value	str	berufe
i18n.words_runtime	tableHandling.into[4].key	str	intelligenz
i18n.words_runtime	tableHandling.into[4].value	str	intelligenz
i18n.words_runtime	tableHandling.into[5].key	str	tiere
i18n.words_runtime	tableHandling.into[5].value	str	tiere
i18n.words_runtime	tableHandling.into[6].key	str	Kombination_(Universum_und_Galaxie)_(14_mit_15)
i18n.words_runtime	tableHandling.into[6].value	str	Kombination_(Universum_und_Galaxie)_(14_mit_15)
i18n.words_runtime	tableHandling.gestirnGrossschrift	dict	7
i18n.words_runtime	tableHandling.gestirnGrossschrift[0].key	str	Gestirn
i18n.words_runtime	tableHandling.gestirnGrossschrift[0].value	str	Gestirn
i18n.words_runtime	tableHandling.gestirnGrossschrift[1].key	str	, und außerdem 
i18n.words_runtime	tableHandling.gestirnGrossschrift[1].value	str	, und außerdem 
i18n.words_runtime	tableHandling.gestirnGrossschrift[2].key	str	Mond (Potenzen)
i18n.words_runtime	tableHandling.gestirnGrossschrift[2].value	str	Mond (Potenzen)
i18n.words_runtime	tableHandling.gestirnGrossschrift[3].key	str	Sonne
i18n.words_runtime	tableHandling.gestirnGrossschrift[3].value	str	Sonne
i18n.words_runtime	tableHandling.gestirnGrossschrift[4].key	str	Sonne (keine Potenzen)
i18n.words_runtime	tableHandling.gestirnGrossschrift[4].value	str	Sonne (keine Potenzen)
i18n.words_runtime	tableHandling.gestirnGrossschrift[5].key	str	Planet (2*n)
i18n.words_runtime	tableHandling.gestirnGrossschrift[5].value	str	Planet (2*n)
i18n.words_runtime	tableHandling.gestirnGrossschrift[6].key	str	wäre eine schwarze Sonne (-3*n), wenn ins Negative durch eine Typ 13 verdreht
i18n.words_runtime	tableHandling.gestirnGrossschrift[6].value	str	wäre eine schwarze Sonne (-3*n), wenn ins Negative durch eine Typ 13 verdreht
i18n.words_runtime	concat	class	38
i18n.words_runtime	concat.themaWort	str	Thema: 
i18n.words_runtime	concat.polygon1	dict	1
i18n.words_runtime	concat.polygon1[0].key	str	 der eigenen Strukturgröße (
i18n.words_runtime	concat.polygon1[0].value	str	 der eigenen Strukturgröße (
i18n.words_runtime	concat.polygon2	dict	1
i18n.words_runtime	concat.polygon2[0].key	str	) auf dich bei gleichförmigen Polygonen
i18n.words_runtime	concat.polygon2[0].value	str	) auf dich bei gleichförmigen Polygonen
i18n.words_runtime	concat.gleichheitFreiheitVergleich	dict	7
i18n.words_runtime	concat.gleichheitFreiheitVergleich[0].key	str	Gleichheit, Freiheit, Dominieren (Ordnungen [12]) Generiert
i18n.words_runtime	concat.gleichheitFreiheitVergleich[0].value	str	Gleichheit, Freiheit, Dominieren (Ordnungen [12]) Generiert
i18n.words_runtime	concat.gleichheitFreiheitVergleich[1].key	str	Dominieren, Unterordnen
i18n.words_runtime	concat.gleichheitFreiheitVergleich[1].value	str	Dominieren, Unterordnen
i18n.words_runtime	concat.gleichheitFreiheitVergleich[2].key	str	Freiheit
i18n.words_runtime	concat.gleichheitFreiheitVergleich[2].value	str	Freiheit
i18n.words_runtime	concat.gleichheitFreiheitVergleich[3].key	str	Einschränkung der Freiheit
i18n.words_runtime	concat.gleichheitFreiheitVergleich[3].value	str	Einschränkung der Freiheit
i18n.words_runtime	concat.gleichheitFreiheitVergleich[4].key	str	Gleichheit
i18n.words_runtime	concat.gleichheitFreiheitVergleich[4].value	str	Gleichheit
i18n.words_runtime	concat.gleichheitFreiheitVergleich[5].key	str	den anderen überbieten wollen
i18n.words_runtime	concat.gleichheitFreiheitVergleich[5].value	str	den anderen überbieten wollen
i18n.words_runtime	concat.gleichheitFreiheitVergleich[6].key	str	den anderen unterbieten wollen
i18n.words_runtime	concat.gleichheitFreiheitVergleich[6].value	str	den anderen unterbieten wollen
i18n.words_runtime	concat.energietopologie1	dict	11
i18n.words_runtime	concat.energietopologie1[0].key	str	eine Denkart
i18n.words_runtime	concat.energietopologie1[0].value	str	eine Denkart
i18n.words_runtime	concat.energietopologie1[1].key	str	eine Gefühlsart
i18n.words_runtime	concat.energietopologie1[1].value	str	eine Gefühlsart
i18n.words_runtime	concat.energietopologie1[2].key	str	total eine Art, etwas geistig zu erzeugen
i18n.words_runtime	concat.energietopologie1[2].value	str	total eine Art, etwas geistig zu erzeugen
i18n.words_runtime	concat.energietopologie1[3].key	str	total eine Art zu erleben
i18n.words_runtime	concat.energietopologie1[3].value	str	total eine Art zu erleben
i18n.words_runtime	concat.energietopologie1[4].key	str	total eine Energie-Art
i18n.words_runtime	concat.energietopologie1[4].value	str	total eine Energie-Art
i18n.words_runtime	concat.energietopologie1[5].key	str	etwas eine Art zu erleben
i18n.words_runtime	concat.energietopologie1[5].value	str	etwas eine Art zu erleben
i18n.words_runtime	concat.energietopologie1[6].key	str	etwas eine Art, etwas geistig zu erzeugen
i18n.words_runtime	concat.energietopologie1[6].value	str	etwas eine Art, etwas geistig zu erzeugen
i18n.words_runtime	concat.energietopologie1[7].key	str	wenig eine Art, etwas geistig zu erzeugen
i18n.words_runtime	concat.energietopologie1[7].value	str	wenig eine Art, etwas geistig zu erzeugen
i18n.words_runtime	concat.energietopologie1[8].key	str	einigermaßen eine Energie-Art
i18n.words_runtime	concat.energietopologie1[8].value	str	einigermaßen eine Energie-Art
i18n.words_runtime	concat.energietopologie1[9].key	str	kaum eine Energie-Art
i18n.words_runtime	concat.energietopologie1[9].value	str	kaum eine Energie-Art
i18n.words_runtime	concat.energietopologie1[10].key	str	kaum eine Art, etwas geistig zu erzeugen
i18n.words_runtime	concat.energietopologie1[10].value	str	kaum eine Art, etwas geistig zu erzeugen
i18n.words_runtime	concat.ausgabeString	dict	1
i18n.words_runtime	concat.ausgabeString[0].key	str	Energie oder Denkart oder Gefühlsart oder Materie-Art oder Topologie-Art
i18n.words_runtime	concat.ausgabeString[0].value	str	Energie oder Denkart oder Gefühlsart oder Materie-Art oder Topologie-Art
i18n.words_runtime	concat.kreaZahl	dict	5
i18n.words_runtime	concat.kreaZahl[0].key	str	Evolutions-Züchtungs-Kreativität
i18n.words_runtime	concat.kreaZahl[0].value	str	Evolutions-Züchtungs-Kreativität
i18n.words_runtime	concat.kreaZahl[1].key	str	0. Primzahl 1
i18n.words_runtime	concat.kreaZahl[1].value	str	0. Primzahl 1
i18n.words_runtime	concat.kreaZahl[2].key	str	1. Primzahl und Sonnenzahl
i18n.words_runtime	concat.kreaZahl[2].value	str	1. Primzahl und Sonnenzahl
i18n.words_runtime	concat.kreaZahl[3].key	str	2. Sonnenzahl, aber keine Primzahl
i18n.words_runtime	concat.kreaZahl[3].value	str	2. Sonnenzahl, aber keine Primzahl
i18n.words_runtime	concat.kreaZahl[4].key	str	3. Mondzahl
i18n.words_runtime	concat.kreaZahl[4].value	str	3. Mondzahl
i18n.words_runtime	concat.mondExpLog1	dict	2
i18n.words_runtime	concat.mondExpLog1[0].key	str	Mond-Typ eines Sternpolygons
i18n.words_runtime	concat.mondExpLog1[0].value	str	Mond-Typ eines Sternpolygons
i18n.words_runtime	concat.mondExpLog1[1].key	str	Mond-Typ eines gleichförmigen Polygons
i18n.words_runtime	concat.mondExpLog1[1].value	str	Mond-Typ eines gleichförmigen Polygons
i18n.words_runtime	concat.mondExpLog2	dict	1
i18n.words_runtime	concat.mondExpLog2[0].key	str	kein Mond
i18n.words_runtime	concat.mondExpLog2[0].value	str	kein Mond
i18n.words_runtime	concat.modalB	dict	5
i18n.words_runtime	concat.modalB[0].key	str	mittelstark überdurchschnittlich: 
i18n.words_runtime	concat.modalB[0].value	str	mittelstark überdurchschnittlich: 
i18n.words_runtime	concat.modalB[1].key	str	überdurchschnittlich: 
i18n.words_runtime	concat.modalB[1].value	str	überdurchschnittlich: 
i18n.words_runtime	concat.modalB[2].key	str	mittelleicht überdurchschnittlich: 
i18n.words_runtime	concat.modalB[2].value	str	mittelleicht überdurchschnittlich: 
i18n.words_runtime	concat.modalB[3].key	str	sehr: 
i18n.words_runtime	concat.modalB[3].value	str	sehr: 
i18n.words_runtime	concat.modalB[4].key	str	sehr leicht überdurchschnittlich: 
i18n.words_runtime	concat.modalB[4].value	str	sehr leicht überdurchschnittlich: 
i18n.words_runtime	concat.modalC	dict	4
i18n.words_runtime	concat.modalC[0].key	str	intrinsisch
i18n.words_runtime	concat.modalC[0].value	str	intrinsisch
i18n.words_runtime	concat.modalC[1].key	str	zuerst
i18n.words_runtime	concat.modalC[1].value	str	zuerst
i18n.words_runtime	concat.modalC[2].key	str	extrinsisch
i18n.words_runtime	concat.modalC[2].value	str	extrinsisch
i18n.words_runtime	concat.modalC[3].key	str	als zweites
i18n.words_runtime	concat.modalC[3].value	str	als zweites
i18n.words_runtime	concat.modalD	dict	6
i18n.words_runtime	concat.modalD[0].key	str	, nicht: 
i18n.words_runtime	concat.modalD[0].value	str	, nicht: 
i18n.words_runtime	concat.modalD[1].key	str	 (das alles nicht): 
i18n.words_runtime	concat.modalD[1].value	str	 (das alles nicht): 
i18n.words_runtime	concat.modalD[2].key	str	extrinsisch
i18n.words_runtime	concat.modalD[2].value	str	extrinsisch
i18n.words_runtime	concat.modalD[3].key	str	als zweites
i18n.words_runtime	concat.modalD[3].value	str	als zweites
i18n.words_runtime	concat.modalD[4].key	str	intrinsisch
i18n.words_runtime	concat.modalD[4].value	str	intrinsisch
i18n.words_runtime	concat.modalD[5].key	str	zuerst
i18n.words_runtime	concat.modalD[5].value	str	zuerst
i18n.words_runtime	concat.generiertWort	dict	1
i18n.words_runtime	concat.generiertWort[0].key	str	Generiert: 
i18n.words_runtime	concat.generiertWort[0].value	str	Generiert: 
i18n.words_runtime	concat.allesNurBezogenAufSatz	str	Alles nur bezogen auf die selbe Strukturgröße einer 
i18n.words_runtime	concat.headline1	str	Gegen / pro: Nach Rechenregeln auf Primzahlkreuz und Vielfachern von Primzahlen
i18n.words_runtime	concat.gegen	dict	1
i18n.words_runtime	concat.gegen[0].key	str	gegen 
i18n.words_runtime	concat.gegen[0].value	str	gegen 
i18n.words_runtime	concat.pro	dict	1
i18n.words_runtime	concat.pro[0].key	str	pro 
i18n.words_runtime	concat.pro[0].value	str	pro 
i18n.words_runtime	concat.hineinversetzen	dict	2
i18n.words_runtime	concat.hineinversetzen[0].key	str	 Darin kann sich die 
i18n.words_runtime	concat.hineinversetzen[0].value	str	 Darin kann sich die 
i18n.words_runtime	concat.hineinversetzen[1].key	str	 am Besten hineinversetzen.
i18n.words_runtime	concat.hineinversetzen[1].value	str	 am Besten hineinversetzen.
i18n.words_runtime	concat.proIst	dict	2
i18n.words_runtime	concat.proIst[0].key	str	pro dieser Zahl sind: 
i18n.words_runtime	concat.proIst[0].value	str	pro dieser Zahl sind: 
i18n.words_runtime	concat.proIst[1].key	str	pro dieser Zahl ist 
i18n.words_runtime	concat.proIst[1].value	str	pro dieser Zahl ist 
i18n.words_runtime	concat.contraIst	dict	2
i18n.words_runtime	concat.contraIst[0].key	str	 contra dieser Zahl sind: 
i18n.words_runtime	concat.contraIst[0].value	str	 contra dieser Zahl sind: 
i18n.words_runtime	concat.contraIst[1].key	str	 contra dieser Zahl ist 
i18n.words_runtime	concat.contraIst[1].value	str	 contra dieser Zahl ist 
i18n.words_runtime	concat.hineinversetzenSatz	str	 - Die Zahlen, die für oder gegen diese Zahlen hier sind, können sich in diese am Besten gedanklich hineinversetzen.
i18n.words_runtime	concat.polygone	dict	2
i18n.words_runtime	concat.polygone[0].key	str	Sternpolygone
i18n.words_runtime	concat.polygone[0].value	str	Sternpolygone
i18n.words_runtime	concat.polygone[1].key	str	gleichförmige Polygone
i18n.words_runtime	concat.polygone[1].value	str	gleichförmige Polygone
i18n.words_runtime	concat.kombisNamen	dict	4
i18n.words_runtime	concat.kombisNamen[0].key	str	Motiv -> Motiv
i18n.words_runtime	concat.kombisNamen[0].value	str	Motiv -> Motiv
i18n.words_runtime	concat.kombisNamen[1].key	str	Motiv -> Strukur
i18n.words_runtime	concat.kombisNamen[1].value	str	Motiv -> Strukur
i18n.words_runtime	concat.kombisNamen[2].key	str	Struktur -> Motiv
i18n.words_runtime	concat.kombisNamen[2].value	str	Struktur -> Motiv
i18n.words_runtime	concat.kombisNamen[3].key	str	Struktur -> Strukur
i18n.words_runtime	concat.kombisNamen[3].value	str	Struktur -> Strukur
i18n.words_runtime	concat.faktorenbla	dict	1
i18n.words_runtime	concat.faktorenbla[0].key	str	, mit Faktoren aus gebrochen-rationalen Zahlen
i18n.words_runtime	concat.faktorenbla[0].value	str	, mit Faktoren aus gebrochen-rationalen Zahlen
i18n.words_runtime	concat.genMul	dict	1
i18n.words_runtime	concat.genMul[0].key	str	generierte Multiplikationen 
i18n.words_runtime	concat.genMul[0].value	str	generierte Multiplikationen 
i18n.words_runtime	concat.ausserdem	dict	2
i18n.words_runtime	concat.ausserdem[0].key	str	, außerdem: 
i18n.words_runtime	concat.ausserdem[0].value	str	, außerdem: 
i18n.words_runtime	concat.ausserdem[1].key	str	| außerdem: 
i18n.words_runtime	concat.ausserdem[1].value	str	| außerdem: 
i18n.words_runtime	concat.Multiplikationen_	dict	1
i18n.words_runtime	concat.Multiplikationen_[0].key	str	Multiplikationen
i18n.words_runtime	concat.Multiplikationen_[0].value	str	Multiplikationen
i18n.words_runtime	concat.nWichtigste	dict	2
i18n.words_runtime	concat.nWichtigste[0].key	str	Wichtigstes_zum_verstehen
i18n.words_runtime	concat.nWichtigste[0].value	str	Wichtigstes_zum_verstehen
i18n.words_runtime	concat.nWichtigste[1].key	str	Viertwichtigste
i18n.words_runtime	concat.nWichtigste[1].value	str	Viertwichtigste
i18n.words_runtime	concat.metaOrWhat	dict	24
i18n.words_runtime	concat.metaOrWhat[0].key	str	Meta-Thema: 
i18n.words_runtime	concat.metaOrWhat[0].value	str	Meta-Thema: 
i18n.words_runtime	concat.metaOrWhat[1].key	str	Konkretes: 
i18n.words_runtime	concat.metaOrWhat[1].value	str	Konkretes: 
i18n.words_runtime	concat.metaOrWhat[2].key	str	Meta-
i18n.words_runtime	concat.metaOrWhat[2].value	str	Meta-
i18n.words_runtime	concat.metaOrWhat[3].key	str	Konkret-
i18n.words_runtime	concat.metaOrWhat[3].value	str	Konkret-
i18n.words_runtime	concat.metaOrWhat[4].key	str	Theorie-Thema: 
i18n.words_runtime	concat.metaOrWhat[4].value	str	Theorie-Thema: 
i18n.words_runtime	concat.metaOrWhat[5].key	str	Praxis: 
i18n.words_runtime	concat.metaOrWhat[5].value	str	Praxis: 
i18n.words_runtime	concat.metaOrWhat[6].key	str	Theorie-
i18n.words_runtime	concat.metaOrWhat[6].value	str	Theorie-
i18n.words_runtime	concat.metaOrWhat[7].key	str	Praxis-
i18n.words_runtime	concat.metaOrWhat[7].value	str	Praxis-
i18n.words_runtime	concat.metaOrWhat[8].key	str	Planungs-Thema: 
i18n.words_runtime	concat.metaOrWhat[8].value	str	Planungs-Thema: 
i18n.words_runtime	concat.metaOrWhat[9].key	str	Umsetzungs-Thema: 
i18n.words_runtime	concat.metaOrWhat[9].value	str	Umsetzungs-Thema: 
i18n.words_runtime	concat.metaOrWhat[10].key	str	Planung-
i18n.words_runtime	concat.metaOrWhat[10].value	str	Planung-
i18n.words_runtime	concat.metaOrWhat[11].key	str	Umsetzung-
i18n.words_runtime	concat.metaOrWhat[11].value	str	Umsetzung-
i18n.words_runtime	concat.metaOrWhat[12].key	str	Anlass-Thema: 
i18n.words_runtime	concat.metaOrWhat[12].value	str	Anlass-Thema: 
i18n.words_runtime	concat.metaOrWhat[13].key	str	Wirkungs-Thema: 
i18n.words_runtime	concat.metaOrWhat[13].value	str	Wirkungs-Thema: 
i18n.words_runtime	concat.metaOrWhat[14].key	str	Anlass-
i18n.words_runtime	concat.metaOrWhat[14].value	str	Anlass-
i18n.words_runtime	concat.metaOrWhat[15].key	str	wirkung-
i18n.words_runtime	concat.metaOrWhat[15].value	str	wirkung-
i18n.words_runtime	concat.metaOrWhat[16].key	str	Kraft-Gebung: 
i18n.words_runtime	concat.metaOrWhat[16].value	str	Kraft-Gebung: 
i18n.words_runtime	concat.metaOrWhat[17].key	str	Verstärkungs-Thema: 
i18n.words_runtime	concat.metaOrWhat[17].value	str	Verstärkungs-Thema: 
i18n.words_runtime	concat.metaOrWhat[18].key	str	Kraft-geben-
i18n.words_runtime	concat.metaOrWhat[18].value	str	Kraft-geben-
i18n.words_runtime	concat.metaOrWhat[19].key	str	Verstärkung-
i18n.words_runtime	concat.metaOrWhat[19].value	str	Verstärkung-
i18n.words_runtime	concat.metaOrWhat[20].key	str	Beherrschung: 
i18n.words_runtime	concat.metaOrWhat[20].value	str	Beherrschung: 
i18n.words_runtime	concat.metaOrWhat[21].key	str	Richtung-Thema: 
i18n.words_runtime	concat.metaOrWhat[21].value	str	Richtung-Thema: 
i18n.words_runtime	concat.metaOrWhat[22].key	str	beherrschend-
i18n.words_runtime	concat.metaOrWhat[22].value	str	beherrschend-
i18n.words_runtime	concat.metaOrWhat[23].key	str	Richtung-
i18n.words_runtime	concat.metaOrWhat[23].value	str	Richtung-
i18n.words_runtime	concat.metaKonkret	dict	14
i18n.words_runtime	concat.metaKonkret[0].key	str	Meta
i18n.words_runtime	concat.metaKonkret[0].value	str	Meta
i18n.words_runtime	concat.metaKonkret[1].key	str	Theorie
i18n.words_runtime	concat.metaKonkret[1].value	str	Theorie
i18n.words_runtime	concat.metaKonkret[2].key	str	Management
i18n.words_runtime	concat.metaKonkret[2].value	str	Management
i18n.words_runtime	concat.metaKonkret[3].key	str	ganzheitlich
i18n.words_runtime	concat.metaKonkret[3].value	str	ganzheitlich
i18n.words_runtime	concat.metaKonkret[4].key	str	Verwertung, Unternehmung, Geschäft
i18n.words_runtime	concat.metaKonkret[4].value	str	Verwertung, Unternehmung, Geschäft
i18n.words_runtime	concat.metaKonkret[5].key	str	regieren, beherrschen
i18n.words_runtime	concat.metaKonkret[5].value	str	regieren, beherrschen
i18n.words_runtime	concat.metaKonkret[6].key	str	Konkretes
i18n.words_runtime	concat.metaKonkret[6].value	str	Konkretes
i18n.words_runtime	concat.metaKonkret[7].key	str	Praxis
i18n.words_runtime	concat.metaKonkret[7].value	str	Praxis
i18n.words_runtime	concat.metaKonkret[8].key	str	verändernd
i18n.words_runtime	concat.metaKonkret[8].value	str	verändernd
i18n.words_runtime	concat.metaKonkret[9].key	str	darüber hinaus gehend
i18n.words_runtime	concat.metaKonkret[9].value	str	darüber hinaus gehend
i18n.words_runtime	concat.metaKonkret[10].key	str	wertvoll
i18n.words_runtime	concat.metaKonkret[10].value	str	wertvoll
i18n.words_runtime	concat.metaKonkret[11].key	str	Richtung
i18n.words_runtime	concat.metaKonkret[11].value	str	Richtung
i18n.words_runtime	concat.metaKonkret[12].key	str	 für 1/n statt n
i18n.words_runtime	concat.metaKonkret[12].value	str	 für 1/n statt n
i18n.words_runtime	concat.metaKonkret[13].key	str	 für n
i18n.words_runtime	concat.metaKonkret[13].value	str	 für n
i18n.words_runtime	concat.innenAussen	dict	4
i18n.words_runtime	concat.innenAussen[0].key	str	für innen
i18n.words_runtime	concat.innenAussen[0].value	str	für innen
i18n.words_runtime	concat.innenAussen[1].key	str	für außen
i18n.words_runtime	concat.innenAussen[1].value	str	für außen
i18n.words_runtime	concat.innenAussen[2].key	str	"für seitlich und gegen Schwächlinge innen"
i18n.words_runtime	concat.innenAussen[2].value	str	"für seitlich und gegen Schwächlinge innen"
i18n.words_runtime	concat.innenAussen[3].key	str	"gegen seitlich und für Schwächlinge innen"
i18n.words_runtime	concat.innenAussen[3].value	str	"gegen seitlich und für Schwächlinge innen"
i18n.words_runtime	concat.spaltenNamen	ordereddict	7
i18n.words_runtime	concat.spaltenNamen[0].key	str	Transzendentalien, Strukturalien, Universum n
i18n.words_runtime	concat.spaltenNamen[0].value	str	Transzendentalien, Strukturalien, Universum n
i18n.words_runtime	concat.spaltenNamen[1].key	str	Galaxie n
i18n.words_runtime	concat.spaltenNamen[1].value	str	Galaxie n
i18n.words_runtime	concat.spaltenNamen[2].key	str	Galaxie 1/n
i18n.words_runtime	concat.spaltenNamen[2].value	str	Galaxie 1/n
i18n.words_runtime	concat.spaltenNamen[3].key	str	Transzendentalien, Strukturalien, Universum 1/n
i18n.words_runtime	concat.spaltenNamen[3].value	str	Transzendentalien, Strukturalien, Universum 1/n
i18n.words_runtime	concat.spaltenNamen[4].key	str	Dagegen-Gegen-Transzendentalien, Gegen-Strukturalien, Universum n
i18n.words_runtime	concat.spaltenNamen[4].value	str	Dagegen-Gegen-Transzendentalien, Gegen-Strukturalien, Universum n
i18n.words_runtime	concat.spaltenNamen[5].key	str	neutrale Gegen-Transzendentalien, Gegen-Strukturalien, Universum n
i18n.words_runtime	concat.spaltenNamen[5].value	str	neutrale Gegen-Transzendentalien, Gegen-Strukturalien, Universum n
i18n.words_runtime	concat.spaltenNamen[6].key	str	Richtung-Richtung
i18n.words_runtime	concat.spaltenNamen[6].value	str	Richtung-Richtung
i18n.words_runtime	concat.primRicht	dict	1
i18n.words_runtime	concat.primRicht[0].key	str	Primzahlwirkung (7, Richtung) 
i18n.words_runtime	concat.primRicht[0].value	str	Primzahlwirkung (7, Richtung) 
i18n.words_runtime	concat.letztEnd	dict	1
i18n.words_runtime	concat.letztEnd[0].key	str	] * letztendlich: 
i18n.words_runtime	concat.letztEnd[0].value	str	] * letztendlich: 
i18n.words_runtime	concat.primVielGen	dict	1
i18n.words_runtime	concat.primVielGen[0].key	str	Primzahlvielfache, nicht generiert
i18n.words_runtime	concat.primVielGen[0].value	str	Primzahlvielfache, nicht generiert
i18n.words_runtime	concat.GalOrUniOrFehler	dict	5
i18n.words_runtime	concat.GalOrUniOrFehler[0].key	str	Fehler
i18n.words_runtime	concat.GalOrUniOrFehler[0].value	str	Fehler
i18n.words_runtime	concat.GalOrUniOrFehler[1].key	str	Universum
i18n.words_runtime	concat.GalOrUniOrFehler[1].value	str	Universum
i18n.words_runtime	concat.GalOrUniOrFehler[2].key	str	Galaxie
i18n.words_runtime	concat.GalOrUniOrFehler[2].value	str	Galaxie
i18n.words_runtime	concat.GalOrUniOrFehler[3].key	str	Emotion
i18n.words_runtime	concat.GalOrUniOrFehler[3].value	str	Emotion
i18n.words_runtime	concat.GalOrUniOrFehler[4].key	str	Strukturgroesse
i18n.words_runtime	concat.GalOrUniOrFehler[4].value	str	Strukturgroesse
i18n.words_runtime	concat.multipl	dict	1
i18n.words_runtime	concat.multipl[0].key	str	Multiplikationen
i18n.words_runtime	concat.multipl[0].value	str	Multiplikationen
i18n.words_runtime	concat.notGen	dict	1
i18n.words_runtime	concat.notGen[0].key	str	Nicht_generiert
i18n.words_runtime	concat.notGen[0].value	str	Nicht_generiert
i18n.words_runtime	lib4tables	class	3
i18n.words_runtime	lib4tables.zaehlung	dict	1
i18n.words_runtime	lib4tables.zaehlung[0].key	str	Zählung
i18n.words_runtime	lib4tables.zaehlung[0].value	str	Zählung
i18n.words_runtime	lib4tables.nummerier	dict	1
i18n.words_runtime	lib4tables.nummerier[0].key	str	Nummerierung
i18n.words_runtime	lib4tables.nummerier[0].value	str	Nummerierung
i18n.words_runtime	lib4tables.alles	dict	1
i18n.words_runtime	lib4tables.alles[0].key	str	alles
i18n.words_runtime	lib4tables.alles[0].value	str	alles
i18n.words_runtime	retapy	class	14
i18n.words_runtime	retapy.beschriebenWort	str	beschrieben
i18n.words_runtime	retapy.nichtsWort	str	nichts
i18n.words_runtime	retapy.cliout1Saetze	tuple	3
i18n.words_runtime	retapy.cliout1Saetze[0]	str	Der Haupt-Parameter "
i18n.words_runtime	retapy.cliout1Saetze[1]	str	" existiert hier nicht als Befehl!
i18n.words_runtime	retapy.cliout1Saetze[2]	str	 Es ist nur möglich: -
i18n.words_runtime	retapy.keineNumWort	str	keinenummerierung
i18n.words_runtime	retapy.cliout2Saetze	tuple	4
i18n.words_runtime	retapy.cliout2Saetze[0]	str	Der Unter-Paramaeter "--
i18n.words_runtime	retapy.cliout2Saetze[1]	str	" existiert, aber nicht mit dem Textwert "
i18n.words_runtime	retapy.cliout2Saetze[2]	str	". Mögliche Nebenparameter-Textwerte, für diesen Unter-Parameter, sind: "
i18n.words_runtime	retapy.cliout2Saetze[3]	str	". Stattdessen gibt keine Nebenparameter-Textwerte.
i18n.words_runtime	retapy.cliout3Saetze	tuple	8
i18n.words_runtime	retapy.cliout3Saetze[0]	str	Der Unter-Paramaeter "--
i18n.words_runtime	retapy.cliout3Saetze[1]	str	" mit dem Textwert "
i18n.words_runtime	retapy.cliout3Saetze[2]	str	" existiert hier nicht als Befehl für Haupt-Parameter
i18n.words_runtime	retapy.cliout3Saetze[3]	str	 -spalten
i18n.words_runtime	retapy.cliout3Saetze[4]	str	 !
i18n.words_runtime	retapy.cliout3Saetze[5]	str	 Es ist nur möglich:\n--
i18n.words_runtime	retapy.cliout3Saetze[6]	str	, --breiten --breite
i18n.words_runtime	retapy.cliout3Saetze[7]	str	\nmit dem Werten dahinter:\n
i18n.words_runtime	retapy.cliout4Saetze	tuple	6
i18n.words_runtime	retapy.cliout4Saetze[0]	str	Der Unter-Parameter "--
i18n.words_runtime	retapy.cliout4Saetze[1]	str	" existiert hier nicht als Befehl für Haupt-Parameter
i18n.words_runtime	retapy.cliout4Saetze[2]	str	 -spalten
i18n.words_runtime	retapy.cliout4Saetze[3]	str	, oder dieser Parameter braucht Werte analog wie: \n--unterParameter=Wert1\n
i18n.words_runtime	retapy.cliout4Saetze[4]	str	Es ist nur möglich: --
i18n.words_runtime	retapy.cliout4Saetze[5]	str	, --keinenummerierung
i18n.words_runtime	retapy.kombinationenWort	str	kombinationen
i18n.words_runtime	retapy.cliout5Saetze	tuple	2
i18n.words_runtime	retapy.cliout5Saetze[0]	str	Die Kombispalte "
i18n.words_runtime	retapy.cliout5Saetze[1]	str	" existiert so nicht als Befehl. Möglich sind die Parameter für 
i18n.words_runtime	retapy.cliout6Satz	str	kein Unter-Parameter--galaxie= ",, oder, "--universum=", angegeben für Hauptparameter -kombination oder einen nicht zugehörigen Parameter: 
i18n.words_runtime	retapy.cliout7Saetze	tuple	3
i18n.words_runtime	retapy.cliout7Saetze[0]	str	Es muss ein Hauptparameter, bzw. der richtige, gesetzt sein, damit ein
i18n.words_runtime	retapy.cliout7Saetze[1]	str	 Nebenparameter, wie möglicherweise: "
i18n.words_runtime	retapy.cliout7Saetze[2]	str	" ausgeführt werden kann. Hauptparameter sind: -
i18n.words_runtime	retapy.cliout8SatzVersucheParaH	str	Versuche Parameter -h
i18n.words_runtime	retapy.cliout9Saetze	tuple	4
i18n.words_runtime	retapy.cliout9Saetze[0]	str	Den Neben-Parameter "
i18n.words_runtime	retapy.cliout9Saetze[1]	str	" gibt es hier nicht für den Hauptparameter "-
i18n.words_runtime	retapy.cliout9Saetze[2]	str	". Oder ein = fehlt dahinter.
i18n.words_runtime	retapy.cliout9Saetze[3]	str	 Möglich sind: 
i18n.words_runtime	retapy.cliout10Saetze	tuple	3
i18n.words_runtime	retapy.cliout10Saetze[0]	str	Den Neben-Parameter "
i18n.words_runtime	retapy.cliout10Saetze[1]	str	" gibt es hier nicht für den Hauptparameter "-
i18n.words_runtime	retapy.cliout10Saetze[2]	str	". Oder es fehlt ein = dahinter.
i18n.words_runtime	nested	class	5
i18n.words_runtime	nested.galWort	str	galaxie
i18n.words_runtime	nested.uniWort	str	universum
i18n.words_runtime	nested.artWort	str	art
i18n.words_runtime	nested.zeitWort	str	zeit
i18n.words_runtime	nested.typWort	str	typ
i18n.words_runtime	retaPrompt	class	16
i18n.words_runtime	retaPrompt.infoDebugAktiv	str	Debug Log aktiviert.
i18n.words_runtime	retaPrompt.abstandMeldung	str	der Befehl 'abstand' verlangt mindestens 2 Zahlenangaben, wie 'abstand 7 17-25'
i18n.words_runtime	retaPrompt.befehleBeenden	set	5
i18n.words_runtime	retaPrompt.befehleBeenden[0]	str	:q
i18n.words_runtime	retaPrompt.befehleBeenden[1]	str	ende
i18n.words_runtime	retaPrompt.befehleBeenden[2]	str	exit
i18n.words_runtime	retaPrompt.befehleBeenden[3]	str	q
i18n.words_runtime	retaPrompt.befehleBeenden[4]	str	quit
i18n.words_runtime	retaPrompt.befehleWort	dict	2
i18n.words_runtime	retaPrompt.befehleWort[0].key	str	Befehle
i18n.words_runtime	retaPrompt.befehleWort[0].value	str	Befehle
i18n.words_runtime	retaPrompt.befehleWort[1].key	str	Kurzbefehle
i18n.words_runtime	retaPrompt.befehleWort[1].value	str	Kurzbefehle
i18n.words_runtime	retaPrompt.promptModeSatz	str	promptmode vorher: {} , {}
i18n.words_runtime	retaPrompt.promptModeSatz2	str	{}{}{} ergibt sich aus '{}' und ergibt danach reta-Befehl:
i18n.words_runtime	retaPrompt.out1Saetze	tuple	2
i18n.words_runtime	retaPrompt.out1Saetze[0]	str	Dies ('
i18n.words_runtime	retaPrompt.out1Saetze[1]	str	') ist tatsächlich ein Befehl (oder es sind mehrere), aber es gibt nichts auszugeben.
i18n.words_runtime	retaPrompt.out2Satz	str	Das ist kein Befehl! -> '{}'
i18n.words_runtime	retaPrompt.out3Saetze	str	Wenn im Zähler oder Nenner eine 1 ist, so werden davon oft (nicht immer) keine Vielfacher gebildet.\nFür Brüche "n/1=ganze Zahl" gibt es die gewöhnlichen Befehle für ganze Zahlen.\nDas ist eine Design-Entscheidung, die getroffen worden ist.
i18n.words_runtime	retaPrompt.replacements	dict	19
i18n.words_runtime	retaPrompt.replacements[0].key	str	e
i18n.words_runtime	retaPrompt.replacements[0].value	str	keineEinZeichenZeilenPlusKeineAusgabeWelcherBefehlEsWar
i18n.words_runtime	retaPrompt.replacements[1].key	str	G
i18n.words_runtime	retaPrompt.replacements[1].value	str	geist
i18n.words_runtime	retaPrompt.replacements[2].key	str	R
i18n.words_runtime	retaPrompt.replacements[2].value	str	range
i18n.words_runtime	retaPrompt.replacements[3].key	str	a
i18n.words_runtime	retaPrompt.replacements[3].value	str	absicht
i18n.words_runtime	retaPrompt.replacements[4].key	str	B
i18n.words_runtime	retaPrompt.replacements[4].value	str	bewusstsein
i18n.words_runtime	retaPrompt.replacements[5].key	str	E
i18n.words_runtime	retaPrompt.replacements[5].value	str	emotion
i18n.words_runtime	retaPrompt.replacements[6].key	str	u
i18n.words_runtime	retaPrompt.replacements[6].value	str	universum
i18n.words_runtime	retaPrompt.replacements[7].key	str	I
i18n.words_runtime	retaPrompt.replacements[7].value	str	impulse
i18n.words_runtime	retaPrompt.replacements[8].key	str	T
i18n.words_runtime	retaPrompt.replacements[8].value	str	triebe
i18n.words_runtime	retaPrompt.replacements[9].key	str	t
i18n.words_runtime	retaPrompt.replacements[9].value	str	thomas
i18n.words_runtime	retaPrompt.replacements[10].key	str	r
i18n.words_runtime	retaPrompt.replacements[10].value	str	richtung
i18n.words_runtime	retaPrompt.replacements[11].key	str	v
i18n.words_runtime	retaPrompt.replacements[11].value	str	vielfache
i18n.words_runtime	retaPrompt.replacements[12].key	str	h
i18n.words_runtime	retaPrompt.replacements[12].value	str	HELP
i18n.words_runtime	retaPrompt.replacements[13].key	str	w
i18n.words_runtime	retaPrompt.replacements[13].value	str	teiler
i18n.words_runtime	retaPrompt.replacements[14].key	str	S
i18n.words_runtime	retaPrompt.replacements[14].value	str	BefehlSpeichernDanach
i18n.words_runtime	retaPrompt.replacements[15].key	str	s
i18n.words_runtime	retaPrompt.replacements[15].value	str	BefehlSpeichernDavor
i18n.words_runtime	retaPrompt.replacements[16].key	str	l
i18n.words_runtime	retaPrompt.replacements[16].value	str	BefehlSpeicherungLöschen
i18n.words_runtime	retaPrompt.replacements[17].key	str	o
i18n.words_runtime	retaPrompt.replacements[17].value	str	BefehlSpeicherungAusgeben
i18n.words_runtime	retaPrompt.replacements[18].key	str	W
i18n.words_runtime	retaPrompt.replacements[18].value	str	wirklichkeit
i18n.words_runtime	retaPrompt.retaPromptParameter	dict	7
i18n.words_runtime	retaPrompt.retaPromptParameter[0].key	str	vi
i18n.words_runtime	retaPrompt.retaPromptParameter[0].value	str	vi
i18n.words_runtime	retaPrompt.retaPromptParameter[1].key	str	log
i18n.words_runtime	retaPrompt.retaPromptParameter[1].value	str	log
i18n.words_runtime	retaPrompt.retaPromptParameter[2].key	str	h
i18n.words_runtime	retaPrompt.retaPromptParameter[2].value	str	h
i18n.words_runtime	retaPrompt.retaPromptParameter[3].key	str	help
i18n.words_runtime	retaPrompt.retaPromptParameter[3].value	str	help
i18n.words_runtime	retaPrompt.retaPromptParameter[4].key	str	e
i18n.words_runtime	retaPrompt.retaPromptParameter[4].value	str	e
i18n.words_runtime	retaPrompt.retaPromptParameter[5].key	str	debug
i18n.words_runtime	retaPrompt.retaPromptParameter[5].value	str	debug
i18n.words_runtime	retaPrompt.retaPromptParameter[6].key	str	befehl
i18n.words_runtime	retaPrompt.retaPromptParameter[6].value	str	befehl
i18n.words_runtime	retaPrompt.debugLog	str	Debug Log aktiviert.
i18n.words_runtime	retaPrompt.helptext	str	Erlaube Parameter sind\n            -vi, für vi mode statt emacs mode,\n            -language=,  um eine andere Sprache zu wählen und möglich sind: 'english', 'englisch', 'deutsch', 'german', 'vietnamesisch', 'vietnamese', 'tiếngviệt', 'chinesisch', 'chinese', '中國人', 'koreanisch', 'korean', '한국인'\n            -log,  um Logging zu aktivieren,\n            -debug, um Debugging-Log-Ausgabe zu aktivieren. Das ist nur für Entwickler gedacht.\n            -befehl bewirkt, dass bis zum letzten Programmparameter retaPrompt Befehl nur ein RetaPrompt-Befehl ausgeführt wird.\n            -e bewirkt, dass bei allen Befehlen das 'e' Kommando bzw. 'keineEinZeichenZeilenPlusKeineAusgabeWelcherBefehlEsWar' jedes mal verwendet wird - außer wenn der erste Befehl reta war, weil dieser anders funktioniert 
i18n.words_runtime	retaPrompt.wspeichernWort	str	was speichern>
i18n.words_runtime	retaPrompt.wloeschenWort	str	was löschen>
i18n.words_runtime	retaPrompt.reziInfoText	str	Wenn im Zähler oder Nenner eine 1 ist, so werden davon oft (nicht immer) keine Vielfacher gebildet.\nFür Brüche "n/1=ganze Zahl" gibt es die gewöhnlichen Befehle für ganze Zahlen.\nDas ist eine Design-Entscheidung, die getroffen worden ist.
i18n.words_runtime	mainParaCmds	ref	i18n.words_runtime:hauptForNeben
i18n.words_runtime	csvFileNames	class	16
i18n.words_runtime	csvFileNames.kombi13	str	kombi.csv
i18n.words_runtime	csvFileNames.kombi15	str	kombi-meta.csv
i18n.words_runtime	csvFileNames.religion	str	religion.csv
i18n.words_runtime	csvFileNames.prim	str	primenumbers.csv
i18n.words_runtime	csvFileNames.bruch15	str	gebrochen-rational-universum.csv
i18n.words_runtime	csvFileNames.bruch13	str	gebrochen-rational-galaxie.csv
i18n.words_runtime	csvFileNames.bruch7	str	gebrochen-rational-emotionen.csv
i18n.words_runtime	csvFileNames.burchGroesse	str	gebrochen-rational-strukturgroesse.csv
i18n.words_runtime	csvFileNames.kombi_17_13_15	str	kombi-gedanken17-absichten13-bewusstsein15.csv
i18n.words_runtime	csvFileNames.kombi_11_15	str	kombi-meta-systeme.csv
i18n.words_runtime	csvFileNames.kombi_10_15	str	kombi-universelle-wirklichkeit.csv
i18n.words_runtime	csvFileNames.kreis18	str	kreisVomTyp18.csv
i18n.words_runtime	csvFileNames.sunMoon	str	sunMoonEtc.csv
i18n.words_runtime	csvFileNames.meaningOfLife	str	meaningOfLife.csv
i18n.words_runtime	csvFileNames.dualitaetenTrinities	str	dualism-trinities-etc.csv
i18n.words_runtime	csvFileNames.bruchStrukGroesse	str	gebrochen-rational-strukturgroesse.csv
i18n.words_runtime	EIGS_N_R	tuple	2
i18n.words_runtime	EIGS_N_R[0]	str	EIGN
i18n.words_runtime	EIGS_N_R[1]	str	EIGR
i18n.words_runtime	readMeFileNames	class	4
i18n.words_runtime	readMeFileNames.reta	str	readme-reta.md
i18n.words_runtime	readMeFileNames.retaPrompt	str	readme-retaPrompt.md
i18n.words_runtime	readMeFileNames.startFiles	str	readme-startFiles.md
i18n.words_runtime	readMeFileNames.developer	str	readme.org
i18n.words_runtime	wrongLangSentence	str	für '-languages=' sind die Paramter-Werte erlaubt: 'en', 'en', 'de', 'de', 'vn', 'vn', 'vn', 'cn', 'cn', 'cn', 'kr', 'kr', 'kr'
i18n.words_runtime	tomDecodedMotivesLang	dict	3
i18n.words_runtime	tomDecodedMotivesLang[0].key	str	kr
i18n.words_runtime	tomDecodedMotivesLang[0].value	str	kr-thomas-decodedDekodiert-in-motives-purposesAbsichten.csv
i18n.words_runtime	tomDecodedMotivesLang[1].key	str	vn
i18n.words_runtime	tomDecodedMotivesLang[1].value	str	vn-thomas-decodedDekodiert-in-motives-purposesAbsichten.csv
i18n.words_runtime	tomDecodedMotivesLang[2].key	str	cn
i18n.words_runtime	tomDecodedMotivesLang[2].value	str	cn-thomas-decodedDekodiert-in-motives-purposesAbsichten.csv
i18n.words	alxp	function	(text)
i18n.words	x	function	(text1, text)
i18n.words	sprachen	ref	i18n.words_context:sprachen
i18n.words	sprachen2	ref	i18n.words_context:sprachen2
i18n.words	sprachenWahl	str	deutsch
i18n.words	sprachenParameterWort	str	-language=
i18n.words	flagS	bool	true
i18n.words	arg	str	-language=deutsch
i18n.words	localedir	str	python_reference/i18n
i18n.words	Multiplikationen	ref	i18n.words_context:Multiplikationen
i18n.words	netzwerkWort	str	netzwerk
i18n.words	Primzahlkreuz_pro_contra_strs	ref	i18n.words_context:Primzahlkreuz_pro_contra_strs
i18n.words	keineTabellenAusgabe	str	ein Mal kein Tabelleninhalt
i18n.words	Primzahlkreuz_pro_contra_strs_Fkt	ref	i18n.words_context:Primzahlkreuz_pro_contra_strs_Fkt
i18n.words	Primzahlkreuz_pro_contra_strs_Dict	ref	i18n.words_context:Primzahlkreuz_pro_contra_strs_Dict
i18n.words	gebrochenSpaltenMaximumPlus1	int	24
i18n.words	primzahlWort	str	Primzahl
i18n.words	geistWort	str	geist
i18n.words	emotionWort	str	emotion
i18n.words	ausgabeParas	ref	i18n.words_context:ausgabeParas
i18n.words	ausgabeParasEqSign	ref	i18n.words_context:ausgabeParasEqSign
i18n.words	ausgabeParasLen	ref	i18n.words_context:ausgabeParasLen
i18n.words	kombiMainParas	ref	i18n.words_context:kombiMainParas
i18n.words	zeilenParas	ref	i18n.words_context:zeilenParas
i18n.words	zeilenParasLen	ref	i18n.words_context:zeilenParasLen
i18n.words	hauptForNeben	ref	i18n.words_runtime:hauptForNeben
i18n.words	ausgabeArt	ref	i18n.words_context:ausgabeArt
i18n.words	wahl16Words	ref	i18n.words_context:wahl16Words
i18n.words	wahl15Words	ref	i18n.words_context:wahl15Words
i18n.words	kugelnKreise	ref	i18n.words_context:kugelnKreise
i18n.words	ParametersMain	ref	i18n.words_context:ParametersMain
i18n.words	konzeptE	ref	i18n.words_context:konzeptE
i18n.words	gebrochenUniGal	ref	i18n.words_context:gebrochenUniGal
i18n.words	gebrochenUniGalEinzeln	ref	i18n.words_context:gebrochenUniGalEinzeln
i18n.words	wahl15	ref	i18n.words_context:wahl15
i18n.words	wahl16	ref	i18n.words_context:wahl16
i18n.words	freiheitGleichheit	ref	i18n.words_context:freiheitGleichheit
i18n.words	gemeinsamkeitenWort	str	Gemeinsamkeiten
i18n.words	befehle2	ref	i18n.words_context:befehle2
i18n.words	finde_mehrfache_vorkommen	function	(stringliste)
i18n.words	befehle	ref	i18n.words_context:befehle
i18n.words	haupt2neben	ref	i18n.words_context:haupt2neben
i18n.words	organisationWort	str	organisation
i18n.words	thomasWort	str	thomas
i18n.words	motivationWort	str	motivation
i18n.words	komplexWort	str	komplex
i18n.words	transzendentalienWort	str	transzendentalien
i18n.words	transzendentaliereziprokeWort	str	transzendentaliereziproke
i18n.words	verhaeltnisgleicherzahlWort	str	verhaeltnisgleicherzahl
i18n.words	gestirnWort	str	gestirn
i18n.words	primzahlkreuzWort	str	primzahlkreuz
i18n.words	GalaxieabsichtWort	str	Galaxieabsicht
i18n.words	paraNdataMatrix	ref	i18n.words_matrix:paraNdataMatrix
i18n.words	kombiParaNdataMatrix	ref	i18n.words_matrix:kombiParaNdataMatrix
i18n.words	kombiParaNdataMatrix2	ref	i18n.words_matrix:kombiParaNdataMatrix2
i18n.words	classify	function	(mod)
i18n.words	tableHandling	ref	i18n.words_runtime:tableHandling
i18n.words	concat	ref	i18n.words_runtime:concat
i18n.words	lib4tables	ref	i18n.words_runtime:lib4tables
i18n.words	retapy	ref	i18n.words_runtime:retapy
i18n.words	nested	ref	i18n.words_runtime:nested
i18n.words	retaPrompt	ref	i18n.words_runtime:retaPrompt
i18n.words	mainParaCmds	ref	i18n.words_runtime:hauptForNeben
i18n.words	csvFileNames	ref	i18n.words_runtime:csvFileNames
i18n.words	EIGS_N_R	ref	i18n.words_runtime:EIGS_N_R
i18n.words	readMeFileNames	ref	i18n.words_runtime:readMeFileNames
i18n.words	wrongLangSentence	str	für '-languages=' sind die Paramter-Werte erlaubt: 'en', 'en', 'de', 'de', 'vn', 'vn', 'vn', 'cn', 'cn', 'cn', 'kr', 'kr', 'kr'
i18n.words	tomDecodedMotivesLang	ref	i18n.words_runtime:tomDecodedMotivesLang
i18n.words	MODULE_SPLIT	dict	5
i18n.words	MODULE_SPLIT[0].key	str	bootstrap
i18n.words	MODULE_SPLIT[0].value	str	i18n.words_bootstrap
i18n.words	MODULE_SPLIT[1].key	str	context
i18n.words	MODULE_SPLIT[1].value	str	i18n.words_context
i18n.words	MODULE_SPLIT[2].key	str	matrix
i18n.words	MODULE_SPLIT[2].value	str	i18n.words_matrix
i18n.words	MODULE_SPLIT[3].key	str	runtime
i18n.words	MODULE_SPLIT[3].value	str	i18n.words_runtime
i18n.words	MODULE_SPLIT[4].key	str	legacy_monolith
i18n.words	MODULE_SPLIT[4].value	str	i18n.words_legacy_monolith
i18n.words_runtime	__behavior__.classify[0]	str	ja
i18n.words_runtime	__behavior__.classify[1]	str	Gegenteil
i18n.words_runtime	__behavior__.classify[2]	str	ähnlich
i18n.words_runtime	__behavior__.classify[3]	str	entferntes Gegenteil
i18n.words_runtime	__behavior__.classify[4]	str	entfernt ähnlich
