english	basic_structures	comprehend	generated_command	primzahlkreuzprocontra
english	basic_structures	comprehend_emotionally_or_mentally_by_prime_cross_algorithm_(15)	generated_command	primzahlkreuzprocontra
english	basic_structures	love	modal	121,122
english	basic_structures	love_(7)	modal	121,122
english	concept	IAddiction	modal	274,275
english	concept	Iless	modal	238,239
english	concept	X-ray	modal	177,178
english	concept	affection	modal	247,248
english	concept	affection_dislike	modal	199,200
english	concept	affectionate	modal	199,200
english	concept	altruism	modal	66,67
english	concept	altruist	modal	66,67
english	concept	arrogance	modal	171,172
english	concept	arrogant	modal	171,172
english	concept	ass	modal	245,246
english	concept	asshole	modal	245,246
english	concept	authoritarian	modal	163,164
english	concept	averse	modal	199,200
english	concept	bad	modal	38,39
english	concept	cachetPrestigeValidity	modal	110,111
english	concept	causal	modal	110,111
english	concept	connect	modal	133,134
english	concept	cooperation	modal	245,246
english	concept	cooperation_vs_ass	modal	245,246
english	concept	courteous	modal	224,225
english	concept	denounce	modal	368,369
english	concept	dispute	modal	375,376
english	concept	egalitarian	modal	163,164
english	concept	egalitarianAuthoritarian	modal	163,164
english	concept	egalitarian_vs_authoritarian	modal	163,164
english	concept	ego	modal	277,278
english	concept	egoism	modal	66,67
english	concept	egoism_vs_altruism	modal	66,67
english	concept	egoist	modal	66,67
english	concept	encourage	modal	175,176
english	concept	encourage_sensitize_and_grant	modal	175,176
english	concept	engage_trust_denounce	modal	368,369
english	concept	equal	modal	192,193
english	concept	equality	modal	192,193
english	concept	evil	modal	38,39
english	concept	familial	modal	184,185
english	concept	familyneeds	modal	279,280
english	concept	friends	modal	184,185
english	concept	genesis	modal	110,111
english	concept	gentle_vs_hard	modal	159,160
english	concept	gentle_vs_hard	modal	161,162
english	concept	get_your_right	modal	291,292
english	concept	gettingNear	modal	179,180
english	concept	godly	modal	184,185
english	concept	gods_prophets_families_friends	modal	184,185
english	concept	good	modal	38,39
english	concept	good_evil_love_bad	modal	38,39
english	concept	hard	modal	159,160
english	concept	hard	modal	161,162
english	concept	honest	modal	224,225
english	concept	honest_vs_polite	modal	224,225
english	concept	honesty	modal	375,376
english	concept	honesty_and_contention	modal	375,376
english	concept	humble	modal	277,278
english	concept	idiot	modal	40,41
english	concept	illuminate	modal	177,178
english	concept	inclined	modal	199,200
english	concept	inferior	modal	380,381
english	concept	inferior_superior	modal	380,381
english	concept	invent	modal	258,259
english	concept	kind	modal	38,39
english	concept	latchOn	modal	258,259
english	concept	law	modal	291,292
english	concept	leadership	modal	173,174
english	concept	limit	modal	175,176
english	concept	love	modal	247,248
english	concept	love_etc	modal	247,248
english	concept	meaning	modal	181,182
english	concept	meaning_and_purpose_of_life	modal	181,182
english	concept	meta-wisdom	modal	40,41
english	concept	metawisdom	modal	40,41
english	concept	monotonous	modal	236,237
english	concept	morality	modal	179,180
english	concept	opinionintelligence	modal	151,152
english	concept	opinions	modal	60,61
english	concept	opinions_and_reputation	modal	60,61
english	concept	optimal	modal	40,41
english	concept	optimum	modal	40,41
english	concept	originintelligence	modal	151,152
english	concept	otherpeople	modal	60,61
english	concept	outnumber	modal	380,381
english	concept	polarityOfLove	modal	121,122
english	concept	polarity_of_love	modal	121,122
english	concept	polite	modal	224,225
english	concept	promote	modal	175,176
english	concept	prophets	modal	184,185
english	concept	purpose	modal	181,182
english	concept	raiseawareness	modal	175,176
english	concept	reputation	modal	60,61
english	concept	research	modal	258,259
english	concept	research_invention_engagement	modal	258,259
english	concept	reserved	modal	199,200
english	concept	rights	modal	291,292
english	concept	science	modal	258,259
english	concept	scope	modal	211,212
english	concept	selfishness	modal	274,275
english	concept	selfishness_wantingYourOwnI_etc	modal	274,275
english	concept	selfless	modal	238,239
english	concept	selflessness_Ilessness_etc	modal	238,239
english	concept	selfrighteous	modal	291,292
english	concept	senseAndMeaning	modal	181,182
english	concept	soft	modal	159,160
english	concept	soft	modal	161,162
english	concept	space	modal	49,50
english	concept	spatially	modal	49,50
english	concept	spoil	modal	175,176
english	concept	survival	modal	194,195
english	concept	survive	modal	194,195
english	concept	thrive	modal	175,176
english	concept	time	modal	49,50
english	concept	time_vs_space	modal	49,50
english	concept	trustMaintain	modal	368,369
english	concept	unite	modal	133,134
english	concept	uniteConnect	modal	133,134
english	concept	unite_vs_connect	modal	133,134
english	concept	unity	modal	133,134
english	concept	valuable	modal	186,187
english	concept	varied	modal	236,237
english	concept	varied_monotonous	modal	236,237
english	concept	wisdom	modal	40,41
english	concept	wisdom_etc	modal	40,41
english	concept	wise	modal	40,41
english	concept	worthless	modal	186,187
english	concept2	Goodnessegoism	modal	362,363
english	concept2	acceptance	modal	62,63
english	concept2	align	modal	358,359
english	concept2	align_setup	modal	358,359
english	concept2	dignified	modal	373,374
english	concept2	epistemology	modal	364,365
english	concept2	exception	modal	371,372
english	concept2	goodreciprocal	modal	362,363
english	concept2	position	modal	362,363
english	concept2	reflect	modal	364,365
english	concept2	reflect_recognize	modal	364,365
english	concept2	respect	modal	62,63
english	concept2	rule	modal	371,372
english	concept2	rule_vs_exception	modal	371,372
english	concept2	tolerance	modal	62,63
english	concept2	tolerance_respect_acceptance_welcome	modal	62,63
english	concept2	trust_want	modal	366,367
english	concept2	values	modal	360,361
english	concept2	wantToTrust	modal	366,367
english	concept2	welcome	modal	62,63
english	concept2	worthy	modal	373,374
english	concepts	IAddiction	modal	274,275
english	concepts	Iless	modal	238,239
english	concepts	X-ray	modal	177,178
english	concepts	affection	modal	247,248
english	concepts	affection_dislike	modal	199,200
english	concepts	affectionate	modal	199,200
english	concepts	altruism	modal	66,67
english	concepts	altruist	modal	66,67
english	concepts	arrogance	modal	171,172
english	concepts	arrogant	modal	171,172
english	concepts	ass	modal	245,246
english	concepts	asshole	modal	245,246
english	concepts	authoritarian	modal	163,164
english	concepts	averse	modal	199,200
english	concepts	bad	modal	38,39
english	concepts	cachetPrestigeValidity	modal	110,111
english	concepts	causal	modal	110,111
english	concepts	connect	modal	133,134
english	concepts	cooperation	modal	245,246
english	concepts	cooperation_vs_ass	modal	245,246
english	concepts	courteous	modal	224,225
english	concepts	denounce	modal	368,369
english	concepts	dispute	modal	375,376
english	concepts	egalitarian	modal	163,164
english	concepts	egalitarianAuthoritarian	modal	163,164
english	concepts	egalitarian_vs_authoritarian	modal	163,164
english	concepts	ego	modal	277,278
english	concepts	egoism	modal	66,67
english	concepts	egoism_vs_altruism	modal	66,67
english	concepts	egoist	modal	66,67
english	concepts	encourage	modal	175,176
english	concepts	encourage_sensitize_and_grant	modal	175,176
english	concepts	engage_trust_denounce	modal	368,369
english	concepts	equal	modal	192,193
english	concepts	equality	modal	192,193
english	concepts	evil	modal	38,39
english	concepts	familial	modal	184,185
english	concepts	familyneeds	modal	279,280
english	concepts	friends	modal	184,185
english	concepts	genesis	modal	110,111
english	concepts	gentle_vs_hard	modal	159,160
english	concepts	gentle_vs_hard	modal	161,162
english	concepts	get_your_right	modal	291,292
english	concepts	gettingNear	modal	179,180
english	concepts	godly	modal	184,185
english	concepts	gods_prophets_families_friends	modal	184,185
english	concepts	good	modal	38,39
english	concepts	good_evil_love_bad	modal	38,39
english	concepts	hard	modal	159,160
english	concepts	hard	modal	161,162
english	concepts	honest	modal	224,225
english	concepts	honest_vs_polite	modal	224,225
english	concepts	honesty	modal	375,376
english	concepts	honesty_and_contention	modal	375,376
english	concepts	humble	modal	277,278
english	concepts	idiot	modal	40,41
english	concepts	illuminate	modal	177,178
english	concepts	inclined	modal	199,200
english	concepts	inferior	modal	380,381
english	concepts	inferior_superior	modal	380,381
english	concepts	invent	modal	258,259
english	concepts	kind	modal	38,39
english	concepts	latchOn	modal	258,259
english	concepts	law	modal	291,292
english	concepts	leadership	modal	173,174
english	concepts	limit	modal	175,176
english	concepts	love	modal	247,248
english	concepts	love_etc	modal	247,248
english	concepts	meaning	modal	181,182
english	concepts	meaning_and_purpose_of_life	modal	181,182
english	concepts	meta-wisdom	modal	40,41
english	concepts	metawisdom	modal	40,41
english	concepts	monotonous	modal	236,237
english	concepts	morality	modal	179,180
english	concepts	opinionintelligence	modal	151,152
english	concepts	opinions	modal	60,61
english	concepts	opinions_and_reputation	modal	60,61
english	concepts	optimal	modal	40,41
english	concepts	optimum	modal	40,41
english	concepts	originintelligence	modal	151,152
english	concepts	otherpeople	modal	60,61
english	concepts	outnumber	modal	380,381
english	concepts	polarityOfLove	modal	121,122
english	concepts	polarity_of_love	modal	121,122
english	concepts	polite	modal	224,225
english	concepts	promote	modal	175,176
english	concepts	prophets	modal	184,185
english	concepts	purpose	modal	181,182
english	concepts	raiseawareness	modal	175,176
english	concepts	reputation	modal	60,61
english	concepts	research	modal	258,259
english	concepts	research_invention_engagement	modal	258,259
english	concepts	reserved	modal	199,200
english	concepts	rights	modal	291,292
english	concepts	science	modal	258,259
english	concepts	scope	modal	211,212
english	concepts	selfishness	modal	274,275
english	concepts	selfishness_wantingYourOwnI_etc	modal	274,275
english	concepts	selfless	modal	238,239
english	concepts	selflessness_Ilessness_etc	modal	238,239
english	concepts	selfrighteous	modal	291,292
english	concepts	senseAndMeaning	modal	181,182
english	concepts	soft	modal	159,160
english	concepts	soft	modal	161,162
english	concepts	space	modal	49,50
english	concepts	spatially	modal	49,50
english	concepts	spoil	modal	175,176
english	concepts	survival	modal	194,195
english	concepts	survive	modal	194,195
english	concepts	thrive	modal	175,176
english	concepts	time	modal	49,50
english	concepts	time_vs_space	modal	49,50
english	concepts	trustMaintain	modal	368,369
english	concepts	unite	modal	133,134
english	concepts	uniteConnect	modal	133,134
english	concepts	unite_vs_connect	modal	133,134
english	concepts	unity	modal	133,134
english	concepts	valuable	modal	186,187
english	concepts	varied	modal	236,237
english	concepts	varied_monotonous	modal	236,237
english	concepts	wisdom	modal	40,41
english	concepts	wisdom_etc	modal	40,41
english	concepts	wise	modal	40,41
english	concepts	worthless	modal	186,187
english	concepts2	Goodnessegoism	modal	362,363
english	concepts2	acceptance	modal	62,63
english	concepts2	align	modal	358,359
english	concepts2	align_setup	modal	358,359
english	concepts2	dignified	modal	373,374
english	concepts2	epistemology	modal	364,365
english	concepts2	exception	modal	371,372
english	concepts2	goodreciprocal	modal	362,363
english	concepts2	position	modal	362,363
english	concepts2	reflect	modal	364,365
english	concepts2	reflect_recognize	modal	364,365
english	concepts2	respect	modal	62,63
english	concepts2	rule	modal	371,372
english	concepts2	rule_vs_exception	modal	371,372
english	concepts2	tolerance	modal	62,63
english	concepts2	tolerance_respect_acceptance_welcome	modal	62,63
english	concepts2	trust_want	modal	366,367
english	concepts2	values	modal	360,361
english	concepts2	wantToTrust	modal	366,367
english	concepts2	welcome	modal	62,63
english	concepts2	worthy	modal	373,374
english	fractional-rational_numbered_emotions_n/m	10	fraction_emotion	10
english	fractional-rational_numbered_emotions_n/m	10	fraction_emotion	11
english	fractional-rational_numbered_emotions_n/m	10	fraction_emotion	12
english	fractional-rational_numbered_emotions_n/m	10	fraction_emotion	13
english	fractional-rational_numbered_emotions_n/m	10	fraction_emotion	14
english	fractional-rational_numbered_emotions_n/m	10	fraction_emotion	15
english	fractional-rational_numbered_emotions_n/m	10	fraction_emotion	16
english	fractional-rational_numbered_emotions_n/m	10	fraction_emotion	17
english	fractional-rational_numbered_emotions_n/m	10	fraction_emotion	18
english	fractional-rational_numbered_emotions_n/m	10	fraction_emotion	19
english	fractional-rational_numbered_emotions_n/m	10	fraction_emotion	2
english	fractional-rational_numbered_emotions_n/m	10	fraction_emotion	20
english	fractional-rational_numbered_emotions_n/m	10	fraction_emotion	21
english	fractional-rational_numbered_emotions_n/m	10	fraction_emotion	22
english	fractional-rational_numbered_emotions_n/m	10	fraction_emotion	23
english	fractional-rational_numbered_emotions_n/m	10	fraction_emotion	3
english	fractional-rational_numbered_emotions_n/m	10	fraction_emotion	4
english	fractional-rational_numbered_emotions_n/m	10	fraction_emotion	5
english	fractional-rational_numbered_emotions_n/m	10	fraction_emotion	6
english	fractional-rational_numbered_emotions_n/m	10	fraction_emotion	7
english	fractional-rational_numbered_emotions_n/m	10	fraction_emotion	8
english	fractional-rational_numbered_emotions_n/m	10	fraction_emotion	9
english	fractional-rational_numbered_emotions_n/m	11	fraction_emotion	10
english	fractional-rational_numbered_emotions_n/m	11	fraction_emotion	11
english	fractional-rational_numbered_emotions_n/m	11	fraction_emotion	12
english	fractional-rational_numbered_emotions_n/m	11	fraction_emotion	13
english	fractional-rational_numbered_emotions_n/m	11	fraction_emotion	14
english	fractional-rational_numbered_emotions_n/m	11	fraction_emotion	15
english	fractional-rational_numbered_emotions_n/m	11	fraction_emotion	16
english	fractional-rational_numbered_emotions_n/m	11	fraction_emotion	17
english	fractional-rational_numbered_emotions_n/m	11	fraction_emotion	18
english	fractional-rational_numbered_emotions_n/m	11	fraction_emotion	19
english	fractional-rational_numbered_emotions_n/m	11	fraction_emotion	2
english	fractional-rational_numbered_emotions_n/m	11	fraction_emotion	20
english	fractional-rational_numbered_emotions_n/m	11	fraction_emotion	21
english	fractional-rational_numbered_emotions_n/m	11	fraction_emotion	22
english	fractional-rational_numbered_emotions_n/m	11	fraction_emotion	23
english	fractional-rational_numbered_emotions_n/m	11	fraction_emotion	3
english	fractional-rational_numbered_emotions_n/m	11	fraction_emotion	4
english	fractional-rational_numbered_emotions_n/m	11	fraction_emotion	5
english	fractional-rational_numbered_emotions_n/m	11	fraction_emotion	6
english	fractional-rational_numbered_emotions_n/m	11	fraction_emotion	7
english	fractional-rational_numbered_emotions_n/m	11	fraction_emotion	8
english	fractional-rational_numbered_emotions_n/m	11	fraction_emotion	9
english	fractional-rational_numbered_emotions_n/m	12	fraction_emotion	10
english	fractional-rational_numbered_emotions_n/m	12	fraction_emotion	11
english	fractional-rational_numbered_emotions_n/m	12	fraction_emotion	12
english	fractional-rational_numbered_emotions_n/m	12	fraction_emotion	13
english	fractional-rational_numbered_emotions_n/m	12	fraction_emotion	14
english	fractional-rational_numbered_emotions_n/m	12	fraction_emotion	15
english	fractional-rational_numbered_emotions_n/m	12	fraction_emotion	16
english	fractional-rational_numbered_emotions_n/m	12	fraction_emotion	17
english	fractional-rational_numbered_emotions_n/m	12	fraction_emotion	18
english	fractional-rational_numbered_emotions_n/m	12	fraction_emotion	19
english	fractional-rational_numbered_emotions_n/m	12	fraction_emotion	2
english	fractional-rational_numbered_emotions_n/m	12	fraction_emotion	20
english	fractional-rational_numbered_emotions_n/m	12	fraction_emotion	21
english	fractional-rational_numbered_emotions_n/m	12	fraction_emotion	22
english	fractional-rational_numbered_emotions_n/m	12	fraction_emotion	23
english	fractional-rational_numbered_emotions_n/m	12	fraction_emotion	3
english	fractional-rational_numbered_emotions_n/m	12	fraction_emotion	4
english	fractional-rational_numbered_emotions_n/m	12	fraction_emotion	5
english	fractional-rational_numbered_emotions_n/m	12	fraction_emotion	6
english	fractional-rational_numbered_emotions_n/m	12	fraction_emotion	7
english	fractional-rational_numbered_emotions_n/m	12	fraction_emotion	8
english	fractional-rational_numbered_emotions_n/m	12	fraction_emotion	9
english	fractional-rational_numbered_emotions_n/m	13	fraction_emotion	10
english	fractional-rational_numbered_emotions_n/m	13	fraction_emotion	11
english	fractional-rational_numbered_emotions_n/m	13	fraction_emotion	12
english	fractional-rational_numbered_emotions_n/m	13	fraction_emotion	13
english	fractional-rational_numbered_emotions_n/m	13	fraction_emotion	14
english	fractional-rational_numbered_emotions_n/m	13	fraction_emotion	15
english	fractional-rational_numbered_emotions_n/m	13	fraction_emotion	16
english	fractional-rational_numbered_emotions_n/m	13	fraction_emotion	17
english	fractional-rational_numbered_emotions_n/m	13	fraction_emotion	18
english	fractional-rational_numbered_emotions_n/m	13	fraction_emotion	19
english	fractional-rational_numbered_emotions_n/m	13	fraction_emotion	2
english	fractional-rational_numbered_emotions_n/m	13	fraction_emotion	20
english	fractional-rational_numbered_emotions_n/m	13	fraction_emotion	21
english	fractional-rational_numbered_emotions_n/m	13	fraction_emotion	22
english	fractional-rational_numbered_emotions_n/m	13	fraction_emotion	23
english	fractional-rational_numbered_emotions_n/m	13	fraction_emotion	3
english	fractional-rational_numbered_emotions_n/m	13	fraction_emotion	4
english	fractional-rational_numbered_emotions_n/m	13	fraction_emotion	5
english	fractional-rational_numbered_emotions_n/m	13	fraction_emotion	6
english	fractional-rational_numbered_emotions_n/m	13	fraction_emotion	7
english	fractional-rational_numbered_emotions_n/m	13	fraction_emotion	8
english	fractional-rational_numbered_emotions_n/m	13	fraction_emotion	9
english	fractional-rational_numbered_emotions_n/m	14	fraction_emotion	10
english	fractional-rational_numbered_emotions_n/m	14	fraction_emotion	11
english	fractional-rational_numbered_emotions_n/m	14	fraction_emotion	12
english	fractional-rational_numbered_emotions_n/m	14	fraction_emotion	13
english	fractional-rational_numbered_emotions_n/m	14	fraction_emotion	14
english	fractional-rational_numbered_emotions_n/m	14	fraction_emotion	15
english	fractional-rational_numbered_emotions_n/m	14	fraction_emotion	16
english	fractional-rational_numbered_emotions_n/m	14	fraction_emotion	17
english	fractional-rational_numbered_emotions_n/m	14	fraction_emotion	18
english	fractional-rational_numbered_emotions_n/m	14	fraction_emotion	19
english	fractional-rational_numbered_emotions_n/m	14	fraction_emotion	2
english	fractional-rational_numbered_emotions_n/m	14	fraction_emotion	20
english	fractional-rational_numbered_emotions_n/m	14	fraction_emotion	21
english	fractional-rational_numbered_emotions_n/m	14	fraction_emotion	22
english	fractional-rational_numbered_emotions_n/m	14	fraction_emotion	23
english	fractional-rational_numbered_emotions_n/m	14	fraction_emotion	3
english	fractional-rational_numbered_emotions_n/m	14	fraction_emotion	4
english	fractional-rational_numbered_emotions_n/m	14	fraction_emotion	5
english	fractional-rational_numbered_emotions_n/m	14	fraction_emotion	6
english	fractional-rational_numbered_emotions_n/m	14	fraction_emotion	7
english	fractional-rational_numbered_emotions_n/m	14	fraction_emotion	8
english	fractional-rational_numbered_emotions_n/m	14	fraction_emotion	9
english	fractional-rational_numbered_emotions_n/m	15	fraction_emotion	10
english	fractional-rational_numbered_emotions_n/m	15	fraction_emotion	11
english	fractional-rational_numbered_emotions_n/m	15	fraction_emotion	12
english	fractional-rational_numbered_emotions_n/m	15	fraction_emotion	13
english	fractional-rational_numbered_emotions_n/m	15	fraction_emotion	14
english	fractional-rational_numbered_emotions_n/m	15	fraction_emotion	15
english	fractional-rational_numbered_emotions_n/m	15	fraction_emotion	16
english	fractional-rational_numbered_emotions_n/m	15	fraction_emotion	17
english	fractional-rational_numbered_emotions_n/m	15	fraction_emotion	18
english	fractional-rational_numbered_emotions_n/m	15	fraction_emotion	19
english	fractional-rational_numbered_emotions_n/m	15	fraction_emotion	2
english	fractional-rational_numbered_emotions_n/m	15	fraction_emotion	20
english	fractional-rational_numbered_emotions_n/m	15	fraction_emotion	21
english	fractional-rational_numbered_emotions_n/m	15	fraction_emotion	22
english	fractional-rational_numbered_emotions_n/m	15	fraction_emotion	23
english	fractional-rational_numbered_emotions_n/m	15	fraction_emotion	3
english	fractional-rational_numbered_emotions_n/m	15	fraction_emotion	4
english	fractional-rational_numbered_emotions_n/m	15	fraction_emotion	5
english	fractional-rational_numbered_emotions_n/m	15	fraction_emotion	6
english	fractional-rational_numbered_emotions_n/m	15	fraction_emotion	7
english	fractional-rational_numbered_emotions_n/m	15	fraction_emotion	8
english	fractional-rational_numbered_emotions_n/m	15	fraction_emotion	9
english	fractional-rational_numbered_emotions_n/m	16	fraction_emotion	10
english	fractional-rational_numbered_emotions_n/m	16	fraction_emotion	11
english	fractional-rational_numbered_emotions_n/m	16	fraction_emotion	12
english	fractional-rational_numbered_emotions_n/m	16	fraction_emotion	13
english	fractional-rational_numbered_emotions_n/m	16	fraction_emotion	14
english	fractional-rational_numbered_emotions_n/m	16	fraction_emotion	15
english	fractional-rational_numbered_emotions_n/m	16	fraction_emotion	16
english	fractional-rational_numbered_emotions_n/m	16	fraction_emotion	17
english	fractional-rational_numbered_emotions_n/m	16	fraction_emotion	18
english	fractional-rational_numbered_emotions_n/m	16	fraction_emotion	19
english	fractional-rational_numbered_emotions_n/m	16	fraction_emotion	2
english	fractional-rational_numbered_emotions_n/m	16	fraction_emotion	20
english	fractional-rational_numbered_emotions_n/m	16	fraction_emotion	21
english	fractional-rational_numbered_emotions_n/m	16	fraction_emotion	22
english	fractional-rational_numbered_emotions_n/m	16	fraction_emotion	23
english	fractional-rational_numbered_emotions_n/m	16	fraction_emotion	3
english	fractional-rational_numbered_emotions_n/m	16	fraction_emotion	4
english	fractional-rational_numbered_emotions_n/m	16	fraction_emotion	5
english	fractional-rational_numbered_emotions_n/m	16	fraction_emotion	6
english	fractional-rational_numbered_emotions_n/m	16	fraction_emotion	7
english	fractional-rational_numbered_emotions_n/m	16	fraction_emotion	8
english	fractional-rational_numbered_emotions_n/m	16	fraction_emotion	9
english	fractional-rational_numbered_emotions_n/m	17	fraction_emotion	10
english	fractional-rational_numbered_emotions_n/m	17	fraction_emotion	11
english	fractional-rational_numbered_emotions_n/m	17	fraction_emotion	12
english	fractional-rational_numbered_emotions_n/m	17	fraction_emotion	13
english	fractional-rational_numbered_emotions_n/m	17	fraction_emotion	14
english	fractional-rational_numbered_emotions_n/m	17	fraction_emotion	15
english	fractional-rational_numbered_emotions_n/m	17	fraction_emotion	16
english	fractional-rational_numbered_emotions_n/m	17	fraction_emotion	17
english	fractional-rational_numbered_emotions_n/m	17	fraction_emotion	18
english	fractional-rational_numbered_emotions_n/m	17	fraction_emotion	19
english	fractional-rational_numbered_emotions_n/m	17	fraction_emotion	2
english	fractional-rational_numbered_emotions_n/m	17	fraction_emotion	20
english	fractional-rational_numbered_emotions_n/m	17	fraction_emotion	21
english	fractional-rational_numbered_emotions_n/m	17	fraction_emotion	22
english	fractional-rational_numbered_emotions_n/m	17	fraction_emotion	23
english	fractional-rational_numbered_emotions_n/m	17	fraction_emotion	3
english	fractional-rational_numbered_emotions_n/m	17	fraction_emotion	4
english	fractional-rational_numbered_emotions_n/m	17	fraction_emotion	5
english	fractional-rational_numbered_emotions_n/m	17	fraction_emotion	6
english	fractional-rational_numbered_emotions_n/m	17	fraction_emotion	7
english	fractional-rational_numbered_emotions_n/m	17	fraction_emotion	8
english	fractional-rational_numbered_emotions_n/m	17	fraction_emotion	9
english	fractional-rational_numbered_emotions_n/m	18	fraction_emotion	10
english	fractional-rational_numbered_emotions_n/m	18	fraction_emotion	11
english	fractional-rational_numbered_emotions_n/m	18	fraction_emotion	12
english	fractional-rational_numbered_emotions_n/m	18	fraction_emotion	13
english	fractional-rational_numbered_emotions_n/m	18	fraction_emotion	14
english	fractional-rational_numbered_emotions_n/m	18	fraction_emotion	15
english	fractional-rational_numbered_emotions_n/m	18	fraction_emotion	16
english	fractional-rational_numbered_emotions_n/m	18	fraction_emotion	17
english	fractional-rational_numbered_emotions_n/m	18	fraction_emotion	18
english	fractional-rational_numbered_emotions_n/m	18	fraction_emotion	19
english	fractional-rational_numbered_emotions_n/m	18	fraction_emotion	2
english	fractional-rational_numbered_emotions_n/m	18	fraction_emotion	20
english	fractional-rational_numbered_emotions_n/m	18	fraction_emotion	21
english	fractional-rational_numbered_emotions_n/m	18	fraction_emotion	22
english	fractional-rational_numbered_emotions_n/m	18	fraction_emotion	23
english	fractional-rational_numbered_emotions_n/m	18	fraction_emotion	3
english	fractional-rational_numbered_emotions_n/m	18	fraction_emotion	4
english	fractional-rational_numbered_emotions_n/m	18	fraction_emotion	5
english	fractional-rational_numbered_emotions_n/m	18	fraction_emotion	6
english	fractional-rational_numbered_emotions_n/m	18	fraction_emotion	7
english	fractional-rational_numbered_emotions_n/m	18	fraction_emotion	8
english	fractional-rational_numbered_emotions_n/m	18	fraction_emotion	9
english	fractional-rational_numbered_emotions_n/m	19	fraction_emotion	10
english	fractional-rational_numbered_emotions_n/m	19	fraction_emotion	11
english	fractional-rational_numbered_emotions_n/m	19	fraction_emotion	12
english	fractional-rational_numbered_emotions_n/m	19	fraction_emotion	13
english	fractional-rational_numbered_emotions_n/m	19	fraction_emotion	14
english	fractional-rational_numbered_emotions_n/m	19	fraction_emotion	15
english	fractional-rational_numbered_emotions_n/m	19	fraction_emotion	16
english	fractional-rational_numbered_emotions_n/m	19	fraction_emotion	17
english	fractional-rational_numbered_emotions_n/m	19	fraction_emotion	18
english	fractional-rational_numbered_emotions_n/m	19	fraction_emotion	19
english	fractional-rational_numbered_emotions_n/m	19	fraction_emotion	2
english	fractional-rational_numbered_emotions_n/m	19	fraction_emotion	20
english	fractional-rational_numbered_emotions_n/m	19	fraction_emotion	21
english	fractional-rational_numbered_emotions_n/m	19	fraction_emotion	22
english	fractional-rational_numbered_emotions_n/m	19	fraction_emotion	23
english	fractional-rational_numbered_emotions_n/m	19	fraction_emotion	3
english	fractional-rational_numbered_emotions_n/m	19	fraction_emotion	4
english	fractional-rational_numbered_emotions_n/m	19	fraction_emotion	5
english	fractional-rational_numbered_emotions_n/m	19	fraction_emotion	6
english	fractional-rational_numbered_emotions_n/m	19	fraction_emotion	7
english	fractional-rational_numbered_emotions_n/m	19	fraction_emotion	8
english	fractional-rational_numbered_emotions_n/m	19	fraction_emotion	9
english	fractional-rational_numbered_emotions_n/m	2	fraction_emotion	10
english	fractional-rational_numbered_emotions_n/m	2	fraction_emotion	11
english	fractional-rational_numbered_emotions_n/m	2	fraction_emotion	12
english	fractional-rational_numbered_emotions_n/m	2	fraction_emotion	13
english	fractional-rational_numbered_emotions_n/m	2	fraction_emotion	14
english	fractional-rational_numbered_emotions_n/m	2	fraction_emotion	15
english	fractional-rational_numbered_emotions_n/m	2	fraction_emotion	16
english	fractional-rational_numbered_emotions_n/m	2	fraction_emotion	17
english	fractional-rational_numbered_emotions_n/m	2	fraction_emotion	18
english	fractional-rational_numbered_emotions_n/m	2	fraction_emotion	19
english	fractional-rational_numbered_emotions_n/m	2	fraction_emotion	2
english	fractional-rational_numbered_emotions_n/m	2	fraction_emotion	20
english	fractional-rational_numbered_emotions_n/m	2	fraction_emotion	21
english	fractional-rational_numbered_emotions_n/m	2	fraction_emotion	22
english	fractional-rational_numbered_emotions_n/m	2	fraction_emotion	23
english	fractional-rational_numbered_emotions_n/m	2	fraction_emotion	3
english	fractional-rational_numbered_emotions_n/m	2	fraction_emotion	4
english	fractional-rational_numbered_emotions_n/m	2	fraction_emotion	5
english	fractional-rational_numbered_emotions_n/m	2	fraction_emotion	6
english	fractional-rational_numbered_emotions_n/m	2	fraction_emotion	7
english	fractional-rational_numbered_emotions_n/m	2	fraction_emotion	8
english	fractional-rational_numbered_emotions_n/m	2	fraction_emotion	9
english	fractional-rational_numbered_emotions_n/m	20	fraction_emotion	10
english	fractional-rational_numbered_emotions_n/m	20	fraction_emotion	11
english	fractional-rational_numbered_emotions_n/m	20	fraction_emotion	12
english	fractional-rational_numbered_emotions_n/m	20	fraction_emotion	13
english	fractional-rational_numbered_emotions_n/m	20	fraction_emotion	14
english	fractional-rational_numbered_emotions_n/m	20	fraction_emotion	15
english	fractional-rational_numbered_emotions_n/m	20	fraction_emotion	16
english	fractional-rational_numbered_emotions_n/m	20	fraction_emotion	17
english	fractional-rational_numbered_emotions_n/m	20	fraction_emotion	18
english	fractional-rational_numbered_emotions_n/m	20	fraction_emotion	19
english	fractional-rational_numbered_emotions_n/m	20	fraction_emotion	2
english	fractional-rational_numbered_emotions_n/m	20	fraction_emotion	20
english	fractional-rational_numbered_emotions_n/m	20	fraction_emotion	21
english	fractional-rational_numbered_emotions_n/m	20	fraction_emotion	22
english	fractional-rational_numbered_emotions_n/m	20	fraction_emotion	23
english	fractional-rational_numbered_emotions_n/m	20	fraction_emotion	3
english	fractional-rational_numbered_emotions_n/m	20	fraction_emotion	4
english	fractional-rational_numbered_emotions_n/m	20	fraction_emotion	5
english	fractional-rational_numbered_emotions_n/m	20	fraction_emotion	6
english	fractional-rational_numbered_emotions_n/m	20	fraction_emotion	7
english	fractional-rational_numbered_emotions_n/m	20	fraction_emotion	8
english	fractional-rational_numbered_emotions_n/m	20	fraction_emotion	9
english	fractional-rational_numbered_emotions_n/m	21	fraction_emotion	10
english	fractional-rational_numbered_emotions_n/m	21	fraction_emotion	11
english	fractional-rational_numbered_emotions_n/m	21	fraction_emotion	12
english	fractional-rational_numbered_emotions_n/m	21	fraction_emotion	13
english	fractional-rational_numbered_emotions_n/m	21	fraction_emotion	14
english	fractional-rational_numbered_emotions_n/m	21	fraction_emotion	15
english	fractional-rational_numbered_emotions_n/m	21	fraction_emotion	16
english	fractional-rational_numbered_emotions_n/m	21	fraction_emotion	17
english	fractional-rational_numbered_emotions_n/m	21	fraction_emotion	18
english	fractional-rational_numbered_emotions_n/m	21	fraction_emotion	19
english	fractional-rational_numbered_emotions_n/m	21	fraction_emotion	2
english	fractional-rational_numbered_emotions_n/m	21	fraction_emotion	20
english	fractional-rational_numbered_emotions_n/m	21	fraction_emotion	21
english	fractional-rational_numbered_emotions_n/m	21	fraction_emotion	22
english	fractional-rational_numbered_emotions_n/m	21	fraction_emotion	23
english	fractional-rational_numbered_emotions_n/m	21	fraction_emotion	3
english	fractional-rational_numbered_emotions_n/m	21	fraction_emotion	4
english	fractional-rational_numbered_emotions_n/m	21	fraction_emotion	5
english	fractional-rational_numbered_emotions_n/m	21	fraction_emotion	6
english	fractional-rational_numbered_emotions_n/m	21	fraction_emotion	7
english	fractional-rational_numbered_emotions_n/m	21	fraction_emotion	8
english	fractional-rational_numbered_emotions_n/m	21	fraction_emotion	9
english	fractional-rational_numbered_emotions_n/m	22	fraction_emotion	10
english	fractional-rational_numbered_emotions_n/m	22	fraction_emotion	11
english	fractional-rational_numbered_emotions_n/m	22	fraction_emotion	12
english	fractional-rational_numbered_emotions_n/m	22	fraction_emotion	13
english	fractional-rational_numbered_emotions_n/m	22	fraction_emotion	14
english	fractional-rational_numbered_emotions_n/m	22	fraction_emotion	15
english	fractional-rational_numbered_emotions_n/m	22	fraction_emotion	16
english	fractional-rational_numbered_emotions_n/m	22	fraction_emotion	17
english	fractional-rational_numbered_emotions_n/m	22	fraction_emotion	18
english	fractional-rational_numbered_emotions_n/m	22	fraction_emotion	19
english	fractional-rational_numbered_emotions_n/m	22	fraction_emotion	2
english	fractional-rational_numbered_emotions_n/m	22	fraction_emotion	20
english	fractional-rational_numbered_emotions_n/m	22	fraction_emotion	21
english	fractional-rational_numbered_emotions_n/m	22	fraction_emotion	22
english	fractional-rational_numbered_emotions_n/m	22	fraction_emotion	23
english	fractional-rational_numbered_emotions_n/m	22	fraction_emotion	3
english	fractional-rational_numbered_emotions_n/m	22	fraction_emotion	4
english	fractional-rational_numbered_emotions_n/m	22	fraction_emotion	5
english	fractional-rational_numbered_emotions_n/m	22	fraction_emotion	6
english	fractional-rational_numbered_emotions_n/m	22	fraction_emotion	7
english	fractional-rational_numbered_emotions_n/m	22	fraction_emotion	8
english	fractional-rational_numbered_emotions_n/m	22	fraction_emotion	9
english	fractional-rational_numbered_emotions_n/m	23	fraction_emotion	10
english	fractional-rational_numbered_emotions_n/m	23	fraction_emotion	11
english	fractional-rational_numbered_emotions_n/m	23	fraction_emotion	12
english	fractional-rational_numbered_emotions_n/m	23	fraction_emotion	13
english	fractional-rational_numbered_emotions_n/m	23	fraction_emotion	14
english	fractional-rational_numbered_emotions_n/m	23	fraction_emotion	15
english	fractional-rational_numbered_emotions_n/m	23	fraction_emotion	16
english	fractional-rational_numbered_emotions_n/m	23	fraction_emotion	17
english	fractional-rational_numbered_emotions_n/m	23	fraction_emotion	18
english	fractional-rational_numbered_emotions_n/m	23	fraction_emotion	19
english	fractional-rational_numbered_emotions_n/m	23	fraction_emotion	2
english	fractional-rational_numbered_emotions_n/m	23	fraction_emotion	20
english	fractional-rational_numbered_emotions_n/m	23	fraction_emotion	21
english	fractional-rational_numbered_emotions_n/m	23	fraction_emotion	22
english	fractional-rational_numbered_emotions_n/m	23	fraction_emotion	23
english	fractional-rational_numbered_emotions_n/m	23	fraction_emotion	3
english	fractional-rational_numbered_emotions_n/m	23	fraction_emotion	4
english	fractional-rational_numbered_emotions_n/m	23	fraction_emotion	5
english	fractional-rational_numbered_emotions_n/m	23	fraction_emotion	6
english	fractional-rational_numbered_emotions_n/m	23	fraction_emotion	7
english	fractional-rational_numbered_emotions_n/m	23	fraction_emotion	8
english	fractional-rational_numbered_emotions_n/m	23	fraction_emotion	9
english	fractional-rational_numbered_emotions_n/m	3	fraction_emotion	10
english	fractional-rational_numbered_emotions_n/m	3	fraction_emotion	11
english	fractional-rational_numbered_emotions_n/m	3	fraction_emotion	12
english	fractional-rational_numbered_emotions_n/m	3	fraction_emotion	13
english	fractional-rational_numbered_emotions_n/m	3	fraction_emotion	14
english	fractional-rational_numbered_emotions_n/m	3	fraction_emotion	15
english	fractional-rational_numbered_emotions_n/m	3	fraction_emotion	16
english	fractional-rational_numbered_emotions_n/m	3	fraction_emotion	17
english	fractional-rational_numbered_emotions_n/m	3	fraction_emotion	18
english	fractional-rational_numbered_emotions_n/m	3	fraction_emotion	19
english	fractional-rational_numbered_emotions_n/m	3	fraction_emotion	2
english	fractional-rational_numbered_emotions_n/m	3	fraction_emotion	20
english	fractional-rational_numbered_emotions_n/m	3	fraction_emotion	21
english	fractional-rational_numbered_emotions_n/m	3	fraction_emotion	22
english	fractional-rational_numbered_emotions_n/m	3	fraction_emotion	23
english	fractional-rational_numbered_emotions_n/m	3	fraction_emotion	3
english	fractional-rational_numbered_emotions_n/m	3	fraction_emotion	4
english	fractional-rational_numbered_emotions_n/m	3	fraction_emotion	5
english	fractional-rational_numbered_emotions_n/m	3	fraction_emotion	6
english	fractional-rational_numbered_emotions_n/m	3	fraction_emotion	7
english	fractional-rational_numbered_emotions_n/m	3	fraction_emotion	8
english	fractional-rational_numbered_emotions_n/m	3	fraction_emotion	9
english	fractional-rational_numbered_emotions_n/m	4	fraction_emotion	10
english	fractional-rational_numbered_emotions_n/m	4	fraction_emotion	11
english	fractional-rational_numbered_emotions_n/m	4	fraction_emotion	12
english	fractional-rational_numbered_emotions_n/m	4	fraction_emotion	13
english	fractional-rational_numbered_emotions_n/m	4	fraction_emotion	14
english	fractional-rational_numbered_emotions_n/m	4	fraction_emotion	15
english	fractional-rational_numbered_emotions_n/m	4	fraction_emotion	16
english	fractional-rational_numbered_emotions_n/m	4	fraction_emotion	17
english	fractional-rational_numbered_emotions_n/m	4	fraction_emotion	18
english	fractional-rational_numbered_emotions_n/m	4	fraction_emotion	19
english	fractional-rational_numbered_emotions_n/m	4	fraction_emotion	2
english	fractional-rational_numbered_emotions_n/m	4	fraction_emotion	20
english	fractional-rational_numbered_emotions_n/m	4	fraction_emotion	21
english	fractional-rational_numbered_emotions_n/m	4	fraction_emotion	22
english	fractional-rational_numbered_emotions_n/m	4	fraction_emotion	23
english	fractional-rational_numbered_emotions_n/m	4	fraction_emotion	3
english	fractional-rational_numbered_emotions_n/m	4	fraction_emotion	4
english	fractional-rational_numbered_emotions_n/m	4	fraction_emotion	5
english	fractional-rational_numbered_emotions_n/m	4	fraction_emotion	6
english	fractional-rational_numbered_emotions_n/m	4	fraction_emotion	7
english	fractional-rational_numbered_emotions_n/m	4	fraction_emotion	8
english	fractional-rational_numbered_emotions_n/m	4	fraction_emotion	9
english	fractional-rational_numbered_emotions_n/m	5	fraction_emotion	10
english	fractional-rational_numbered_emotions_n/m	5	fraction_emotion	11
english	fractional-rational_numbered_emotions_n/m	5	fraction_emotion	12
english	fractional-rational_numbered_emotions_n/m	5	fraction_emotion	13
english	fractional-rational_numbered_emotions_n/m	5	fraction_emotion	14
english	fractional-rational_numbered_emotions_n/m	5	fraction_emotion	15
english	fractional-rational_numbered_emotions_n/m	5	fraction_emotion	16
english	fractional-rational_numbered_emotions_n/m	5	fraction_emotion	17
english	fractional-rational_numbered_emotions_n/m	5	fraction_emotion	18
english	fractional-rational_numbered_emotions_n/m	5	fraction_emotion	19
english	fractional-rational_numbered_emotions_n/m	5	fraction_emotion	2
english	fractional-rational_numbered_emotions_n/m	5	fraction_emotion	20
english	fractional-rational_numbered_emotions_n/m	5	fraction_emotion	21
english	fractional-rational_numbered_emotions_n/m	5	fraction_emotion	22
english	fractional-rational_numbered_emotions_n/m	5	fraction_emotion	23
english	fractional-rational_numbered_emotions_n/m	5	fraction_emotion	3
english	fractional-rational_numbered_emotions_n/m	5	fraction_emotion	4
english	fractional-rational_numbered_emotions_n/m	5	fraction_emotion	5
english	fractional-rational_numbered_emotions_n/m	5	fraction_emotion	6
english	fractional-rational_numbered_emotions_n/m	5	fraction_emotion	7
english	fractional-rational_numbered_emotions_n/m	5	fraction_emotion	8
english	fractional-rational_numbered_emotions_n/m	5	fraction_emotion	9
english	fractional-rational_numbered_emotions_n/m	6	fraction_emotion	10
english	fractional-rational_numbered_emotions_n/m	6	fraction_emotion	11
english	fractional-rational_numbered_emotions_n/m	6	fraction_emotion	12
english	fractional-rational_numbered_emotions_n/m	6	fraction_emotion	13
english	fractional-rational_numbered_emotions_n/m	6	fraction_emotion	14
english	fractional-rational_numbered_emotions_n/m	6	fraction_emotion	15
english	fractional-rational_numbered_emotions_n/m	6	fraction_emotion	16
english	fractional-rational_numbered_emotions_n/m	6	fraction_emotion	17
english	fractional-rational_numbered_emotions_n/m	6	fraction_emotion	18
english	fractional-rational_numbered_emotions_n/m	6	fraction_emotion	19
english	fractional-rational_numbered_emotions_n/m	6	fraction_emotion	2
english	fractional-rational_numbered_emotions_n/m	6	fraction_emotion	20
english	fractional-rational_numbered_emotions_n/m	6	fraction_emotion	21
english	fractional-rational_numbered_emotions_n/m	6	fraction_emotion	22
english	fractional-rational_numbered_emotions_n/m	6	fraction_emotion	23
english	fractional-rational_numbered_emotions_n/m	6	fraction_emotion	3
english	fractional-rational_numbered_emotions_n/m	6	fraction_emotion	4
english	fractional-rational_numbered_emotions_n/m	6	fraction_emotion	5
english	fractional-rational_numbered_emotions_n/m	6	fraction_emotion	6
english	fractional-rational_numbered_emotions_n/m	6	fraction_emotion	7
english	fractional-rational_numbered_emotions_n/m	6	fraction_emotion	8
english	fractional-rational_numbered_emotions_n/m	6	fraction_emotion	9
english	fractional-rational_numbered_emotions_n/m	7	fraction_emotion	10
english	fractional-rational_numbered_emotions_n/m	7	fraction_emotion	11
english	fractional-rational_numbered_emotions_n/m	7	fraction_emotion	12
english	fractional-rational_numbered_emotions_n/m	7	fraction_emotion	13
english	fractional-rational_numbered_emotions_n/m	7	fraction_emotion	14
english	fractional-rational_numbered_emotions_n/m	7	fraction_emotion	15
english	fractional-rational_numbered_emotions_n/m	7	fraction_emotion	16
english	fractional-rational_numbered_emotions_n/m	7	fraction_emotion	17
english	fractional-rational_numbered_emotions_n/m	7	fraction_emotion	18
english	fractional-rational_numbered_emotions_n/m	7	fraction_emotion	19
english	fractional-rational_numbered_emotions_n/m	7	fraction_emotion	2
english	fractional-rational_numbered_emotions_n/m	7	fraction_emotion	20
english	fractional-rational_numbered_emotions_n/m	7	fraction_emotion	21
english	fractional-rational_numbered_emotions_n/m	7	fraction_emotion	22
english	fractional-rational_numbered_emotions_n/m	7	fraction_emotion	23
english	fractional-rational_numbered_emotions_n/m	7	fraction_emotion	3
english	fractional-rational_numbered_emotions_n/m	7	fraction_emotion	4
english	fractional-rational_numbered_emotions_n/m	7	fraction_emotion	5
english	fractional-rational_numbered_emotions_n/m	7	fraction_emotion	6
english	fractional-rational_numbered_emotions_n/m	7	fraction_emotion	7
english	fractional-rational_numbered_emotions_n/m	7	fraction_emotion	8
english	fractional-rational_numbered_emotions_n/m	7	fraction_emotion	9
english	fractional-rational_numbered_emotions_n/m	8	fraction_emotion	10
english	fractional-rational_numbered_emotions_n/m	8	fraction_emotion	11
english	fractional-rational_numbered_emotions_n/m	8	fraction_emotion	12
english	fractional-rational_numbered_emotions_n/m	8	fraction_emotion	13
english	fractional-rational_numbered_emotions_n/m	8	fraction_emotion	14
english	fractional-rational_numbered_emotions_n/m	8	fraction_emotion	15
english	fractional-rational_numbered_emotions_n/m	8	fraction_emotion	16
english	fractional-rational_numbered_emotions_n/m	8	fraction_emotion	17
english	fractional-rational_numbered_emotions_n/m	8	fraction_emotion	18
english	fractional-rational_numbered_emotions_n/m	8	fraction_emotion	19
english	fractional-rational_numbered_emotions_n/m	8	fraction_emotion	2
english	fractional-rational_numbered_emotions_n/m	8	fraction_emotion	20
english	fractional-rational_numbered_emotions_n/m	8	fraction_emotion	21
english	fractional-rational_numbered_emotions_n/m	8	fraction_emotion	22
english	fractional-rational_numbered_emotions_n/m	8	fraction_emotion	23
english	fractional-rational_numbered_emotions_n/m	8	fraction_emotion	3
english	fractional-rational_numbered_emotions_n/m	8	fraction_emotion	4
english	fractional-rational_numbered_emotions_n/m	8	fraction_emotion	5
english	fractional-rational_numbered_emotions_n/m	8	fraction_emotion	6
english	fractional-rational_numbered_emotions_n/m	8	fraction_emotion	7
english	fractional-rational_numbered_emotions_n/m	8	fraction_emotion	8
english	fractional-rational_numbered_emotions_n/m	8	fraction_emotion	9
english	fractional-rational_numbered_emotions_n/m	9	fraction_emotion	10
english	fractional-rational_numbered_emotions_n/m	9	fraction_emotion	11
english	fractional-rational_numbered_emotions_n/m	9	fraction_emotion	12
english	fractional-rational_numbered_emotions_n/m	9	fraction_emotion	13
english	fractional-rational_numbered_emotions_n/m	9	fraction_emotion	14
english	fractional-rational_numbered_emotions_n/m	9	fraction_emotion	15
english	fractional-rational_numbered_emotions_n/m	9	fraction_emotion	16
english	fractional-rational_numbered_emotions_n/m	9	fraction_emotion	17
english	fractional-rational_numbered_emotions_n/m	9	fraction_emotion	18
english	fractional-rational_numbered_emotions_n/m	9	fraction_emotion	19
english	fractional-rational_numbered_emotions_n/m	9	fraction_emotion	2
english	fractional-rational_numbered_emotions_n/m	9	fraction_emotion	20
english	fractional-rational_numbered_emotions_n/m	9	fraction_emotion	21
english	fractional-rational_numbered_emotions_n/m	9	fraction_emotion	22
english	fractional-rational_numbered_emotions_n/m	9	fraction_emotion	23
english	fractional-rational_numbered_emotions_n/m	9	fraction_emotion	3
english	fractional-rational_numbered_emotions_n/m	9	fraction_emotion	4
english	fractional-rational_numbered_emotions_n/m	9	fraction_emotion	5
english	fractional-rational_numbered_emotions_n/m	9	fraction_emotion	6
english	fractional-rational_numbered_emotions_n/m	9	fraction_emotion	7
english	fractional-rational_numbered_emotions_n/m	9	fraction_emotion	8
english	fractional-rational_numbered_emotions_n/m	9	fraction_emotion	9
english	fractional-rational_numbered_structure_sizes_n/m	10	fraction_size	10
english	fractional-rational_numbered_structure_sizes_n/m	10	fraction_size	11
english	fractional-rational_numbered_structure_sizes_n/m	10	fraction_size	12
english	fractional-rational_numbered_structure_sizes_n/m	10	fraction_size	13
english	fractional-rational_numbered_structure_sizes_n/m	10	fraction_size	14
english	fractional-rational_numbered_structure_sizes_n/m	10	fraction_size	15
english	fractional-rational_numbered_structure_sizes_n/m	10	fraction_size	16
english	fractional-rational_numbered_structure_sizes_n/m	10	fraction_size	17
english	fractional-rational_numbered_structure_sizes_n/m	10	fraction_size	18
english	fractional-rational_numbered_structure_sizes_n/m	10	fraction_size	19
english	fractional-rational_numbered_structure_sizes_n/m	10	fraction_size	2
english	fractional-rational_numbered_structure_sizes_n/m	10	fraction_size	20
english	fractional-rational_numbered_structure_sizes_n/m	10	fraction_size	21
english	fractional-rational_numbered_structure_sizes_n/m	10	fraction_size	22
english	fractional-rational_numbered_structure_sizes_n/m	10	fraction_size	23
english	fractional-rational_numbered_structure_sizes_n/m	10	fraction_size	3
english	fractional-rational_numbered_structure_sizes_n/m	10	fraction_size	4
english	fractional-rational_numbered_structure_sizes_n/m	10	fraction_size	5
english	fractional-rational_numbered_structure_sizes_n/m	10	fraction_size	6
english	fractional-rational_numbered_structure_sizes_n/m	10	fraction_size	7
english	fractional-rational_numbered_structure_sizes_n/m	10	fraction_size	8
english	fractional-rational_numbered_structure_sizes_n/m	10	fraction_size	9
english	fractional-rational_numbered_structure_sizes_n/m	11	fraction_size	10
english	fractional-rational_numbered_structure_sizes_n/m	11	fraction_size	11
english	fractional-rational_numbered_structure_sizes_n/m	11	fraction_size	12
english	fractional-rational_numbered_structure_sizes_n/m	11	fraction_size	13
english	fractional-rational_numbered_structure_sizes_n/m	11	fraction_size	14
english	fractional-rational_numbered_structure_sizes_n/m	11	fraction_size	15
english	fractional-rational_numbered_structure_sizes_n/m	11	fraction_size	16
english	fractional-rational_numbered_structure_sizes_n/m	11	fraction_size	17
english	fractional-rational_numbered_structure_sizes_n/m	11	fraction_size	18
english	fractional-rational_numbered_structure_sizes_n/m	11	fraction_size	19
english	fractional-rational_numbered_structure_sizes_n/m	11	fraction_size	2
english	fractional-rational_numbered_structure_sizes_n/m	11	fraction_size	20
english	fractional-rational_numbered_structure_sizes_n/m	11	fraction_size	21
english	fractional-rational_numbered_structure_sizes_n/m	11	fraction_size	22
english	fractional-rational_numbered_structure_sizes_n/m	11	fraction_size	23
english	fractional-rational_numbered_structure_sizes_n/m	11	fraction_size	3
english	fractional-rational_numbered_structure_sizes_n/m	11	fraction_size	4
english	fractional-rational_numbered_structure_sizes_n/m	11	fraction_size	5
english	fractional-rational_numbered_structure_sizes_n/m	11	fraction_size	6
english	fractional-rational_numbered_structure_sizes_n/m	11	fraction_size	7
english	fractional-rational_numbered_structure_sizes_n/m	11	fraction_size	8
english	fractional-rational_numbered_structure_sizes_n/m	11	fraction_size	9
english	fractional-rational_numbered_structure_sizes_n/m	12	fraction_size	10
english	fractional-rational_numbered_structure_sizes_n/m	12	fraction_size	11
english	fractional-rational_numbered_structure_sizes_n/m	12	fraction_size	12
english	fractional-rational_numbered_structure_sizes_n/m	12	fraction_size	13
english	fractional-rational_numbered_structure_sizes_n/m	12	fraction_size	14
english	fractional-rational_numbered_structure_sizes_n/m	12	fraction_size	15
english	fractional-rational_numbered_structure_sizes_n/m	12	fraction_size	16
english	fractional-rational_numbered_structure_sizes_n/m	12	fraction_size	17
english	fractional-rational_numbered_structure_sizes_n/m	12	fraction_size	18
english	fractional-rational_numbered_structure_sizes_n/m	12	fraction_size	19
english	fractional-rational_numbered_structure_sizes_n/m	12	fraction_size	2
english	fractional-rational_numbered_structure_sizes_n/m	12	fraction_size	20
english	fractional-rational_numbered_structure_sizes_n/m	12	fraction_size	21
english	fractional-rational_numbered_structure_sizes_n/m	12	fraction_size	22
english	fractional-rational_numbered_structure_sizes_n/m	12	fraction_size	23
english	fractional-rational_numbered_structure_sizes_n/m	12	fraction_size	3
english	fractional-rational_numbered_structure_sizes_n/m	12	fraction_size	4
english	fractional-rational_numbered_structure_sizes_n/m	12	fraction_size	5
english	fractional-rational_numbered_structure_sizes_n/m	12	fraction_size	6
english	fractional-rational_numbered_structure_sizes_n/m	12	fraction_size	7
english	fractional-rational_numbered_structure_sizes_n/m	12	fraction_size	8
english	fractional-rational_numbered_structure_sizes_n/m	12	fraction_size	9
english	fractional-rational_numbered_structure_sizes_n/m	13	fraction_size	10
english	fractional-rational_numbered_structure_sizes_n/m	13	fraction_size	11
english	fractional-rational_numbered_structure_sizes_n/m	13	fraction_size	12
english	fractional-rational_numbered_structure_sizes_n/m	13	fraction_size	13
english	fractional-rational_numbered_structure_sizes_n/m	13	fraction_size	14
english	fractional-rational_numbered_structure_sizes_n/m	13	fraction_size	15
english	fractional-rational_numbered_structure_sizes_n/m	13	fraction_size	16
english	fractional-rational_numbered_structure_sizes_n/m	13	fraction_size	17
english	fractional-rational_numbered_structure_sizes_n/m	13	fraction_size	18
english	fractional-rational_numbered_structure_sizes_n/m	13	fraction_size	19
english	fractional-rational_numbered_structure_sizes_n/m	13	fraction_size	2
english	fractional-rational_numbered_structure_sizes_n/m	13	fraction_size	20
english	fractional-rational_numbered_structure_sizes_n/m	13	fraction_size	21
english	fractional-rational_numbered_structure_sizes_n/m	13	fraction_size	22
english	fractional-rational_numbered_structure_sizes_n/m	13	fraction_size	23
english	fractional-rational_numbered_structure_sizes_n/m	13	fraction_size	3
english	fractional-rational_numbered_structure_sizes_n/m	13	fraction_size	4
english	fractional-rational_numbered_structure_sizes_n/m	13	fraction_size	5
english	fractional-rational_numbered_structure_sizes_n/m	13	fraction_size	6
english	fractional-rational_numbered_structure_sizes_n/m	13	fraction_size	7
english	fractional-rational_numbered_structure_sizes_n/m	13	fraction_size	8
english	fractional-rational_numbered_structure_sizes_n/m	13	fraction_size	9
english	fractional-rational_numbered_structure_sizes_n/m	14	fraction_size	10
english	fractional-rational_numbered_structure_sizes_n/m	14	fraction_size	11
english	fractional-rational_numbered_structure_sizes_n/m	14	fraction_size	12
english	fractional-rational_numbered_structure_sizes_n/m	14	fraction_size	13
english	fractional-rational_numbered_structure_sizes_n/m	14	fraction_size	14
english	fractional-rational_numbered_structure_sizes_n/m	14	fraction_size	15
english	fractional-rational_numbered_structure_sizes_n/m	14	fraction_size	16
english	fractional-rational_numbered_structure_sizes_n/m	14	fraction_size	17
english	fractional-rational_numbered_structure_sizes_n/m	14	fraction_size	18
english	fractional-rational_numbered_structure_sizes_n/m	14	fraction_size	19
english	fractional-rational_numbered_structure_sizes_n/m	14	fraction_size	2
english	fractional-rational_numbered_structure_sizes_n/m	14	fraction_size	20
english	fractional-rational_numbered_structure_sizes_n/m	14	fraction_size	21
english	fractional-rational_numbered_structure_sizes_n/m	14	fraction_size	22
english	fractional-rational_numbered_structure_sizes_n/m	14	fraction_size	23
english	fractional-rational_numbered_structure_sizes_n/m	14	fraction_size	3
english	fractional-rational_numbered_structure_sizes_n/m	14	fraction_size	4
english	fractional-rational_numbered_structure_sizes_n/m	14	fraction_size	5
english	fractional-rational_numbered_structure_sizes_n/m	14	fraction_size	6
english	fractional-rational_numbered_structure_sizes_n/m	14	fraction_size	7
english	fractional-rational_numbered_structure_sizes_n/m	14	fraction_size	8
english	fractional-rational_numbered_structure_sizes_n/m	14	fraction_size	9
english	fractional-rational_numbered_structure_sizes_n/m	15	fraction_size	10
english	fractional-rational_numbered_structure_sizes_n/m	15	fraction_size	11
english	fractional-rational_numbered_structure_sizes_n/m	15	fraction_size	12
english	fractional-rational_numbered_structure_sizes_n/m	15	fraction_size	13
english	fractional-rational_numbered_structure_sizes_n/m	15	fraction_size	14
english	fractional-rational_numbered_structure_sizes_n/m	15	fraction_size	15
english	fractional-rational_numbered_structure_sizes_n/m	15	fraction_size	16
english	fractional-rational_numbered_structure_sizes_n/m	15	fraction_size	17
english	fractional-rational_numbered_structure_sizes_n/m	15	fraction_size	18
english	fractional-rational_numbered_structure_sizes_n/m	15	fraction_size	19
english	fractional-rational_numbered_structure_sizes_n/m	15	fraction_size	2
english	fractional-rational_numbered_structure_sizes_n/m	15	fraction_size	20
english	fractional-rational_numbered_structure_sizes_n/m	15	fraction_size	21
english	fractional-rational_numbered_structure_sizes_n/m	15	fraction_size	22
english	fractional-rational_numbered_structure_sizes_n/m	15	fraction_size	23
english	fractional-rational_numbered_structure_sizes_n/m	15	fraction_size	3
english	fractional-rational_numbered_structure_sizes_n/m	15	fraction_size	4
english	fractional-rational_numbered_structure_sizes_n/m	15	fraction_size	5
english	fractional-rational_numbered_structure_sizes_n/m	15	fraction_size	6
english	fractional-rational_numbered_structure_sizes_n/m	15	fraction_size	7
english	fractional-rational_numbered_structure_sizes_n/m	15	fraction_size	8
english	fractional-rational_numbered_structure_sizes_n/m	15	fraction_size	9
english	fractional-rational_numbered_structure_sizes_n/m	16	fraction_size	10
english	fractional-rational_numbered_structure_sizes_n/m	16	fraction_size	11
english	fractional-rational_numbered_structure_sizes_n/m	16	fraction_size	12
english	fractional-rational_numbered_structure_sizes_n/m	16	fraction_size	13
english	fractional-rational_numbered_structure_sizes_n/m	16	fraction_size	14
english	fractional-rational_numbered_structure_sizes_n/m	16	fraction_size	15
english	fractional-rational_numbered_structure_sizes_n/m	16	fraction_size	16
english	fractional-rational_numbered_structure_sizes_n/m	16	fraction_size	17
english	fractional-rational_numbered_structure_sizes_n/m	16	fraction_size	18
english	fractional-rational_numbered_structure_sizes_n/m	16	fraction_size	19
english	fractional-rational_numbered_structure_sizes_n/m	16	fraction_size	2
english	fractional-rational_numbered_structure_sizes_n/m	16	fraction_size	20
english	fractional-rational_numbered_structure_sizes_n/m	16	fraction_size	21
english	fractional-rational_numbered_structure_sizes_n/m	16	fraction_size	22
english	fractional-rational_numbered_structure_sizes_n/m	16	fraction_size	23
english	fractional-rational_numbered_structure_sizes_n/m	16	fraction_size	3
english	fractional-rational_numbered_structure_sizes_n/m	16	fraction_size	4
english	fractional-rational_numbered_structure_sizes_n/m	16	fraction_size	5
english	fractional-rational_numbered_structure_sizes_n/m	16	fraction_size	6
english	fractional-rational_numbered_structure_sizes_n/m	16	fraction_size	7
english	fractional-rational_numbered_structure_sizes_n/m	16	fraction_size	8
english	fractional-rational_numbered_structure_sizes_n/m	16	fraction_size	9
english	fractional-rational_numbered_structure_sizes_n/m	17	fraction_size	10
english	fractional-rational_numbered_structure_sizes_n/m	17	fraction_size	11
english	fractional-rational_numbered_structure_sizes_n/m	17	fraction_size	12
english	fractional-rational_numbered_structure_sizes_n/m	17	fraction_size	13
english	fractional-rational_numbered_structure_sizes_n/m	17	fraction_size	14
english	fractional-rational_numbered_structure_sizes_n/m	17	fraction_size	15
english	fractional-rational_numbered_structure_sizes_n/m	17	fraction_size	16
english	fractional-rational_numbered_structure_sizes_n/m	17	fraction_size	17
english	fractional-rational_numbered_structure_sizes_n/m	17	fraction_size	18
english	fractional-rational_numbered_structure_sizes_n/m	17	fraction_size	19
english	fractional-rational_numbered_structure_sizes_n/m	17	fraction_size	2
english	fractional-rational_numbered_structure_sizes_n/m	17	fraction_size	20
english	fractional-rational_numbered_structure_sizes_n/m	17	fraction_size	21
english	fractional-rational_numbered_structure_sizes_n/m	17	fraction_size	22
english	fractional-rational_numbered_structure_sizes_n/m	17	fraction_size	23
english	fractional-rational_numbered_structure_sizes_n/m	17	fraction_size	3
english	fractional-rational_numbered_structure_sizes_n/m	17	fraction_size	4
english	fractional-rational_numbered_structure_sizes_n/m	17	fraction_size	5
english	fractional-rational_numbered_structure_sizes_n/m	17	fraction_size	6
english	fractional-rational_numbered_structure_sizes_n/m	17	fraction_size	7
english	fractional-rational_numbered_structure_sizes_n/m	17	fraction_size	8
english	fractional-rational_numbered_structure_sizes_n/m	17	fraction_size	9
english	fractional-rational_numbered_structure_sizes_n/m	18	fraction_size	10
english	fractional-rational_numbered_structure_sizes_n/m	18	fraction_size	11
english	fractional-rational_numbered_structure_sizes_n/m	18	fraction_size	12
english	fractional-rational_numbered_structure_sizes_n/m	18	fraction_size	13
english	fractional-rational_numbered_structure_sizes_n/m	18	fraction_size	14
english	fractional-rational_numbered_structure_sizes_n/m	18	fraction_size	15
english	fractional-rational_numbered_structure_sizes_n/m	18	fraction_size	16
english	fractional-rational_numbered_structure_sizes_n/m	18	fraction_size	17
english	fractional-rational_numbered_structure_sizes_n/m	18	fraction_size	18
english	fractional-rational_numbered_structure_sizes_n/m	18	fraction_size	19
english	fractional-rational_numbered_structure_sizes_n/m	18	fraction_size	2
english	fractional-rational_numbered_structure_sizes_n/m	18	fraction_size	20
english	fractional-rational_numbered_structure_sizes_n/m	18	fraction_size	21
english	fractional-rational_numbered_structure_sizes_n/m	18	fraction_size	22
english	fractional-rational_numbered_structure_sizes_n/m	18	fraction_size	23
english	fractional-rational_numbered_structure_sizes_n/m	18	fraction_size	3
english	fractional-rational_numbered_structure_sizes_n/m	18	fraction_size	4
english	fractional-rational_numbered_structure_sizes_n/m	18	fraction_size	5
english	fractional-rational_numbered_structure_sizes_n/m	18	fraction_size	6
english	fractional-rational_numbered_structure_sizes_n/m	18	fraction_size	7
english	fractional-rational_numbered_structure_sizes_n/m	18	fraction_size	8
english	fractional-rational_numbered_structure_sizes_n/m	18	fraction_size	9
english	fractional-rational_numbered_structure_sizes_n/m	19	fraction_size	10
english	fractional-rational_numbered_structure_sizes_n/m	19	fraction_size	11
english	fractional-rational_numbered_structure_sizes_n/m	19	fraction_size	12
english	fractional-rational_numbered_structure_sizes_n/m	19	fraction_size	13
english	fractional-rational_numbered_structure_sizes_n/m	19	fraction_size	14
english	fractional-rational_numbered_structure_sizes_n/m	19	fraction_size	15
english	fractional-rational_numbered_structure_sizes_n/m	19	fraction_size	16
english	fractional-rational_numbered_structure_sizes_n/m	19	fraction_size	17
english	fractional-rational_numbered_structure_sizes_n/m	19	fraction_size	18
english	fractional-rational_numbered_structure_sizes_n/m	19	fraction_size	19
english	fractional-rational_numbered_structure_sizes_n/m	19	fraction_size	2
english	fractional-rational_numbered_structure_sizes_n/m	19	fraction_size	20
english	fractional-rational_numbered_structure_sizes_n/m	19	fraction_size	21
english	fractional-rational_numbered_structure_sizes_n/m	19	fraction_size	22
english	fractional-rational_numbered_structure_sizes_n/m	19	fraction_size	23
english	fractional-rational_numbered_structure_sizes_n/m	19	fraction_size	3
english	fractional-rational_numbered_structure_sizes_n/m	19	fraction_size	4
english	fractional-rational_numbered_structure_sizes_n/m	19	fraction_size	5
english	fractional-rational_numbered_structure_sizes_n/m	19	fraction_size	6
english	fractional-rational_numbered_structure_sizes_n/m	19	fraction_size	7
english	fractional-rational_numbered_structure_sizes_n/m	19	fraction_size	8
english	fractional-rational_numbered_structure_sizes_n/m	19	fraction_size	9
english	fractional-rational_numbered_structure_sizes_n/m	2	fraction_size	10
english	fractional-rational_numbered_structure_sizes_n/m	2	fraction_size	11
english	fractional-rational_numbered_structure_sizes_n/m	2	fraction_size	12
english	fractional-rational_numbered_structure_sizes_n/m	2	fraction_size	13
english	fractional-rational_numbered_structure_sizes_n/m	2	fraction_size	14
english	fractional-rational_numbered_structure_sizes_n/m	2	fraction_size	15
english	fractional-rational_numbered_structure_sizes_n/m	2	fraction_size	16
english	fractional-rational_numbered_structure_sizes_n/m	2	fraction_size	17
english	fractional-rational_numbered_structure_sizes_n/m	2	fraction_size	18
english	fractional-rational_numbered_structure_sizes_n/m	2	fraction_size	19
english	fractional-rational_numbered_structure_sizes_n/m	2	fraction_size	2
english	fractional-rational_numbered_structure_sizes_n/m	2	fraction_size	20
english	fractional-rational_numbered_structure_sizes_n/m	2	fraction_size	21
english	fractional-rational_numbered_structure_sizes_n/m	2	fraction_size	22
english	fractional-rational_numbered_structure_sizes_n/m	2	fraction_size	23
english	fractional-rational_numbered_structure_sizes_n/m	2	fraction_size	3
english	fractional-rational_numbered_structure_sizes_n/m	2	fraction_size	4
english	fractional-rational_numbered_structure_sizes_n/m	2	fraction_size	5
english	fractional-rational_numbered_structure_sizes_n/m	2	fraction_size	6
english	fractional-rational_numbered_structure_sizes_n/m	2	fraction_size	7
english	fractional-rational_numbered_structure_sizes_n/m	2	fraction_size	8
english	fractional-rational_numbered_structure_sizes_n/m	2	fraction_size	9
english	fractional-rational_numbered_structure_sizes_n/m	20	fraction_size	10
english	fractional-rational_numbered_structure_sizes_n/m	20	fraction_size	11
english	fractional-rational_numbered_structure_sizes_n/m	20	fraction_size	12
english	fractional-rational_numbered_structure_sizes_n/m	20	fraction_size	13
english	fractional-rational_numbered_structure_sizes_n/m	20	fraction_size	14
english	fractional-rational_numbered_structure_sizes_n/m	20	fraction_size	15
english	fractional-rational_numbered_structure_sizes_n/m	20	fraction_size	16
english	fractional-rational_numbered_structure_sizes_n/m	20	fraction_size	17
english	fractional-rational_numbered_structure_sizes_n/m	20	fraction_size	18
english	fractional-rational_numbered_structure_sizes_n/m	20	fraction_size	19
english	fractional-rational_numbered_structure_sizes_n/m	20	fraction_size	2
english	fractional-rational_numbered_structure_sizes_n/m	20	fraction_size	20
english	fractional-rational_numbered_structure_sizes_n/m	20	fraction_size	21
english	fractional-rational_numbered_structure_sizes_n/m	20	fraction_size	22
english	fractional-rational_numbered_structure_sizes_n/m	20	fraction_size	23
english	fractional-rational_numbered_structure_sizes_n/m	20	fraction_size	3
english	fractional-rational_numbered_structure_sizes_n/m	20	fraction_size	4
english	fractional-rational_numbered_structure_sizes_n/m	20	fraction_size	5
english	fractional-rational_numbered_structure_sizes_n/m	20	fraction_size	6
english	fractional-rational_numbered_structure_sizes_n/m	20	fraction_size	7
english	fractional-rational_numbered_structure_sizes_n/m	20	fraction_size	8
english	fractional-rational_numbered_structure_sizes_n/m	20	fraction_size	9
english	fractional-rational_numbered_structure_sizes_n/m	21	fraction_size	10
english	fractional-rational_numbered_structure_sizes_n/m	21	fraction_size	11
english	fractional-rational_numbered_structure_sizes_n/m	21	fraction_size	12
english	fractional-rational_numbered_structure_sizes_n/m	21	fraction_size	13
english	fractional-rational_numbered_structure_sizes_n/m	21	fraction_size	14
english	fractional-rational_numbered_structure_sizes_n/m	21	fraction_size	15
english	fractional-rational_numbered_structure_sizes_n/m	21	fraction_size	16
english	fractional-rational_numbered_structure_sizes_n/m	21	fraction_size	17
english	fractional-rational_numbered_structure_sizes_n/m	21	fraction_size	18
english	fractional-rational_numbered_structure_sizes_n/m	21	fraction_size	19
english	fractional-rational_numbered_structure_sizes_n/m	21	fraction_size	2
english	fractional-rational_numbered_structure_sizes_n/m	21	fraction_size	20
english	fractional-rational_numbered_structure_sizes_n/m	21	fraction_size	21
english	fractional-rational_numbered_structure_sizes_n/m	21	fraction_size	22
english	fractional-rational_numbered_structure_sizes_n/m	21	fraction_size	23
english	fractional-rational_numbered_structure_sizes_n/m	21	fraction_size	3
english	fractional-rational_numbered_structure_sizes_n/m	21	fraction_size	4
english	fractional-rational_numbered_structure_sizes_n/m	21	fraction_size	5
english	fractional-rational_numbered_structure_sizes_n/m	21	fraction_size	6
english	fractional-rational_numbered_structure_sizes_n/m	21	fraction_size	7
english	fractional-rational_numbered_structure_sizes_n/m	21	fraction_size	8
english	fractional-rational_numbered_structure_sizes_n/m	21	fraction_size	9
english	fractional-rational_numbered_structure_sizes_n/m	22	fraction_size	10
english	fractional-rational_numbered_structure_sizes_n/m	22	fraction_size	11
english	fractional-rational_numbered_structure_sizes_n/m	22	fraction_size	12
english	fractional-rational_numbered_structure_sizes_n/m	22	fraction_size	13
english	fractional-rational_numbered_structure_sizes_n/m	22	fraction_size	14
english	fractional-rational_numbered_structure_sizes_n/m	22	fraction_size	15
english	fractional-rational_numbered_structure_sizes_n/m	22	fraction_size	16
english	fractional-rational_numbered_structure_sizes_n/m	22	fraction_size	17
english	fractional-rational_numbered_structure_sizes_n/m	22	fraction_size	18
english	fractional-rational_numbered_structure_sizes_n/m	22	fraction_size	19
english	fractional-rational_numbered_structure_sizes_n/m	22	fraction_size	2
english	fractional-rational_numbered_structure_sizes_n/m	22	fraction_size	20
english	fractional-rational_numbered_structure_sizes_n/m	22	fraction_size	21
english	fractional-rational_numbered_structure_sizes_n/m	22	fraction_size	22
english	fractional-rational_numbered_structure_sizes_n/m	22	fraction_size	23
english	fractional-rational_numbered_structure_sizes_n/m	22	fraction_size	3
english	fractional-rational_numbered_structure_sizes_n/m	22	fraction_size	4
english	fractional-rational_numbered_structure_sizes_n/m	22	fraction_size	5
english	fractional-rational_numbered_structure_sizes_n/m	22	fraction_size	6
english	fractional-rational_numbered_structure_sizes_n/m	22	fraction_size	7
english	fractional-rational_numbered_structure_sizes_n/m	22	fraction_size	8
english	fractional-rational_numbered_structure_sizes_n/m	22	fraction_size	9
english	fractional-rational_numbered_structure_sizes_n/m	23	fraction_size	10
english	fractional-rational_numbered_structure_sizes_n/m	23	fraction_size	11
english	fractional-rational_numbered_structure_sizes_n/m	23	fraction_size	12
english	fractional-rational_numbered_structure_sizes_n/m	23	fraction_size	13
english	fractional-rational_numbered_structure_sizes_n/m	23	fraction_size	14
english	fractional-rational_numbered_structure_sizes_n/m	23	fraction_size	15
english	fractional-rational_numbered_structure_sizes_n/m	23	fraction_size	16
english	fractional-rational_numbered_structure_sizes_n/m	23	fraction_size	17
english	fractional-rational_numbered_structure_sizes_n/m	23	fraction_size	18
english	fractional-rational_numbered_structure_sizes_n/m	23	fraction_size	19
english	fractional-rational_numbered_structure_sizes_n/m	23	fraction_size	2
english	fractional-rational_numbered_structure_sizes_n/m	23	fraction_size	20
english	fractional-rational_numbered_structure_sizes_n/m	23	fraction_size	21
english	fractional-rational_numbered_structure_sizes_n/m	23	fraction_size	22
english	fractional-rational_numbered_structure_sizes_n/m	23	fraction_size	23
english	fractional-rational_numbered_structure_sizes_n/m	23	fraction_size	3
english	fractional-rational_numbered_structure_sizes_n/m	23	fraction_size	4
english	fractional-rational_numbered_structure_sizes_n/m	23	fraction_size	5
english	fractional-rational_numbered_structure_sizes_n/m	23	fraction_size	6
english	fractional-rational_numbered_structure_sizes_n/m	23	fraction_size	7
english	fractional-rational_numbered_structure_sizes_n/m	23	fraction_size	8
english	fractional-rational_numbered_structure_sizes_n/m	23	fraction_size	9
english	fractional-rational_numbered_structure_sizes_n/m	3	fraction_size	10
english	fractional-rational_numbered_structure_sizes_n/m	3	fraction_size	11
english	fractional-rational_numbered_structure_sizes_n/m	3	fraction_size	12
english	fractional-rational_numbered_structure_sizes_n/m	3	fraction_size	13
english	fractional-rational_numbered_structure_sizes_n/m	3	fraction_size	14
english	fractional-rational_numbered_structure_sizes_n/m	3	fraction_size	15
english	fractional-rational_numbered_structure_sizes_n/m	3	fraction_size	16
english	fractional-rational_numbered_structure_sizes_n/m	3	fraction_size	17
english	fractional-rational_numbered_structure_sizes_n/m	3	fraction_size	18
english	fractional-rational_numbered_structure_sizes_n/m	3	fraction_size	19
english	fractional-rational_numbered_structure_sizes_n/m	3	fraction_size	2
english	fractional-rational_numbered_structure_sizes_n/m	3	fraction_size	20
english	fractional-rational_numbered_structure_sizes_n/m	3	fraction_size	21
english	fractional-rational_numbered_structure_sizes_n/m	3	fraction_size	22
english	fractional-rational_numbered_structure_sizes_n/m	3	fraction_size	23
english	fractional-rational_numbered_structure_sizes_n/m	3	fraction_size	3
english	fractional-rational_numbered_structure_sizes_n/m	3	fraction_size	4
english	fractional-rational_numbered_structure_sizes_n/m	3	fraction_size	5
english	fractional-rational_numbered_structure_sizes_n/m	3	fraction_size	6
english	fractional-rational_numbered_structure_sizes_n/m	3	fraction_size	7
english	fractional-rational_numbered_structure_sizes_n/m	3	fraction_size	8
english	fractional-rational_numbered_structure_sizes_n/m	3	fraction_size	9
english	fractional-rational_numbered_structure_sizes_n/m	4	fraction_size	10
english	fractional-rational_numbered_structure_sizes_n/m	4	fraction_size	11
english	fractional-rational_numbered_structure_sizes_n/m	4	fraction_size	12
english	fractional-rational_numbered_structure_sizes_n/m	4	fraction_size	13
english	fractional-rational_numbered_structure_sizes_n/m	4	fraction_size	14
english	fractional-rational_numbered_structure_sizes_n/m	4	fraction_size	15
english	fractional-rational_numbered_structure_sizes_n/m	4	fraction_size	16
english	fractional-rational_numbered_structure_sizes_n/m	4	fraction_size	17
english	fractional-rational_numbered_structure_sizes_n/m	4	fraction_size	18
english	fractional-rational_numbered_structure_sizes_n/m	4	fraction_size	19
english	fractional-rational_numbered_structure_sizes_n/m	4	fraction_size	2
english	fractional-rational_numbered_structure_sizes_n/m	4	fraction_size	20
english	fractional-rational_numbered_structure_sizes_n/m	4	fraction_size	21
english	fractional-rational_numbered_structure_sizes_n/m	4	fraction_size	22
english	fractional-rational_numbered_structure_sizes_n/m	4	fraction_size	23
english	fractional-rational_numbered_structure_sizes_n/m	4	fraction_size	3
english	fractional-rational_numbered_structure_sizes_n/m	4	fraction_size	4
english	fractional-rational_numbered_structure_sizes_n/m	4	fraction_size	5
english	fractional-rational_numbered_structure_sizes_n/m	4	fraction_size	6
english	fractional-rational_numbered_structure_sizes_n/m	4	fraction_size	7
english	fractional-rational_numbered_structure_sizes_n/m	4	fraction_size	8
english	fractional-rational_numbered_structure_sizes_n/m	4	fraction_size	9
english	fractional-rational_numbered_structure_sizes_n/m	5	fraction_size	10
english	fractional-rational_numbered_structure_sizes_n/m	5	fraction_size	11
english	fractional-rational_numbered_structure_sizes_n/m	5	fraction_size	12
english	fractional-rational_numbered_structure_sizes_n/m	5	fraction_size	13
english	fractional-rational_numbered_structure_sizes_n/m	5	fraction_size	14
english	fractional-rational_numbered_structure_sizes_n/m	5	fraction_size	15
english	fractional-rational_numbered_structure_sizes_n/m	5	fraction_size	16
english	fractional-rational_numbered_structure_sizes_n/m	5	fraction_size	17
english	fractional-rational_numbered_structure_sizes_n/m	5	fraction_size	18
english	fractional-rational_numbered_structure_sizes_n/m	5	fraction_size	19
english	fractional-rational_numbered_structure_sizes_n/m	5	fraction_size	2
english	fractional-rational_numbered_structure_sizes_n/m	5	fraction_size	20
english	fractional-rational_numbered_structure_sizes_n/m	5	fraction_size	21
english	fractional-rational_numbered_structure_sizes_n/m	5	fraction_size	22
english	fractional-rational_numbered_structure_sizes_n/m	5	fraction_size	23
english	fractional-rational_numbered_structure_sizes_n/m	5	fraction_size	3
english	fractional-rational_numbered_structure_sizes_n/m	5	fraction_size	4
english	fractional-rational_numbered_structure_sizes_n/m	5	fraction_size	5
english	fractional-rational_numbered_structure_sizes_n/m	5	fraction_size	6
english	fractional-rational_numbered_structure_sizes_n/m	5	fraction_size	7
english	fractional-rational_numbered_structure_sizes_n/m	5	fraction_size	8
english	fractional-rational_numbered_structure_sizes_n/m	5	fraction_size	9
english	fractional-rational_numbered_structure_sizes_n/m	6	fraction_size	10
english	fractional-rational_numbered_structure_sizes_n/m	6	fraction_size	11
english	fractional-rational_numbered_structure_sizes_n/m	6	fraction_size	12
english	fractional-rational_numbered_structure_sizes_n/m	6	fraction_size	13
english	fractional-rational_numbered_structure_sizes_n/m	6	fraction_size	14
english	fractional-rational_numbered_structure_sizes_n/m	6	fraction_size	15
english	fractional-rational_numbered_structure_sizes_n/m	6	fraction_size	16
english	fractional-rational_numbered_structure_sizes_n/m	6	fraction_size	17
english	fractional-rational_numbered_structure_sizes_n/m	6	fraction_size	18
english	fractional-rational_numbered_structure_sizes_n/m	6	fraction_size	19
english	fractional-rational_numbered_structure_sizes_n/m	6	fraction_size	2
english	fractional-rational_numbered_structure_sizes_n/m	6	fraction_size	20
english	fractional-rational_numbered_structure_sizes_n/m	6	fraction_size	21
english	fractional-rational_numbered_structure_sizes_n/m	6	fraction_size	22
english	fractional-rational_numbered_structure_sizes_n/m	6	fraction_size	23
english	fractional-rational_numbered_structure_sizes_n/m	6	fraction_size	3
english	fractional-rational_numbered_structure_sizes_n/m	6	fraction_size	4
english	fractional-rational_numbered_structure_sizes_n/m	6	fraction_size	5
english	fractional-rational_numbered_structure_sizes_n/m	6	fraction_size	6
english	fractional-rational_numbered_structure_sizes_n/m	6	fraction_size	7
english	fractional-rational_numbered_structure_sizes_n/m	6	fraction_size	8
english	fractional-rational_numbered_structure_sizes_n/m	6	fraction_size	9
english	fractional-rational_numbered_structure_sizes_n/m	7	fraction_size	10
english	fractional-rational_numbered_structure_sizes_n/m	7	fraction_size	11
english	fractional-rational_numbered_structure_sizes_n/m	7	fraction_size	12
english	fractional-rational_numbered_structure_sizes_n/m	7	fraction_size	13
english	fractional-rational_numbered_structure_sizes_n/m	7	fraction_size	14
english	fractional-rational_numbered_structure_sizes_n/m	7	fraction_size	15
english	fractional-rational_numbered_structure_sizes_n/m	7	fraction_size	16
english	fractional-rational_numbered_structure_sizes_n/m	7	fraction_size	17
english	fractional-rational_numbered_structure_sizes_n/m	7	fraction_size	18
english	fractional-rational_numbered_structure_sizes_n/m	7	fraction_size	19
english	fractional-rational_numbered_structure_sizes_n/m	7	fraction_size	2
english	fractional-rational_numbered_structure_sizes_n/m	7	fraction_size	20
english	fractional-rational_numbered_structure_sizes_n/m	7	fraction_size	21
english	fractional-rational_numbered_structure_sizes_n/m	7	fraction_size	22
english	fractional-rational_numbered_structure_sizes_n/m	7	fraction_size	23
english	fractional-rational_numbered_structure_sizes_n/m	7	fraction_size	3
english	fractional-rational_numbered_structure_sizes_n/m	7	fraction_size	4
english	fractional-rational_numbered_structure_sizes_n/m	7	fraction_size	5
english	fractional-rational_numbered_structure_sizes_n/m	7	fraction_size	6
english	fractional-rational_numbered_structure_sizes_n/m	7	fraction_size	7
english	fractional-rational_numbered_structure_sizes_n/m	7	fraction_size	8
english	fractional-rational_numbered_structure_sizes_n/m	7	fraction_size	9
english	fractional-rational_numbered_structure_sizes_n/m	8	fraction_size	10
english	fractional-rational_numbered_structure_sizes_n/m	8	fraction_size	11
english	fractional-rational_numbered_structure_sizes_n/m	8	fraction_size	12
english	fractional-rational_numbered_structure_sizes_n/m	8	fraction_size	13
english	fractional-rational_numbered_structure_sizes_n/m	8	fraction_size	14
english	fractional-rational_numbered_structure_sizes_n/m	8	fraction_size	15
english	fractional-rational_numbered_structure_sizes_n/m	8	fraction_size	16
english	fractional-rational_numbered_structure_sizes_n/m	8	fraction_size	17
english	fractional-rational_numbered_structure_sizes_n/m	8	fraction_size	18
english	fractional-rational_numbered_structure_sizes_n/m	8	fraction_size	19
english	fractional-rational_numbered_structure_sizes_n/m	8	fraction_size	2
english	fractional-rational_numbered_structure_sizes_n/m	8	fraction_size	20
english	fractional-rational_numbered_structure_sizes_n/m	8	fraction_size	21
english	fractional-rational_numbered_structure_sizes_n/m	8	fraction_size	22
english	fractional-rational_numbered_structure_sizes_n/m	8	fraction_size	23
english	fractional-rational_numbered_structure_sizes_n/m	8	fraction_size	3
english	fractional-rational_numbered_structure_sizes_n/m	8	fraction_size	4
english	fractional-rational_numbered_structure_sizes_n/m	8	fraction_size	5
english	fractional-rational_numbered_structure_sizes_n/m	8	fraction_size	6
english	fractional-rational_numbered_structure_sizes_n/m	8	fraction_size	7
english	fractional-rational_numbered_structure_sizes_n/m	8	fraction_size	8
english	fractional-rational_numbered_structure_sizes_n/m	8	fraction_size	9
english	fractional-rational_numbered_structure_sizes_n/m	9	fraction_size	10
english	fractional-rational_numbered_structure_sizes_n/m	9	fraction_size	11
english	fractional-rational_numbered_structure_sizes_n/m	9	fraction_size	12
english	fractional-rational_numbered_structure_sizes_n/m	9	fraction_size	13
english	fractional-rational_numbered_structure_sizes_n/m	9	fraction_size	14
english	fractional-rational_numbered_structure_sizes_n/m	9	fraction_size	15
english	fractional-rational_numbered_structure_sizes_n/m	9	fraction_size	16
english	fractional-rational_numbered_structure_sizes_n/m	9	fraction_size	17
english	fractional-rational_numbered_structure_sizes_n/m	9	fraction_size	18
english	fractional-rational_numbered_structure_sizes_n/m	9	fraction_size	19
english	fractional-rational_numbered_structure_sizes_n/m	9	fraction_size	2
english	fractional-rational_numbered_structure_sizes_n/m	9	fraction_size	20
english	fractional-rational_numbered_structure_sizes_n/m	9	fraction_size	21
english	fractional-rational_numbered_structure_sizes_n/m	9	fraction_size	22
english	fractional-rational_numbered_structure_sizes_n/m	9	fraction_size	23
english	fractional-rational_numbered_structure_sizes_n/m	9	fraction_size	3
english	fractional-rational_numbered_structure_sizes_n/m	9	fraction_size	4
english	fractional-rational_numbered_structure_sizes_n/m	9	fraction_size	5
english	fractional-rational_numbered_structure_sizes_n/m	9	fraction_size	6
english	fractional-rational_numbered_structure_sizes_n/m	9	fraction_size	7
english	fractional-rational_numbered_structure_sizes_n/m	9	fraction_size	8
english	fractional-rational_numbered_structure_sizes_n/m	9	fraction_size	9
english	fractional_galaxy_n/m	10	fraction_galaxy	10
english	fractional_galaxy_n/m	10	fraction_galaxy	11
english	fractional_galaxy_n/m	10	fraction_galaxy	12
english	fractional_galaxy_n/m	10	fraction_galaxy	13
english	fractional_galaxy_n/m	10	fraction_galaxy	14
english	fractional_galaxy_n/m	10	fraction_galaxy	15
english	fractional_galaxy_n/m	10	fraction_galaxy	16
english	fractional_galaxy_n/m	10	fraction_galaxy	17
english	fractional_galaxy_n/m	10	fraction_galaxy	18
english	fractional_galaxy_n/m	10	fraction_galaxy	19
english	fractional_galaxy_n/m	10	fraction_galaxy	2
english	fractional_galaxy_n/m	10	fraction_galaxy	20
english	fractional_galaxy_n/m	10	fraction_galaxy	21
english	fractional_galaxy_n/m	10	fraction_galaxy	22
english	fractional_galaxy_n/m	10	fraction_galaxy	23
english	fractional_galaxy_n/m	10	fraction_galaxy	3
english	fractional_galaxy_n/m	10	fraction_galaxy	4
english	fractional_galaxy_n/m	10	fraction_galaxy	5
english	fractional_galaxy_n/m	10	fraction_galaxy	6
english	fractional_galaxy_n/m	10	fraction_galaxy	7
english	fractional_galaxy_n/m	10	fraction_galaxy	8
english	fractional_galaxy_n/m	10	fraction_galaxy	9
english	fractional_galaxy_n/m	11	fraction_galaxy	10
english	fractional_galaxy_n/m	11	fraction_galaxy	11
english	fractional_galaxy_n/m	11	fraction_galaxy	12
english	fractional_galaxy_n/m	11	fraction_galaxy	13
english	fractional_galaxy_n/m	11	fraction_galaxy	14
english	fractional_galaxy_n/m	11	fraction_galaxy	15
english	fractional_galaxy_n/m	11	fraction_galaxy	16
english	fractional_galaxy_n/m	11	fraction_galaxy	17
english	fractional_galaxy_n/m	11	fraction_galaxy	18
english	fractional_galaxy_n/m	11	fraction_galaxy	19
english	fractional_galaxy_n/m	11	fraction_galaxy	2
english	fractional_galaxy_n/m	11	fraction_galaxy	20
english	fractional_galaxy_n/m	11	fraction_galaxy	21
english	fractional_galaxy_n/m	11	fraction_galaxy	22
english	fractional_galaxy_n/m	11	fraction_galaxy	23
english	fractional_galaxy_n/m	11	fraction_galaxy	3
english	fractional_galaxy_n/m	11	fraction_galaxy	4
english	fractional_galaxy_n/m	11	fraction_galaxy	5
english	fractional_galaxy_n/m	11	fraction_galaxy	6
english	fractional_galaxy_n/m	11	fraction_galaxy	7
english	fractional_galaxy_n/m	11	fraction_galaxy	8
english	fractional_galaxy_n/m	11	fraction_galaxy	9
english	fractional_galaxy_n/m	12	fraction_galaxy	10
english	fractional_galaxy_n/m	12	fraction_galaxy	11
english	fractional_galaxy_n/m	12	fraction_galaxy	12
english	fractional_galaxy_n/m	12	fraction_galaxy	13
english	fractional_galaxy_n/m	12	fraction_galaxy	14
english	fractional_galaxy_n/m	12	fraction_galaxy	15
english	fractional_galaxy_n/m	12	fraction_galaxy	16
english	fractional_galaxy_n/m	12	fraction_galaxy	17
english	fractional_galaxy_n/m	12	fraction_galaxy	18
english	fractional_galaxy_n/m	12	fraction_galaxy	19
english	fractional_galaxy_n/m	12	fraction_galaxy	2
english	fractional_galaxy_n/m	12	fraction_galaxy	20
english	fractional_galaxy_n/m	12	fraction_galaxy	21
english	fractional_galaxy_n/m	12	fraction_galaxy	22
english	fractional_galaxy_n/m	12	fraction_galaxy	23
english	fractional_galaxy_n/m	12	fraction_galaxy	3
english	fractional_galaxy_n/m	12	fraction_galaxy	4
english	fractional_galaxy_n/m	12	fraction_galaxy	5
english	fractional_galaxy_n/m	12	fraction_galaxy	6
english	fractional_galaxy_n/m	12	fraction_galaxy	7
english	fractional_galaxy_n/m	12	fraction_galaxy	8
english	fractional_galaxy_n/m	12	fraction_galaxy	9
english	fractional_galaxy_n/m	13	fraction_galaxy	10
english	fractional_galaxy_n/m	13	fraction_galaxy	11
english	fractional_galaxy_n/m	13	fraction_galaxy	12
english	fractional_galaxy_n/m	13	fraction_galaxy	13
english	fractional_galaxy_n/m	13	fraction_galaxy	14
english	fractional_galaxy_n/m	13	fraction_galaxy	15
english	fractional_galaxy_n/m	13	fraction_galaxy	16
english	fractional_galaxy_n/m	13	fraction_galaxy	17
english	fractional_galaxy_n/m	13	fraction_galaxy	18
english	fractional_galaxy_n/m	13	fraction_galaxy	19
english	fractional_galaxy_n/m	13	fraction_galaxy	2
english	fractional_galaxy_n/m	13	fraction_galaxy	20
english	fractional_galaxy_n/m	13	fraction_galaxy	21
english	fractional_galaxy_n/m	13	fraction_galaxy	22
english	fractional_galaxy_n/m	13	fraction_galaxy	23
english	fractional_galaxy_n/m	13	fraction_galaxy	3
english	fractional_galaxy_n/m	13	fraction_galaxy	4
english	fractional_galaxy_n/m	13	fraction_galaxy	5
english	fractional_galaxy_n/m	13	fraction_galaxy	6
english	fractional_galaxy_n/m	13	fraction_galaxy	7
english	fractional_galaxy_n/m	13	fraction_galaxy	8
english	fractional_galaxy_n/m	13	fraction_galaxy	9
english	fractional_galaxy_n/m	14	fraction_galaxy	10
english	fractional_galaxy_n/m	14	fraction_galaxy	11
english	fractional_galaxy_n/m	14	fraction_galaxy	12
english	fractional_galaxy_n/m	14	fraction_galaxy	13
english	fractional_galaxy_n/m	14	fraction_galaxy	14
english	fractional_galaxy_n/m	14	fraction_galaxy	15
english	fractional_galaxy_n/m	14	fraction_galaxy	16
english	fractional_galaxy_n/m	14	fraction_galaxy	17
english	fractional_galaxy_n/m	14	fraction_galaxy	18
english	fractional_galaxy_n/m	14	fraction_galaxy	19
english	fractional_galaxy_n/m	14	fraction_galaxy	2
english	fractional_galaxy_n/m	14	fraction_galaxy	20
english	fractional_galaxy_n/m	14	fraction_galaxy	21
english	fractional_galaxy_n/m	14	fraction_galaxy	22
english	fractional_galaxy_n/m	14	fraction_galaxy	23
english	fractional_galaxy_n/m	14	fraction_galaxy	3
english	fractional_galaxy_n/m	14	fraction_galaxy	4
english	fractional_galaxy_n/m	14	fraction_galaxy	5
english	fractional_galaxy_n/m	14	fraction_galaxy	6
english	fractional_galaxy_n/m	14	fraction_galaxy	7
english	fractional_galaxy_n/m	14	fraction_galaxy	8
english	fractional_galaxy_n/m	14	fraction_galaxy	9
english	fractional_galaxy_n/m	15	fraction_galaxy	10
english	fractional_galaxy_n/m	15	fraction_galaxy	11
english	fractional_galaxy_n/m	15	fraction_galaxy	12
english	fractional_galaxy_n/m	15	fraction_galaxy	13
english	fractional_galaxy_n/m	15	fraction_galaxy	14
english	fractional_galaxy_n/m	15	fraction_galaxy	15
english	fractional_galaxy_n/m	15	fraction_galaxy	16
english	fractional_galaxy_n/m	15	fraction_galaxy	17
english	fractional_galaxy_n/m	15	fraction_galaxy	18
english	fractional_galaxy_n/m	15	fraction_galaxy	19
english	fractional_galaxy_n/m	15	fraction_galaxy	2
english	fractional_galaxy_n/m	15	fraction_galaxy	20
english	fractional_galaxy_n/m	15	fraction_galaxy	21
english	fractional_galaxy_n/m	15	fraction_galaxy	22
english	fractional_galaxy_n/m	15	fraction_galaxy	23
english	fractional_galaxy_n/m	15	fraction_galaxy	3
english	fractional_galaxy_n/m	15	fraction_galaxy	4
english	fractional_galaxy_n/m	15	fraction_galaxy	5
english	fractional_galaxy_n/m	15	fraction_galaxy	6
english	fractional_galaxy_n/m	15	fraction_galaxy	7
english	fractional_galaxy_n/m	15	fraction_galaxy	8
english	fractional_galaxy_n/m	15	fraction_galaxy	9
english	fractional_galaxy_n/m	16	fraction_galaxy	10
english	fractional_galaxy_n/m	16	fraction_galaxy	11
english	fractional_galaxy_n/m	16	fraction_galaxy	12
english	fractional_galaxy_n/m	16	fraction_galaxy	13
english	fractional_galaxy_n/m	16	fraction_galaxy	14
english	fractional_galaxy_n/m	16	fraction_galaxy	15
english	fractional_galaxy_n/m	16	fraction_galaxy	16
english	fractional_galaxy_n/m	16	fraction_galaxy	17
english	fractional_galaxy_n/m	16	fraction_galaxy	18
english	fractional_galaxy_n/m	16	fraction_galaxy	19
english	fractional_galaxy_n/m	16	fraction_galaxy	2
english	fractional_galaxy_n/m	16	fraction_galaxy	20
english	fractional_galaxy_n/m	16	fraction_galaxy	21
english	fractional_galaxy_n/m	16	fraction_galaxy	22
english	fractional_galaxy_n/m	16	fraction_galaxy	23
english	fractional_galaxy_n/m	16	fraction_galaxy	3
english	fractional_galaxy_n/m	16	fraction_galaxy	4
english	fractional_galaxy_n/m	16	fraction_galaxy	5
english	fractional_galaxy_n/m	16	fraction_galaxy	6
english	fractional_galaxy_n/m	16	fraction_galaxy	7
english	fractional_galaxy_n/m	16	fraction_galaxy	8
english	fractional_galaxy_n/m	16	fraction_galaxy	9
english	fractional_galaxy_n/m	17	fraction_galaxy	10
english	fractional_galaxy_n/m	17	fraction_galaxy	11
english	fractional_galaxy_n/m	17	fraction_galaxy	12
english	fractional_galaxy_n/m	17	fraction_galaxy	13
english	fractional_galaxy_n/m	17	fraction_galaxy	14
english	fractional_galaxy_n/m	17	fraction_galaxy	15
english	fractional_galaxy_n/m	17	fraction_galaxy	16
english	fractional_galaxy_n/m	17	fraction_galaxy	17
english	fractional_galaxy_n/m	17	fraction_galaxy	18
english	fractional_galaxy_n/m	17	fraction_galaxy	19
english	fractional_galaxy_n/m	17	fraction_galaxy	2
english	fractional_galaxy_n/m	17	fraction_galaxy	20
english	fractional_galaxy_n/m	17	fraction_galaxy	21
english	fractional_galaxy_n/m	17	fraction_galaxy	22
english	fractional_galaxy_n/m	17	fraction_galaxy	23
english	fractional_galaxy_n/m	17	fraction_galaxy	3
english	fractional_galaxy_n/m	17	fraction_galaxy	4
english	fractional_galaxy_n/m	17	fraction_galaxy	5
english	fractional_galaxy_n/m	17	fraction_galaxy	6
english	fractional_galaxy_n/m	17	fraction_galaxy	7
english	fractional_galaxy_n/m	17	fraction_galaxy	8
english	fractional_galaxy_n/m	17	fraction_galaxy	9
english	fractional_galaxy_n/m	18	fraction_galaxy	10
english	fractional_galaxy_n/m	18	fraction_galaxy	11
english	fractional_galaxy_n/m	18	fraction_galaxy	12
english	fractional_galaxy_n/m	18	fraction_galaxy	13
english	fractional_galaxy_n/m	18	fraction_galaxy	14
english	fractional_galaxy_n/m	18	fraction_galaxy	15
english	fractional_galaxy_n/m	18	fraction_galaxy	16
english	fractional_galaxy_n/m	18	fraction_galaxy	17
english	fractional_galaxy_n/m	18	fraction_galaxy	18
english	fractional_galaxy_n/m	18	fraction_galaxy	19
english	fractional_galaxy_n/m	18	fraction_galaxy	2
english	fractional_galaxy_n/m	18	fraction_galaxy	20
english	fractional_galaxy_n/m	18	fraction_galaxy	21
english	fractional_galaxy_n/m	18	fraction_galaxy	22
english	fractional_galaxy_n/m	18	fraction_galaxy	23
english	fractional_galaxy_n/m	18	fraction_galaxy	3
english	fractional_galaxy_n/m	18	fraction_galaxy	4
english	fractional_galaxy_n/m	18	fraction_galaxy	5
english	fractional_galaxy_n/m	18	fraction_galaxy	6
english	fractional_galaxy_n/m	18	fraction_galaxy	7
english	fractional_galaxy_n/m	18	fraction_galaxy	8
english	fractional_galaxy_n/m	18	fraction_galaxy	9
english	fractional_galaxy_n/m	19	fraction_galaxy	10
english	fractional_galaxy_n/m	19	fraction_galaxy	11
english	fractional_galaxy_n/m	19	fraction_galaxy	12
english	fractional_galaxy_n/m	19	fraction_galaxy	13
english	fractional_galaxy_n/m	19	fraction_galaxy	14
english	fractional_galaxy_n/m	19	fraction_galaxy	15
english	fractional_galaxy_n/m	19	fraction_galaxy	16
english	fractional_galaxy_n/m	19	fraction_galaxy	17
english	fractional_galaxy_n/m	19	fraction_galaxy	18
english	fractional_galaxy_n/m	19	fraction_galaxy	19
english	fractional_galaxy_n/m	19	fraction_galaxy	2
english	fractional_galaxy_n/m	19	fraction_galaxy	20
english	fractional_galaxy_n/m	19	fraction_galaxy	21
english	fractional_galaxy_n/m	19	fraction_galaxy	22
english	fractional_galaxy_n/m	19	fraction_galaxy	23
english	fractional_galaxy_n/m	19	fraction_galaxy	3
english	fractional_galaxy_n/m	19	fraction_galaxy	4
english	fractional_galaxy_n/m	19	fraction_galaxy	5
english	fractional_galaxy_n/m	19	fraction_galaxy	6
english	fractional_galaxy_n/m	19	fraction_galaxy	7
english	fractional_galaxy_n/m	19	fraction_galaxy	8
english	fractional_galaxy_n/m	19	fraction_galaxy	9
english	fractional_galaxy_n/m	2	fraction_galaxy	10
english	fractional_galaxy_n/m	2	fraction_galaxy	11
english	fractional_galaxy_n/m	2	fraction_galaxy	12
english	fractional_galaxy_n/m	2	fraction_galaxy	13
english	fractional_galaxy_n/m	2	fraction_galaxy	14
english	fractional_galaxy_n/m	2	fraction_galaxy	15
english	fractional_galaxy_n/m	2	fraction_galaxy	16
english	fractional_galaxy_n/m	2	fraction_galaxy	17
english	fractional_galaxy_n/m	2	fraction_galaxy	18
english	fractional_galaxy_n/m	2	fraction_galaxy	19
english	fractional_galaxy_n/m	2	fraction_galaxy	2
english	fractional_galaxy_n/m	2	fraction_galaxy	20
english	fractional_galaxy_n/m	2	fraction_galaxy	21
english	fractional_galaxy_n/m	2	fraction_galaxy	22
english	fractional_galaxy_n/m	2	fraction_galaxy	23
english	fractional_galaxy_n/m	2	fraction_galaxy	3
english	fractional_galaxy_n/m	2	fraction_galaxy	4
english	fractional_galaxy_n/m	2	fraction_galaxy	5
english	fractional_galaxy_n/m	2	fraction_galaxy	6
english	fractional_galaxy_n/m	2	fraction_galaxy	7
english	fractional_galaxy_n/m	2	fraction_galaxy	8
english	fractional_galaxy_n/m	2	fraction_galaxy	9
english	fractional_galaxy_n/m	20	fraction_galaxy	10
english	fractional_galaxy_n/m	20	fraction_galaxy	11
english	fractional_galaxy_n/m	20	fraction_galaxy	12
english	fractional_galaxy_n/m	20	fraction_galaxy	13
english	fractional_galaxy_n/m	20	fraction_galaxy	14
english	fractional_galaxy_n/m	20	fraction_galaxy	15
english	fractional_galaxy_n/m	20	fraction_galaxy	16
english	fractional_galaxy_n/m	20	fraction_galaxy	17
english	fractional_galaxy_n/m	20	fraction_galaxy	18
english	fractional_galaxy_n/m	20	fraction_galaxy	19
english	fractional_galaxy_n/m	20	fraction_galaxy	2
english	fractional_galaxy_n/m	20	fraction_galaxy	20
english	fractional_galaxy_n/m	20	fraction_galaxy	21
english	fractional_galaxy_n/m	20	fraction_galaxy	22
english	fractional_galaxy_n/m	20	fraction_galaxy	23
english	fractional_galaxy_n/m	20	fraction_galaxy	3
english	fractional_galaxy_n/m	20	fraction_galaxy	4
english	fractional_galaxy_n/m	20	fraction_galaxy	5
english	fractional_galaxy_n/m	20	fraction_galaxy	6
english	fractional_galaxy_n/m	20	fraction_galaxy	7
english	fractional_galaxy_n/m	20	fraction_galaxy	8
english	fractional_galaxy_n/m	20	fraction_galaxy	9
english	fractional_galaxy_n/m	21	fraction_galaxy	10
english	fractional_galaxy_n/m	21	fraction_galaxy	11
english	fractional_galaxy_n/m	21	fraction_galaxy	12
english	fractional_galaxy_n/m	21	fraction_galaxy	13
english	fractional_galaxy_n/m	21	fraction_galaxy	14
english	fractional_galaxy_n/m	21	fraction_galaxy	15
english	fractional_galaxy_n/m	21	fraction_galaxy	16
english	fractional_galaxy_n/m	21	fraction_galaxy	17
english	fractional_galaxy_n/m	21	fraction_galaxy	18
english	fractional_galaxy_n/m	21	fraction_galaxy	19
english	fractional_galaxy_n/m	21	fraction_galaxy	2
english	fractional_galaxy_n/m	21	fraction_galaxy	20
english	fractional_galaxy_n/m	21	fraction_galaxy	21
english	fractional_galaxy_n/m	21	fraction_galaxy	22
english	fractional_galaxy_n/m	21	fraction_galaxy	23
english	fractional_galaxy_n/m	21	fraction_galaxy	3
english	fractional_galaxy_n/m	21	fraction_galaxy	4
english	fractional_galaxy_n/m	21	fraction_galaxy	5
english	fractional_galaxy_n/m	21	fraction_galaxy	6
english	fractional_galaxy_n/m	21	fraction_galaxy	7
english	fractional_galaxy_n/m	21	fraction_galaxy	8
english	fractional_galaxy_n/m	21	fraction_galaxy	9
english	fractional_galaxy_n/m	22	fraction_galaxy	10
english	fractional_galaxy_n/m	22	fraction_galaxy	11
english	fractional_galaxy_n/m	22	fraction_galaxy	12
english	fractional_galaxy_n/m	22	fraction_galaxy	13
english	fractional_galaxy_n/m	22	fraction_galaxy	14
english	fractional_galaxy_n/m	22	fraction_galaxy	15
english	fractional_galaxy_n/m	22	fraction_galaxy	16
english	fractional_galaxy_n/m	22	fraction_galaxy	17
english	fractional_galaxy_n/m	22	fraction_galaxy	18
english	fractional_galaxy_n/m	22	fraction_galaxy	19
english	fractional_galaxy_n/m	22	fraction_galaxy	2
english	fractional_galaxy_n/m	22	fraction_galaxy	20
english	fractional_galaxy_n/m	22	fraction_galaxy	21
english	fractional_galaxy_n/m	22	fraction_galaxy	22
english	fractional_galaxy_n/m	22	fraction_galaxy	23
english	fractional_galaxy_n/m	22	fraction_galaxy	3
english	fractional_galaxy_n/m	22	fraction_galaxy	4
english	fractional_galaxy_n/m	22	fraction_galaxy	5
english	fractional_galaxy_n/m	22	fraction_galaxy	6
english	fractional_galaxy_n/m	22	fraction_galaxy	7
english	fractional_galaxy_n/m	22	fraction_galaxy	8
english	fractional_galaxy_n/m	22	fraction_galaxy	9
english	fractional_galaxy_n/m	23	fraction_galaxy	10
english	fractional_galaxy_n/m	23	fraction_galaxy	11
english	fractional_galaxy_n/m	23	fraction_galaxy	12
english	fractional_galaxy_n/m	23	fraction_galaxy	13
english	fractional_galaxy_n/m	23	fraction_galaxy	14
english	fractional_galaxy_n/m	23	fraction_galaxy	15
english	fractional_galaxy_n/m	23	fraction_galaxy	16
english	fractional_galaxy_n/m	23	fraction_galaxy	17
english	fractional_galaxy_n/m	23	fraction_galaxy	18
english	fractional_galaxy_n/m	23	fraction_galaxy	19
english	fractional_galaxy_n/m	23	fraction_galaxy	2
english	fractional_galaxy_n/m	23	fraction_galaxy	20
english	fractional_galaxy_n/m	23	fraction_galaxy	21
english	fractional_galaxy_n/m	23	fraction_galaxy	22
english	fractional_galaxy_n/m	23	fraction_galaxy	23
english	fractional_galaxy_n/m	23	fraction_galaxy	3
english	fractional_galaxy_n/m	23	fraction_galaxy	4
english	fractional_galaxy_n/m	23	fraction_galaxy	5
english	fractional_galaxy_n/m	23	fraction_galaxy	6
english	fractional_galaxy_n/m	23	fraction_galaxy	7
english	fractional_galaxy_n/m	23	fraction_galaxy	8
english	fractional_galaxy_n/m	23	fraction_galaxy	9
english	fractional_galaxy_n/m	3	fraction_galaxy	10
english	fractional_galaxy_n/m	3	fraction_galaxy	11
english	fractional_galaxy_n/m	3	fraction_galaxy	12
english	fractional_galaxy_n/m	3	fraction_galaxy	13
english	fractional_galaxy_n/m	3	fraction_galaxy	14
english	fractional_galaxy_n/m	3	fraction_galaxy	15
english	fractional_galaxy_n/m	3	fraction_galaxy	16
english	fractional_galaxy_n/m	3	fraction_galaxy	17
english	fractional_galaxy_n/m	3	fraction_galaxy	18
english	fractional_galaxy_n/m	3	fraction_galaxy	19
english	fractional_galaxy_n/m	3	fraction_galaxy	2
english	fractional_galaxy_n/m	3	fraction_galaxy	20
english	fractional_galaxy_n/m	3	fraction_galaxy	21
english	fractional_galaxy_n/m	3	fraction_galaxy	22
english	fractional_galaxy_n/m	3	fraction_galaxy	23
english	fractional_galaxy_n/m	3	fraction_galaxy	3
english	fractional_galaxy_n/m	3	fraction_galaxy	4
english	fractional_galaxy_n/m	3	fraction_galaxy	5
english	fractional_galaxy_n/m	3	fraction_galaxy	6
english	fractional_galaxy_n/m	3	fraction_galaxy	7
english	fractional_galaxy_n/m	3	fraction_galaxy	8
english	fractional_galaxy_n/m	3	fraction_galaxy	9
english	fractional_galaxy_n/m	4	fraction_galaxy	10
english	fractional_galaxy_n/m	4	fraction_galaxy	11
english	fractional_galaxy_n/m	4	fraction_galaxy	12
english	fractional_galaxy_n/m	4	fraction_galaxy	13
english	fractional_galaxy_n/m	4	fraction_galaxy	14
english	fractional_galaxy_n/m	4	fraction_galaxy	15
english	fractional_galaxy_n/m	4	fraction_galaxy	16
english	fractional_galaxy_n/m	4	fraction_galaxy	17
english	fractional_galaxy_n/m	4	fraction_galaxy	18
english	fractional_galaxy_n/m	4	fraction_galaxy	19
english	fractional_galaxy_n/m	4	fraction_galaxy	2
english	fractional_galaxy_n/m	4	fraction_galaxy	20
english	fractional_galaxy_n/m	4	fraction_galaxy	21
english	fractional_galaxy_n/m	4	fraction_galaxy	22
english	fractional_galaxy_n/m	4	fraction_galaxy	23
english	fractional_galaxy_n/m	4	fraction_galaxy	3
english	fractional_galaxy_n/m	4	fraction_galaxy	4
english	fractional_galaxy_n/m	4	fraction_galaxy	5
english	fractional_galaxy_n/m	4	fraction_galaxy	6
english	fractional_galaxy_n/m	4	fraction_galaxy	7
english	fractional_galaxy_n/m	4	fraction_galaxy	8
english	fractional_galaxy_n/m	4	fraction_galaxy	9
english	fractional_galaxy_n/m	5	fraction_galaxy	10
english	fractional_galaxy_n/m	5	fraction_galaxy	11
english	fractional_galaxy_n/m	5	fraction_galaxy	12
english	fractional_galaxy_n/m	5	fraction_galaxy	13
english	fractional_galaxy_n/m	5	fraction_galaxy	14
english	fractional_galaxy_n/m	5	fraction_galaxy	15
english	fractional_galaxy_n/m	5	fraction_galaxy	16
english	fractional_galaxy_n/m	5	fraction_galaxy	17
english	fractional_galaxy_n/m	5	fraction_galaxy	18
english	fractional_galaxy_n/m	5	fraction_galaxy	19
english	fractional_galaxy_n/m	5	fraction_galaxy	2
english	fractional_galaxy_n/m	5	fraction_galaxy	20
english	fractional_galaxy_n/m	5	fraction_galaxy	21
english	fractional_galaxy_n/m	5	fraction_galaxy	22
english	fractional_galaxy_n/m	5	fraction_galaxy	23
english	fractional_galaxy_n/m	5	fraction_galaxy	3
english	fractional_galaxy_n/m	5	fraction_galaxy	4
english	fractional_galaxy_n/m	5	fraction_galaxy	5
english	fractional_galaxy_n/m	5	fraction_galaxy	6
english	fractional_galaxy_n/m	5	fraction_galaxy	7
english	fractional_galaxy_n/m	5	fraction_galaxy	8
english	fractional_galaxy_n/m	5	fraction_galaxy	9
english	fractional_galaxy_n/m	6	fraction_galaxy	10
english	fractional_galaxy_n/m	6	fraction_galaxy	11
english	fractional_galaxy_n/m	6	fraction_galaxy	12
english	fractional_galaxy_n/m	6	fraction_galaxy	13
english	fractional_galaxy_n/m	6	fraction_galaxy	14
english	fractional_galaxy_n/m	6	fraction_galaxy	15
english	fractional_galaxy_n/m	6	fraction_galaxy	16
english	fractional_galaxy_n/m	6	fraction_galaxy	17
english	fractional_galaxy_n/m	6	fraction_galaxy	18
english	fractional_galaxy_n/m	6	fraction_galaxy	19
english	fractional_galaxy_n/m	6	fraction_galaxy	2
english	fractional_galaxy_n/m	6	fraction_galaxy	20
english	fractional_galaxy_n/m	6	fraction_galaxy	21
english	fractional_galaxy_n/m	6	fraction_galaxy	22
english	fractional_galaxy_n/m	6	fraction_galaxy	23
english	fractional_galaxy_n/m	6	fraction_galaxy	3
english	fractional_galaxy_n/m	6	fraction_galaxy	4
english	fractional_galaxy_n/m	6	fraction_galaxy	5
english	fractional_galaxy_n/m	6	fraction_galaxy	6
english	fractional_galaxy_n/m	6	fraction_galaxy	7
english	fractional_galaxy_n/m	6	fraction_galaxy	8
english	fractional_galaxy_n/m	6	fraction_galaxy	9
english	fractional_galaxy_n/m	7	fraction_galaxy	10
english	fractional_galaxy_n/m	7	fraction_galaxy	11
english	fractional_galaxy_n/m	7	fraction_galaxy	12
english	fractional_galaxy_n/m	7	fraction_galaxy	13
english	fractional_galaxy_n/m	7	fraction_galaxy	14
english	fractional_galaxy_n/m	7	fraction_galaxy	15
english	fractional_galaxy_n/m	7	fraction_galaxy	16
english	fractional_galaxy_n/m	7	fraction_galaxy	17
english	fractional_galaxy_n/m	7	fraction_galaxy	18
english	fractional_galaxy_n/m	7	fraction_galaxy	19
english	fractional_galaxy_n/m	7	fraction_galaxy	2
english	fractional_galaxy_n/m	7	fraction_galaxy	20
english	fractional_galaxy_n/m	7	fraction_galaxy	21
english	fractional_galaxy_n/m	7	fraction_galaxy	22
english	fractional_galaxy_n/m	7	fraction_galaxy	23
english	fractional_galaxy_n/m	7	fraction_galaxy	3
english	fractional_galaxy_n/m	7	fraction_galaxy	4
english	fractional_galaxy_n/m	7	fraction_galaxy	5
english	fractional_galaxy_n/m	7	fraction_galaxy	6
english	fractional_galaxy_n/m	7	fraction_galaxy	7
english	fractional_galaxy_n/m	7	fraction_galaxy	8
english	fractional_galaxy_n/m	7	fraction_galaxy	9
english	fractional_galaxy_n/m	8	fraction_galaxy	10
english	fractional_galaxy_n/m	8	fraction_galaxy	11
english	fractional_galaxy_n/m	8	fraction_galaxy	12
english	fractional_galaxy_n/m	8	fraction_galaxy	13
english	fractional_galaxy_n/m	8	fraction_galaxy	14
english	fractional_galaxy_n/m	8	fraction_galaxy	15
english	fractional_galaxy_n/m	8	fraction_galaxy	16
english	fractional_galaxy_n/m	8	fraction_galaxy	17
english	fractional_galaxy_n/m	8	fraction_galaxy	18
english	fractional_galaxy_n/m	8	fraction_galaxy	19
english	fractional_galaxy_n/m	8	fraction_galaxy	2
english	fractional_galaxy_n/m	8	fraction_galaxy	20
english	fractional_galaxy_n/m	8	fraction_galaxy	21
english	fractional_galaxy_n/m	8	fraction_galaxy	22
english	fractional_galaxy_n/m	8	fraction_galaxy	23
english	fractional_galaxy_n/m	8	fraction_galaxy	3
english	fractional_galaxy_n/m	8	fraction_galaxy	4
english	fractional_galaxy_n/m	8	fraction_galaxy	5
english	fractional_galaxy_n/m	8	fraction_galaxy	6
english	fractional_galaxy_n/m	8	fraction_galaxy	7
english	fractional_galaxy_n/m	8	fraction_galaxy	8
english	fractional_galaxy_n/m	8	fraction_galaxy	9
english	fractional_galaxy_n/m	9	fraction_galaxy	10
english	fractional_galaxy_n/m	9	fraction_galaxy	11
english	fractional_galaxy_n/m	9	fraction_galaxy	12
english	fractional_galaxy_n/m	9	fraction_galaxy	13
english	fractional_galaxy_n/m	9	fraction_galaxy	14
english	fractional_galaxy_n/m	9	fraction_galaxy	15
english	fractional_galaxy_n/m	9	fraction_galaxy	16
english	fractional_galaxy_n/m	9	fraction_galaxy	17
english	fractional_galaxy_n/m	9	fraction_galaxy	18
english	fractional_galaxy_n/m	9	fraction_galaxy	19
english	fractional_galaxy_n/m	9	fraction_galaxy	2
english	fractional_galaxy_n/m	9	fraction_galaxy	20
english	fractional_galaxy_n/m	9	fraction_galaxy	21
english	fractional_galaxy_n/m	9	fraction_galaxy	22
english	fractional_galaxy_n/m	9	fraction_galaxy	23
english	fractional_galaxy_n/m	9	fraction_galaxy	3
english	fractional_galaxy_n/m	9	fraction_galaxy	4
english	fractional_galaxy_n/m	9	fraction_galaxy	5
english	fractional_galaxy_n/m	9	fraction_galaxy	6
english	fractional_galaxy_n/m	9	fraction_galaxy	7
english	fractional_galaxy_n/m	9	fraction_galaxy	8
english	fractional_galaxy_n/m	9	fraction_galaxy	9
english	fractional_universe_n/m	10	fraction_universe	10
english	fractional_universe_n/m	10	fraction_universe	11
english	fractional_universe_n/m	10	fraction_universe	12
english	fractional_universe_n/m	10	fraction_universe	13
english	fractional_universe_n/m	10	fraction_universe	14
english	fractional_universe_n/m	10	fraction_universe	15
english	fractional_universe_n/m	10	fraction_universe	16
english	fractional_universe_n/m	10	fraction_universe	17
english	fractional_universe_n/m	10	fraction_universe	18
english	fractional_universe_n/m	10	fraction_universe	19
english	fractional_universe_n/m	10	fraction_universe	2
english	fractional_universe_n/m	10	fraction_universe	20
english	fractional_universe_n/m	10	fraction_universe	21
english	fractional_universe_n/m	10	fraction_universe	22
english	fractional_universe_n/m	10	fraction_universe	23
english	fractional_universe_n/m	10	fraction_universe	3
english	fractional_universe_n/m	10	fraction_universe	4
english	fractional_universe_n/m	10	fraction_universe	5
english	fractional_universe_n/m	10	fraction_universe	6
english	fractional_universe_n/m	10	fraction_universe	7
english	fractional_universe_n/m	10	fraction_universe	8
english	fractional_universe_n/m	10	fraction_universe	9
english	fractional_universe_n/m	11	fraction_universe	10
english	fractional_universe_n/m	11	fraction_universe	11
english	fractional_universe_n/m	11	fraction_universe	12
english	fractional_universe_n/m	11	fraction_universe	13
english	fractional_universe_n/m	11	fraction_universe	14
english	fractional_universe_n/m	11	fraction_universe	15
english	fractional_universe_n/m	11	fraction_universe	16
english	fractional_universe_n/m	11	fraction_universe	17
english	fractional_universe_n/m	11	fraction_universe	18
english	fractional_universe_n/m	11	fraction_universe	19
english	fractional_universe_n/m	11	fraction_universe	2
english	fractional_universe_n/m	11	fraction_universe	20
english	fractional_universe_n/m	11	fraction_universe	21
english	fractional_universe_n/m	11	fraction_universe	22
english	fractional_universe_n/m	11	fraction_universe	23
english	fractional_universe_n/m	11	fraction_universe	3
english	fractional_universe_n/m	11	fraction_universe	4
english	fractional_universe_n/m	11	fraction_universe	5
english	fractional_universe_n/m	11	fraction_universe	6
english	fractional_universe_n/m	11	fraction_universe	7
english	fractional_universe_n/m	11	fraction_universe	8
english	fractional_universe_n/m	11	fraction_universe	9
english	fractional_universe_n/m	12	fraction_universe	10
english	fractional_universe_n/m	12	fraction_universe	11
english	fractional_universe_n/m	12	fraction_universe	12
english	fractional_universe_n/m	12	fraction_universe	13
english	fractional_universe_n/m	12	fraction_universe	14
english	fractional_universe_n/m	12	fraction_universe	15
english	fractional_universe_n/m	12	fraction_universe	16
english	fractional_universe_n/m	12	fraction_universe	17
english	fractional_universe_n/m	12	fraction_universe	18
english	fractional_universe_n/m	12	fraction_universe	19
english	fractional_universe_n/m	12	fraction_universe	2
english	fractional_universe_n/m	12	fraction_universe	20
english	fractional_universe_n/m	12	fraction_universe	21
english	fractional_universe_n/m	12	fraction_universe	22
english	fractional_universe_n/m	12	fraction_universe	23
english	fractional_universe_n/m	12	fraction_universe	3
english	fractional_universe_n/m	12	fraction_universe	4
english	fractional_universe_n/m	12	fraction_universe	5
english	fractional_universe_n/m	12	fraction_universe	6
english	fractional_universe_n/m	12	fraction_universe	7
english	fractional_universe_n/m	12	fraction_universe	8
english	fractional_universe_n/m	12	fraction_universe	9
english	fractional_universe_n/m	13	fraction_universe	10
english	fractional_universe_n/m	13	fraction_universe	11
english	fractional_universe_n/m	13	fraction_universe	12
english	fractional_universe_n/m	13	fraction_universe	13
english	fractional_universe_n/m	13	fraction_universe	14
english	fractional_universe_n/m	13	fraction_universe	15
english	fractional_universe_n/m	13	fraction_universe	16
english	fractional_universe_n/m	13	fraction_universe	17
english	fractional_universe_n/m	13	fraction_universe	18
english	fractional_universe_n/m	13	fraction_universe	19
english	fractional_universe_n/m	13	fraction_universe	2
english	fractional_universe_n/m	13	fraction_universe	20
english	fractional_universe_n/m	13	fraction_universe	21
english	fractional_universe_n/m	13	fraction_universe	22
english	fractional_universe_n/m	13	fraction_universe	23
english	fractional_universe_n/m	13	fraction_universe	3
english	fractional_universe_n/m	13	fraction_universe	4
english	fractional_universe_n/m	13	fraction_universe	5
english	fractional_universe_n/m	13	fraction_universe	6
english	fractional_universe_n/m	13	fraction_universe	7
english	fractional_universe_n/m	13	fraction_universe	8
english	fractional_universe_n/m	13	fraction_universe	9
english	fractional_universe_n/m	14	fraction_universe	10
english	fractional_universe_n/m	14	fraction_universe	11
english	fractional_universe_n/m	14	fraction_universe	12
english	fractional_universe_n/m	14	fraction_universe	13
english	fractional_universe_n/m	14	fraction_universe	14
english	fractional_universe_n/m	14	fraction_universe	15
english	fractional_universe_n/m	14	fraction_universe	16
english	fractional_universe_n/m	14	fraction_universe	17
english	fractional_universe_n/m	14	fraction_universe	18
english	fractional_universe_n/m	14	fraction_universe	19
english	fractional_universe_n/m	14	fraction_universe	2
english	fractional_universe_n/m	14	fraction_universe	20
english	fractional_universe_n/m	14	fraction_universe	21
english	fractional_universe_n/m	14	fraction_universe	22
english	fractional_universe_n/m	14	fraction_universe	23
english	fractional_universe_n/m	14	fraction_universe	3
english	fractional_universe_n/m	14	fraction_universe	4
english	fractional_universe_n/m	14	fraction_universe	5
english	fractional_universe_n/m	14	fraction_universe	6
english	fractional_universe_n/m	14	fraction_universe	7
english	fractional_universe_n/m	14	fraction_universe	8
english	fractional_universe_n/m	14	fraction_universe	9
english	fractional_universe_n/m	15	fraction_universe	10
english	fractional_universe_n/m	15	fraction_universe	11
english	fractional_universe_n/m	15	fraction_universe	12
english	fractional_universe_n/m	15	fraction_universe	13
english	fractional_universe_n/m	15	fraction_universe	14
english	fractional_universe_n/m	15	fraction_universe	15
english	fractional_universe_n/m	15	fraction_universe	16
english	fractional_universe_n/m	15	fraction_universe	17
english	fractional_universe_n/m	15	fraction_universe	18
english	fractional_universe_n/m	15	fraction_universe	19
english	fractional_universe_n/m	15	fraction_universe	2
english	fractional_universe_n/m	15	fraction_universe	20
english	fractional_universe_n/m	15	fraction_universe	21
english	fractional_universe_n/m	15	fraction_universe	22
english	fractional_universe_n/m	15	fraction_universe	23
english	fractional_universe_n/m	15	fraction_universe	3
english	fractional_universe_n/m	15	fraction_universe	4
english	fractional_universe_n/m	15	fraction_universe	5
english	fractional_universe_n/m	15	fraction_universe	6
english	fractional_universe_n/m	15	fraction_universe	7
english	fractional_universe_n/m	15	fraction_universe	8
english	fractional_universe_n/m	15	fraction_universe	9
english	fractional_universe_n/m	16	fraction_universe	10
english	fractional_universe_n/m	16	fraction_universe	11
english	fractional_universe_n/m	16	fraction_universe	12
english	fractional_universe_n/m	16	fraction_universe	13
english	fractional_universe_n/m	16	fraction_universe	14
english	fractional_universe_n/m	16	fraction_universe	15
english	fractional_universe_n/m	16	fraction_universe	16
english	fractional_universe_n/m	16	fraction_universe	17
english	fractional_universe_n/m	16	fraction_universe	18
english	fractional_universe_n/m	16	fraction_universe	19
english	fractional_universe_n/m	16	fraction_universe	2
english	fractional_universe_n/m	16	fraction_universe	20
english	fractional_universe_n/m	16	fraction_universe	21
english	fractional_universe_n/m	16	fraction_universe	22
english	fractional_universe_n/m	16	fraction_universe	23
english	fractional_universe_n/m	16	fraction_universe	3
english	fractional_universe_n/m	16	fraction_universe	4
english	fractional_universe_n/m	16	fraction_universe	5
english	fractional_universe_n/m	16	fraction_universe	6
english	fractional_universe_n/m	16	fraction_universe	7
english	fractional_universe_n/m	16	fraction_universe	8
english	fractional_universe_n/m	16	fraction_universe	9
english	fractional_universe_n/m	17	fraction_universe	10
english	fractional_universe_n/m	17	fraction_universe	11
english	fractional_universe_n/m	17	fraction_universe	12
english	fractional_universe_n/m	17	fraction_universe	13
english	fractional_universe_n/m	17	fraction_universe	14
english	fractional_universe_n/m	17	fraction_universe	15
english	fractional_universe_n/m	17	fraction_universe	16
english	fractional_universe_n/m	17	fraction_universe	17
english	fractional_universe_n/m	17	fraction_universe	18
english	fractional_universe_n/m	17	fraction_universe	19
english	fractional_universe_n/m	17	fraction_universe	2
english	fractional_universe_n/m	17	fraction_universe	20
english	fractional_universe_n/m	17	fraction_universe	21
english	fractional_universe_n/m	17	fraction_universe	22
english	fractional_universe_n/m	17	fraction_universe	23
english	fractional_universe_n/m	17	fraction_universe	3
english	fractional_universe_n/m	17	fraction_universe	4
english	fractional_universe_n/m	17	fraction_universe	5
english	fractional_universe_n/m	17	fraction_universe	6
english	fractional_universe_n/m	17	fraction_universe	7
english	fractional_universe_n/m	17	fraction_universe	8
english	fractional_universe_n/m	17	fraction_universe	9
english	fractional_universe_n/m	18	fraction_universe	10
english	fractional_universe_n/m	18	fraction_universe	11
english	fractional_universe_n/m	18	fraction_universe	12
english	fractional_universe_n/m	18	fraction_universe	13
english	fractional_universe_n/m	18	fraction_universe	14
english	fractional_universe_n/m	18	fraction_universe	15
english	fractional_universe_n/m	18	fraction_universe	16
english	fractional_universe_n/m	18	fraction_universe	17
english	fractional_universe_n/m	18	fraction_universe	18
english	fractional_universe_n/m	18	fraction_universe	19
english	fractional_universe_n/m	18	fraction_universe	2
english	fractional_universe_n/m	18	fraction_universe	20
english	fractional_universe_n/m	18	fraction_universe	21
english	fractional_universe_n/m	18	fraction_universe	22
english	fractional_universe_n/m	18	fraction_universe	23
english	fractional_universe_n/m	18	fraction_universe	3
english	fractional_universe_n/m	18	fraction_universe	4
english	fractional_universe_n/m	18	fraction_universe	5
english	fractional_universe_n/m	18	fraction_universe	6
english	fractional_universe_n/m	18	fraction_universe	7
english	fractional_universe_n/m	18	fraction_universe	8
english	fractional_universe_n/m	18	fraction_universe	9
english	fractional_universe_n/m	19	fraction_universe	10
english	fractional_universe_n/m	19	fraction_universe	11
english	fractional_universe_n/m	19	fraction_universe	12
english	fractional_universe_n/m	19	fraction_universe	13
english	fractional_universe_n/m	19	fraction_universe	14
english	fractional_universe_n/m	19	fraction_universe	15
english	fractional_universe_n/m	19	fraction_universe	16
english	fractional_universe_n/m	19	fraction_universe	17
english	fractional_universe_n/m	19	fraction_universe	18
english	fractional_universe_n/m	19	fraction_universe	19
english	fractional_universe_n/m	19	fraction_universe	2
english	fractional_universe_n/m	19	fraction_universe	20
english	fractional_universe_n/m	19	fraction_universe	21
english	fractional_universe_n/m	19	fraction_universe	22
english	fractional_universe_n/m	19	fraction_universe	23
english	fractional_universe_n/m	19	fraction_universe	3
english	fractional_universe_n/m	19	fraction_universe	4
english	fractional_universe_n/m	19	fraction_universe	5
english	fractional_universe_n/m	19	fraction_universe	6
english	fractional_universe_n/m	19	fraction_universe	7
english	fractional_universe_n/m	19	fraction_universe	8
english	fractional_universe_n/m	19	fraction_universe	9
english	fractional_universe_n/m	2	fraction_universe	10
english	fractional_universe_n/m	2	fraction_universe	11
english	fractional_universe_n/m	2	fraction_universe	12
english	fractional_universe_n/m	2	fraction_universe	13
english	fractional_universe_n/m	2	fraction_universe	14
english	fractional_universe_n/m	2	fraction_universe	15
english	fractional_universe_n/m	2	fraction_universe	16
english	fractional_universe_n/m	2	fraction_universe	17
english	fractional_universe_n/m	2	fraction_universe	18
english	fractional_universe_n/m	2	fraction_universe	19
english	fractional_universe_n/m	2	fraction_universe	2
english	fractional_universe_n/m	2	fraction_universe	20
english	fractional_universe_n/m	2	fraction_universe	21
english	fractional_universe_n/m	2	fraction_universe	22
english	fractional_universe_n/m	2	fraction_universe	23
english	fractional_universe_n/m	2	fraction_universe	3
english	fractional_universe_n/m	2	fraction_universe	4
english	fractional_universe_n/m	2	fraction_universe	5
english	fractional_universe_n/m	2	fraction_universe	6
english	fractional_universe_n/m	2	fraction_universe	7
english	fractional_universe_n/m	2	fraction_universe	8
english	fractional_universe_n/m	2	fraction_universe	9
english	fractional_universe_n/m	20	fraction_universe	10
english	fractional_universe_n/m	20	fraction_universe	11
english	fractional_universe_n/m	20	fraction_universe	12
english	fractional_universe_n/m	20	fraction_universe	13
english	fractional_universe_n/m	20	fraction_universe	14
english	fractional_universe_n/m	20	fraction_universe	15
english	fractional_universe_n/m	20	fraction_universe	16
english	fractional_universe_n/m	20	fraction_universe	17
english	fractional_universe_n/m	20	fraction_universe	18
english	fractional_universe_n/m	20	fraction_universe	19
english	fractional_universe_n/m	20	fraction_universe	2
english	fractional_universe_n/m	20	fraction_universe	20
english	fractional_universe_n/m	20	fraction_universe	21
english	fractional_universe_n/m	20	fraction_universe	22
english	fractional_universe_n/m	20	fraction_universe	23
english	fractional_universe_n/m	20	fraction_universe	3
english	fractional_universe_n/m	20	fraction_universe	4
english	fractional_universe_n/m	20	fraction_universe	5
english	fractional_universe_n/m	20	fraction_universe	6
english	fractional_universe_n/m	20	fraction_universe	7
english	fractional_universe_n/m	20	fraction_universe	8
english	fractional_universe_n/m	20	fraction_universe	9
english	fractional_universe_n/m	21	fraction_universe	10
english	fractional_universe_n/m	21	fraction_universe	11
english	fractional_universe_n/m	21	fraction_universe	12
english	fractional_universe_n/m	21	fraction_universe	13
english	fractional_universe_n/m	21	fraction_universe	14
english	fractional_universe_n/m	21	fraction_universe	15
english	fractional_universe_n/m	21	fraction_universe	16
english	fractional_universe_n/m	21	fraction_universe	17
english	fractional_universe_n/m	21	fraction_universe	18
english	fractional_universe_n/m	21	fraction_universe	19
english	fractional_universe_n/m	21	fraction_universe	2
english	fractional_universe_n/m	21	fraction_universe	20
english	fractional_universe_n/m	21	fraction_universe	21
english	fractional_universe_n/m	21	fraction_universe	22
english	fractional_universe_n/m	21	fraction_universe	23
english	fractional_universe_n/m	21	fraction_universe	3
english	fractional_universe_n/m	21	fraction_universe	4
english	fractional_universe_n/m	21	fraction_universe	5
english	fractional_universe_n/m	21	fraction_universe	6
english	fractional_universe_n/m	21	fraction_universe	7
english	fractional_universe_n/m	21	fraction_universe	8
english	fractional_universe_n/m	21	fraction_universe	9
english	fractional_universe_n/m	22	fraction_universe	10
english	fractional_universe_n/m	22	fraction_universe	11
english	fractional_universe_n/m	22	fraction_universe	12
english	fractional_universe_n/m	22	fraction_universe	13
english	fractional_universe_n/m	22	fraction_universe	14
english	fractional_universe_n/m	22	fraction_universe	15
english	fractional_universe_n/m	22	fraction_universe	16
english	fractional_universe_n/m	22	fraction_universe	17
english	fractional_universe_n/m	22	fraction_universe	18
english	fractional_universe_n/m	22	fraction_universe	19
english	fractional_universe_n/m	22	fraction_universe	2
english	fractional_universe_n/m	22	fraction_universe	20
english	fractional_universe_n/m	22	fraction_universe	21
english	fractional_universe_n/m	22	fraction_universe	22
english	fractional_universe_n/m	22	fraction_universe	23
english	fractional_universe_n/m	22	fraction_universe	3
english	fractional_universe_n/m	22	fraction_universe	4
english	fractional_universe_n/m	22	fraction_universe	5
english	fractional_universe_n/m	22	fraction_universe	6
english	fractional_universe_n/m	22	fraction_universe	7
english	fractional_universe_n/m	22	fraction_universe	8
english	fractional_universe_n/m	22	fraction_universe	9
english	fractional_universe_n/m	23	fraction_universe	10
english	fractional_universe_n/m	23	fraction_universe	11
english	fractional_universe_n/m	23	fraction_universe	12
english	fractional_universe_n/m	23	fraction_universe	13
english	fractional_universe_n/m	23	fraction_universe	14
english	fractional_universe_n/m	23	fraction_universe	15
english	fractional_universe_n/m	23	fraction_universe	16
english	fractional_universe_n/m	23	fraction_universe	17
english	fractional_universe_n/m	23	fraction_universe	18
english	fractional_universe_n/m	23	fraction_universe	19
english	fractional_universe_n/m	23	fraction_universe	2
english	fractional_universe_n/m	23	fraction_universe	20
english	fractional_universe_n/m	23	fraction_universe	21
english	fractional_universe_n/m	23	fraction_universe	22
english	fractional_universe_n/m	23	fraction_universe	23
english	fractional_universe_n/m	23	fraction_universe	3
english	fractional_universe_n/m	23	fraction_universe	4
english	fractional_universe_n/m	23	fraction_universe	5
english	fractional_universe_n/m	23	fraction_universe	6
english	fractional_universe_n/m	23	fraction_universe	7
english	fractional_universe_n/m	23	fraction_universe	8
english	fractional_universe_n/m	23	fraction_universe	9
english	fractional_universe_n/m	3	fraction_universe	10
english	fractional_universe_n/m	3	fraction_universe	11
english	fractional_universe_n/m	3	fraction_universe	12
english	fractional_universe_n/m	3	fraction_universe	13
english	fractional_universe_n/m	3	fraction_universe	14
english	fractional_universe_n/m	3	fraction_universe	15
english	fractional_universe_n/m	3	fraction_universe	16
english	fractional_universe_n/m	3	fraction_universe	17
english	fractional_universe_n/m	3	fraction_universe	18
english	fractional_universe_n/m	3	fraction_universe	19
english	fractional_universe_n/m	3	fraction_universe	2
english	fractional_universe_n/m	3	fraction_universe	20
english	fractional_universe_n/m	3	fraction_universe	21
english	fractional_universe_n/m	3	fraction_universe	22
english	fractional_universe_n/m	3	fraction_universe	23
english	fractional_universe_n/m	3	fraction_universe	3
english	fractional_universe_n/m	3	fraction_universe	4
english	fractional_universe_n/m	3	fraction_universe	5
english	fractional_universe_n/m	3	fraction_universe	6
english	fractional_universe_n/m	3	fraction_universe	7
english	fractional_universe_n/m	3	fraction_universe	8
english	fractional_universe_n/m	3	fraction_universe	9
english	fractional_universe_n/m	4	fraction_universe	10
english	fractional_universe_n/m	4	fraction_universe	11
english	fractional_universe_n/m	4	fraction_universe	12
english	fractional_universe_n/m	4	fraction_universe	13
english	fractional_universe_n/m	4	fraction_universe	14
english	fractional_universe_n/m	4	fraction_universe	15
english	fractional_universe_n/m	4	fraction_universe	16
english	fractional_universe_n/m	4	fraction_universe	17
english	fractional_universe_n/m	4	fraction_universe	18
english	fractional_universe_n/m	4	fraction_universe	19
english	fractional_universe_n/m	4	fraction_universe	2
english	fractional_universe_n/m	4	fraction_universe	20
english	fractional_universe_n/m	4	fraction_universe	21
english	fractional_universe_n/m	4	fraction_universe	22
english	fractional_universe_n/m	4	fraction_universe	23
english	fractional_universe_n/m	4	fraction_universe	3
english	fractional_universe_n/m	4	fraction_universe	4
english	fractional_universe_n/m	4	fraction_universe	5
english	fractional_universe_n/m	4	fraction_universe	6
english	fractional_universe_n/m	4	fraction_universe	7
english	fractional_universe_n/m	4	fraction_universe	8
english	fractional_universe_n/m	4	fraction_universe	9
english	fractional_universe_n/m	5	fraction_universe	10
english	fractional_universe_n/m	5	fraction_universe	11
english	fractional_universe_n/m	5	fraction_universe	12
english	fractional_universe_n/m	5	fraction_universe	13
english	fractional_universe_n/m	5	fraction_universe	14
english	fractional_universe_n/m	5	fraction_universe	15
english	fractional_universe_n/m	5	fraction_universe	16
english	fractional_universe_n/m	5	fraction_universe	17
english	fractional_universe_n/m	5	fraction_universe	18
english	fractional_universe_n/m	5	fraction_universe	19
english	fractional_universe_n/m	5	fraction_universe	2
english	fractional_universe_n/m	5	fraction_universe	20
english	fractional_universe_n/m	5	fraction_universe	21
english	fractional_universe_n/m	5	fraction_universe	22
english	fractional_universe_n/m	5	fraction_universe	23
english	fractional_universe_n/m	5	fraction_universe	3
english	fractional_universe_n/m	5	fraction_universe	4
english	fractional_universe_n/m	5	fraction_universe	5
english	fractional_universe_n/m	5	fraction_universe	6
english	fractional_universe_n/m	5	fraction_universe	7
english	fractional_universe_n/m	5	fraction_universe	8
english	fractional_universe_n/m	5	fraction_universe	9
english	fractional_universe_n/m	6	fraction_universe	10
english	fractional_universe_n/m	6	fraction_universe	11
english	fractional_universe_n/m	6	fraction_universe	12
english	fractional_universe_n/m	6	fraction_universe	13
english	fractional_universe_n/m	6	fraction_universe	14
english	fractional_universe_n/m	6	fraction_universe	15
english	fractional_universe_n/m	6	fraction_universe	16
english	fractional_universe_n/m	6	fraction_universe	17
english	fractional_universe_n/m	6	fraction_universe	18
english	fractional_universe_n/m	6	fraction_universe	19
english	fractional_universe_n/m	6	fraction_universe	2
english	fractional_universe_n/m	6	fraction_universe	20
english	fractional_universe_n/m	6	fraction_universe	21
english	fractional_universe_n/m	6	fraction_universe	22
english	fractional_universe_n/m	6	fraction_universe	23
english	fractional_universe_n/m	6	fraction_universe	3
english	fractional_universe_n/m	6	fraction_universe	4
english	fractional_universe_n/m	6	fraction_universe	5
english	fractional_universe_n/m	6	fraction_universe	6
english	fractional_universe_n/m	6	fraction_universe	7
english	fractional_universe_n/m	6	fraction_universe	8
english	fractional_universe_n/m	6	fraction_universe	9
english	fractional_universe_n/m	7	fraction_universe	10
english	fractional_universe_n/m	7	fraction_universe	11
english	fractional_universe_n/m	7	fraction_universe	12
english	fractional_universe_n/m	7	fraction_universe	13
english	fractional_universe_n/m	7	fraction_universe	14
english	fractional_universe_n/m	7	fraction_universe	15
english	fractional_universe_n/m	7	fraction_universe	16
english	fractional_universe_n/m	7	fraction_universe	17
english	fractional_universe_n/m	7	fraction_universe	18
english	fractional_universe_n/m	7	fraction_universe	19
english	fractional_universe_n/m	7	fraction_universe	2
english	fractional_universe_n/m	7	fraction_universe	20
english	fractional_universe_n/m	7	fraction_universe	21
english	fractional_universe_n/m	7	fraction_universe	22
english	fractional_universe_n/m	7	fraction_universe	23
english	fractional_universe_n/m	7	fraction_universe	3
english	fractional_universe_n/m	7	fraction_universe	4
english	fractional_universe_n/m	7	fraction_universe	5
english	fractional_universe_n/m	7	fraction_universe	6
english	fractional_universe_n/m	7	fraction_universe	7
english	fractional_universe_n/m	7	fraction_universe	8
english	fractional_universe_n/m	7	fraction_universe	9
english	fractional_universe_n/m	8	fraction_universe	10
english	fractional_universe_n/m	8	fraction_universe	11
english	fractional_universe_n/m	8	fraction_universe	12
english	fractional_universe_n/m	8	fraction_universe	13
english	fractional_universe_n/m	8	fraction_universe	14
english	fractional_universe_n/m	8	fraction_universe	15
english	fractional_universe_n/m	8	fraction_universe	16
english	fractional_universe_n/m	8	fraction_universe	17
english	fractional_universe_n/m	8	fraction_universe	18
english	fractional_universe_n/m	8	fraction_universe	19
english	fractional_universe_n/m	8	fraction_universe	2
english	fractional_universe_n/m	8	fraction_universe	20
english	fractional_universe_n/m	8	fraction_universe	21
english	fractional_universe_n/m	8	fraction_universe	22
english	fractional_universe_n/m	8	fraction_universe	23
english	fractional_universe_n/m	8	fraction_universe	3
english	fractional_universe_n/m	8	fraction_universe	4
english	fractional_universe_n/m	8	fraction_universe	5
english	fractional_universe_n/m	8	fraction_universe	6
english	fractional_universe_n/m	8	fraction_universe	7
english	fractional_universe_n/m	8	fraction_universe	8
english	fractional_universe_n/m	8	fraction_universe	9
english	fractional_universe_n/m	9	fraction_universe	10
english	fractional_universe_n/m	9	fraction_universe	11
english	fractional_universe_n/m	9	fraction_universe	12
english	fractional_universe_n/m	9	fraction_universe	13
english	fractional_universe_n/m	9	fraction_universe	14
english	fractional_universe_n/m	9	fraction_universe	15
english	fractional_universe_n/m	9	fraction_universe	16
english	fractional_universe_n/m	9	fraction_universe	17
english	fractional_universe_n/m	9	fraction_universe	18
english	fractional_universe_n/m	9	fraction_universe	19
english	fractional_universe_n/m	9	fraction_universe	2
english	fractional_universe_n/m	9	fraction_universe	20
english	fractional_universe_n/m	9	fraction_universe	21
english	fractional_universe_n/m	9	fraction_universe	22
english	fractional_universe_n/m	9	fraction_universe	23
english	fractional_universe_n/m	9	fraction_universe	3
english	fractional_universe_n/m	9	fraction_universe	4
english	fractional_universe_n/m	9	fraction_universe	5
english	fractional_universe_n/m	9	fraction_universe	6
english	fractional_universe_n/m	9	fraction_universe	7
english	fractional_universe_n/m	9	fraction_universe	8
english	fractional_universe_n/m	9	fraction_universe	9
english	fractionalnumberedstructuresize	10	fraction_size	10
english	fractionalnumberedstructuresize	10	fraction_size	11
english	fractionalnumberedstructuresize	10	fraction_size	12
english	fractionalnumberedstructuresize	10	fraction_size	13
english	fractionalnumberedstructuresize	10	fraction_size	14
english	fractionalnumberedstructuresize	10	fraction_size	15
english	fractionalnumberedstructuresize	10	fraction_size	16
english	fractionalnumberedstructuresize	10	fraction_size	17
english	fractionalnumberedstructuresize	10	fraction_size	18
english	fractionalnumberedstructuresize	10	fraction_size	19
english	fractionalnumberedstructuresize	10	fraction_size	2
english	fractionalnumberedstructuresize	10	fraction_size	20
english	fractionalnumberedstructuresize	10	fraction_size	21
english	fractionalnumberedstructuresize	10	fraction_size	22
english	fractionalnumberedstructuresize	10	fraction_size	23
english	fractionalnumberedstructuresize	10	fraction_size	3
english	fractionalnumberedstructuresize	10	fraction_size	4
english	fractionalnumberedstructuresize	10	fraction_size	5
english	fractionalnumberedstructuresize	10	fraction_size	6
english	fractionalnumberedstructuresize	10	fraction_size	7
english	fractionalnumberedstructuresize	10	fraction_size	8
english	fractionalnumberedstructuresize	10	fraction_size	9
english	fractionalnumberedstructuresize	11	fraction_size	10
english	fractionalnumberedstructuresize	11	fraction_size	11
english	fractionalnumberedstructuresize	11	fraction_size	12
english	fractionalnumberedstructuresize	11	fraction_size	13
english	fractionalnumberedstructuresize	11	fraction_size	14
english	fractionalnumberedstructuresize	11	fraction_size	15
english	fractionalnumberedstructuresize	11	fraction_size	16
english	fractionalnumberedstructuresize	11	fraction_size	17
english	fractionalnumberedstructuresize	11	fraction_size	18
english	fractionalnumberedstructuresize	11	fraction_size	19
english	fractionalnumberedstructuresize	11	fraction_size	2
english	fractionalnumberedstructuresize	11	fraction_size	20
english	fractionalnumberedstructuresize	11	fraction_size	21
english	fractionalnumberedstructuresize	11	fraction_size	22
english	fractionalnumberedstructuresize	11	fraction_size	23
english	fractionalnumberedstructuresize	11	fraction_size	3
english	fractionalnumberedstructuresize	11	fraction_size	4
english	fractionalnumberedstructuresize	11	fraction_size	5
english	fractionalnumberedstructuresize	11	fraction_size	6
english	fractionalnumberedstructuresize	11	fraction_size	7
english	fractionalnumberedstructuresize	11	fraction_size	8
english	fractionalnumberedstructuresize	11	fraction_size	9
english	fractionalnumberedstructuresize	12	fraction_size	10
english	fractionalnumberedstructuresize	12	fraction_size	11
english	fractionalnumberedstructuresize	12	fraction_size	12
english	fractionalnumberedstructuresize	12	fraction_size	13
english	fractionalnumberedstructuresize	12	fraction_size	14
english	fractionalnumberedstructuresize	12	fraction_size	15
english	fractionalnumberedstructuresize	12	fraction_size	16
english	fractionalnumberedstructuresize	12	fraction_size	17
english	fractionalnumberedstructuresize	12	fraction_size	18
english	fractionalnumberedstructuresize	12	fraction_size	19
english	fractionalnumberedstructuresize	12	fraction_size	2
english	fractionalnumberedstructuresize	12	fraction_size	20
english	fractionalnumberedstructuresize	12	fraction_size	21
english	fractionalnumberedstructuresize	12	fraction_size	22
english	fractionalnumberedstructuresize	12	fraction_size	23
english	fractionalnumberedstructuresize	12	fraction_size	3
english	fractionalnumberedstructuresize	12	fraction_size	4
english	fractionalnumberedstructuresize	12	fraction_size	5
english	fractionalnumberedstructuresize	12	fraction_size	6
english	fractionalnumberedstructuresize	12	fraction_size	7
english	fractionalnumberedstructuresize	12	fraction_size	8
english	fractionalnumberedstructuresize	12	fraction_size	9
english	fractionalnumberedstructuresize	13	fraction_size	10
english	fractionalnumberedstructuresize	13	fraction_size	11
english	fractionalnumberedstructuresize	13	fraction_size	12
english	fractionalnumberedstructuresize	13	fraction_size	13
english	fractionalnumberedstructuresize	13	fraction_size	14
english	fractionalnumberedstructuresize	13	fraction_size	15
english	fractionalnumberedstructuresize	13	fraction_size	16
english	fractionalnumberedstructuresize	13	fraction_size	17
english	fractionalnumberedstructuresize	13	fraction_size	18
english	fractionalnumberedstructuresize	13	fraction_size	19
english	fractionalnumberedstructuresize	13	fraction_size	2
english	fractionalnumberedstructuresize	13	fraction_size	20
english	fractionalnumberedstructuresize	13	fraction_size	21
english	fractionalnumberedstructuresize	13	fraction_size	22
english	fractionalnumberedstructuresize	13	fraction_size	23
english	fractionalnumberedstructuresize	13	fraction_size	3
english	fractionalnumberedstructuresize	13	fraction_size	4
english	fractionalnumberedstructuresize	13	fraction_size	5
english	fractionalnumberedstructuresize	13	fraction_size	6
english	fractionalnumberedstructuresize	13	fraction_size	7
english	fractionalnumberedstructuresize	13	fraction_size	8
english	fractionalnumberedstructuresize	13	fraction_size	9
english	fractionalnumberedstructuresize	14	fraction_size	10
english	fractionalnumberedstructuresize	14	fraction_size	11
english	fractionalnumberedstructuresize	14	fraction_size	12
english	fractionalnumberedstructuresize	14	fraction_size	13
english	fractionalnumberedstructuresize	14	fraction_size	14
english	fractionalnumberedstructuresize	14	fraction_size	15
english	fractionalnumberedstructuresize	14	fraction_size	16
english	fractionalnumberedstructuresize	14	fraction_size	17
english	fractionalnumberedstructuresize	14	fraction_size	18
english	fractionalnumberedstructuresize	14	fraction_size	19
english	fractionalnumberedstructuresize	14	fraction_size	2
english	fractionalnumberedstructuresize	14	fraction_size	20
english	fractionalnumberedstructuresize	14	fraction_size	21
english	fractionalnumberedstructuresize	14	fraction_size	22
english	fractionalnumberedstructuresize	14	fraction_size	23
english	fractionalnumberedstructuresize	14	fraction_size	3
english	fractionalnumberedstructuresize	14	fraction_size	4
english	fractionalnumberedstructuresize	14	fraction_size	5
english	fractionalnumberedstructuresize	14	fraction_size	6
english	fractionalnumberedstructuresize	14	fraction_size	7
english	fractionalnumberedstructuresize	14	fraction_size	8
english	fractionalnumberedstructuresize	14	fraction_size	9
english	fractionalnumberedstructuresize	15	fraction_size	10
english	fractionalnumberedstructuresize	15	fraction_size	11
english	fractionalnumberedstructuresize	15	fraction_size	12
english	fractionalnumberedstructuresize	15	fraction_size	13
english	fractionalnumberedstructuresize	15	fraction_size	14
english	fractionalnumberedstructuresize	15	fraction_size	15
english	fractionalnumberedstructuresize	15	fraction_size	16
english	fractionalnumberedstructuresize	15	fraction_size	17
english	fractionalnumberedstructuresize	15	fraction_size	18
english	fractionalnumberedstructuresize	15	fraction_size	19
english	fractionalnumberedstructuresize	15	fraction_size	2
english	fractionalnumberedstructuresize	15	fraction_size	20
english	fractionalnumberedstructuresize	15	fraction_size	21
english	fractionalnumberedstructuresize	15	fraction_size	22
english	fractionalnumberedstructuresize	15	fraction_size	23
english	fractionalnumberedstructuresize	15	fraction_size	3
english	fractionalnumberedstructuresize	15	fraction_size	4
english	fractionalnumberedstructuresize	15	fraction_size	5
english	fractionalnumberedstructuresize	15	fraction_size	6
english	fractionalnumberedstructuresize	15	fraction_size	7
english	fractionalnumberedstructuresize	15	fraction_size	8
english	fractionalnumberedstructuresize	15	fraction_size	9
english	fractionalnumberedstructuresize	16	fraction_size	10
english	fractionalnumberedstructuresize	16	fraction_size	11
english	fractionalnumberedstructuresize	16	fraction_size	12
english	fractionalnumberedstructuresize	16	fraction_size	13
english	fractionalnumberedstructuresize	16	fraction_size	14
english	fractionalnumberedstructuresize	16	fraction_size	15
english	fractionalnumberedstructuresize	16	fraction_size	16
english	fractionalnumberedstructuresize	16	fraction_size	17
english	fractionalnumberedstructuresize	16	fraction_size	18
english	fractionalnumberedstructuresize	16	fraction_size	19
english	fractionalnumberedstructuresize	16	fraction_size	2
english	fractionalnumberedstructuresize	16	fraction_size	20
english	fractionalnumberedstructuresize	16	fraction_size	21
english	fractionalnumberedstructuresize	16	fraction_size	22
english	fractionalnumberedstructuresize	16	fraction_size	23
english	fractionalnumberedstructuresize	16	fraction_size	3
english	fractionalnumberedstructuresize	16	fraction_size	4
english	fractionalnumberedstructuresize	16	fraction_size	5
english	fractionalnumberedstructuresize	16	fraction_size	6
english	fractionalnumberedstructuresize	16	fraction_size	7
english	fractionalnumberedstructuresize	16	fraction_size	8
english	fractionalnumberedstructuresize	16	fraction_size	9
english	fractionalnumberedstructuresize	17	fraction_size	10
english	fractionalnumberedstructuresize	17	fraction_size	11
english	fractionalnumberedstructuresize	17	fraction_size	12
english	fractionalnumberedstructuresize	17	fraction_size	13
english	fractionalnumberedstructuresize	17	fraction_size	14
english	fractionalnumberedstructuresize	17	fraction_size	15
english	fractionalnumberedstructuresize	17	fraction_size	16
english	fractionalnumberedstructuresize	17	fraction_size	17
english	fractionalnumberedstructuresize	17	fraction_size	18
english	fractionalnumberedstructuresize	17	fraction_size	19
english	fractionalnumberedstructuresize	17	fraction_size	2
english	fractionalnumberedstructuresize	17	fraction_size	20
english	fractionalnumberedstructuresize	17	fraction_size	21
english	fractionalnumberedstructuresize	17	fraction_size	22
english	fractionalnumberedstructuresize	17	fraction_size	23
english	fractionalnumberedstructuresize	17	fraction_size	3
english	fractionalnumberedstructuresize	17	fraction_size	4
english	fractionalnumberedstructuresize	17	fraction_size	5
english	fractionalnumberedstructuresize	17	fraction_size	6
english	fractionalnumberedstructuresize	17	fraction_size	7
english	fractionalnumberedstructuresize	17	fraction_size	8
english	fractionalnumberedstructuresize	17	fraction_size	9
english	fractionalnumberedstructuresize	18	fraction_size	10
english	fractionalnumberedstructuresize	18	fraction_size	11
english	fractionalnumberedstructuresize	18	fraction_size	12
english	fractionalnumberedstructuresize	18	fraction_size	13
english	fractionalnumberedstructuresize	18	fraction_size	14
english	fractionalnumberedstructuresize	18	fraction_size	15
english	fractionalnumberedstructuresize	18	fraction_size	16
english	fractionalnumberedstructuresize	18	fraction_size	17
english	fractionalnumberedstructuresize	18	fraction_size	18
english	fractionalnumberedstructuresize	18	fraction_size	19
english	fractionalnumberedstructuresize	18	fraction_size	2
english	fractionalnumberedstructuresize	18	fraction_size	20
english	fractionalnumberedstructuresize	18	fraction_size	21
english	fractionalnumberedstructuresize	18	fraction_size	22
english	fractionalnumberedstructuresize	18	fraction_size	23
english	fractionalnumberedstructuresize	18	fraction_size	3
english	fractionalnumberedstructuresize	18	fraction_size	4
english	fractionalnumberedstructuresize	18	fraction_size	5
english	fractionalnumberedstructuresize	18	fraction_size	6
english	fractionalnumberedstructuresize	18	fraction_size	7
english	fractionalnumberedstructuresize	18	fraction_size	8
english	fractionalnumberedstructuresize	18	fraction_size	9
english	fractionalnumberedstructuresize	19	fraction_size	10
english	fractionalnumberedstructuresize	19	fraction_size	11
english	fractionalnumberedstructuresize	19	fraction_size	12
english	fractionalnumberedstructuresize	19	fraction_size	13
english	fractionalnumberedstructuresize	19	fraction_size	14
english	fractionalnumberedstructuresize	19	fraction_size	15
english	fractionalnumberedstructuresize	19	fraction_size	16
english	fractionalnumberedstructuresize	19	fraction_size	17
english	fractionalnumberedstructuresize	19	fraction_size	18
english	fractionalnumberedstructuresize	19	fraction_size	19
english	fractionalnumberedstructuresize	19	fraction_size	2
english	fractionalnumberedstructuresize	19	fraction_size	20
english	fractionalnumberedstructuresize	19	fraction_size	21
english	fractionalnumberedstructuresize	19	fraction_size	22
english	fractionalnumberedstructuresize	19	fraction_size	23
english	fractionalnumberedstructuresize	19	fraction_size	3
english	fractionalnumberedstructuresize	19	fraction_size	4
english	fractionalnumberedstructuresize	19	fraction_size	5
english	fractionalnumberedstructuresize	19	fraction_size	6
english	fractionalnumberedstructuresize	19	fraction_size	7
english	fractionalnumberedstructuresize	19	fraction_size	8
english	fractionalnumberedstructuresize	19	fraction_size	9
english	fractionalnumberedstructuresize	2	fraction_size	10
english	fractionalnumberedstructuresize	2	fraction_size	11
english	fractionalnumberedstructuresize	2	fraction_size	12
english	fractionalnumberedstructuresize	2	fraction_size	13
english	fractionalnumberedstructuresize	2	fraction_size	14
english	fractionalnumberedstructuresize	2	fraction_size	15
english	fractionalnumberedstructuresize	2	fraction_size	16
english	fractionalnumberedstructuresize	2	fraction_size	17
english	fractionalnumberedstructuresize	2	fraction_size	18
english	fractionalnumberedstructuresize	2	fraction_size	19
english	fractionalnumberedstructuresize	2	fraction_size	2
english	fractionalnumberedstructuresize	2	fraction_size	20
english	fractionalnumberedstructuresize	2	fraction_size	21
english	fractionalnumberedstructuresize	2	fraction_size	22
english	fractionalnumberedstructuresize	2	fraction_size	23
english	fractionalnumberedstructuresize	2	fraction_size	3
english	fractionalnumberedstructuresize	2	fraction_size	4
english	fractionalnumberedstructuresize	2	fraction_size	5
english	fractionalnumberedstructuresize	2	fraction_size	6
english	fractionalnumberedstructuresize	2	fraction_size	7
english	fractionalnumberedstructuresize	2	fraction_size	8
english	fractionalnumberedstructuresize	2	fraction_size	9
english	fractionalnumberedstructuresize	20	fraction_size	10
english	fractionalnumberedstructuresize	20	fraction_size	11
english	fractionalnumberedstructuresize	20	fraction_size	12
english	fractionalnumberedstructuresize	20	fraction_size	13
english	fractionalnumberedstructuresize	20	fraction_size	14
english	fractionalnumberedstructuresize	20	fraction_size	15
english	fractionalnumberedstructuresize	20	fraction_size	16
english	fractionalnumberedstructuresize	20	fraction_size	17
english	fractionalnumberedstructuresize	20	fraction_size	18
english	fractionalnumberedstructuresize	20	fraction_size	19
english	fractionalnumberedstructuresize	20	fraction_size	2
english	fractionalnumberedstructuresize	20	fraction_size	20
english	fractionalnumberedstructuresize	20	fraction_size	21
english	fractionalnumberedstructuresize	20	fraction_size	22
english	fractionalnumberedstructuresize	20	fraction_size	23
english	fractionalnumberedstructuresize	20	fraction_size	3
english	fractionalnumberedstructuresize	20	fraction_size	4
english	fractionalnumberedstructuresize	20	fraction_size	5
english	fractionalnumberedstructuresize	20	fraction_size	6
english	fractionalnumberedstructuresize	20	fraction_size	7
english	fractionalnumberedstructuresize	20	fraction_size	8
english	fractionalnumberedstructuresize	20	fraction_size	9
english	fractionalnumberedstructuresize	21	fraction_size	10
english	fractionalnumberedstructuresize	21	fraction_size	11
english	fractionalnumberedstructuresize	21	fraction_size	12
english	fractionalnumberedstructuresize	21	fraction_size	13
english	fractionalnumberedstructuresize	21	fraction_size	14
english	fractionalnumberedstructuresize	21	fraction_size	15
english	fractionalnumberedstructuresize	21	fraction_size	16
english	fractionalnumberedstructuresize	21	fraction_size	17
english	fractionalnumberedstructuresize	21	fraction_size	18
english	fractionalnumberedstructuresize	21	fraction_size	19
english	fractionalnumberedstructuresize	21	fraction_size	2
english	fractionalnumberedstructuresize	21	fraction_size	20
english	fractionalnumberedstructuresize	21	fraction_size	21
english	fractionalnumberedstructuresize	21	fraction_size	22
english	fractionalnumberedstructuresize	21	fraction_size	23
english	fractionalnumberedstructuresize	21	fraction_size	3
english	fractionalnumberedstructuresize	21	fraction_size	4
english	fractionalnumberedstructuresize	21	fraction_size	5
english	fractionalnumberedstructuresize	21	fraction_size	6
english	fractionalnumberedstructuresize	21	fraction_size	7
english	fractionalnumberedstructuresize	21	fraction_size	8
english	fractionalnumberedstructuresize	21	fraction_size	9
english	fractionalnumberedstructuresize	22	fraction_size	10
english	fractionalnumberedstructuresize	22	fraction_size	11
english	fractionalnumberedstructuresize	22	fraction_size	12
english	fractionalnumberedstructuresize	22	fraction_size	13
english	fractionalnumberedstructuresize	22	fraction_size	14
english	fractionalnumberedstructuresize	22	fraction_size	15
english	fractionalnumberedstructuresize	22	fraction_size	16
english	fractionalnumberedstructuresize	22	fraction_size	17
english	fractionalnumberedstructuresize	22	fraction_size	18
english	fractionalnumberedstructuresize	22	fraction_size	19
english	fractionalnumberedstructuresize	22	fraction_size	2
english	fractionalnumberedstructuresize	22	fraction_size	20
english	fractionalnumberedstructuresize	22	fraction_size	21
english	fractionalnumberedstructuresize	22	fraction_size	22
english	fractionalnumberedstructuresize	22	fraction_size	23
english	fractionalnumberedstructuresize	22	fraction_size	3
english	fractionalnumberedstructuresize	22	fraction_size	4
english	fractionalnumberedstructuresize	22	fraction_size	5
english	fractionalnumberedstructuresize	22	fraction_size	6
english	fractionalnumberedstructuresize	22	fraction_size	7
english	fractionalnumberedstructuresize	22	fraction_size	8
english	fractionalnumberedstructuresize	22	fraction_size	9
english	fractionalnumberedstructuresize	23	fraction_size	10
english	fractionalnumberedstructuresize	23	fraction_size	11
english	fractionalnumberedstructuresize	23	fraction_size	12
english	fractionalnumberedstructuresize	23	fraction_size	13
english	fractionalnumberedstructuresize	23	fraction_size	14
english	fractionalnumberedstructuresize	23	fraction_size	15
english	fractionalnumberedstructuresize	23	fraction_size	16
english	fractionalnumberedstructuresize	23	fraction_size	17
english	fractionalnumberedstructuresize	23	fraction_size	18
english	fractionalnumberedstructuresize	23	fraction_size	19
english	fractionalnumberedstructuresize	23	fraction_size	2
english	fractionalnumberedstructuresize	23	fraction_size	20
english	fractionalnumberedstructuresize	23	fraction_size	21
english	fractionalnumberedstructuresize	23	fraction_size	22
english	fractionalnumberedstructuresize	23	fraction_size	23
english	fractionalnumberedstructuresize	23	fraction_size	3
english	fractionalnumberedstructuresize	23	fraction_size	4
english	fractionalnumberedstructuresize	23	fraction_size	5
english	fractionalnumberedstructuresize	23	fraction_size	6
english	fractionalnumberedstructuresize	23	fraction_size	7
english	fractionalnumberedstructuresize	23	fraction_size	8
english	fractionalnumberedstructuresize	23	fraction_size	9
english	fractionalnumberedstructuresize	3	fraction_size	10
english	fractionalnumberedstructuresize	3	fraction_size	11
english	fractionalnumberedstructuresize	3	fraction_size	12
english	fractionalnumberedstructuresize	3	fraction_size	13
english	fractionalnumberedstructuresize	3	fraction_size	14
english	fractionalnumberedstructuresize	3	fraction_size	15
english	fractionalnumberedstructuresize	3	fraction_size	16
english	fractionalnumberedstructuresize	3	fraction_size	17
english	fractionalnumberedstructuresize	3	fraction_size	18
english	fractionalnumberedstructuresize	3	fraction_size	19
english	fractionalnumberedstructuresize	3	fraction_size	2
english	fractionalnumberedstructuresize	3	fraction_size	20
english	fractionalnumberedstructuresize	3	fraction_size	21
english	fractionalnumberedstructuresize	3	fraction_size	22
english	fractionalnumberedstructuresize	3	fraction_size	23
english	fractionalnumberedstructuresize	3	fraction_size	3
english	fractionalnumberedstructuresize	3	fraction_size	4
english	fractionalnumberedstructuresize	3	fraction_size	5
english	fractionalnumberedstructuresize	3	fraction_size	6
english	fractionalnumberedstructuresize	3	fraction_size	7
english	fractionalnumberedstructuresize	3	fraction_size	8
english	fractionalnumberedstructuresize	3	fraction_size	9
english	fractionalnumberedstructuresize	4	fraction_size	10
english	fractionalnumberedstructuresize	4	fraction_size	11
english	fractionalnumberedstructuresize	4	fraction_size	12
english	fractionalnumberedstructuresize	4	fraction_size	13
english	fractionalnumberedstructuresize	4	fraction_size	14
english	fractionalnumberedstructuresize	4	fraction_size	15
english	fractionalnumberedstructuresize	4	fraction_size	16
english	fractionalnumberedstructuresize	4	fraction_size	17
english	fractionalnumberedstructuresize	4	fraction_size	18
english	fractionalnumberedstructuresize	4	fraction_size	19
english	fractionalnumberedstructuresize	4	fraction_size	2
english	fractionalnumberedstructuresize	4	fraction_size	20
english	fractionalnumberedstructuresize	4	fraction_size	21
english	fractionalnumberedstructuresize	4	fraction_size	22
english	fractionalnumberedstructuresize	4	fraction_size	23
english	fractionalnumberedstructuresize	4	fraction_size	3
english	fractionalnumberedstructuresize	4	fraction_size	4
english	fractionalnumberedstructuresize	4	fraction_size	5
english	fractionalnumberedstructuresize	4	fraction_size	6
english	fractionalnumberedstructuresize	4	fraction_size	7
english	fractionalnumberedstructuresize	4	fraction_size	8
english	fractionalnumberedstructuresize	4	fraction_size	9
english	fractionalnumberedstructuresize	5	fraction_size	10
english	fractionalnumberedstructuresize	5	fraction_size	11
english	fractionalnumberedstructuresize	5	fraction_size	12
english	fractionalnumberedstructuresize	5	fraction_size	13
english	fractionalnumberedstructuresize	5	fraction_size	14
english	fractionalnumberedstructuresize	5	fraction_size	15
english	fractionalnumberedstructuresize	5	fraction_size	16
english	fractionalnumberedstructuresize	5	fraction_size	17
english	fractionalnumberedstructuresize	5	fraction_size	18
english	fractionalnumberedstructuresize	5	fraction_size	19
english	fractionalnumberedstructuresize	5	fraction_size	2
english	fractionalnumberedstructuresize	5	fraction_size	20
english	fractionalnumberedstructuresize	5	fraction_size	21
english	fractionalnumberedstructuresize	5	fraction_size	22
english	fractionalnumberedstructuresize	5	fraction_size	23
english	fractionalnumberedstructuresize	5	fraction_size	3
english	fractionalnumberedstructuresize	5	fraction_size	4
english	fractionalnumberedstructuresize	5	fraction_size	5
english	fractionalnumberedstructuresize	5	fraction_size	6
english	fractionalnumberedstructuresize	5	fraction_size	7
english	fractionalnumberedstructuresize	5	fraction_size	8
english	fractionalnumberedstructuresize	5	fraction_size	9
english	fractionalnumberedstructuresize	6	fraction_size	10
english	fractionalnumberedstructuresize	6	fraction_size	11
english	fractionalnumberedstructuresize	6	fraction_size	12
english	fractionalnumberedstructuresize	6	fraction_size	13
english	fractionalnumberedstructuresize	6	fraction_size	14
english	fractionalnumberedstructuresize	6	fraction_size	15
english	fractionalnumberedstructuresize	6	fraction_size	16
english	fractionalnumberedstructuresize	6	fraction_size	17
english	fractionalnumberedstructuresize	6	fraction_size	18
english	fractionalnumberedstructuresize	6	fraction_size	19
english	fractionalnumberedstructuresize	6	fraction_size	2
english	fractionalnumberedstructuresize	6	fraction_size	20
english	fractionalnumberedstructuresize	6	fraction_size	21
english	fractionalnumberedstructuresize	6	fraction_size	22
english	fractionalnumberedstructuresize	6	fraction_size	23
english	fractionalnumberedstructuresize	6	fraction_size	3
english	fractionalnumberedstructuresize	6	fraction_size	4
english	fractionalnumberedstructuresize	6	fraction_size	5
english	fractionalnumberedstructuresize	6	fraction_size	6
english	fractionalnumberedstructuresize	6	fraction_size	7
english	fractionalnumberedstructuresize	6	fraction_size	8
english	fractionalnumberedstructuresize	6	fraction_size	9
english	fractionalnumberedstructuresize	7	fraction_size	10
english	fractionalnumberedstructuresize	7	fraction_size	11
english	fractionalnumberedstructuresize	7	fraction_size	12
english	fractionalnumberedstructuresize	7	fraction_size	13
english	fractionalnumberedstructuresize	7	fraction_size	14
english	fractionalnumberedstructuresize	7	fraction_size	15
english	fractionalnumberedstructuresize	7	fraction_size	16
english	fractionalnumberedstructuresize	7	fraction_size	17
english	fractionalnumberedstructuresize	7	fraction_size	18
english	fractionalnumberedstructuresize	7	fraction_size	19
english	fractionalnumberedstructuresize	7	fraction_size	2
english	fractionalnumberedstructuresize	7	fraction_size	20
english	fractionalnumberedstructuresize	7	fraction_size	21
english	fractionalnumberedstructuresize	7	fraction_size	22
english	fractionalnumberedstructuresize	7	fraction_size	23
english	fractionalnumberedstructuresize	7	fraction_size	3
english	fractionalnumberedstructuresize	7	fraction_size	4
english	fractionalnumberedstructuresize	7	fraction_size	5
english	fractionalnumberedstructuresize	7	fraction_size	6
english	fractionalnumberedstructuresize	7	fraction_size	7
english	fractionalnumberedstructuresize	7	fraction_size	8
english	fractionalnumberedstructuresize	7	fraction_size	9
english	fractionalnumberedstructuresize	8	fraction_size	10
english	fractionalnumberedstructuresize	8	fraction_size	11
english	fractionalnumberedstructuresize	8	fraction_size	12
english	fractionalnumberedstructuresize	8	fraction_size	13
english	fractionalnumberedstructuresize	8	fraction_size	14
english	fractionalnumberedstructuresize	8	fraction_size	15
english	fractionalnumberedstructuresize	8	fraction_size	16
english	fractionalnumberedstructuresize	8	fraction_size	17
english	fractionalnumberedstructuresize	8	fraction_size	18
english	fractionalnumberedstructuresize	8	fraction_size	19
english	fractionalnumberedstructuresize	8	fraction_size	2
english	fractionalnumberedstructuresize	8	fraction_size	20
english	fractionalnumberedstructuresize	8	fraction_size	21
english	fractionalnumberedstructuresize	8	fraction_size	22
english	fractionalnumberedstructuresize	8	fraction_size	23
english	fractionalnumberedstructuresize	8	fraction_size	3
english	fractionalnumberedstructuresize	8	fraction_size	4
english	fractionalnumberedstructuresize	8	fraction_size	5
english	fractionalnumberedstructuresize	8	fraction_size	6
english	fractionalnumberedstructuresize	8	fraction_size	7
english	fractionalnumberedstructuresize	8	fraction_size	8
english	fractionalnumberedstructuresize	8	fraction_size	9
english	fractionalnumberedstructuresize	9	fraction_size	10
english	fractionalnumberedstructuresize	9	fraction_size	11
english	fractionalnumberedstructuresize	9	fraction_size	12
english	fractionalnumberedstructuresize	9	fraction_size	13
english	fractionalnumberedstructuresize	9	fraction_size	14
english	fractionalnumberedstructuresize	9	fraction_size	15
english	fractionalnumberedstructuresize	9	fraction_size	16
english	fractionalnumberedstructuresize	9	fraction_size	17
english	fractionalnumberedstructuresize	9	fraction_size	18
english	fractionalnumberedstructuresize	9	fraction_size	19
english	fractionalnumberedstructuresize	9	fraction_size	2
english	fractionalnumberedstructuresize	9	fraction_size	20
english	fractionalnumberedstructuresize	9	fraction_size	21
english	fractionalnumberedstructuresize	9	fraction_size	22
english	fractionalnumberedstructuresize	9	fraction_size	23
english	fractionalnumberedstructuresize	9	fraction_size	3
english	fractionalnumberedstructuresize	9	fraction_size	4
english	fractionalnumberedstructuresize	9	fraction_size	5
english	fractionalnumberedstructuresize	9	fraction_size	6
english	fractionalnumberedstructuresize	9	fraction_size	7
english	fractionalnumberedstructuresize	9	fraction_size	8
english	fractionalnumberedstructuresize	9	fraction_size	9
english	fractionedemotion	10	fraction_emotion	10
english	fractionedemotion	10	fraction_emotion	11
english	fractionedemotion	10	fraction_emotion	12
english	fractionedemotion	10	fraction_emotion	13
english	fractionedemotion	10	fraction_emotion	14
english	fractionedemotion	10	fraction_emotion	15
english	fractionedemotion	10	fraction_emotion	16
english	fractionedemotion	10	fraction_emotion	17
english	fractionedemotion	10	fraction_emotion	18
english	fractionedemotion	10	fraction_emotion	19
english	fractionedemotion	10	fraction_emotion	2
english	fractionedemotion	10	fraction_emotion	20
english	fractionedemotion	10	fraction_emotion	21
english	fractionedemotion	10	fraction_emotion	22
english	fractionedemotion	10	fraction_emotion	23
english	fractionedemotion	10	fraction_emotion	3
english	fractionedemotion	10	fraction_emotion	4
english	fractionedemotion	10	fraction_emotion	5
english	fractionedemotion	10	fraction_emotion	6
english	fractionedemotion	10	fraction_emotion	7
english	fractionedemotion	10	fraction_emotion	8
english	fractionedemotion	10	fraction_emotion	9
english	fractionedemotion	11	fraction_emotion	10
english	fractionedemotion	11	fraction_emotion	11
english	fractionedemotion	11	fraction_emotion	12
english	fractionedemotion	11	fraction_emotion	13
english	fractionedemotion	11	fraction_emotion	14
english	fractionedemotion	11	fraction_emotion	15
english	fractionedemotion	11	fraction_emotion	16
english	fractionedemotion	11	fraction_emotion	17
english	fractionedemotion	11	fraction_emotion	18
english	fractionedemotion	11	fraction_emotion	19
english	fractionedemotion	11	fraction_emotion	2
english	fractionedemotion	11	fraction_emotion	20
english	fractionedemotion	11	fraction_emotion	21
english	fractionedemotion	11	fraction_emotion	22
english	fractionedemotion	11	fraction_emotion	23
english	fractionedemotion	11	fraction_emotion	3
english	fractionedemotion	11	fraction_emotion	4
english	fractionedemotion	11	fraction_emotion	5
english	fractionedemotion	11	fraction_emotion	6
english	fractionedemotion	11	fraction_emotion	7
english	fractionedemotion	11	fraction_emotion	8
english	fractionedemotion	11	fraction_emotion	9
english	fractionedemotion	12	fraction_emotion	10
english	fractionedemotion	12	fraction_emotion	11
english	fractionedemotion	12	fraction_emotion	12
english	fractionedemotion	12	fraction_emotion	13
english	fractionedemotion	12	fraction_emotion	14
english	fractionedemotion	12	fraction_emotion	15
english	fractionedemotion	12	fraction_emotion	16
english	fractionedemotion	12	fraction_emotion	17
english	fractionedemotion	12	fraction_emotion	18
english	fractionedemotion	12	fraction_emotion	19
english	fractionedemotion	12	fraction_emotion	2
english	fractionedemotion	12	fraction_emotion	20
english	fractionedemotion	12	fraction_emotion	21
english	fractionedemotion	12	fraction_emotion	22
english	fractionedemotion	12	fraction_emotion	23
english	fractionedemotion	12	fraction_emotion	3
english	fractionedemotion	12	fraction_emotion	4
english	fractionedemotion	12	fraction_emotion	5
english	fractionedemotion	12	fraction_emotion	6
english	fractionedemotion	12	fraction_emotion	7
english	fractionedemotion	12	fraction_emotion	8
english	fractionedemotion	12	fraction_emotion	9
english	fractionedemotion	13	fraction_emotion	10
english	fractionedemotion	13	fraction_emotion	11
english	fractionedemotion	13	fraction_emotion	12
english	fractionedemotion	13	fraction_emotion	13
english	fractionedemotion	13	fraction_emotion	14
english	fractionedemotion	13	fraction_emotion	15
english	fractionedemotion	13	fraction_emotion	16
english	fractionedemotion	13	fraction_emotion	17
english	fractionedemotion	13	fraction_emotion	18
english	fractionedemotion	13	fraction_emotion	19
english	fractionedemotion	13	fraction_emotion	2
english	fractionedemotion	13	fraction_emotion	20
english	fractionedemotion	13	fraction_emotion	21
english	fractionedemotion	13	fraction_emotion	22
english	fractionedemotion	13	fraction_emotion	23
english	fractionedemotion	13	fraction_emotion	3
english	fractionedemotion	13	fraction_emotion	4
english	fractionedemotion	13	fraction_emotion	5
english	fractionedemotion	13	fraction_emotion	6
english	fractionedemotion	13	fraction_emotion	7
english	fractionedemotion	13	fraction_emotion	8
english	fractionedemotion	13	fraction_emotion	9
english	fractionedemotion	14	fraction_emotion	10
english	fractionedemotion	14	fraction_emotion	11
english	fractionedemotion	14	fraction_emotion	12
english	fractionedemotion	14	fraction_emotion	13
english	fractionedemotion	14	fraction_emotion	14
english	fractionedemotion	14	fraction_emotion	15
english	fractionedemotion	14	fraction_emotion	16
english	fractionedemotion	14	fraction_emotion	17
english	fractionedemotion	14	fraction_emotion	18
english	fractionedemotion	14	fraction_emotion	19
english	fractionedemotion	14	fraction_emotion	2
english	fractionedemotion	14	fraction_emotion	20
english	fractionedemotion	14	fraction_emotion	21
english	fractionedemotion	14	fraction_emotion	22
english	fractionedemotion	14	fraction_emotion	23
english	fractionedemotion	14	fraction_emotion	3
english	fractionedemotion	14	fraction_emotion	4
english	fractionedemotion	14	fraction_emotion	5
english	fractionedemotion	14	fraction_emotion	6
english	fractionedemotion	14	fraction_emotion	7
english	fractionedemotion	14	fraction_emotion	8
english	fractionedemotion	14	fraction_emotion	9
english	fractionedemotion	15	fraction_emotion	10
english	fractionedemotion	15	fraction_emotion	11
english	fractionedemotion	15	fraction_emotion	12
english	fractionedemotion	15	fraction_emotion	13
english	fractionedemotion	15	fraction_emotion	14
english	fractionedemotion	15	fraction_emotion	15
english	fractionedemotion	15	fraction_emotion	16
english	fractionedemotion	15	fraction_emotion	17
english	fractionedemotion	15	fraction_emotion	18
english	fractionedemotion	15	fraction_emotion	19
english	fractionedemotion	15	fraction_emotion	2
english	fractionedemotion	15	fraction_emotion	20
english	fractionedemotion	15	fraction_emotion	21
english	fractionedemotion	15	fraction_emotion	22
english	fractionedemotion	15	fraction_emotion	23
english	fractionedemotion	15	fraction_emotion	3
english	fractionedemotion	15	fraction_emotion	4
english	fractionedemotion	15	fraction_emotion	5
english	fractionedemotion	15	fraction_emotion	6
english	fractionedemotion	15	fraction_emotion	7
english	fractionedemotion	15	fraction_emotion	8
english	fractionedemotion	15	fraction_emotion	9
english	fractionedemotion	16	fraction_emotion	10
english	fractionedemotion	16	fraction_emotion	11
english	fractionedemotion	16	fraction_emotion	12
english	fractionedemotion	16	fraction_emotion	13
english	fractionedemotion	16	fraction_emotion	14
english	fractionedemotion	16	fraction_emotion	15
english	fractionedemotion	16	fraction_emotion	16
english	fractionedemotion	16	fraction_emotion	17
english	fractionedemotion	16	fraction_emotion	18
english	fractionedemotion	16	fraction_emotion	19
english	fractionedemotion	16	fraction_emotion	2
english	fractionedemotion	16	fraction_emotion	20
english	fractionedemotion	16	fraction_emotion	21
english	fractionedemotion	16	fraction_emotion	22
english	fractionedemotion	16	fraction_emotion	23
english	fractionedemotion	16	fraction_emotion	3
english	fractionedemotion	16	fraction_emotion	4
english	fractionedemotion	16	fraction_emotion	5
english	fractionedemotion	16	fraction_emotion	6
english	fractionedemotion	16	fraction_emotion	7
english	fractionedemotion	16	fraction_emotion	8
english	fractionedemotion	16	fraction_emotion	9
english	fractionedemotion	17	fraction_emotion	10
english	fractionedemotion	17	fraction_emotion	11
english	fractionedemotion	17	fraction_emotion	12
english	fractionedemotion	17	fraction_emotion	13
english	fractionedemotion	17	fraction_emotion	14
english	fractionedemotion	17	fraction_emotion	15
english	fractionedemotion	17	fraction_emotion	16
english	fractionedemotion	17	fraction_emotion	17
english	fractionedemotion	17	fraction_emotion	18
english	fractionedemotion	17	fraction_emotion	19
english	fractionedemotion	17	fraction_emotion	2
english	fractionedemotion	17	fraction_emotion	20
english	fractionedemotion	17	fraction_emotion	21
english	fractionedemotion	17	fraction_emotion	22
english	fractionedemotion	17	fraction_emotion	23
english	fractionedemotion	17	fraction_emotion	3
english	fractionedemotion	17	fraction_emotion	4
english	fractionedemotion	17	fraction_emotion	5
english	fractionedemotion	17	fraction_emotion	6
english	fractionedemotion	17	fraction_emotion	7
english	fractionedemotion	17	fraction_emotion	8
english	fractionedemotion	17	fraction_emotion	9
english	fractionedemotion	18	fraction_emotion	10
english	fractionedemotion	18	fraction_emotion	11
english	fractionedemotion	18	fraction_emotion	12
english	fractionedemotion	18	fraction_emotion	13
english	fractionedemotion	18	fraction_emotion	14
english	fractionedemotion	18	fraction_emotion	15
english	fractionedemotion	18	fraction_emotion	16
english	fractionedemotion	18	fraction_emotion	17
english	fractionedemotion	18	fraction_emotion	18
english	fractionedemotion	18	fraction_emotion	19
english	fractionedemotion	18	fraction_emotion	2
english	fractionedemotion	18	fraction_emotion	20
english	fractionedemotion	18	fraction_emotion	21
english	fractionedemotion	18	fraction_emotion	22
english	fractionedemotion	18	fraction_emotion	23
english	fractionedemotion	18	fraction_emotion	3
english	fractionedemotion	18	fraction_emotion	4
english	fractionedemotion	18	fraction_emotion	5
english	fractionedemotion	18	fraction_emotion	6
english	fractionedemotion	18	fraction_emotion	7
english	fractionedemotion	18	fraction_emotion	8
english	fractionedemotion	18	fraction_emotion	9
english	fractionedemotion	19	fraction_emotion	10
english	fractionedemotion	19	fraction_emotion	11
english	fractionedemotion	19	fraction_emotion	12
english	fractionedemotion	19	fraction_emotion	13
english	fractionedemotion	19	fraction_emotion	14
english	fractionedemotion	19	fraction_emotion	15
english	fractionedemotion	19	fraction_emotion	16
english	fractionedemotion	19	fraction_emotion	17
english	fractionedemotion	19	fraction_emotion	18
english	fractionedemotion	19	fraction_emotion	19
english	fractionedemotion	19	fraction_emotion	2
english	fractionedemotion	19	fraction_emotion	20
english	fractionedemotion	19	fraction_emotion	21
english	fractionedemotion	19	fraction_emotion	22
english	fractionedemotion	19	fraction_emotion	23
english	fractionedemotion	19	fraction_emotion	3
english	fractionedemotion	19	fraction_emotion	4
english	fractionedemotion	19	fraction_emotion	5
english	fractionedemotion	19	fraction_emotion	6
english	fractionedemotion	19	fraction_emotion	7
english	fractionedemotion	19	fraction_emotion	8
english	fractionedemotion	19	fraction_emotion	9
english	fractionedemotion	2	fraction_emotion	10
english	fractionedemotion	2	fraction_emotion	11
english	fractionedemotion	2	fraction_emotion	12
english	fractionedemotion	2	fraction_emotion	13
english	fractionedemotion	2	fraction_emotion	14
english	fractionedemotion	2	fraction_emotion	15
english	fractionedemotion	2	fraction_emotion	16
english	fractionedemotion	2	fraction_emotion	17
english	fractionedemotion	2	fraction_emotion	18
english	fractionedemotion	2	fraction_emotion	19
english	fractionedemotion	2	fraction_emotion	2
english	fractionedemotion	2	fraction_emotion	20
english	fractionedemotion	2	fraction_emotion	21
english	fractionedemotion	2	fraction_emotion	22
english	fractionedemotion	2	fraction_emotion	23
english	fractionedemotion	2	fraction_emotion	3
english	fractionedemotion	2	fraction_emotion	4
english	fractionedemotion	2	fraction_emotion	5
english	fractionedemotion	2	fraction_emotion	6
english	fractionedemotion	2	fraction_emotion	7
english	fractionedemotion	2	fraction_emotion	8
english	fractionedemotion	2	fraction_emotion	9
english	fractionedemotion	20	fraction_emotion	10
english	fractionedemotion	20	fraction_emotion	11
english	fractionedemotion	20	fraction_emotion	12
english	fractionedemotion	20	fraction_emotion	13
english	fractionedemotion	20	fraction_emotion	14
english	fractionedemotion	20	fraction_emotion	15
english	fractionedemotion	20	fraction_emotion	16
english	fractionedemotion	20	fraction_emotion	17
english	fractionedemotion	20	fraction_emotion	18
english	fractionedemotion	20	fraction_emotion	19
english	fractionedemotion	20	fraction_emotion	2
english	fractionedemotion	20	fraction_emotion	20
english	fractionedemotion	20	fraction_emotion	21
english	fractionedemotion	20	fraction_emotion	22
english	fractionedemotion	20	fraction_emotion	23
english	fractionedemotion	20	fraction_emotion	3
english	fractionedemotion	20	fraction_emotion	4
english	fractionedemotion	20	fraction_emotion	5
english	fractionedemotion	20	fraction_emotion	6
english	fractionedemotion	20	fraction_emotion	7
english	fractionedemotion	20	fraction_emotion	8
english	fractionedemotion	20	fraction_emotion	9
english	fractionedemotion	21	fraction_emotion	10
english	fractionedemotion	21	fraction_emotion	11
english	fractionedemotion	21	fraction_emotion	12
english	fractionedemotion	21	fraction_emotion	13
english	fractionedemotion	21	fraction_emotion	14
english	fractionedemotion	21	fraction_emotion	15
english	fractionedemotion	21	fraction_emotion	16
english	fractionedemotion	21	fraction_emotion	17
english	fractionedemotion	21	fraction_emotion	18
english	fractionedemotion	21	fraction_emotion	19
english	fractionedemotion	21	fraction_emotion	2
english	fractionedemotion	21	fraction_emotion	20
english	fractionedemotion	21	fraction_emotion	21
english	fractionedemotion	21	fraction_emotion	22
english	fractionedemotion	21	fraction_emotion	23
english	fractionedemotion	21	fraction_emotion	3
english	fractionedemotion	21	fraction_emotion	4
english	fractionedemotion	21	fraction_emotion	5
english	fractionedemotion	21	fraction_emotion	6
english	fractionedemotion	21	fraction_emotion	7
english	fractionedemotion	21	fraction_emotion	8
english	fractionedemotion	21	fraction_emotion	9
english	fractionedemotion	22	fraction_emotion	10
english	fractionedemotion	22	fraction_emotion	11
english	fractionedemotion	22	fraction_emotion	12
english	fractionedemotion	22	fraction_emotion	13
english	fractionedemotion	22	fraction_emotion	14
english	fractionedemotion	22	fraction_emotion	15
english	fractionedemotion	22	fraction_emotion	16
english	fractionedemotion	22	fraction_emotion	17
english	fractionedemotion	22	fraction_emotion	18
english	fractionedemotion	22	fraction_emotion	19
english	fractionedemotion	22	fraction_emotion	2
english	fractionedemotion	22	fraction_emotion	20
english	fractionedemotion	22	fraction_emotion	21
english	fractionedemotion	22	fraction_emotion	22
english	fractionedemotion	22	fraction_emotion	23
english	fractionedemotion	22	fraction_emotion	3
english	fractionedemotion	22	fraction_emotion	4
english	fractionedemotion	22	fraction_emotion	5
english	fractionedemotion	22	fraction_emotion	6
english	fractionedemotion	22	fraction_emotion	7
english	fractionedemotion	22	fraction_emotion	8
english	fractionedemotion	22	fraction_emotion	9
english	fractionedemotion	23	fraction_emotion	10
english	fractionedemotion	23	fraction_emotion	11
english	fractionedemotion	23	fraction_emotion	12
english	fractionedemotion	23	fraction_emotion	13
english	fractionedemotion	23	fraction_emotion	14
english	fractionedemotion	23	fraction_emotion	15
english	fractionedemotion	23	fraction_emotion	16
english	fractionedemotion	23	fraction_emotion	17
english	fractionedemotion	23	fraction_emotion	18
english	fractionedemotion	23	fraction_emotion	19
english	fractionedemotion	23	fraction_emotion	2
english	fractionedemotion	23	fraction_emotion	20
english	fractionedemotion	23	fraction_emotion	21
english	fractionedemotion	23	fraction_emotion	22
english	fractionedemotion	23	fraction_emotion	23
english	fractionedemotion	23	fraction_emotion	3
english	fractionedemotion	23	fraction_emotion	4
english	fractionedemotion	23	fraction_emotion	5
english	fractionedemotion	23	fraction_emotion	6
english	fractionedemotion	23	fraction_emotion	7
english	fractionedemotion	23	fraction_emotion	8
english	fractionedemotion	23	fraction_emotion	9
english	fractionedemotion	3	fraction_emotion	10
english	fractionedemotion	3	fraction_emotion	11
english	fractionedemotion	3	fraction_emotion	12
english	fractionedemotion	3	fraction_emotion	13
english	fractionedemotion	3	fraction_emotion	14
english	fractionedemotion	3	fraction_emotion	15
english	fractionedemotion	3	fraction_emotion	16
english	fractionedemotion	3	fraction_emotion	17
english	fractionedemotion	3	fraction_emotion	18
english	fractionedemotion	3	fraction_emotion	19
english	fractionedemotion	3	fraction_emotion	2
english	fractionedemotion	3	fraction_emotion	20
english	fractionedemotion	3	fraction_emotion	21
english	fractionedemotion	3	fraction_emotion	22
english	fractionedemotion	3	fraction_emotion	23
english	fractionedemotion	3	fraction_emotion	3
english	fractionedemotion	3	fraction_emotion	4
english	fractionedemotion	3	fraction_emotion	5
english	fractionedemotion	3	fraction_emotion	6
english	fractionedemotion	3	fraction_emotion	7
english	fractionedemotion	3	fraction_emotion	8
english	fractionedemotion	3	fraction_emotion	9
english	fractionedemotion	4	fraction_emotion	10
english	fractionedemotion	4	fraction_emotion	11
english	fractionedemotion	4	fraction_emotion	12
english	fractionedemotion	4	fraction_emotion	13
english	fractionedemotion	4	fraction_emotion	14
english	fractionedemotion	4	fraction_emotion	15
english	fractionedemotion	4	fraction_emotion	16
english	fractionedemotion	4	fraction_emotion	17
english	fractionedemotion	4	fraction_emotion	18
english	fractionedemotion	4	fraction_emotion	19
english	fractionedemotion	4	fraction_emotion	2
english	fractionedemotion	4	fraction_emotion	20
english	fractionedemotion	4	fraction_emotion	21
english	fractionedemotion	4	fraction_emotion	22
english	fractionedemotion	4	fraction_emotion	23
english	fractionedemotion	4	fraction_emotion	3
english	fractionedemotion	4	fraction_emotion	4
english	fractionedemotion	4	fraction_emotion	5
english	fractionedemotion	4	fraction_emotion	6
english	fractionedemotion	4	fraction_emotion	7
english	fractionedemotion	4	fraction_emotion	8
english	fractionedemotion	4	fraction_emotion	9
english	fractionedemotion	5	fraction_emotion	10
english	fractionedemotion	5	fraction_emotion	11
english	fractionedemotion	5	fraction_emotion	12
english	fractionedemotion	5	fraction_emotion	13
english	fractionedemotion	5	fraction_emotion	14
english	fractionedemotion	5	fraction_emotion	15
english	fractionedemotion	5	fraction_emotion	16
english	fractionedemotion	5	fraction_emotion	17
english	fractionedemotion	5	fraction_emotion	18
english	fractionedemotion	5	fraction_emotion	19
english	fractionedemotion	5	fraction_emotion	2
english	fractionedemotion	5	fraction_emotion	20
english	fractionedemotion	5	fraction_emotion	21
english	fractionedemotion	5	fraction_emotion	22
english	fractionedemotion	5	fraction_emotion	23
english	fractionedemotion	5	fraction_emotion	3
english	fractionedemotion	5	fraction_emotion	4
english	fractionedemotion	5	fraction_emotion	5
english	fractionedemotion	5	fraction_emotion	6
english	fractionedemotion	5	fraction_emotion	7
english	fractionedemotion	5	fraction_emotion	8
english	fractionedemotion	5	fraction_emotion	9
english	fractionedemotion	6	fraction_emotion	10
english	fractionedemotion	6	fraction_emotion	11
english	fractionedemotion	6	fraction_emotion	12
english	fractionedemotion	6	fraction_emotion	13
english	fractionedemotion	6	fraction_emotion	14
english	fractionedemotion	6	fraction_emotion	15
english	fractionedemotion	6	fraction_emotion	16
english	fractionedemotion	6	fraction_emotion	17
english	fractionedemotion	6	fraction_emotion	18
english	fractionedemotion	6	fraction_emotion	19
english	fractionedemotion	6	fraction_emotion	2
english	fractionedemotion	6	fraction_emotion	20
english	fractionedemotion	6	fraction_emotion	21
english	fractionedemotion	6	fraction_emotion	22
english	fractionedemotion	6	fraction_emotion	23
english	fractionedemotion	6	fraction_emotion	3
english	fractionedemotion	6	fraction_emotion	4
english	fractionedemotion	6	fraction_emotion	5
english	fractionedemotion	6	fraction_emotion	6
english	fractionedemotion	6	fraction_emotion	7
english	fractionedemotion	6	fraction_emotion	8
english	fractionedemotion	6	fraction_emotion	9
english	fractionedemotion	7	fraction_emotion	10
english	fractionedemotion	7	fraction_emotion	11
english	fractionedemotion	7	fraction_emotion	12
english	fractionedemotion	7	fraction_emotion	13
english	fractionedemotion	7	fraction_emotion	14
english	fractionedemotion	7	fraction_emotion	15
english	fractionedemotion	7	fraction_emotion	16
english	fractionedemotion	7	fraction_emotion	17
english	fractionedemotion	7	fraction_emotion	18
english	fractionedemotion	7	fraction_emotion	19
english	fractionedemotion	7	fraction_emotion	2
english	fractionedemotion	7	fraction_emotion	20
english	fractionedemotion	7	fraction_emotion	21
english	fractionedemotion	7	fraction_emotion	22
english	fractionedemotion	7	fraction_emotion	23
english	fractionedemotion	7	fraction_emotion	3
english	fractionedemotion	7	fraction_emotion	4
english	fractionedemotion	7	fraction_emotion	5
english	fractionedemotion	7	fraction_emotion	6
english	fractionedemotion	7	fraction_emotion	7
english	fractionedemotion	7	fraction_emotion	8
english	fractionedemotion	7	fraction_emotion	9
english	fractionedemotion	8	fraction_emotion	10
english	fractionedemotion	8	fraction_emotion	11
english	fractionedemotion	8	fraction_emotion	12
english	fractionedemotion	8	fraction_emotion	13
english	fractionedemotion	8	fraction_emotion	14
english	fractionedemotion	8	fraction_emotion	15
english	fractionedemotion	8	fraction_emotion	16
english	fractionedemotion	8	fraction_emotion	17
english	fractionedemotion	8	fraction_emotion	18
english	fractionedemotion	8	fraction_emotion	19
english	fractionedemotion	8	fraction_emotion	2
english	fractionedemotion	8	fraction_emotion	20
english	fractionedemotion	8	fraction_emotion	21
english	fractionedemotion	8	fraction_emotion	22
english	fractionedemotion	8	fraction_emotion	23
english	fractionedemotion	8	fraction_emotion	3
english	fractionedemotion	8	fraction_emotion	4
english	fractionedemotion	8	fraction_emotion	5
english	fractionedemotion	8	fraction_emotion	6
english	fractionedemotion	8	fraction_emotion	7
english	fractionedemotion	8	fraction_emotion	8
english	fractionedemotion	8	fraction_emotion	9
english	fractionedemotion	9	fraction_emotion	10
english	fractionedemotion	9	fraction_emotion	11
english	fractionedemotion	9	fraction_emotion	12
english	fractionedemotion	9	fraction_emotion	13
english	fractionedemotion	9	fraction_emotion	14
english	fractionedemotion	9	fraction_emotion	15
english	fractionedemotion	9	fraction_emotion	16
english	fractionedemotion	9	fraction_emotion	17
english	fractionedemotion	9	fraction_emotion	18
english	fractionedemotion	9	fraction_emotion	19
english	fractionedemotion	9	fraction_emotion	2
english	fractionedemotion	9	fraction_emotion	20
english	fractionedemotion	9	fraction_emotion	21
english	fractionedemotion	9	fraction_emotion	22
english	fractionedemotion	9	fraction_emotion	23
english	fractionedemotion	9	fraction_emotion	3
english	fractionedemotion	9	fraction_emotion	4
english	fractionedemotion	9	fraction_emotion	5
english	fractionedemotion	9	fraction_emotion	6
english	fractionedemotion	9	fraction_emotion	7
english	fractionedemotion	9	fraction_emotion	8
english	fractionedemotion	9	fraction_emotion	9
english	gebrochengalaxie_fractionalgalaxy	10	fraction_galaxy	10
english	gebrochengalaxie_fractionalgalaxy	10	fraction_galaxy	11
english	gebrochengalaxie_fractionalgalaxy	10	fraction_galaxy	12
english	gebrochengalaxie_fractionalgalaxy	10	fraction_galaxy	13
english	gebrochengalaxie_fractionalgalaxy	10	fraction_galaxy	14
english	gebrochengalaxie_fractionalgalaxy	10	fraction_galaxy	15
english	gebrochengalaxie_fractionalgalaxy	10	fraction_galaxy	16
english	gebrochengalaxie_fractionalgalaxy	10	fraction_galaxy	17
english	gebrochengalaxie_fractionalgalaxy	10	fraction_galaxy	18
english	gebrochengalaxie_fractionalgalaxy	10	fraction_galaxy	19
english	gebrochengalaxie_fractionalgalaxy	10	fraction_galaxy	2
english	gebrochengalaxie_fractionalgalaxy	10	fraction_galaxy	20
english	gebrochengalaxie_fractionalgalaxy	10	fraction_galaxy	21
english	gebrochengalaxie_fractionalgalaxy	10	fraction_galaxy	22
english	gebrochengalaxie_fractionalgalaxy	10	fraction_galaxy	23
english	gebrochengalaxie_fractionalgalaxy	10	fraction_galaxy	3
english	gebrochengalaxie_fractionalgalaxy	10	fraction_galaxy	4
english	gebrochengalaxie_fractionalgalaxy	10	fraction_galaxy	5
english	gebrochengalaxie_fractionalgalaxy	10	fraction_galaxy	6
english	gebrochengalaxie_fractionalgalaxy	10	fraction_galaxy	7
english	gebrochengalaxie_fractionalgalaxy	10	fraction_galaxy	8
english	gebrochengalaxie_fractionalgalaxy	10	fraction_galaxy	9
english	gebrochengalaxie_fractionalgalaxy	11	fraction_galaxy	10
english	gebrochengalaxie_fractionalgalaxy	11	fraction_galaxy	11
english	gebrochengalaxie_fractionalgalaxy	11	fraction_galaxy	12
english	gebrochengalaxie_fractionalgalaxy	11	fraction_galaxy	13
english	gebrochengalaxie_fractionalgalaxy	11	fraction_galaxy	14
english	gebrochengalaxie_fractionalgalaxy	11	fraction_galaxy	15
english	gebrochengalaxie_fractionalgalaxy	11	fraction_galaxy	16
english	gebrochengalaxie_fractionalgalaxy	11	fraction_galaxy	17
english	gebrochengalaxie_fractionalgalaxy	11	fraction_galaxy	18
english	gebrochengalaxie_fractionalgalaxy	11	fraction_galaxy	19
english	gebrochengalaxie_fractionalgalaxy	11	fraction_galaxy	2
english	gebrochengalaxie_fractionalgalaxy	11	fraction_galaxy	20
english	gebrochengalaxie_fractionalgalaxy	11	fraction_galaxy	21
english	gebrochengalaxie_fractionalgalaxy	11	fraction_galaxy	22
english	gebrochengalaxie_fractionalgalaxy	11	fraction_galaxy	23
english	gebrochengalaxie_fractionalgalaxy	11	fraction_galaxy	3
english	gebrochengalaxie_fractionalgalaxy	11	fraction_galaxy	4
english	gebrochengalaxie_fractionalgalaxy	11	fraction_galaxy	5
english	gebrochengalaxie_fractionalgalaxy	11	fraction_galaxy	6
english	gebrochengalaxie_fractionalgalaxy	11	fraction_galaxy	7
english	gebrochengalaxie_fractionalgalaxy	11	fraction_galaxy	8
english	gebrochengalaxie_fractionalgalaxy	11	fraction_galaxy	9
english	gebrochengalaxie_fractionalgalaxy	12	fraction_galaxy	10
english	gebrochengalaxie_fractionalgalaxy	12	fraction_galaxy	11
english	gebrochengalaxie_fractionalgalaxy	12	fraction_galaxy	12
english	gebrochengalaxie_fractionalgalaxy	12	fraction_galaxy	13
english	gebrochengalaxie_fractionalgalaxy	12	fraction_galaxy	14
english	gebrochengalaxie_fractionalgalaxy	12	fraction_galaxy	15
english	gebrochengalaxie_fractionalgalaxy	12	fraction_galaxy	16
english	gebrochengalaxie_fractionalgalaxy	12	fraction_galaxy	17
english	gebrochengalaxie_fractionalgalaxy	12	fraction_galaxy	18
english	gebrochengalaxie_fractionalgalaxy	12	fraction_galaxy	19
english	gebrochengalaxie_fractionalgalaxy	12	fraction_galaxy	2
english	gebrochengalaxie_fractionalgalaxy	12	fraction_galaxy	20
english	gebrochengalaxie_fractionalgalaxy	12	fraction_galaxy	21
english	gebrochengalaxie_fractionalgalaxy	12	fraction_galaxy	22
english	gebrochengalaxie_fractionalgalaxy	12	fraction_galaxy	23
english	gebrochengalaxie_fractionalgalaxy	12	fraction_galaxy	3
english	gebrochengalaxie_fractionalgalaxy	12	fraction_galaxy	4
english	gebrochengalaxie_fractionalgalaxy	12	fraction_galaxy	5
english	gebrochengalaxie_fractionalgalaxy	12	fraction_galaxy	6
english	gebrochengalaxie_fractionalgalaxy	12	fraction_galaxy	7
english	gebrochengalaxie_fractionalgalaxy	12	fraction_galaxy	8
english	gebrochengalaxie_fractionalgalaxy	12	fraction_galaxy	9
english	gebrochengalaxie_fractionalgalaxy	13	fraction_galaxy	10
english	gebrochengalaxie_fractionalgalaxy	13	fraction_galaxy	11
english	gebrochengalaxie_fractionalgalaxy	13	fraction_galaxy	12
english	gebrochengalaxie_fractionalgalaxy	13	fraction_galaxy	13
english	gebrochengalaxie_fractionalgalaxy	13	fraction_galaxy	14
english	gebrochengalaxie_fractionalgalaxy	13	fraction_galaxy	15
english	gebrochengalaxie_fractionalgalaxy	13	fraction_galaxy	16
english	gebrochengalaxie_fractionalgalaxy	13	fraction_galaxy	17
english	gebrochengalaxie_fractionalgalaxy	13	fraction_galaxy	18
english	gebrochengalaxie_fractionalgalaxy	13	fraction_galaxy	19
english	gebrochengalaxie_fractionalgalaxy	13	fraction_galaxy	2
english	gebrochengalaxie_fractionalgalaxy	13	fraction_galaxy	20
english	gebrochengalaxie_fractionalgalaxy	13	fraction_galaxy	21
english	gebrochengalaxie_fractionalgalaxy	13	fraction_galaxy	22
english	gebrochengalaxie_fractionalgalaxy	13	fraction_galaxy	23
english	gebrochengalaxie_fractionalgalaxy	13	fraction_galaxy	3
english	gebrochengalaxie_fractionalgalaxy	13	fraction_galaxy	4
english	gebrochengalaxie_fractionalgalaxy	13	fraction_galaxy	5
english	gebrochengalaxie_fractionalgalaxy	13	fraction_galaxy	6
english	gebrochengalaxie_fractionalgalaxy	13	fraction_galaxy	7
english	gebrochengalaxie_fractionalgalaxy	13	fraction_galaxy	8
english	gebrochengalaxie_fractionalgalaxy	13	fraction_galaxy	9
english	gebrochengalaxie_fractionalgalaxy	14	fraction_galaxy	10
english	gebrochengalaxie_fractionalgalaxy	14	fraction_galaxy	11
english	gebrochengalaxie_fractionalgalaxy	14	fraction_galaxy	12
english	gebrochengalaxie_fractionalgalaxy	14	fraction_galaxy	13
english	gebrochengalaxie_fractionalgalaxy	14	fraction_galaxy	14
english	gebrochengalaxie_fractionalgalaxy	14	fraction_galaxy	15
english	gebrochengalaxie_fractionalgalaxy	14	fraction_galaxy	16
english	gebrochengalaxie_fractionalgalaxy	14	fraction_galaxy	17
english	gebrochengalaxie_fractionalgalaxy	14	fraction_galaxy	18
english	gebrochengalaxie_fractionalgalaxy	14	fraction_galaxy	19
english	gebrochengalaxie_fractionalgalaxy	14	fraction_galaxy	2
english	gebrochengalaxie_fractionalgalaxy	14	fraction_galaxy	20
english	gebrochengalaxie_fractionalgalaxy	14	fraction_galaxy	21
english	gebrochengalaxie_fractionalgalaxy	14	fraction_galaxy	22
english	gebrochengalaxie_fractionalgalaxy	14	fraction_galaxy	23
english	gebrochengalaxie_fractionalgalaxy	14	fraction_galaxy	3
english	gebrochengalaxie_fractionalgalaxy	14	fraction_galaxy	4
english	gebrochengalaxie_fractionalgalaxy	14	fraction_galaxy	5
english	gebrochengalaxie_fractionalgalaxy	14	fraction_galaxy	6
english	gebrochengalaxie_fractionalgalaxy	14	fraction_galaxy	7
english	gebrochengalaxie_fractionalgalaxy	14	fraction_galaxy	8
english	gebrochengalaxie_fractionalgalaxy	14	fraction_galaxy	9
english	gebrochengalaxie_fractionalgalaxy	15	fraction_galaxy	10
english	gebrochengalaxie_fractionalgalaxy	15	fraction_galaxy	11
english	gebrochengalaxie_fractionalgalaxy	15	fraction_galaxy	12
english	gebrochengalaxie_fractionalgalaxy	15	fraction_galaxy	13
english	gebrochengalaxie_fractionalgalaxy	15	fraction_galaxy	14
english	gebrochengalaxie_fractionalgalaxy	15	fraction_galaxy	15
english	gebrochengalaxie_fractionalgalaxy	15	fraction_galaxy	16
english	gebrochengalaxie_fractionalgalaxy	15	fraction_galaxy	17
english	gebrochengalaxie_fractionalgalaxy	15	fraction_galaxy	18
english	gebrochengalaxie_fractionalgalaxy	15	fraction_galaxy	19
english	gebrochengalaxie_fractionalgalaxy	15	fraction_galaxy	2
english	gebrochengalaxie_fractionalgalaxy	15	fraction_galaxy	20
english	gebrochengalaxie_fractionalgalaxy	15	fraction_galaxy	21
english	gebrochengalaxie_fractionalgalaxy	15	fraction_galaxy	22
english	gebrochengalaxie_fractionalgalaxy	15	fraction_galaxy	23
english	gebrochengalaxie_fractionalgalaxy	15	fraction_galaxy	3
english	gebrochengalaxie_fractionalgalaxy	15	fraction_galaxy	4
english	gebrochengalaxie_fractionalgalaxy	15	fraction_galaxy	5
english	gebrochengalaxie_fractionalgalaxy	15	fraction_galaxy	6
english	gebrochengalaxie_fractionalgalaxy	15	fraction_galaxy	7
english	gebrochengalaxie_fractionalgalaxy	15	fraction_galaxy	8
english	gebrochengalaxie_fractionalgalaxy	15	fraction_galaxy	9
english	gebrochengalaxie_fractionalgalaxy	16	fraction_galaxy	10
english	gebrochengalaxie_fractionalgalaxy	16	fraction_galaxy	11
english	gebrochengalaxie_fractionalgalaxy	16	fraction_galaxy	12
english	gebrochengalaxie_fractionalgalaxy	16	fraction_galaxy	13
english	gebrochengalaxie_fractionalgalaxy	16	fraction_galaxy	14
english	gebrochengalaxie_fractionalgalaxy	16	fraction_galaxy	15
english	gebrochengalaxie_fractionalgalaxy	16	fraction_galaxy	16
english	gebrochengalaxie_fractionalgalaxy	16	fraction_galaxy	17
english	gebrochengalaxie_fractionalgalaxy	16	fraction_galaxy	18
english	gebrochengalaxie_fractionalgalaxy	16	fraction_galaxy	19
english	gebrochengalaxie_fractionalgalaxy	16	fraction_galaxy	2
english	gebrochengalaxie_fractionalgalaxy	16	fraction_galaxy	20
english	gebrochengalaxie_fractionalgalaxy	16	fraction_galaxy	21
english	gebrochengalaxie_fractionalgalaxy	16	fraction_galaxy	22
english	gebrochengalaxie_fractionalgalaxy	16	fraction_galaxy	23
english	gebrochengalaxie_fractionalgalaxy	16	fraction_galaxy	3
english	gebrochengalaxie_fractionalgalaxy	16	fraction_galaxy	4
english	gebrochengalaxie_fractionalgalaxy	16	fraction_galaxy	5
english	gebrochengalaxie_fractionalgalaxy	16	fraction_galaxy	6
english	gebrochengalaxie_fractionalgalaxy	16	fraction_galaxy	7
english	gebrochengalaxie_fractionalgalaxy	16	fraction_galaxy	8
english	gebrochengalaxie_fractionalgalaxy	16	fraction_galaxy	9
english	gebrochengalaxie_fractionalgalaxy	17	fraction_galaxy	10
english	gebrochengalaxie_fractionalgalaxy	17	fraction_galaxy	11
english	gebrochengalaxie_fractionalgalaxy	17	fraction_galaxy	12
english	gebrochengalaxie_fractionalgalaxy	17	fraction_galaxy	13
english	gebrochengalaxie_fractionalgalaxy	17	fraction_galaxy	14
english	gebrochengalaxie_fractionalgalaxy	17	fraction_galaxy	15
english	gebrochengalaxie_fractionalgalaxy	17	fraction_galaxy	16
english	gebrochengalaxie_fractionalgalaxy	17	fraction_galaxy	17
english	gebrochengalaxie_fractionalgalaxy	17	fraction_galaxy	18
english	gebrochengalaxie_fractionalgalaxy	17	fraction_galaxy	19
english	gebrochengalaxie_fractionalgalaxy	17	fraction_galaxy	2
english	gebrochengalaxie_fractionalgalaxy	17	fraction_galaxy	20
english	gebrochengalaxie_fractionalgalaxy	17	fraction_galaxy	21
english	gebrochengalaxie_fractionalgalaxy	17	fraction_galaxy	22
english	gebrochengalaxie_fractionalgalaxy	17	fraction_galaxy	23
english	gebrochengalaxie_fractionalgalaxy	17	fraction_galaxy	3
english	gebrochengalaxie_fractionalgalaxy	17	fraction_galaxy	4
english	gebrochengalaxie_fractionalgalaxy	17	fraction_galaxy	5
english	gebrochengalaxie_fractionalgalaxy	17	fraction_galaxy	6
english	gebrochengalaxie_fractionalgalaxy	17	fraction_galaxy	7
english	gebrochengalaxie_fractionalgalaxy	17	fraction_galaxy	8
english	gebrochengalaxie_fractionalgalaxy	17	fraction_galaxy	9
english	gebrochengalaxie_fractionalgalaxy	18	fraction_galaxy	10
english	gebrochengalaxie_fractionalgalaxy	18	fraction_galaxy	11
english	gebrochengalaxie_fractionalgalaxy	18	fraction_galaxy	12
english	gebrochengalaxie_fractionalgalaxy	18	fraction_galaxy	13
english	gebrochengalaxie_fractionalgalaxy	18	fraction_galaxy	14
english	gebrochengalaxie_fractionalgalaxy	18	fraction_galaxy	15
english	gebrochengalaxie_fractionalgalaxy	18	fraction_galaxy	16
english	gebrochengalaxie_fractionalgalaxy	18	fraction_galaxy	17
english	gebrochengalaxie_fractionalgalaxy	18	fraction_galaxy	18
english	gebrochengalaxie_fractionalgalaxy	18	fraction_galaxy	19
english	gebrochengalaxie_fractionalgalaxy	18	fraction_galaxy	2
english	gebrochengalaxie_fractionalgalaxy	18	fraction_galaxy	20
english	gebrochengalaxie_fractionalgalaxy	18	fraction_galaxy	21
english	gebrochengalaxie_fractionalgalaxy	18	fraction_galaxy	22
english	gebrochengalaxie_fractionalgalaxy	18	fraction_galaxy	23
english	gebrochengalaxie_fractionalgalaxy	18	fraction_galaxy	3
english	gebrochengalaxie_fractionalgalaxy	18	fraction_galaxy	4
english	gebrochengalaxie_fractionalgalaxy	18	fraction_galaxy	5
english	gebrochengalaxie_fractionalgalaxy	18	fraction_galaxy	6
english	gebrochengalaxie_fractionalgalaxy	18	fraction_galaxy	7
english	gebrochengalaxie_fractionalgalaxy	18	fraction_galaxy	8
english	gebrochengalaxie_fractionalgalaxy	18	fraction_galaxy	9
english	gebrochengalaxie_fractionalgalaxy	19	fraction_galaxy	10
english	gebrochengalaxie_fractionalgalaxy	19	fraction_galaxy	11
english	gebrochengalaxie_fractionalgalaxy	19	fraction_galaxy	12
english	gebrochengalaxie_fractionalgalaxy	19	fraction_galaxy	13
english	gebrochengalaxie_fractionalgalaxy	19	fraction_galaxy	14
english	gebrochengalaxie_fractionalgalaxy	19	fraction_galaxy	15
english	gebrochengalaxie_fractionalgalaxy	19	fraction_galaxy	16
english	gebrochengalaxie_fractionalgalaxy	19	fraction_galaxy	17
english	gebrochengalaxie_fractionalgalaxy	19	fraction_galaxy	18
english	gebrochengalaxie_fractionalgalaxy	19	fraction_galaxy	19
english	gebrochengalaxie_fractionalgalaxy	19	fraction_galaxy	2
english	gebrochengalaxie_fractionalgalaxy	19	fraction_galaxy	20
english	gebrochengalaxie_fractionalgalaxy	19	fraction_galaxy	21
english	gebrochengalaxie_fractionalgalaxy	19	fraction_galaxy	22
english	gebrochengalaxie_fractionalgalaxy	19	fraction_galaxy	23
english	gebrochengalaxie_fractionalgalaxy	19	fraction_galaxy	3
english	gebrochengalaxie_fractionalgalaxy	19	fraction_galaxy	4
english	gebrochengalaxie_fractionalgalaxy	19	fraction_galaxy	5
english	gebrochengalaxie_fractionalgalaxy	19	fraction_galaxy	6
english	gebrochengalaxie_fractionalgalaxy	19	fraction_galaxy	7
english	gebrochengalaxie_fractionalgalaxy	19	fraction_galaxy	8
english	gebrochengalaxie_fractionalgalaxy	19	fraction_galaxy	9
english	gebrochengalaxie_fractionalgalaxy	2	fraction_galaxy	10
english	gebrochengalaxie_fractionalgalaxy	2	fraction_galaxy	11
english	gebrochengalaxie_fractionalgalaxy	2	fraction_galaxy	12
english	gebrochengalaxie_fractionalgalaxy	2	fraction_galaxy	13
english	gebrochengalaxie_fractionalgalaxy	2	fraction_galaxy	14
english	gebrochengalaxie_fractionalgalaxy	2	fraction_galaxy	15
english	gebrochengalaxie_fractionalgalaxy	2	fraction_galaxy	16
english	gebrochengalaxie_fractionalgalaxy	2	fraction_galaxy	17
english	gebrochengalaxie_fractionalgalaxy	2	fraction_galaxy	18
english	gebrochengalaxie_fractionalgalaxy	2	fraction_galaxy	19
english	gebrochengalaxie_fractionalgalaxy	2	fraction_galaxy	2
english	gebrochengalaxie_fractionalgalaxy	2	fraction_galaxy	20
english	gebrochengalaxie_fractionalgalaxy	2	fraction_galaxy	21
english	gebrochengalaxie_fractionalgalaxy	2	fraction_galaxy	22
english	gebrochengalaxie_fractionalgalaxy	2	fraction_galaxy	23
english	gebrochengalaxie_fractionalgalaxy	2	fraction_galaxy	3
english	gebrochengalaxie_fractionalgalaxy	2	fraction_galaxy	4
english	gebrochengalaxie_fractionalgalaxy	2	fraction_galaxy	5
english	gebrochengalaxie_fractionalgalaxy	2	fraction_galaxy	6
english	gebrochengalaxie_fractionalgalaxy	2	fraction_galaxy	7
english	gebrochengalaxie_fractionalgalaxy	2	fraction_galaxy	8
english	gebrochengalaxie_fractionalgalaxy	2	fraction_galaxy	9
english	gebrochengalaxie_fractionalgalaxy	20	fraction_galaxy	10
english	gebrochengalaxie_fractionalgalaxy	20	fraction_galaxy	11
english	gebrochengalaxie_fractionalgalaxy	20	fraction_galaxy	12
english	gebrochengalaxie_fractionalgalaxy	20	fraction_galaxy	13
english	gebrochengalaxie_fractionalgalaxy	20	fraction_galaxy	14
english	gebrochengalaxie_fractionalgalaxy	20	fraction_galaxy	15
english	gebrochengalaxie_fractionalgalaxy	20	fraction_galaxy	16
english	gebrochengalaxie_fractionalgalaxy	20	fraction_galaxy	17
english	gebrochengalaxie_fractionalgalaxy	20	fraction_galaxy	18
english	gebrochengalaxie_fractionalgalaxy	20	fraction_galaxy	19
english	gebrochengalaxie_fractionalgalaxy	20	fraction_galaxy	2
english	gebrochengalaxie_fractionalgalaxy	20	fraction_galaxy	20
english	gebrochengalaxie_fractionalgalaxy	20	fraction_galaxy	21
english	gebrochengalaxie_fractionalgalaxy	20	fraction_galaxy	22
english	gebrochengalaxie_fractionalgalaxy	20	fraction_galaxy	23
english	gebrochengalaxie_fractionalgalaxy	20	fraction_galaxy	3
english	gebrochengalaxie_fractionalgalaxy	20	fraction_galaxy	4
english	gebrochengalaxie_fractionalgalaxy	20	fraction_galaxy	5
english	gebrochengalaxie_fractionalgalaxy	20	fraction_galaxy	6
english	gebrochengalaxie_fractionalgalaxy	20	fraction_galaxy	7
english	gebrochengalaxie_fractionalgalaxy	20	fraction_galaxy	8
english	gebrochengalaxie_fractionalgalaxy	20	fraction_galaxy	9
english	gebrochengalaxie_fractionalgalaxy	21	fraction_galaxy	10
english	gebrochengalaxie_fractionalgalaxy	21	fraction_galaxy	11
english	gebrochengalaxie_fractionalgalaxy	21	fraction_galaxy	12
english	gebrochengalaxie_fractionalgalaxy	21	fraction_galaxy	13
english	gebrochengalaxie_fractionalgalaxy	21	fraction_galaxy	14
english	gebrochengalaxie_fractionalgalaxy	21	fraction_galaxy	15
english	gebrochengalaxie_fractionalgalaxy	21	fraction_galaxy	16
english	gebrochengalaxie_fractionalgalaxy	21	fraction_galaxy	17
english	gebrochengalaxie_fractionalgalaxy	21	fraction_galaxy	18
english	gebrochengalaxie_fractionalgalaxy	21	fraction_galaxy	19
english	gebrochengalaxie_fractionalgalaxy	21	fraction_galaxy	2
english	gebrochengalaxie_fractionalgalaxy	21	fraction_galaxy	20
english	gebrochengalaxie_fractionalgalaxy	21	fraction_galaxy	21
english	gebrochengalaxie_fractionalgalaxy	21	fraction_galaxy	22
english	gebrochengalaxie_fractionalgalaxy	21	fraction_galaxy	23
english	gebrochengalaxie_fractionalgalaxy	21	fraction_galaxy	3
english	gebrochengalaxie_fractionalgalaxy	21	fraction_galaxy	4
english	gebrochengalaxie_fractionalgalaxy	21	fraction_galaxy	5
english	gebrochengalaxie_fractionalgalaxy	21	fraction_galaxy	6
english	gebrochengalaxie_fractionalgalaxy	21	fraction_galaxy	7
english	gebrochengalaxie_fractionalgalaxy	21	fraction_galaxy	8
english	gebrochengalaxie_fractionalgalaxy	21	fraction_galaxy	9
english	gebrochengalaxie_fractionalgalaxy	22	fraction_galaxy	10
english	gebrochengalaxie_fractionalgalaxy	22	fraction_galaxy	11
english	gebrochengalaxie_fractionalgalaxy	22	fraction_galaxy	12
english	gebrochengalaxie_fractionalgalaxy	22	fraction_galaxy	13
english	gebrochengalaxie_fractionalgalaxy	22	fraction_galaxy	14
english	gebrochengalaxie_fractionalgalaxy	22	fraction_galaxy	15
english	gebrochengalaxie_fractionalgalaxy	22	fraction_galaxy	16
english	gebrochengalaxie_fractionalgalaxy	22	fraction_galaxy	17
english	gebrochengalaxie_fractionalgalaxy	22	fraction_galaxy	18
english	gebrochengalaxie_fractionalgalaxy	22	fraction_galaxy	19
english	gebrochengalaxie_fractionalgalaxy	22	fraction_galaxy	2
english	gebrochengalaxie_fractionalgalaxy	22	fraction_galaxy	20
english	gebrochengalaxie_fractionalgalaxy	22	fraction_galaxy	21
english	gebrochengalaxie_fractionalgalaxy	22	fraction_galaxy	22
english	gebrochengalaxie_fractionalgalaxy	22	fraction_galaxy	23
english	gebrochengalaxie_fractionalgalaxy	22	fraction_galaxy	3
english	gebrochengalaxie_fractionalgalaxy	22	fraction_galaxy	4
english	gebrochengalaxie_fractionalgalaxy	22	fraction_galaxy	5
english	gebrochengalaxie_fractionalgalaxy	22	fraction_galaxy	6
english	gebrochengalaxie_fractionalgalaxy	22	fraction_galaxy	7
english	gebrochengalaxie_fractionalgalaxy	22	fraction_galaxy	8
english	gebrochengalaxie_fractionalgalaxy	22	fraction_galaxy	9
english	gebrochengalaxie_fractionalgalaxy	23	fraction_galaxy	10
english	gebrochengalaxie_fractionalgalaxy	23	fraction_galaxy	11
english	gebrochengalaxie_fractionalgalaxy	23	fraction_galaxy	12
english	gebrochengalaxie_fractionalgalaxy	23	fraction_galaxy	13
english	gebrochengalaxie_fractionalgalaxy	23	fraction_galaxy	14
english	gebrochengalaxie_fractionalgalaxy	23	fraction_galaxy	15
english	gebrochengalaxie_fractionalgalaxy	23	fraction_galaxy	16
english	gebrochengalaxie_fractionalgalaxy	23	fraction_galaxy	17
english	gebrochengalaxie_fractionalgalaxy	23	fraction_galaxy	18
english	gebrochengalaxie_fractionalgalaxy	23	fraction_galaxy	19
english	gebrochengalaxie_fractionalgalaxy	23	fraction_galaxy	2
english	gebrochengalaxie_fractionalgalaxy	23	fraction_galaxy	20
english	gebrochengalaxie_fractionalgalaxy	23	fraction_galaxy	21
english	gebrochengalaxie_fractionalgalaxy	23	fraction_galaxy	22
english	gebrochengalaxie_fractionalgalaxy	23	fraction_galaxy	23
english	gebrochengalaxie_fractionalgalaxy	23	fraction_galaxy	3
english	gebrochengalaxie_fractionalgalaxy	23	fraction_galaxy	4
english	gebrochengalaxie_fractionalgalaxy	23	fraction_galaxy	5
english	gebrochengalaxie_fractionalgalaxy	23	fraction_galaxy	6
english	gebrochengalaxie_fractionalgalaxy	23	fraction_galaxy	7
english	gebrochengalaxie_fractionalgalaxy	23	fraction_galaxy	8
english	gebrochengalaxie_fractionalgalaxy	23	fraction_galaxy	9
english	gebrochengalaxie_fractionalgalaxy	3	fraction_galaxy	10
english	gebrochengalaxie_fractionalgalaxy	3	fraction_galaxy	11
english	gebrochengalaxie_fractionalgalaxy	3	fraction_galaxy	12
english	gebrochengalaxie_fractionalgalaxy	3	fraction_galaxy	13
english	gebrochengalaxie_fractionalgalaxy	3	fraction_galaxy	14
english	gebrochengalaxie_fractionalgalaxy	3	fraction_galaxy	15
english	gebrochengalaxie_fractionalgalaxy	3	fraction_galaxy	16
english	gebrochengalaxie_fractionalgalaxy	3	fraction_galaxy	17
english	gebrochengalaxie_fractionalgalaxy	3	fraction_galaxy	18
english	gebrochengalaxie_fractionalgalaxy	3	fraction_galaxy	19
english	gebrochengalaxie_fractionalgalaxy	3	fraction_galaxy	2
english	gebrochengalaxie_fractionalgalaxy	3	fraction_galaxy	20
english	gebrochengalaxie_fractionalgalaxy	3	fraction_galaxy	21
english	gebrochengalaxie_fractionalgalaxy	3	fraction_galaxy	22
english	gebrochengalaxie_fractionalgalaxy	3	fraction_galaxy	23
english	gebrochengalaxie_fractionalgalaxy	3	fraction_galaxy	3
english	gebrochengalaxie_fractionalgalaxy	3	fraction_galaxy	4
english	gebrochengalaxie_fractionalgalaxy	3	fraction_galaxy	5
english	gebrochengalaxie_fractionalgalaxy	3	fraction_galaxy	6
english	gebrochengalaxie_fractionalgalaxy	3	fraction_galaxy	7
english	gebrochengalaxie_fractionalgalaxy	3	fraction_galaxy	8
english	gebrochengalaxie_fractionalgalaxy	3	fraction_galaxy	9
english	gebrochengalaxie_fractionalgalaxy	4	fraction_galaxy	10
english	gebrochengalaxie_fractionalgalaxy	4	fraction_galaxy	11
english	gebrochengalaxie_fractionalgalaxy	4	fraction_galaxy	12
english	gebrochengalaxie_fractionalgalaxy	4	fraction_galaxy	13
english	gebrochengalaxie_fractionalgalaxy	4	fraction_galaxy	14
english	gebrochengalaxie_fractionalgalaxy	4	fraction_galaxy	15
english	gebrochengalaxie_fractionalgalaxy	4	fraction_galaxy	16
english	gebrochengalaxie_fractionalgalaxy	4	fraction_galaxy	17
english	gebrochengalaxie_fractionalgalaxy	4	fraction_galaxy	18
english	gebrochengalaxie_fractionalgalaxy	4	fraction_galaxy	19
english	gebrochengalaxie_fractionalgalaxy	4	fraction_galaxy	2
english	gebrochengalaxie_fractionalgalaxy	4	fraction_galaxy	20
english	gebrochengalaxie_fractionalgalaxy	4	fraction_galaxy	21
english	gebrochengalaxie_fractionalgalaxy	4	fraction_galaxy	22
english	gebrochengalaxie_fractionalgalaxy	4	fraction_galaxy	23
english	gebrochengalaxie_fractionalgalaxy	4	fraction_galaxy	3
english	gebrochengalaxie_fractionalgalaxy	4	fraction_galaxy	4
english	gebrochengalaxie_fractionalgalaxy	4	fraction_galaxy	5
english	gebrochengalaxie_fractionalgalaxy	4	fraction_galaxy	6
english	gebrochengalaxie_fractionalgalaxy	4	fraction_galaxy	7
english	gebrochengalaxie_fractionalgalaxy	4	fraction_galaxy	8
english	gebrochengalaxie_fractionalgalaxy	4	fraction_galaxy	9
english	gebrochengalaxie_fractionalgalaxy	5	fraction_galaxy	10
english	gebrochengalaxie_fractionalgalaxy	5	fraction_galaxy	11
english	gebrochengalaxie_fractionalgalaxy	5	fraction_galaxy	12
english	gebrochengalaxie_fractionalgalaxy	5	fraction_galaxy	13
english	gebrochengalaxie_fractionalgalaxy	5	fraction_galaxy	14
english	gebrochengalaxie_fractionalgalaxy	5	fraction_galaxy	15
english	gebrochengalaxie_fractionalgalaxy	5	fraction_galaxy	16
english	gebrochengalaxie_fractionalgalaxy	5	fraction_galaxy	17
english	gebrochengalaxie_fractionalgalaxy	5	fraction_galaxy	18
english	gebrochengalaxie_fractionalgalaxy	5	fraction_galaxy	19
english	gebrochengalaxie_fractionalgalaxy	5	fraction_galaxy	2
english	gebrochengalaxie_fractionalgalaxy	5	fraction_galaxy	20
english	gebrochengalaxie_fractionalgalaxy	5	fraction_galaxy	21
english	gebrochengalaxie_fractionalgalaxy	5	fraction_galaxy	22
english	gebrochengalaxie_fractionalgalaxy	5	fraction_galaxy	23
english	gebrochengalaxie_fractionalgalaxy	5	fraction_galaxy	3
english	gebrochengalaxie_fractionalgalaxy	5	fraction_galaxy	4
english	gebrochengalaxie_fractionalgalaxy	5	fraction_galaxy	5
english	gebrochengalaxie_fractionalgalaxy	5	fraction_galaxy	6
english	gebrochengalaxie_fractionalgalaxy	5	fraction_galaxy	7
english	gebrochengalaxie_fractionalgalaxy	5	fraction_galaxy	8
english	gebrochengalaxie_fractionalgalaxy	5	fraction_galaxy	9
english	gebrochengalaxie_fractionalgalaxy	6	fraction_galaxy	10
english	gebrochengalaxie_fractionalgalaxy	6	fraction_galaxy	11
english	gebrochengalaxie_fractionalgalaxy	6	fraction_galaxy	12
english	gebrochengalaxie_fractionalgalaxy	6	fraction_galaxy	13
english	gebrochengalaxie_fractionalgalaxy	6	fraction_galaxy	14
english	gebrochengalaxie_fractionalgalaxy	6	fraction_galaxy	15
english	gebrochengalaxie_fractionalgalaxy	6	fraction_galaxy	16
english	gebrochengalaxie_fractionalgalaxy	6	fraction_galaxy	17
english	gebrochengalaxie_fractionalgalaxy	6	fraction_galaxy	18
english	gebrochengalaxie_fractionalgalaxy	6	fraction_galaxy	19
english	gebrochengalaxie_fractionalgalaxy	6	fraction_galaxy	2
english	gebrochengalaxie_fractionalgalaxy	6	fraction_galaxy	20
english	gebrochengalaxie_fractionalgalaxy	6	fraction_galaxy	21
english	gebrochengalaxie_fractionalgalaxy	6	fraction_galaxy	22
english	gebrochengalaxie_fractionalgalaxy	6	fraction_galaxy	23
english	gebrochengalaxie_fractionalgalaxy	6	fraction_galaxy	3
english	gebrochengalaxie_fractionalgalaxy	6	fraction_galaxy	4
english	gebrochengalaxie_fractionalgalaxy	6	fraction_galaxy	5
english	gebrochengalaxie_fractionalgalaxy	6	fraction_galaxy	6
english	gebrochengalaxie_fractionalgalaxy	6	fraction_galaxy	7
english	gebrochengalaxie_fractionalgalaxy	6	fraction_galaxy	8
english	gebrochengalaxie_fractionalgalaxy	6	fraction_galaxy	9
english	gebrochengalaxie_fractionalgalaxy	7	fraction_galaxy	10
english	gebrochengalaxie_fractionalgalaxy	7	fraction_galaxy	11
english	gebrochengalaxie_fractionalgalaxy	7	fraction_galaxy	12
english	gebrochengalaxie_fractionalgalaxy	7	fraction_galaxy	13
english	gebrochengalaxie_fractionalgalaxy	7	fraction_galaxy	14
english	gebrochengalaxie_fractionalgalaxy	7	fraction_galaxy	15
english	gebrochengalaxie_fractionalgalaxy	7	fraction_galaxy	16
english	gebrochengalaxie_fractionalgalaxy	7	fraction_galaxy	17
english	gebrochengalaxie_fractionalgalaxy	7	fraction_galaxy	18
english	gebrochengalaxie_fractionalgalaxy	7	fraction_galaxy	19
english	gebrochengalaxie_fractionalgalaxy	7	fraction_galaxy	2
english	gebrochengalaxie_fractionalgalaxy	7	fraction_galaxy	20
english	gebrochengalaxie_fractionalgalaxy	7	fraction_galaxy	21
english	gebrochengalaxie_fractionalgalaxy	7	fraction_galaxy	22
english	gebrochengalaxie_fractionalgalaxy	7	fraction_galaxy	23
english	gebrochengalaxie_fractionalgalaxy	7	fraction_galaxy	3
english	gebrochengalaxie_fractionalgalaxy	7	fraction_galaxy	4
english	gebrochengalaxie_fractionalgalaxy	7	fraction_galaxy	5
english	gebrochengalaxie_fractionalgalaxy	7	fraction_galaxy	6
english	gebrochengalaxie_fractionalgalaxy	7	fraction_galaxy	7
english	gebrochengalaxie_fractionalgalaxy	7	fraction_galaxy	8
english	gebrochengalaxie_fractionalgalaxy	7	fraction_galaxy	9
english	gebrochengalaxie_fractionalgalaxy	8	fraction_galaxy	10
english	gebrochengalaxie_fractionalgalaxy	8	fraction_galaxy	11
english	gebrochengalaxie_fractionalgalaxy	8	fraction_galaxy	12
english	gebrochengalaxie_fractionalgalaxy	8	fraction_galaxy	13
english	gebrochengalaxie_fractionalgalaxy	8	fraction_galaxy	14
english	gebrochengalaxie_fractionalgalaxy	8	fraction_galaxy	15
english	gebrochengalaxie_fractionalgalaxy	8	fraction_galaxy	16
english	gebrochengalaxie_fractionalgalaxy	8	fraction_galaxy	17
english	gebrochengalaxie_fractionalgalaxy	8	fraction_galaxy	18
english	gebrochengalaxie_fractionalgalaxy	8	fraction_galaxy	19
english	gebrochengalaxie_fractionalgalaxy	8	fraction_galaxy	2
english	gebrochengalaxie_fractionalgalaxy	8	fraction_galaxy	20
english	gebrochengalaxie_fractionalgalaxy	8	fraction_galaxy	21
english	gebrochengalaxie_fractionalgalaxy	8	fraction_galaxy	22
english	gebrochengalaxie_fractionalgalaxy	8	fraction_galaxy	23
english	gebrochengalaxie_fractionalgalaxy	8	fraction_galaxy	3
english	gebrochengalaxie_fractionalgalaxy	8	fraction_galaxy	4
english	gebrochengalaxie_fractionalgalaxy	8	fraction_galaxy	5
english	gebrochengalaxie_fractionalgalaxy	8	fraction_galaxy	6
english	gebrochengalaxie_fractionalgalaxy	8	fraction_galaxy	7
english	gebrochengalaxie_fractionalgalaxy	8	fraction_galaxy	8
english	gebrochengalaxie_fractionalgalaxy	8	fraction_galaxy	9
english	gebrochengalaxie_fractionalgalaxy	9	fraction_galaxy	10
english	gebrochengalaxie_fractionalgalaxy	9	fraction_galaxy	11
english	gebrochengalaxie_fractionalgalaxy	9	fraction_galaxy	12
english	gebrochengalaxie_fractionalgalaxy	9	fraction_galaxy	13
english	gebrochengalaxie_fractionalgalaxy	9	fraction_galaxy	14
english	gebrochengalaxie_fractionalgalaxy	9	fraction_galaxy	15
english	gebrochengalaxie_fractionalgalaxy	9	fraction_galaxy	16
english	gebrochengalaxie_fractionalgalaxy	9	fraction_galaxy	17
english	gebrochengalaxie_fractionalgalaxy	9	fraction_galaxy	18
english	gebrochengalaxie_fractionalgalaxy	9	fraction_galaxy	19
english	gebrochengalaxie_fractionalgalaxy	9	fraction_galaxy	2
english	gebrochengalaxie_fractionalgalaxy	9	fraction_galaxy	20
english	gebrochengalaxie_fractionalgalaxy	9	fraction_galaxy	21
english	gebrochengalaxie_fractionalgalaxy	9	fraction_galaxy	22
english	gebrochengalaxie_fractionalgalaxy	9	fraction_galaxy	23
english	gebrochengalaxie_fractionalgalaxy	9	fraction_galaxy	3
english	gebrochengalaxie_fractionalgalaxy	9	fraction_galaxy	4
english	gebrochengalaxie_fractionalgalaxy	9	fraction_galaxy	5
english	gebrochengalaxie_fractionalgalaxy	9	fraction_galaxy	6
english	gebrochengalaxie_fractionalgalaxy	9	fraction_galaxy	7
english	gebrochengalaxie_fractionalgalaxy	9	fraction_galaxy	8
english	gebrochengalaxie_fractionalgalaxy	9	fraction_galaxy	9
english	gebrochenuniversum_fractionaluniverse	10	fraction_universe	10
english	gebrochenuniversum_fractionaluniverse	10	fraction_universe	11
english	gebrochenuniversum_fractionaluniverse	10	fraction_universe	12
english	gebrochenuniversum_fractionaluniverse	10	fraction_universe	13
english	gebrochenuniversum_fractionaluniverse	10	fraction_universe	14
english	gebrochenuniversum_fractionaluniverse	10	fraction_universe	15
english	gebrochenuniversum_fractionaluniverse	10	fraction_universe	16
english	gebrochenuniversum_fractionaluniverse	10	fraction_universe	17
english	gebrochenuniversum_fractionaluniverse	10	fraction_universe	18
english	gebrochenuniversum_fractionaluniverse	10	fraction_universe	19
english	gebrochenuniversum_fractionaluniverse	10	fraction_universe	2
english	gebrochenuniversum_fractionaluniverse	10	fraction_universe	20
english	gebrochenuniversum_fractionaluniverse	10	fraction_universe	21
english	gebrochenuniversum_fractionaluniverse	10	fraction_universe	22
english	gebrochenuniversum_fractionaluniverse	10	fraction_universe	23
english	gebrochenuniversum_fractionaluniverse	10	fraction_universe	3
english	gebrochenuniversum_fractionaluniverse	10	fraction_universe	4
english	gebrochenuniversum_fractionaluniverse	10	fraction_universe	5
english	gebrochenuniversum_fractionaluniverse	10	fraction_universe	6
english	gebrochenuniversum_fractionaluniverse	10	fraction_universe	7
english	gebrochenuniversum_fractionaluniverse	10	fraction_universe	8
english	gebrochenuniversum_fractionaluniverse	10	fraction_universe	9
english	gebrochenuniversum_fractionaluniverse	11	fraction_universe	10
english	gebrochenuniversum_fractionaluniverse	11	fraction_universe	11
english	gebrochenuniversum_fractionaluniverse	11	fraction_universe	12
english	gebrochenuniversum_fractionaluniverse	11	fraction_universe	13
english	gebrochenuniversum_fractionaluniverse	11	fraction_universe	14
english	gebrochenuniversum_fractionaluniverse	11	fraction_universe	15
english	gebrochenuniversum_fractionaluniverse	11	fraction_universe	16
english	gebrochenuniversum_fractionaluniverse	11	fraction_universe	17
english	gebrochenuniversum_fractionaluniverse	11	fraction_universe	18
english	gebrochenuniversum_fractionaluniverse	11	fraction_universe	19
english	gebrochenuniversum_fractionaluniverse	11	fraction_universe	2
english	gebrochenuniversum_fractionaluniverse	11	fraction_universe	20
english	gebrochenuniversum_fractionaluniverse	11	fraction_universe	21
english	gebrochenuniversum_fractionaluniverse	11	fraction_universe	22
english	gebrochenuniversum_fractionaluniverse	11	fraction_universe	23
english	gebrochenuniversum_fractionaluniverse	11	fraction_universe	3
english	gebrochenuniversum_fractionaluniverse	11	fraction_universe	4
english	gebrochenuniversum_fractionaluniverse	11	fraction_universe	5
english	gebrochenuniversum_fractionaluniverse	11	fraction_universe	6
english	gebrochenuniversum_fractionaluniverse	11	fraction_universe	7
english	gebrochenuniversum_fractionaluniverse	11	fraction_universe	8
english	gebrochenuniversum_fractionaluniverse	11	fraction_universe	9
english	gebrochenuniversum_fractionaluniverse	12	fraction_universe	10
english	gebrochenuniversum_fractionaluniverse	12	fraction_universe	11
english	gebrochenuniversum_fractionaluniverse	12	fraction_universe	12
english	gebrochenuniversum_fractionaluniverse	12	fraction_universe	13
english	gebrochenuniversum_fractionaluniverse	12	fraction_universe	14
english	gebrochenuniversum_fractionaluniverse	12	fraction_universe	15
english	gebrochenuniversum_fractionaluniverse	12	fraction_universe	16
english	gebrochenuniversum_fractionaluniverse	12	fraction_universe	17
english	gebrochenuniversum_fractionaluniverse	12	fraction_universe	18
english	gebrochenuniversum_fractionaluniverse	12	fraction_universe	19
english	gebrochenuniversum_fractionaluniverse	12	fraction_universe	2
english	gebrochenuniversum_fractionaluniverse	12	fraction_universe	20
english	gebrochenuniversum_fractionaluniverse	12	fraction_universe	21
english	gebrochenuniversum_fractionaluniverse	12	fraction_universe	22
english	gebrochenuniversum_fractionaluniverse	12	fraction_universe	23
english	gebrochenuniversum_fractionaluniverse	12	fraction_universe	3
english	gebrochenuniversum_fractionaluniverse	12	fraction_universe	4
english	gebrochenuniversum_fractionaluniverse	12	fraction_universe	5
english	gebrochenuniversum_fractionaluniverse	12	fraction_universe	6
english	gebrochenuniversum_fractionaluniverse	12	fraction_universe	7
english	gebrochenuniversum_fractionaluniverse	12	fraction_universe	8
english	gebrochenuniversum_fractionaluniverse	12	fraction_universe	9
english	gebrochenuniversum_fractionaluniverse	13	fraction_universe	10
english	gebrochenuniversum_fractionaluniverse	13	fraction_universe	11
english	gebrochenuniversum_fractionaluniverse	13	fraction_universe	12
english	gebrochenuniversum_fractionaluniverse	13	fraction_universe	13
english	gebrochenuniversum_fractionaluniverse	13	fraction_universe	14
english	gebrochenuniversum_fractionaluniverse	13	fraction_universe	15
english	gebrochenuniversum_fractionaluniverse	13	fraction_universe	16
english	gebrochenuniversum_fractionaluniverse	13	fraction_universe	17
english	gebrochenuniversum_fractionaluniverse	13	fraction_universe	18
english	gebrochenuniversum_fractionaluniverse	13	fraction_universe	19
english	gebrochenuniversum_fractionaluniverse	13	fraction_universe	2
english	gebrochenuniversum_fractionaluniverse	13	fraction_universe	20
english	gebrochenuniversum_fractionaluniverse	13	fraction_universe	21
english	gebrochenuniversum_fractionaluniverse	13	fraction_universe	22
english	gebrochenuniversum_fractionaluniverse	13	fraction_universe	23
english	gebrochenuniversum_fractionaluniverse	13	fraction_universe	3
english	gebrochenuniversum_fractionaluniverse	13	fraction_universe	4
english	gebrochenuniversum_fractionaluniverse	13	fraction_universe	5
english	gebrochenuniversum_fractionaluniverse	13	fraction_universe	6
english	gebrochenuniversum_fractionaluniverse	13	fraction_universe	7
english	gebrochenuniversum_fractionaluniverse	13	fraction_universe	8
english	gebrochenuniversum_fractionaluniverse	13	fraction_universe	9
english	gebrochenuniversum_fractionaluniverse	14	fraction_universe	10
english	gebrochenuniversum_fractionaluniverse	14	fraction_universe	11
english	gebrochenuniversum_fractionaluniverse	14	fraction_universe	12
english	gebrochenuniversum_fractionaluniverse	14	fraction_universe	13
english	gebrochenuniversum_fractionaluniverse	14	fraction_universe	14
english	gebrochenuniversum_fractionaluniverse	14	fraction_universe	15
english	gebrochenuniversum_fractionaluniverse	14	fraction_universe	16
english	gebrochenuniversum_fractionaluniverse	14	fraction_universe	17
english	gebrochenuniversum_fractionaluniverse	14	fraction_universe	18
english	gebrochenuniversum_fractionaluniverse	14	fraction_universe	19
english	gebrochenuniversum_fractionaluniverse	14	fraction_universe	2
english	gebrochenuniversum_fractionaluniverse	14	fraction_universe	20
english	gebrochenuniversum_fractionaluniverse	14	fraction_universe	21
english	gebrochenuniversum_fractionaluniverse	14	fraction_universe	22
english	gebrochenuniversum_fractionaluniverse	14	fraction_universe	23
english	gebrochenuniversum_fractionaluniverse	14	fraction_universe	3
english	gebrochenuniversum_fractionaluniverse	14	fraction_universe	4
english	gebrochenuniversum_fractionaluniverse	14	fraction_universe	5
english	gebrochenuniversum_fractionaluniverse	14	fraction_universe	6
english	gebrochenuniversum_fractionaluniverse	14	fraction_universe	7
english	gebrochenuniversum_fractionaluniverse	14	fraction_universe	8
english	gebrochenuniversum_fractionaluniverse	14	fraction_universe	9
english	gebrochenuniversum_fractionaluniverse	15	fraction_universe	10
english	gebrochenuniversum_fractionaluniverse	15	fraction_universe	11
english	gebrochenuniversum_fractionaluniverse	15	fraction_universe	12
english	gebrochenuniversum_fractionaluniverse	15	fraction_universe	13
english	gebrochenuniversum_fractionaluniverse	15	fraction_universe	14
english	gebrochenuniversum_fractionaluniverse	15	fraction_universe	15
english	gebrochenuniversum_fractionaluniverse	15	fraction_universe	16
english	gebrochenuniversum_fractionaluniverse	15	fraction_universe	17
english	gebrochenuniversum_fractionaluniverse	15	fraction_universe	18
english	gebrochenuniversum_fractionaluniverse	15	fraction_universe	19
english	gebrochenuniversum_fractionaluniverse	15	fraction_universe	2
english	gebrochenuniversum_fractionaluniverse	15	fraction_universe	20
english	gebrochenuniversum_fractionaluniverse	15	fraction_universe	21
english	gebrochenuniversum_fractionaluniverse	15	fraction_universe	22
english	gebrochenuniversum_fractionaluniverse	15	fraction_universe	23
english	gebrochenuniversum_fractionaluniverse	15	fraction_universe	3
english	gebrochenuniversum_fractionaluniverse	15	fraction_universe	4
english	gebrochenuniversum_fractionaluniverse	15	fraction_universe	5
english	gebrochenuniversum_fractionaluniverse	15	fraction_universe	6
english	gebrochenuniversum_fractionaluniverse	15	fraction_universe	7
english	gebrochenuniversum_fractionaluniverse	15	fraction_universe	8
english	gebrochenuniversum_fractionaluniverse	15	fraction_universe	9
english	gebrochenuniversum_fractionaluniverse	16	fraction_universe	10
english	gebrochenuniversum_fractionaluniverse	16	fraction_universe	11
english	gebrochenuniversum_fractionaluniverse	16	fraction_universe	12
english	gebrochenuniversum_fractionaluniverse	16	fraction_universe	13
english	gebrochenuniversum_fractionaluniverse	16	fraction_universe	14
english	gebrochenuniversum_fractionaluniverse	16	fraction_universe	15
english	gebrochenuniversum_fractionaluniverse	16	fraction_universe	16
english	gebrochenuniversum_fractionaluniverse	16	fraction_universe	17
english	gebrochenuniversum_fractionaluniverse	16	fraction_universe	18
english	gebrochenuniversum_fractionaluniverse	16	fraction_universe	19
english	gebrochenuniversum_fractionaluniverse	16	fraction_universe	2
english	gebrochenuniversum_fractionaluniverse	16	fraction_universe	20
english	gebrochenuniversum_fractionaluniverse	16	fraction_universe	21
english	gebrochenuniversum_fractionaluniverse	16	fraction_universe	22
english	gebrochenuniversum_fractionaluniverse	16	fraction_universe	23
english	gebrochenuniversum_fractionaluniverse	16	fraction_universe	3
english	gebrochenuniversum_fractionaluniverse	16	fraction_universe	4
english	gebrochenuniversum_fractionaluniverse	16	fraction_universe	5
english	gebrochenuniversum_fractionaluniverse	16	fraction_universe	6
english	gebrochenuniversum_fractionaluniverse	16	fraction_universe	7
english	gebrochenuniversum_fractionaluniverse	16	fraction_universe	8
english	gebrochenuniversum_fractionaluniverse	16	fraction_universe	9
english	gebrochenuniversum_fractionaluniverse	17	fraction_universe	10
english	gebrochenuniversum_fractionaluniverse	17	fraction_universe	11
english	gebrochenuniversum_fractionaluniverse	17	fraction_universe	12
english	gebrochenuniversum_fractionaluniverse	17	fraction_universe	13
english	gebrochenuniversum_fractionaluniverse	17	fraction_universe	14
english	gebrochenuniversum_fractionaluniverse	17	fraction_universe	15
english	gebrochenuniversum_fractionaluniverse	17	fraction_universe	16
english	gebrochenuniversum_fractionaluniverse	17	fraction_universe	17
english	gebrochenuniversum_fractionaluniverse	17	fraction_universe	18
english	gebrochenuniversum_fractionaluniverse	17	fraction_universe	19
english	gebrochenuniversum_fractionaluniverse	17	fraction_universe	2
english	gebrochenuniversum_fractionaluniverse	17	fraction_universe	20
english	gebrochenuniversum_fractionaluniverse	17	fraction_universe	21
english	gebrochenuniversum_fractionaluniverse	17	fraction_universe	22
english	gebrochenuniversum_fractionaluniverse	17	fraction_universe	23
english	gebrochenuniversum_fractionaluniverse	17	fraction_universe	3
english	gebrochenuniversum_fractionaluniverse	17	fraction_universe	4
english	gebrochenuniversum_fractionaluniverse	17	fraction_universe	5
english	gebrochenuniversum_fractionaluniverse	17	fraction_universe	6
english	gebrochenuniversum_fractionaluniverse	17	fraction_universe	7
english	gebrochenuniversum_fractionaluniverse	17	fraction_universe	8
english	gebrochenuniversum_fractionaluniverse	17	fraction_universe	9
english	gebrochenuniversum_fractionaluniverse	18	fraction_universe	10
english	gebrochenuniversum_fractionaluniverse	18	fraction_universe	11
english	gebrochenuniversum_fractionaluniverse	18	fraction_universe	12
english	gebrochenuniversum_fractionaluniverse	18	fraction_universe	13
english	gebrochenuniversum_fractionaluniverse	18	fraction_universe	14
english	gebrochenuniversum_fractionaluniverse	18	fraction_universe	15
english	gebrochenuniversum_fractionaluniverse	18	fraction_universe	16
english	gebrochenuniversum_fractionaluniverse	18	fraction_universe	17
english	gebrochenuniversum_fractionaluniverse	18	fraction_universe	18
english	gebrochenuniversum_fractionaluniverse	18	fraction_universe	19
english	gebrochenuniversum_fractionaluniverse	18	fraction_universe	2
english	gebrochenuniversum_fractionaluniverse	18	fraction_universe	20
english	gebrochenuniversum_fractionaluniverse	18	fraction_universe	21
english	gebrochenuniversum_fractionaluniverse	18	fraction_universe	22
english	gebrochenuniversum_fractionaluniverse	18	fraction_universe	23
english	gebrochenuniversum_fractionaluniverse	18	fraction_universe	3
english	gebrochenuniversum_fractionaluniverse	18	fraction_universe	4
english	gebrochenuniversum_fractionaluniverse	18	fraction_universe	5
english	gebrochenuniversum_fractionaluniverse	18	fraction_universe	6
english	gebrochenuniversum_fractionaluniverse	18	fraction_universe	7
english	gebrochenuniversum_fractionaluniverse	18	fraction_universe	8
english	gebrochenuniversum_fractionaluniverse	18	fraction_universe	9
english	gebrochenuniversum_fractionaluniverse	19	fraction_universe	10
english	gebrochenuniversum_fractionaluniverse	19	fraction_universe	11
english	gebrochenuniversum_fractionaluniverse	19	fraction_universe	12
english	gebrochenuniversum_fractionaluniverse	19	fraction_universe	13
english	gebrochenuniversum_fractionaluniverse	19	fraction_universe	14
english	gebrochenuniversum_fractionaluniverse	19	fraction_universe	15
english	gebrochenuniversum_fractionaluniverse	19	fraction_universe	16
english	gebrochenuniversum_fractionaluniverse	19	fraction_universe	17
english	gebrochenuniversum_fractionaluniverse	19	fraction_universe	18
english	gebrochenuniversum_fractionaluniverse	19	fraction_universe	19
english	gebrochenuniversum_fractionaluniverse	19	fraction_universe	2
english	gebrochenuniversum_fractionaluniverse	19	fraction_universe	20
english	gebrochenuniversum_fractionaluniverse	19	fraction_universe	21
english	gebrochenuniversum_fractionaluniverse	19	fraction_universe	22
english	gebrochenuniversum_fractionaluniverse	19	fraction_universe	23
english	gebrochenuniversum_fractionaluniverse	19	fraction_universe	3
english	gebrochenuniversum_fractionaluniverse	19	fraction_universe	4
english	gebrochenuniversum_fractionaluniverse	19	fraction_universe	5
english	gebrochenuniversum_fractionaluniverse	19	fraction_universe	6
english	gebrochenuniversum_fractionaluniverse	19	fraction_universe	7
english	gebrochenuniversum_fractionaluniverse	19	fraction_universe	8
english	gebrochenuniversum_fractionaluniverse	19	fraction_universe	9
english	gebrochenuniversum_fractionaluniverse	2	fraction_universe	10
english	gebrochenuniversum_fractionaluniverse	2	fraction_universe	11
english	gebrochenuniversum_fractionaluniverse	2	fraction_universe	12
english	gebrochenuniversum_fractionaluniverse	2	fraction_universe	13
english	gebrochenuniversum_fractionaluniverse	2	fraction_universe	14
english	gebrochenuniversum_fractionaluniverse	2	fraction_universe	15
english	gebrochenuniversum_fractionaluniverse	2	fraction_universe	16
english	gebrochenuniversum_fractionaluniverse	2	fraction_universe	17
english	gebrochenuniversum_fractionaluniverse	2	fraction_universe	18
english	gebrochenuniversum_fractionaluniverse	2	fraction_universe	19
english	gebrochenuniversum_fractionaluniverse	2	fraction_universe	2
english	gebrochenuniversum_fractionaluniverse	2	fraction_universe	20
english	gebrochenuniversum_fractionaluniverse	2	fraction_universe	21
english	gebrochenuniversum_fractionaluniverse	2	fraction_universe	22
english	gebrochenuniversum_fractionaluniverse	2	fraction_universe	23
english	gebrochenuniversum_fractionaluniverse	2	fraction_universe	3
english	gebrochenuniversum_fractionaluniverse	2	fraction_universe	4
english	gebrochenuniversum_fractionaluniverse	2	fraction_universe	5
english	gebrochenuniversum_fractionaluniverse	2	fraction_universe	6
english	gebrochenuniversum_fractionaluniverse	2	fraction_universe	7
english	gebrochenuniversum_fractionaluniverse	2	fraction_universe	8
english	gebrochenuniversum_fractionaluniverse	2	fraction_universe	9
english	gebrochenuniversum_fractionaluniverse	20	fraction_universe	10
english	gebrochenuniversum_fractionaluniverse	20	fraction_universe	11
english	gebrochenuniversum_fractionaluniverse	20	fraction_universe	12
english	gebrochenuniversum_fractionaluniverse	20	fraction_universe	13
english	gebrochenuniversum_fractionaluniverse	20	fraction_universe	14
english	gebrochenuniversum_fractionaluniverse	20	fraction_universe	15
english	gebrochenuniversum_fractionaluniverse	20	fraction_universe	16
english	gebrochenuniversum_fractionaluniverse	20	fraction_universe	17
english	gebrochenuniversum_fractionaluniverse	20	fraction_universe	18
english	gebrochenuniversum_fractionaluniverse	20	fraction_universe	19
english	gebrochenuniversum_fractionaluniverse	20	fraction_universe	2
english	gebrochenuniversum_fractionaluniverse	20	fraction_universe	20
english	gebrochenuniversum_fractionaluniverse	20	fraction_universe	21
english	gebrochenuniversum_fractionaluniverse	20	fraction_universe	22
english	gebrochenuniversum_fractionaluniverse	20	fraction_universe	23
english	gebrochenuniversum_fractionaluniverse	20	fraction_universe	3
english	gebrochenuniversum_fractionaluniverse	20	fraction_universe	4
english	gebrochenuniversum_fractionaluniverse	20	fraction_universe	5
english	gebrochenuniversum_fractionaluniverse	20	fraction_universe	6
english	gebrochenuniversum_fractionaluniverse	20	fraction_universe	7
english	gebrochenuniversum_fractionaluniverse	20	fraction_universe	8
english	gebrochenuniversum_fractionaluniverse	20	fraction_universe	9
english	gebrochenuniversum_fractionaluniverse	21	fraction_universe	10
english	gebrochenuniversum_fractionaluniverse	21	fraction_universe	11
english	gebrochenuniversum_fractionaluniverse	21	fraction_universe	12
english	gebrochenuniversum_fractionaluniverse	21	fraction_universe	13
english	gebrochenuniversum_fractionaluniverse	21	fraction_universe	14
english	gebrochenuniversum_fractionaluniverse	21	fraction_universe	15
english	gebrochenuniversum_fractionaluniverse	21	fraction_universe	16
english	gebrochenuniversum_fractionaluniverse	21	fraction_universe	17
english	gebrochenuniversum_fractionaluniverse	21	fraction_universe	18
english	gebrochenuniversum_fractionaluniverse	21	fraction_universe	19
english	gebrochenuniversum_fractionaluniverse	21	fraction_universe	2
english	gebrochenuniversum_fractionaluniverse	21	fraction_universe	20
english	gebrochenuniversum_fractionaluniverse	21	fraction_universe	21
english	gebrochenuniversum_fractionaluniverse	21	fraction_universe	22
english	gebrochenuniversum_fractionaluniverse	21	fraction_universe	23
english	gebrochenuniversum_fractionaluniverse	21	fraction_universe	3
english	gebrochenuniversum_fractionaluniverse	21	fraction_universe	4
english	gebrochenuniversum_fractionaluniverse	21	fraction_universe	5
english	gebrochenuniversum_fractionaluniverse	21	fraction_universe	6
english	gebrochenuniversum_fractionaluniverse	21	fraction_universe	7
english	gebrochenuniversum_fractionaluniverse	21	fraction_universe	8
english	gebrochenuniversum_fractionaluniverse	21	fraction_universe	9
english	gebrochenuniversum_fractionaluniverse	22	fraction_universe	10
english	gebrochenuniversum_fractionaluniverse	22	fraction_universe	11
english	gebrochenuniversum_fractionaluniverse	22	fraction_universe	12
english	gebrochenuniversum_fractionaluniverse	22	fraction_universe	13
english	gebrochenuniversum_fractionaluniverse	22	fraction_universe	14
english	gebrochenuniversum_fractionaluniverse	22	fraction_universe	15
english	gebrochenuniversum_fractionaluniverse	22	fraction_universe	16
english	gebrochenuniversum_fractionaluniverse	22	fraction_universe	17
english	gebrochenuniversum_fractionaluniverse	22	fraction_universe	18
english	gebrochenuniversum_fractionaluniverse	22	fraction_universe	19
english	gebrochenuniversum_fractionaluniverse	22	fraction_universe	2
english	gebrochenuniversum_fractionaluniverse	22	fraction_universe	20
english	gebrochenuniversum_fractionaluniverse	22	fraction_universe	21
english	gebrochenuniversum_fractionaluniverse	22	fraction_universe	22
english	gebrochenuniversum_fractionaluniverse	22	fraction_universe	23
english	gebrochenuniversum_fractionaluniverse	22	fraction_universe	3
english	gebrochenuniversum_fractionaluniverse	22	fraction_universe	4
english	gebrochenuniversum_fractionaluniverse	22	fraction_universe	5
english	gebrochenuniversum_fractionaluniverse	22	fraction_universe	6
english	gebrochenuniversum_fractionaluniverse	22	fraction_universe	7
english	gebrochenuniversum_fractionaluniverse	22	fraction_universe	8
english	gebrochenuniversum_fractionaluniverse	22	fraction_universe	9
english	gebrochenuniversum_fractionaluniverse	23	fraction_universe	10
english	gebrochenuniversum_fractionaluniverse	23	fraction_universe	11
english	gebrochenuniversum_fractionaluniverse	23	fraction_universe	12
english	gebrochenuniversum_fractionaluniverse	23	fraction_universe	13
english	gebrochenuniversum_fractionaluniverse	23	fraction_universe	14
english	gebrochenuniversum_fractionaluniverse	23	fraction_universe	15
english	gebrochenuniversum_fractionaluniverse	23	fraction_universe	16
english	gebrochenuniversum_fractionaluniverse	23	fraction_universe	17
english	gebrochenuniversum_fractionaluniverse	23	fraction_universe	18
english	gebrochenuniversum_fractionaluniverse	23	fraction_universe	19
english	gebrochenuniversum_fractionaluniverse	23	fraction_universe	2
english	gebrochenuniversum_fractionaluniverse	23	fraction_universe	20
english	gebrochenuniversum_fractionaluniverse	23	fraction_universe	21
english	gebrochenuniversum_fractionaluniverse	23	fraction_universe	22
english	gebrochenuniversum_fractionaluniverse	23	fraction_universe	23
english	gebrochenuniversum_fractionaluniverse	23	fraction_universe	3
english	gebrochenuniversum_fractionaluniverse	23	fraction_universe	4
english	gebrochenuniversum_fractionaluniverse	23	fraction_universe	5
english	gebrochenuniversum_fractionaluniverse	23	fraction_universe	6
english	gebrochenuniversum_fractionaluniverse	23	fraction_universe	7
english	gebrochenuniversum_fractionaluniverse	23	fraction_universe	8
english	gebrochenuniversum_fractionaluniverse	23	fraction_universe	9
english	gebrochenuniversum_fractionaluniverse	3	fraction_universe	10
english	gebrochenuniversum_fractionaluniverse	3	fraction_universe	11
english	gebrochenuniversum_fractionaluniverse	3	fraction_universe	12
english	gebrochenuniversum_fractionaluniverse	3	fraction_universe	13
english	gebrochenuniversum_fractionaluniverse	3	fraction_universe	14
english	gebrochenuniversum_fractionaluniverse	3	fraction_universe	15
english	gebrochenuniversum_fractionaluniverse	3	fraction_universe	16
english	gebrochenuniversum_fractionaluniverse	3	fraction_universe	17
english	gebrochenuniversum_fractionaluniverse	3	fraction_universe	18
english	gebrochenuniversum_fractionaluniverse	3	fraction_universe	19
english	gebrochenuniversum_fractionaluniverse	3	fraction_universe	2
english	gebrochenuniversum_fractionaluniverse	3	fraction_universe	20
english	gebrochenuniversum_fractionaluniverse	3	fraction_universe	21
english	gebrochenuniversum_fractionaluniverse	3	fraction_universe	22
english	gebrochenuniversum_fractionaluniverse	3	fraction_universe	23
english	gebrochenuniversum_fractionaluniverse	3	fraction_universe	3
english	gebrochenuniversum_fractionaluniverse	3	fraction_universe	4
english	gebrochenuniversum_fractionaluniverse	3	fraction_universe	5
english	gebrochenuniversum_fractionaluniverse	3	fraction_universe	6
english	gebrochenuniversum_fractionaluniverse	3	fraction_universe	7
english	gebrochenuniversum_fractionaluniverse	3	fraction_universe	8
english	gebrochenuniversum_fractionaluniverse	3	fraction_universe	9
english	gebrochenuniversum_fractionaluniverse	4	fraction_universe	10
english	gebrochenuniversum_fractionaluniverse	4	fraction_universe	11
english	gebrochenuniversum_fractionaluniverse	4	fraction_universe	12
english	gebrochenuniversum_fractionaluniverse	4	fraction_universe	13
english	gebrochenuniversum_fractionaluniverse	4	fraction_universe	14
english	gebrochenuniversum_fractionaluniverse	4	fraction_universe	15
english	gebrochenuniversum_fractionaluniverse	4	fraction_universe	16
english	gebrochenuniversum_fractionaluniverse	4	fraction_universe	17
english	gebrochenuniversum_fractionaluniverse	4	fraction_universe	18
english	gebrochenuniversum_fractionaluniverse	4	fraction_universe	19
english	gebrochenuniversum_fractionaluniverse	4	fraction_universe	2
english	gebrochenuniversum_fractionaluniverse	4	fraction_universe	20
english	gebrochenuniversum_fractionaluniverse	4	fraction_universe	21
english	gebrochenuniversum_fractionaluniverse	4	fraction_universe	22
english	gebrochenuniversum_fractionaluniverse	4	fraction_universe	23
english	gebrochenuniversum_fractionaluniverse	4	fraction_universe	3
english	gebrochenuniversum_fractionaluniverse	4	fraction_universe	4
english	gebrochenuniversum_fractionaluniverse	4	fraction_universe	5
english	gebrochenuniversum_fractionaluniverse	4	fraction_universe	6
english	gebrochenuniversum_fractionaluniverse	4	fraction_universe	7
english	gebrochenuniversum_fractionaluniverse	4	fraction_universe	8
english	gebrochenuniversum_fractionaluniverse	4	fraction_universe	9
english	gebrochenuniversum_fractionaluniverse	5	fraction_universe	10
english	gebrochenuniversum_fractionaluniverse	5	fraction_universe	11
english	gebrochenuniversum_fractionaluniverse	5	fraction_universe	12
english	gebrochenuniversum_fractionaluniverse	5	fraction_universe	13
english	gebrochenuniversum_fractionaluniverse	5	fraction_universe	14
english	gebrochenuniversum_fractionaluniverse	5	fraction_universe	15
english	gebrochenuniversum_fractionaluniverse	5	fraction_universe	16
english	gebrochenuniversum_fractionaluniverse	5	fraction_universe	17
english	gebrochenuniversum_fractionaluniverse	5	fraction_universe	18
english	gebrochenuniversum_fractionaluniverse	5	fraction_universe	19
english	gebrochenuniversum_fractionaluniverse	5	fraction_universe	2
english	gebrochenuniversum_fractionaluniverse	5	fraction_universe	20
english	gebrochenuniversum_fractionaluniverse	5	fraction_universe	21
english	gebrochenuniversum_fractionaluniverse	5	fraction_universe	22
english	gebrochenuniversum_fractionaluniverse	5	fraction_universe	23
english	gebrochenuniversum_fractionaluniverse	5	fraction_universe	3
english	gebrochenuniversum_fractionaluniverse	5	fraction_universe	4
english	gebrochenuniversum_fractionaluniverse	5	fraction_universe	5
english	gebrochenuniversum_fractionaluniverse	5	fraction_universe	6
english	gebrochenuniversum_fractionaluniverse	5	fraction_universe	7
english	gebrochenuniversum_fractionaluniverse	5	fraction_universe	8
english	gebrochenuniversum_fractionaluniverse	5	fraction_universe	9
english	gebrochenuniversum_fractionaluniverse	6	fraction_universe	10
english	gebrochenuniversum_fractionaluniverse	6	fraction_universe	11
english	gebrochenuniversum_fractionaluniverse	6	fraction_universe	12
english	gebrochenuniversum_fractionaluniverse	6	fraction_universe	13
english	gebrochenuniversum_fractionaluniverse	6	fraction_universe	14
english	gebrochenuniversum_fractionaluniverse	6	fraction_universe	15
english	gebrochenuniversum_fractionaluniverse	6	fraction_universe	16
english	gebrochenuniversum_fractionaluniverse	6	fraction_universe	17
english	gebrochenuniversum_fractionaluniverse	6	fraction_universe	18
english	gebrochenuniversum_fractionaluniverse	6	fraction_universe	19
english	gebrochenuniversum_fractionaluniverse	6	fraction_universe	2
english	gebrochenuniversum_fractionaluniverse	6	fraction_universe	20
english	gebrochenuniversum_fractionaluniverse	6	fraction_universe	21
english	gebrochenuniversum_fractionaluniverse	6	fraction_universe	22
english	gebrochenuniversum_fractionaluniverse	6	fraction_universe	23
english	gebrochenuniversum_fractionaluniverse	6	fraction_universe	3
english	gebrochenuniversum_fractionaluniverse	6	fraction_universe	4
english	gebrochenuniversum_fractionaluniverse	6	fraction_universe	5
english	gebrochenuniversum_fractionaluniverse	6	fraction_universe	6
english	gebrochenuniversum_fractionaluniverse	6	fraction_universe	7
english	gebrochenuniversum_fractionaluniverse	6	fraction_universe	8
english	gebrochenuniversum_fractionaluniverse	6	fraction_universe	9
english	gebrochenuniversum_fractionaluniverse	7	fraction_universe	10
english	gebrochenuniversum_fractionaluniverse	7	fraction_universe	11
english	gebrochenuniversum_fractionaluniverse	7	fraction_universe	12
english	gebrochenuniversum_fractionaluniverse	7	fraction_universe	13
english	gebrochenuniversum_fractionaluniverse	7	fraction_universe	14
english	gebrochenuniversum_fractionaluniverse	7	fraction_universe	15
english	gebrochenuniversum_fractionaluniverse	7	fraction_universe	16
english	gebrochenuniversum_fractionaluniverse	7	fraction_universe	17
english	gebrochenuniversum_fractionaluniverse	7	fraction_universe	18
english	gebrochenuniversum_fractionaluniverse	7	fraction_universe	19
english	gebrochenuniversum_fractionaluniverse	7	fraction_universe	2
english	gebrochenuniversum_fractionaluniverse	7	fraction_universe	20
english	gebrochenuniversum_fractionaluniverse	7	fraction_universe	21
english	gebrochenuniversum_fractionaluniverse	7	fraction_universe	22
english	gebrochenuniversum_fractionaluniverse	7	fraction_universe	23
english	gebrochenuniversum_fractionaluniverse	7	fraction_universe	3
english	gebrochenuniversum_fractionaluniverse	7	fraction_universe	4
english	gebrochenuniversum_fractionaluniverse	7	fraction_universe	5
english	gebrochenuniversum_fractionaluniverse	7	fraction_universe	6
english	gebrochenuniversum_fractionaluniverse	7	fraction_universe	7
english	gebrochenuniversum_fractionaluniverse	7	fraction_universe	8
english	gebrochenuniversum_fractionaluniverse	7	fraction_universe	9
english	gebrochenuniversum_fractionaluniverse	8	fraction_universe	10
english	gebrochenuniversum_fractionaluniverse	8	fraction_universe	11
english	gebrochenuniversum_fractionaluniverse	8	fraction_universe	12
english	gebrochenuniversum_fractionaluniverse	8	fraction_universe	13
english	gebrochenuniversum_fractionaluniverse	8	fraction_universe	14
english	gebrochenuniversum_fractionaluniverse	8	fraction_universe	15
english	gebrochenuniversum_fractionaluniverse	8	fraction_universe	16
english	gebrochenuniversum_fractionaluniverse	8	fraction_universe	17
english	gebrochenuniversum_fractionaluniverse	8	fraction_universe	18
english	gebrochenuniversum_fractionaluniverse	8	fraction_universe	19
english	gebrochenuniversum_fractionaluniverse	8	fraction_universe	2
english	gebrochenuniversum_fractionaluniverse	8	fraction_universe	20
english	gebrochenuniversum_fractionaluniverse	8	fraction_universe	21
english	gebrochenuniversum_fractionaluniverse	8	fraction_universe	22
english	gebrochenuniversum_fractionaluniverse	8	fraction_universe	23
english	gebrochenuniversum_fractionaluniverse	8	fraction_universe	3
english	gebrochenuniversum_fractionaluniverse	8	fraction_universe	4
english	gebrochenuniversum_fractionaluniverse	8	fraction_universe	5
english	gebrochenuniversum_fractionaluniverse	8	fraction_universe	6
english	gebrochenuniversum_fractionaluniverse	8	fraction_universe	7
english	gebrochenuniversum_fractionaluniverse	8	fraction_universe	8
english	gebrochenuniversum_fractionaluniverse	8	fraction_universe	9
english	gebrochenuniversum_fractionaluniverse	9	fraction_universe	10
english	gebrochenuniversum_fractionaluniverse	9	fraction_universe	11
english	gebrochenuniversum_fractionaluniverse	9	fraction_universe	12
english	gebrochenuniversum_fractionaluniverse	9	fraction_universe	13
english	gebrochenuniversum_fractionaluniverse	9	fraction_universe	14
english	gebrochenuniversum_fractionaluniverse	9	fraction_universe	15
english	gebrochenuniversum_fractionaluniverse	9	fraction_universe	16
english	gebrochenuniversum_fractionaluniverse	9	fraction_universe	17
english	gebrochenuniversum_fractionaluniverse	9	fraction_universe	18
english	gebrochenuniversum_fractionaluniverse	9	fraction_universe	19
english	gebrochenuniversum_fractionaluniverse	9	fraction_universe	2
english	gebrochenuniversum_fractionaluniverse	9	fraction_universe	20
english	gebrochenuniversum_fractionaluniverse	9	fraction_universe	21
english	gebrochenuniversum_fractionaluniverse	9	fraction_universe	22
english	gebrochenuniversum_fractionaluniverse	9	fraction_universe	23
english	gebrochenuniversum_fractionaluniverse	9	fraction_universe	3
english	gebrochenuniversum_fractionaluniverse	9	fraction_universe	4
english	gebrochenuniversum_fractionaluniverse	9	fraction_universe	5
english	gebrochenuniversum_fractionaluniverse	9	fraction_universe	6
english	gebrochenuniversum_fractionaluniverse	9	fraction_universe	7
english	gebrochenuniversum_fractionaluniverse	9	fraction_universe	8
english	gebrochenuniversum_fractionaluniverse	9	fraction_universe	9
english	human	Morale	modal	216,221
english	human	altruism	modal	66,67
english	human	courteous	modal	224,225
english	human	egoism	modal	66,67
english	human	ethics	modal	121,122
english	human	honest	modal	224,225
english	human	honest_vs_polite	modal	224,225
english	human	love	modal	121,122
english	human	morality	modal	216,221
english	human	polite	modal	224,225
english	human	searchformeaning	modal	181,182
english	human	selflessness	modal	66,67
english	human	senseAndMeaning	modal	181,182
english	human	senseAndMeaningOfLife	modal	181,182
english	human	sense_and_meaning_of_life	modal	181,182
english	human	senseandmeaningoflife	modal	181,182
english	human	whymorals	modal	216,221
english	meaning	prime_cross_pro_contra	generated_command	primzahlkreuzprocontra
english	meaning	primecross	generated_command	primzahlkreuzprocontra
english	meta_vs_concrete_(universe)	beyond	meta	5,1
english	meta_vs_concrete_(universe)	beyond_that	meta	5,1
english	meta_vs_concrete_(universe)	business	meta	6,0
english	meta_vs_concrete_(universe)	changing	meta	4,1
english	meta_vs_concrete_(universe)	concrete	meta	2,1
english	meta_vs_concrete_(universe)	congestion	meta	4,0
english	meta_vs_concrete_(universe)	continuous	meta	5,1
english	meta_vs_concrete_(universe)	direction	meta	7,1
english	meta_vs_concrete_(universe)	discrete	meta	5,0
english	meta_vs_concrete_(universe)	enterprise	meta	6,0
english	meta_vs_concrete_(universe)	enterprise_business	meta	6,0
english	meta_vs_concrete_(universe)	flow	meta	4,1
english	meta_vs_concrete_(universe)	good	meta	7,1
english	meta_vs_concrete_(universe)	management	meta	4,0
english	meta_vs_concrete_(universe)	mastery	meta	7,0
english	meta_vs_concrete_(universe)	mathematical_discrete	meta	5,0
english	meta_vs_concrete_(universe)	meta	meta	2,0
english	meta_vs_concrete_(universe)	practice	meta	3,1
english	meta_vs_concrete_(universe)	rule	meta	7,0
english	meta_vs_concrete_(universe)	theory	meta	3,0
english	meta_vs_concrete_(universe)	valuable	meta	6,1
english	meta_vs_concrete_(universe)	value	meta	6,1
english	most_important_to_understand	Motifs_starpolygons	generated_command	primMotivStern
english	most_important_to_understand	fourthmostimportant	generated_command	primMotivStern
english	most_important_to_understand	secondmostimportant	prime_effect	10
english	mostimportanttounderstand	Motifs_starpolygons	generated_command	primMotivStern
english	mostimportanttounderstand	fourthmostimportant	generated_command	primMotivStern
english	mostimportanttounderstand	secondmostimportant	prime_effect	10
english	multiplications	Motifs_starpolygons	generated_command	primMotivStern
english	multiplications	described	generated_command	PrimCSV
english	multiplications	motifRegularPolygons	generated_command	primMotivGleichf
english	multiplications	motifRegularf	generated_command	primMotivGleichfGebr
english	multiplications	motifStar	generated_command	primMotivSternGebr
english	multiplications	motif_regular_polygons_fractioned-rational	generated_command	primMotivGleichfGebr
english	multiplications	motif_star_polygon_fractioned-rational	generated_command	primMotivSternGebr
english	multiplications	motifs_uniform_polygons	generated_command	primMotivGleichf
english	multiplications	structureRegularF	generated_command	primStrukGleichfGebr
english	multiplications	structureRegularPolygons	generated_command	primStrukGleichf
english	multiplications	structureStar	generated_command	primStrukStern
english	multiplications	structure_regular_polygons	generated_command	primStrukGleichf
english	multiplications	structure_regular_polygons_fractioned-rationall	generated_command	primStrukGleichfGebr
english	multiplications	structure_star_polygon_fractioned-rational	generated_command	primStrukSternGebr
english	multiplications	structure_star_polygons	generated_command	primStrukStern
english	multiplications	strukgebrstern	generated_command	primStrukSternGebr
english	prime_effect	Universe_Structurals_Transcendentals	prime_effect	5
english	prime_effect	against-against-structural	prime_effect	138
english	prime_effect	against-against-structurals	prime_effect	138
english	prime_effect	against-against-transcendentalism	prime_effect	138
english	prime_effect	counter-transcendental	prime_effect	138
english	prime_effect	direction_as_direction	prime_effect	
english	prime_effect	directiondirection	prime_effect	
english	prime_effect	galaxy	prime_effect	10
english	prime_effect	galaxyintention	prime_effect	10
english	prime_effect	galaxyreciprocal	prime_effect	42
english	prime_effect	intent	prime_effect	10
english	prime_effect	intentGalaxyReciprocal	prime_effect	42
english	prime_effect	intentReciprocal	prime_effect	42
english	prime_effect	intentionGalaxy	prime_effect	10
english	prime_effect	intention_reciprocal_galaxy	prime_effect	42
english	prime_effect	intentions	prime_effect	10
english	prime_effect	motifs	prime_effect	10
english	prime_effect	motive	prime_effect	10
english	prime_effect	motivereciprocal	prime_effect	42
english	prime_effect	neutral-versus-structural	prime_effect	202
english	prime_effect	neutralCounterTranscendentalism	prime_effect	202
english	prime_effect	neutral_against_transcendentalism	prime_effect	202
english	prime_effect	neutral_opposite_transcendentalia	prime_effect	202
english	prime_effect	neutralcounterstructuralism	prime_effect	202
english	prime_effect	reciprocalofintention	prime_effect	42
english	prime_effect	structuralReciprocal	prime_effect	131
english	prime_effect	structuralia	prime_effect	5
english	prime_effect	structuralreciprocal	prime_effect	131
english	prime_effect	structurals	prime_effect	5
english	prime_effect	transcendentalia	prime_effect	5
english	prime_effect	transcendentalreciprocal	prime_effect	131
english	prime_effect	transcendentals	prime_effect	5
english	prime_effect	universe	prime_effect	5
english	prime_effect	universeReciprocal	prime_effect	131
english	prime_effect	universe_reciprocal	prime_effect	131
english	primeeffect	Universe_Structurals_Transcendentals	prime_effect	5
english	primeeffect	against-against-structural	prime_effect	138
english	primeeffect	against-against-structurals	prime_effect	138
english	primeeffect	against-against-transcendentalism	prime_effect	138
english	primeeffect	counter-transcendental	prime_effect	138
english	primeeffect	direction_as_direction	prime_effect	
english	primeeffect	directiondirection	prime_effect	
english	primeeffect	galaxy	prime_effect	10
english	primeeffect	galaxyintention	prime_effect	10
english	primeeffect	galaxyreciprocal	prime_effect	42
english	primeeffect	intent	prime_effect	10
english	primeeffect	intentGalaxyReciprocal	prime_effect	42
english	primeeffect	intentReciprocal	prime_effect	42
english	primeeffect	intentionGalaxy	prime_effect	10
english	primeeffect	intention_reciprocal_galaxy	prime_effect	42
english	primeeffect	intentions	prime_effect	10
english	primeeffect	motifs	prime_effect	10
english	primeeffect	motive	prime_effect	10
english	primeeffect	motivereciprocal	prime_effect	42
english	primeeffect	neutral-versus-structural	prime_effect	202
english	primeeffect	neutralCounterTranscendentalism	prime_effect	202
english	primeeffect	neutral_against_transcendentalism	prime_effect	202
english	primeeffect	neutral_opposite_transcendentalia	prime_effect	202
english	primeeffect	neutralcounterstructuralism	prime_effect	202
english	primeeffect	reciprocalofintention	prime_effect	42
english	primeeffect	structuralReciprocal	prime_effect	131
english	primeeffect	structuralia	prime_effect	5
english	primeeffect	structuralreciprocal	prime_effect	131
english	primeeffect	structurals	prime_effect	5
english	primeeffect	transcendentalia	prime_effect	5
english	primeeffect	transcendentalreciprocal	prime_effect	131
english	primeeffect	transcendentals	prime_effect	5
english	primeeffect	universe	prime_effect	5
english	primeeffect	universeReciprocal	prime_effect	131
english	primeeffect	universe_reciprocal	prime_effect	131
english	pro_contra	prime_cross_pro_contra	generated_command	primzahlkreuzprocontra
english	pro_contra	primecross	generated_command	primzahlkreuzprocontra
english	procontra	prime_cross_pro_contra	generated_command	primzahlkreuzprocontra
english	procontra	primecross	generated_command	primzahlkreuzprocontra
english	properties	IAddiction	modal	274,275
english	properties	Iless	modal	238,239
english	properties	X-ray	modal	177,178
english	properties	affection	modal	247,248
english	properties	affection_dislike	modal	199,200
english	properties	affectionate	modal	199,200
english	properties	altruism	modal	66,67
english	properties	altruist	modal	66,67
english	properties	arrogance	modal	171,172
english	properties	arrogant	modal	171,172
english	properties	ass	modal	245,246
english	properties	asshole	modal	245,246
english	properties	authoritarian	modal	163,164
english	properties	averse	modal	199,200
english	properties	bad	modal	38,39
english	properties	cachetPrestigeValidity	modal	110,111
english	properties	causal	modal	110,111
english	properties	connect	modal	133,134
english	properties	cooperation	modal	245,246
english	properties	cooperation_vs_ass	modal	245,246
english	properties	courteous	modal	224,225
english	properties	denounce	modal	368,369
english	properties	dispute	modal	375,376
english	properties	egalitarian	modal	163,164
english	properties	egalitarianAuthoritarian	modal	163,164
english	properties	egalitarian_vs_authoritarian	modal	163,164
english	properties	ego	modal	277,278
english	properties	egoism	modal	66,67
english	properties	egoism_vs_altruism	modal	66,67
english	properties	egoist	modal	66,67
english	properties	encourage	modal	175,176
english	properties	encourage_sensitize_and_grant	modal	175,176
english	properties	engage_trust_denounce	modal	368,369
english	properties	equal	modal	192,193
english	properties	equality	modal	192,193
english	properties	evil	modal	38,39
english	properties	familial	modal	184,185
english	properties	familyneeds	modal	279,280
english	properties	friends	modal	184,185
english	properties	genesis	modal	110,111
english	properties	gentle_vs_hard	modal	159,160
english	properties	gentle_vs_hard	modal	161,162
english	properties	get_your_right	modal	291,292
english	properties	gettingNear	modal	179,180
english	properties	godly	modal	184,185
english	properties	gods_prophets_families_friends	modal	184,185
english	properties	good	modal	38,39
english	properties	good_evil_love_bad	modal	38,39
english	properties	hard	modal	159,160
english	properties	hard	modal	161,162
english	properties	honest	modal	224,225
english	properties	honest_vs_polite	modal	224,225
english	properties	honesty	modal	375,376
english	properties	honesty_and_contention	modal	375,376
english	properties	humble	modal	277,278
english	properties	idiot	modal	40,41
english	properties	illuminate	modal	177,178
english	properties	inclined	modal	199,200
english	properties	inferior	modal	380,381
english	properties	inferior_superior	modal	380,381
english	properties	invent	modal	258,259
english	properties	kind	modal	38,39
english	properties	latchOn	modal	258,259
english	properties	law	modal	291,292
english	properties	leadership	modal	173,174
english	properties	limit	modal	175,176
english	properties	love	modal	247,248
english	properties	love_etc	modal	247,248
english	properties	meaning	modal	181,182
english	properties	meaning_and_purpose_of_life	modal	181,182
english	properties	meta-wisdom	modal	40,41
english	properties	metawisdom	modal	40,41
english	properties	monotonous	modal	236,237
english	properties	morality	modal	179,180
english	properties	opinionintelligence	modal	151,152
english	properties	opinions	modal	60,61
english	properties	opinions_and_reputation	modal	60,61
english	properties	optimal	modal	40,41
english	properties	optimum	modal	40,41
english	properties	originintelligence	modal	151,152
english	properties	otherpeople	modal	60,61
english	properties	outnumber	modal	380,381
english	properties	polarityOfLove	modal	121,122
english	properties	polarity_of_love	modal	121,122
english	properties	polite	modal	224,225
english	properties	promote	modal	175,176
english	properties	prophets	modal	184,185
english	properties	purpose	modal	181,182
english	properties	raiseawareness	modal	175,176
english	properties	reputation	modal	60,61
english	properties	research	modal	258,259
english	properties	research_invention_engagement	modal	258,259
english	properties	reserved	modal	199,200
english	properties	rights	modal	291,292
english	properties	science	modal	258,259
english	properties	scope	modal	211,212
english	properties	selfishness	modal	274,275
english	properties	selfishness_wantingYourOwnI_etc	modal	274,275
english	properties	selfless	modal	238,239
english	properties	selflessness_Ilessness_etc	modal	238,239
english	properties	selfrighteous	modal	291,292
english	properties	senseAndMeaning	modal	181,182
english	properties	soft	modal	159,160
english	properties	soft	modal	161,162
english	properties	space	modal	49,50
english	properties	spatially	modal	49,50
english	properties	spoil	modal	175,176
english	properties	survival	modal	194,195
english	properties	survive	modal	194,195
english	properties	thrive	modal	175,176
english	properties	time	modal	49,50
english	properties	time_vs_space	modal	49,50
english	properties	trustMaintain	modal	368,369
english	properties	unite	modal	133,134
english	properties	uniteConnect	modal	133,134
english	properties	unite_vs_connect	modal	133,134
english	properties	unity	modal	133,134
english	properties	valuable	modal	186,187
english	properties	varied	modal	236,237
english	properties	varied_monotonous	modal	236,237
english	properties	wisdom	modal	40,41
english	properties	wisdom_etc	modal	40,41
english	properties	wise	modal	40,41
english	properties	worthless	modal	186,187
english	properties_1/n	Goodnessegoism	modal	362,363
english	properties_1/n	acceptance	modal	62,63
english	properties_1/n	align	modal	358,359
english	properties_1/n	align_setup	modal	358,359
english	properties_1/n	dignified	modal	373,374
english	properties_1/n	epistemology	modal	364,365
english	properties_1/n	exception	modal	371,372
english	properties_1/n	goodreciprocal	modal	362,363
english	properties_1/n	position	modal	362,363
english	properties_1/n	reflect	modal	364,365
english	properties_1/n	reflect_recognize	modal	364,365
english	properties_1/n	respect	modal	62,63
english	properties_1/n	rule	modal	371,372
english	properties_1/n	rule_vs_exception	modal	371,372
english	properties_1/n	tolerance	modal	62,63
english	properties_1/n	tolerance_respect_acceptance_welcome	modal	62,63
english	properties_1/n	trust_want	modal	366,367
english	properties_1/n	values	modal	360,361
english	properties_1/n	wantToTrust	modal	366,367
english	properties_1/n	welcome	modal	62,63
english	properties_1/n	worthy	modal	373,374
english	properties_n	IAddiction	modal	274,275
english	properties_n	Iless	modal	238,239
english	properties_n	X-ray	modal	177,178
english	properties_n	affection	modal	247,248
english	properties_n	affection_dislike	modal	199,200
english	properties_n	affectionate	modal	199,200
english	properties_n	altruism	modal	66,67
english	properties_n	altruist	modal	66,67
english	properties_n	arrogance	modal	171,172
english	properties_n	arrogant	modal	171,172
english	properties_n	ass	modal	245,246
english	properties_n	asshole	modal	245,246
english	properties_n	authoritarian	modal	163,164
english	properties_n	averse	modal	199,200
english	properties_n	bad	modal	38,39
english	properties_n	cachetPrestigeValidity	modal	110,111
english	properties_n	causal	modal	110,111
english	properties_n	connect	modal	133,134
english	properties_n	cooperation	modal	245,246
english	properties_n	cooperation_vs_ass	modal	245,246
english	properties_n	courteous	modal	224,225
english	properties_n	denounce	modal	368,369
english	properties_n	dispute	modal	375,376
english	properties_n	egalitarian	modal	163,164
english	properties_n	egalitarianAuthoritarian	modal	163,164
english	properties_n	egalitarian_vs_authoritarian	modal	163,164
english	properties_n	ego	modal	277,278
english	properties_n	egoism	modal	66,67
english	properties_n	egoism_vs_altruism	modal	66,67
english	properties_n	egoist	modal	66,67
english	properties_n	encourage	modal	175,176
english	properties_n	encourage_sensitize_and_grant	modal	175,176
english	properties_n	engage_trust_denounce	modal	368,369
english	properties_n	equal	modal	192,193
english	properties_n	equality	modal	192,193
english	properties_n	evil	modal	38,39
english	properties_n	familial	modal	184,185
english	properties_n	familyneeds	modal	279,280
english	properties_n	friends	modal	184,185
english	properties_n	genesis	modal	110,111
english	properties_n	gentle_vs_hard	modal	159,160
english	properties_n	gentle_vs_hard	modal	161,162
english	properties_n	get_your_right	modal	291,292
english	properties_n	gettingNear	modal	179,180
english	properties_n	godly	modal	184,185
english	properties_n	gods_prophets_families_friends	modal	184,185
english	properties_n	good	modal	38,39
english	properties_n	good_evil_love_bad	modal	38,39
english	properties_n	hard	modal	159,160
english	properties_n	hard	modal	161,162
english	properties_n	honest	modal	224,225
english	properties_n	honest_vs_polite	modal	224,225
english	properties_n	honesty	modal	375,376
english	properties_n	honesty_and_contention	modal	375,376
english	properties_n	humble	modal	277,278
english	properties_n	idiot	modal	40,41
english	properties_n	illuminate	modal	177,178
english	properties_n	inclined	modal	199,200
english	properties_n	inferior	modal	380,381
english	properties_n	inferior_superior	modal	380,381
english	properties_n	invent	modal	258,259
english	properties_n	kind	modal	38,39
english	properties_n	latchOn	modal	258,259
english	properties_n	law	modal	291,292
english	properties_n	leadership	modal	173,174
english	properties_n	limit	modal	175,176
english	properties_n	love	modal	247,248
english	properties_n	love_etc	modal	247,248
english	properties_n	meaning	modal	181,182
english	properties_n	meaning_and_purpose_of_life	modal	181,182
english	properties_n	meta-wisdom	modal	40,41
english	properties_n	metawisdom	modal	40,41
english	properties_n	monotonous	modal	236,237
english	properties_n	morality	modal	179,180
english	properties_n	opinionintelligence	modal	151,152
english	properties_n	opinions	modal	60,61
english	properties_n	opinions_and_reputation	modal	60,61
english	properties_n	optimal	modal	40,41
english	properties_n	optimum	modal	40,41
english	properties_n	originintelligence	modal	151,152
english	properties_n	otherpeople	modal	60,61
english	properties_n	outnumber	modal	380,381
english	properties_n	polarityOfLove	modal	121,122
english	properties_n	polarity_of_love	modal	121,122
english	properties_n	polite	modal	224,225
english	properties_n	promote	modal	175,176
english	properties_n	prophets	modal	184,185
english	properties_n	purpose	modal	181,182
english	properties_n	raiseawareness	modal	175,176
english	properties_n	reputation	modal	60,61
english	properties_n	research	modal	258,259
english	properties_n	research_invention_engagement	modal	258,259
english	properties_n	reserved	modal	199,200
english	properties_n	rights	modal	291,292
english	properties_n	science	modal	258,259
english	properties_n	scope	modal	211,212
english	properties_n	selfishness	modal	274,275
english	properties_n	selfishness_wantingYourOwnI_etc	modal	274,275
english	properties_n	selfless	modal	238,239
english	properties_n	selflessness_Ilessness_etc	modal	238,239
english	properties_n	selfrighteous	modal	291,292
english	properties_n	senseAndMeaning	modal	181,182
english	properties_n	soft	modal	159,160
english	properties_n	soft	modal	161,162
english	properties_n	space	modal	49,50
english	properties_n	spatially	modal	49,50
english	properties_n	spoil	modal	175,176
english	properties_n	survival	modal	194,195
english	properties_n	survive	modal	194,195
english	properties_n	thrive	modal	175,176
english	properties_n	time	modal	49,50
english	properties_n	time_vs_space	modal	49,50
english	properties_n	trustMaintain	modal	368,369
english	properties_n	unite	modal	133,134
english	properties_n	uniteConnect	modal	133,134
english	properties_n	unite_vs_connect	modal	133,134
english	properties_n	unity	modal	133,134
english	properties_n	valuable	modal	186,187
english	properties_n	varied	modal	236,237
english	properties_n	varied_monotonous	modal	236,237
english	properties_n	wisdom	modal	40,41
english	properties_n	wisdom_etc	modal	40,41
english	properties_n	wise	modal	40,41
english	properties_n	worthless	modal	186,187
english	property	IAddiction	modal	274,275
english	property	Iless	modal	238,239
english	property	X-ray	modal	177,178
english	property	affection	modal	247,248
english	property	affection_dislike	modal	199,200
english	property	affectionate	modal	199,200
english	property	altruism	modal	66,67
english	property	altruist	modal	66,67
english	property	arrogance	modal	171,172
english	property	arrogant	modal	171,172
english	property	ass	modal	245,246
english	property	asshole	modal	245,246
english	property	authoritarian	modal	163,164
english	property	averse	modal	199,200
english	property	bad	modal	38,39
english	property	cachetPrestigeValidity	modal	110,111
english	property	causal	modal	110,111
english	property	connect	modal	133,134
english	property	cooperation	modal	245,246
english	property	cooperation_vs_ass	modal	245,246
english	property	courteous	modal	224,225
english	property	denounce	modal	368,369
english	property	dispute	modal	375,376
english	property	egalitarian	modal	163,164
english	property	egalitarianAuthoritarian	modal	163,164
english	property	egalitarian_vs_authoritarian	modal	163,164
english	property	ego	modal	277,278
english	property	egoism	modal	66,67
english	property	egoism_vs_altruism	modal	66,67
english	property	egoist	modal	66,67
english	property	encourage	modal	175,176
english	property	encourage_sensitize_and_grant	modal	175,176
english	property	engage_trust_denounce	modal	368,369
english	property	equal	modal	192,193
english	property	equality	modal	192,193
english	property	evil	modal	38,39
english	property	familial	modal	184,185
english	property	familyneeds	modal	279,280
english	property	friends	modal	184,185
english	property	genesis	modal	110,111
english	property	gentle_vs_hard	modal	159,160
english	property	gentle_vs_hard	modal	161,162
english	property	get_your_right	modal	291,292
english	property	gettingNear	modal	179,180
english	property	godly	modal	184,185
english	property	gods_prophets_families_friends	modal	184,185
english	property	good	modal	38,39
english	property	good_evil_love_bad	modal	38,39
english	property	hard	modal	159,160
english	property	hard	modal	161,162
english	property	honest	modal	224,225
english	property	honest_vs_polite	modal	224,225
english	property	honesty	modal	375,376
english	property	honesty_and_contention	modal	375,376
english	property	humble	modal	277,278
english	property	idiot	modal	40,41
english	property	illuminate	modal	177,178
english	property	inclined	modal	199,200
english	property	inferior	modal	380,381
english	property	inferior_superior	modal	380,381
english	property	invent	modal	258,259
english	property	kind	modal	38,39
english	property	latchOn	modal	258,259
english	property	law	modal	291,292
english	property	leadership	modal	173,174
english	property	limit	modal	175,176
english	property	love	modal	247,248
english	property	love_etc	modal	247,248
english	property	meaning	modal	181,182
english	property	meaning_and_purpose_of_life	modal	181,182
english	property	meta-wisdom	modal	40,41
english	property	metawisdom	modal	40,41
english	property	monotonous	modal	236,237
english	property	morality	modal	179,180
english	property	opinionintelligence	modal	151,152
english	property	opinions	modal	60,61
english	property	opinions_and_reputation	modal	60,61
english	property	optimal	modal	40,41
english	property	optimum	modal	40,41
english	property	originintelligence	modal	151,152
english	property	otherpeople	modal	60,61
english	property	outnumber	modal	380,381
english	property	polarityOfLove	modal	121,122
english	property	polarity_of_love	modal	121,122
english	property	polite	modal	224,225
english	property	promote	modal	175,176
english	property	prophets	modal	184,185
english	property	purpose	modal	181,182
english	property	raiseawareness	modal	175,176
english	property	reputation	modal	60,61
english	property	research	modal	258,259
english	property	research_invention_engagement	modal	258,259
english	property	reserved	modal	199,200
english	property	rights	modal	291,292
english	property	science	modal	258,259
english	property	scope	modal	211,212
english	property	selfishness	modal	274,275
english	property	selfishness_wantingYourOwnI_etc	modal	274,275
english	property	selfless	modal	238,239
english	property	selflessness_Ilessness_etc	modal	238,239
english	property	selfrighteous	modal	291,292
english	property	senseAndMeaning	modal	181,182
english	property	soft	modal	159,160
english	property	soft	modal	161,162
english	property	space	modal	49,50
english	property	spatially	modal	49,50
english	property	spoil	modal	175,176
english	property	survival	modal	194,195
english	property	survive	modal	194,195
english	property	thrive	modal	175,176
english	property	time	modal	49,50
english	property	time_vs_space	modal	49,50
english	property	trustMaintain	modal	368,369
english	property	unite	modal	133,134
english	property	uniteConnect	modal	133,134
english	property	unite_vs_connect	modal	133,134
english	property	unity	modal	133,134
english	property	valuable	modal	186,187
english	property	varied	modal	236,237
english	property	varied_monotonous	modal	236,237
english	property	wisdom	modal	40,41
english	property	wisdom_etc	modal	40,41
english	property	wise	modal	40,41
english	property	worthless	modal	186,187
english	universeMetaConcrete	beyond	meta	5,1
english	universeMetaConcrete	beyond_that	meta	5,1
english	universeMetaConcrete	business	meta	6,0
english	universeMetaConcrete	changing	meta	4,1
english	universeMetaConcrete	concrete	meta	2,1
english	universeMetaConcrete	congestion	meta	4,0
english	universeMetaConcrete	continuous	meta	5,1
english	universeMetaConcrete	direction	meta	7,1
english	universeMetaConcrete	discrete	meta	5,0
english	universeMetaConcrete	enterprise	meta	6,0
english	universeMetaConcrete	enterprise_business	meta	6,0
english	universeMetaConcrete	flow	meta	4,1
english	universeMetaConcrete	good	meta	7,1
english	universeMetaConcrete	management	meta	4,0
english	universeMetaConcrete	mastery	meta	7,0
english	universeMetaConcrete	mathematical_discrete	meta	5,0
english	universeMetaConcrete	meta	meta	2,0
english	universeMetaConcrete	practice	meta	3,1
english	universeMetaConcrete	rule	meta	7,0
english	universeMetaConcrete	theory	meta	3,0
english	universeMetaConcrete	valuable	meta	6,1
english	universeMetaConcrete	value	meta	6,1
german	Bedeutung	Primzahlkreuz_pro_contra	generated_command	primzahlkreuzprocontra
german	Bedeutung	primzahlkreuz	generated_command	primzahlkreuzprocontra
german	Eigenschaften_1/n	Ausrichten_Einrichten	modal	358,359
german	Eigenschaften_1/n	Gutartigkeits-Egoismus	modal	362,363
german	Eigenschaften_1/n	Reflektieren_Erkenntnis-Erkennen	modal	364,365
german	Eigenschaften_1/n	Regel_vs_Ausnahme	modal	371,372
german	Eigenschaften_1/n	Toleranz_Respekt_Akzeptanz_Willkommen	modal	62,63
german	Eigenschaften_1/n	Vertrauen_wollen	modal	366,367
german	Eigenschaften_1/n	Werte	modal	360,361
german	Eigenschaften_1/n	Würdig	modal	373,374
german	Eigenschaften_1/n	akzeptanz	modal	62,63
german	Eigenschaften_1/n	ausnahme	modal	371,372
german	Eigenschaften_1/n	ausrichten	modal	358,359
german	Eigenschaften_1/n	einrichten	modal	358,359
german	Eigenschaften_1/n	erkenntnis	modal	364,365
german	Eigenschaften_1/n	gutesreziprok	modal	362,363
german	Eigenschaften_1/n	position	modal	362,363
german	Eigenschaften_1/n	reflektieren	modal	364,365
german	Eigenschaften_1/n	regel	modal	371,372
german	Eigenschaften_1/n	respekt	modal	62,63
german	Eigenschaften_1/n	toleranz	modal	62,63
german	Eigenschaften_1/n	vertrauenwollen	modal	366,367
german	Eigenschaften_1/n	werte	modal	360,361
german	Eigenschaften_1/n	willkommen	modal	62,63
german	Eigenschaften_1/n	wuerdig	modal	373,374
german	Eigenschaften_1/n	würdig	modal	373,374
german	Eigenschaften_n	Dein_Recht_bekommen	modal	291,292
german	Eigenschaften_n	Durchleuchten	modal	177,178
german	Eigenschaften_n	Egoismus_vs_Altruismus	modal	66,67
german	Eigenschaften_n	Ehrlichkeit_und_Streit	modal	375,376
german	Eigenschaften_n	Forschen_Erfinden_Einklinken	modal	258,259
german	Eigenschaften_n	Fördern_Sensiblisieren_und_Gedeihen	modal	175,176
german	Eigenschaften_n	Führung	modal	173,174
german	Eigenschaften_n	Gleichheit	modal	192,193
german	Eigenschaften_n	Götter_Propheten_Familien_Freunde	modal	184,185
german	Eigenschaften_n	Kooperation_vs_Arsch	modal	245,246
german	Eigenschaften_n	Liebe_usw	modal	247,248
german	Eigenschaften_n	Meinungen_und_Ruf	modal	60,61
german	Eigenschaften_n	Meinungsintelligenz	modal	151,152
german	Eigenschaften_n	Polung_der_Liebe	modal	121,122
german	Eigenschaften_n	Selbstlosigkeit_Ichlosigkeit_etc	modal	238,239
german	Eigenschaften_n	Selbstsucht_Ichsucht_etc	modal	274,275
german	Eigenschaften_n	Sinn_und_Zweck_des_Lebens	modal	181,182
german	Eigenschaften_n	Sittlichkeit	modal	179,180
german	Eigenschaften_n	Tragweite	modal	211,212
german	Eigenschaften_n	Weisheit_etc	modal	40,41
german	Eigenschaften_n	Zeit_vs_Raum	modal	49,50
german	Eigenschaften_n	Zuneigung_Abneigung	modal	199,200
german	Eigenschaften_n	abgeneigt	modal	199,200
german	Eigenschaften_n	altruismus	modal	66,67
german	Eigenschaften_n	altruist	modal	66,67
german	Eigenschaften_n	anderemenschen	modal	60,61
german	Eigenschaften_n	annaehrerung	modal	179,180
german	Eigenschaften_n	anprangern	modal	368,369
german	Eigenschaften_n	arsch	modal	245,246
german	Eigenschaften_n	arschloch	modal	245,246
german	Eigenschaften_n	autoritaer	modal	163,164
german	Eigenschaften_n	autoritär	modal	163,164
german	Eigenschaften_n	bedeutung	modal	181,182
german	Eigenschaften_n	begrenzen	modal	175,176
german	Eigenschaften_n	bescheiden	modal	277,278
german	Eigenschaften_n	boese	modal	38,39
german	Eigenschaften_n	böse	modal	38,39
german	Eigenschaften_n	durchleuchten	modal	177,178
german	Eigenschaften_n	egalitaer	modal	163,164
german	Eigenschaften_n	egalitaerautoritaer	modal	163,164
german	Eigenschaften_n	egalitär	modal	163,164
german	Eigenschaften_n	egalitär_vs_autoritär	modal	163,164
german	Eigenschaften_n	ego	modal	277,278
german	Eigenschaften_n	egoismus	modal	66,67
german	Eigenschaften_n	egoist	modal	66,67
german	Eigenschaften_n	ehrlich	modal	224,225
german	Eigenschaften_n	ehrlich_vs_höflich	modal	224,225
german	Eigenschaften_n	ehrlichkeit	modal	375,376
german	Eigenschaften_n	einheit	modal	133,134
german	Eigenschaften_n	einklinken	modal	258,259
german	Eigenschaften_n	einklinken_vertrauen_anprangern	modal	368,369
german	Eigenschaften_n	eintoenig	modal	236,237
german	Eigenschaften_n	eintönig	modal	236,237
german	Eigenschaften_n	erfinden	modal	258,259
german	Eigenschaften_n	erleuchten	modal	177,178
german	Eigenschaften_n	familiaer	modal	184,185
german	Eigenschaften_n	familiebrauchen	modal	279,280
german	Eigenschaften_n	foerdern	modal	175,176
german	Eigenschaften_n	forschen	modal	258,259
german	Eigenschaften_n	freunde	modal	184,185
german	Eigenschaften_n	fuehrung	modal	173,174
german	Eigenschaften_n	fördern	modal	175,176
german	Eigenschaften_n	führung	modal	173,174
german	Eigenschaften_n	gedeihen	modal	175,176
german	Eigenschaften_n	geltung	modal	110,111
german	Eigenschaften_n	genese	modal	110,111
german	Eigenschaften_n	gleich	modal	192,193
german	Eigenschaften_n	goettlich	modal	184,185
german	Eigenschaften_n	gut	modal	38,39
german	Eigenschaften_n	gut_böse_lieb_schlecht	modal	38,39
german	Eigenschaften_n	hart	modal	159,160
german	Eigenschaften_n	hart	modal	161,162
german	Eigenschaften_n	hoeflich	modal	224,225
german	Eigenschaften_n	höflich	modal	224,225
german	Eigenschaften_n	ichlos	modal	238,239
german	Eigenschaften_n	ichsucht	modal	274,275
german	Eigenschaften_n	idiot	modal	40,41
german	Eigenschaften_n	kausal	modal	110,111
german	Eigenschaften_n	kooperation	modal	245,246
german	Eigenschaften_n	lieb	modal	38,39
german	Eigenschaften_n	liebe	modal	247,248
german	Eigenschaften_n	liebepolung	modal	121,122
german	Eigenschaften_n	meinungen	modal	60,61
german	Eigenschaften_n	meinungsintelligenz	modal	151,152
german	Eigenschaften_n	meta-weisheit	modal	40,41
german	Eigenschaften_n	metaweisheit	modal	40,41
german	Eigenschaften_n	optimal	modal	40,41
german	Eigenschaften_n	optimum	modal	40,41
german	Eigenschaften_n	propheten	modal	184,185
german	Eigenschaften_n	raum	modal	49,50
german	Eigenschaften_n	recht	modal	291,292
german	Eigenschaften_n	rechte	modal	291,292
german	Eigenschaften_n	reserviert	modal	199,200
german	Eigenschaften_n	ruf	modal	60,61
german	Eigenschaften_n	räumlich	modal	49,50
german	Eigenschaften_n	sanft	modal	159,160
german	Eigenschaften_n	sanft	modal	161,162
german	Eigenschaften_n	sanft_vs_hart	modal	159,160
german	Eigenschaften_n	sanft_vs_hart	modal	161,162
german	Eigenschaften_n	schlecht	modal	38,39
german	Eigenschaften_n	selbstgerecht	modal	291,292
german	Eigenschaften_n	selbstlos	modal	238,239
german	Eigenschaften_n	selbstsucht	modal	274,275
german	Eigenschaften_n	sensibilisieren	modal	175,176
german	Eigenschaften_n	sinn	modal	181,182
german	Eigenschaften_n	sittlichkeit	modal	179,180
german	Eigenschaften_n	streit	modal	375,376
german	Eigenschaften_n	tragweite	modal	211,212
german	Eigenschaften_n	ueberheblich	modal	171,172
german	Eigenschaften_n	ueberheblichkeit	modal	171,172
german	Eigenschaften_n	ueberleben	modal	194,195
german	Eigenschaften_n	ueberlegen	modal	380,381
german	Eigenschaften_n	unterlegen	modal	380,381
german	Eigenschaften_n	unterlegen_überlegen	modal	380,381
german	Eigenschaften_n	ursprungsintelligenz	modal	151,152
german	Eigenschaften_n	variationsreich	modal	236,237
german	Eigenschaften_n	variationsreich_eintönig	modal	236,237
german	Eigenschaften_n	verbinden	modal	133,134
german	Eigenschaften_n	verbindung	modal	133,134
german	Eigenschaften_n	verderben	modal	175,176
german	Eigenschaften_n	vereinen	modal	133,134
german	Eigenschaften_n	vereinen_vs_verbinden	modal	133,134
german	Eigenschaften_n	vereinenverbinden	modal	133,134
german	Eigenschaften_n	vertrauenerhalten	modal	368,369
german	Eigenschaften_n	weise	modal	40,41
german	Eigenschaften_n	weisheit	modal	40,41
german	Eigenschaften_n	wertlos	modal	186,187
german	Eigenschaften_n	wertvoll	modal	186,187
german	Eigenschaften_n	wissenschaft	modal	258,259
german	Eigenschaften_n	zeit	modal	49,50
german	Eigenschaften_n	zeitlich	modal	49,50
german	Eigenschaften_n	zugeneigt	modal	199,200
german	Eigenschaften_n	zugewandt	modal	199,200
german	Eigenschaften_n	zuneigung	modal	247,248
german	Eigenschaften_n	zweck	modal	181,182
german	Eigenschaften_n	Überheblichkeit	modal	171,172
german	Eigenschaften_n	Überleben	modal	194,195
german	Eigenschaften_n	überheblich	modal	171,172
german	Eigenschaften_n	überheblichkeit	modal	171,172
german	Grundstrukturen	Liebe_(7)	modal	121,122
german	Grundstrukturen	liebe	modal	121,122
german	Grundstrukturen	nachvollziehen	generated_command	primzahlkreuzprocontra
german	Grundstrukturen	nachvollziehen_emotional_oder_geistig_durch_Primzahl-Kreuz-Algorithmus_(15)	generated_command	primzahlkreuzprocontra
german	Menschliches	Egoismus	modal	66,67
german	Menschliches	Liebe	modal	121,122
german	Menschliches	Moral	modal	216,221
german	Menschliches	Sinn_des_Lebens	modal	181,182
german	Menschliches	altruismus	modal	66,67
german	Menschliches	egoismus	modal	66,67
german	Menschliches	ehrlich	modal	224,225
german	Menschliches	ehrlich_vs_höflich	modal	224,225
german	Menschliches	ethik	modal	121,122
german	Menschliches	hoeflich	modal	224,225
german	Menschliches	höflich	modal	224,225
german	Menschliches	lebenssinn	modal	181,182
german	Menschliches	liebe	modal	121,122
german	Menschliches	moral	modal	216,221
german	Menschliches	selbstlosigkeit	modal	66,67
german	Menschliches	sinn	modal	181,182
german	Menschliches	sinndeslebens	modal	181,182
german	Menschliches	sinnsuche	modal	181,182
german	Menschliches	warummoral	modal	216,221
german	Meta_vs_Konkret_(Universum)	Beherrschen	meta	7,0
german	Meta_vs_Konkret_(Universum)	Management	meta	4,0
german	Meta_vs_Konkret_(Universum)	Praxis	meta	3,1
german	Meta_vs_Konkret_(Universum)	Richtung	meta	7,1
german	Meta_vs_Konkret_(Universum)	Theorie	meta	3,0
german	Meta_vs_Konkret_(Universum)	Unternehmung_Geschäft	meta	6,0
german	Meta_vs_Konkret_(Universum)	beherrschen	meta	7,0
german	Meta_vs_Konkret_(Universum)	darüber_hinausgehend	meta	5,1
german	Meta_vs_Konkret_(Universum)	diskret	meta	5,0
german	Meta_vs_Konkret_(Universum)	fluss	meta	4,1
german	Meta_vs_Konkret_(Universum)	ganzheitlich	meta	5,0
german	Meta_vs_Konkret_(Universum)	geschaeft	meta	6,0
german	Meta_vs_Konkret_(Universum)	geschäft	meta	6,0
german	Meta_vs_Konkret_(Universum)	gut	meta	7,1
german	Meta_vs_Konkret_(Universum)	hinausgehend	meta	5,1
german	Meta_vs_Konkret_(Universum)	konkret	meta	2,1
german	Meta_vs_Konkret_(Universum)	kontinuierlich	meta	5,1
german	Meta_vs_Konkret_(Universum)	management	meta	4,0
german	Meta_vs_Konkret_(Universum)	mathematisch_diskret	meta	5,0
german	Meta_vs_Konkret_(Universum)	meta	meta	2,0
german	Meta_vs_Konkret_(Universum)	praxis	meta	3,1
german	Meta_vs_Konkret_(Universum)	regieren	meta	7,0
german	Meta_vs_Konkret_(Universum)	richtung	meta	7,1
german	Meta_vs_Konkret_(Universum)	stau	meta	4,0
german	Meta_vs_Konkret_(Universum)	theorie	meta	3,0
german	Meta_vs_Konkret_(Universum)	unternehmen	meta	6,0
german	Meta_vs_Konkret_(Universum)	unternehmung	meta	6,0
german	Meta_vs_Konkret_(Universum)	veraendernd	meta	4,1
german	Meta_vs_Konkret_(Universum)	verändernd	meta	4,1
german	Meta_vs_Konkret_(Universum)	wert	meta	6,1
german	Meta_vs_Konkret_(Universum)	wertvoll	meta	6,1
german	Multiplikationen	Motiv_Sternpolygon_gebrochen-rational	generated_command	primMotivSternGebr
german	Multiplikationen	Motiv_gleichförmige_Polygone_gebrochen-rational	generated_command	primMotivGleichfGebr
german	Multiplikationen	Motive_Sternpolygone	generated_command	primMotivStern
german	Multiplikationen	Motive_gleichförmige_Polygone	generated_command	primMotivGleichf
german	Multiplikationen	Struktur_Sternpolygone	generated_command	primStrukStern
german	Multiplikationen	Struktur_Sternpolyon_gebrochen-rational	generated_command	primStrukSternGebr
german	Multiplikationen	Struktur_gleichförmige_Polygone	generated_command	primStrukGleichf
german	Multiplikationen	Struktur_gleichförmige_Polygone_gebrochen-rational	generated_command	primStrukGleichfGebr
german	Multiplikationen	beschrieben	generated_command	PrimCSV
german	Multiplikationen	motivgebrgleichf	generated_command	primMotivGleichfGebr
german	Multiplikationen	motivgebrstern	generated_command	primMotivSternGebr
german	Multiplikationen	motivgleichfoermig	generated_command	primMotivGleichf
german	Multiplikationen	motivstern	generated_command	primMotivStern
german	Multiplikationen	strukgebrgleichf	generated_command	primStrukGleichfGebr
german	Multiplikationen	strukgebrstern	generated_command	primStrukSternGebr
german	Multiplikationen	strukturgleichfoermig	generated_command	primStrukGleichf
german	Multiplikationen	strukturstern	generated_command	primStrukStern
german	Primzahlwirkung	Absicht_Reziproke_Galaxie	prime_effect	42
german	Primzahlwirkung	Dagegen-Gegentranszendentalie	prime_effect	138
german	Primzahlwirkung	Galaxieabsicht	prime_effect	10
german	Primzahlwirkung	Richtung_als_Richtung	prime_effect	
german	Primzahlwirkung	Universum_Reziproke	prime_effect	131
german	Primzahlwirkung	Universum_Strukturalien_Transzendentalien	prime_effect	5
german	Primzahlwirkung	absicht	prime_effect	10
german	Primzahlwirkung	absichten	prime_effect	10
german	Primzahlwirkung	absichtenreziproke	prime_effect	42
german	Primzahlwirkung	absichtgalaxie	prime_effect	10
german	Primzahlwirkung	absichtgalaxiereziproke	prime_effect	42
german	Primzahlwirkung	absichtreziproke	prime_effect	42
german	Primzahlwirkung	dagegengegenstrukturalie	prime_effect	138
german	Primzahlwirkung	dagegengegenstrukturalien	prime_effect	138
german	Primzahlwirkung	dagegengegentranszendentalie	prime_effect	138
german	Primzahlwirkung	dagegengegentranszendentalien	prime_effect	138
german	Primzahlwirkung	galaxie	prime_effect	10
german	Primzahlwirkung	galaxiereziproke	prime_effect	42
german	Primzahlwirkung	motiv	prime_effect	10
german	Primzahlwirkung	motive	prime_effect	10
german	Primzahlwirkung	motivereziproke	prime_effect	42
german	Primzahlwirkung	motivreziproke	prime_effect	42
german	Primzahlwirkung	neutrale_Gegentranszendentalie	prime_effect	202
german	Primzahlwirkung	neutralegegenstrukturalie	prime_effect	202
german	Primzahlwirkung	neutralegegenstrukturalien	prime_effect	202
german	Primzahlwirkung	neutralegegentranszendentalie	prime_effect	202
german	Primzahlwirkung	neutralegegentranszendentalien	prime_effect	202
german	Primzahlwirkung	richtungrichtung	prime_effect	
german	Primzahlwirkung	strukturalie	prime_effect	5
german	Primzahlwirkung	strukturalien	prime_effect	5
german	Primzahlwirkung	strukturalienreziproke	prime_effect	131
german	Primzahlwirkung	strukturaliereziproke	prime_effect	131
german	Primzahlwirkung	transzendentalie	prime_effect	5
german	Primzahlwirkung	transzendentalien	prime_effect	5
german	Primzahlwirkung	transzendentalienreziproke	prime_effect	131
german	Primzahlwirkung	transzendentaliereziproke	prime_effect	131
german	Primzahlwirkung	universum	prime_effect	5
german	Primzahlwirkung	universumreziproke	prime_effect	131
german	Pro_Contra	Primzahlkreuz_pro_contra	generated_command	primzahlkreuzprocontra
german	Pro_Contra	primzahlkreuz	generated_command	primzahlkreuzprocontra
german	Wichtigstes_zum_verstehen	Motive_Sternpolygone	generated_command	primMotivStern
german	Wichtigstes_zum_verstehen	Zweitwichtigste	prime_effect	10
german	Wichtigstes_zum_verstehen	viertwichtigste	generated_command	primMotivStern
german	Wichtigstes_zum_verstehen	zweitwichtigste	prime_effect	10
german	bedeutung	Primzahlkreuz_pro_contra	generated_command	primzahlkreuzprocontra
german	bedeutung	primzahlkreuz	generated_command	primzahlkreuzprocontra
german	dagegendafuer	Primzahlkreuz_pro_contra	generated_command	primzahlkreuzprocontra
german	dagegendafuer	primzahlkreuz	generated_command	primzahlkreuzprocontra
german	eigenschaft	Dein_Recht_bekommen	modal	291,292
german	eigenschaft	Durchleuchten	modal	177,178
german	eigenschaft	Egoismus_vs_Altruismus	modal	66,67
german	eigenschaft	Ehrlichkeit_und_Streit	modal	375,376
german	eigenschaft	Forschen_Erfinden_Einklinken	modal	258,259
german	eigenschaft	Fördern_Sensiblisieren_und_Gedeihen	modal	175,176
german	eigenschaft	Führung	modal	173,174
german	eigenschaft	Gleichheit	modal	192,193
german	eigenschaft	Götter_Propheten_Familien_Freunde	modal	184,185
german	eigenschaft	Kooperation_vs_Arsch	modal	245,246
german	eigenschaft	Liebe_usw	modal	247,248
german	eigenschaft	Meinungen_und_Ruf	modal	60,61
german	eigenschaft	Meinungsintelligenz	modal	151,152
german	eigenschaft	Polung_der_Liebe	modal	121,122
german	eigenschaft	Selbstlosigkeit_Ichlosigkeit_etc	modal	238,239
german	eigenschaft	Selbstsucht_Ichsucht_etc	modal	274,275
german	eigenschaft	Sinn_und_Zweck_des_Lebens	modal	181,182
german	eigenschaft	Sittlichkeit	modal	179,180
german	eigenschaft	Tragweite	modal	211,212
german	eigenschaft	Weisheit_etc	modal	40,41
german	eigenschaft	Zeit_vs_Raum	modal	49,50
german	eigenschaft	Zuneigung_Abneigung	modal	199,200
german	eigenschaft	abgeneigt	modal	199,200
german	eigenschaft	altruismus	modal	66,67
german	eigenschaft	altruist	modal	66,67
german	eigenschaft	anderemenschen	modal	60,61
german	eigenschaft	annaehrerung	modal	179,180
german	eigenschaft	anprangern	modal	368,369
german	eigenschaft	arsch	modal	245,246
german	eigenschaft	arschloch	modal	245,246
german	eigenschaft	autoritaer	modal	163,164
german	eigenschaft	autoritär	modal	163,164
german	eigenschaft	bedeutung	modal	181,182
german	eigenschaft	begrenzen	modal	175,176
german	eigenschaft	bescheiden	modal	277,278
german	eigenschaft	boese	modal	38,39
german	eigenschaft	böse	modal	38,39
german	eigenschaft	durchleuchten	modal	177,178
german	eigenschaft	egalitaer	modal	163,164
german	eigenschaft	egalitaerautoritaer	modal	163,164
german	eigenschaft	egalitär	modal	163,164
german	eigenschaft	egalitär_vs_autoritär	modal	163,164
german	eigenschaft	ego	modal	277,278
german	eigenschaft	egoismus	modal	66,67
german	eigenschaft	egoist	modal	66,67
german	eigenschaft	ehrlich	modal	224,225
german	eigenschaft	ehrlich_vs_höflich	modal	224,225
german	eigenschaft	ehrlichkeit	modal	375,376
german	eigenschaft	einheit	modal	133,134
german	eigenschaft	einklinken	modal	258,259
german	eigenschaft	einklinken_vertrauen_anprangern	modal	368,369
german	eigenschaft	eintoenig	modal	236,237
german	eigenschaft	eintönig	modal	236,237
german	eigenschaft	erfinden	modal	258,259
german	eigenschaft	erleuchten	modal	177,178
german	eigenschaft	familiaer	modal	184,185
german	eigenschaft	familiebrauchen	modal	279,280
german	eigenschaft	foerdern	modal	175,176
german	eigenschaft	forschen	modal	258,259
german	eigenschaft	freunde	modal	184,185
german	eigenschaft	fuehrung	modal	173,174
german	eigenschaft	fördern	modal	175,176
german	eigenschaft	führung	modal	173,174
german	eigenschaft	gedeihen	modal	175,176
german	eigenschaft	geltung	modal	110,111
german	eigenschaft	genese	modal	110,111
german	eigenschaft	gleich	modal	192,193
german	eigenschaft	goettlich	modal	184,185
german	eigenschaft	gut	modal	38,39
german	eigenschaft	gut_böse_lieb_schlecht	modal	38,39
german	eigenschaft	hart	modal	159,160
german	eigenschaft	hart	modal	161,162
german	eigenschaft	hoeflich	modal	224,225
german	eigenschaft	höflich	modal	224,225
german	eigenschaft	ichlos	modal	238,239
german	eigenschaft	ichsucht	modal	274,275
german	eigenschaft	idiot	modal	40,41
german	eigenschaft	kausal	modal	110,111
german	eigenschaft	kooperation	modal	245,246
german	eigenschaft	lieb	modal	38,39
german	eigenschaft	liebe	modal	247,248
german	eigenschaft	liebepolung	modal	121,122
german	eigenschaft	meinungen	modal	60,61
german	eigenschaft	meinungsintelligenz	modal	151,152
german	eigenschaft	meta-weisheit	modal	40,41
german	eigenschaft	metaweisheit	modal	40,41
german	eigenschaft	optimal	modal	40,41
german	eigenschaft	optimum	modal	40,41
german	eigenschaft	propheten	modal	184,185
german	eigenschaft	raum	modal	49,50
german	eigenschaft	recht	modal	291,292
german	eigenschaft	rechte	modal	291,292
german	eigenschaft	reserviert	modal	199,200
german	eigenschaft	ruf	modal	60,61
german	eigenschaft	räumlich	modal	49,50
german	eigenschaft	sanft	modal	159,160
german	eigenschaft	sanft	modal	161,162
german	eigenschaft	sanft_vs_hart	modal	159,160
german	eigenschaft	sanft_vs_hart	modal	161,162
german	eigenschaft	schlecht	modal	38,39
german	eigenschaft	selbstgerecht	modal	291,292
german	eigenschaft	selbstlos	modal	238,239
german	eigenschaft	selbstsucht	modal	274,275
german	eigenschaft	sensibilisieren	modal	175,176
german	eigenschaft	sinn	modal	181,182
german	eigenschaft	sittlichkeit	modal	179,180
german	eigenschaft	streit	modal	375,376
german	eigenschaft	tragweite	modal	211,212
german	eigenschaft	ueberheblich	modal	171,172
german	eigenschaft	ueberheblichkeit	modal	171,172
german	eigenschaft	ueberleben	modal	194,195
german	eigenschaft	ueberlegen	modal	380,381
german	eigenschaft	unterlegen	modal	380,381
german	eigenschaft	unterlegen_überlegen	modal	380,381
german	eigenschaft	ursprungsintelligenz	modal	151,152
german	eigenschaft	variationsreich	modal	236,237
german	eigenschaft	variationsreich_eintönig	modal	236,237
german	eigenschaft	verbinden	modal	133,134
german	eigenschaft	verbindung	modal	133,134
german	eigenschaft	verderben	modal	175,176
german	eigenschaft	vereinen	modal	133,134
german	eigenschaft	vereinen_vs_verbinden	modal	133,134
german	eigenschaft	vereinenverbinden	modal	133,134
german	eigenschaft	vertrauenerhalten	modal	368,369
german	eigenschaft	weise	modal	40,41
german	eigenschaft	weisheit	modal	40,41
german	eigenschaft	wertlos	modal	186,187
german	eigenschaft	wertvoll	modal	186,187
german	eigenschaft	wissenschaft	modal	258,259
german	eigenschaft	zeit	modal	49,50
german	eigenschaft	zeitlich	modal	49,50
german	eigenschaft	zugeneigt	modal	199,200
german	eigenschaft	zugewandt	modal	199,200
german	eigenschaft	zuneigung	modal	247,248
german	eigenschaft	zweck	modal	181,182
german	eigenschaft	Überheblichkeit	modal	171,172
german	eigenschaft	Überleben	modal	194,195
german	eigenschaft	überheblich	modal	171,172
german	eigenschaft	überheblichkeit	modal	171,172
german	eigenschaften	Dein_Recht_bekommen	modal	291,292
german	eigenschaften	Durchleuchten	modal	177,178
german	eigenschaften	Egoismus_vs_Altruismus	modal	66,67
german	eigenschaften	Ehrlichkeit_und_Streit	modal	375,376
german	eigenschaften	Forschen_Erfinden_Einklinken	modal	258,259
german	eigenschaften	Fördern_Sensiblisieren_und_Gedeihen	modal	175,176
german	eigenschaften	Führung	modal	173,174
german	eigenschaften	Gleichheit	modal	192,193
german	eigenschaften	Götter_Propheten_Familien_Freunde	modal	184,185
german	eigenschaften	Kooperation_vs_Arsch	modal	245,246
german	eigenschaften	Liebe_usw	modal	247,248
german	eigenschaften	Meinungen_und_Ruf	modal	60,61
german	eigenschaften	Meinungsintelligenz	modal	151,152
german	eigenschaften	Polung_der_Liebe	modal	121,122
german	eigenschaften	Selbstlosigkeit_Ichlosigkeit_etc	modal	238,239
german	eigenschaften	Selbstsucht_Ichsucht_etc	modal	274,275
german	eigenschaften	Sinn_und_Zweck_des_Lebens	modal	181,182
german	eigenschaften	Sittlichkeit	modal	179,180
german	eigenschaften	Tragweite	modal	211,212
german	eigenschaften	Weisheit_etc	modal	40,41
german	eigenschaften	Zeit_vs_Raum	modal	49,50
german	eigenschaften	Zuneigung_Abneigung	modal	199,200
german	eigenschaften	abgeneigt	modal	199,200
german	eigenschaften	altruismus	modal	66,67
german	eigenschaften	altruist	modal	66,67
german	eigenschaften	anderemenschen	modal	60,61
german	eigenschaften	annaehrerung	modal	179,180
german	eigenschaften	anprangern	modal	368,369
german	eigenschaften	arsch	modal	245,246
german	eigenschaften	arschloch	modal	245,246
german	eigenschaften	autoritaer	modal	163,164
german	eigenschaften	autoritär	modal	163,164
german	eigenschaften	bedeutung	modal	181,182
german	eigenschaften	begrenzen	modal	175,176
german	eigenschaften	bescheiden	modal	277,278
german	eigenschaften	boese	modal	38,39
german	eigenschaften	böse	modal	38,39
german	eigenschaften	durchleuchten	modal	177,178
german	eigenschaften	egalitaer	modal	163,164
german	eigenschaften	egalitaerautoritaer	modal	163,164
german	eigenschaften	egalitär	modal	163,164
german	eigenschaften	egalitär_vs_autoritär	modal	163,164
german	eigenschaften	ego	modal	277,278
german	eigenschaften	egoismus	modal	66,67
german	eigenschaften	egoist	modal	66,67
german	eigenschaften	ehrlich	modal	224,225
german	eigenschaften	ehrlich_vs_höflich	modal	224,225
german	eigenschaften	ehrlichkeit	modal	375,376
german	eigenschaften	einheit	modal	133,134
german	eigenschaften	einklinken	modal	258,259
german	eigenschaften	einklinken_vertrauen_anprangern	modal	368,369
german	eigenschaften	eintoenig	modal	236,237
german	eigenschaften	eintönig	modal	236,237
german	eigenschaften	erfinden	modal	258,259
german	eigenschaften	erleuchten	modal	177,178
german	eigenschaften	familiaer	modal	184,185
german	eigenschaften	familiebrauchen	modal	279,280
german	eigenschaften	foerdern	modal	175,176
german	eigenschaften	forschen	modal	258,259
german	eigenschaften	freunde	modal	184,185
german	eigenschaften	fuehrung	modal	173,174
german	eigenschaften	fördern	modal	175,176
german	eigenschaften	führung	modal	173,174
german	eigenschaften	gedeihen	modal	175,176
german	eigenschaften	geltung	modal	110,111
german	eigenschaften	genese	modal	110,111
german	eigenschaften	gleich	modal	192,193
german	eigenschaften	goettlich	modal	184,185
german	eigenschaften	gut	modal	38,39
german	eigenschaften	gut_böse_lieb_schlecht	modal	38,39
german	eigenschaften	hart	modal	159,160
german	eigenschaften	hart	modal	161,162
german	eigenschaften	hoeflich	modal	224,225
german	eigenschaften	höflich	modal	224,225
german	eigenschaften	ichlos	modal	238,239
german	eigenschaften	ichsucht	modal	274,275
german	eigenschaften	idiot	modal	40,41
german	eigenschaften	kausal	modal	110,111
german	eigenschaften	kooperation	modal	245,246
german	eigenschaften	lieb	modal	38,39
german	eigenschaften	liebe	modal	247,248
german	eigenschaften	liebepolung	modal	121,122
german	eigenschaften	meinungen	modal	60,61
german	eigenschaften	meinungsintelligenz	modal	151,152
german	eigenschaften	meta-weisheit	modal	40,41
german	eigenschaften	metaweisheit	modal	40,41
german	eigenschaften	optimal	modal	40,41
german	eigenschaften	optimum	modal	40,41
german	eigenschaften	propheten	modal	184,185
german	eigenschaften	raum	modal	49,50
german	eigenschaften	recht	modal	291,292
german	eigenschaften	rechte	modal	291,292
german	eigenschaften	reserviert	modal	199,200
german	eigenschaften	ruf	modal	60,61
german	eigenschaften	räumlich	modal	49,50
german	eigenschaften	sanft	modal	159,160
german	eigenschaften	sanft	modal	161,162
german	eigenschaften	sanft_vs_hart	modal	159,160
german	eigenschaften	sanft_vs_hart	modal	161,162
german	eigenschaften	schlecht	modal	38,39
german	eigenschaften	selbstgerecht	modal	291,292
german	eigenschaften	selbstlos	modal	238,239
german	eigenschaften	selbstsucht	modal	274,275
german	eigenschaften	sensibilisieren	modal	175,176
german	eigenschaften	sinn	modal	181,182
german	eigenschaften	sittlichkeit	modal	179,180
german	eigenschaften	streit	modal	375,376
german	eigenschaften	tragweite	modal	211,212
german	eigenschaften	ueberheblich	modal	171,172
german	eigenschaften	ueberheblichkeit	modal	171,172
german	eigenschaften	ueberleben	modal	194,195
german	eigenschaften	ueberlegen	modal	380,381
german	eigenschaften	unterlegen	modal	380,381
german	eigenschaften	unterlegen_überlegen	modal	380,381
german	eigenschaften	ursprungsintelligenz	modal	151,152
german	eigenschaften	variationsreich	modal	236,237
german	eigenschaften	variationsreich_eintönig	modal	236,237
german	eigenschaften	verbinden	modal	133,134
german	eigenschaften	verbindung	modal	133,134
german	eigenschaften	verderben	modal	175,176
german	eigenschaften	vereinen	modal	133,134
german	eigenschaften	vereinen_vs_verbinden	modal	133,134
german	eigenschaften	vereinenverbinden	modal	133,134
german	eigenschaften	vertrauenerhalten	modal	368,369
german	eigenschaften	weise	modal	40,41
german	eigenschaften	weisheit	modal	40,41
german	eigenschaften	wertlos	modal	186,187
german	eigenschaften	wertvoll	modal	186,187
german	eigenschaften	wissenschaft	modal	258,259
german	eigenschaften	zeit	modal	49,50
german	eigenschaften	zeitlich	modal	49,50
german	eigenschaften	zugeneigt	modal	199,200
german	eigenschaften	zugewandt	modal	199,200
german	eigenschaften	zuneigung	modal	247,248
german	eigenschaften	zweck	modal	181,182
german	eigenschaften	Überheblichkeit	modal	171,172
german	eigenschaften	Überleben	modal	194,195
german	eigenschaften	überheblich	modal	171,172
german	eigenschaften	überheblichkeit	modal	171,172
german	gebrochen-rational_Galaxie_n/m	10	fraction_galaxy	10
german	gebrochen-rational_Galaxie_n/m	10	fraction_galaxy	11
german	gebrochen-rational_Galaxie_n/m	10	fraction_galaxy	12
german	gebrochen-rational_Galaxie_n/m	10	fraction_galaxy	13
german	gebrochen-rational_Galaxie_n/m	10	fraction_galaxy	14
german	gebrochen-rational_Galaxie_n/m	10	fraction_galaxy	15
german	gebrochen-rational_Galaxie_n/m	10	fraction_galaxy	16
german	gebrochen-rational_Galaxie_n/m	10	fraction_galaxy	17
german	gebrochen-rational_Galaxie_n/m	10	fraction_galaxy	18
german	gebrochen-rational_Galaxie_n/m	10	fraction_galaxy	19
german	gebrochen-rational_Galaxie_n/m	10	fraction_galaxy	2
german	gebrochen-rational_Galaxie_n/m	10	fraction_galaxy	20
german	gebrochen-rational_Galaxie_n/m	10	fraction_galaxy	21
german	gebrochen-rational_Galaxie_n/m	10	fraction_galaxy	22
german	gebrochen-rational_Galaxie_n/m	10	fraction_galaxy	23
german	gebrochen-rational_Galaxie_n/m	10	fraction_galaxy	3
german	gebrochen-rational_Galaxie_n/m	10	fraction_galaxy	4
german	gebrochen-rational_Galaxie_n/m	10	fraction_galaxy	5
german	gebrochen-rational_Galaxie_n/m	10	fraction_galaxy	6
german	gebrochen-rational_Galaxie_n/m	10	fraction_galaxy	7
german	gebrochen-rational_Galaxie_n/m	10	fraction_galaxy	8
german	gebrochen-rational_Galaxie_n/m	10	fraction_galaxy	9
german	gebrochen-rational_Galaxie_n/m	11	fraction_galaxy	10
german	gebrochen-rational_Galaxie_n/m	11	fraction_galaxy	11
german	gebrochen-rational_Galaxie_n/m	11	fraction_galaxy	12
german	gebrochen-rational_Galaxie_n/m	11	fraction_galaxy	13
german	gebrochen-rational_Galaxie_n/m	11	fraction_galaxy	14
german	gebrochen-rational_Galaxie_n/m	11	fraction_galaxy	15
german	gebrochen-rational_Galaxie_n/m	11	fraction_galaxy	16
german	gebrochen-rational_Galaxie_n/m	11	fraction_galaxy	17
german	gebrochen-rational_Galaxie_n/m	11	fraction_galaxy	18
german	gebrochen-rational_Galaxie_n/m	11	fraction_galaxy	19
german	gebrochen-rational_Galaxie_n/m	11	fraction_galaxy	2
german	gebrochen-rational_Galaxie_n/m	11	fraction_galaxy	20
german	gebrochen-rational_Galaxie_n/m	11	fraction_galaxy	21
german	gebrochen-rational_Galaxie_n/m	11	fraction_galaxy	22
german	gebrochen-rational_Galaxie_n/m	11	fraction_galaxy	23
german	gebrochen-rational_Galaxie_n/m	11	fraction_galaxy	3
german	gebrochen-rational_Galaxie_n/m	11	fraction_galaxy	4
german	gebrochen-rational_Galaxie_n/m	11	fraction_galaxy	5
german	gebrochen-rational_Galaxie_n/m	11	fraction_galaxy	6
german	gebrochen-rational_Galaxie_n/m	11	fraction_galaxy	7
german	gebrochen-rational_Galaxie_n/m	11	fraction_galaxy	8
german	gebrochen-rational_Galaxie_n/m	11	fraction_galaxy	9
german	gebrochen-rational_Galaxie_n/m	12	fraction_galaxy	10
german	gebrochen-rational_Galaxie_n/m	12	fraction_galaxy	11
german	gebrochen-rational_Galaxie_n/m	12	fraction_galaxy	12
german	gebrochen-rational_Galaxie_n/m	12	fraction_galaxy	13
german	gebrochen-rational_Galaxie_n/m	12	fraction_galaxy	14
german	gebrochen-rational_Galaxie_n/m	12	fraction_galaxy	15
german	gebrochen-rational_Galaxie_n/m	12	fraction_galaxy	16
german	gebrochen-rational_Galaxie_n/m	12	fraction_galaxy	17
german	gebrochen-rational_Galaxie_n/m	12	fraction_galaxy	18
german	gebrochen-rational_Galaxie_n/m	12	fraction_galaxy	19
german	gebrochen-rational_Galaxie_n/m	12	fraction_galaxy	2
german	gebrochen-rational_Galaxie_n/m	12	fraction_galaxy	20
german	gebrochen-rational_Galaxie_n/m	12	fraction_galaxy	21
german	gebrochen-rational_Galaxie_n/m	12	fraction_galaxy	22
german	gebrochen-rational_Galaxie_n/m	12	fraction_galaxy	23
german	gebrochen-rational_Galaxie_n/m	12	fraction_galaxy	3
german	gebrochen-rational_Galaxie_n/m	12	fraction_galaxy	4
german	gebrochen-rational_Galaxie_n/m	12	fraction_galaxy	5
german	gebrochen-rational_Galaxie_n/m	12	fraction_galaxy	6
german	gebrochen-rational_Galaxie_n/m	12	fraction_galaxy	7
german	gebrochen-rational_Galaxie_n/m	12	fraction_galaxy	8
german	gebrochen-rational_Galaxie_n/m	12	fraction_galaxy	9
german	gebrochen-rational_Galaxie_n/m	13	fraction_galaxy	10
german	gebrochen-rational_Galaxie_n/m	13	fraction_galaxy	11
german	gebrochen-rational_Galaxie_n/m	13	fraction_galaxy	12
german	gebrochen-rational_Galaxie_n/m	13	fraction_galaxy	13
german	gebrochen-rational_Galaxie_n/m	13	fraction_galaxy	14
german	gebrochen-rational_Galaxie_n/m	13	fraction_galaxy	15
german	gebrochen-rational_Galaxie_n/m	13	fraction_galaxy	16
german	gebrochen-rational_Galaxie_n/m	13	fraction_galaxy	17
german	gebrochen-rational_Galaxie_n/m	13	fraction_galaxy	18
german	gebrochen-rational_Galaxie_n/m	13	fraction_galaxy	19
german	gebrochen-rational_Galaxie_n/m	13	fraction_galaxy	2
german	gebrochen-rational_Galaxie_n/m	13	fraction_galaxy	20
german	gebrochen-rational_Galaxie_n/m	13	fraction_galaxy	21
german	gebrochen-rational_Galaxie_n/m	13	fraction_galaxy	22
german	gebrochen-rational_Galaxie_n/m	13	fraction_galaxy	23
german	gebrochen-rational_Galaxie_n/m	13	fraction_galaxy	3
german	gebrochen-rational_Galaxie_n/m	13	fraction_galaxy	4
german	gebrochen-rational_Galaxie_n/m	13	fraction_galaxy	5
german	gebrochen-rational_Galaxie_n/m	13	fraction_galaxy	6
german	gebrochen-rational_Galaxie_n/m	13	fraction_galaxy	7
german	gebrochen-rational_Galaxie_n/m	13	fraction_galaxy	8
german	gebrochen-rational_Galaxie_n/m	13	fraction_galaxy	9
german	gebrochen-rational_Galaxie_n/m	14	fraction_galaxy	10
german	gebrochen-rational_Galaxie_n/m	14	fraction_galaxy	11
german	gebrochen-rational_Galaxie_n/m	14	fraction_galaxy	12
german	gebrochen-rational_Galaxie_n/m	14	fraction_galaxy	13
german	gebrochen-rational_Galaxie_n/m	14	fraction_galaxy	14
german	gebrochen-rational_Galaxie_n/m	14	fraction_galaxy	15
german	gebrochen-rational_Galaxie_n/m	14	fraction_galaxy	16
german	gebrochen-rational_Galaxie_n/m	14	fraction_galaxy	17
german	gebrochen-rational_Galaxie_n/m	14	fraction_galaxy	18
german	gebrochen-rational_Galaxie_n/m	14	fraction_galaxy	19
german	gebrochen-rational_Galaxie_n/m	14	fraction_galaxy	2
german	gebrochen-rational_Galaxie_n/m	14	fraction_galaxy	20
german	gebrochen-rational_Galaxie_n/m	14	fraction_galaxy	21
german	gebrochen-rational_Galaxie_n/m	14	fraction_galaxy	22
german	gebrochen-rational_Galaxie_n/m	14	fraction_galaxy	23
german	gebrochen-rational_Galaxie_n/m	14	fraction_galaxy	3
german	gebrochen-rational_Galaxie_n/m	14	fraction_galaxy	4
german	gebrochen-rational_Galaxie_n/m	14	fraction_galaxy	5
german	gebrochen-rational_Galaxie_n/m	14	fraction_galaxy	6
german	gebrochen-rational_Galaxie_n/m	14	fraction_galaxy	7
german	gebrochen-rational_Galaxie_n/m	14	fraction_galaxy	8
german	gebrochen-rational_Galaxie_n/m	14	fraction_galaxy	9
german	gebrochen-rational_Galaxie_n/m	15	fraction_galaxy	10
german	gebrochen-rational_Galaxie_n/m	15	fraction_galaxy	11
german	gebrochen-rational_Galaxie_n/m	15	fraction_galaxy	12
german	gebrochen-rational_Galaxie_n/m	15	fraction_galaxy	13
german	gebrochen-rational_Galaxie_n/m	15	fraction_galaxy	14
german	gebrochen-rational_Galaxie_n/m	15	fraction_galaxy	15
german	gebrochen-rational_Galaxie_n/m	15	fraction_galaxy	16
german	gebrochen-rational_Galaxie_n/m	15	fraction_galaxy	17
german	gebrochen-rational_Galaxie_n/m	15	fraction_galaxy	18
german	gebrochen-rational_Galaxie_n/m	15	fraction_galaxy	19
german	gebrochen-rational_Galaxie_n/m	15	fraction_galaxy	2
german	gebrochen-rational_Galaxie_n/m	15	fraction_galaxy	20
german	gebrochen-rational_Galaxie_n/m	15	fraction_galaxy	21
german	gebrochen-rational_Galaxie_n/m	15	fraction_galaxy	22
german	gebrochen-rational_Galaxie_n/m	15	fraction_galaxy	23
german	gebrochen-rational_Galaxie_n/m	15	fraction_galaxy	3
german	gebrochen-rational_Galaxie_n/m	15	fraction_galaxy	4
german	gebrochen-rational_Galaxie_n/m	15	fraction_galaxy	5
german	gebrochen-rational_Galaxie_n/m	15	fraction_galaxy	6
german	gebrochen-rational_Galaxie_n/m	15	fraction_galaxy	7
german	gebrochen-rational_Galaxie_n/m	15	fraction_galaxy	8
german	gebrochen-rational_Galaxie_n/m	15	fraction_galaxy	9
german	gebrochen-rational_Galaxie_n/m	16	fraction_galaxy	10
german	gebrochen-rational_Galaxie_n/m	16	fraction_galaxy	11
german	gebrochen-rational_Galaxie_n/m	16	fraction_galaxy	12
german	gebrochen-rational_Galaxie_n/m	16	fraction_galaxy	13
german	gebrochen-rational_Galaxie_n/m	16	fraction_galaxy	14
german	gebrochen-rational_Galaxie_n/m	16	fraction_galaxy	15
german	gebrochen-rational_Galaxie_n/m	16	fraction_galaxy	16
german	gebrochen-rational_Galaxie_n/m	16	fraction_galaxy	17
german	gebrochen-rational_Galaxie_n/m	16	fraction_galaxy	18
german	gebrochen-rational_Galaxie_n/m	16	fraction_galaxy	19
german	gebrochen-rational_Galaxie_n/m	16	fraction_galaxy	2
german	gebrochen-rational_Galaxie_n/m	16	fraction_galaxy	20
german	gebrochen-rational_Galaxie_n/m	16	fraction_galaxy	21
german	gebrochen-rational_Galaxie_n/m	16	fraction_galaxy	22
german	gebrochen-rational_Galaxie_n/m	16	fraction_galaxy	23
german	gebrochen-rational_Galaxie_n/m	16	fraction_galaxy	3
german	gebrochen-rational_Galaxie_n/m	16	fraction_galaxy	4
german	gebrochen-rational_Galaxie_n/m	16	fraction_galaxy	5
german	gebrochen-rational_Galaxie_n/m	16	fraction_galaxy	6
german	gebrochen-rational_Galaxie_n/m	16	fraction_galaxy	7
german	gebrochen-rational_Galaxie_n/m	16	fraction_galaxy	8
german	gebrochen-rational_Galaxie_n/m	16	fraction_galaxy	9
german	gebrochen-rational_Galaxie_n/m	17	fraction_galaxy	10
german	gebrochen-rational_Galaxie_n/m	17	fraction_galaxy	11
german	gebrochen-rational_Galaxie_n/m	17	fraction_galaxy	12
german	gebrochen-rational_Galaxie_n/m	17	fraction_galaxy	13
german	gebrochen-rational_Galaxie_n/m	17	fraction_galaxy	14
german	gebrochen-rational_Galaxie_n/m	17	fraction_galaxy	15
german	gebrochen-rational_Galaxie_n/m	17	fraction_galaxy	16
german	gebrochen-rational_Galaxie_n/m	17	fraction_galaxy	17
german	gebrochen-rational_Galaxie_n/m	17	fraction_galaxy	18
german	gebrochen-rational_Galaxie_n/m	17	fraction_galaxy	19
german	gebrochen-rational_Galaxie_n/m	17	fraction_galaxy	2
german	gebrochen-rational_Galaxie_n/m	17	fraction_galaxy	20
german	gebrochen-rational_Galaxie_n/m	17	fraction_galaxy	21
german	gebrochen-rational_Galaxie_n/m	17	fraction_galaxy	22
german	gebrochen-rational_Galaxie_n/m	17	fraction_galaxy	23
german	gebrochen-rational_Galaxie_n/m	17	fraction_galaxy	3
german	gebrochen-rational_Galaxie_n/m	17	fraction_galaxy	4
german	gebrochen-rational_Galaxie_n/m	17	fraction_galaxy	5
german	gebrochen-rational_Galaxie_n/m	17	fraction_galaxy	6
german	gebrochen-rational_Galaxie_n/m	17	fraction_galaxy	7
german	gebrochen-rational_Galaxie_n/m	17	fraction_galaxy	8
german	gebrochen-rational_Galaxie_n/m	17	fraction_galaxy	9
german	gebrochen-rational_Galaxie_n/m	18	fraction_galaxy	10
german	gebrochen-rational_Galaxie_n/m	18	fraction_galaxy	11
german	gebrochen-rational_Galaxie_n/m	18	fraction_galaxy	12
german	gebrochen-rational_Galaxie_n/m	18	fraction_galaxy	13
german	gebrochen-rational_Galaxie_n/m	18	fraction_galaxy	14
german	gebrochen-rational_Galaxie_n/m	18	fraction_galaxy	15
german	gebrochen-rational_Galaxie_n/m	18	fraction_galaxy	16
german	gebrochen-rational_Galaxie_n/m	18	fraction_galaxy	17
german	gebrochen-rational_Galaxie_n/m	18	fraction_galaxy	18
german	gebrochen-rational_Galaxie_n/m	18	fraction_galaxy	19
german	gebrochen-rational_Galaxie_n/m	18	fraction_galaxy	2
german	gebrochen-rational_Galaxie_n/m	18	fraction_galaxy	20
german	gebrochen-rational_Galaxie_n/m	18	fraction_galaxy	21
german	gebrochen-rational_Galaxie_n/m	18	fraction_galaxy	22
german	gebrochen-rational_Galaxie_n/m	18	fraction_galaxy	23
german	gebrochen-rational_Galaxie_n/m	18	fraction_galaxy	3
german	gebrochen-rational_Galaxie_n/m	18	fraction_galaxy	4
german	gebrochen-rational_Galaxie_n/m	18	fraction_galaxy	5
german	gebrochen-rational_Galaxie_n/m	18	fraction_galaxy	6
german	gebrochen-rational_Galaxie_n/m	18	fraction_galaxy	7
german	gebrochen-rational_Galaxie_n/m	18	fraction_galaxy	8
german	gebrochen-rational_Galaxie_n/m	18	fraction_galaxy	9
german	gebrochen-rational_Galaxie_n/m	19	fraction_galaxy	10
german	gebrochen-rational_Galaxie_n/m	19	fraction_galaxy	11
german	gebrochen-rational_Galaxie_n/m	19	fraction_galaxy	12
german	gebrochen-rational_Galaxie_n/m	19	fraction_galaxy	13
german	gebrochen-rational_Galaxie_n/m	19	fraction_galaxy	14
german	gebrochen-rational_Galaxie_n/m	19	fraction_galaxy	15
german	gebrochen-rational_Galaxie_n/m	19	fraction_galaxy	16
german	gebrochen-rational_Galaxie_n/m	19	fraction_galaxy	17
german	gebrochen-rational_Galaxie_n/m	19	fraction_galaxy	18
german	gebrochen-rational_Galaxie_n/m	19	fraction_galaxy	19
german	gebrochen-rational_Galaxie_n/m	19	fraction_galaxy	2
german	gebrochen-rational_Galaxie_n/m	19	fraction_galaxy	20
german	gebrochen-rational_Galaxie_n/m	19	fraction_galaxy	21
german	gebrochen-rational_Galaxie_n/m	19	fraction_galaxy	22
german	gebrochen-rational_Galaxie_n/m	19	fraction_galaxy	23
german	gebrochen-rational_Galaxie_n/m	19	fraction_galaxy	3
german	gebrochen-rational_Galaxie_n/m	19	fraction_galaxy	4
german	gebrochen-rational_Galaxie_n/m	19	fraction_galaxy	5
german	gebrochen-rational_Galaxie_n/m	19	fraction_galaxy	6
german	gebrochen-rational_Galaxie_n/m	19	fraction_galaxy	7
german	gebrochen-rational_Galaxie_n/m	19	fraction_galaxy	8
german	gebrochen-rational_Galaxie_n/m	19	fraction_galaxy	9
german	gebrochen-rational_Galaxie_n/m	2	fraction_galaxy	10
german	gebrochen-rational_Galaxie_n/m	2	fraction_galaxy	11
german	gebrochen-rational_Galaxie_n/m	2	fraction_galaxy	12
german	gebrochen-rational_Galaxie_n/m	2	fraction_galaxy	13
german	gebrochen-rational_Galaxie_n/m	2	fraction_galaxy	14
german	gebrochen-rational_Galaxie_n/m	2	fraction_galaxy	15
german	gebrochen-rational_Galaxie_n/m	2	fraction_galaxy	16
german	gebrochen-rational_Galaxie_n/m	2	fraction_galaxy	17
german	gebrochen-rational_Galaxie_n/m	2	fraction_galaxy	18
german	gebrochen-rational_Galaxie_n/m	2	fraction_galaxy	19
german	gebrochen-rational_Galaxie_n/m	2	fraction_galaxy	2
german	gebrochen-rational_Galaxie_n/m	2	fraction_galaxy	20
german	gebrochen-rational_Galaxie_n/m	2	fraction_galaxy	21
german	gebrochen-rational_Galaxie_n/m	2	fraction_galaxy	22
german	gebrochen-rational_Galaxie_n/m	2	fraction_galaxy	23
german	gebrochen-rational_Galaxie_n/m	2	fraction_galaxy	3
german	gebrochen-rational_Galaxie_n/m	2	fraction_galaxy	4
german	gebrochen-rational_Galaxie_n/m	2	fraction_galaxy	5
german	gebrochen-rational_Galaxie_n/m	2	fraction_galaxy	6
german	gebrochen-rational_Galaxie_n/m	2	fraction_galaxy	7
german	gebrochen-rational_Galaxie_n/m	2	fraction_galaxy	8
german	gebrochen-rational_Galaxie_n/m	2	fraction_galaxy	9
german	gebrochen-rational_Galaxie_n/m	20	fraction_galaxy	10
german	gebrochen-rational_Galaxie_n/m	20	fraction_galaxy	11
german	gebrochen-rational_Galaxie_n/m	20	fraction_galaxy	12
german	gebrochen-rational_Galaxie_n/m	20	fraction_galaxy	13
german	gebrochen-rational_Galaxie_n/m	20	fraction_galaxy	14
german	gebrochen-rational_Galaxie_n/m	20	fraction_galaxy	15
german	gebrochen-rational_Galaxie_n/m	20	fraction_galaxy	16
german	gebrochen-rational_Galaxie_n/m	20	fraction_galaxy	17
german	gebrochen-rational_Galaxie_n/m	20	fraction_galaxy	18
german	gebrochen-rational_Galaxie_n/m	20	fraction_galaxy	19
german	gebrochen-rational_Galaxie_n/m	20	fraction_galaxy	2
german	gebrochen-rational_Galaxie_n/m	20	fraction_galaxy	20
german	gebrochen-rational_Galaxie_n/m	20	fraction_galaxy	21
german	gebrochen-rational_Galaxie_n/m	20	fraction_galaxy	22
german	gebrochen-rational_Galaxie_n/m	20	fraction_galaxy	23
german	gebrochen-rational_Galaxie_n/m	20	fraction_galaxy	3
german	gebrochen-rational_Galaxie_n/m	20	fraction_galaxy	4
german	gebrochen-rational_Galaxie_n/m	20	fraction_galaxy	5
german	gebrochen-rational_Galaxie_n/m	20	fraction_galaxy	6
german	gebrochen-rational_Galaxie_n/m	20	fraction_galaxy	7
german	gebrochen-rational_Galaxie_n/m	20	fraction_galaxy	8
german	gebrochen-rational_Galaxie_n/m	20	fraction_galaxy	9
german	gebrochen-rational_Galaxie_n/m	21	fraction_galaxy	10
german	gebrochen-rational_Galaxie_n/m	21	fraction_galaxy	11
german	gebrochen-rational_Galaxie_n/m	21	fraction_galaxy	12
german	gebrochen-rational_Galaxie_n/m	21	fraction_galaxy	13
german	gebrochen-rational_Galaxie_n/m	21	fraction_galaxy	14
german	gebrochen-rational_Galaxie_n/m	21	fraction_galaxy	15
german	gebrochen-rational_Galaxie_n/m	21	fraction_galaxy	16
german	gebrochen-rational_Galaxie_n/m	21	fraction_galaxy	17
german	gebrochen-rational_Galaxie_n/m	21	fraction_galaxy	18
german	gebrochen-rational_Galaxie_n/m	21	fraction_galaxy	19
german	gebrochen-rational_Galaxie_n/m	21	fraction_galaxy	2
german	gebrochen-rational_Galaxie_n/m	21	fraction_galaxy	20
german	gebrochen-rational_Galaxie_n/m	21	fraction_galaxy	21
german	gebrochen-rational_Galaxie_n/m	21	fraction_galaxy	22
german	gebrochen-rational_Galaxie_n/m	21	fraction_galaxy	23
german	gebrochen-rational_Galaxie_n/m	21	fraction_galaxy	3
german	gebrochen-rational_Galaxie_n/m	21	fraction_galaxy	4
german	gebrochen-rational_Galaxie_n/m	21	fraction_galaxy	5
german	gebrochen-rational_Galaxie_n/m	21	fraction_galaxy	6
german	gebrochen-rational_Galaxie_n/m	21	fraction_galaxy	7
german	gebrochen-rational_Galaxie_n/m	21	fraction_galaxy	8
german	gebrochen-rational_Galaxie_n/m	21	fraction_galaxy	9
german	gebrochen-rational_Galaxie_n/m	22	fraction_galaxy	10
german	gebrochen-rational_Galaxie_n/m	22	fraction_galaxy	11
german	gebrochen-rational_Galaxie_n/m	22	fraction_galaxy	12
german	gebrochen-rational_Galaxie_n/m	22	fraction_galaxy	13
german	gebrochen-rational_Galaxie_n/m	22	fraction_galaxy	14
german	gebrochen-rational_Galaxie_n/m	22	fraction_galaxy	15
german	gebrochen-rational_Galaxie_n/m	22	fraction_galaxy	16
german	gebrochen-rational_Galaxie_n/m	22	fraction_galaxy	17
german	gebrochen-rational_Galaxie_n/m	22	fraction_galaxy	18
german	gebrochen-rational_Galaxie_n/m	22	fraction_galaxy	19
german	gebrochen-rational_Galaxie_n/m	22	fraction_galaxy	2
german	gebrochen-rational_Galaxie_n/m	22	fraction_galaxy	20
german	gebrochen-rational_Galaxie_n/m	22	fraction_galaxy	21
german	gebrochen-rational_Galaxie_n/m	22	fraction_galaxy	22
german	gebrochen-rational_Galaxie_n/m	22	fraction_galaxy	23
german	gebrochen-rational_Galaxie_n/m	22	fraction_galaxy	3
german	gebrochen-rational_Galaxie_n/m	22	fraction_galaxy	4
german	gebrochen-rational_Galaxie_n/m	22	fraction_galaxy	5
german	gebrochen-rational_Galaxie_n/m	22	fraction_galaxy	6
german	gebrochen-rational_Galaxie_n/m	22	fraction_galaxy	7
german	gebrochen-rational_Galaxie_n/m	22	fraction_galaxy	8
german	gebrochen-rational_Galaxie_n/m	22	fraction_galaxy	9
german	gebrochen-rational_Galaxie_n/m	23	fraction_galaxy	10
german	gebrochen-rational_Galaxie_n/m	23	fraction_galaxy	11
german	gebrochen-rational_Galaxie_n/m	23	fraction_galaxy	12
german	gebrochen-rational_Galaxie_n/m	23	fraction_galaxy	13
german	gebrochen-rational_Galaxie_n/m	23	fraction_galaxy	14
german	gebrochen-rational_Galaxie_n/m	23	fraction_galaxy	15
german	gebrochen-rational_Galaxie_n/m	23	fraction_galaxy	16
german	gebrochen-rational_Galaxie_n/m	23	fraction_galaxy	17
german	gebrochen-rational_Galaxie_n/m	23	fraction_galaxy	18
german	gebrochen-rational_Galaxie_n/m	23	fraction_galaxy	19
german	gebrochen-rational_Galaxie_n/m	23	fraction_galaxy	2
german	gebrochen-rational_Galaxie_n/m	23	fraction_galaxy	20
german	gebrochen-rational_Galaxie_n/m	23	fraction_galaxy	21
german	gebrochen-rational_Galaxie_n/m	23	fraction_galaxy	22
german	gebrochen-rational_Galaxie_n/m	23	fraction_galaxy	23
german	gebrochen-rational_Galaxie_n/m	23	fraction_galaxy	3
german	gebrochen-rational_Galaxie_n/m	23	fraction_galaxy	4
german	gebrochen-rational_Galaxie_n/m	23	fraction_galaxy	5
german	gebrochen-rational_Galaxie_n/m	23	fraction_galaxy	6
german	gebrochen-rational_Galaxie_n/m	23	fraction_galaxy	7
german	gebrochen-rational_Galaxie_n/m	23	fraction_galaxy	8
german	gebrochen-rational_Galaxie_n/m	23	fraction_galaxy	9
german	gebrochen-rational_Galaxie_n/m	3	fraction_galaxy	10
german	gebrochen-rational_Galaxie_n/m	3	fraction_galaxy	11
german	gebrochen-rational_Galaxie_n/m	3	fraction_galaxy	12
german	gebrochen-rational_Galaxie_n/m	3	fraction_galaxy	13
german	gebrochen-rational_Galaxie_n/m	3	fraction_galaxy	14
german	gebrochen-rational_Galaxie_n/m	3	fraction_galaxy	15
german	gebrochen-rational_Galaxie_n/m	3	fraction_galaxy	16
german	gebrochen-rational_Galaxie_n/m	3	fraction_galaxy	17
german	gebrochen-rational_Galaxie_n/m	3	fraction_galaxy	18
german	gebrochen-rational_Galaxie_n/m	3	fraction_galaxy	19
german	gebrochen-rational_Galaxie_n/m	3	fraction_galaxy	2
german	gebrochen-rational_Galaxie_n/m	3	fraction_galaxy	20
german	gebrochen-rational_Galaxie_n/m	3	fraction_galaxy	21
german	gebrochen-rational_Galaxie_n/m	3	fraction_galaxy	22
german	gebrochen-rational_Galaxie_n/m	3	fraction_galaxy	23
german	gebrochen-rational_Galaxie_n/m	3	fraction_galaxy	3
german	gebrochen-rational_Galaxie_n/m	3	fraction_galaxy	4
german	gebrochen-rational_Galaxie_n/m	3	fraction_galaxy	5
german	gebrochen-rational_Galaxie_n/m	3	fraction_galaxy	6
german	gebrochen-rational_Galaxie_n/m	3	fraction_galaxy	7
german	gebrochen-rational_Galaxie_n/m	3	fraction_galaxy	8
german	gebrochen-rational_Galaxie_n/m	3	fraction_galaxy	9
german	gebrochen-rational_Galaxie_n/m	4	fraction_galaxy	10
german	gebrochen-rational_Galaxie_n/m	4	fraction_galaxy	11
german	gebrochen-rational_Galaxie_n/m	4	fraction_galaxy	12
german	gebrochen-rational_Galaxie_n/m	4	fraction_galaxy	13
german	gebrochen-rational_Galaxie_n/m	4	fraction_galaxy	14
german	gebrochen-rational_Galaxie_n/m	4	fraction_galaxy	15
german	gebrochen-rational_Galaxie_n/m	4	fraction_galaxy	16
german	gebrochen-rational_Galaxie_n/m	4	fraction_galaxy	17
german	gebrochen-rational_Galaxie_n/m	4	fraction_galaxy	18
german	gebrochen-rational_Galaxie_n/m	4	fraction_galaxy	19
german	gebrochen-rational_Galaxie_n/m	4	fraction_galaxy	2
german	gebrochen-rational_Galaxie_n/m	4	fraction_galaxy	20
german	gebrochen-rational_Galaxie_n/m	4	fraction_galaxy	21
german	gebrochen-rational_Galaxie_n/m	4	fraction_galaxy	22
german	gebrochen-rational_Galaxie_n/m	4	fraction_galaxy	23
german	gebrochen-rational_Galaxie_n/m	4	fraction_galaxy	3
german	gebrochen-rational_Galaxie_n/m	4	fraction_galaxy	4
german	gebrochen-rational_Galaxie_n/m	4	fraction_galaxy	5
german	gebrochen-rational_Galaxie_n/m	4	fraction_galaxy	6
german	gebrochen-rational_Galaxie_n/m	4	fraction_galaxy	7
german	gebrochen-rational_Galaxie_n/m	4	fraction_galaxy	8
german	gebrochen-rational_Galaxie_n/m	4	fraction_galaxy	9
german	gebrochen-rational_Galaxie_n/m	5	fraction_galaxy	10
german	gebrochen-rational_Galaxie_n/m	5	fraction_galaxy	11
german	gebrochen-rational_Galaxie_n/m	5	fraction_galaxy	12
german	gebrochen-rational_Galaxie_n/m	5	fraction_galaxy	13
german	gebrochen-rational_Galaxie_n/m	5	fraction_galaxy	14
german	gebrochen-rational_Galaxie_n/m	5	fraction_galaxy	15
german	gebrochen-rational_Galaxie_n/m	5	fraction_galaxy	16
german	gebrochen-rational_Galaxie_n/m	5	fraction_galaxy	17
german	gebrochen-rational_Galaxie_n/m	5	fraction_galaxy	18
german	gebrochen-rational_Galaxie_n/m	5	fraction_galaxy	19
german	gebrochen-rational_Galaxie_n/m	5	fraction_galaxy	2
german	gebrochen-rational_Galaxie_n/m	5	fraction_galaxy	20
german	gebrochen-rational_Galaxie_n/m	5	fraction_galaxy	21
german	gebrochen-rational_Galaxie_n/m	5	fraction_galaxy	22
german	gebrochen-rational_Galaxie_n/m	5	fraction_galaxy	23
german	gebrochen-rational_Galaxie_n/m	5	fraction_galaxy	3
german	gebrochen-rational_Galaxie_n/m	5	fraction_galaxy	4
german	gebrochen-rational_Galaxie_n/m	5	fraction_galaxy	5
german	gebrochen-rational_Galaxie_n/m	5	fraction_galaxy	6
german	gebrochen-rational_Galaxie_n/m	5	fraction_galaxy	7
german	gebrochen-rational_Galaxie_n/m	5	fraction_galaxy	8
german	gebrochen-rational_Galaxie_n/m	5	fraction_galaxy	9
german	gebrochen-rational_Galaxie_n/m	6	fraction_galaxy	10
german	gebrochen-rational_Galaxie_n/m	6	fraction_galaxy	11
german	gebrochen-rational_Galaxie_n/m	6	fraction_galaxy	12
german	gebrochen-rational_Galaxie_n/m	6	fraction_galaxy	13
german	gebrochen-rational_Galaxie_n/m	6	fraction_galaxy	14
german	gebrochen-rational_Galaxie_n/m	6	fraction_galaxy	15
german	gebrochen-rational_Galaxie_n/m	6	fraction_galaxy	16
german	gebrochen-rational_Galaxie_n/m	6	fraction_galaxy	17
german	gebrochen-rational_Galaxie_n/m	6	fraction_galaxy	18
german	gebrochen-rational_Galaxie_n/m	6	fraction_galaxy	19
german	gebrochen-rational_Galaxie_n/m	6	fraction_galaxy	2
german	gebrochen-rational_Galaxie_n/m	6	fraction_galaxy	20
german	gebrochen-rational_Galaxie_n/m	6	fraction_galaxy	21
german	gebrochen-rational_Galaxie_n/m	6	fraction_galaxy	22
german	gebrochen-rational_Galaxie_n/m	6	fraction_galaxy	23
german	gebrochen-rational_Galaxie_n/m	6	fraction_galaxy	3
german	gebrochen-rational_Galaxie_n/m	6	fraction_galaxy	4
german	gebrochen-rational_Galaxie_n/m	6	fraction_galaxy	5
german	gebrochen-rational_Galaxie_n/m	6	fraction_galaxy	6
german	gebrochen-rational_Galaxie_n/m	6	fraction_galaxy	7
german	gebrochen-rational_Galaxie_n/m	6	fraction_galaxy	8
german	gebrochen-rational_Galaxie_n/m	6	fraction_galaxy	9
german	gebrochen-rational_Galaxie_n/m	7	fraction_galaxy	10
german	gebrochen-rational_Galaxie_n/m	7	fraction_galaxy	11
german	gebrochen-rational_Galaxie_n/m	7	fraction_galaxy	12
german	gebrochen-rational_Galaxie_n/m	7	fraction_galaxy	13
german	gebrochen-rational_Galaxie_n/m	7	fraction_galaxy	14
german	gebrochen-rational_Galaxie_n/m	7	fraction_galaxy	15
german	gebrochen-rational_Galaxie_n/m	7	fraction_galaxy	16
german	gebrochen-rational_Galaxie_n/m	7	fraction_galaxy	17
german	gebrochen-rational_Galaxie_n/m	7	fraction_galaxy	18
german	gebrochen-rational_Galaxie_n/m	7	fraction_galaxy	19
german	gebrochen-rational_Galaxie_n/m	7	fraction_galaxy	2
german	gebrochen-rational_Galaxie_n/m	7	fraction_galaxy	20
german	gebrochen-rational_Galaxie_n/m	7	fraction_galaxy	21
german	gebrochen-rational_Galaxie_n/m	7	fraction_galaxy	22
german	gebrochen-rational_Galaxie_n/m	7	fraction_galaxy	23
german	gebrochen-rational_Galaxie_n/m	7	fraction_galaxy	3
german	gebrochen-rational_Galaxie_n/m	7	fraction_galaxy	4
german	gebrochen-rational_Galaxie_n/m	7	fraction_galaxy	5
german	gebrochen-rational_Galaxie_n/m	7	fraction_galaxy	6
german	gebrochen-rational_Galaxie_n/m	7	fraction_galaxy	7
german	gebrochen-rational_Galaxie_n/m	7	fraction_galaxy	8
german	gebrochen-rational_Galaxie_n/m	7	fraction_galaxy	9
german	gebrochen-rational_Galaxie_n/m	8	fraction_galaxy	10
german	gebrochen-rational_Galaxie_n/m	8	fraction_galaxy	11
german	gebrochen-rational_Galaxie_n/m	8	fraction_galaxy	12
german	gebrochen-rational_Galaxie_n/m	8	fraction_galaxy	13
german	gebrochen-rational_Galaxie_n/m	8	fraction_galaxy	14
german	gebrochen-rational_Galaxie_n/m	8	fraction_galaxy	15
german	gebrochen-rational_Galaxie_n/m	8	fraction_galaxy	16
german	gebrochen-rational_Galaxie_n/m	8	fraction_galaxy	17
german	gebrochen-rational_Galaxie_n/m	8	fraction_galaxy	18
german	gebrochen-rational_Galaxie_n/m	8	fraction_galaxy	19
german	gebrochen-rational_Galaxie_n/m	8	fraction_galaxy	2
german	gebrochen-rational_Galaxie_n/m	8	fraction_galaxy	20
german	gebrochen-rational_Galaxie_n/m	8	fraction_galaxy	21
german	gebrochen-rational_Galaxie_n/m	8	fraction_galaxy	22
german	gebrochen-rational_Galaxie_n/m	8	fraction_galaxy	23
german	gebrochen-rational_Galaxie_n/m	8	fraction_galaxy	3
german	gebrochen-rational_Galaxie_n/m	8	fraction_galaxy	4
german	gebrochen-rational_Galaxie_n/m	8	fraction_galaxy	5
german	gebrochen-rational_Galaxie_n/m	8	fraction_galaxy	6
german	gebrochen-rational_Galaxie_n/m	8	fraction_galaxy	7
german	gebrochen-rational_Galaxie_n/m	8	fraction_galaxy	8
german	gebrochen-rational_Galaxie_n/m	8	fraction_galaxy	9
german	gebrochen-rational_Galaxie_n/m	9	fraction_galaxy	10
german	gebrochen-rational_Galaxie_n/m	9	fraction_galaxy	11
german	gebrochen-rational_Galaxie_n/m	9	fraction_galaxy	12
german	gebrochen-rational_Galaxie_n/m	9	fraction_galaxy	13
german	gebrochen-rational_Galaxie_n/m	9	fraction_galaxy	14
german	gebrochen-rational_Galaxie_n/m	9	fraction_galaxy	15
german	gebrochen-rational_Galaxie_n/m	9	fraction_galaxy	16
german	gebrochen-rational_Galaxie_n/m	9	fraction_galaxy	17
german	gebrochen-rational_Galaxie_n/m	9	fraction_galaxy	18
german	gebrochen-rational_Galaxie_n/m	9	fraction_galaxy	19
german	gebrochen-rational_Galaxie_n/m	9	fraction_galaxy	2
german	gebrochen-rational_Galaxie_n/m	9	fraction_galaxy	20
german	gebrochen-rational_Galaxie_n/m	9	fraction_galaxy	21
german	gebrochen-rational_Galaxie_n/m	9	fraction_galaxy	22
german	gebrochen-rational_Galaxie_n/m	9	fraction_galaxy	23
german	gebrochen-rational_Galaxie_n/m	9	fraction_galaxy	3
german	gebrochen-rational_Galaxie_n/m	9	fraction_galaxy	4
german	gebrochen-rational_Galaxie_n/m	9	fraction_galaxy	5
german	gebrochen-rational_Galaxie_n/m	9	fraction_galaxy	6
german	gebrochen-rational_Galaxie_n/m	9	fraction_galaxy	7
german	gebrochen-rational_Galaxie_n/m	9	fraction_galaxy	8
german	gebrochen-rational_Galaxie_n/m	9	fraction_galaxy	9
german	gebrochen-rational_Gefuehle_n/m	10	fraction_emotion	10
german	gebrochen-rational_Gefuehle_n/m	10	fraction_emotion	11
german	gebrochen-rational_Gefuehle_n/m	10	fraction_emotion	12
german	gebrochen-rational_Gefuehle_n/m	10	fraction_emotion	13
german	gebrochen-rational_Gefuehle_n/m	10	fraction_emotion	14
german	gebrochen-rational_Gefuehle_n/m	10	fraction_emotion	15
german	gebrochen-rational_Gefuehle_n/m	10	fraction_emotion	16
german	gebrochen-rational_Gefuehle_n/m	10	fraction_emotion	17
german	gebrochen-rational_Gefuehle_n/m	10	fraction_emotion	18
german	gebrochen-rational_Gefuehle_n/m	10	fraction_emotion	19
german	gebrochen-rational_Gefuehle_n/m	10	fraction_emotion	2
german	gebrochen-rational_Gefuehle_n/m	10	fraction_emotion	20
german	gebrochen-rational_Gefuehle_n/m	10	fraction_emotion	21
german	gebrochen-rational_Gefuehle_n/m	10	fraction_emotion	22
german	gebrochen-rational_Gefuehle_n/m	10	fraction_emotion	23
german	gebrochen-rational_Gefuehle_n/m	10	fraction_emotion	3
german	gebrochen-rational_Gefuehle_n/m	10	fraction_emotion	4
german	gebrochen-rational_Gefuehle_n/m	10	fraction_emotion	5
german	gebrochen-rational_Gefuehle_n/m	10	fraction_emotion	6
german	gebrochen-rational_Gefuehle_n/m	10	fraction_emotion	7
german	gebrochen-rational_Gefuehle_n/m	10	fraction_emotion	8
german	gebrochen-rational_Gefuehle_n/m	10	fraction_emotion	9
german	gebrochen-rational_Gefuehle_n/m	11	fraction_emotion	10
german	gebrochen-rational_Gefuehle_n/m	11	fraction_emotion	11
german	gebrochen-rational_Gefuehle_n/m	11	fraction_emotion	12
german	gebrochen-rational_Gefuehle_n/m	11	fraction_emotion	13
german	gebrochen-rational_Gefuehle_n/m	11	fraction_emotion	14
german	gebrochen-rational_Gefuehle_n/m	11	fraction_emotion	15
german	gebrochen-rational_Gefuehle_n/m	11	fraction_emotion	16
german	gebrochen-rational_Gefuehle_n/m	11	fraction_emotion	17
german	gebrochen-rational_Gefuehle_n/m	11	fraction_emotion	18
german	gebrochen-rational_Gefuehle_n/m	11	fraction_emotion	19
german	gebrochen-rational_Gefuehle_n/m	11	fraction_emotion	2
german	gebrochen-rational_Gefuehle_n/m	11	fraction_emotion	20
german	gebrochen-rational_Gefuehle_n/m	11	fraction_emotion	21
german	gebrochen-rational_Gefuehle_n/m	11	fraction_emotion	22
german	gebrochen-rational_Gefuehle_n/m	11	fraction_emotion	23
german	gebrochen-rational_Gefuehle_n/m	11	fraction_emotion	3
german	gebrochen-rational_Gefuehle_n/m	11	fraction_emotion	4
german	gebrochen-rational_Gefuehle_n/m	11	fraction_emotion	5
german	gebrochen-rational_Gefuehle_n/m	11	fraction_emotion	6
german	gebrochen-rational_Gefuehle_n/m	11	fraction_emotion	7
german	gebrochen-rational_Gefuehle_n/m	11	fraction_emotion	8
german	gebrochen-rational_Gefuehle_n/m	11	fraction_emotion	9
german	gebrochen-rational_Gefuehle_n/m	12	fraction_emotion	10
german	gebrochen-rational_Gefuehle_n/m	12	fraction_emotion	11
german	gebrochen-rational_Gefuehle_n/m	12	fraction_emotion	12
german	gebrochen-rational_Gefuehle_n/m	12	fraction_emotion	13
german	gebrochen-rational_Gefuehle_n/m	12	fraction_emotion	14
german	gebrochen-rational_Gefuehle_n/m	12	fraction_emotion	15
german	gebrochen-rational_Gefuehle_n/m	12	fraction_emotion	16
german	gebrochen-rational_Gefuehle_n/m	12	fraction_emotion	17
german	gebrochen-rational_Gefuehle_n/m	12	fraction_emotion	18
german	gebrochen-rational_Gefuehle_n/m	12	fraction_emotion	19
german	gebrochen-rational_Gefuehle_n/m	12	fraction_emotion	2
german	gebrochen-rational_Gefuehle_n/m	12	fraction_emotion	20
german	gebrochen-rational_Gefuehle_n/m	12	fraction_emotion	21
german	gebrochen-rational_Gefuehle_n/m	12	fraction_emotion	22
german	gebrochen-rational_Gefuehle_n/m	12	fraction_emotion	23
german	gebrochen-rational_Gefuehle_n/m	12	fraction_emotion	3
german	gebrochen-rational_Gefuehle_n/m	12	fraction_emotion	4
german	gebrochen-rational_Gefuehle_n/m	12	fraction_emotion	5
german	gebrochen-rational_Gefuehle_n/m	12	fraction_emotion	6
german	gebrochen-rational_Gefuehle_n/m	12	fraction_emotion	7
german	gebrochen-rational_Gefuehle_n/m	12	fraction_emotion	8
german	gebrochen-rational_Gefuehle_n/m	12	fraction_emotion	9
german	gebrochen-rational_Gefuehle_n/m	13	fraction_emotion	10
german	gebrochen-rational_Gefuehle_n/m	13	fraction_emotion	11
german	gebrochen-rational_Gefuehle_n/m	13	fraction_emotion	12
german	gebrochen-rational_Gefuehle_n/m	13	fraction_emotion	13
german	gebrochen-rational_Gefuehle_n/m	13	fraction_emotion	14
german	gebrochen-rational_Gefuehle_n/m	13	fraction_emotion	15
german	gebrochen-rational_Gefuehle_n/m	13	fraction_emotion	16
german	gebrochen-rational_Gefuehle_n/m	13	fraction_emotion	17
german	gebrochen-rational_Gefuehle_n/m	13	fraction_emotion	18
german	gebrochen-rational_Gefuehle_n/m	13	fraction_emotion	19
german	gebrochen-rational_Gefuehle_n/m	13	fraction_emotion	2
german	gebrochen-rational_Gefuehle_n/m	13	fraction_emotion	20
german	gebrochen-rational_Gefuehle_n/m	13	fraction_emotion	21
german	gebrochen-rational_Gefuehle_n/m	13	fraction_emotion	22
german	gebrochen-rational_Gefuehle_n/m	13	fraction_emotion	23
german	gebrochen-rational_Gefuehle_n/m	13	fraction_emotion	3
german	gebrochen-rational_Gefuehle_n/m	13	fraction_emotion	4
german	gebrochen-rational_Gefuehle_n/m	13	fraction_emotion	5
german	gebrochen-rational_Gefuehle_n/m	13	fraction_emotion	6
german	gebrochen-rational_Gefuehle_n/m	13	fraction_emotion	7
german	gebrochen-rational_Gefuehle_n/m	13	fraction_emotion	8
german	gebrochen-rational_Gefuehle_n/m	13	fraction_emotion	9
german	gebrochen-rational_Gefuehle_n/m	14	fraction_emotion	10
german	gebrochen-rational_Gefuehle_n/m	14	fraction_emotion	11
german	gebrochen-rational_Gefuehle_n/m	14	fraction_emotion	12
german	gebrochen-rational_Gefuehle_n/m	14	fraction_emotion	13
german	gebrochen-rational_Gefuehle_n/m	14	fraction_emotion	14
german	gebrochen-rational_Gefuehle_n/m	14	fraction_emotion	15
german	gebrochen-rational_Gefuehle_n/m	14	fraction_emotion	16
german	gebrochen-rational_Gefuehle_n/m	14	fraction_emotion	17
german	gebrochen-rational_Gefuehle_n/m	14	fraction_emotion	18
german	gebrochen-rational_Gefuehle_n/m	14	fraction_emotion	19
german	gebrochen-rational_Gefuehle_n/m	14	fraction_emotion	2
german	gebrochen-rational_Gefuehle_n/m	14	fraction_emotion	20
german	gebrochen-rational_Gefuehle_n/m	14	fraction_emotion	21
german	gebrochen-rational_Gefuehle_n/m	14	fraction_emotion	22
german	gebrochen-rational_Gefuehle_n/m	14	fraction_emotion	23
german	gebrochen-rational_Gefuehle_n/m	14	fraction_emotion	3
german	gebrochen-rational_Gefuehle_n/m	14	fraction_emotion	4
german	gebrochen-rational_Gefuehle_n/m	14	fraction_emotion	5
german	gebrochen-rational_Gefuehle_n/m	14	fraction_emotion	6
german	gebrochen-rational_Gefuehle_n/m	14	fraction_emotion	7
german	gebrochen-rational_Gefuehle_n/m	14	fraction_emotion	8
german	gebrochen-rational_Gefuehle_n/m	14	fraction_emotion	9
german	gebrochen-rational_Gefuehle_n/m	15	fraction_emotion	10
german	gebrochen-rational_Gefuehle_n/m	15	fraction_emotion	11
german	gebrochen-rational_Gefuehle_n/m	15	fraction_emotion	12
german	gebrochen-rational_Gefuehle_n/m	15	fraction_emotion	13
german	gebrochen-rational_Gefuehle_n/m	15	fraction_emotion	14
german	gebrochen-rational_Gefuehle_n/m	15	fraction_emotion	15
german	gebrochen-rational_Gefuehle_n/m	15	fraction_emotion	16
german	gebrochen-rational_Gefuehle_n/m	15	fraction_emotion	17
german	gebrochen-rational_Gefuehle_n/m	15	fraction_emotion	18
german	gebrochen-rational_Gefuehle_n/m	15	fraction_emotion	19
german	gebrochen-rational_Gefuehle_n/m	15	fraction_emotion	2
german	gebrochen-rational_Gefuehle_n/m	15	fraction_emotion	20
german	gebrochen-rational_Gefuehle_n/m	15	fraction_emotion	21
german	gebrochen-rational_Gefuehle_n/m	15	fraction_emotion	22
german	gebrochen-rational_Gefuehle_n/m	15	fraction_emotion	23
german	gebrochen-rational_Gefuehle_n/m	15	fraction_emotion	3
german	gebrochen-rational_Gefuehle_n/m	15	fraction_emotion	4
german	gebrochen-rational_Gefuehle_n/m	15	fraction_emotion	5
german	gebrochen-rational_Gefuehle_n/m	15	fraction_emotion	6
german	gebrochen-rational_Gefuehle_n/m	15	fraction_emotion	7
german	gebrochen-rational_Gefuehle_n/m	15	fraction_emotion	8
german	gebrochen-rational_Gefuehle_n/m	15	fraction_emotion	9
german	gebrochen-rational_Gefuehle_n/m	16	fraction_emotion	10
german	gebrochen-rational_Gefuehle_n/m	16	fraction_emotion	11
german	gebrochen-rational_Gefuehle_n/m	16	fraction_emotion	12
german	gebrochen-rational_Gefuehle_n/m	16	fraction_emotion	13
german	gebrochen-rational_Gefuehle_n/m	16	fraction_emotion	14
german	gebrochen-rational_Gefuehle_n/m	16	fraction_emotion	15
german	gebrochen-rational_Gefuehle_n/m	16	fraction_emotion	16
german	gebrochen-rational_Gefuehle_n/m	16	fraction_emotion	17
german	gebrochen-rational_Gefuehle_n/m	16	fraction_emotion	18
german	gebrochen-rational_Gefuehle_n/m	16	fraction_emotion	19
german	gebrochen-rational_Gefuehle_n/m	16	fraction_emotion	2
german	gebrochen-rational_Gefuehle_n/m	16	fraction_emotion	20
german	gebrochen-rational_Gefuehle_n/m	16	fraction_emotion	21
german	gebrochen-rational_Gefuehle_n/m	16	fraction_emotion	22
german	gebrochen-rational_Gefuehle_n/m	16	fraction_emotion	23
german	gebrochen-rational_Gefuehle_n/m	16	fraction_emotion	3
german	gebrochen-rational_Gefuehle_n/m	16	fraction_emotion	4
german	gebrochen-rational_Gefuehle_n/m	16	fraction_emotion	5
german	gebrochen-rational_Gefuehle_n/m	16	fraction_emotion	6
german	gebrochen-rational_Gefuehle_n/m	16	fraction_emotion	7
german	gebrochen-rational_Gefuehle_n/m	16	fraction_emotion	8
german	gebrochen-rational_Gefuehle_n/m	16	fraction_emotion	9
german	gebrochen-rational_Gefuehle_n/m	17	fraction_emotion	10
german	gebrochen-rational_Gefuehle_n/m	17	fraction_emotion	11
german	gebrochen-rational_Gefuehle_n/m	17	fraction_emotion	12
german	gebrochen-rational_Gefuehle_n/m	17	fraction_emotion	13
german	gebrochen-rational_Gefuehle_n/m	17	fraction_emotion	14
german	gebrochen-rational_Gefuehle_n/m	17	fraction_emotion	15
german	gebrochen-rational_Gefuehle_n/m	17	fraction_emotion	16
german	gebrochen-rational_Gefuehle_n/m	17	fraction_emotion	17
german	gebrochen-rational_Gefuehle_n/m	17	fraction_emotion	18
german	gebrochen-rational_Gefuehle_n/m	17	fraction_emotion	19
german	gebrochen-rational_Gefuehle_n/m	17	fraction_emotion	2
german	gebrochen-rational_Gefuehle_n/m	17	fraction_emotion	20
german	gebrochen-rational_Gefuehle_n/m	17	fraction_emotion	21
german	gebrochen-rational_Gefuehle_n/m	17	fraction_emotion	22
german	gebrochen-rational_Gefuehle_n/m	17	fraction_emotion	23
german	gebrochen-rational_Gefuehle_n/m	17	fraction_emotion	3
german	gebrochen-rational_Gefuehle_n/m	17	fraction_emotion	4
german	gebrochen-rational_Gefuehle_n/m	17	fraction_emotion	5
german	gebrochen-rational_Gefuehle_n/m	17	fraction_emotion	6
german	gebrochen-rational_Gefuehle_n/m	17	fraction_emotion	7
german	gebrochen-rational_Gefuehle_n/m	17	fraction_emotion	8
german	gebrochen-rational_Gefuehle_n/m	17	fraction_emotion	9
german	gebrochen-rational_Gefuehle_n/m	18	fraction_emotion	10
german	gebrochen-rational_Gefuehle_n/m	18	fraction_emotion	11
german	gebrochen-rational_Gefuehle_n/m	18	fraction_emotion	12
german	gebrochen-rational_Gefuehle_n/m	18	fraction_emotion	13
german	gebrochen-rational_Gefuehle_n/m	18	fraction_emotion	14
german	gebrochen-rational_Gefuehle_n/m	18	fraction_emotion	15
german	gebrochen-rational_Gefuehle_n/m	18	fraction_emotion	16
german	gebrochen-rational_Gefuehle_n/m	18	fraction_emotion	17
german	gebrochen-rational_Gefuehle_n/m	18	fraction_emotion	18
german	gebrochen-rational_Gefuehle_n/m	18	fraction_emotion	19
german	gebrochen-rational_Gefuehle_n/m	18	fraction_emotion	2
german	gebrochen-rational_Gefuehle_n/m	18	fraction_emotion	20
german	gebrochen-rational_Gefuehle_n/m	18	fraction_emotion	21
german	gebrochen-rational_Gefuehle_n/m	18	fraction_emotion	22
german	gebrochen-rational_Gefuehle_n/m	18	fraction_emotion	23
german	gebrochen-rational_Gefuehle_n/m	18	fraction_emotion	3
german	gebrochen-rational_Gefuehle_n/m	18	fraction_emotion	4
german	gebrochen-rational_Gefuehle_n/m	18	fraction_emotion	5
german	gebrochen-rational_Gefuehle_n/m	18	fraction_emotion	6
german	gebrochen-rational_Gefuehle_n/m	18	fraction_emotion	7
german	gebrochen-rational_Gefuehle_n/m	18	fraction_emotion	8
german	gebrochen-rational_Gefuehle_n/m	18	fraction_emotion	9
german	gebrochen-rational_Gefuehle_n/m	19	fraction_emotion	10
german	gebrochen-rational_Gefuehle_n/m	19	fraction_emotion	11
german	gebrochen-rational_Gefuehle_n/m	19	fraction_emotion	12
german	gebrochen-rational_Gefuehle_n/m	19	fraction_emotion	13
german	gebrochen-rational_Gefuehle_n/m	19	fraction_emotion	14
german	gebrochen-rational_Gefuehle_n/m	19	fraction_emotion	15
german	gebrochen-rational_Gefuehle_n/m	19	fraction_emotion	16
german	gebrochen-rational_Gefuehle_n/m	19	fraction_emotion	17
german	gebrochen-rational_Gefuehle_n/m	19	fraction_emotion	18
german	gebrochen-rational_Gefuehle_n/m	19	fraction_emotion	19
german	gebrochen-rational_Gefuehle_n/m	19	fraction_emotion	2
german	gebrochen-rational_Gefuehle_n/m	19	fraction_emotion	20
german	gebrochen-rational_Gefuehle_n/m	19	fraction_emotion	21
german	gebrochen-rational_Gefuehle_n/m	19	fraction_emotion	22
german	gebrochen-rational_Gefuehle_n/m	19	fraction_emotion	23
german	gebrochen-rational_Gefuehle_n/m	19	fraction_emotion	3
german	gebrochen-rational_Gefuehle_n/m	19	fraction_emotion	4
german	gebrochen-rational_Gefuehle_n/m	19	fraction_emotion	5
german	gebrochen-rational_Gefuehle_n/m	19	fraction_emotion	6
german	gebrochen-rational_Gefuehle_n/m	19	fraction_emotion	7
german	gebrochen-rational_Gefuehle_n/m	19	fraction_emotion	8
german	gebrochen-rational_Gefuehle_n/m	19	fraction_emotion	9
german	gebrochen-rational_Gefuehle_n/m	2	fraction_emotion	10
german	gebrochen-rational_Gefuehle_n/m	2	fraction_emotion	11
german	gebrochen-rational_Gefuehle_n/m	2	fraction_emotion	12
german	gebrochen-rational_Gefuehle_n/m	2	fraction_emotion	13
german	gebrochen-rational_Gefuehle_n/m	2	fraction_emotion	14
german	gebrochen-rational_Gefuehle_n/m	2	fraction_emotion	15
german	gebrochen-rational_Gefuehle_n/m	2	fraction_emotion	16
german	gebrochen-rational_Gefuehle_n/m	2	fraction_emotion	17
german	gebrochen-rational_Gefuehle_n/m	2	fraction_emotion	18
german	gebrochen-rational_Gefuehle_n/m	2	fraction_emotion	19
german	gebrochen-rational_Gefuehle_n/m	2	fraction_emotion	2
german	gebrochen-rational_Gefuehle_n/m	2	fraction_emotion	20
german	gebrochen-rational_Gefuehle_n/m	2	fraction_emotion	21
german	gebrochen-rational_Gefuehle_n/m	2	fraction_emotion	22
german	gebrochen-rational_Gefuehle_n/m	2	fraction_emotion	23
german	gebrochen-rational_Gefuehle_n/m	2	fraction_emotion	3
german	gebrochen-rational_Gefuehle_n/m	2	fraction_emotion	4
german	gebrochen-rational_Gefuehle_n/m	2	fraction_emotion	5
german	gebrochen-rational_Gefuehle_n/m	2	fraction_emotion	6
german	gebrochen-rational_Gefuehle_n/m	2	fraction_emotion	7
german	gebrochen-rational_Gefuehle_n/m	2	fraction_emotion	8
german	gebrochen-rational_Gefuehle_n/m	2	fraction_emotion	9
german	gebrochen-rational_Gefuehle_n/m	20	fraction_emotion	10
german	gebrochen-rational_Gefuehle_n/m	20	fraction_emotion	11
german	gebrochen-rational_Gefuehle_n/m	20	fraction_emotion	12
german	gebrochen-rational_Gefuehle_n/m	20	fraction_emotion	13
german	gebrochen-rational_Gefuehle_n/m	20	fraction_emotion	14
german	gebrochen-rational_Gefuehle_n/m	20	fraction_emotion	15
german	gebrochen-rational_Gefuehle_n/m	20	fraction_emotion	16
german	gebrochen-rational_Gefuehle_n/m	20	fraction_emotion	17
german	gebrochen-rational_Gefuehle_n/m	20	fraction_emotion	18
german	gebrochen-rational_Gefuehle_n/m	20	fraction_emotion	19
german	gebrochen-rational_Gefuehle_n/m	20	fraction_emotion	2
german	gebrochen-rational_Gefuehle_n/m	20	fraction_emotion	20
german	gebrochen-rational_Gefuehle_n/m	20	fraction_emotion	21
german	gebrochen-rational_Gefuehle_n/m	20	fraction_emotion	22
german	gebrochen-rational_Gefuehle_n/m	20	fraction_emotion	23
german	gebrochen-rational_Gefuehle_n/m	20	fraction_emotion	3
german	gebrochen-rational_Gefuehle_n/m	20	fraction_emotion	4
german	gebrochen-rational_Gefuehle_n/m	20	fraction_emotion	5
german	gebrochen-rational_Gefuehle_n/m	20	fraction_emotion	6
german	gebrochen-rational_Gefuehle_n/m	20	fraction_emotion	7
german	gebrochen-rational_Gefuehle_n/m	20	fraction_emotion	8
german	gebrochen-rational_Gefuehle_n/m	20	fraction_emotion	9
german	gebrochen-rational_Gefuehle_n/m	21	fraction_emotion	10
german	gebrochen-rational_Gefuehle_n/m	21	fraction_emotion	11
german	gebrochen-rational_Gefuehle_n/m	21	fraction_emotion	12
german	gebrochen-rational_Gefuehle_n/m	21	fraction_emotion	13
german	gebrochen-rational_Gefuehle_n/m	21	fraction_emotion	14
german	gebrochen-rational_Gefuehle_n/m	21	fraction_emotion	15
german	gebrochen-rational_Gefuehle_n/m	21	fraction_emotion	16
german	gebrochen-rational_Gefuehle_n/m	21	fraction_emotion	17
german	gebrochen-rational_Gefuehle_n/m	21	fraction_emotion	18
german	gebrochen-rational_Gefuehle_n/m	21	fraction_emotion	19
german	gebrochen-rational_Gefuehle_n/m	21	fraction_emotion	2
german	gebrochen-rational_Gefuehle_n/m	21	fraction_emotion	20
german	gebrochen-rational_Gefuehle_n/m	21	fraction_emotion	21
german	gebrochen-rational_Gefuehle_n/m	21	fraction_emotion	22
german	gebrochen-rational_Gefuehle_n/m	21	fraction_emotion	23
german	gebrochen-rational_Gefuehle_n/m	21	fraction_emotion	3
german	gebrochen-rational_Gefuehle_n/m	21	fraction_emotion	4
german	gebrochen-rational_Gefuehle_n/m	21	fraction_emotion	5
german	gebrochen-rational_Gefuehle_n/m	21	fraction_emotion	6
german	gebrochen-rational_Gefuehle_n/m	21	fraction_emotion	7
german	gebrochen-rational_Gefuehle_n/m	21	fraction_emotion	8
german	gebrochen-rational_Gefuehle_n/m	21	fraction_emotion	9
german	gebrochen-rational_Gefuehle_n/m	22	fraction_emotion	10
german	gebrochen-rational_Gefuehle_n/m	22	fraction_emotion	11
german	gebrochen-rational_Gefuehle_n/m	22	fraction_emotion	12
german	gebrochen-rational_Gefuehle_n/m	22	fraction_emotion	13
german	gebrochen-rational_Gefuehle_n/m	22	fraction_emotion	14
german	gebrochen-rational_Gefuehle_n/m	22	fraction_emotion	15
german	gebrochen-rational_Gefuehle_n/m	22	fraction_emotion	16
german	gebrochen-rational_Gefuehle_n/m	22	fraction_emotion	17
german	gebrochen-rational_Gefuehle_n/m	22	fraction_emotion	18
german	gebrochen-rational_Gefuehle_n/m	22	fraction_emotion	19
german	gebrochen-rational_Gefuehle_n/m	22	fraction_emotion	2
german	gebrochen-rational_Gefuehle_n/m	22	fraction_emotion	20
german	gebrochen-rational_Gefuehle_n/m	22	fraction_emotion	21
german	gebrochen-rational_Gefuehle_n/m	22	fraction_emotion	22
german	gebrochen-rational_Gefuehle_n/m	22	fraction_emotion	23
german	gebrochen-rational_Gefuehle_n/m	22	fraction_emotion	3
german	gebrochen-rational_Gefuehle_n/m	22	fraction_emotion	4
german	gebrochen-rational_Gefuehle_n/m	22	fraction_emotion	5
german	gebrochen-rational_Gefuehle_n/m	22	fraction_emotion	6
german	gebrochen-rational_Gefuehle_n/m	22	fraction_emotion	7
german	gebrochen-rational_Gefuehle_n/m	22	fraction_emotion	8
german	gebrochen-rational_Gefuehle_n/m	22	fraction_emotion	9
german	gebrochen-rational_Gefuehle_n/m	23	fraction_emotion	10
german	gebrochen-rational_Gefuehle_n/m	23	fraction_emotion	11
german	gebrochen-rational_Gefuehle_n/m	23	fraction_emotion	12
german	gebrochen-rational_Gefuehle_n/m	23	fraction_emotion	13
german	gebrochen-rational_Gefuehle_n/m	23	fraction_emotion	14
german	gebrochen-rational_Gefuehle_n/m	23	fraction_emotion	15
german	gebrochen-rational_Gefuehle_n/m	23	fraction_emotion	16
german	gebrochen-rational_Gefuehle_n/m	23	fraction_emotion	17
german	gebrochen-rational_Gefuehle_n/m	23	fraction_emotion	18
german	gebrochen-rational_Gefuehle_n/m	23	fraction_emotion	19
german	gebrochen-rational_Gefuehle_n/m	23	fraction_emotion	2
german	gebrochen-rational_Gefuehle_n/m	23	fraction_emotion	20
german	gebrochen-rational_Gefuehle_n/m	23	fraction_emotion	21
german	gebrochen-rational_Gefuehle_n/m	23	fraction_emotion	22
german	gebrochen-rational_Gefuehle_n/m	23	fraction_emotion	23
german	gebrochen-rational_Gefuehle_n/m	23	fraction_emotion	3
german	gebrochen-rational_Gefuehle_n/m	23	fraction_emotion	4
german	gebrochen-rational_Gefuehle_n/m	23	fraction_emotion	5
german	gebrochen-rational_Gefuehle_n/m	23	fraction_emotion	6
german	gebrochen-rational_Gefuehle_n/m	23	fraction_emotion	7
german	gebrochen-rational_Gefuehle_n/m	23	fraction_emotion	8
german	gebrochen-rational_Gefuehle_n/m	23	fraction_emotion	9
german	gebrochen-rational_Gefuehle_n/m	3	fraction_emotion	10
german	gebrochen-rational_Gefuehle_n/m	3	fraction_emotion	11
german	gebrochen-rational_Gefuehle_n/m	3	fraction_emotion	12
german	gebrochen-rational_Gefuehle_n/m	3	fraction_emotion	13
german	gebrochen-rational_Gefuehle_n/m	3	fraction_emotion	14
german	gebrochen-rational_Gefuehle_n/m	3	fraction_emotion	15
german	gebrochen-rational_Gefuehle_n/m	3	fraction_emotion	16
german	gebrochen-rational_Gefuehle_n/m	3	fraction_emotion	17
german	gebrochen-rational_Gefuehle_n/m	3	fraction_emotion	18
german	gebrochen-rational_Gefuehle_n/m	3	fraction_emotion	19
german	gebrochen-rational_Gefuehle_n/m	3	fraction_emotion	2
german	gebrochen-rational_Gefuehle_n/m	3	fraction_emotion	20
german	gebrochen-rational_Gefuehle_n/m	3	fraction_emotion	21
german	gebrochen-rational_Gefuehle_n/m	3	fraction_emotion	22
german	gebrochen-rational_Gefuehle_n/m	3	fraction_emotion	23
german	gebrochen-rational_Gefuehle_n/m	3	fraction_emotion	3
german	gebrochen-rational_Gefuehle_n/m	3	fraction_emotion	4
german	gebrochen-rational_Gefuehle_n/m	3	fraction_emotion	5
german	gebrochen-rational_Gefuehle_n/m	3	fraction_emotion	6
german	gebrochen-rational_Gefuehle_n/m	3	fraction_emotion	7
german	gebrochen-rational_Gefuehle_n/m	3	fraction_emotion	8
german	gebrochen-rational_Gefuehle_n/m	3	fraction_emotion	9
german	gebrochen-rational_Gefuehle_n/m	4	fraction_emotion	10
german	gebrochen-rational_Gefuehle_n/m	4	fraction_emotion	11
german	gebrochen-rational_Gefuehle_n/m	4	fraction_emotion	12
german	gebrochen-rational_Gefuehle_n/m	4	fraction_emotion	13
german	gebrochen-rational_Gefuehle_n/m	4	fraction_emotion	14
german	gebrochen-rational_Gefuehle_n/m	4	fraction_emotion	15
german	gebrochen-rational_Gefuehle_n/m	4	fraction_emotion	16
german	gebrochen-rational_Gefuehle_n/m	4	fraction_emotion	17
german	gebrochen-rational_Gefuehle_n/m	4	fraction_emotion	18
german	gebrochen-rational_Gefuehle_n/m	4	fraction_emotion	19
german	gebrochen-rational_Gefuehle_n/m	4	fraction_emotion	2
german	gebrochen-rational_Gefuehle_n/m	4	fraction_emotion	20
german	gebrochen-rational_Gefuehle_n/m	4	fraction_emotion	21
german	gebrochen-rational_Gefuehle_n/m	4	fraction_emotion	22
german	gebrochen-rational_Gefuehle_n/m	4	fraction_emotion	23
german	gebrochen-rational_Gefuehle_n/m	4	fraction_emotion	3
german	gebrochen-rational_Gefuehle_n/m	4	fraction_emotion	4
german	gebrochen-rational_Gefuehle_n/m	4	fraction_emotion	5
german	gebrochen-rational_Gefuehle_n/m	4	fraction_emotion	6
german	gebrochen-rational_Gefuehle_n/m	4	fraction_emotion	7
german	gebrochen-rational_Gefuehle_n/m	4	fraction_emotion	8
german	gebrochen-rational_Gefuehle_n/m	4	fraction_emotion	9
german	gebrochen-rational_Gefuehle_n/m	5	fraction_emotion	10
german	gebrochen-rational_Gefuehle_n/m	5	fraction_emotion	11
german	gebrochen-rational_Gefuehle_n/m	5	fraction_emotion	12
german	gebrochen-rational_Gefuehle_n/m	5	fraction_emotion	13
german	gebrochen-rational_Gefuehle_n/m	5	fraction_emotion	14
german	gebrochen-rational_Gefuehle_n/m	5	fraction_emotion	15
german	gebrochen-rational_Gefuehle_n/m	5	fraction_emotion	16
german	gebrochen-rational_Gefuehle_n/m	5	fraction_emotion	17
german	gebrochen-rational_Gefuehle_n/m	5	fraction_emotion	18
german	gebrochen-rational_Gefuehle_n/m	5	fraction_emotion	19
german	gebrochen-rational_Gefuehle_n/m	5	fraction_emotion	2
german	gebrochen-rational_Gefuehle_n/m	5	fraction_emotion	20
german	gebrochen-rational_Gefuehle_n/m	5	fraction_emotion	21
german	gebrochen-rational_Gefuehle_n/m	5	fraction_emotion	22
german	gebrochen-rational_Gefuehle_n/m	5	fraction_emotion	23
german	gebrochen-rational_Gefuehle_n/m	5	fraction_emotion	3
german	gebrochen-rational_Gefuehle_n/m	5	fraction_emotion	4
german	gebrochen-rational_Gefuehle_n/m	5	fraction_emotion	5
german	gebrochen-rational_Gefuehle_n/m	5	fraction_emotion	6
german	gebrochen-rational_Gefuehle_n/m	5	fraction_emotion	7
german	gebrochen-rational_Gefuehle_n/m	5	fraction_emotion	8
german	gebrochen-rational_Gefuehle_n/m	5	fraction_emotion	9
german	gebrochen-rational_Gefuehle_n/m	6	fraction_emotion	10
german	gebrochen-rational_Gefuehle_n/m	6	fraction_emotion	11
german	gebrochen-rational_Gefuehle_n/m	6	fraction_emotion	12
german	gebrochen-rational_Gefuehle_n/m	6	fraction_emotion	13
german	gebrochen-rational_Gefuehle_n/m	6	fraction_emotion	14
german	gebrochen-rational_Gefuehle_n/m	6	fraction_emotion	15
german	gebrochen-rational_Gefuehle_n/m	6	fraction_emotion	16
german	gebrochen-rational_Gefuehle_n/m	6	fraction_emotion	17
german	gebrochen-rational_Gefuehle_n/m	6	fraction_emotion	18
german	gebrochen-rational_Gefuehle_n/m	6	fraction_emotion	19
german	gebrochen-rational_Gefuehle_n/m	6	fraction_emotion	2
german	gebrochen-rational_Gefuehle_n/m	6	fraction_emotion	20
german	gebrochen-rational_Gefuehle_n/m	6	fraction_emotion	21
german	gebrochen-rational_Gefuehle_n/m	6	fraction_emotion	22
german	gebrochen-rational_Gefuehle_n/m	6	fraction_emotion	23
german	gebrochen-rational_Gefuehle_n/m	6	fraction_emotion	3
german	gebrochen-rational_Gefuehle_n/m	6	fraction_emotion	4
german	gebrochen-rational_Gefuehle_n/m	6	fraction_emotion	5
german	gebrochen-rational_Gefuehle_n/m	6	fraction_emotion	6
german	gebrochen-rational_Gefuehle_n/m	6	fraction_emotion	7
german	gebrochen-rational_Gefuehle_n/m	6	fraction_emotion	8
german	gebrochen-rational_Gefuehle_n/m	6	fraction_emotion	9
german	gebrochen-rational_Gefuehle_n/m	7	fraction_emotion	10
german	gebrochen-rational_Gefuehle_n/m	7	fraction_emotion	11
german	gebrochen-rational_Gefuehle_n/m	7	fraction_emotion	12
german	gebrochen-rational_Gefuehle_n/m	7	fraction_emotion	13
german	gebrochen-rational_Gefuehle_n/m	7	fraction_emotion	14
german	gebrochen-rational_Gefuehle_n/m	7	fraction_emotion	15
german	gebrochen-rational_Gefuehle_n/m	7	fraction_emotion	16
german	gebrochen-rational_Gefuehle_n/m	7	fraction_emotion	17
german	gebrochen-rational_Gefuehle_n/m	7	fraction_emotion	18
german	gebrochen-rational_Gefuehle_n/m	7	fraction_emotion	19
german	gebrochen-rational_Gefuehle_n/m	7	fraction_emotion	2
german	gebrochen-rational_Gefuehle_n/m	7	fraction_emotion	20
german	gebrochen-rational_Gefuehle_n/m	7	fraction_emotion	21
german	gebrochen-rational_Gefuehle_n/m	7	fraction_emotion	22
german	gebrochen-rational_Gefuehle_n/m	7	fraction_emotion	23
german	gebrochen-rational_Gefuehle_n/m	7	fraction_emotion	3
german	gebrochen-rational_Gefuehle_n/m	7	fraction_emotion	4
german	gebrochen-rational_Gefuehle_n/m	7	fraction_emotion	5
german	gebrochen-rational_Gefuehle_n/m	7	fraction_emotion	6
german	gebrochen-rational_Gefuehle_n/m	7	fraction_emotion	7
german	gebrochen-rational_Gefuehle_n/m	7	fraction_emotion	8
german	gebrochen-rational_Gefuehle_n/m	7	fraction_emotion	9
german	gebrochen-rational_Gefuehle_n/m	8	fraction_emotion	10
german	gebrochen-rational_Gefuehle_n/m	8	fraction_emotion	11
german	gebrochen-rational_Gefuehle_n/m	8	fraction_emotion	12
german	gebrochen-rational_Gefuehle_n/m	8	fraction_emotion	13
german	gebrochen-rational_Gefuehle_n/m	8	fraction_emotion	14
german	gebrochen-rational_Gefuehle_n/m	8	fraction_emotion	15
german	gebrochen-rational_Gefuehle_n/m	8	fraction_emotion	16
german	gebrochen-rational_Gefuehle_n/m	8	fraction_emotion	17
german	gebrochen-rational_Gefuehle_n/m	8	fraction_emotion	18
german	gebrochen-rational_Gefuehle_n/m	8	fraction_emotion	19
german	gebrochen-rational_Gefuehle_n/m	8	fraction_emotion	2
german	gebrochen-rational_Gefuehle_n/m	8	fraction_emotion	20
german	gebrochen-rational_Gefuehle_n/m	8	fraction_emotion	21
german	gebrochen-rational_Gefuehle_n/m	8	fraction_emotion	22
german	gebrochen-rational_Gefuehle_n/m	8	fraction_emotion	23
german	gebrochen-rational_Gefuehle_n/m	8	fraction_emotion	3
german	gebrochen-rational_Gefuehle_n/m	8	fraction_emotion	4
german	gebrochen-rational_Gefuehle_n/m	8	fraction_emotion	5
german	gebrochen-rational_Gefuehle_n/m	8	fraction_emotion	6
german	gebrochen-rational_Gefuehle_n/m	8	fraction_emotion	7
german	gebrochen-rational_Gefuehle_n/m	8	fraction_emotion	8
german	gebrochen-rational_Gefuehle_n/m	8	fraction_emotion	9
german	gebrochen-rational_Gefuehle_n/m	9	fraction_emotion	10
german	gebrochen-rational_Gefuehle_n/m	9	fraction_emotion	11
german	gebrochen-rational_Gefuehle_n/m	9	fraction_emotion	12
german	gebrochen-rational_Gefuehle_n/m	9	fraction_emotion	13
german	gebrochen-rational_Gefuehle_n/m	9	fraction_emotion	14
german	gebrochen-rational_Gefuehle_n/m	9	fraction_emotion	15
german	gebrochen-rational_Gefuehle_n/m	9	fraction_emotion	16
german	gebrochen-rational_Gefuehle_n/m	9	fraction_emotion	17
german	gebrochen-rational_Gefuehle_n/m	9	fraction_emotion	18
german	gebrochen-rational_Gefuehle_n/m	9	fraction_emotion	19
german	gebrochen-rational_Gefuehle_n/m	9	fraction_emotion	2
german	gebrochen-rational_Gefuehle_n/m	9	fraction_emotion	20
german	gebrochen-rational_Gefuehle_n/m	9	fraction_emotion	21
german	gebrochen-rational_Gefuehle_n/m	9	fraction_emotion	22
german	gebrochen-rational_Gefuehle_n/m	9	fraction_emotion	23
german	gebrochen-rational_Gefuehle_n/m	9	fraction_emotion	3
german	gebrochen-rational_Gefuehle_n/m	9	fraction_emotion	4
german	gebrochen-rational_Gefuehle_n/m	9	fraction_emotion	5
german	gebrochen-rational_Gefuehle_n/m	9	fraction_emotion	6
german	gebrochen-rational_Gefuehle_n/m	9	fraction_emotion	7
german	gebrochen-rational_Gefuehle_n/m	9	fraction_emotion	8
german	gebrochen-rational_Gefuehle_n/m	9	fraction_emotion	9
german	gebrochen-rational_Strukturgroesse_n/m	10	fraction_size	10
german	gebrochen-rational_Strukturgroesse_n/m	10	fraction_size	11
german	gebrochen-rational_Strukturgroesse_n/m	10	fraction_size	12
german	gebrochen-rational_Strukturgroesse_n/m	10	fraction_size	13
german	gebrochen-rational_Strukturgroesse_n/m	10	fraction_size	14
german	gebrochen-rational_Strukturgroesse_n/m	10	fraction_size	15
german	gebrochen-rational_Strukturgroesse_n/m	10	fraction_size	16
german	gebrochen-rational_Strukturgroesse_n/m	10	fraction_size	17
german	gebrochen-rational_Strukturgroesse_n/m	10	fraction_size	18
german	gebrochen-rational_Strukturgroesse_n/m	10	fraction_size	19
german	gebrochen-rational_Strukturgroesse_n/m	10	fraction_size	2
german	gebrochen-rational_Strukturgroesse_n/m	10	fraction_size	20
german	gebrochen-rational_Strukturgroesse_n/m	10	fraction_size	21
german	gebrochen-rational_Strukturgroesse_n/m	10	fraction_size	22
german	gebrochen-rational_Strukturgroesse_n/m	10	fraction_size	23
german	gebrochen-rational_Strukturgroesse_n/m	10	fraction_size	3
german	gebrochen-rational_Strukturgroesse_n/m	10	fraction_size	4
german	gebrochen-rational_Strukturgroesse_n/m	10	fraction_size	5
german	gebrochen-rational_Strukturgroesse_n/m	10	fraction_size	6
german	gebrochen-rational_Strukturgroesse_n/m	10	fraction_size	7
german	gebrochen-rational_Strukturgroesse_n/m	10	fraction_size	8
german	gebrochen-rational_Strukturgroesse_n/m	10	fraction_size	9
german	gebrochen-rational_Strukturgroesse_n/m	11	fraction_size	10
german	gebrochen-rational_Strukturgroesse_n/m	11	fraction_size	11
german	gebrochen-rational_Strukturgroesse_n/m	11	fraction_size	12
german	gebrochen-rational_Strukturgroesse_n/m	11	fraction_size	13
german	gebrochen-rational_Strukturgroesse_n/m	11	fraction_size	14
german	gebrochen-rational_Strukturgroesse_n/m	11	fraction_size	15
german	gebrochen-rational_Strukturgroesse_n/m	11	fraction_size	16
german	gebrochen-rational_Strukturgroesse_n/m	11	fraction_size	17
german	gebrochen-rational_Strukturgroesse_n/m	11	fraction_size	18
german	gebrochen-rational_Strukturgroesse_n/m	11	fraction_size	19
german	gebrochen-rational_Strukturgroesse_n/m	11	fraction_size	2
german	gebrochen-rational_Strukturgroesse_n/m	11	fraction_size	20
german	gebrochen-rational_Strukturgroesse_n/m	11	fraction_size	21
german	gebrochen-rational_Strukturgroesse_n/m	11	fraction_size	22
german	gebrochen-rational_Strukturgroesse_n/m	11	fraction_size	23
german	gebrochen-rational_Strukturgroesse_n/m	11	fraction_size	3
german	gebrochen-rational_Strukturgroesse_n/m	11	fraction_size	4
german	gebrochen-rational_Strukturgroesse_n/m	11	fraction_size	5
german	gebrochen-rational_Strukturgroesse_n/m	11	fraction_size	6
german	gebrochen-rational_Strukturgroesse_n/m	11	fraction_size	7
german	gebrochen-rational_Strukturgroesse_n/m	11	fraction_size	8
german	gebrochen-rational_Strukturgroesse_n/m	11	fraction_size	9
german	gebrochen-rational_Strukturgroesse_n/m	12	fraction_size	10
german	gebrochen-rational_Strukturgroesse_n/m	12	fraction_size	11
german	gebrochen-rational_Strukturgroesse_n/m	12	fraction_size	12
german	gebrochen-rational_Strukturgroesse_n/m	12	fraction_size	13
german	gebrochen-rational_Strukturgroesse_n/m	12	fraction_size	14
german	gebrochen-rational_Strukturgroesse_n/m	12	fraction_size	15
german	gebrochen-rational_Strukturgroesse_n/m	12	fraction_size	16
german	gebrochen-rational_Strukturgroesse_n/m	12	fraction_size	17
german	gebrochen-rational_Strukturgroesse_n/m	12	fraction_size	18
german	gebrochen-rational_Strukturgroesse_n/m	12	fraction_size	19
german	gebrochen-rational_Strukturgroesse_n/m	12	fraction_size	2
german	gebrochen-rational_Strukturgroesse_n/m	12	fraction_size	20
german	gebrochen-rational_Strukturgroesse_n/m	12	fraction_size	21
german	gebrochen-rational_Strukturgroesse_n/m	12	fraction_size	22
german	gebrochen-rational_Strukturgroesse_n/m	12	fraction_size	23
german	gebrochen-rational_Strukturgroesse_n/m	12	fraction_size	3
german	gebrochen-rational_Strukturgroesse_n/m	12	fraction_size	4
german	gebrochen-rational_Strukturgroesse_n/m	12	fraction_size	5
german	gebrochen-rational_Strukturgroesse_n/m	12	fraction_size	6
german	gebrochen-rational_Strukturgroesse_n/m	12	fraction_size	7
german	gebrochen-rational_Strukturgroesse_n/m	12	fraction_size	8
german	gebrochen-rational_Strukturgroesse_n/m	12	fraction_size	9
german	gebrochen-rational_Strukturgroesse_n/m	13	fraction_size	10
german	gebrochen-rational_Strukturgroesse_n/m	13	fraction_size	11
german	gebrochen-rational_Strukturgroesse_n/m	13	fraction_size	12
german	gebrochen-rational_Strukturgroesse_n/m	13	fraction_size	13
german	gebrochen-rational_Strukturgroesse_n/m	13	fraction_size	14
german	gebrochen-rational_Strukturgroesse_n/m	13	fraction_size	15
german	gebrochen-rational_Strukturgroesse_n/m	13	fraction_size	16
german	gebrochen-rational_Strukturgroesse_n/m	13	fraction_size	17
german	gebrochen-rational_Strukturgroesse_n/m	13	fraction_size	18
german	gebrochen-rational_Strukturgroesse_n/m	13	fraction_size	19
german	gebrochen-rational_Strukturgroesse_n/m	13	fraction_size	2
german	gebrochen-rational_Strukturgroesse_n/m	13	fraction_size	20
german	gebrochen-rational_Strukturgroesse_n/m	13	fraction_size	21
german	gebrochen-rational_Strukturgroesse_n/m	13	fraction_size	22
german	gebrochen-rational_Strukturgroesse_n/m	13	fraction_size	23
german	gebrochen-rational_Strukturgroesse_n/m	13	fraction_size	3
german	gebrochen-rational_Strukturgroesse_n/m	13	fraction_size	4
german	gebrochen-rational_Strukturgroesse_n/m	13	fraction_size	5
german	gebrochen-rational_Strukturgroesse_n/m	13	fraction_size	6
german	gebrochen-rational_Strukturgroesse_n/m	13	fraction_size	7
german	gebrochen-rational_Strukturgroesse_n/m	13	fraction_size	8
german	gebrochen-rational_Strukturgroesse_n/m	13	fraction_size	9
german	gebrochen-rational_Strukturgroesse_n/m	14	fraction_size	10
german	gebrochen-rational_Strukturgroesse_n/m	14	fraction_size	11
german	gebrochen-rational_Strukturgroesse_n/m	14	fraction_size	12
german	gebrochen-rational_Strukturgroesse_n/m	14	fraction_size	13
german	gebrochen-rational_Strukturgroesse_n/m	14	fraction_size	14
german	gebrochen-rational_Strukturgroesse_n/m	14	fraction_size	15
german	gebrochen-rational_Strukturgroesse_n/m	14	fraction_size	16
german	gebrochen-rational_Strukturgroesse_n/m	14	fraction_size	17
german	gebrochen-rational_Strukturgroesse_n/m	14	fraction_size	18
german	gebrochen-rational_Strukturgroesse_n/m	14	fraction_size	19
german	gebrochen-rational_Strukturgroesse_n/m	14	fraction_size	2
german	gebrochen-rational_Strukturgroesse_n/m	14	fraction_size	20
german	gebrochen-rational_Strukturgroesse_n/m	14	fraction_size	21
german	gebrochen-rational_Strukturgroesse_n/m	14	fraction_size	22
german	gebrochen-rational_Strukturgroesse_n/m	14	fraction_size	23
german	gebrochen-rational_Strukturgroesse_n/m	14	fraction_size	3
german	gebrochen-rational_Strukturgroesse_n/m	14	fraction_size	4
german	gebrochen-rational_Strukturgroesse_n/m	14	fraction_size	5
german	gebrochen-rational_Strukturgroesse_n/m	14	fraction_size	6
german	gebrochen-rational_Strukturgroesse_n/m	14	fraction_size	7
german	gebrochen-rational_Strukturgroesse_n/m	14	fraction_size	8
german	gebrochen-rational_Strukturgroesse_n/m	14	fraction_size	9
german	gebrochen-rational_Strukturgroesse_n/m	15	fraction_size	10
german	gebrochen-rational_Strukturgroesse_n/m	15	fraction_size	11
german	gebrochen-rational_Strukturgroesse_n/m	15	fraction_size	12
german	gebrochen-rational_Strukturgroesse_n/m	15	fraction_size	13
german	gebrochen-rational_Strukturgroesse_n/m	15	fraction_size	14
german	gebrochen-rational_Strukturgroesse_n/m	15	fraction_size	15
german	gebrochen-rational_Strukturgroesse_n/m	15	fraction_size	16
german	gebrochen-rational_Strukturgroesse_n/m	15	fraction_size	17
german	gebrochen-rational_Strukturgroesse_n/m	15	fraction_size	18
german	gebrochen-rational_Strukturgroesse_n/m	15	fraction_size	19
german	gebrochen-rational_Strukturgroesse_n/m	15	fraction_size	2
german	gebrochen-rational_Strukturgroesse_n/m	15	fraction_size	20
german	gebrochen-rational_Strukturgroesse_n/m	15	fraction_size	21
german	gebrochen-rational_Strukturgroesse_n/m	15	fraction_size	22
german	gebrochen-rational_Strukturgroesse_n/m	15	fraction_size	23
german	gebrochen-rational_Strukturgroesse_n/m	15	fraction_size	3
german	gebrochen-rational_Strukturgroesse_n/m	15	fraction_size	4
german	gebrochen-rational_Strukturgroesse_n/m	15	fraction_size	5
german	gebrochen-rational_Strukturgroesse_n/m	15	fraction_size	6
german	gebrochen-rational_Strukturgroesse_n/m	15	fraction_size	7
german	gebrochen-rational_Strukturgroesse_n/m	15	fraction_size	8
german	gebrochen-rational_Strukturgroesse_n/m	15	fraction_size	9
german	gebrochen-rational_Strukturgroesse_n/m	16	fraction_size	10
german	gebrochen-rational_Strukturgroesse_n/m	16	fraction_size	11
german	gebrochen-rational_Strukturgroesse_n/m	16	fraction_size	12
german	gebrochen-rational_Strukturgroesse_n/m	16	fraction_size	13
german	gebrochen-rational_Strukturgroesse_n/m	16	fraction_size	14
german	gebrochen-rational_Strukturgroesse_n/m	16	fraction_size	15
german	gebrochen-rational_Strukturgroesse_n/m	16	fraction_size	16
german	gebrochen-rational_Strukturgroesse_n/m	16	fraction_size	17
german	gebrochen-rational_Strukturgroesse_n/m	16	fraction_size	18
german	gebrochen-rational_Strukturgroesse_n/m	16	fraction_size	19
german	gebrochen-rational_Strukturgroesse_n/m	16	fraction_size	2
german	gebrochen-rational_Strukturgroesse_n/m	16	fraction_size	20
german	gebrochen-rational_Strukturgroesse_n/m	16	fraction_size	21
german	gebrochen-rational_Strukturgroesse_n/m	16	fraction_size	22
german	gebrochen-rational_Strukturgroesse_n/m	16	fraction_size	23
german	gebrochen-rational_Strukturgroesse_n/m	16	fraction_size	3
german	gebrochen-rational_Strukturgroesse_n/m	16	fraction_size	4
german	gebrochen-rational_Strukturgroesse_n/m	16	fraction_size	5
german	gebrochen-rational_Strukturgroesse_n/m	16	fraction_size	6
german	gebrochen-rational_Strukturgroesse_n/m	16	fraction_size	7
german	gebrochen-rational_Strukturgroesse_n/m	16	fraction_size	8
german	gebrochen-rational_Strukturgroesse_n/m	16	fraction_size	9
german	gebrochen-rational_Strukturgroesse_n/m	17	fraction_size	10
german	gebrochen-rational_Strukturgroesse_n/m	17	fraction_size	11
german	gebrochen-rational_Strukturgroesse_n/m	17	fraction_size	12
german	gebrochen-rational_Strukturgroesse_n/m	17	fraction_size	13
german	gebrochen-rational_Strukturgroesse_n/m	17	fraction_size	14
german	gebrochen-rational_Strukturgroesse_n/m	17	fraction_size	15
german	gebrochen-rational_Strukturgroesse_n/m	17	fraction_size	16
german	gebrochen-rational_Strukturgroesse_n/m	17	fraction_size	17
german	gebrochen-rational_Strukturgroesse_n/m	17	fraction_size	18
german	gebrochen-rational_Strukturgroesse_n/m	17	fraction_size	19
german	gebrochen-rational_Strukturgroesse_n/m	17	fraction_size	2
german	gebrochen-rational_Strukturgroesse_n/m	17	fraction_size	20
german	gebrochen-rational_Strukturgroesse_n/m	17	fraction_size	21
german	gebrochen-rational_Strukturgroesse_n/m	17	fraction_size	22
german	gebrochen-rational_Strukturgroesse_n/m	17	fraction_size	23
german	gebrochen-rational_Strukturgroesse_n/m	17	fraction_size	3
german	gebrochen-rational_Strukturgroesse_n/m	17	fraction_size	4
german	gebrochen-rational_Strukturgroesse_n/m	17	fraction_size	5
german	gebrochen-rational_Strukturgroesse_n/m	17	fraction_size	6
german	gebrochen-rational_Strukturgroesse_n/m	17	fraction_size	7
german	gebrochen-rational_Strukturgroesse_n/m	17	fraction_size	8
german	gebrochen-rational_Strukturgroesse_n/m	17	fraction_size	9
german	gebrochen-rational_Strukturgroesse_n/m	18	fraction_size	10
german	gebrochen-rational_Strukturgroesse_n/m	18	fraction_size	11
german	gebrochen-rational_Strukturgroesse_n/m	18	fraction_size	12
german	gebrochen-rational_Strukturgroesse_n/m	18	fraction_size	13
german	gebrochen-rational_Strukturgroesse_n/m	18	fraction_size	14
german	gebrochen-rational_Strukturgroesse_n/m	18	fraction_size	15
german	gebrochen-rational_Strukturgroesse_n/m	18	fraction_size	16
german	gebrochen-rational_Strukturgroesse_n/m	18	fraction_size	17
german	gebrochen-rational_Strukturgroesse_n/m	18	fraction_size	18
german	gebrochen-rational_Strukturgroesse_n/m	18	fraction_size	19
german	gebrochen-rational_Strukturgroesse_n/m	18	fraction_size	2
german	gebrochen-rational_Strukturgroesse_n/m	18	fraction_size	20
german	gebrochen-rational_Strukturgroesse_n/m	18	fraction_size	21
german	gebrochen-rational_Strukturgroesse_n/m	18	fraction_size	22
german	gebrochen-rational_Strukturgroesse_n/m	18	fraction_size	23
german	gebrochen-rational_Strukturgroesse_n/m	18	fraction_size	3
german	gebrochen-rational_Strukturgroesse_n/m	18	fraction_size	4
german	gebrochen-rational_Strukturgroesse_n/m	18	fraction_size	5
german	gebrochen-rational_Strukturgroesse_n/m	18	fraction_size	6
german	gebrochen-rational_Strukturgroesse_n/m	18	fraction_size	7
german	gebrochen-rational_Strukturgroesse_n/m	18	fraction_size	8
german	gebrochen-rational_Strukturgroesse_n/m	18	fraction_size	9
german	gebrochen-rational_Strukturgroesse_n/m	19	fraction_size	10
german	gebrochen-rational_Strukturgroesse_n/m	19	fraction_size	11
german	gebrochen-rational_Strukturgroesse_n/m	19	fraction_size	12
german	gebrochen-rational_Strukturgroesse_n/m	19	fraction_size	13
german	gebrochen-rational_Strukturgroesse_n/m	19	fraction_size	14
german	gebrochen-rational_Strukturgroesse_n/m	19	fraction_size	15
german	gebrochen-rational_Strukturgroesse_n/m	19	fraction_size	16
german	gebrochen-rational_Strukturgroesse_n/m	19	fraction_size	17
german	gebrochen-rational_Strukturgroesse_n/m	19	fraction_size	18
german	gebrochen-rational_Strukturgroesse_n/m	19	fraction_size	19
german	gebrochen-rational_Strukturgroesse_n/m	19	fraction_size	2
german	gebrochen-rational_Strukturgroesse_n/m	19	fraction_size	20
german	gebrochen-rational_Strukturgroesse_n/m	19	fraction_size	21
german	gebrochen-rational_Strukturgroesse_n/m	19	fraction_size	22
german	gebrochen-rational_Strukturgroesse_n/m	19	fraction_size	23
german	gebrochen-rational_Strukturgroesse_n/m	19	fraction_size	3
german	gebrochen-rational_Strukturgroesse_n/m	19	fraction_size	4
german	gebrochen-rational_Strukturgroesse_n/m	19	fraction_size	5
german	gebrochen-rational_Strukturgroesse_n/m	19	fraction_size	6
german	gebrochen-rational_Strukturgroesse_n/m	19	fraction_size	7
german	gebrochen-rational_Strukturgroesse_n/m	19	fraction_size	8
german	gebrochen-rational_Strukturgroesse_n/m	19	fraction_size	9
german	gebrochen-rational_Strukturgroesse_n/m	2	fraction_size	10
german	gebrochen-rational_Strukturgroesse_n/m	2	fraction_size	11
german	gebrochen-rational_Strukturgroesse_n/m	2	fraction_size	12
german	gebrochen-rational_Strukturgroesse_n/m	2	fraction_size	13
german	gebrochen-rational_Strukturgroesse_n/m	2	fraction_size	14
german	gebrochen-rational_Strukturgroesse_n/m	2	fraction_size	15
german	gebrochen-rational_Strukturgroesse_n/m	2	fraction_size	16
german	gebrochen-rational_Strukturgroesse_n/m	2	fraction_size	17
german	gebrochen-rational_Strukturgroesse_n/m	2	fraction_size	18
german	gebrochen-rational_Strukturgroesse_n/m	2	fraction_size	19
german	gebrochen-rational_Strukturgroesse_n/m	2	fraction_size	2
german	gebrochen-rational_Strukturgroesse_n/m	2	fraction_size	20
german	gebrochen-rational_Strukturgroesse_n/m	2	fraction_size	21
german	gebrochen-rational_Strukturgroesse_n/m	2	fraction_size	22
german	gebrochen-rational_Strukturgroesse_n/m	2	fraction_size	23
german	gebrochen-rational_Strukturgroesse_n/m	2	fraction_size	3
german	gebrochen-rational_Strukturgroesse_n/m	2	fraction_size	4
german	gebrochen-rational_Strukturgroesse_n/m	2	fraction_size	5
german	gebrochen-rational_Strukturgroesse_n/m	2	fraction_size	6
german	gebrochen-rational_Strukturgroesse_n/m	2	fraction_size	7
german	gebrochen-rational_Strukturgroesse_n/m	2	fraction_size	8
german	gebrochen-rational_Strukturgroesse_n/m	2	fraction_size	9
german	gebrochen-rational_Strukturgroesse_n/m	20	fraction_size	10
german	gebrochen-rational_Strukturgroesse_n/m	20	fraction_size	11
german	gebrochen-rational_Strukturgroesse_n/m	20	fraction_size	12
german	gebrochen-rational_Strukturgroesse_n/m	20	fraction_size	13
german	gebrochen-rational_Strukturgroesse_n/m	20	fraction_size	14
german	gebrochen-rational_Strukturgroesse_n/m	20	fraction_size	15
german	gebrochen-rational_Strukturgroesse_n/m	20	fraction_size	16
german	gebrochen-rational_Strukturgroesse_n/m	20	fraction_size	17
german	gebrochen-rational_Strukturgroesse_n/m	20	fraction_size	18
german	gebrochen-rational_Strukturgroesse_n/m	20	fraction_size	19
german	gebrochen-rational_Strukturgroesse_n/m	20	fraction_size	2
german	gebrochen-rational_Strukturgroesse_n/m	20	fraction_size	20
german	gebrochen-rational_Strukturgroesse_n/m	20	fraction_size	21
german	gebrochen-rational_Strukturgroesse_n/m	20	fraction_size	22
german	gebrochen-rational_Strukturgroesse_n/m	20	fraction_size	23
german	gebrochen-rational_Strukturgroesse_n/m	20	fraction_size	3
german	gebrochen-rational_Strukturgroesse_n/m	20	fraction_size	4
german	gebrochen-rational_Strukturgroesse_n/m	20	fraction_size	5
german	gebrochen-rational_Strukturgroesse_n/m	20	fraction_size	6
german	gebrochen-rational_Strukturgroesse_n/m	20	fraction_size	7
german	gebrochen-rational_Strukturgroesse_n/m	20	fraction_size	8
german	gebrochen-rational_Strukturgroesse_n/m	20	fraction_size	9
german	gebrochen-rational_Strukturgroesse_n/m	21	fraction_size	10
german	gebrochen-rational_Strukturgroesse_n/m	21	fraction_size	11
german	gebrochen-rational_Strukturgroesse_n/m	21	fraction_size	12
german	gebrochen-rational_Strukturgroesse_n/m	21	fraction_size	13
german	gebrochen-rational_Strukturgroesse_n/m	21	fraction_size	14
german	gebrochen-rational_Strukturgroesse_n/m	21	fraction_size	15
german	gebrochen-rational_Strukturgroesse_n/m	21	fraction_size	16
german	gebrochen-rational_Strukturgroesse_n/m	21	fraction_size	17
german	gebrochen-rational_Strukturgroesse_n/m	21	fraction_size	18
german	gebrochen-rational_Strukturgroesse_n/m	21	fraction_size	19
german	gebrochen-rational_Strukturgroesse_n/m	21	fraction_size	2
german	gebrochen-rational_Strukturgroesse_n/m	21	fraction_size	20
german	gebrochen-rational_Strukturgroesse_n/m	21	fraction_size	21
german	gebrochen-rational_Strukturgroesse_n/m	21	fraction_size	22
german	gebrochen-rational_Strukturgroesse_n/m	21	fraction_size	23
german	gebrochen-rational_Strukturgroesse_n/m	21	fraction_size	3
german	gebrochen-rational_Strukturgroesse_n/m	21	fraction_size	4
german	gebrochen-rational_Strukturgroesse_n/m	21	fraction_size	5
german	gebrochen-rational_Strukturgroesse_n/m	21	fraction_size	6
german	gebrochen-rational_Strukturgroesse_n/m	21	fraction_size	7
german	gebrochen-rational_Strukturgroesse_n/m	21	fraction_size	8
german	gebrochen-rational_Strukturgroesse_n/m	21	fraction_size	9
german	gebrochen-rational_Strukturgroesse_n/m	22	fraction_size	10
german	gebrochen-rational_Strukturgroesse_n/m	22	fraction_size	11
german	gebrochen-rational_Strukturgroesse_n/m	22	fraction_size	12
german	gebrochen-rational_Strukturgroesse_n/m	22	fraction_size	13
german	gebrochen-rational_Strukturgroesse_n/m	22	fraction_size	14
german	gebrochen-rational_Strukturgroesse_n/m	22	fraction_size	15
german	gebrochen-rational_Strukturgroesse_n/m	22	fraction_size	16
german	gebrochen-rational_Strukturgroesse_n/m	22	fraction_size	17
german	gebrochen-rational_Strukturgroesse_n/m	22	fraction_size	18
german	gebrochen-rational_Strukturgroesse_n/m	22	fraction_size	19
german	gebrochen-rational_Strukturgroesse_n/m	22	fraction_size	2
german	gebrochen-rational_Strukturgroesse_n/m	22	fraction_size	20
german	gebrochen-rational_Strukturgroesse_n/m	22	fraction_size	21
german	gebrochen-rational_Strukturgroesse_n/m	22	fraction_size	22
german	gebrochen-rational_Strukturgroesse_n/m	22	fraction_size	23
german	gebrochen-rational_Strukturgroesse_n/m	22	fraction_size	3
german	gebrochen-rational_Strukturgroesse_n/m	22	fraction_size	4
german	gebrochen-rational_Strukturgroesse_n/m	22	fraction_size	5
german	gebrochen-rational_Strukturgroesse_n/m	22	fraction_size	6
german	gebrochen-rational_Strukturgroesse_n/m	22	fraction_size	7
german	gebrochen-rational_Strukturgroesse_n/m	22	fraction_size	8
german	gebrochen-rational_Strukturgroesse_n/m	22	fraction_size	9
german	gebrochen-rational_Strukturgroesse_n/m	23	fraction_size	10
german	gebrochen-rational_Strukturgroesse_n/m	23	fraction_size	11
german	gebrochen-rational_Strukturgroesse_n/m	23	fraction_size	12
german	gebrochen-rational_Strukturgroesse_n/m	23	fraction_size	13
german	gebrochen-rational_Strukturgroesse_n/m	23	fraction_size	14
german	gebrochen-rational_Strukturgroesse_n/m	23	fraction_size	15
german	gebrochen-rational_Strukturgroesse_n/m	23	fraction_size	16
german	gebrochen-rational_Strukturgroesse_n/m	23	fraction_size	17
german	gebrochen-rational_Strukturgroesse_n/m	23	fraction_size	18
german	gebrochen-rational_Strukturgroesse_n/m	23	fraction_size	19
german	gebrochen-rational_Strukturgroesse_n/m	23	fraction_size	2
german	gebrochen-rational_Strukturgroesse_n/m	23	fraction_size	20
german	gebrochen-rational_Strukturgroesse_n/m	23	fraction_size	21
german	gebrochen-rational_Strukturgroesse_n/m	23	fraction_size	22
german	gebrochen-rational_Strukturgroesse_n/m	23	fraction_size	23
german	gebrochen-rational_Strukturgroesse_n/m	23	fraction_size	3
german	gebrochen-rational_Strukturgroesse_n/m	23	fraction_size	4
german	gebrochen-rational_Strukturgroesse_n/m	23	fraction_size	5
german	gebrochen-rational_Strukturgroesse_n/m	23	fraction_size	6
german	gebrochen-rational_Strukturgroesse_n/m	23	fraction_size	7
german	gebrochen-rational_Strukturgroesse_n/m	23	fraction_size	8
german	gebrochen-rational_Strukturgroesse_n/m	23	fraction_size	9
german	gebrochen-rational_Strukturgroesse_n/m	3	fraction_size	10
german	gebrochen-rational_Strukturgroesse_n/m	3	fraction_size	11
german	gebrochen-rational_Strukturgroesse_n/m	3	fraction_size	12
german	gebrochen-rational_Strukturgroesse_n/m	3	fraction_size	13
german	gebrochen-rational_Strukturgroesse_n/m	3	fraction_size	14
german	gebrochen-rational_Strukturgroesse_n/m	3	fraction_size	15
german	gebrochen-rational_Strukturgroesse_n/m	3	fraction_size	16
german	gebrochen-rational_Strukturgroesse_n/m	3	fraction_size	17
german	gebrochen-rational_Strukturgroesse_n/m	3	fraction_size	18
german	gebrochen-rational_Strukturgroesse_n/m	3	fraction_size	19
german	gebrochen-rational_Strukturgroesse_n/m	3	fraction_size	2
german	gebrochen-rational_Strukturgroesse_n/m	3	fraction_size	20
german	gebrochen-rational_Strukturgroesse_n/m	3	fraction_size	21
german	gebrochen-rational_Strukturgroesse_n/m	3	fraction_size	22
german	gebrochen-rational_Strukturgroesse_n/m	3	fraction_size	23
german	gebrochen-rational_Strukturgroesse_n/m	3	fraction_size	3
german	gebrochen-rational_Strukturgroesse_n/m	3	fraction_size	4
german	gebrochen-rational_Strukturgroesse_n/m	3	fraction_size	5
german	gebrochen-rational_Strukturgroesse_n/m	3	fraction_size	6
german	gebrochen-rational_Strukturgroesse_n/m	3	fraction_size	7
german	gebrochen-rational_Strukturgroesse_n/m	3	fraction_size	8
german	gebrochen-rational_Strukturgroesse_n/m	3	fraction_size	9
german	gebrochen-rational_Strukturgroesse_n/m	4	fraction_size	10
german	gebrochen-rational_Strukturgroesse_n/m	4	fraction_size	11
german	gebrochen-rational_Strukturgroesse_n/m	4	fraction_size	12
german	gebrochen-rational_Strukturgroesse_n/m	4	fraction_size	13
german	gebrochen-rational_Strukturgroesse_n/m	4	fraction_size	14
german	gebrochen-rational_Strukturgroesse_n/m	4	fraction_size	15
german	gebrochen-rational_Strukturgroesse_n/m	4	fraction_size	16
german	gebrochen-rational_Strukturgroesse_n/m	4	fraction_size	17
german	gebrochen-rational_Strukturgroesse_n/m	4	fraction_size	18
german	gebrochen-rational_Strukturgroesse_n/m	4	fraction_size	19
german	gebrochen-rational_Strukturgroesse_n/m	4	fraction_size	2
german	gebrochen-rational_Strukturgroesse_n/m	4	fraction_size	20
german	gebrochen-rational_Strukturgroesse_n/m	4	fraction_size	21
german	gebrochen-rational_Strukturgroesse_n/m	4	fraction_size	22
german	gebrochen-rational_Strukturgroesse_n/m	4	fraction_size	23
german	gebrochen-rational_Strukturgroesse_n/m	4	fraction_size	3
german	gebrochen-rational_Strukturgroesse_n/m	4	fraction_size	4
german	gebrochen-rational_Strukturgroesse_n/m	4	fraction_size	5
german	gebrochen-rational_Strukturgroesse_n/m	4	fraction_size	6
german	gebrochen-rational_Strukturgroesse_n/m	4	fraction_size	7
german	gebrochen-rational_Strukturgroesse_n/m	4	fraction_size	8
german	gebrochen-rational_Strukturgroesse_n/m	4	fraction_size	9
german	gebrochen-rational_Strukturgroesse_n/m	5	fraction_size	10
german	gebrochen-rational_Strukturgroesse_n/m	5	fraction_size	11
german	gebrochen-rational_Strukturgroesse_n/m	5	fraction_size	12
german	gebrochen-rational_Strukturgroesse_n/m	5	fraction_size	13
german	gebrochen-rational_Strukturgroesse_n/m	5	fraction_size	14
german	gebrochen-rational_Strukturgroesse_n/m	5	fraction_size	15
german	gebrochen-rational_Strukturgroesse_n/m	5	fraction_size	16
german	gebrochen-rational_Strukturgroesse_n/m	5	fraction_size	17
german	gebrochen-rational_Strukturgroesse_n/m	5	fraction_size	18
german	gebrochen-rational_Strukturgroesse_n/m	5	fraction_size	19
german	gebrochen-rational_Strukturgroesse_n/m	5	fraction_size	2
german	gebrochen-rational_Strukturgroesse_n/m	5	fraction_size	20
german	gebrochen-rational_Strukturgroesse_n/m	5	fraction_size	21
german	gebrochen-rational_Strukturgroesse_n/m	5	fraction_size	22
german	gebrochen-rational_Strukturgroesse_n/m	5	fraction_size	23
german	gebrochen-rational_Strukturgroesse_n/m	5	fraction_size	3
german	gebrochen-rational_Strukturgroesse_n/m	5	fraction_size	4
german	gebrochen-rational_Strukturgroesse_n/m	5	fraction_size	5
german	gebrochen-rational_Strukturgroesse_n/m	5	fraction_size	6
german	gebrochen-rational_Strukturgroesse_n/m	5	fraction_size	7
german	gebrochen-rational_Strukturgroesse_n/m	5	fraction_size	8
german	gebrochen-rational_Strukturgroesse_n/m	5	fraction_size	9
german	gebrochen-rational_Strukturgroesse_n/m	6	fraction_size	10
german	gebrochen-rational_Strukturgroesse_n/m	6	fraction_size	11
german	gebrochen-rational_Strukturgroesse_n/m	6	fraction_size	12
german	gebrochen-rational_Strukturgroesse_n/m	6	fraction_size	13
german	gebrochen-rational_Strukturgroesse_n/m	6	fraction_size	14
german	gebrochen-rational_Strukturgroesse_n/m	6	fraction_size	15
german	gebrochen-rational_Strukturgroesse_n/m	6	fraction_size	16
german	gebrochen-rational_Strukturgroesse_n/m	6	fraction_size	17
german	gebrochen-rational_Strukturgroesse_n/m	6	fraction_size	18
german	gebrochen-rational_Strukturgroesse_n/m	6	fraction_size	19
german	gebrochen-rational_Strukturgroesse_n/m	6	fraction_size	2
german	gebrochen-rational_Strukturgroesse_n/m	6	fraction_size	20
german	gebrochen-rational_Strukturgroesse_n/m	6	fraction_size	21
german	gebrochen-rational_Strukturgroesse_n/m	6	fraction_size	22
german	gebrochen-rational_Strukturgroesse_n/m	6	fraction_size	23
german	gebrochen-rational_Strukturgroesse_n/m	6	fraction_size	3
german	gebrochen-rational_Strukturgroesse_n/m	6	fraction_size	4
german	gebrochen-rational_Strukturgroesse_n/m	6	fraction_size	5
german	gebrochen-rational_Strukturgroesse_n/m	6	fraction_size	6
german	gebrochen-rational_Strukturgroesse_n/m	6	fraction_size	7
german	gebrochen-rational_Strukturgroesse_n/m	6	fraction_size	8
german	gebrochen-rational_Strukturgroesse_n/m	6	fraction_size	9
german	gebrochen-rational_Strukturgroesse_n/m	7	fraction_size	10
german	gebrochen-rational_Strukturgroesse_n/m	7	fraction_size	11
german	gebrochen-rational_Strukturgroesse_n/m	7	fraction_size	12
german	gebrochen-rational_Strukturgroesse_n/m	7	fraction_size	13
german	gebrochen-rational_Strukturgroesse_n/m	7	fraction_size	14
german	gebrochen-rational_Strukturgroesse_n/m	7	fraction_size	15
german	gebrochen-rational_Strukturgroesse_n/m	7	fraction_size	16
german	gebrochen-rational_Strukturgroesse_n/m	7	fraction_size	17
german	gebrochen-rational_Strukturgroesse_n/m	7	fraction_size	18
german	gebrochen-rational_Strukturgroesse_n/m	7	fraction_size	19
german	gebrochen-rational_Strukturgroesse_n/m	7	fraction_size	2
german	gebrochen-rational_Strukturgroesse_n/m	7	fraction_size	20
german	gebrochen-rational_Strukturgroesse_n/m	7	fraction_size	21
german	gebrochen-rational_Strukturgroesse_n/m	7	fraction_size	22
german	gebrochen-rational_Strukturgroesse_n/m	7	fraction_size	23
german	gebrochen-rational_Strukturgroesse_n/m	7	fraction_size	3
german	gebrochen-rational_Strukturgroesse_n/m	7	fraction_size	4
german	gebrochen-rational_Strukturgroesse_n/m	7	fraction_size	5
german	gebrochen-rational_Strukturgroesse_n/m	7	fraction_size	6
german	gebrochen-rational_Strukturgroesse_n/m	7	fraction_size	7
german	gebrochen-rational_Strukturgroesse_n/m	7	fraction_size	8
german	gebrochen-rational_Strukturgroesse_n/m	7	fraction_size	9
german	gebrochen-rational_Strukturgroesse_n/m	8	fraction_size	10
german	gebrochen-rational_Strukturgroesse_n/m	8	fraction_size	11
german	gebrochen-rational_Strukturgroesse_n/m	8	fraction_size	12
german	gebrochen-rational_Strukturgroesse_n/m	8	fraction_size	13
german	gebrochen-rational_Strukturgroesse_n/m	8	fraction_size	14
german	gebrochen-rational_Strukturgroesse_n/m	8	fraction_size	15
german	gebrochen-rational_Strukturgroesse_n/m	8	fraction_size	16
german	gebrochen-rational_Strukturgroesse_n/m	8	fraction_size	17
german	gebrochen-rational_Strukturgroesse_n/m	8	fraction_size	18
german	gebrochen-rational_Strukturgroesse_n/m	8	fraction_size	19
german	gebrochen-rational_Strukturgroesse_n/m	8	fraction_size	2
german	gebrochen-rational_Strukturgroesse_n/m	8	fraction_size	20
german	gebrochen-rational_Strukturgroesse_n/m	8	fraction_size	21
german	gebrochen-rational_Strukturgroesse_n/m	8	fraction_size	22
german	gebrochen-rational_Strukturgroesse_n/m	8	fraction_size	23
german	gebrochen-rational_Strukturgroesse_n/m	8	fraction_size	3
german	gebrochen-rational_Strukturgroesse_n/m	8	fraction_size	4
german	gebrochen-rational_Strukturgroesse_n/m	8	fraction_size	5
german	gebrochen-rational_Strukturgroesse_n/m	8	fraction_size	6
german	gebrochen-rational_Strukturgroesse_n/m	8	fraction_size	7
german	gebrochen-rational_Strukturgroesse_n/m	8	fraction_size	8
german	gebrochen-rational_Strukturgroesse_n/m	8	fraction_size	9
german	gebrochen-rational_Strukturgroesse_n/m	9	fraction_size	10
german	gebrochen-rational_Strukturgroesse_n/m	9	fraction_size	11
german	gebrochen-rational_Strukturgroesse_n/m	9	fraction_size	12
german	gebrochen-rational_Strukturgroesse_n/m	9	fraction_size	13
german	gebrochen-rational_Strukturgroesse_n/m	9	fraction_size	14
german	gebrochen-rational_Strukturgroesse_n/m	9	fraction_size	15
german	gebrochen-rational_Strukturgroesse_n/m	9	fraction_size	16
german	gebrochen-rational_Strukturgroesse_n/m	9	fraction_size	17
german	gebrochen-rational_Strukturgroesse_n/m	9	fraction_size	18
german	gebrochen-rational_Strukturgroesse_n/m	9	fraction_size	19
german	gebrochen-rational_Strukturgroesse_n/m	9	fraction_size	2
german	gebrochen-rational_Strukturgroesse_n/m	9	fraction_size	20
german	gebrochen-rational_Strukturgroesse_n/m	9	fraction_size	21
german	gebrochen-rational_Strukturgroesse_n/m	9	fraction_size	22
german	gebrochen-rational_Strukturgroesse_n/m	9	fraction_size	23
german	gebrochen-rational_Strukturgroesse_n/m	9	fraction_size	3
german	gebrochen-rational_Strukturgroesse_n/m	9	fraction_size	4
german	gebrochen-rational_Strukturgroesse_n/m	9	fraction_size	5
german	gebrochen-rational_Strukturgroesse_n/m	9	fraction_size	6
german	gebrochen-rational_Strukturgroesse_n/m	9	fraction_size	7
german	gebrochen-rational_Strukturgroesse_n/m	9	fraction_size	8
german	gebrochen-rational_Strukturgroesse_n/m	9	fraction_size	9
german	gebrochen-rational_Universum_n/m	10	fraction_universe	10
german	gebrochen-rational_Universum_n/m	10	fraction_universe	11
german	gebrochen-rational_Universum_n/m	10	fraction_universe	12
german	gebrochen-rational_Universum_n/m	10	fraction_universe	13
german	gebrochen-rational_Universum_n/m	10	fraction_universe	14
german	gebrochen-rational_Universum_n/m	10	fraction_universe	15
german	gebrochen-rational_Universum_n/m	10	fraction_universe	16
german	gebrochen-rational_Universum_n/m	10	fraction_universe	17
german	gebrochen-rational_Universum_n/m	10	fraction_universe	18
german	gebrochen-rational_Universum_n/m	10	fraction_universe	19
german	gebrochen-rational_Universum_n/m	10	fraction_universe	2
german	gebrochen-rational_Universum_n/m	10	fraction_universe	20
german	gebrochen-rational_Universum_n/m	10	fraction_universe	21
german	gebrochen-rational_Universum_n/m	10	fraction_universe	22
german	gebrochen-rational_Universum_n/m	10	fraction_universe	23
german	gebrochen-rational_Universum_n/m	10	fraction_universe	3
german	gebrochen-rational_Universum_n/m	10	fraction_universe	4
german	gebrochen-rational_Universum_n/m	10	fraction_universe	5
german	gebrochen-rational_Universum_n/m	10	fraction_universe	6
german	gebrochen-rational_Universum_n/m	10	fraction_universe	7
german	gebrochen-rational_Universum_n/m	10	fraction_universe	8
german	gebrochen-rational_Universum_n/m	10	fraction_universe	9
german	gebrochen-rational_Universum_n/m	11	fraction_universe	10
german	gebrochen-rational_Universum_n/m	11	fraction_universe	11
german	gebrochen-rational_Universum_n/m	11	fraction_universe	12
german	gebrochen-rational_Universum_n/m	11	fraction_universe	13
german	gebrochen-rational_Universum_n/m	11	fraction_universe	14
german	gebrochen-rational_Universum_n/m	11	fraction_universe	15
german	gebrochen-rational_Universum_n/m	11	fraction_universe	16
german	gebrochen-rational_Universum_n/m	11	fraction_universe	17
german	gebrochen-rational_Universum_n/m	11	fraction_universe	18
german	gebrochen-rational_Universum_n/m	11	fraction_universe	19
german	gebrochen-rational_Universum_n/m	11	fraction_universe	2
german	gebrochen-rational_Universum_n/m	11	fraction_universe	20
german	gebrochen-rational_Universum_n/m	11	fraction_universe	21
german	gebrochen-rational_Universum_n/m	11	fraction_universe	22
german	gebrochen-rational_Universum_n/m	11	fraction_universe	23
german	gebrochen-rational_Universum_n/m	11	fraction_universe	3
german	gebrochen-rational_Universum_n/m	11	fraction_universe	4
german	gebrochen-rational_Universum_n/m	11	fraction_universe	5
german	gebrochen-rational_Universum_n/m	11	fraction_universe	6
german	gebrochen-rational_Universum_n/m	11	fraction_universe	7
german	gebrochen-rational_Universum_n/m	11	fraction_universe	8
german	gebrochen-rational_Universum_n/m	11	fraction_universe	9
german	gebrochen-rational_Universum_n/m	12	fraction_universe	10
german	gebrochen-rational_Universum_n/m	12	fraction_universe	11
german	gebrochen-rational_Universum_n/m	12	fraction_universe	12
german	gebrochen-rational_Universum_n/m	12	fraction_universe	13
german	gebrochen-rational_Universum_n/m	12	fraction_universe	14
german	gebrochen-rational_Universum_n/m	12	fraction_universe	15
german	gebrochen-rational_Universum_n/m	12	fraction_universe	16
german	gebrochen-rational_Universum_n/m	12	fraction_universe	17
german	gebrochen-rational_Universum_n/m	12	fraction_universe	18
german	gebrochen-rational_Universum_n/m	12	fraction_universe	19
german	gebrochen-rational_Universum_n/m	12	fraction_universe	2
german	gebrochen-rational_Universum_n/m	12	fraction_universe	20
german	gebrochen-rational_Universum_n/m	12	fraction_universe	21
german	gebrochen-rational_Universum_n/m	12	fraction_universe	22
german	gebrochen-rational_Universum_n/m	12	fraction_universe	23
german	gebrochen-rational_Universum_n/m	12	fraction_universe	3
german	gebrochen-rational_Universum_n/m	12	fraction_universe	4
german	gebrochen-rational_Universum_n/m	12	fraction_universe	5
german	gebrochen-rational_Universum_n/m	12	fraction_universe	6
german	gebrochen-rational_Universum_n/m	12	fraction_universe	7
german	gebrochen-rational_Universum_n/m	12	fraction_universe	8
german	gebrochen-rational_Universum_n/m	12	fraction_universe	9
german	gebrochen-rational_Universum_n/m	13	fraction_universe	10
german	gebrochen-rational_Universum_n/m	13	fraction_universe	11
german	gebrochen-rational_Universum_n/m	13	fraction_universe	12
german	gebrochen-rational_Universum_n/m	13	fraction_universe	13
german	gebrochen-rational_Universum_n/m	13	fraction_universe	14
german	gebrochen-rational_Universum_n/m	13	fraction_universe	15
german	gebrochen-rational_Universum_n/m	13	fraction_universe	16
german	gebrochen-rational_Universum_n/m	13	fraction_universe	17
german	gebrochen-rational_Universum_n/m	13	fraction_universe	18
german	gebrochen-rational_Universum_n/m	13	fraction_universe	19
german	gebrochen-rational_Universum_n/m	13	fraction_universe	2
german	gebrochen-rational_Universum_n/m	13	fraction_universe	20
german	gebrochen-rational_Universum_n/m	13	fraction_universe	21
german	gebrochen-rational_Universum_n/m	13	fraction_universe	22
german	gebrochen-rational_Universum_n/m	13	fraction_universe	23
german	gebrochen-rational_Universum_n/m	13	fraction_universe	3
german	gebrochen-rational_Universum_n/m	13	fraction_universe	4
german	gebrochen-rational_Universum_n/m	13	fraction_universe	5
german	gebrochen-rational_Universum_n/m	13	fraction_universe	6
german	gebrochen-rational_Universum_n/m	13	fraction_universe	7
german	gebrochen-rational_Universum_n/m	13	fraction_universe	8
german	gebrochen-rational_Universum_n/m	13	fraction_universe	9
german	gebrochen-rational_Universum_n/m	14	fraction_universe	10
german	gebrochen-rational_Universum_n/m	14	fraction_universe	11
german	gebrochen-rational_Universum_n/m	14	fraction_universe	12
german	gebrochen-rational_Universum_n/m	14	fraction_universe	13
german	gebrochen-rational_Universum_n/m	14	fraction_universe	14
german	gebrochen-rational_Universum_n/m	14	fraction_universe	15
german	gebrochen-rational_Universum_n/m	14	fraction_universe	16
german	gebrochen-rational_Universum_n/m	14	fraction_universe	17
german	gebrochen-rational_Universum_n/m	14	fraction_universe	18
german	gebrochen-rational_Universum_n/m	14	fraction_universe	19
german	gebrochen-rational_Universum_n/m	14	fraction_universe	2
german	gebrochen-rational_Universum_n/m	14	fraction_universe	20
german	gebrochen-rational_Universum_n/m	14	fraction_universe	21
german	gebrochen-rational_Universum_n/m	14	fraction_universe	22
german	gebrochen-rational_Universum_n/m	14	fraction_universe	23
german	gebrochen-rational_Universum_n/m	14	fraction_universe	3
german	gebrochen-rational_Universum_n/m	14	fraction_universe	4
german	gebrochen-rational_Universum_n/m	14	fraction_universe	5
german	gebrochen-rational_Universum_n/m	14	fraction_universe	6
german	gebrochen-rational_Universum_n/m	14	fraction_universe	7
german	gebrochen-rational_Universum_n/m	14	fraction_universe	8
german	gebrochen-rational_Universum_n/m	14	fraction_universe	9
german	gebrochen-rational_Universum_n/m	15	fraction_universe	10
german	gebrochen-rational_Universum_n/m	15	fraction_universe	11
german	gebrochen-rational_Universum_n/m	15	fraction_universe	12
german	gebrochen-rational_Universum_n/m	15	fraction_universe	13
german	gebrochen-rational_Universum_n/m	15	fraction_universe	14
german	gebrochen-rational_Universum_n/m	15	fraction_universe	15
german	gebrochen-rational_Universum_n/m	15	fraction_universe	16
german	gebrochen-rational_Universum_n/m	15	fraction_universe	17
german	gebrochen-rational_Universum_n/m	15	fraction_universe	18
german	gebrochen-rational_Universum_n/m	15	fraction_universe	19
german	gebrochen-rational_Universum_n/m	15	fraction_universe	2
german	gebrochen-rational_Universum_n/m	15	fraction_universe	20
german	gebrochen-rational_Universum_n/m	15	fraction_universe	21
german	gebrochen-rational_Universum_n/m	15	fraction_universe	22
german	gebrochen-rational_Universum_n/m	15	fraction_universe	23
german	gebrochen-rational_Universum_n/m	15	fraction_universe	3
german	gebrochen-rational_Universum_n/m	15	fraction_universe	4
german	gebrochen-rational_Universum_n/m	15	fraction_universe	5
german	gebrochen-rational_Universum_n/m	15	fraction_universe	6
german	gebrochen-rational_Universum_n/m	15	fraction_universe	7
german	gebrochen-rational_Universum_n/m	15	fraction_universe	8
german	gebrochen-rational_Universum_n/m	15	fraction_universe	9
german	gebrochen-rational_Universum_n/m	16	fraction_universe	10
german	gebrochen-rational_Universum_n/m	16	fraction_universe	11
german	gebrochen-rational_Universum_n/m	16	fraction_universe	12
german	gebrochen-rational_Universum_n/m	16	fraction_universe	13
german	gebrochen-rational_Universum_n/m	16	fraction_universe	14
german	gebrochen-rational_Universum_n/m	16	fraction_universe	15
german	gebrochen-rational_Universum_n/m	16	fraction_universe	16
german	gebrochen-rational_Universum_n/m	16	fraction_universe	17
german	gebrochen-rational_Universum_n/m	16	fraction_universe	18
german	gebrochen-rational_Universum_n/m	16	fraction_universe	19
german	gebrochen-rational_Universum_n/m	16	fraction_universe	2
german	gebrochen-rational_Universum_n/m	16	fraction_universe	20
german	gebrochen-rational_Universum_n/m	16	fraction_universe	21
german	gebrochen-rational_Universum_n/m	16	fraction_universe	22
german	gebrochen-rational_Universum_n/m	16	fraction_universe	23
german	gebrochen-rational_Universum_n/m	16	fraction_universe	3
german	gebrochen-rational_Universum_n/m	16	fraction_universe	4
german	gebrochen-rational_Universum_n/m	16	fraction_universe	5
german	gebrochen-rational_Universum_n/m	16	fraction_universe	6
german	gebrochen-rational_Universum_n/m	16	fraction_universe	7
german	gebrochen-rational_Universum_n/m	16	fraction_universe	8
german	gebrochen-rational_Universum_n/m	16	fraction_universe	9
german	gebrochen-rational_Universum_n/m	17	fraction_universe	10
german	gebrochen-rational_Universum_n/m	17	fraction_universe	11
german	gebrochen-rational_Universum_n/m	17	fraction_universe	12
german	gebrochen-rational_Universum_n/m	17	fraction_universe	13
german	gebrochen-rational_Universum_n/m	17	fraction_universe	14
german	gebrochen-rational_Universum_n/m	17	fraction_universe	15
german	gebrochen-rational_Universum_n/m	17	fraction_universe	16
german	gebrochen-rational_Universum_n/m	17	fraction_universe	17
german	gebrochen-rational_Universum_n/m	17	fraction_universe	18
german	gebrochen-rational_Universum_n/m	17	fraction_universe	19
german	gebrochen-rational_Universum_n/m	17	fraction_universe	2
german	gebrochen-rational_Universum_n/m	17	fraction_universe	20
german	gebrochen-rational_Universum_n/m	17	fraction_universe	21
german	gebrochen-rational_Universum_n/m	17	fraction_universe	22
german	gebrochen-rational_Universum_n/m	17	fraction_universe	23
german	gebrochen-rational_Universum_n/m	17	fraction_universe	3
german	gebrochen-rational_Universum_n/m	17	fraction_universe	4
german	gebrochen-rational_Universum_n/m	17	fraction_universe	5
german	gebrochen-rational_Universum_n/m	17	fraction_universe	6
german	gebrochen-rational_Universum_n/m	17	fraction_universe	7
german	gebrochen-rational_Universum_n/m	17	fraction_universe	8
german	gebrochen-rational_Universum_n/m	17	fraction_universe	9
german	gebrochen-rational_Universum_n/m	18	fraction_universe	10
german	gebrochen-rational_Universum_n/m	18	fraction_universe	11
german	gebrochen-rational_Universum_n/m	18	fraction_universe	12
german	gebrochen-rational_Universum_n/m	18	fraction_universe	13
german	gebrochen-rational_Universum_n/m	18	fraction_universe	14
german	gebrochen-rational_Universum_n/m	18	fraction_universe	15
german	gebrochen-rational_Universum_n/m	18	fraction_universe	16
german	gebrochen-rational_Universum_n/m	18	fraction_universe	17
german	gebrochen-rational_Universum_n/m	18	fraction_universe	18
german	gebrochen-rational_Universum_n/m	18	fraction_universe	19
german	gebrochen-rational_Universum_n/m	18	fraction_universe	2
german	gebrochen-rational_Universum_n/m	18	fraction_universe	20
german	gebrochen-rational_Universum_n/m	18	fraction_universe	21
german	gebrochen-rational_Universum_n/m	18	fraction_universe	22
german	gebrochen-rational_Universum_n/m	18	fraction_universe	23
german	gebrochen-rational_Universum_n/m	18	fraction_universe	3
german	gebrochen-rational_Universum_n/m	18	fraction_universe	4
german	gebrochen-rational_Universum_n/m	18	fraction_universe	5
german	gebrochen-rational_Universum_n/m	18	fraction_universe	6
german	gebrochen-rational_Universum_n/m	18	fraction_universe	7
german	gebrochen-rational_Universum_n/m	18	fraction_universe	8
german	gebrochen-rational_Universum_n/m	18	fraction_universe	9
german	gebrochen-rational_Universum_n/m	19	fraction_universe	10
german	gebrochen-rational_Universum_n/m	19	fraction_universe	11
german	gebrochen-rational_Universum_n/m	19	fraction_universe	12
german	gebrochen-rational_Universum_n/m	19	fraction_universe	13
german	gebrochen-rational_Universum_n/m	19	fraction_universe	14
german	gebrochen-rational_Universum_n/m	19	fraction_universe	15
german	gebrochen-rational_Universum_n/m	19	fraction_universe	16
german	gebrochen-rational_Universum_n/m	19	fraction_universe	17
german	gebrochen-rational_Universum_n/m	19	fraction_universe	18
german	gebrochen-rational_Universum_n/m	19	fraction_universe	19
german	gebrochen-rational_Universum_n/m	19	fraction_universe	2
german	gebrochen-rational_Universum_n/m	19	fraction_universe	20
german	gebrochen-rational_Universum_n/m	19	fraction_universe	21
german	gebrochen-rational_Universum_n/m	19	fraction_universe	22
german	gebrochen-rational_Universum_n/m	19	fraction_universe	23
german	gebrochen-rational_Universum_n/m	19	fraction_universe	3
german	gebrochen-rational_Universum_n/m	19	fraction_universe	4
german	gebrochen-rational_Universum_n/m	19	fraction_universe	5
german	gebrochen-rational_Universum_n/m	19	fraction_universe	6
german	gebrochen-rational_Universum_n/m	19	fraction_universe	7
german	gebrochen-rational_Universum_n/m	19	fraction_universe	8
german	gebrochen-rational_Universum_n/m	19	fraction_universe	9
german	gebrochen-rational_Universum_n/m	2	fraction_universe	10
german	gebrochen-rational_Universum_n/m	2	fraction_universe	11
german	gebrochen-rational_Universum_n/m	2	fraction_universe	12
german	gebrochen-rational_Universum_n/m	2	fraction_universe	13
german	gebrochen-rational_Universum_n/m	2	fraction_universe	14
german	gebrochen-rational_Universum_n/m	2	fraction_universe	15
german	gebrochen-rational_Universum_n/m	2	fraction_universe	16
german	gebrochen-rational_Universum_n/m	2	fraction_universe	17
german	gebrochen-rational_Universum_n/m	2	fraction_universe	18
german	gebrochen-rational_Universum_n/m	2	fraction_universe	19
german	gebrochen-rational_Universum_n/m	2	fraction_universe	2
german	gebrochen-rational_Universum_n/m	2	fraction_universe	20
german	gebrochen-rational_Universum_n/m	2	fraction_universe	21
german	gebrochen-rational_Universum_n/m	2	fraction_universe	22
german	gebrochen-rational_Universum_n/m	2	fraction_universe	23
german	gebrochen-rational_Universum_n/m	2	fraction_universe	3
german	gebrochen-rational_Universum_n/m	2	fraction_universe	4
german	gebrochen-rational_Universum_n/m	2	fraction_universe	5
german	gebrochen-rational_Universum_n/m	2	fraction_universe	6
german	gebrochen-rational_Universum_n/m	2	fraction_universe	7
german	gebrochen-rational_Universum_n/m	2	fraction_universe	8
german	gebrochen-rational_Universum_n/m	2	fraction_universe	9
german	gebrochen-rational_Universum_n/m	20	fraction_universe	10
german	gebrochen-rational_Universum_n/m	20	fraction_universe	11
german	gebrochen-rational_Universum_n/m	20	fraction_universe	12
german	gebrochen-rational_Universum_n/m	20	fraction_universe	13
german	gebrochen-rational_Universum_n/m	20	fraction_universe	14
german	gebrochen-rational_Universum_n/m	20	fraction_universe	15
german	gebrochen-rational_Universum_n/m	20	fraction_universe	16
german	gebrochen-rational_Universum_n/m	20	fraction_universe	17
german	gebrochen-rational_Universum_n/m	20	fraction_universe	18
german	gebrochen-rational_Universum_n/m	20	fraction_universe	19
german	gebrochen-rational_Universum_n/m	20	fraction_universe	2
german	gebrochen-rational_Universum_n/m	20	fraction_universe	20
german	gebrochen-rational_Universum_n/m	20	fraction_universe	21
german	gebrochen-rational_Universum_n/m	20	fraction_universe	22
german	gebrochen-rational_Universum_n/m	20	fraction_universe	23
german	gebrochen-rational_Universum_n/m	20	fraction_universe	3
german	gebrochen-rational_Universum_n/m	20	fraction_universe	4
german	gebrochen-rational_Universum_n/m	20	fraction_universe	5
german	gebrochen-rational_Universum_n/m	20	fraction_universe	6
german	gebrochen-rational_Universum_n/m	20	fraction_universe	7
german	gebrochen-rational_Universum_n/m	20	fraction_universe	8
german	gebrochen-rational_Universum_n/m	20	fraction_universe	9
german	gebrochen-rational_Universum_n/m	21	fraction_universe	10
german	gebrochen-rational_Universum_n/m	21	fraction_universe	11
german	gebrochen-rational_Universum_n/m	21	fraction_universe	12
german	gebrochen-rational_Universum_n/m	21	fraction_universe	13
german	gebrochen-rational_Universum_n/m	21	fraction_universe	14
german	gebrochen-rational_Universum_n/m	21	fraction_universe	15
german	gebrochen-rational_Universum_n/m	21	fraction_universe	16
german	gebrochen-rational_Universum_n/m	21	fraction_universe	17
german	gebrochen-rational_Universum_n/m	21	fraction_universe	18
german	gebrochen-rational_Universum_n/m	21	fraction_universe	19
german	gebrochen-rational_Universum_n/m	21	fraction_universe	2
german	gebrochen-rational_Universum_n/m	21	fraction_universe	20
german	gebrochen-rational_Universum_n/m	21	fraction_universe	21
german	gebrochen-rational_Universum_n/m	21	fraction_universe	22
german	gebrochen-rational_Universum_n/m	21	fraction_universe	23
german	gebrochen-rational_Universum_n/m	21	fraction_universe	3
german	gebrochen-rational_Universum_n/m	21	fraction_universe	4
german	gebrochen-rational_Universum_n/m	21	fraction_universe	5
german	gebrochen-rational_Universum_n/m	21	fraction_universe	6
german	gebrochen-rational_Universum_n/m	21	fraction_universe	7
german	gebrochen-rational_Universum_n/m	21	fraction_universe	8
german	gebrochen-rational_Universum_n/m	21	fraction_universe	9
german	gebrochen-rational_Universum_n/m	22	fraction_universe	10
german	gebrochen-rational_Universum_n/m	22	fraction_universe	11
german	gebrochen-rational_Universum_n/m	22	fraction_universe	12
german	gebrochen-rational_Universum_n/m	22	fraction_universe	13
german	gebrochen-rational_Universum_n/m	22	fraction_universe	14
german	gebrochen-rational_Universum_n/m	22	fraction_universe	15
german	gebrochen-rational_Universum_n/m	22	fraction_universe	16
german	gebrochen-rational_Universum_n/m	22	fraction_universe	17
german	gebrochen-rational_Universum_n/m	22	fraction_universe	18
german	gebrochen-rational_Universum_n/m	22	fraction_universe	19
german	gebrochen-rational_Universum_n/m	22	fraction_universe	2
german	gebrochen-rational_Universum_n/m	22	fraction_universe	20
german	gebrochen-rational_Universum_n/m	22	fraction_universe	21
german	gebrochen-rational_Universum_n/m	22	fraction_universe	22
german	gebrochen-rational_Universum_n/m	22	fraction_universe	23
german	gebrochen-rational_Universum_n/m	22	fraction_universe	3
german	gebrochen-rational_Universum_n/m	22	fraction_universe	4
german	gebrochen-rational_Universum_n/m	22	fraction_universe	5
german	gebrochen-rational_Universum_n/m	22	fraction_universe	6
german	gebrochen-rational_Universum_n/m	22	fraction_universe	7
german	gebrochen-rational_Universum_n/m	22	fraction_universe	8
german	gebrochen-rational_Universum_n/m	22	fraction_universe	9
german	gebrochen-rational_Universum_n/m	23	fraction_universe	10
german	gebrochen-rational_Universum_n/m	23	fraction_universe	11
german	gebrochen-rational_Universum_n/m	23	fraction_universe	12
german	gebrochen-rational_Universum_n/m	23	fraction_universe	13
german	gebrochen-rational_Universum_n/m	23	fraction_universe	14
german	gebrochen-rational_Universum_n/m	23	fraction_universe	15
german	gebrochen-rational_Universum_n/m	23	fraction_universe	16
german	gebrochen-rational_Universum_n/m	23	fraction_universe	17
german	gebrochen-rational_Universum_n/m	23	fraction_universe	18
german	gebrochen-rational_Universum_n/m	23	fraction_universe	19
german	gebrochen-rational_Universum_n/m	23	fraction_universe	2
german	gebrochen-rational_Universum_n/m	23	fraction_universe	20
german	gebrochen-rational_Universum_n/m	23	fraction_universe	21
german	gebrochen-rational_Universum_n/m	23	fraction_universe	22
german	gebrochen-rational_Universum_n/m	23	fraction_universe	23
german	gebrochen-rational_Universum_n/m	23	fraction_universe	3
german	gebrochen-rational_Universum_n/m	23	fraction_universe	4
german	gebrochen-rational_Universum_n/m	23	fraction_universe	5
german	gebrochen-rational_Universum_n/m	23	fraction_universe	6
german	gebrochen-rational_Universum_n/m	23	fraction_universe	7
german	gebrochen-rational_Universum_n/m	23	fraction_universe	8
german	gebrochen-rational_Universum_n/m	23	fraction_universe	9
german	gebrochen-rational_Universum_n/m	3	fraction_universe	10
german	gebrochen-rational_Universum_n/m	3	fraction_universe	11
german	gebrochen-rational_Universum_n/m	3	fraction_universe	12
german	gebrochen-rational_Universum_n/m	3	fraction_universe	13
german	gebrochen-rational_Universum_n/m	3	fraction_universe	14
german	gebrochen-rational_Universum_n/m	3	fraction_universe	15
german	gebrochen-rational_Universum_n/m	3	fraction_universe	16
german	gebrochen-rational_Universum_n/m	3	fraction_universe	17
german	gebrochen-rational_Universum_n/m	3	fraction_universe	18
german	gebrochen-rational_Universum_n/m	3	fraction_universe	19
german	gebrochen-rational_Universum_n/m	3	fraction_universe	2
german	gebrochen-rational_Universum_n/m	3	fraction_universe	20
german	gebrochen-rational_Universum_n/m	3	fraction_universe	21
german	gebrochen-rational_Universum_n/m	3	fraction_universe	22
german	gebrochen-rational_Universum_n/m	3	fraction_universe	23
german	gebrochen-rational_Universum_n/m	3	fraction_universe	3
german	gebrochen-rational_Universum_n/m	3	fraction_universe	4
german	gebrochen-rational_Universum_n/m	3	fraction_universe	5
german	gebrochen-rational_Universum_n/m	3	fraction_universe	6
german	gebrochen-rational_Universum_n/m	3	fraction_universe	7
german	gebrochen-rational_Universum_n/m	3	fraction_universe	8
german	gebrochen-rational_Universum_n/m	3	fraction_universe	9
german	gebrochen-rational_Universum_n/m	4	fraction_universe	10
german	gebrochen-rational_Universum_n/m	4	fraction_universe	11
german	gebrochen-rational_Universum_n/m	4	fraction_universe	12
german	gebrochen-rational_Universum_n/m	4	fraction_universe	13
german	gebrochen-rational_Universum_n/m	4	fraction_universe	14
german	gebrochen-rational_Universum_n/m	4	fraction_universe	15
german	gebrochen-rational_Universum_n/m	4	fraction_universe	16
german	gebrochen-rational_Universum_n/m	4	fraction_universe	17
german	gebrochen-rational_Universum_n/m	4	fraction_universe	18
german	gebrochen-rational_Universum_n/m	4	fraction_universe	19
german	gebrochen-rational_Universum_n/m	4	fraction_universe	2
german	gebrochen-rational_Universum_n/m	4	fraction_universe	20
german	gebrochen-rational_Universum_n/m	4	fraction_universe	21
german	gebrochen-rational_Universum_n/m	4	fraction_universe	22
german	gebrochen-rational_Universum_n/m	4	fraction_universe	23
german	gebrochen-rational_Universum_n/m	4	fraction_universe	3
german	gebrochen-rational_Universum_n/m	4	fraction_universe	4
german	gebrochen-rational_Universum_n/m	4	fraction_universe	5
german	gebrochen-rational_Universum_n/m	4	fraction_universe	6
german	gebrochen-rational_Universum_n/m	4	fraction_universe	7
german	gebrochen-rational_Universum_n/m	4	fraction_universe	8
german	gebrochen-rational_Universum_n/m	4	fraction_universe	9
german	gebrochen-rational_Universum_n/m	5	fraction_universe	10
german	gebrochen-rational_Universum_n/m	5	fraction_universe	11
german	gebrochen-rational_Universum_n/m	5	fraction_universe	12
german	gebrochen-rational_Universum_n/m	5	fraction_universe	13
german	gebrochen-rational_Universum_n/m	5	fraction_universe	14
german	gebrochen-rational_Universum_n/m	5	fraction_universe	15
german	gebrochen-rational_Universum_n/m	5	fraction_universe	16
german	gebrochen-rational_Universum_n/m	5	fraction_universe	17
german	gebrochen-rational_Universum_n/m	5	fraction_universe	18
german	gebrochen-rational_Universum_n/m	5	fraction_universe	19
german	gebrochen-rational_Universum_n/m	5	fraction_universe	2
german	gebrochen-rational_Universum_n/m	5	fraction_universe	20
german	gebrochen-rational_Universum_n/m	5	fraction_universe	21
german	gebrochen-rational_Universum_n/m	5	fraction_universe	22
german	gebrochen-rational_Universum_n/m	5	fraction_universe	23
german	gebrochen-rational_Universum_n/m	5	fraction_universe	3
german	gebrochen-rational_Universum_n/m	5	fraction_universe	4
german	gebrochen-rational_Universum_n/m	5	fraction_universe	5
german	gebrochen-rational_Universum_n/m	5	fraction_universe	6
german	gebrochen-rational_Universum_n/m	5	fraction_universe	7
german	gebrochen-rational_Universum_n/m	5	fraction_universe	8
german	gebrochen-rational_Universum_n/m	5	fraction_universe	9
german	gebrochen-rational_Universum_n/m	6	fraction_universe	10
german	gebrochen-rational_Universum_n/m	6	fraction_universe	11
german	gebrochen-rational_Universum_n/m	6	fraction_universe	12
german	gebrochen-rational_Universum_n/m	6	fraction_universe	13
german	gebrochen-rational_Universum_n/m	6	fraction_universe	14
german	gebrochen-rational_Universum_n/m	6	fraction_universe	15
german	gebrochen-rational_Universum_n/m	6	fraction_universe	16
german	gebrochen-rational_Universum_n/m	6	fraction_universe	17
german	gebrochen-rational_Universum_n/m	6	fraction_universe	18
german	gebrochen-rational_Universum_n/m	6	fraction_universe	19
german	gebrochen-rational_Universum_n/m	6	fraction_universe	2
german	gebrochen-rational_Universum_n/m	6	fraction_universe	20
german	gebrochen-rational_Universum_n/m	6	fraction_universe	21
german	gebrochen-rational_Universum_n/m	6	fraction_universe	22
german	gebrochen-rational_Universum_n/m	6	fraction_universe	23
german	gebrochen-rational_Universum_n/m	6	fraction_universe	3
german	gebrochen-rational_Universum_n/m	6	fraction_universe	4
german	gebrochen-rational_Universum_n/m	6	fraction_universe	5
german	gebrochen-rational_Universum_n/m	6	fraction_universe	6
german	gebrochen-rational_Universum_n/m	6	fraction_universe	7
german	gebrochen-rational_Universum_n/m	6	fraction_universe	8
german	gebrochen-rational_Universum_n/m	6	fraction_universe	9
german	gebrochen-rational_Universum_n/m	7	fraction_universe	10
german	gebrochen-rational_Universum_n/m	7	fraction_universe	11
german	gebrochen-rational_Universum_n/m	7	fraction_universe	12
german	gebrochen-rational_Universum_n/m	7	fraction_universe	13
german	gebrochen-rational_Universum_n/m	7	fraction_universe	14
german	gebrochen-rational_Universum_n/m	7	fraction_universe	15
german	gebrochen-rational_Universum_n/m	7	fraction_universe	16
german	gebrochen-rational_Universum_n/m	7	fraction_universe	17
german	gebrochen-rational_Universum_n/m	7	fraction_universe	18
german	gebrochen-rational_Universum_n/m	7	fraction_universe	19
german	gebrochen-rational_Universum_n/m	7	fraction_universe	2
german	gebrochen-rational_Universum_n/m	7	fraction_universe	20
german	gebrochen-rational_Universum_n/m	7	fraction_universe	21
german	gebrochen-rational_Universum_n/m	7	fraction_universe	22
german	gebrochen-rational_Universum_n/m	7	fraction_universe	23
german	gebrochen-rational_Universum_n/m	7	fraction_universe	3
german	gebrochen-rational_Universum_n/m	7	fraction_universe	4
german	gebrochen-rational_Universum_n/m	7	fraction_universe	5
german	gebrochen-rational_Universum_n/m	7	fraction_universe	6
german	gebrochen-rational_Universum_n/m	7	fraction_universe	7
german	gebrochen-rational_Universum_n/m	7	fraction_universe	8
german	gebrochen-rational_Universum_n/m	7	fraction_universe	9
german	gebrochen-rational_Universum_n/m	8	fraction_universe	10
german	gebrochen-rational_Universum_n/m	8	fraction_universe	11
german	gebrochen-rational_Universum_n/m	8	fraction_universe	12
german	gebrochen-rational_Universum_n/m	8	fraction_universe	13
german	gebrochen-rational_Universum_n/m	8	fraction_universe	14
german	gebrochen-rational_Universum_n/m	8	fraction_universe	15
german	gebrochen-rational_Universum_n/m	8	fraction_universe	16
german	gebrochen-rational_Universum_n/m	8	fraction_universe	17
german	gebrochen-rational_Universum_n/m	8	fraction_universe	18
german	gebrochen-rational_Universum_n/m	8	fraction_universe	19
german	gebrochen-rational_Universum_n/m	8	fraction_universe	2
german	gebrochen-rational_Universum_n/m	8	fraction_universe	20
german	gebrochen-rational_Universum_n/m	8	fraction_universe	21
german	gebrochen-rational_Universum_n/m	8	fraction_universe	22
german	gebrochen-rational_Universum_n/m	8	fraction_universe	23
german	gebrochen-rational_Universum_n/m	8	fraction_universe	3
german	gebrochen-rational_Universum_n/m	8	fraction_universe	4
german	gebrochen-rational_Universum_n/m	8	fraction_universe	5
german	gebrochen-rational_Universum_n/m	8	fraction_universe	6
german	gebrochen-rational_Universum_n/m	8	fraction_universe	7
german	gebrochen-rational_Universum_n/m	8	fraction_universe	8
german	gebrochen-rational_Universum_n/m	8	fraction_universe	9
german	gebrochen-rational_Universum_n/m	9	fraction_universe	10
german	gebrochen-rational_Universum_n/m	9	fraction_universe	11
german	gebrochen-rational_Universum_n/m	9	fraction_universe	12
german	gebrochen-rational_Universum_n/m	9	fraction_universe	13
german	gebrochen-rational_Universum_n/m	9	fraction_universe	14
german	gebrochen-rational_Universum_n/m	9	fraction_universe	15
german	gebrochen-rational_Universum_n/m	9	fraction_universe	16
german	gebrochen-rational_Universum_n/m	9	fraction_universe	17
german	gebrochen-rational_Universum_n/m	9	fraction_universe	18
german	gebrochen-rational_Universum_n/m	9	fraction_universe	19
german	gebrochen-rational_Universum_n/m	9	fraction_universe	2
german	gebrochen-rational_Universum_n/m	9	fraction_universe	20
german	gebrochen-rational_Universum_n/m	9	fraction_universe	21
german	gebrochen-rational_Universum_n/m	9	fraction_universe	22
german	gebrochen-rational_Universum_n/m	9	fraction_universe	23
german	gebrochen-rational_Universum_n/m	9	fraction_universe	3
german	gebrochen-rational_Universum_n/m	9	fraction_universe	4
german	gebrochen-rational_Universum_n/m	9	fraction_universe	5
german	gebrochen-rational_Universum_n/m	9	fraction_universe	6
german	gebrochen-rational_Universum_n/m	9	fraction_universe	7
german	gebrochen-rational_Universum_n/m	9	fraction_universe	8
german	gebrochen-rational_Universum_n/m	9	fraction_universe	9
german	gebrochenemotion	10	fraction_emotion	10
german	gebrochenemotion	10	fraction_emotion	11
german	gebrochenemotion	10	fraction_emotion	12
german	gebrochenemotion	10	fraction_emotion	13
german	gebrochenemotion	10	fraction_emotion	14
german	gebrochenemotion	10	fraction_emotion	15
german	gebrochenemotion	10	fraction_emotion	16
german	gebrochenemotion	10	fraction_emotion	17
german	gebrochenemotion	10	fraction_emotion	18
german	gebrochenemotion	10	fraction_emotion	19
german	gebrochenemotion	10	fraction_emotion	2
german	gebrochenemotion	10	fraction_emotion	20
german	gebrochenemotion	10	fraction_emotion	21
german	gebrochenemotion	10	fraction_emotion	22
german	gebrochenemotion	10	fraction_emotion	23
german	gebrochenemotion	10	fraction_emotion	3
german	gebrochenemotion	10	fraction_emotion	4
german	gebrochenemotion	10	fraction_emotion	5
german	gebrochenemotion	10	fraction_emotion	6
german	gebrochenemotion	10	fraction_emotion	7
german	gebrochenemotion	10	fraction_emotion	8
german	gebrochenemotion	10	fraction_emotion	9
german	gebrochenemotion	11	fraction_emotion	10
german	gebrochenemotion	11	fraction_emotion	11
german	gebrochenemotion	11	fraction_emotion	12
german	gebrochenemotion	11	fraction_emotion	13
german	gebrochenemotion	11	fraction_emotion	14
german	gebrochenemotion	11	fraction_emotion	15
german	gebrochenemotion	11	fraction_emotion	16
german	gebrochenemotion	11	fraction_emotion	17
german	gebrochenemotion	11	fraction_emotion	18
german	gebrochenemotion	11	fraction_emotion	19
german	gebrochenemotion	11	fraction_emotion	2
german	gebrochenemotion	11	fraction_emotion	20
german	gebrochenemotion	11	fraction_emotion	21
german	gebrochenemotion	11	fraction_emotion	22
german	gebrochenemotion	11	fraction_emotion	23
german	gebrochenemotion	11	fraction_emotion	3
german	gebrochenemotion	11	fraction_emotion	4
german	gebrochenemotion	11	fraction_emotion	5
german	gebrochenemotion	11	fraction_emotion	6
german	gebrochenemotion	11	fraction_emotion	7
german	gebrochenemotion	11	fraction_emotion	8
german	gebrochenemotion	11	fraction_emotion	9
german	gebrochenemotion	12	fraction_emotion	10
german	gebrochenemotion	12	fraction_emotion	11
german	gebrochenemotion	12	fraction_emotion	12
german	gebrochenemotion	12	fraction_emotion	13
german	gebrochenemotion	12	fraction_emotion	14
german	gebrochenemotion	12	fraction_emotion	15
german	gebrochenemotion	12	fraction_emotion	16
german	gebrochenemotion	12	fraction_emotion	17
german	gebrochenemotion	12	fraction_emotion	18
german	gebrochenemotion	12	fraction_emotion	19
german	gebrochenemotion	12	fraction_emotion	2
german	gebrochenemotion	12	fraction_emotion	20
german	gebrochenemotion	12	fraction_emotion	21
german	gebrochenemotion	12	fraction_emotion	22
german	gebrochenemotion	12	fraction_emotion	23
german	gebrochenemotion	12	fraction_emotion	3
german	gebrochenemotion	12	fraction_emotion	4
german	gebrochenemotion	12	fraction_emotion	5
german	gebrochenemotion	12	fraction_emotion	6
german	gebrochenemotion	12	fraction_emotion	7
german	gebrochenemotion	12	fraction_emotion	8
german	gebrochenemotion	12	fraction_emotion	9
german	gebrochenemotion	13	fraction_emotion	10
german	gebrochenemotion	13	fraction_emotion	11
german	gebrochenemotion	13	fraction_emotion	12
german	gebrochenemotion	13	fraction_emotion	13
german	gebrochenemotion	13	fraction_emotion	14
german	gebrochenemotion	13	fraction_emotion	15
german	gebrochenemotion	13	fraction_emotion	16
german	gebrochenemotion	13	fraction_emotion	17
german	gebrochenemotion	13	fraction_emotion	18
german	gebrochenemotion	13	fraction_emotion	19
german	gebrochenemotion	13	fraction_emotion	2
german	gebrochenemotion	13	fraction_emotion	20
german	gebrochenemotion	13	fraction_emotion	21
german	gebrochenemotion	13	fraction_emotion	22
german	gebrochenemotion	13	fraction_emotion	23
german	gebrochenemotion	13	fraction_emotion	3
german	gebrochenemotion	13	fraction_emotion	4
german	gebrochenemotion	13	fraction_emotion	5
german	gebrochenemotion	13	fraction_emotion	6
german	gebrochenemotion	13	fraction_emotion	7
german	gebrochenemotion	13	fraction_emotion	8
german	gebrochenemotion	13	fraction_emotion	9
german	gebrochenemotion	14	fraction_emotion	10
german	gebrochenemotion	14	fraction_emotion	11
german	gebrochenemotion	14	fraction_emotion	12
german	gebrochenemotion	14	fraction_emotion	13
german	gebrochenemotion	14	fraction_emotion	14
german	gebrochenemotion	14	fraction_emotion	15
german	gebrochenemotion	14	fraction_emotion	16
german	gebrochenemotion	14	fraction_emotion	17
german	gebrochenemotion	14	fraction_emotion	18
german	gebrochenemotion	14	fraction_emotion	19
german	gebrochenemotion	14	fraction_emotion	2
german	gebrochenemotion	14	fraction_emotion	20
german	gebrochenemotion	14	fraction_emotion	21
german	gebrochenemotion	14	fraction_emotion	22
german	gebrochenemotion	14	fraction_emotion	23
german	gebrochenemotion	14	fraction_emotion	3
german	gebrochenemotion	14	fraction_emotion	4
german	gebrochenemotion	14	fraction_emotion	5
german	gebrochenemotion	14	fraction_emotion	6
german	gebrochenemotion	14	fraction_emotion	7
german	gebrochenemotion	14	fraction_emotion	8
german	gebrochenemotion	14	fraction_emotion	9
german	gebrochenemotion	15	fraction_emotion	10
german	gebrochenemotion	15	fraction_emotion	11
german	gebrochenemotion	15	fraction_emotion	12
german	gebrochenemotion	15	fraction_emotion	13
german	gebrochenemotion	15	fraction_emotion	14
german	gebrochenemotion	15	fraction_emotion	15
german	gebrochenemotion	15	fraction_emotion	16
german	gebrochenemotion	15	fraction_emotion	17
german	gebrochenemotion	15	fraction_emotion	18
german	gebrochenemotion	15	fraction_emotion	19
german	gebrochenemotion	15	fraction_emotion	2
german	gebrochenemotion	15	fraction_emotion	20
german	gebrochenemotion	15	fraction_emotion	21
german	gebrochenemotion	15	fraction_emotion	22
german	gebrochenemotion	15	fraction_emotion	23
german	gebrochenemotion	15	fraction_emotion	3
german	gebrochenemotion	15	fraction_emotion	4
german	gebrochenemotion	15	fraction_emotion	5
german	gebrochenemotion	15	fraction_emotion	6
german	gebrochenemotion	15	fraction_emotion	7
german	gebrochenemotion	15	fraction_emotion	8
german	gebrochenemotion	15	fraction_emotion	9
german	gebrochenemotion	16	fraction_emotion	10
german	gebrochenemotion	16	fraction_emotion	11
german	gebrochenemotion	16	fraction_emotion	12
german	gebrochenemotion	16	fraction_emotion	13
german	gebrochenemotion	16	fraction_emotion	14
german	gebrochenemotion	16	fraction_emotion	15
german	gebrochenemotion	16	fraction_emotion	16
german	gebrochenemotion	16	fraction_emotion	17
german	gebrochenemotion	16	fraction_emotion	18
german	gebrochenemotion	16	fraction_emotion	19
german	gebrochenemotion	16	fraction_emotion	2
german	gebrochenemotion	16	fraction_emotion	20
german	gebrochenemotion	16	fraction_emotion	21
german	gebrochenemotion	16	fraction_emotion	22
german	gebrochenemotion	16	fraction_emotion	23
german	gebrochenemotion	16	fraction_emotion	3
german	gebrochenemotion	16	fraction_emotion	4
german	gebrochenemotion	16	fraction_emotion	5
german	gebrochenemotion	16	fraction_emotion	6
german	gebrochenemotion	16	fraction_emotion	7
german	gebrochenemotion	16	fraction_emotion	8
german	gebrochenemotion	16	fraction_emotion	9
german	gebrochenemotion	17	fraction_emotion	10
german	gebrochenemotion	17	fraction_emotion	11
german	gebrochenemotion	17	fraction_emotion	12
german	gebrochenemotion	17	fraction_emotion	13
german	gebrochenemotion	17	fraction_emotion	14
german	gebrochenemotion	17	fraction_emotion	15
german	gebrochenemotion	17	fraction_emotion	16
german	gebrochenemotion	17	fraction_emotion	17
german	gebrochenemotion	17	fraction_emotion	18
german	gebrochenemotion	17	fraction_emotion	19
german	gebrochenemotion	17	fraction_emotion	2
german	gebrochenemotion	17	fraction_emotion	20
german	gebrochenemotion	17	fraction_emotion	21
german	gebrochenemotion	17	fraction_emotion	22
german	gebrochenemotion	17	fraction_emotion	23
german	gebrochenemotion	17	fraction_emotion	3
german	gebrochenemotion	17	fraction_emotion	4
german	gebrochenemotion	17	fraction_emotion	5
german	gebrochenemotion	17	fraction_emotion	6
german	gebrochenemotion	17	fraction_emotion	7
german	gebrochenemotion	17	fraction_emotion	8
german	gebrochenemotion	17	fraction_emotion	9
german	gebrochenemotion	18	fraction_emotion	10
german	gebrochenemotion	18	fraction_emotion	11
german	gebrochenemotion	18	fraction_emotion	12
german	gebrochenemotion	18	fraction_emotion	13
german	gebrochenemotion	18	fraction_emotion	14
german	gebrochenemotion	18	fraction_emotion	15
german	gebrochenemotion	18	fraction_emotion	16
german	gebrochenemotion	18	fraction_emotion	17
german	gebrochenemotion	18	fraction_emotion	18
german	gebrochenemotion	18	fraction_emotion	19
german	gebrochenemotion	18	fraction_emotion	2
german	gebrochenemotion	18	fraction_emotion	20
german	gebrochenemotion	18	fraction_emotion	21
german	gebrochenemotion	18	fraction_emotion	22
german	gebrochenemotion	18	fraction_emotion	23
german	gebrochenemotion	18	fraction_emotion	3
german	gebrochenemotion	18	fraction_emotion	4
german	gebrochenemotion	18	fraction_emotion	5
german	gebrochenemotion	18	fraction_emotion	6
german	gebrochenemotion	18	fraction_emotion	7
german	gebrochenemotion	18	fraction_emotion	8
german	gebrochenemotion	18	fraction_emotion	9
german	gebrochenemotion	19	fraction_emotion	10
german	gebrochenemotion	19	fraction_emotion	11
german	gebrochenemotion	19	fraction_emotion	12
german	gebrochenemotion	19	fraction_emotion	13
german	gebrochenemotion	19	fraction_emotion	14
german	gebrochenemotion	19	fraction_emotion	15
german	gebrochenemotion	19	fraction_emotion	16
german	gebrochenemotion	19	fraction_emotion	17
german	gebrochenemotion	19	fraction_emotion	18
german	gebrochenemotion	19	fraction_emotion	19
german	gebrochenemotion	19	fraction_emotion	2
german	gebrochenemotion	19	fraction_emotion	20
german	gebrochenemotion	19	fraction_emotion	21
german	gebrochenemotion	19	fraction_emotion	22
german	gebrochenemotion	19	fraction_emotion	23
german	gebrochenemotion	19	fraction_emotion	3
german	gebrochenemotion	19	fraction_emotion	4
german	gebrochenemotion	19	fraction_emotion	5
german	gebrochenemotion	19	fraction_emotion	6
german	gebrochenemotion	19	fraction_emotion	7
german	gebrochenemotion	19	fraction_emotion	8
german	gebrochenemotion	19	fraction_emotion	9
german	gebrochenemotion	2	fraction_emotion	10
german	gebrochenemotion	2	fraction_emotion	11
german	gebrochenemotion	2	fraction_emotion	12
german	gebrochenemotion	2	fraction_emotion	13
german	gebrochenemotion	2	fraction_emotion	14
german	gebrochenemotion	2	fraction_emotion	15
german	gebrochenemotion	2	fraction_emotion	16
german	gebrochenemotion	2	fraction_emotion	17
german	gebrochenemotion	2	fraction_emotion	18
german	gebrochenemotion	2	fraction_emotion	19
german	gebrochenemotion	2	fraction_emotion	2
german	gebrochenemotion	2	fraction_emotion	20
german	gebrochenemotion	2	fraction_emotion	21
german	gebrochenemotion	2	fraction_emotion	22
german	gebrochenemotion	2	fraction_emotion	23
german	gebrochenemotion	2	fraction_emotion	3
german	gebrochenemotion	2	fraction_emotion	4
german	gebrochenemotion	2	fraction_emotion	5
german	gebrochenemotion	2	fraction_emotion	6
german	gebrochenemotion	2	fraction_emotion	7
german	gebrochenemotion	2	fraction_emotion	8
german	gebrochenemotion	2	fraction_emotion	9
german	gebrochenemotion	20	fraction_emotion	10
german	gebrochenemotion	20	fraction_emotion	11
german	gebrochenemotion	20	fraction_emotion	12
german	gebrochenemotion	20	fraction_emotion	13
german	gebrochenemotion	20	fraction_emotion	14
german	gebrochenemotion	20	fraction_emotion	15
german	gebrochenemotion	20	fraction_emotion	16
german	gebrochenemotion	20	fraction_emotion	17
german	gebrochenemotion	20	fraction_emotion	18
german	gebrochenemotion	20	fraction_emotion	19
german	gebrochenemotion	20	fraction_emotion	2
german	gebrochenemotion	20	fraction_emotion	20
german	gebrochenemotion	20	fraction_emotion	21
german	gebrochenemotion	20	fraction_emotion	22
german	gebrochenemotion	20	fraction_emotion	23
german	gebrochenemotion	20	fraction_emotion	3
german	gebrochenemotion	20	fraction_emotion	4
german	gebrochenemotion	20	fraction_emotion	5
german	gebrochenemotion	20	fraction_emotion	6
german	gebrochenemotion	20	fraction_emotion	7
german	gebrochenemotion	20	fraction_emotion	8
german	gebrochenemotion	20	fraction_emotion	9
german	gebrochenemotion	21	fraction_emotion	10
german	gebrochenemotion	21	fraction_emotion	11
german	gebrochenemotion	21	fraction_emotion	12
german	gebrochenemotion	21	fraction_emotion	13
german	gebrochenemotion	21	fraction_emotion	14
german	gebrochenemotion	21	fraction_emotion	15
german	gebrochenemotion	21	fraction_emotion	16
german	gebrochenemotion	21	fraction_emotion	17
german	gebrochenemotion	21	fraction_emotion	18
german	gebrochenemotion	21	fraction_emotion	19
german	gebrochenemotion	21	fraction_emotion	2
german	gebrochenemotion	21	fraction_emotion	20
german	gebrochenemotion	21	fraction_emotion	21
german	gebrochenemotion	21	fraction_emotion	22
german	gebrochenemotion	21	fraction_emotion	23
german	gebrochenemotion	21	fraction_emotion	3
german	gebrochenemotion	21	fraction_emotion	4
german	gebrochenemotion	21	fraction_emotion	5
german	gebrochenemotion	21	fraction_emotion	6
german	gebrochenemotion	21	fraction_emotion	7
german	gebrochenemotion	21	fraction_emotion	8
german	gebrochenemotion	21	fraction_emotion	9
german	gebrochenemotion	22	fraction_emotion	10
german	gebrochenemotion	22	fraction_emotion	11
german	gebrochenemotion	22	fraction_emotion	12
german	gebrochenemotion	22	fraction_emotion	13
german	gebrochenemotion	22	fraction_emotion	14
german	gebrochenemotion	22	fraction_emotion	15
german	gebrochenemotion	22	fraction_emotion	16
german	gebrochenemotion	22	fraction_emotion	17
german	gebrochenemotion	22	fraction_emotion	18
german	gebrochenemotion	22	fraction_emotion	19
german	gebrochenemotion	22	fraction_emotion	2
german	gebrochenemotion	22	fraction_emotion	20
german	gebrochenemotion	22	fraction_emotion	21
german	gebrochenemotion	22	fraction_emotion	22
german	gebrochenemotion	22	fraction_emotion	23
german	gebrochenemotion	22	fraction_emotion	3
german	gebrochenemotion	22	fraction_emotion	4
german	gebrochenemotion	22	fraction_emotion	5
german	gebrochenemotion	22	fraction_emotion	6
german	gebrochenemotion	22	fraction_emotion	7
german	gebrochenemotion	22	fraction_emotion	8
german	gebrochenemotion	22	fraction_emotion	9
german	gebrochenemotion	23	fraction_emotion	10
german	gebrochenemotion	23	fraction_emotion	11
german	gebrochenemotion	23	fraction_emotion	12
german	gebrochenemotion	23	fraction_emotion	13
german	gebrochenemotion	23	fraction_emotion	14
german	gebrochenemotion	23	fraction_emotion	15
german	gebrochenemotion	23	fraction_emotion	16
german	gebrochenemotion	23	fraction_emotion	17
german	gebrochenemotion	23	fraction_emotion	18
german	gebrochenemotion	23	fraction_emotion	19
german	gebrochenemotion	23	fraction_emotion	2
german	gebrochenemotion	23	fraction_emotion	20
german	gebrochenemotion	23	fraction_emotion	21
german	gebrochenemotion	23	fraction_emotion	22
german	gebrochenemotion	23	fraction_emotion	23
german	gebrochenemotion	23	fraction_emotion	3
german	gebrochenemotion	23	fraction_emotion	4
german	gebrochenemotion	23	fraction_emotion	5
german	gebrochenemotion	23	fraction_emotion	6
german	gebrochenemotion	23	fraction_emotion	7
german	gebrochenemotion	23	fraction_emotion	8
german	gebrochenemotion	23	fraction_emotion	9
german	gebrochenemotion	3	fraction_emotion	10
german	gebrochenemotion	3	fraction_emotion	11
german	gebrochenemotion	3	fraction_emotion	12
german	gebrochenemotion	3	fraction_emotion	13
german	gebrochenemotion	3	fraction_emotion	14
german	gebrochenemotion	3	fraction_emotion	15
german	gebrochenemotion	3	fraction_emotion	16
german	gebrochenemotion	3	fraction_emotion	17
german	gebrochenemotion	3	fraction_emotion	18
german	gebrochenemotion	3	fraction_emotion	19
german	gebrochenemotion	3	fraction_emotion	2
german	gebrochenemotion	3	fraction_emotion	20
german	gebrochenemotion	3	fraction_emotion	21
german	gebrochenemotion	3	fraction_emotion	22
german	gebrochenemotion	3	fraction_emotion	23
german	gebrochenemotion	3	fraction_emotion	3
german	gebrochenemotion	3	fraction_emotion	4
german	gebrochenemotion	3	fraction_emotion	5
german	gebrochenemotion	3	fraction_emotion	6
german	gebrochenemotion	3	fraction_emotion	7
german	gebrochenemotion	3	fraction_emotion	8
german	gebrochenemotion	3	fraction_emotion	9
german	gebrochenemotion	4	fraction_emotion	10
german	gebrochenemotion	4	fraction_emotion	11
german	gebrochenemotion	4	fraction_emotion	12
german	gebrochenemotion	4	fraction_emotion	13
german	gebrochenemotion	4	fraction_emotion	14
german	gebrochenemotion	4	fraction_emotion	15
german	gebrochenemotion	4	fraction_emotion	16
german	gebrochenemotion	4	fraction_emotion	17
german	gebrochenemotion	4	fraction_emotion	18
german	gebrochenemotion	4	fraction_emotion	19
german	gebrochenemotion	4	fraction_emotion	2
german	gebrochenemotion	4	fraction_emotion	20
german	gebrochenemotion	4	fraction_emotion	21
german	gebrochenemotion	4	fraction_emotion	22
german	gebrochenemotion	4	fraction_emotion	23
german	gebrochenemotion	4	fraction_emotion	3
german	gebrochenemotion	4	fraction_emotion	4
german	gebrochenemotion	4	fraction_emotion	5
german	gebrochenemotion	4	fraction_emotion	6
german	gebrochenemotion	4	fraction_emotion	7
german	gebrochenemotion	4	fraction_emotion	8
german	gebrochenemotion	4	fraction_emotion	9
german	gebrochenemotion	5	fraction_emotion	10
german	gebrochenemotion	5	fraction_emotion	11
german	gebrochenemotion	5	fraction_emotion	12
german	gebrochenemotion	5	fraction_emotion	13
german	gebrochenemotion	5	fraction_emotion	14
german	gebrochenemotion	5	fraction_emotion	15
german	gebrochenemotion	5	fraction_emotion	16
german	gebrochenemotion	5	fraction_emotion	17
german	gebrochenemotion	5	fraction_emotion	18
german	gebrochenemotion	5	fraction_emotion	19
german	gebrochenemotion	5	fraction_emotion	2
german	gebrochenemotion	5	fraction_emotion	20
german	gebrochenemotion	5	fraction_emotion	21
german	gebrochenemotion	5	fraction_emotion	22
german	gebrochenemotion	5	fraction_emotion	23
german	gebrochenemotion	5	fraction_emotion	3
german	gebrochenemotion	5	fraction_emotion	4
german	gebrochenemotion	5	fraction_emotion	5
german	gebrochenemotion	5	fraction_emotion	6
german	gebrochenemotion	5	fraction_emotion	7
german	gebrochenemotion	5	fraction_emotion	8
german	gebrochenemotion	5	fraction_emotion	9
german	gebrochenemotion	6	fraction_emotion	10
german	gebrochenemotion	6	fraction_emotion	11
german	gebrochenemotion	6	fraction_emotion	12
german	gebrochenemotion	6	fraction_emotion	13
german	gebrochenemotion	6	fraction_emotion	14
german	gebrochenemotion	6	fraction_emotion	15
german	gebrochenemotion	6	fraction_emotion	16
german	gebrochenemotion	6	fraction_emotion	17
german	gebrochenemotion	6	fraction_emotion	18
german	gebrochenemotion	6	fraction_emotion	19
german	gebrochenemotion	6	fraction_emotion	2
german	gebrochenemotion	6	fraction_emotion	20
german	gebrochenemotion	6	fraction_emotion	21
german	gebrochenemotion	6	fraction_emotion	22
german	gebrochenemotion	6	fraction_emotion	23
german	gebrochenemotion	6	fraction_emotion	3
german	gebrochenemotion	6	fraction_emotion	4
german	gebrochenemotion	6	fraction_emotion	5
german	gebrochenemotion	6	fraction_emotion	6
german	gebrochenemotion	6	fraction_emotion	7
german	gebrochenemotion	6	fraction_emotion	8
german	gebrochenemotion	6	fraction_emotion	9
german	gebrochenemotion	7	fraction_emotion	10
german	gebrochenemotion	7	fraction_emotion	11
german	gebrochenemotion	7	fraction_emotion	12
german	gebrochenemotion	7	fraction_emotion	13
german	gebrochenemotion	7	fraction_emotion	14
german	gebrochenemotion	7	fraction_emotion	15
german	gebrochenemotion	7	fraction_emotion	16
german	gebrochenemotion	7	fraction_emotion	17
german	gebrochenemotion	7	fraction_emotion	18
german	gebrochenemotion	7	fraction_emotion	19
german	gebrochenemotion	7	fraction_emotion	2
german	gebrochenemotion	7	fraction_emotion	20
german	gebrochenemotion	7	fraction_emotion	21
german	gebrochenemotion	7	fraction_emotion	22
german	gebrochenemotion	7	fraction_emotion	23
german	gebrochenemotion	7	fraction_emotion	3
german	gebrochenemotion	7	fraction_emotion	4
german	gebrochenemotion	7	fraction_emotion	5
german	gebrochenemotion	7	fraction_emotion	6
german	gebrochenemotion	7	fraction_emotion	7
german	gebrochenemotion	7	fraction_emotion	8
german	gebrochenemotion	7	fraction_emotion	9
german	gebrochenemotion	8	fraction_emotion	10
german	gebrochenemotion	8	fraction_emotion	11
german	gebrochenemotion	8	fraction_emotion	12
german	gebrochenemotion	8	fraction_emotion	13
german	gebrochenemotion	8	fraction_emotion	14
german	gebrochenemotion	8	fraction_emotion	15
german	gebrochenemotion	8	fraction_emotion	16
german	gebrochenemotion	8	fraction_emotion	17
german	gebrochenemotion	8	fraction_emotion	18
german	gebrochenemotion	8	fraction_emotion	19
german	gebrochenemotion	8	fraction_emotion	2
german	gebrochenemotion	8	fraction_emotion	20
german	gebrochenemotion	8	fraction_emotion	21
german	gebrochenemotion	8	fraction_emotion	22
german	gebrochenemotion	8	fraction_emotion	23
german	gebrochenemotion	8	fraction_emotion	3
german	gebrochenemotion	8	fraction_emotion	4
german	gebrochenemotion	8	fraction_emotion	5
german	gebrochenemotion	8	fraction_emotion	6
german	gebrochenemotion	8	fraction_emotion	7
german	gebrochenemotion	8	fraction_emotion	8
german	gebrochenemotion	8	fraction_emotion	9
german	gebrochenemotion	9	fraction_emotion	10
german	gebrochenemotion	9	fraction_emotion	11
german	gebrochenemotion	9	fraction_emotion	12
german	gebrochenemotion	9	fraction_emotion	13
german	gebrochenemotion	9	fraction_emotion	14
german	gebrochenemotion	9	fraction_emotion	15
german	gebrochenemotion	9	fraction_emotion	16
german	gebrochenemotion	9	fraction_emotion	17
german	gebrochenemotion	9	fraction_emotion	18
german	gebrochenemotion	9	fraction_emotion	19
german	gebrochenemotion	9	fraction_emotion	2
german	gebrochenemotion	9	fraction_emotion	20
german	gebrochenemotion	9	fraction_emotion	21
german	gebrochenemotion	9	fraction_emotion	22
german	gebrochenemotion	9	fraction_emotion	23
german	gebrochenemotion	9	fraction_emotion	3
german	gebrochenemotion	9	fraction_emotion	4
german	gebrochenemotion	9	fraction_emotion	5
german	gebrochenemotion	9	fraction_emotion	6
german	gebrochenemotion	9	fraction_emotion	7
german	gebrochenemotion	9	fraction_emotion	8
german	gebrochenemotion	9	fraction_emotion	9
german	gebrochengalaxie	10	fraction_galaxy	10
german	gebrochengalaxie	10	fraction_galaxy	11
german	gebrochengalaxie	10	fraction_galaxy	12
german	gebrochengalaxie	10	fraction_galaxy	13
german	gebrochengalaxie	10	fraction_galaxy	14
german	gebrochengalaxie	10	fraction_galaxy	15
german	gebrochengalaxie	10	fraction_galaxy	16
german	gebrochengalaxie	10	fraction_galaxy	17
german	gebrochengalaxie	10	fraction_galaxy	18
german	gebrochengalaxie	10	fraction_galaxy	19
german	gebrochengalaxie	10	fraction_galaxy	2
german	gebrochengalaxie	10	fraction_galaxy	20
german	gebrochengalaxie	10	fraction_galaxy	21
german	gebrochengalaxie	10	fraction_galaxy	22
german	gebrochengalaxie	10	fraction_galaxy	23
german	gebrochengalaxie	10	fraction_galaxy	3
german	gebrochengalaxie	10	fraction_galaxy	4
german	gebrochengalaxie	10	fraction_galaxy	5
german	gebrochengalaxie	10	fraction_galaxy	6
german	gebrochengalaxie	10	fraction_galaxy	7
german	gebrochengalaxie	10	fraction_galaxy	8
german	gebrochengalaxie	10	fraction_galaxy	9
german	gebrochengalaxie	11	fraction_galaxy	10
german	gebrochengalaxie	11	fraction_galaxy	11
german	gebrochengalaxie	11	fraction_galaxy	12
german	gebrochengalaxie	11	fraction_galaxy	13
german	gebrochengalaxie	11	fraction_galaxy	14
german	gebrochengalaxie	11	fraction_galaxy	15
german	gebrochengalaxie	11	fraction_galaxy	16
german	gebrochengalaxie	11	fraction_galaxy	17
german	gebrochengalaxie	11	fraction_galaxy	18
german	gebrochengalaxie	11	fraction_galaxy	19
german	gebrochengalaxie	11	fraction_galaxy	2
german	gebrochengalaxie	11	fraction_galaxy	20
german	gebrochengalaxie	11	fraction_galaxy	21
german	gebrochengalaxie	11	fraction_galaxy	22
german	gebrochengalaxie	11	fraction_galaxy	23
german	gebrochengalaxie	11	fraction_galaxy	3
german	gebrochengalaxie	11	fraction_galaxy	4
german	gebrochengalaxie	11	fraction_galaxy	5
german	gebrochengalaxie	11	fraction_galaxy	6
german	gebrochengalaxie	11	fraction_galaxy	7
german	gebrochengalaxie	11	fraction_galaxy	8
german	gebrochengalaxie	11	fraction_galaxy	9
german	gebrochengalaxie	12	fraction_galaxy	10
german	gebrochengalaxie	12	fraction_galaxy	11
german	gebrochengalaxie	12	fraction_galaxy	12
german	gebrochengalaxie	12	fraction_galaxy	13
german	gebrochengalaxie	12	fraction_galaxy	14
german	gebrochengalaxie	12	fraction_galaxy	15
german	gebrochengalaxie	12	fraction_galaxy	16
german	gebrochengalaxie	12	fraction_galaxy	17
german	gebrochengalaxie	12	fraction_galaxy	18
german	gebrochengalaxie	12	fraction_galaxy	19
german	gebrochengalaxie	12	fraction_galaxy	2
german	gebrochengalaxie	12	fraction_galaxy	20
german	gebrochengalaxie	12	fraction_galaxy	21
german	gebrochengalaxie	12	fraction_galaxy	22
german	gebrochengalaxie	12	fraction_galaxy	23
german	gebrochengalaxie	12	fraction_galaxy	3
german	gebrochengalaxie	12	fraction_galaxy	4
german	gebrochengalaxie	12	fraction_galaxy	5
german	gebrochengalaxie	12	fraction_galaxy	6
german	gebrochengalaxie	12	fraction_galaxy	7
german	gebrochengalaxie	12	fraction_galaxy	8
german	gebrochengalaxie	12	fraction_galaxy	9
german	gebrochengalaxie	13	fraction_galaxy	10
german	gebrochengalaxie	13	fraction_galaxy	11
german	gebrochengalaxie	13	fraction_galaxy	12
german	gebrochengalaxie	13	fraction_galaxy	13
german	gebrochengalaxie	13	fraction_galaxy	14
german	gebrochengalaxie	13	fraction_galaxy	15
german	gebrochengalaxie	13	fraction_galaxy	16
german	gebrochengalaxie	13	fraction_galaxy	17
german	gebrochengalaxie	13	fraction_galaxy	18
german	gebrochengalaxie	13	fraction_galaxy	19
german	gebrochengalaxie	13	fraction_galaxy	2
german	gebrochengalaxie	13	fraction_galaxy	20
german	gebrochengalaxie	13	fraction_galaxy	21
german	gebrochengalaxie	13	fraction_galaxy	22
german	gebrochengalaxie	13	fraction_galaxy	23
german	gebrochengalaxie	13	fraction_galaxy	3
german	gebrochengalaxie	13	fraction_galaxy	4
german	gebrochengalaxie	13	fraction_galaxy	5
german	gebrochengalaxie	13	fraction_galaxy	6
german	gebrochengalaxie	13	fraction_galaxy	7
german	gebrochengalaxie	13	fraction_galaxy	8
german	gebrochengalaxie	13	fraction_galaxy	9
german	gebrochengalaxie	14	fraction_galaxy	10
german	gebrochengalaxie	14	fraction_galaxy	11
german	gebrochengalaxie	14	fraction_galaxy	12
german	gebrochengalaxie	14	fraction_galaxy	13
german	gebrochengalaxie	14	fraction_galaxy	14
german	gebrochengalaxie	14	fraction_galaxy	15
german	gebrochengalaxie	14	fraction_galaxy	16
german	gebrochengalaxie	14	fraction_galaxy	17
german	gebrochengalaxie	14	fraction_galaxy	18
german	gebrochengalaxie	14	fraction_galaxy	19
german	gebrochengalaxie	14	fraction_galaxy	2
german	gebrochengalaxie	14	fraction_galaxy	20
german	gebrochengalaxie	14	fraction_galaxy	21
german	gebrochengalaxie	14	fraction_galaxy	22
german	gebrochengalaxie	14	fraction_galaxy	23
german	gebrochengalaxie	14	fraction_galaxy	3
german	gebrochengalaxie	14	fraction_galaxy	4
german	gebrochengalaxie	14	fraction_galaxy	5
german	gebrochengalaxie	14	fraction_galaxy	6
german	gebrochengalaxie	14	fraction_galaxy	7
german	gebrochengalaxie	14	fraction_galaxy	8
german	gebrochengalaxie	14	fraction_galaxy	9
german	gebrochengalaxie	15	fraction_galaxy	10
german	gebrochengalaxie	15	fraction_galaxy	11
german	gebrochengalaxie	15	fraction_galaxy	12
german	gebrochengalaxie	15	fraction_galaxy	13
german	gebrochengalaxie	15	fraction_galaxy	14
german	gebrochengalaxie	15	fraction_galaxy	15
german	gebrochengalaxie	15	fraction_galaxy	16
german	gebrochengalaxie	15	fraction_galaxy	17
german	gebrochengalaxie	15	fraction_galaxy	18
german	gebrochengalaxie	15	fraction_galaxy	19
german	gebrochengalaxie	15	fraction_galaxy	2
german	gebrochengalaxie	15	fraction_galaxy	20
german	gebrochengalaxie	15	fraction_galaxy	21
german	gebrochengalaxie	15	fraction_galaxy	22
german	gebrochengalaxie	15	fraction_galaxy	23
german	gebrochengalaxie	15	fraction_galaxy	3
german	gebrochengalaxie	15	fraction_galaxy	4
german	gebrochengalaxie	15	fraction_galaxy	5
german	gebrochengalaxie	15	fraction_galaxy	6
german	gebrochengalaxie	15	fraction_galaxy	7
german	gebrochengalaxie	15	fraction_galaxy	8
german	gebrochengalaxie	15	fraction_galaxy	9
german	gebrochengalaxie	16	fraction_galaxy	10
german	gebrochengalaxie	16	fraction_galaxy	11
german	gebrochengalaxie	16	fraction_galaxy	12
german	gebrochengalaxie	16	fraction_galaxy	13
german	gebrochengalaxie	16	fraction_galaxy	14
german	gebrochengalaxie	16	fraction_galaxy	15
german	gebrochengalaxie	16	fraction_galaxy	16
german	gebrochengalaxie	16	fraction_galaxy	17
german	gebrochengalaxie	16	fraction_galaxy	18
german	gebrochengalaxie	16	fraction_galaxy	19
german	gebrochengalaxie	16	fraction_galaxy	2
german	gebrochengalaxie	16	fraction_galaxy	20
german	gebrochengalaxie	16	fraction_galaxy	21
german	gebrochengalaxie	16	fraction_galaxy	22
german	gebrochengalaxie	16	fraction_galaxy	23
german	gebrochengalaxie	16	fraction_galaxy	3
german	gebrochengalaxie	16	fraction_galaxy	4
german	gebrochengalaxie	16	fraction_galaxy	5
german	gebrochengalaxie	16	fraction_galaxy	6
german	gebrochengalaxie	16	fraction_galaxy	7
german	gebrochengalaxie	16	fraction_galaxy	8
german	gebrochengalaxie	16	fraction_galaxy	9
german	gebrochengalaxie	17	fraction_galaxy	10
german	gebrochengalaxie	17	fraction_galaxy	11
german	gebrochengalaxie	17	fraction_galaxy	12
german	gebrochengalaxie	17	fraction_galaxy	13
german	gebrochengalaxie	17	fraction_galaxy	14
german	gebrochengalaxie	17	fraction_galaxy	15
german	gebrochengalaxie	17	fraction_galaxy	16
german	gebrochengalaxie	17	fraction_galaxy	17
german	gebrochengalaxie	17	fraction_galaxy	18
german	gebrochengalaxie	17	fraction_galaxy	19
german	gebrochengalaxie	17	fraction_galaxy	2
german	gebrochengalaxie	17	fraction_galaxy	20
german	gebrochengalaxie	17	fraction_galaxy	21
german	gebrochengalaxie	17	fraction_galaxy	22
german	gebrochengalaxie	17	fraction_galaxy	23
german	gebrochengalaxie	17	fraction_galaxy	3
german	gebrochengalaxie	17	fraction_galaxy	4
german	gebrochengalaxie	17	fraction_galaxy	5
german	gebrochengalaxie	17	fraction_galaxy	6
german	gebrochengalaxie	17	fraction_galaxy	7
german	gebrochengalaxie	17	fraction_galaxy	8
german	gebrochengalaxie	17	fraction_galaxy	9
german	gebrochengalaxie	18	fraction_galaxy	10
german	gebrochengalaxie	18	fraction_galaxy	11
german	gebrochengalaxie	18	fraction_galaxy	12
german	gebrochengalaxie	18	fraction_galaxy	13
german	gebrochengalaxie	18	fraction_galaxy	14
german	gebrochengalaxie	18	fraction_galaxy	15
german	gebrochengalaxie	18	fraction_galaxy	16
german	gebrochengalaxie	18	fraction_galaxy	17
german	gebrochengalaxie	18	fraction_galaxy	18
german	gebrochengalaxie	18	fraction_galaxy	19
german	gebrochengalaxie	18	fraction_galaxy	2
german	gebrochengalaxie	18	fraction_galaxy	20
german	gebrochengalaxie	18	fraction_galaxy	21
german	gebrochengalaxie	18	fraction_galaxy	22
german	gebrochengalaxie	18	fraction_galaxy	23
german	gebrochengalaxie	18	fraction_galaxy	3
german	gebrochengalaxie	18	fraction_galaxy	4
german	gebrochengalaxie	18	fraction_galaxy	5
german	gebrochengalaxie	18	fraction_galaxy	6
german	gebrochengalaxie	18	fraction_galaxy	7
german	gebrochengalaxie	18	fraction_galaxy	8
german	gebrochengalaxie	18	fraction_galaxy	9
german	gebrochengalaxie	19	fraction_galaxy	10
german	gebrochengalaxie	19	fraction_galaxy	11
german	gebrochengalaxie	19	fraction_galaxy	12
german	gebrochengalaxie	19	fraction_galaxy	13
german	gebrochengalaxie	19	fraction_galaxy	14
german	gebrochengalaxie	19	fraction_galaxy	15
german	gebrochengalaxie	19	fraction_galaxy	16
german	gebrochengalaxie	19	fraction_galaxy	17
german	gebrochengalaxie	19	fraction_galaxy	18
german	gebrochengalaxie	19	fraction_galaxy	19
german	gebrochengalaxie	19	fraction_galaxy	2
german	gebrochengalaxie	19	fraction_galaxy	20
german	gebrochengalaxie	19	fraction_galaxy	21
german	gebrochengalaxie	19	fraction_galaxy	22
german	gebrochengalaxie	19	fraction_galaxy	23
german	gebrochengalaxie	19	fraction_galaxy	3
german	gebrochengalaxie	19	fraction_galaxy	4
german	gebrochengalaxie	19	fraction_galaxy	5
german	gebrochengalaxie	19	fraction_galaxy	6
german	gebrochengalaxie	19	fraction_galaxy	7
german	gebrochengalaxie	19	fraction_galaxy	8
german	gebrochengalaxie	19	fraction_galaxy	9
german	gebrochengalaxie	2	fraction_galaxy	10
german	gebrochengalaxie	2	fraction_galaxy	11
german	gebrochengalaxie	2	fraction_galaxy	12
german	gebrochengalaxie	2	fraction_galaxy	13
german	gebrochengalaxie	2	fraction_galaxy	14
german	gebrochengalaxie	2	fraction_galaxy	15
german	gebrochengalaxie	2	fraction_galaxy	16
german	gebrochengalaxie	2	fraction_galaxy	17
german	gebrochengalaxie	2	fraction_galaxy	18
german	gebrochengalaxie	2	fraction_galaxy	19
german	gebrochengalaxie	2	fraction_galaxy	2
german	gebrochengalaxie	2	fraction_galaxy	20
german	gebrochengalaxie	2	fraction_galaxy	21
german	gebrochengalaxie	2	fraction_galaxy	22
german	gebrochengalaxie	2	fraction_galaxy	23
german	gebrochengalaxie	2	fraction_galaxy	3
german	gebrochengalaxie	2	fraction_galaxy	4
german	gebrochengalaxie	2	fraction_galaxy	5
german	gebrochengalaxie	2	fraction_galaxy	6
german	gebrochengalaxie	2	fraction_galaxy	7
german	gebrochengalaxie	2	fraction_galaxy	8
german	gebrochengalaxie	2	fraction_galaxy	9
german	gebrochengalaxie	20	fraction_galaxy	10
german	gebrochengalaxie	20	fraction_galaxy	11
german	gebrochengalaxie	20	fraction_galaxy	12
german	gebrochengalaxie	20	fraction_galaxy	13
german	gebrochengalaxie	20	fraction_galaxy	14
german	gebrochengalaxie	20	fraction_galaxy	15
german	gebrochengalaxie	20	fraction_galaxy	16
german	gebrochengalaxie	20	fraction_galaxy	17
german	gebrochengalaxie	20	fraction_galaxy	18
german	gebrochengalaxie	20	fraction_galaxy	19
german	gebrochengalaxie	20	fraction_galaxy	2
german	gebrochengalaxie	20	fraction_galaxy	20
german	gebrochengalaxie	20	fraction_galaxy	21
german	gebrochengalaxie	20	fraction_galaxy	22
german	gebrochengalaxie	20	fraction_galaxy	23
german	gebrochengalaxie	20	fraction_galaxy	3
german	gebrochengalaxie	20	fraction_galaxy	4
german	gebrochengalaxie	20	fraction_galaxy	5
german	gebrochengalaxie	20	fraction_galaxy	6
german	gebrochengalaxie	20	fraction_galaxy	7
german	gebrochengalaxie	20	fraction_galaxy	8
german	gebrochengalaxie	20	fraction_galaxy	9
german	gebrochengalaxie	21	fraction_galaxy	10
german	gebrochengalaxie	21	fraction_galaxy	11
german	gebrochengalaxie	21	fraction_galaxy	12
german	gebrochengalaxie	21	fraction_galaxy	13
german	gebrochengalaxie	21	fraction_galaxy	14
german	gebrochengalaxie	21	fraction_galaxy	15
german	gebrochengalaxie	21	fraction_galaxy	16
german	gebrochengalaxie	21	fraction_galaxy	17
german	gebrochengalaxie	21	fraction_galaxy	18
german	gebrochengalaxie	21	fraction_galaxy	19
german	gebrochengalaxie	21	fraction_galaxy	2
german	gebrochengalaxie	21	fraction_galaxy	20
german	gebrochengalaxie	21	fraction_galaxy	21
german	gebrochengalaxie	21	fraction_galaxy	22
german	gebrochengalaxie	21	fraction_galaxy	23
german	gebrochengalaxie	21	fraction_galaxy	3
german	gebrochengalaxie	21	fraction_galaxy	4
german	gebrochengalaxie	21	fraction_galaxy	5
german	gebrochengalaxie	21	fraction_galaxy	6
german	gebrochengalaxie	21	fraction_galaxy	7
german	gebrochengalaxie	21	fraction_galaxy	8
german	gebrochengalaxie	21	fraction_galaxy	9
german	gebrochengalaxie	22	fraction_galaxy	10
german	gebrochengalaxie	22	fraction_galaxy	11
german	gebrochengalaxie	22	fraction_galaxy	12
german	gebrochengalaxie	22	fraction_galaxy	13
german	gebrochengalaxie	22	fraction_galaxy	14
german	gebrochengalaxie	22	fraction_galaxy	15
german	gebrochengalaxie	22	fraction_galaxy	16
german	gebrochengalaxie	22	fraction_galaxy	17
german	gebrochengalaxie	22	fraction_galaxy	18
german	gebrochengalaxie	22	fraction_galaxy	19
german	gebrochengalaxie	22	fraction_galaxy	2
german	gebrochengalaxie	22	fraction_galaxy	20
german	gebrochengalaxie	22	fraction_galaxy	21
german	gebrochengalaxie	22	fraction_galaxy	22
german	gebrochengalaxie	22	fraction_galaxy	23
german	gebrochengalaxie	22	fraction_galaxy	3
german	gebrochengalaxie	22	fraction_galaxy	4
german	gebrochengalaxie	22	fraction_galaxy	5
german	gebrochengalaxie	22	fraction_galaxy	6
german	gebrochengalaxie	22	fraction_galaxy	7
german	gebrochengalaxie	22	fraction_galaxy	8
german	gebrochengalaxie	22	fraction_galaxy	9
german	gebrochengalaxie	23	fraction_galaxy	10
german	gebrochengalaxie	23	fraction_galaxy	11
german	gebrochengalaxie	23	fraction_galaxy	12
german	gebrochengalaxie	23	fraction_galaxy	13
german	gebrochengalaxie	23	fraction_galaxy	14
german	gebrochengalaxie	23	fraction_galaxy	15
german	gebrochengalaxie	23	fraction_galaxy	16
german	gebrochengalaxie	23	fraction_galaxy	17
german	gebrochengalaxie	23	fraction_galaxy	18
german	gebrochengalaxie	23	fraction_galaxy	19
german	gebrochengalaxie	23	fraction_galaxy	2
german	gebrochengalaxie	23	fraction_galaxy	20
german	gebrochengalaxie	23	fraction_galaxy	21
german	gebrochengalaxie	23	fraction_galaxy	22
german	gebrochengalaxie	23	fraction_galaxy	23
german	gebrochengalaxie	23	fraction_galaxy	3
german	gebrochengalaxie	23	fraction_galaxy	4
german	gebrochengalaxie	23	fraction_galaxy	5
german	gebrochengalaxie	23	fraction_galaxy	6
german	gebrochengalaxie	23	fraction_galaxy	7
german	gebrochengalaxie	23	fraction_galaxy	8
german	gebrochengalaxie	23	fraction_galaxy	9
german	gebrochengalaxie	3	fraction_galaxy	10
german	gebrochengalaxie	3	fraction_galaxy	11
german	gebrochengalaxie	3	fraction_galaxy	12
german	gebrochengalaxie	3	fraction_galaxy	13
german	gebrochengalaxie	3	fraction_galaxy	14
german	gebrochengalaxie	3	fraction_galaxy	15
german	gebrochengalaxie	3	fraction_galaxy	16
german	gebrochengalaxie	3	fraction_galaxy	17
german	gebrochengalaxie	3	fraction_galaxy	18
german	gebrochengalaxie	3	fraction_galaxy	19
german	gebrochengalaxie	3	fraction_galaxy	2
german	gebrochengalaxie	3	fraction_galaxy	20
german	gebrochengalaxie	3	fraction_galaxy	21
german	gebrochengalaxie	3	fraction_galaxy	22
german	gebrochengalaxie	3	fraction_galaxy	23
german	gebrochengalaxie	3	fraction_galaxy	3
german	gebrochengalaxie	3	fraction_galaxy	4
german	gebrochengalaxie	3	fraction_galaxy	5
german	gebrochengalaxie	3	fraction_galaxy	6
german	gebrochengalaxie	3	fraction_galaxy	7
german	gebrochengalaxie	3	fraction_galaxy	8
german	gebrochengalaxie	3	fraction_galaxy	9
german	gebrochengalaxie	4	fraction_galaxy	10
german	gebrochengalaxie	4	fraction_galaxy	11
german	gebrochengalaxie	4	fraction_galaxy	12
german	gebrochengalaxie	4	fraction_galaxy	13
german	gebrochengalaxie	4	fraction_galaxy	14
german	gebrochengalaxie	4	fraction_galaxy	15
german	gebrochengalaxie	4	fraction_galaxy	16
german	gebrochengalaxie	4	fraction_galaxy	17
german	gebrochengalaxie	4	fraction_galaxy	18
german	gebrochengalaxie	4	fraction_galaxy	19
german	gebrochengalaxie	4	fraction_galaxy	2
german	gebrochengalaxie	4	fraction_galaxy	20
german	gebrochengalaxie	4	fraction_galaxy	21
german	gebrochengalaxie	4	fraction_galaxy	22
german	gebrochengalaxie	4	fraction_galaxy	23
german	gebrochengalaxie	4	fraction_galaxy	3
german	gebrochengalaxie	4	fraction_galaxy	4
german	gebrochengalaxie	4	fraction_galaxy	5
german	gebrochengalaxie	4	fraction_galaxy	6
german	gebrochengalaxie	4	fraction_galaxy	7
german	gebrochengalaxie	4	fraction_galaxy	8
german	gebrochengalaxie	4	fraction_galaxy	9
german	gebrochengalaxie	5	fraction_galaxy	10
german	gebrochengalaxie	5	fraction_galaxy	11
german	gebrochengalaxie	5	fraction_galaxy	12
german	gebrochengalaxie	5	fraction_galaxy	13
german	gebrochengalaxie	5	fraction_galaxy	14
german	gebrochengalaxie	5	fraction_galaxy	15
german	gebrochengalaxie	5	fraction_galaxy	16
german	gebrochengalaxie	5	fraction_galaxy	17
german	gebrochengalaxie	5	fraction_galaxy	18
german	gebrochengalaxie	5	fraction_galaxy	19
german	gebrochengalaxie	5	fraction_galaxy	2
german	gebrochengalaxie	5	fraction_galaxy	20
german	gebrochengalaxie	5	fraction_galaxy	21
german	gebrochengalaxie	5	fraction_galaxy	22
german	gebrochengalaxie	5	fraction_galaxy	23
german	gebrochengalaxie	5	fraction_galaxy	3
german	gebrochengalaxie	5	fraction_galaxy	4
german	gebrochengalaxie	5	fraction_galaxy	5
german	gebrochengalaxie	5	fraction_galaxy	6
german	gebrochengalaxie	5	fraction_galaxy	7
german	gebrochengalaxie	5	fraction_galaxy	8
german	gebrochengalaxie	5	fraction_galaxy	9
german	gebrochengalaxie	6	fraction_galaxy	10
german	gebrochengalaxie	6	fraction_galaxy	11
german	gebrochengalaxie	6	fraction_galaxy	12
german	gebrochengalaxie	6	fraction_galaxy	13
german	gebrochengalaxie	6	fraction_galaxy	14
german	gebrochengalaxie	6	fraction_galaxy	15
german	gebrochengalaxie	6	fraction_galaxy	16
german	gebrochengalaxie	6	fraction_galaxy	17
german	gebrochengalaxie	6	fraction_galaxy	18
german	gebrochengalaxie	6	fraction_galaxy	19
german	gebrochengalaxie	6	fraction_galaxy	2
german	gebrochengalaxie	6	fraction_galaxy	20
german	gebrochengalaxie	6	fraction_galaxy	21
german	gebrochengalaxie	6	fraction_galaxy	22
german	gebrochengalaxie	6	fraction_galaxy	23
german	gebrochengalaxie	6	fraction_galaxy	3
german	gebrochengalaxie	6	fraction_galaxy	4
german	gebrochengalaxie	6	fraction_galaxy	5
german	gebrochengalaxie	6	fraction_galaxy	6
german	gebrochengalaxie	6	fraction_galaxy	7
german	gebrochengalaxie	6	fraction_galaxy	8
german	gebrochengalaxie	6	fraction_galaxy	9
german	gebrochengalaxie	7	fraction_galaxy	10
german	gebrochengalaxie	7	fraction_galaxy	11
german	gebrochengalaxie	7	fraction_galaxy	12
german	gebrochengalaxie	7	fraction_galaxy	13
german	gebrochengalaxie	7	fraction_galaxy	14
german	gebrochengalaxie	7	fraction_galaxy	15
german	gebrochengalaxie	7	fraction_galaxy	16
german	gebrochengalaxie	7	fraction_galaxy	17
german	gebrochengalaxie	7	fraction_galaxy	18
german	gebrochengalaxie	7	fraction_galaxy	19
german	gebrochengalaxie	7	fraction_galaxy	2
german	gebrochengalaxie	7	fraction_galaxy	20
german	gebrochengalaxie	7	fraction_galaxy	21
german	gebrochengalaxie	7	fraction_galaxy	22
german	gebrochengalaxie	7	fraction_galaxy	23
german	gebrochengalaxie	7	fraction_galaxy	3
german	gebrochengalaxie	7	fraction_galaxy	4
german	gebrochengalaxie	7	fraction_galaxy	5
german	gebrochengalaxie	7	fraction_galaxy	6
german	gebrochengalaxie	7	fraction_galaxy	7
german	gebrochengalaxie	7	fraction_galaxy	8
german	gebrochengalaxie	7	fraction_galaxy	9
german	gebrochengalaxie	8	fraction_galaxy	10
german	gebrochengalaxie	8	fraction_galaxy	11
german	gebrochengalaxie	8	fraction_galaxy	12
german	gebrochengalaxie	8	fraction_galaxy	13
german	gebrochengalaxie	8	fraction_galaxy	14
german	gebrochengalaxie	8	fraction_galaxy	15
german	gebrochengalaxie	8	fraction_galaxy	16
german	gebrochengalaxie	8	fraction_galaxy	17
german	gebrochengalaxie	8	fraction_galaxy	18
german	gebrochengalaxie	8	fraction_galaxy	19
german	gebrochengalaxie	8	fraction_galaxy	2
german	gebrochengalaxie	8	fraction_galaxy	20
german	gebrochengalaxie	8	fraction_galaxy	21
german	gebrochengalaxie	8	fraction_galaxy	22
german	gebrochengalaxie	8	fraction_galaxy	23
german	gebrochengalaxie	8	fraction_galaxy	3
german	gebrochengalaxie	8	fraction_galaxy	4
german	gebrochengalaxie	8	fraction_galaxy	5
german	gebrochengalaxie	8	fraction_galaxy	6
german	gebrochengalaxie	8	fraction_galaxy	7
german	gebrochengalaxie	8	fraction_galaxy	8
german	gebrochengalaxie	8	fraction_galaxy	9
german	gebrochengalaxie	9	fraction_galaxy	10
german	gebrochengalaxie	9	fraction_galaxy	11
german	gebrochengalaxie	9	fraction_galaxy	12
german	gebrochengalaxie	9	fraction_galaxy	13
german	gebrochengalaxie	9	fraction_galaxy	14
german	gebrochengalaxie	9	fraction_galaxy	15
german	gebrochengalaxie	9	fraction_galaxy	16
german	gebrochengalaxie	9	fraction_galaxy	17
german	gebrochengalaxie	9	fraction_galaxy	18
german	gebrochengalaxie	9	fraction_galaxy	19
german	gebrochengalaxie	9	fraction_galaxy	2
german	gebrochengalaxie	9	fraction_galaxy	20
german	gebrochengalaxie	9	fraction_galaxy	21
german	gebrochengalaxie	9	fraction_galaxy	22
german	gebrochengalaxie	9	fraction_galaxy	23
german	gebrochengalaxie	9	fraction_galaxy	3
german	gebrochengalaxie	9	fraction_galaxy	4
german	gebrochengalaxie	9	fraction_galaxy	5
german	gebrochengalaxie	9	fraction_galaxy	6
german	gebrochengalaxie	9	fraction_galaxy	7
german	gebrochengalaxie	9	fraction_galaxy	8
german	gebrochengalaxie	9	fraction_galaxy	9
german	gebrochengroesse	10	fraction_size	10
german	gebrochengroesse	10	fraction_size	11
german	gebrochengroesse	10	fraction_size	12
german	gebrochengroesse	10	fraction_size	13
german	gebrochengroesse	10	fraction_size	14
german	gebrochengroesse	10	fraction_size	15
german	gebrochengroesse	10	fraction_size	16
german	gebrochengroesse	10	fraction_size	17
german	gebrochengroesse	10	fraction_size	18
german	gebrochengroesse	10	fraction_size	19
german	gebrochengroesse	10	fraction_size	2
german	gebrochengroesse	10	fraction_size	20
german	gebrochengroesse	10	fraction_size	21
german	gebrochengroesse	10	fraction_size	22
german	gebrochengroesse	10	fraction_size	23
german	gebrochengroesse	10	fraction_size	3
german	gebrochengroesse	10	fraction_size	4
german	gebrochengroesse	10	fraction_size	5
german	gebrochengroesse	10	fraction_size	6
german	gebrochengroesse	10	fraction_size	7
german	gebrochengroesse	10	fraction_size	8
german	gebrochengroesse	10	fraction_size	9
german	gebrochengroesse	11	fraction_size	10
german	gebrochengroesse	11	fraction_size	11
german	gebrochengroesse	11	fraction_size	12
german	gebrochengroesse	11	fraction_size	13
german	gebrochengroesse	11	fraction_size	14
german	gebrochengroesse	11	fraction_size	15
german	gebrochengroesse	11	fraction_size	16
german	gebrochengroesse	11	fraction_size	17
german	gebrochengroesse	11	fraction_size	18
german	gebrochengroesse	11	fraction_size	19
german	gebrochengroesse	11	fraction_size	2
german	gebrochengroesse	11	fraction_size	20
german	gebrochengroesse	11	fraction_size	21
german	gebrochengroesse	11	fraction_size	22
german	gebrochengroesse	11	fraction_size	23
german	gebrochengroesse	11	fraction_size	3
german	gebrochengroesse	11	fraction_size	4
german	gebrochengroesse	11	fraction_size	5
german	gebrochengroesse	11	fraction_size	6
german	gebrochengroesse	11	fraction_size	7
german	gebrochengroesse	11	fraction_size	8
german	gebrochengroesse	11	fraction_size	9
german	gebrochengroesse	12	fraction_size	10
german	gebrochengroesse	12	fraction_size	11
german	gebrochengroesse	12	fraction_size	12
german	gebrochengroesse	12	fraction_size	13
german	gebrochengroesse	12	fraction_size	14
german	gebrochengroesse	12	fraction_size	15
german	gebrochengroesse	12	fraction_size	16
german	gebrochengroesse	12	fraction_size	17
german	gebrochengroesse	12	fraction_size	18
german	gebrochengroesse	12	fraction_size	19
german	gebrochengroesse	12	fraction_size	2
german	gebrochengroesse	12	fraction_size	20
german	gebrochengroesse	12	fraction_size	21
german	gebrochengroesse	12	fraction_size	22
german	gebrochengroesse	12	fraction_size	23
german	gebrochengroesse	12	fraction_size	3
german	gebrochengroesse	12	fraction_size	4
german	gebrochengroesse	12	fraction_size	5
german	gebrochengroesse	12	fraction_size	6
german	gebrochengroesse	12	fraction_size	7
german	gebrochengroesse	12	fraction_size	8
german	gebrochengroesse	12	fraction_size	9
german	gebrochengroesse	13	fraction_size	10
german	gebrochengroesse	13	fraction_size	11
german	gebrochengroesse	13	fraction_size	12
german	gebrochengroesse	13	fraction_size	13
german	gebrochengroesse	13	fraction_size	14
german	gebrochengroesse	13	fraction_size	15
german	gebrochengroesse	13	fraction_size	16
german	gebrochengroesse	13	fraction_size	17
german	gebrochengroesse	13	fraction_size	18
german	gebrochengroesse	13	fraction_size	19
german	gebrochengroesse	13	fraction_size	2
german	gebrochengroesse	13	fraction_size	20
german	gebrochengroesse	13	fraction_size	21
german	gebrochengroesse	13	fraction_size	22
german	gebrochengroesse	13	fraction_size	23
german	gebrochengroesse	13	fraction_size	3
german	gebrochengroesse	13	fraction_size	4
german	gebrochengroesse	13	fraction_size	5
german	gebrochengroesse	13	fraction_size	6
german	gebrochengroesse	13	fraction_size	7
german	gebrochengroesse	13	fraction_size	8
german	gebrochengroesse	13	fraction_size	9
german	gebrochengroesse	14	fraction_size	10
german	gebrochengroesse	14	fraction_size	11
german	gebrochengroesse	14	fraction_size	12
german	gebrochengroesse	14	fraction_size	13
german	gebrochengroesse	14	fraction_size	14
german	gebrochengroesse	14	fraction_size	15
german	gebrochengroesse	14	fraction_size	16
german	gebrochengroesse	14	fraction_size	17
german	gebrochengroesse	14	fraction_size	18
german	gebrochengroesse	14	fraction_size	19
german	gebrochengroesse	14	fraction_size	2
german	gebrochengroesse	14	fraction_size	20
german	gebrochengroesse	14	fraction_size	21
german	gebrochengroesse	14	fraction_size	22
german	gebrochengroesse	14	fraction_size	23
german	gebrochengroesse	14	fraction_size	3
german	gebrochengroesse	14	fraction_size	4
german	gebrochengroesse	14	fraction_size	5
german	gebrochengroesse	14	fraction_size	6
german	gebrochengroesse	14	fraction_size	7
german	gebrochengroesse	14	fraction_size	8
german	gebrochengroesse	14	fraction_size	9
german	gebrochengroesse	15	fraction_size	10
german	gebrochengroesse	15	fraction_size	11
german	gebrochengroesse	15	fraction_size	12
german	gebrochengroesse	15	fraction_size	13
german	gebrochengroesse	15	fraction_size	14
german	gebrochengroesse	15	fraction_size	15
german	gebrochengroesse	15	fraction_size	16
german	gebrochengroesse	15	fraction_size	17
german	gebrochengroesse	15	fraction_size	18
german	gebrochengroesse	15	fraction_size	19
german	gebrochengroesse	15	fraction_size	2
german	gebrochengroesse	15	fraction_size	20
german	gebrochengroesse	15	fraction_size	21
german	gebrochengroesse	15	fraction_size	22
german	gebrochengroesse	15	fraction_size	23
german	gebrochengroesse	15	fraction_size	3
german	gebrochengroesse	15	fraction_size	4
german	gebrochengroesse	15	fraction_size	5
german	gebrochengroesse	15	fraction_size	6
german	gebrochengroesse	15	fraction_size	7
german	gebrochengroesse	15	fraction_size	8
german	gebrochengroesse	15	fraction_size	9
german	gebrochengroesse	16	fraction_size	10
german	gebrochengroesse	16	fraction_size	11
german	gebrochengroesse	16	fraction_size	12
german	gebrochengroesse	16	fraction_size	13
german	gebrochengroesse	16	fraction_size	14
german	gebrochengroesse	16	fraction_size	15
german	gebrochengroesse	16	fraction_size	16
german	gebrochengroesse	16	fraction_size	17
german	gebrochengroesse	16	fraction_size	18
german	gebrochengroesse	16	fraction_size	19
german	gebrochengroesse	16	fraction_size	2
german	gebrochengroesse	16	fraction_size	20
german	gebrochengroesse	16	fraction_size	21
german	gebrochengroesse	16	fraction_size	22
german	gebrochengroesse	16	fraction_size	23
german	gebrochengroesse	16	fraction_size	3
german	gebrochengroesse	16	fraction_size	4
german	gebrochengroesse	16	fraction_size	5
german	gebrochengroesse	16	fraction_size	6
german	gebrochengroesse	16	fraction_size	7
german	gebrochengroesse	16	fraction_size	8
german	gebrochengroesse	16	fraction_size	9
german	gebrochengroesse	17	fraction_size	10
german	gebrochengroesse	17	fraction_size	11
german	gebrochengroesse	17	fraction_size	12
german	gebrochengroesse	17	fraction_size	13
german	gebrochengroesse	17	fraction_size	14
german	gebrochengroesse	17	fraction_size	15
german	gebrochengroesse	17	fraction_size	16
german	gebrochengroesse	17	fraction_size	17
german	gebrochengroesse	17	fraction_size	18
german	gebrochengroesse	17	fraction_size	19
german	gebrochengroesse	17	fraction_size	2
german	gebrochengroesse	17	fraction_size	20
german	gebrochengroesse	17	fraction_size	21
german	gebrochengroesse	17	fraction_size	22
german	gebrochengroesse	17	fraction_size	23
german	gebrochengroesse	17	fraction_size	3
german	gebrochengroesse	17	fraction_size	4
german	gebrochengroesse	17	fraction_size	5
german	gebrochengroesse	17	fraction_size	6
german	gebrochengroesse	17	fraction_size	7
german	gebrochengroesse	17	fraction_size	8
german	gebrochengroesse	17	fraction_size	9
german	gebrochengroesse	18	fraction_size	10
german	gebrochengroesse	18	fraction_size	11
german	gebrochengroesse	18	fraction_size	12
german	gebrochengroesse	18	fraction_size	13
german	gebrochengroesse	18	fraction_size	14
german	gebrochengroesse	18	fraction_size	15
german	gebrochengroesse	18	fraction_size	16
german	gebrochengroesse	18	fraction_size	17
german	gebrochengroesse	18	fraction_size	18
german	gebrochengroesse	18	fraction_size	19
german	gebrochengroesse	18	fraction_size	2
german	gebrochengroesse	18	fraction_size	20
german	gebrochengroesse	18	fraction_size	21
german	gebrochengroesse	18	fraction_size	22
german	gebrochengroesse	18	fraction_size	23
german	gebrochengroesse	18	fraction_size	3
german	gebrochengroesse	18	fraction_size	4
german	gebrochengroesse	18	fraction_size	5
german	gebrochengroesse	18	fraction_size	6
german	gebrochengroesse	18	fraction_size	7
german	gebrochengroesse	18	fraction_size	8
german	gebrochengroesse	18	fraction_size	9
german	gebrochengroesse	19	fraction_size	10
german	gebrochengroesse	19	fraction_size	11
german	gebrochengroesse	19	fraction_size	12
german	gebrochengroesse	19	fraction_size	13
german	gebrochengroesse	19	fraction_size	14
german	gebrochengroesse	19	fraction_size	15
german	gebrochengroesse	19	fraction_size	16
german	gebrochengroesse	19	fraction_size	17
german	gebrochengroesse	19	fraction_size	18
german	gebrochengroesse	19	fraction_size	19
german	gebrochengroesse	19	fraction_size	2
german	gebrochengroesse	19	fraction_size	20
german	gebrochengroesse	19	fraction_size	21
german	gebrochengroesse	19	fraction_size	22
german	gebrochengroesse	19	fraction_size	23
german	gebrochengroesse	19	fraction_size	3
german	gebrochengroesse	19	fraction_size	4
german	gebrochengroesse	19	fraction_size	5
german	gebrochengroesse	19	fraction_size	6
german	gebrochengroesse	19	fraction_size	7
german	gebrochengroesse	19	fraction_size	8
german	gebrochengroesse	19	fraction_size	9
german	gebrochengroesse	2	fraction_size	10
german	gebrochengroesse	2	fraction_size	11
german	gebrochengroesse	2	fraction_size	12
german	gebrochengroesse	2	fraction_size	13
german	gebrochengroesse	2	fraction_size	14
german	gebrochengroesse	2	fraction_size	15
german	gebrochengroesse	2	fraction_size	16
german	gebrochengroesse	2	fraction_size	17
german	gebrochengroesse	2	fraction_size	18
german	gebrochengroesse	2	fraction_size	19
german	gebrochengroesse	2	fraction_size	2
german	gebrochengroesse	2	fraction_size	20
german	gebrochengroesse	2	fraction_size	21
german	gebrochengroesse	2	fraction_size	22
german	gebrochengroesse	2	fraction_size	23
german	gebrochengroesse	2	fraction_size	3
german	gebrochengroesse	2	fraction_size	4
german	gebrochengroesse	2	fraction_size	5
german	gebrochengroesse	2	fraction_size	6
german	gebrochengroesse	2	fraction_size	7
german	gebrochengroesse	2	fraction_size	8
german	gebrochengroesse	2	fraction_size	9
german	gebrochengroesse	20	fraction_size	10
german	gebrochengroesse	20	fraction_size	11
german	gebrochengroesse	20	fraction_size	12
german	gebrochengroesse	20	fraction_size	13
german	gebrochengroesse	20	fraction_size	14
german	gebrochengroesse	20	fraction_size	15
german	gebrochengroesse	20	fraction_size	16
german	gebrochengroesse	20	fraction_size	17
german	gebrochengroesse	20	fraction_size	18
german	gebrochengroesse	20	fraction_size	19
german	gebrochengroesse	20	fraction_size	2
german	gebrochengroesse	20	fraction_size	20
german	gebrochengroesse	20	fraction_size	21
german	gebrochengroesse	20	fraction_size	22
german	gebrochengroesse	20	fraction_size	23
german	gebrochengroesse	20	fraction_size	3
german	gebrochengroesse	20	fraction_size	4
german	gebrochengroesse	20	fraction_size	5
german	gebrochengroesse	20	fraction_size	6
german	gebrochengroesse	20	fraction_size	7
german	gebrochengroesse	20	fraction_size	8
german	gebrochengroesse	20	fraction_size	9
german	gebrochengroesse	21	fraction_size	10
german	gebrochengroesse	21	fraction_size	11
german	gebrochengroesse	21	fraction_size	12
german	gebrochengroesse	21	fraction_size	13
german	gebrochengroesse	21	fraction_size	14
german	gebrochengroesse	21	fraction_size	15
german	gebrochengroesse	21	fraction_size	16
german	gebrochengroesse	21	fraction_size	17
german	gebrochengroesse	21	fraction_size	18
german	gebrochengroesse	21	fraction_size	19
german	gebrochengroesse	21	fraction_size	2
german	gebrochengroesse	21	fraction_size	20
german	gebrochengroesse	21	fraction_size	21
german	gebrochengroesse	21	fraction_size	22
german	gebrochengroesse	21	fraction_size	23
german	gebrochengroesse	21	fraction_size	3
german	gebrochengroesse	21	fraction_size	4
german	gebrochengroesse	21	fraction_size	5
german	gebrochengroesse	21	fraction_size	6
german	gebrochengroesse	21	fraction_size	7
german	gebrochengroesse	21	fraction_size	8
german	gebrochengroesse	21	fraction_size	9
german	gebrochengroesse	22	fraction_size	10
german	gebrochengroesse	22	fraction_size	11
german	gebrochengroesse	22	fraction_size	12
german	gebrochengroesse	22	fraction_size	13
german	gebrochengroesse	22	fraction_size	14
german	gebrochengroesse	22	fraction_size	15
german	gebrochengroesse	22	fraction_size	16
german	gebrochengroesse	22	fraction_size	17
german	gebrochengroesse	22	fraction_size	18
german	gebrochengroesse	22	fraction_size	19
german	gebrochengroesse	22	fraction_size	2
german	gebrochengroesse	22	fraction_size	20
german	gebrochengroesse	22	fraction_size	21
german	gebrochengroesse	22	fraction_size	22
german	gebrochengroesse	22	fraction_size	23
german	gebrochengroesse	22	fraction_size	3
german	gebrochengroesse	22	fraction_size	4
german	gebrochengroesse	22	fraction_size	5
german	gebrochengroesse	22	fraction_size	6
german	gebrochengroesse	22	fraction_size	7
german	gebrochengroesse	22	fraction_size	8
german	gebrochengroesse	22	fraction_size	9
german	gebrochengroesse	23	fraction_size	10
german	gebrochengroesse	23	fraction_size	11
german	gebrochengroesse	23	fraction_size	12
german	gebrochengroesse	23	fraction_size	13
german	gebrochengroesse	23	fraction_size	14
german	gebrochengroesse	23	fraction_size	15
german	gebrochengroesse	23	fraction_size	16
german	gebrochengroesse	23	fraction_size	17
german	gebrochengroesse	23	fraction_size	18
german	gebrochengroesse	23	fraction_size	19
german	gebrochengroesse	23	fraction_size	2
german	gebrochengroesse	23	fraction_size	20
german	gebrochengroesse	23	fraction_size	21
german	gebrochengroesse	23	fraction_size	22
german	gebrochengroesse	23	fraction_size	23
german	gebrochengroesse	23	fraction_size	3
german	gebrochengroesse	23	fraction_size	4
german	gebrochengroesse	23	fraction_size	5
german	gebrochengroesse	23	fraction_size	6
german	gebrochengroesse	23	fraction_size	7
german	gebrochengroesse	23	fraction_size	8
german	gebrochengroesse	23	fraction_size	9
german	gebrochengroesse	3	fraction_size	10
german	gebrochengroesse	3	fraction_size	11
german	gebrochengroesse	3	fraction_size	12
german	gebrochengroesse	3	fraction_size	13
german	gebrochengroesse	3	fraction_size	14
german	gebrochengroesse	3	fraction_size	15
german	gebrochengroesse	3	fraction_size	16
german	gebrochengroesse	3	fraction_size	17
german	gebrochengroesse	3	fraction_size	18
german	gebrochengroesse	3	fraction_size	19
german	gebrochengroesse	3	fraction_size	2
german	gebrochengroesse	3	fraction_size	20
german	gebrochengroesse	3	fraction_size	21
german	gebrochengroesse	3	fraction_size	22
german	gebrochengroesse	3	fraction_size	23
german	gebrochengroesse	3	fraction_size	3
german	gebrochengroesse	3	fraction_size	4
german	gebrochengroesse	3	fraction_size	5
german	gebrochengroesse	3	fraction_size	6
german	gebrochengroesse	3	fraction_size	7
german	gebrochengroesse	3	fraction_size	8
german	gebrochengroesse	3	fraction_size	9
german	gebrochengroesse	4	fraction_size	10
german	gebrochengroesse	4	fraction_size	11
german	gebrochengroesse	4	fraction_size	12
german	gebrochengroesse	4	fraction_size	13
german	gebrochengroesse	4	fraction_size	14
german	gebrochengroesse	4	fraction_size	15
german	gebrochengroesse	4	fraction_size	16
german	gebrochengroesse	4	fraction_size	17
german	gebrochengroesse	4	fraction_size	18
german	gebrochengroesse	4	fraction_size	19
german	gebrochengroesse	4	fraction_size	2
german	gebrochengroesse	4	fraction_size	20
german	gebrochengroesse	4	fraction_size	21
german	gebrochengroesse	4	fraction_size	22
german	gebrochengroesse	4	fraction_size	23
german	gebrochengroesse	4	fraction_size	3
german	gebrochengroesse	4	fraction_size	4
german	gebrochengroesse	4	fraction_size	5
german	gebrochengroesse	4	fraction_size	6
german	gebrochengroesse	4	fraction_size	7
german	gebrochengroesse	4	fraction_size	8
german	gebrochengroesse	4	fraction_size	9
german	gebrochengroesse	5	fraction_size	10
german	gebrochengroesse	5	fraction_size	11
german	gebrochengroesse	5	fraction_size	12
german	gebrochengroesse	5	fraction_size	13
german	gebrochengroesse	5	fraction_size	14
german	gebrochengroesse	5	fraction_size	15
german	gebrochengroesse	5	fraction_size	16
german	gebrochengroesse	5	fraction_size	17
german	gebrochengroesse	5	fraction_size	18
german	gebrochengroesse	5	fraction_size	19
german	gebrochengroesse	5	fraction_size	2
german	gebrochengroesse	5	fraction_size	20
german	gebrochengroesse	5	fraction_size	21
german	gebrochengroesse	5	fraction_size	22
german	gebrochengroesse	5	fraction_size	23
german	gebrochengroesse	5	fraction_size	3
german	gebrochengroesse	5	fraction_size	4
german	gebrochengroesse	5	fraction_size	5
german	gebrochengroesse	5	fraction_size	6
german	gebrochengroesse	5	fraction_size	7
german	gebrochengroesse	5	fraction_size	8
german	gebrochengroesse	5	fraction_size	9
german	gebrochengroesse	6	fraction_size	10
german	gebrochengroesse	6	fraction_size	11
german	gebrochengroesse	6	fraction_size	12
german	gebrochengroesse	6	fraction_size	13
german	gebrochengroesse	6	fraction_size	14
german	gebrochengroesse	6	fraction_size	15
german	gebrochengroesse	6	fraction_size	16
german	gebrochengroesse	6	fraction_size	17
german	gebrochengroesse	6	fraction_size	18
german	gebrochengroesse	6	fraction_size	19
german	gebrochengroesse	6	fraction_size	2
german	gebrochengroesse	6	fraction_size	20
german	gebrochengroesse	6	fraction_size	21
german	gebrochengroesse	6	fraction_size	22
german	gebrochengroesse	6	fraction_size	23
german	gebrochengroesse	6	fraction_size	3
german	gebrochengroesse	6	fraction_size	4
german	gebrochengroesse	6	fraction_size	5
german	gebrochengroesse	6	fraction_size	6
german	gebrochengroesse	6	fraction_size	7
german	gebrochengroesse	6	fraction_size	8
german	gebrochengroesse	6	fraction_size	9
german	gebrochengroesse	7	fraction_size	10
german	gebrochengroesse	7	fraction_size	11
german	gebrochengroesse	7	fraction_size	12
german	gebrochengroesse	7	fraction_size	13
german	gebrochengroesse	7	fraction_size	14
german	gebrochengroesse	7	fraction_size	15
german	gebrochengroesse	7	fraction_size	16
german	gebrochengroesse	7	fraction_size	17
german	gebrochengroesse	7	fraction_size	18
german	gebrochengroesse	7	fraction_size	19
german	gebrochengroesse	7	fraction_size	2
german	gebrochengroesse	7	fraction_size	20
german	gebrochengroesse	7	fraction_size	21
german	gebrochengroesse	7	fraction_size	22
german	gebrochengroesse	7	fraction_size	23
german	gebrochengroesse	7	fraction_size	3
german	gebrochengroesse	7	fraction_size	4
german	gebrochengroesse	7	fraction_size	5
german	gebrochengroesse	7	fraction_size	6
german	gebrochengroesse	7	fraction_size	7
german	gebrochengroesse	7	fraction_size	8
german	gebrochengroesse	7	fraction_size	9
german	gebrochengroesse	8	fraction_size	10
german	gebrochengroesse	8	fraction_size	11
german	gebrochengroesse	8	fraction_size	12
german	gebrochengroesse	8	fraction_size	13
german	gebrochengroesse	8	fraction_size	14
german	gebrochengroesse	8	fraction_size	15
german	gebrochengroesse	8	fraction_size	16
german	gebrochengroesse	8	fraction_size	17
german	gebrochengroesse	8	fraction_size	18
german	gebrochengroesse	8	fraction_size	19
german	gebrochengroesse	8	fraction_size	2
german	gebrochengroesse	8	fraction_size	20
german	gebrochengroesse	8	fraction_size	21
german	gebrochengroesse	8	fraction_size	22
german	gebrochengroesse	8	fraction_size	23
german	gebrochengroesse	8	fraction_size	3
german	gebrochengroesse	8	fraction_size	4
german	gebrochengroesse	8	fraction_size	5
german	gebrochengroesse	8	fraction_size	6
german	gebrochengroesse	8	fraction_size	7
german	gebrochengroesse	8	fraction_size	8
german	gebrochengroesse	8	fraction_size	9
german	gebrochengroesse	9	fraction_size	10
german	gebrochengroesse	9	fraction_size	11
german	gebrochengroesse	9	fraction_size	12
german	gebrochengroesse	9	fraction_size	13
german	gebrochengroesse	9	fraction_size	14
german	gebrochengroesse	9	fraction_size	15
german	gebrochengroesse	9	fraction_size	16
german	gebrochengroesse	9	fraction_size	17
german	gebrochengroesse	9	fraction_size	18
german	gebrochengroesse	9	fraction_size	19
german	gebrochengroesse	9	fraction_size	2
german	gebrochengroesse	9	fraction_size	20
german	gebrochengroesse	9	fraction_size	21
german	gebrochengroesse	9	fraction_size	22
german	gebrochengroesse	9	fraction_size	23
german	gebrochengroesse	9	fraction_size	3
german	gebrochengroesse	9	fraction_size	4
german	gebrochengroesse	9	fraction_size	5
german	gebrochengroesse	9	fraction_size	6
german	gebrochengroesse	9	fraction_size	7
german	gebrochengroesse	9	fraction_size	8
german	gebrochengroesse	9	fraction_size	9
german	gebrochenuniversum	10	fraction_universe	10
german	gebrochenuniversum	10	fraction_universe	11
german	gebrochenuniversum	10	fraction_universe	12
german	gebrochenuniversum	10	fraction_universe	13
german	gebrochenuniversum	10	fraction_universe	14
german	gebrochenuniversum	10	fraction_universe	15
german	gebrochenuniversum	10	fraction_universe	16
german	gebrochenuniversum	10	fraction_universe	17
german	gebrochenuniversum	10	fraction_universe	18
german	gebrochenuniversum	10	fraction_universe	19
german	gebrochenuniversum	10	fraction_universe	2
german	gebrochenuniversum	10	fraction_universe	20
german	gebrochenuniversum	10	fraction_universe	21
german	gebrochenuniversum	10	fraction_universe	22
german	gebrochenuniversum	10	fraction_universe	23
german	gebrochenuniversum	10	fraction_universe	3
german	gebrochenuniversum	10	fraction_universe	4
german	gebrochenuniversum	10	fraction_universe	5
german	gebrochenuniversum	10	fraction_universe	6
german	gebrochenuniversum	10	fraction_universe	7
german	gebrochenuniversum	10	fraction_universe	8
german	gebrochenuniversum	10	fraction_universe	9
german	gebrochenuniversum	11	fraction_universe	10
german	gebrochenuniversum	11	fraction_universe	11
german	gebrochenuniversum	11	fraction_universe	12
german	gebrochenuniversum	11	fraction_universe	13
german	gebrochenuniversum	11	fraction_universe	14
german	gebrochenuniversum	11	fraction_universe	15
german	gebrochenuniversum	11	fraction_universe	16
german	gebrochenuniversum	11	fraction_universe	17
german	gebrochenuniversum	11	fraction_universe	18
german	gebrochenuniversum	11	fraction_universe	19
german	gebrochenuniversum	11	fraction_universe	2
german	gebrochenuniversum	11	fraction_universe	20
german	gebrochenuniversum	11	fraction_universe	21
german	gebrochenuniversum	11	fraction_universe	22
german	gebrochenuniversum	11	fraction_universe	23
german	gebrochenuniversum	11	fraction_universe	3
german	gebrochenuniversum	11	fraction_universe	4
german	gebrochenuniversum	11	fraction_universe	5
german	gebrochenuniversum	11	fraction_universe	6
german	gebrochenuniversum	11	fraction_universe	7
german	gebrochenuniversum	11	fraction_universe	8
german	gebrochenuniversum	11	fraction_universe	9
german	gebrochenuniversum	12	fraction_universe	10
german	gebrochenuniversum	12	fraction_universe	11
german	gebrochenuniversum	12	fraction_universe	12
german	gebrochenuniversum	12	fraction_universe	13
german	gebrochenuniversum	12	fraction_universe	14
german	gebrochenuniversum	12	fraction_universe	15
german	gebrochenuniversum	12	fraction_universe	16
german	gebrochenuniversum	12	fraction_universe	17
german	gebrochenuniversum	12	fraction_universe	18
german	gebrochenuniversum	12	fraction_universe	19
german	gebrochenuniversum	12	fraction_universe	2
german	gebrochenuniversum	12	fraction_universe	20
german	gebrochenuniversum	12	fraction_universe	21
german	gebrochenuniversum	12	fraction_universe	22
german	gebrochenuniversum	12	fraction_universe	23
german	gebrochenuniversum	12	fraction_universe	3
german	gebrochenuniversum	12	fraction_universe	4
german	gebrochenuniversum	12	fraction_universe	5
german	gebrochenuniversum	12	fraction_universe	6
german	gebrochenuniversum	12	fraction_universe	7
german	gebrochenuniversum	12	fraction_universe	8
german	gebrochenuniversum	12	fraction_universe	9
german	gebrochenuniversum	13	fraction_universe	10
german	gebrochenuniversum	13	fraction_universe	11
german	gebrochenuniversum	13	fraction_universe	12
german	gebrochenuniversum	13	fraction_universe	13
german	gebrochenuniversum	13	fraction_universe	14
german	gebrochenuniversum	13	fraction_universe	15
german	gebrochenuniversum	13	fraction_universe	16
german	gebrochenuniversum	13	fraction_universe	17
german	gebrochenuniversum	13	fraction_universe	18
german	gebrochenuniversum	13	fraction_universe	19
german	gebrochenuniversum	13	fraction_universe	2
german	gebrochenuniversum	13	fraction_universe	20
german	gebrochenuniversum	13	fraction_universe	21
german	gebrochenuniversum	13	fraction_universe	22
german	gebrochenuniversum	13	fraction_universe	23
german	gebrochenuniversum	13	fraction_universe	3
german	gebrochenuniversum	13	fraction_universe	4
german	gebrochenuniversum	13	fraction_universe	5
german	gebrochenuniversum	13	fraction_universe	6
german	gebrochenuniversum	13	fraction_universe	7
german	gebrochenuniversum	13	fraction_universe	8
german	gebrochenuniversum	13	fraction_universe	9
german	gebrochenuniversum	14	fraction_universe	10
german	gebrochenuniversum	14	fraction_universe	11
german	gebrochenuniversum	14	fraction_universe	12
german	gebrochenuniversum	14	fraction_universe	13
german	gebrochenuniversum	14	fraction_universe	14
german	gebrochenuniversum	14	fraction_universe	15
german	gebrochenuniversum	14	fraction_universe	16
german	gebrochenuniversum	14	fraction_universe	17
german	gebrochenuniversum	14	fraction_universe	18
german	gebrochenuniversum	14	fraction_universe	19
german	gebrochenuniversum	14	fraction_universe	2
german	gebrochenuniversum	14	fraction_universe	20
german	gebrochenuniversum	14	fraction_universe	21
german	gebrochenuniversum	14	fraction_universe	22
german	gebrochenuniversum	14	fraction_universe	23
german	gebrochenuniversum	14	fraction_universe	3
german	gebrochenuniversum	14	fraction_universe	4
german	gebrochenuniversum	14	fraction_universe	5
german	gebrochenuniversum	14	fraction_universe	6
german	gebrochenuniversum	14	fraction_universe	7
german	gebrochenuniversum	14	fraction_universe	8
german	gebrochenuniversum	14	fraction_universe	9
german	gebrochenuniversum	15	fraction_universe	10
german	gebrochenuniversum	15	fraction_universe	11
german	gebrochenuniversum	15	fraction_universe	12
german	gebrochenuniversum	15	fraction_universe	13
german	gebrochenuniversum	15	fraction_universe	14
german	gebrochenuniversum	15	fraction_universe	15
german	gebrochenuniversum	15	fraction_universe	16
german	gebrochenuniversum	15	fraction_universe	17
german	gebrochenuniversum	15	fraction_universe	18
german	gebrochenuniversum	15	fraction_universe	19
german	gebrochenuniversum	15	fraction_universe	2
german	gebrochenuniversum	15	fraction_universe	20
german	gebrochenuniversum	15	fraction_universe	21
german	gebrochenuniversum	15	fraction_universe	22
german	gebrochenuniversum	15	fraction_universe	23
german	gebrochenuniversum	15	fraction_universe	3
german	gebrochenuniversum	15	fraction_universe	4
german	gebrochenuniversum	15	fraction_universe	5
german	gebrochenuniversum	15	fraction_universe	6
german	gebrochenuniversum	15	fraction_universe	7
german	gebrochenuniversum	15	fraction_universe	8
german	gebrochenuniversum	15	fraction_universe	9
german	gebrochenuniversum	16	fraction_universe	10
german	gebrochenuniversum	16	fraction_universe	11
german	gebrochenuniversum	16	fraction_universe	12
german	gebrochenuniversum	16	fraction_universe	13
german	gebrochenuniversum	16	fraction_universe	14
german	gebrochenuniversum	16	fraction_universe	15
german	gebrochenuniversum	16	fraction_universe	16
german	gebrochenuniversum	16	fraction_universe	17
german	gebrochenuniversum	16	fraction_universe	18
german	gebrochenuniversum	16	fraction_universe	19
german	gebrochenuniversum	16	fraction_universe	2
german	gebrochenuniversum	16	fraction_universe	20
german	gebrochenuniversum	16	fraction_universe	21
german	gebrochenuniversum	16	fraction_universe	22
german	gebrochenuniversum	16	fraction_universe	23
german	gebrochenuniversum	16	fraction_universe	3
german	gebrochenuniversum	16	fraction_universe	4
german	gebrochenuniversum	16	fraction_universe	5
german	gebrochenuniversum	16	fraction_universe	6
german	gebrochenuniversum	16	fraction_universe	7
german	gebrochenuniversum	16	fraction_universe	8
german	gebrochenuniversum	16	fraction_universe	9
german	gebrochenuniversum	17	fraction_universe	10
german	gebrochenuniversum	17	fraction_universe	11
german	gebrochenuniversum	17	fraction_universe	12
german	gebrochenuniversum	17	fraction_universe	13
german	gebrochenuniversum	17	fraction_universe	14
german	gebrochenuniversum	17	fraction_universe	15
german	gebrochenuniversum	17	fraction_universe	16
german	gebrochenuniversum	17	fraction_universe	17
german	gebrochenuniversum	17	fraction_universe	18
german	gebrochenuniversum	17	fraction_universe	19
german	gebrochenuniversum	17	fraction_universe	2
german	gebrochenuniversum	17	fraction_universe	20
german	gebrochenuniversum	17	fraction_universe	21
german	gebrochenuniversum	17	fraction_universe	22
german	gebrochenuniversum	17	fraction_universe	23
german	gebrochenuniversum	17	fraction_universe	3
german	gebrochenuniversum	17	fraction_universe	4
german	gebrochenuniversum	17	fraction_universe	5
german	gebrochenuniversum	17	fraction_universe	6
german	gebrochenuniversum	17	fraction_universe	7
german	gebrochenuniversum	17	fraction_universe	8
german	gebrochenuniversum	17	fraction_universe	9
german	gebrochenuniversum	18	fraction_universe	10
german	gebrochenuniversum	18	fraction_universe	11
german	gebrochenuniversum	18	fraction_universe	12
german	gebrochenuniversum	18	fraction_universe	13
german	gebrochenuniversum	18	fraction_universe	14
german	gebrochenuniversum	18	fraction_universe	15
german	gebrochenuniversum	18	fraction_universe	16
german	gebrochenuniversum	18	fraction_universe	17
german	gebrochenuniversum	18	fraction_universe	18
german	gebrochenuniversum	18	fraction_universe	19
german	gebrochenuniversum	18	fraction_universe	2
german	gebrochenuniversum	18	fraction_universe	20
german	gebrochenuniversum	18	fraction_universe	21
german	gebrochenuniversum	18	fraction_universe	22
german	gebrochenuniversum	18	fraction_universe	23
german	gebrochenuniversum	18	fraction_universe	3
german	gebrochenuniversum	18	fraction_universe	4
german	gebrochenuniversum	18	fraction_universe	5
german	gebrochenuniversum	18	fraction_universe	6
german	gebrochenuniversum	18	fraction_universe	7
german	gebrochenuniversum	18	fraction_universe	8
german	gebrochenuniversum	18	fraction_universe	9
german	gebrochenuniversum	19	fraction_universe	10
german	gebrochenuniversum	19	fraction_universe	11
german	gebrochenuniversum	19	fraction_universe	12
german	gebrochenuniversum	19	fraction_universe	13
german	gebrochenuniversum	19	fraction_universe	14
german	gebrochenuniversum	19	fraction_universe	15
german	gebrochenuniversum	19	fraction_universe	16
german	gebrochenuniversum	19	fraction_universe	17
german	gebrochenuniversum	19	fraction_universe	18
german	gebrochenuniversum	19	fraction_universe	19
german	gebrochenuniversum	19	fraction_universe	2
german	gebrochenuniversum	19	fraction_universe	20
german	gebrochenuniversum	19	fraction_universe	21
german	gebrochenuniversum	19	fraction_universe	22
german	gebrochenuniversum	19	fraction_universe	23
german	gebrochenuniversum	19	fraction_universe	3
german	gebrochenuniversum	19	fraction_universe	4
german	gebrochenuniversum	19	fraction_universe	5
german	gebrochenuniversum	19	fraction_universe	6
german	gebrochenuniversum	19	fraction_universe	7
german	gebrochenuniversum	19	fraction_universe	8
german	gebrochenuniversum	19	fraction_universe	9
german	gebrochenuniversum	2	fraction_universe	10
german	gebrochenuniversum	2	fraction_universe	11
german	gebrochenuniversum	2	fraction_universe	12
german	gebrochenuniversum	2	fraction_universe	13
german	gebrochenuniversum	2	fraction_universe	14
german	gebrochenuniversum	2	fraction_universe	15
german	gebrochenuniversum	2	fraction_universe	16
german	gebrochenuniversum	2	fraction_universe	17
german	gebrochenuniversum	2	fraction_universe	18
german	gebrochenuniversum	2	fraction_universe	19
german	gebrochenuniversum	2	fraction_universe	2
german	gebrochenuniversum	2	fraction_universe	20
german	gebrochenuniversum	2	fraction_universe	21
german	gebrochenuniversum	2	fraction_universe	22
german	gebrochenuniversum	2	fraction_universe	23
german	gebrochenuniversum	2	fraction_universe	3
german	gebrochenuniversum	2	fraction_universe	4
german	gebrochenuniversum	2	fraction_universe	5
german	gebrochenuniversum	2	fraction_universe	6
german	gebrochenuniversum	2	fraction_universe	7
german	gebrochenuniversum	2	fraction_universe	8
german	gebrochenuniversum	2	fraction_universe	9
german	gebrochenuniversum	20	fraction_universe	10
german	gebrochenuniversum	20	fraction_universe	11
german	gebrochenuniversum	20	fraction_universe	12
german	gebrochenuniversum	20	fraction_universe	13
german	gebrochenuniversum	20	fraction_universe	14
german	gebrochenuniversum	20	fraction_universe	15
german	gebrochenuniversum	20	fraction_universe	16
german	gebrochenuniversum	20	fraction_universe	17
german	gebrochenuniversum	20	fraction_universe	18
german	gebrochenuniversum	20	fraction_universe	19
german	gebrochenuniversum	20	fraction_universe	2
german	gebrochenuniversum	20	fraction_universe	20
german	gebrochenuniversum	20	fraction_universe	21
german	gebrochenuniversum	20	fraction_universe	22
german	gebrochenuniversum	20	fraction_universe	23
german	gebrochenuniversum	20	fraction_universe	3
german	gebrochenuniversum	20	fraction_universe	4
german	gebrochenuniversum	20	fraction_universe	5
german	gebrochenuniversum	20	fraction_universe	6
german	gebrochenuniversum	20	fraction_universe	7
german	gebrochenuniversum	20	fraction_universe	8
german	gebrochenuniversum	20	fraction_universe	9
german	gebrochenuniversum	21	fraction_universe	10
german	gebrochenuniversum	21	fraction_universe	11
german	gebrochenuniversum	21	fraction_universe	12
german	gebrochenuniversum	21	fraction_universe	13
german	gebrochenuniversum	21	fraction_universe	14
german	gebrochenuniversum	21	fraction_universe	15
german	gebrochenuniversum	21	fraction_universe	16
german	gebrochenuniversum	21	fraction_universe	17
german	gebrochenuniversum	21	fraction_universe	18
german	gebrochenuniversum	21	fraction_universe	19
german	gebrochenuniversum	21	fraction_universe	2
german	gebrochenuniversum	21	fraction_universe	20
german	gebrochenuniversum	21	fraction_universe	21
german	gebrochenuniversum	21	fraction_universe	22
german	gebrochenuniversum	21	fraction_universe	23
german	gebrochenuniversum	21	fraction_universe	3
german	gebrochenuniversum	21	fraction_universe	4
german	gebrochenuniversum	21	fraction_universe	5
german	gebrochenuniversum	21	fraction_universe	6
german	gebrochenuniversum	21	fraction_universe	7
german	gebrochenuniversum	21	fraction_universe	8
german	gebrochenuniversum	21	fraction_universe	9
german	gebrochenuniversum	22	fraction_universe	10
german	gebrochenuniversum	22	fraction_universe	11
german	gebrochenuniversum	22	fraction_universe	12
german	gebrochenuniversum	22	fraction_universe	13
german	gebrochenuniversum	22	fraction_universe	14
german	gebrochenuniversum	22	fraction_universe	15
german	gebrochenuniversum	22	fraction_universe	16
german	gebrochenuniversum	22	fraction_universe	17
german	gebrochenuniversum	22	fraction_universe	18
german	gebrochenuniversum	22	fraction_universe	19
german	gebrochenuniversum	22	fraction_universe	2
german	gebrochenuniversum	22	fraction_universe	20
german	gebrochenuniversum	22	fraction_universe	21
german	gebrochenuniversum	22	fraction_universe	22
german	gebrochenuniversum	22	fraction_universe	23
german	gebrochenuniversum	22	fraction_universe	3
german	gebrochenuniversum	22	fraction_universe	4
german	gebrochenuniversum	22	fraction_universe	5
german	gebrochenuniversum	22	fraction_universe	6
german	gebrochenuniversum	22	fraction_universe	7
german	gebrochenuniversum	22	fraction_universe	8
german	gebrochenuniversum	22	fraction_universe	9
german	gebrochenuniversum	23	fraction_universe	10
german	gebrochenuniversum	23	fraction_universe	11
german	gebrochenuniversum	23	fraction_universe	12
german	gebrochenuniversum	23	fraction_universe	13
german	gebrochenuniversum	23	fraction_universe	14
german	gebrochenuniversum	23	fraction_universe	15
german	gebrochenuniversum	23	fraction_universe	16
german	gebrochenuniversum	23	fraction_universe	17
german	gebrochenuniversum	23	fraction_universe	18
german	gebrochenuniversum	23	fraction_universe	19
german	gebrochenuniversum	23	fraction_universe	2
german	gebrochenuniversum	23	fraction_universe	20
german	gebrochenuniversum	23	fraction_universe	21
german	gebrochenuniversum	23	fraction_universe	22
german	gebrochenuniversum	23	fraction_universe	23
german	gebrochenuniversum	23	fraction_universe	3
german	gebrochenuniversum	23	fraction_universe	4
german	gebrochenuniversum	23	fraction_universe	5
german	gebrochenuniversum	23	fraction_universe	6
german	gebrochenuniversum	23	fraction_universe	7
german	gebrochenuniversum	23	fraction_universe	8
german	gebrochenuniversum	23	fraction_universe	9
german	gebrochenuniversum	3	fraction_universe	10
german	gebrochenuniversum	3	fraction_universe	11
german	gebrochenuniversum	3	fraction_universe	12
german	gebrochenuniversum	3	fraction_universe	13
german	gebrochenuniversum	3	fraction_universe	14
german	gebrochenuniversum	3	fraction_universe	15
german	gebrochenuniversum	3	fraction_universe	16
german	gebrochenuniversum	3	fraction_universe	17
german	gebrochenuniversum	3	fraction_universe	18
german	gebrochenuniversum	3	fraction_universe	19
german	gebrochenuniversum	3	fraction_universe	2
german	gebrochenuniversum	3	fraction_universe	20
german	gebrochenuniversum	3	fraction_universe	21
german	gebrochenuniversum	3	fraction_universe	22
german	gebrochenuniversum	3	fraction_universe	23
german	gebrochenuniversum	3	fraction_universe	3
german	gebrochenuniversum	3	fraction_universe	4
german	gebrochenuniversum	3	fraction_universe	5
german	gebrochenuniversum	3	fraction_universe	6
german	gebrochenuniversum	3	fraction_universe	7
german	gebrochenuniversum	3	fraction_universe	8
german	gebrochenuniversum	3	fraction_universe	9
german	gebrochenuniversum	4	fraction_universe	10
german	gebrochenuniversum	4	fraction_universe	11
german	gebrochenuniversum	4	fraction_universe	12
german	gebrochenuniversum	4	fraction_universe	13
german	gebrochenuniversum	4	fraction_universe	14
german	gebrochenuniversum	4	fraction_universe	15
german	gebrochenuniversum	4	fraction_universe	16
german	gebrochenuniversum	4	fraction_universe	17
german	gebrochenuniversum	4	fraction_universe	18
german	gebrochenuniversum	4	fraction_universe	19
german	gebrochenuniversum	4	fraction_universe	2
german	gebrochenuniversum	4	fraction_universe	20
german	gebrochenuniversum	4	fraction_universe	21
german	gebrochenuniversum	4	fraction_universe	22
german	gebrochenuniversum	4	fraction_universe	23
german	gebrochenuniversum	4	fraction_universe	3
german	gebrochenuniversum	4	fraction_universe	4
german	gebrochenuniversum	4	fraction_universe	5
german	gebrochenuniversum	4	fraction_universe	6
german	gebrochenuniversum	4	fraction_universe	7
german	gebrochenuniversum	4	fraction_universe	8
german	gebrochenuniversum	4	fraction_universe	9
german	gebrochenuniversum	5	fraction_universe	10
german	gebrochenuniversum	5	fraction_universe	11
german	gebrochenuniversum	5	fraction_universe	12
german	gebrochenuniversum	5	fraction_universe	13
german	gebrochenuniversum	5	fraction_universe	14
german	gebrochenuniversum	5	fraction_universe	15
german	gebrochenuniversum	5	fraction_universe	16
german	gebrochenuniversum	5	fraction_universe	17
german	gebrochenuniversum	5	fraction_universe	18
german	gebrochenuniversum	5	fraction_universe	19
german	gebrochenuniversum	5	fraction_universe	2
german	gebrochenuniversum	5	fraction_universe	20
german	gebrochenuniversum	5	fraction_universe	21
german	gebrochenuniversum	5	fraction_universe	22
german	gebrochenuniversum	5	fraction_universe	23
german	gebrochenuniversum	5	fraction_universe	3
german	gebrochenuniversum	5	fraction_universe	4
german	gebrochenuniversum	5	fraction_universe	5
german	gebrochenuniversum	5	fraction_universe	6
german	gebrochenuniversum	5	fraction_universe	7
german	gebrochenuniversum	5	fraction_universe	8
german	gebrochenuniversum	5	fraction_universe	9
german	gebrochenuniversum	6	fraction_universe	10
german	gebrochenuniversum	6	fraction_universe	11
german	gebrochenuniversum	6	fraction_universe	12
german	gebrochenuniversum	6	fraction_universe	13
german	gebrochenuniversum	6	fraction_universe	14
german	gebrochenuniversum	6	fraction_universe	15
german	gebrochenuniversum	6	fraction_universe	16
german	gebrochenuniversum	6	fraction_universe	17
german	gebrochenuniversum	6	fraction_universe	18
german	gebrochenuniversum	6	fraction_universe	19
german	gebrochenuniversum	6	fraction_universe	2
german	gebrochenuniversum	6	fraction_universe	20
german	gebrochenuniversum	6	fraction_universe	21
german	gebrochenuniversum	6	fraction_universe	22
german	gebrochenuniversum	6	fraction_universe	23
german	gebrochenuniversum	6	fraction_universe	3
german	gebrochenuniversum	6	fraction_universe	4
german	gebrochenuniversum	6	fraction_universe	5
german	gebrochenuniversum	6	fraction_universe	6
german	gebrochenuniversum	6	fraction_universe	7
german	gebrochenuniversum	6	fraction_universe	8
german	gebrochenuniversum	6	fraction_universe	9
german	gebrochenuniversum	7	fraction_universe	10
german	gebrochenuniversum	7	fraction_universe	11
german	gebrochenuniversum	7	fraction_universe	12
german	gebrochenuniversum	7	fraction_universe	13
german	gebrochenuniversum	7	fraction_universe	14
german	gebrochenuniversum	7	fraction_universe	15
german	gebrochenuniversum	7	fraction_universe	16
german	gebrochenuniversum	7	fraction_universe	17
german	gebrochenuniversum	7	fraction_universe	18
german	gebrochenuniversum	7	fraction_universe	19
german	gebrochenuniversum	7	fraction_universe	2
german	gebrochenuniversum	7	fraction_universe	20
german	gebrochenuniversum	7	fraction_universe	21
german	gebrochenuniversum	7	fraction_universe	22
german	gebrochenuniversum	7	fraction_universe	23
german	gebrochenuniversum	7	fraction_universe	3
german	gebrochenuniversum	7	fraction_universe	4
german	gebrochenuniversum	7	fraction_universe	5
german	gebrochenuniversum	7	fraction_universe	6
german	gebrochenuniversum	7	fraction_universe	7
german	gebrochenuniversum	7	fraction_universe	8
german	gebrochenuniversum	7	fraction_universe	9
german	gebrochenuniversum	8	fraction_universe	10
german	gebrochenuniversum	8	fraction_universe	11
german	gebrochenuniversum	8	fraction_universe	12
german	gebrochenuniversum	8	fraction_universe	13
german	gebrochenuniversum	8	fraction_universe	14
german	gebrochenuniversum	8	fraction_universe	15
german	gebrochenuniversum	8	fraction_universe	16
german	gebrochenuniversum	8	fraction_universe	17
german	gebrochenuniversum	8	fraction_universe	18
german	gebrochenuniversum	8	fraction_universe	19
german	gebrochenuniversum	8	fraction_universe	2
german	gebrochenuniversum	8	fraction_universe	20
german	gebrochenuniversum	8	fraction_universe	21
german	gebrochenuniversum	8	fraction_universe	22
german	gebrochenuniversum	8	fraction_universe	23
german	gebrochenuniversum	8	fraction_universe	3
german	gebrochenuniversum	8	fraction_universe	4
german	gebrochenuniversum	8	fraction_universe	5
german	gebrochenuniversum	8	fraction_universe	6
german	gebrochenuniversum	8	fraction_universe	7
german	gebrochenuniversum	8	fraction_universe	8
german	gebrochenuniversum	8	fraction_universe	9
german	gebrochenuniversum	9	fraction_universe	10
german	gebrochenuniversum	9	fraction_universe	11
german	gebrochenuniversum	9	fraction_universe	12
german	gebrochenuniversum	9	fraction_universe	13
german	gebrochenuniversum	9	fraction_universe	14
german	gebrochenuniversum	9	fraction_universe	15
german	gebrochenuniversum	9	fraction_universe	16
german	gebrochenuniversum	9	fraction_universe	17
german	gebrochenuniversum	9	fraction_universe	18
german	gebrochenuniversum	9	fraction_universe	19
german	gebrochenuniversum	9	fraction_universe	2
german	gebrochenuniversum	9	fraction_universe	20
german	gebrochenuniversum	9	fraction_universe	21
german	gebrochenuniversum	9	fraction_universe	22
german	gebrochenuniversum	9	fraction_universe	23
german	gebrochenuniversum	9	fraction_universe	3
german	gebrochenuniversum	9	fraction_universe	4
german	gebrochenuniversum	9	fraction_universe	5
german	gebrochenuniversum	9	fraction_universe	6
german	gebrochenuniversum	9	fraction_universe	7
german	gebrochenuniversum	9	fraction_universe	8
german	gebrochenuniversum	9	fraction_universe	9
german	grundstrukturen	Liebe_(7)	modal	121,122
german	grundstrukturen	liebe	modal	121,122
german	grundstrukturen	nachvollziehen	generated_command	primzahlkreuzprocontra
german	grundstrukturen	nachvollziehen_emotional_oder_geistig_durch_Primzahl-Kreuz-Algorithmus_(15)	generated_command	primzahlkreuzprocontra
german	konzept	Dein_Recht_bekommen	modal	291,292
german	konzept	Durchleuchten	modal	177,178
german	konzept	Egoismus_vs_Altruismus	modal	66,67
german	konzept	Ehrlichkeit_und_Streit	modal	375,376
german	konzept	Forschen_Erfinden_Einklinken	modal	258,259
german	konzept	Fördern_Sensiblisieren_und_Gedeihen	modal	175,176
german	konzept	Führung	modal	173,174
german	konzept	Gleichheit	modal	192,193
german	konzept	Götter_Propheten_Familien_Freunde	modal	184,185
german	konzept	Kooperation_vs_Arsch	modal	245,246
german	konzept	Liebe_usw	modal	247,248
german	konzept	Meinungen_und_Ruf	modal	60,61
german	konzept	Meinungsintelligenz	modal	151,152
german	konzept	Polung_der_Liebe	modal	121,122
german	konzept	Selbstlosigkeit_Ichlosigkeit_etc	modal	238,239
german	konzept	Selbstsucht_Ichsucht_etc	modal	274,275
german	konzept	Sinn_und_Zweck_des_Lebens	modal	181,182
german	konzept	Sittlichkeit	modal	179,180
german	konzept	Tragweite	modal	211,212
german	konzept	Weisheit_etc	modal	40,41
german	konzept	Zeit_vs_Raum	modal	49,50
german	konzept	Zuneigung_Abneigung	modal	199,200
german	konzept	abgeneigt	modal	199,200
german	konzept	altruismus	modal	66,67
german	konzept	altruist	modal	66,67
german	konzept	anderemenschen	modal	60,61
german	konzept	annaehrerung	modal	179,180
german	konzept	anprangern	modal	368,369
german	konzept	arsch	modal	245,246
german	konzept	arschloch	modal	245,246
german	konzept	autoritaer	modal	163,164
german	konzept	autoritär	modal	163,164
german	konzept	bedeutung	modal	181,182
german	konzept	begrenzen	modal	175,176
german	konzept	bescheiden	modal	277,278
german	konzept	boese	modal	38,39
german	konzept	böse	modal	38,39
german	konzept	durchleuchten	modal	177,178
german	konzept	egalitaer	modal	163,164
german	konzept	egalitaerautoritaer	modal	163,164
german	konzept	egalitär	modal	163,164
german	konzept	egalitär_vs_autoritär	modal	163,164
german	konzept	ego	modal	277,278
german	konzept	egoismus	modal	66,67
german	konzept	egoist	modal	66,67
german	konzept	ehrlich	modal	224,225
german	konzept	ehrlich_vs_höflich	modal	224,225
german	konzept	ehrlichkeit	modal	375,376
german	konzept	einheit	modal	133,134
german	konzept	einklinken	modal	258,259
german	konzept	einklinken_vertrauen_anprangern	modal	368,369
german	konzept	eintoenig	modal	236,237
german	konzept	eintönig	modal	236,237
german	konzept	erfinden	modal	258,259
german	konzept	erleuchten	modal	177,178
german	konzept	familiaer	modal	184,185
german	konzept	familiebrauchen	modal	279,280
german	konzept	foerdern	modal	175,176
german	konzept	forschen	modal	258,259
german	konzept	freunde	modal	184,185
german	konzept	fuehrung	modal	173,174
german	konzept	fördern	modal	175,176
german	konzept	führung	modal	173,174
german	konzept	gedeihen	modal	175,176
german	konzept	geltung	modal	110,111
german	konzept	genese	modal	110,111
german	konzept	gleich	modal	192,193
german	konzept	goettlich	modal	184,185
german	konzept	gut	modal	38,39
german	konzept	gut_böse_lieb_schlecht	modal	38,39
german	konzept	hart	modal	159,160
german	konzept	hart	modal	161,162
german	konzept	hoeflich	modal	224,225
german	konzept	höflich	modal	224,225
german	konzept	ichlos	modal	238,239
german	konzept	ichsucht	modal	274,275
german	konzept	idiot	modal	40,41
german	konzept	kausal	modal	110,111
german	konzept	kooperation	modal	245,246
german	konzept	lieb	modal	38,39
german	konzept	liebe	modal	247,248
german	konzept	liebepolung	modal	121,122
german	konzept	meinungen	modal	60,61
german	konzept	meinungsintelligenz	modal	151,152
german	konzept	meta-weisheit	modal	40,41
german	konzept	metaweisheit	modal	40,41
german	konzept	optimal	modal	40,41
german	konzept	optimum	modal	40,41
german	konzept	propheten	modal	184,185
german	konzept	raum	modal	49,50
german	konzept	recht	modal	291,292
german	konzept	rechte	modal	291,292
german	konzept	reserviert	modal	199,200
german	konzept	ruf	modal	60,61
german	konzept	räumlich	modal	49,50
german	konzept	sanft	modal	159,160
german	konzept	sanft	modal	161,162
german	konzept	sanft_vs_hart	modal	159,160
german	konzept	sanft_vs_hart	modal	161,162
german	konzept	schlecht	modal	38,39
german	konzept	selbstgerecht	modal	291,292
german	konzept	selbstlos	modal	238,239
german	konzept	selbstsucht	modal	274,275
german	konzept	sensibilisieren	modal	175,176
german	konzept	sinn	modal	181,182
german	konzept	sittlichkeit	modal	179,180
german	konzept	streit	modal	375,376
german	konzept	tragweite	modal	211,212
german	konzept	ueberheblich	modal	171,172
german	konzept	ueberheblichkeit	modal	171,172
german	konzept	ueberleben	modal	194,195
german	konzept	ueberlegen	modal	380,381
german	konzept	unterlegen	modal	380,381
german	konzept	unterlegen_überlegen	modal	380,381
german	konzept	ursprungsintelligenz	modal	151,152
german	konzept	variationsreich	modal	236,237
german	konzept	variationsreich_eintönig	modal	236,237
german	konzept	verbinden	modal	133,134
german	konzept	verbindung	modal	133,134
german	konzept	verderben	modal	175,176
german	konzept	vereinen	modal	133,134
german	konzept	vereinen_vs_verbinden	modal	133,134
german	konzept	vereinenverbinden	modal	133,134
german	konzept	vertrauenerhalten	modal	368,369
german	konzept	weise	modal	40,41
german	konzept	weisheit	modal	40,41
german	konzept	wertlos	modal	186,187
german	konzept	wertvoll	modal	186,187
german	konzept	wissenschaft	modal	258,259
german	konzept	zeit	modal	49,50
german	konzept	zeitlich	modal	49,50
german	konzept	zugeneigt	modal	199,200
german	konzept	zugewandt	modal	199,200
german	konzept	zuneigung	modal	247,248
german	konzept	zweck	modal	181,182
german	konzept	Überheblichkeit	modal	171,172
german	konzept	Überleben	modal	194,195
german	konzept	überheblich	modal	171,172
german	konzept	überheblichkeit	modal	171,172
german	konzept2	Ausrichten_Einrichten	modal	358,359
german	konzept2	Gutartigkeits-Egoismus	modal	362,363
german	konzept2	Reflektieren_Erkenntnis-Erkennen	modal	364,365
german	konzept2	Regel_vs_Ausnahme	modal	371,372
german	konzept2	Toleranz_Respekt_Akzeptanz_Willkommen	modal	62,63
german	konzept2	Vertrauen_wollen	modal	366,367
german	konzept2	Werte	modal	360,361
german	konzept2	Würdig	modal	373,374
german	konzept2	akzeptanz	modal	62,63
german	konzept2	ausnahme	modal	371,372
german	konzept2	ausrichten	modal	358,359
german	konzept2	einrichten	modal	358,359
german	konzept2	erkenntnis	modal	364,365
german	konzept2	gutesreziprok	modal	362,363
german	konzept2	position	modal	362,363
german	konzept2	reflektieren	modal	364,365
german	konzept2	regel	modal	371,372
german	konzept2	respekt	modal	62,63
german	konzept2	toleranz	modal	62,63
german	konzept2	vertrauenwollen	modal	366,367
german	konzept2	werte	modal	360,361
german	konzept2	willkommen	modal	62,63
german	konzept2	wuerdig	modal	373,374
german	konzept2	würdig	modal	373,374
german	konzepte	Dein_Recht_bekommen	modal	291,292
german	konzepte	Durchleuchten	modal	177,178
german	konzepte	Egoismus_vs_Altruismus	modal	66,67
german	konzepte	Ehrlichkeit_und_Streit	modal	375,376
german	konzepte	Forschen_Erfinden_Einklinken	modal	258,259
german	konzepte	Fördern_Sensiblisieren_und_Gedeihen	modal	175,176
german	konzepte	Führung	modal	173,174
german	konzepte	Gleichheit	modal	192,193
german	konzepte	Götter_Propheten_Familien_Freunde	modal	184,185
german	konzepte	Kooperation_vs_Arsch	modal	245,246
german	konzepte	Liebe_usw	modal	247,248
german	konzepte	Meinungen_und_Ruf	modal	60,61
german	konzepte	Meinungsintelligenz	modal	151,152
german	konzepte	Polung_der_Liebe	modal	121,122
german	konzepte	Selbstlosigkeit_Ichlosigkeit_etc	modal	238,239
german	konzepte	Selbstsucht_Ichsucht_etc	modal	274,275
german	konzepte	Sinn_und_Zweck_des_Lebens	modal	181,182
german	konzepte	Sittlichkeit	modal	179,180
german	konzepte	Tragweite	modal	211,212
german	konzepte	Weisheit_etc	modal	40,41
german	konzepte	Zeit_vs_Raum	modal	49,50
german	konzepte	Zuneigung_Abneigung	modal	199,200
german	konzepte	abgeneigt	modal	199,200
german	konzepte	altruismus	modal	66,67
german	konzepte	altruist	modal	66,67
german	konzepte	anderemenschen	modal	60,61
german	konzepte	annaehrerung	modal	179,180
german	konzepte	anprangern	modal	368,369
german	konzepte	arsch	modal	245,246
german	konzepte	arschloch	modal	245,246
german	konzepte	autoritaer	modal	163,164
german	konzepte	autoritär	modal	163,164
german	konzepte	bedeutung	modal	181,182
german	konzepte	begrenzen	modal	175,176
german	konzepte	bescheiden	modal	277,278
german	konzepte	boese	modal	38,39
german	konzepte	böse	modal	38,39
german	konzepte	durchleuchten	modal	177,178
german	konzepte	egalitaer	modal	163,164
german	konzepte	egalitaerautoritaer	modal	163,164
german	konzepte	egalitär	modal	163,164
german	konzepte	egalitär_vs_autoritär	modal	163,164
german	konzepte	ego	modal	277,278
german	konzepte	egoismus	modal	66,67
german	konzepte	egoist	modal	66,67
german	konzepte	ehrlich	modal	224,225
german	konzepte	ehrlich_vs_höflich	modal	224,225
german	konzepte	ehrlichkeit	modal	375,376
german	konzepte	einheit	modal	133,134
german	konzepte	einklinken	modal	258,259
german	konzepte	einklinken_vertrauen_anprangern	modal	368,369
german	konzepte	eintoenig	modal	236,237
german	konzepte	eintönig	modal	236,237
german	konzepte	erfinden	modal	258,259
german	konzepte	erleuchten	modal	177,178
german	konzepte	familiaer	modal	184,185
german	konzepte	familiebrauchen	modal	279,280
german	konzepte	foerdern	modal	175,176
german	konzepte	forschen	modal	258,259
german	konzepte	freunde	modal	184,185
german	konzepte	fuehrung	modal	173,174
german	konzepte	fördern	modal	175,176
german	konzepte	führung	modal	173,174
german	konzepte	gedeihen	modal	175,176
german	konzepte	geltung	modal	110,111
german	konzepte	genese	modal	110,111
german	konzepte	gleich	modal	192,193
german	konzepte	goettlich	modal	184,185
german	konzepte	gut	modal	38,39
german	konzepte	gut_böse_lieb_schlecht	modal	38,39
german	konzepte	hart	modal	159,160
german	konzepte	hart	modal	161,162
german	konzepte	hoeflich	modal	224,225
german	konzepte	höflich	modal	224,225
german	konzepte	ichlos	modal	238,239
german	konzepte	ichsucht	modal	274,275
german	konzepte	idiot	modal	40,41
german	konzepte	kausal	modal	110,111
german	konzepte	kooperation	modal	245,246
german	konzepte	lieb	modal	38,39
german	konzepte	liebe	modal	247,248
german	konzepte	liebepolung	modal	121,122
german	konzepte	meinungen	modal	60,61
german	konzepte	meinungsintelligenz	modal	151,152
german	konzepte	meta-weisheit	modal	40,41
german	konzepte	metaweisheit	modal	40,41
german	konzepte	optimal	modal	40,41
german	konzepte	optimum	modal	40,41
german	konzepte	propheten	modal	184,185
german	konzepte	raum	modal	49,50
german	konzepte	recht	modal	291,292
german	konzepte	rechte	modal	291,292
german	konzepte	reserviert	modal	199,200
german	konzepte	ruf	modal	60,61
german	konzepte	räumlich	modal	49,50
german	konzepte	sanft	modal	159,160
german	konzepte	sanft	modal	161,162
german	konzepte	sanft_vs_hart	modal	159,160
german	konzepte	sanft_vs_hart	modal	161,162
german	konzepte	schlecht	modal	38,39
german	konzepte	selbstgerecht	modal	291,292
german	konzepte	selbstlos	modal	238,239
german	konzepte	selbstsucht	modal	274,275
german	konzepte	sensibilisieren	modal	175,176
german	konzepte	sinn	modal	181,182
german	konzepte	sittlichkeit	modal	179,180
german	konzepte	streit	modal	375,376
german	konzepte	tragweite	modal	211,212
german	konzepte	ueberheblich	modal	171,172
german	konzepte	ueberheblichkeit	modal	171,172
german	konzepte	ueberleben	modal	194,195
german	konzepte	ueberlegen	modal	380,381
german	konzepte	unterlegen	modal	380,381
german	konzepte	unterlegen_überlegen	modal	380,381
german	konzepte	ursprungsintelligenz	modal	151,152
german	konzepte	variationsreich	modal	236,237
german	konzepte	variationsreich_eintönig	modal	236,237
german	konzepte	verbinden	modal	133,134
german	konzepte	verbindung	modal	133,134
german	konzepte	verderben	modal	175,176
german	konzepte	vereinen	modal	133,134
german	konzepte	vereinen_vs_verbinden	modal	133,134
german	konzepte	vereinenverbinden	modal	133,134
german	konzepte	vertrauenerhalten	modal	368,369
german	konzepte	weise	modal	40,41
german	konzepte	weisheit	modal	40,41
german	konzepte	wertlos	modal	186,187
german	konzepte	wertvoll	modal	186,187
german	konzepte	wissenschaft	modal	258,259
german	konzepte	zeit	modal	49,50
german	konzepte	zeitlich	modal	49,50
german	konzepte	zugeneigt	modal	199,200
german	konzepte	zugewandt	modal	199,200
german	konzepte	zuneigung	modal	247,248
german	konzepte	zweck	modal	181,182
german	konzepte	Überheblichkeit	modal	171,172
german	konzepte	Überleben	modal	194,195
german	konzepte	überheblich	modal	171,172
german	konzepte	überheblichkeit	modal	171,172
german	konzepte2	Ausrichten_Einrichten	modal	358,359
german	konzepte2	Gutartigkeits-Egoismus	modal	362,363
german	konzepte2	Reflektieren_Erkenntnis-Erkennen	modal	364,365
german	konzepte2	Regel_vs_Ausnahme	modal	371,372
german	konzepte2	Toleranz_Respekt_Akzeptanz_Willkommen	modal	62,63
german	konzepte2	Vertrauen_wollen	modal	366,367
german	konzepte2	Werte	modal	360,361
german	konzepte2	Würdig	modal	373,374
german	konzepte2	akzeptanz	modal	62,63
german	konzepte2	ausnahme	modal	371,372
german	konzepte2	ausrichten	modal	358,359
german	konzepte2	einrichten	modal	358,359
german	konzepte2	erkenntnis	modal	364,365
german	konzepte2	gutesreziprok	modal	362,363
german	konzepte2	position	modal	362,363
german	konzepte2	reflektieren	modal	364,365
german	konzepte2	regel	modal	371,372
german	konzepte2	respekt	modal	62,63
german	konzepte2	toleranz	modal	62,63
german	konzepte2	vertrauenwollen	modal	366,367
german	konzepte2	werte	modal	360,361
german	konzepte2	willkommen	modal	62,63
german	konzepte2	wuerdig	modal	373,374
german	konzepte2	würdig	modal	373,374
german	menschliches	Egoismus	modal	66,67
german	menschliches	Liebe	modal	121,122
german	menschliches	Moral	modal	216,221
german	menschliches	Sinn_des_Lebens	modal	181,182
german	menschliches	altruismus	modal	66,67
german	menschliches	egoismus	modal	66,67
german	menschliches	ehrlich	modal	224,225
german	menschliches	ehrlich_vs_höflich	modal	224,225
german	menschliches	ethik	modal	121,122
german	menschliches	hoeflich	modal	224,225
german	menschliches	höflich	modal	224,225
german	menschliches	lebenssinn	modal	181,182
german	menschliches	liebe	modal	121,122
german	menschliches	moral	modal	216,221
german	menschliches	selbstlosigkeit	modal	66,67
german	menschliches	sinn	modal	181,182
german	menschliches	sinndeslebens	modal	181,182
german	menschliches	sinnsuche	modal	181,182
german	menschliches	warummoral	modal	216,221
german	multiplikationen	Motiv_Sternpolygon_gebrochen-rational	generated_command	primMotivSternGebr
german	multiplikationen	Motiv_gleichförmige_Polygone_gebrochen-rational	generated_command	primMotivGleichfGebr
german	multiplikationen	Motive_Sternpolygone	generated_command	primMotivStern
german	multiplikationen	Motive_gleichförmige_Polygone	generated_command	primMotivGleichf
german	multiplikationen	Struktur_Sternpolygone	generated_command	primStrukStern
german	multiplikationen	Struktur_Sternpolyon_gebrochen-rational	generated_command	primStrukSternGebr
german	multiplikationen	Struktur_gleichförmige_Polygone	generated_command	primStrukGleichf
german	multiplikationen	Struktur_gleichförmige_Polygone_gebrochen-rational	generated_command	primStrukGleichfGebr
german	multiplikationen	beschrieben	generated_command	PrimCSV
german	multiplikationen	motivgebrgleichf	generated_command	primMotivGleichfGebr
german	multiplikationen	motivgebrstern	generated_command	primMotivSternGebr
german	multiplikationen	motivgleichfoermig	generated_command	primMotivGleichf
german	multiplikationen	motivstern	generated_command	primMotivStern
german	multiplikationen	strukgebrgleichf	generated_command	primStrukGleichfGebr
german	multiplikationen	strukgebrstern	generated_command	primStrukSternGebr
german	multiplikationen	strukturgleichfoermig	generated_command	primStrukGleichf
german	multiplikationen	strukturstern	generated_command	primStrukStern
german	primzahlwirkung	Absicht_Reziproke_Galaxie	prime_effect	42
german	primzahlwirkung	Dagegen-Gegentranszendentalie	prime_effect	138
german	primzahlwirkung	Galaxieabsicht	prime_effect	10
german	primzahlwirkung	Richtung_als_Richtung	prime_effect	
german	primzahlwirkung	Universum_Reziproke	prime_effect	131
german	primzahlwirkung	Universum_Strukturalien_Transzendentalien	prime_effect	5
german	primzahlwirkung	absicht	prime_effect	10
german	primzahlwirkung	absichten	prime_effect	10
german	primzahlwirkung	absichtenreziproke	prime_effect	42
german	primzahlwirkung	absichtgalaxie	prime_effect	10
german	primzahlwirkung	absichtgalaxiereziproke	prime_effect	42
german	primzahlwirkung	absichtreziproke	prime_effect	42
german	primzahlwirkung	dagegengegenstrukturalie	prime_effect	138
german	primzahlwirkung	dagegengegenstrukturalien	prime_effect	138
german	primzahlwirkung	dagegengegentranszendentalie	prime_effect	138
german	primzahlwirkung	dagegengegentranszendentalien	prime_effect	138
german	primzahlwirkung	galaxie	prime_effect	10
german	primzahlwirkung	galaxiereziproke	prime_effect	42
german	primzahlwirkung	motiv	prime_effect	10
german	primzahlwirkung	motive	prime_effect	10
german	primzahlwirkung	motivereziproke	prime_effect	42
german	primzahlwirkung	motivreziproke	prime_effect	42
german	primzahlwirkung	neutrale_Gegentranszendentalie	prime_effect	202
german	primzahlwirkung	neutralegegenstrukturalie	prime_effect	202
german	primzahlwirkung	neutralegegenstrukturalien	prime_effect	202
german	primzahlwirkung	neutralegegentranszendentalie	prime_effect	202
german	primzahlwirkung	neutralegegentranszendentalien	prime_effect	202
german	primzahlwirkung	richtungrichtung	prime_effect	
german	primzahlwirkung	strukturalie	prime_effect	5
german	primzahlwirkung	strukturalien	prime_effect	5
german	primzahlwirkung	strukturalienreziproke	prime_effect	131
german	primzahlwirkung	strukturaliereziproke	prime_effect	131
german	primzahlwirkung	transzendentalie	prime_effect	5
german	primzahlwirkung	transzendentalien	prime_effect	5
german	primzahlwirkung	transzendentalienreziproke	prime_effect	131
german	primzahlwirkung	transzendentaliereziproke	prime_effect	131
german	primzahlwirkung	universum	prime_effect	5
german	primzahlwirkung	universumreziproke	prime_effect	131
german	procontra	Primzahlkreuz_pro_contra	generated_command	primzahlkreuzprocontra
german	procontra	primzahlkreuz	generated_command	primzahlkreuzprocontra
german	universummetakonkret	Beherrschen	meta	7,0
german	universummetakonkret	Management	meta	4,0
german	universummetakonkret	Praxis	meta	3,1
german	universummetakonkret	Richtung	meta	7,1
german	universummetakonkret	Theorie	meta	3,0
german	universummetakonkret	Unternehmung_Geschäft	meta	6,0
german	universummetakonkret	beherrschen	meta	7,0
german	universummetakonkret	darüber_hinausgehend	meta	5,1
german	universummetakonkret	diskret	meta	5,0
german	universummetakonkret	fluss	meta	4,1
german	universummetakonkret	ganzheitlich	meta	5,0
german	universummetakonkret	geschaeft	meta	6,0
german	universummetakonkret	geschäft	meta	6,0
german	universummetakonkret	gut	meta	7,1
german	universummetakonkret	hinausgehend	meta	5,1
german	universummetakonkret	konkret	meta	2,1
german	universummetakonkret	kontinuierlich	meta	5,1
german	universummetakonkret	management	meta	4,0
german	universummetakonkret	mathematisch_diskret	meta	5,0
german	universummetakonkret	meta	meta	2,0
german	universummetakonkret	praxis	meta	3,1
german	universummetakonkret	regieren	meta	7,0
german	universummetakonkret	richtung	meta	7,1
german	universummetakonkret	stau	meta	4,0
german	universummetakonkret	theorie	meta	3,0
german	universummetakonkret	unternehmen	meta	6,0
german	universummetakonkret	unternehmung	meta	6,0
german	universummetakonkret	veraendernd	meta	4,1
german	universummetakonkret	verändernd	meta	4,1
german	universummetakonkret	wert	meta	6,1
german	universummetakonkret	wertvoll	meta	6,1
german	wichtigsteverstehen	Motive_Sternpolygone	generated_command	primMotivStern
german	wichtigsteverstehen	Zweitwichtigste	prime_effect	10
german	wichtigsteverstehen	viertwichtigste	generated_command	primMotivStern
german	wichtigsteverstehen	zweitwichtigste	prime_effect	10
