# language	source_column	heading_open	body_open
german	-2	<td class="z_0 r_0 p1_✗Zählung,, p2_p3_0_, p4_" style="background-color:#ffffff;color:#000000;">	<td style="background-color:#ffffff;color:#000000;">
german	-1	<td class="z_0 r_1 p1_✗Nummerierung,, p2_p3_0_, p4_">	<td>
german	0	<td class="z_0 r_2 p1_✗Wichtigstes_zum_gedanklich_einordnen,✗Religionen,✗Religionen,✗Galaxie,, p2_p3_0_Wichtigste,p3_1_Sternpolygon,p3_2_der_Tierkreiszeichen,p3_3_Thomasevangelium,p3_4_, p4_0,3">	<td>
german	1	<td class="z_0 r_3 p1_✗Wichtigstes_zum_gedanklich_einordnen,✗Galaxie,, p2_p3_0_Wichtigste,p3_1_babylonische_Tierkreiszeichen,p3_2_, p4_0,3">	<td>
german	2	<td class="z_0 r_4 p1_✗Wichtigstes_zum_gedanklich_einordnen,✗Galaxie,, p2_p3_0_Wichtigste,p3_1_babylonische_Tierkreiszeichen,p3_2_, p4_0,3">	<td>
german	3	<td class="z_0 r_5 p1_✗Galaxie,, p2_p3_0_Thomasevangelium,p3_1_, p4_0,3">	<td>
german	4	<td class="z_0 r_6 p1_✗Wichtigstes_zum_verstehen,✗Grundstrukturen,✗Größenordnung,✗Universum,✗Inkrementieren,, p2_p3_0_Wichtigste,p3_1_Strukturgrösse,p3_2_Strukturgrösse,p3_3_warum_Transzendentalie_=_Strukturgroesse_=_Charakter,p3_4_warum_Transzendentalie_=_Strukturgroesse_=_Charakter,p3_5_, p4_5,4,0,3">	<td>
german	5	<td class="z_0 r_7 p1_✗Wichtigstes_zum_verstehen,✗Universum,✗Universum,✗Universum,✗Grundstrukturen,✗Multiversum,✗Inkrementieren,✗Inkrementieren,✗Kontinuum,, p2_p3_0_Wichtigste,p3_1_Transzendentalien,p3_2_warum_Transzendentalie_=_Strukturgroesse_=_Charakter,p3_3_warum_Transzendentalie_=_Komplexität_von_Michael_Commons,p3_4_Strukturalien_bzw_Meta-Paradigmen_bzw_Transzendentalien_(15),p3_5_Strukturalien_bzw_Meta-Paradigmen_bzw_Transzendentalien_(15),p3_6_warum_Transzendentalie_=_Strukturgroesse_=_Charakter,p3_7_warum_Transzendentalie_=_Komplexität_von_Michael_Commons,p3_8_O,p3_9_, p4_4,0">	<td>
german	6	<td class="z_0 r_8 p1_✗Religionen,, p2_p3_0_Sternpolygon,p3_1_, p4_0,3">	<td>
german	7	<td class="z_0 r_9 p1_✗Religionen,, p2_p3_0_Messias,p3_1_, p4_0,3">	<td>
german	8	<td class="z_0 r_10 p1_✗Wichtigstes_zum_verstehen,✗Menschliches,✗Grundstrukturen,, p2_p3_0_Wichtigste,p3_1_Liebe,p3_2_Liebe_(7),p3_3_, p4_0,5">	<td>
german	9	<td class="z_0 r_11 p1_✗Menschliches,✗Grundstrukturen,, p2_p3_0_Liebe,p3_1_Liebe_(7),p3_2_, p4_0,5">	<td>
german	10	<td class="z_0 r_12 p1_✗Wichtigstes_zum_verstehen,✗Grundstrukturen,✗Menschliches,, p2_p3_0_Wichtigste,p3_1_Paradigmen_sind_Absichten_(13),p3_2_Motive,p3_3_, p4_0,3">	<td>
german	11	<td class="z_0 r_13 p1_✗Menschliches,, p2_p3_0_Errungenschaften,p3_1_, p4_0,3">	<td>
german	12	<td class="z_0 r_14 p1_✗Menschliches,, p2_p3_0_evolutionär_erwerben_und_Intelligenz_Kreativität,p3_1_, p4_0,3">	<td>
german	13	<td class="z_0 r_15 p1_✗Menschliches,✗Menschliches,, p2_p3_0_evolutionär_erwerben_und_Intelligenz_Kreativität,p3_1_brauchen,p3_2_, p4_0,3">	<td>
german	14	<td class="z_0 r_16 p1_✗Menschliches,, p2_p3_0_brauchen,p3_1_, p4_0,3">	<td>
german	15	<td class="z_0 r_17 p1_✗Pro_Contra,, p2_p3_0_contra,p3_1_, p4_5,4,0,3">	<td>
german	16	<td class="z_0 r_18 p1_✗Religionen,, p2_p3_0_gleichförmiges_Polygon,p3_1_, p4_1,3">	<td>
german	17	<td class="z_0 r_19 p1_✗Pro_Contra,, p2_p3_0_Pro,p3_1_, p4_5,4,0,3">	<td>
german	18	<td class="z_0 r_20 p1_✗Menschliches,, p2_p3_0_Motive,p3_1_, p4_0,3">	<td>
german	19	<td class="z_0 r_21 p1_✗Wichtigstes_zum_verstehen,✗Bedeutung,, p2_p3_0_Zweitwichtigste,p3_1_Primzahlen,p3_2_, p4_0,3">	<td>
german	20	<td class="z_0 r_22 p1_✗Größenordnung,✗Licht,, p2_p3_0_Licht,p3_1_,p3_2_, p4_5,4,0,3">	<td>
german	21	<td class="z_0 r_23 p1_✗Grundstrukturen,✗Größenordnung,, p2_p3_0_Strukturgrösse,p3_1_Strukturgrösse,p3_2_, p4_5,4,0,3">	<td>
german	22	<td class="z_0 r_24 p1_✗Bedeutung,, p2_p3_0_Anwendung_der_Sonnen_und_Monde,p3_1_, p4_0,3">	<td>
german	23	<td class="z_0 r_25 p1_✗Religionen,, p2_p3_0_Vertreter_höherer_Konzepte,p3_1_, p4_0,3">	<td>
german	24	<td class="z_0 r_26 p1_✗Grundstrukturen,✗Menschliches,, p2_p3_0_gegen_5,p3_1_Krankheit,p3_2_, p4_0,3">	<td>
german	25	<td class="z_0 r_27 p1_✗Universum,✗Bedeutung,✗Kontinuum,, p2_p3_0_Netzwerk,p3_1_Zählungen,p3_2_X,p3_3_, p4_4,0">	<td>
german	26	<td class="z_0 r_28 p1_✗Pro_Contra,, p2_p3_0_contra,p3_1_, p4_5,4,0,3">	<td>
german	27	<td class="z_0 r_29 p1_✗Größenordnung,✗Menschliches,✗Licht,, p2_p3_0_Licht,p3_1_evolutionär_erwerben_und_Intelligenz_Kreativität,p3_2_,p3_3_, p4_4,0">	<td>
german	28	<td class="z_0 r_30 p1_✗Menschliches,✗Grundstrukturen,, p2_p3_0_Liebe,p3_1_Liebe_(7),p3_2_, p4_0,5">	<td>
german	29	<td class="z_0 r_31 p1_✗Grundstrukturen,✗Menschliches,, p2_p3_0_Gefühle_(7),p3_1_Anführer_und_Chef,p3_2_, p4_0,3">	<td>
german	30	<td class="z_0 r_32 p1_✗Wichtigstes_zum_gedanklich_einordnen,✗Größenordnung,✗Menschliches,, p2_p3_0_Zweitwichtigste,p3_1_Organisationen,p3_2_Berufe,p3_3_, p4_0,3">	<td>
german	31	<td class="z_0 r_33 p1_✗Menschliches,, p2_p3_0_Lösungen,p3_1_, p4_0,3">	<td>
german	32	<td class="z_0 r_34 p1_✗Menschliches,, p2_p3_0_evolutionär_erwerben_und_Intelligenz_Kreativität,p3_1_, p4_0,3">	<td>
german	33	<td class="z_0 r_35 p1_✗Grundstrukturen,✗Menschliches,, p2_p3_0_Stimmungen_Kombinationen_(14),p3_1_Musik,p3_2_, p4_0,3">	<td>
german	34	<td class="z_0 r_36 p1_✗Universum,✗Bedeutung,, p2_p3_0_universelles_Recht,p3_1_Jura,p3_2_, p4_0,3">	<td>
german	35	<td class="z_0 r_37 p1_✗Bedeutung,, p2_p3_0_Vollkommenheit_des_Geistes,p3_1_, p4_0,3">	<td>
german	36	<td class="z_0 r_38 p1_✗Wichtigstes_zum_gedanklich_einordnen,✗Religionen,✗Religionen,✗Symbole,, p2_p3_0_Wichtigste,p3_1_Sternpolygon,p3_2_der_Tierkreiszeichen,p3_3_Religionen,p3_4_, p4_5,4,0,3" class="tdSymbole" style="background-image: url();background-size: cover;background-repeat: no-repeat;background-position: right; ">	<td class="tdSymbole" style="background-image: url();background-size: cover;background-repeat: no-repeat;background-position: right; ">
german	37	<td class="z_0 r_39 p1_✗Wichtigstes_zum_gedanklich_einordnen,✗Religionen,✗Symbole,, p2_p3_0_Wichtigste,p3_1_gleichförmiges_Polygon,p3_2_Religionen,p3_3_, p4_5,1,4,3" class="tdSymbole" style="background-image: url();background-size: cover;background-repeat: no-repeat;background-position: right; ">	<td class="tdSymbole" style="background-image: url();background-size: cover;background-repeat: no-repeat;background-position: right; ">
german	38	<td class="z_0 r_40 p1_✗Grundstrukturen,✗Grundstrukturen,✗Menschliches,, p2_p3_0_Reziprokes,p3_1_Paradigmen_sind_Absichten_(13),p3_2_Motive,p3_3_, p4_1,3">	<td>
german	39	<td class="z_0 r_41 p1_✗Inkrementieren,, p2_p3_0_,p3_1_, p4_0,3">	<td>
german	40	<td class="z_0 r_42 p1_✗Bedeutung,, p2_p3_0_Zählungen,p3_1_, p4_0,3">	<td>
german	41	<td class="z_0 r_43 p1_✗Menschliches,, p2_p3_0_alpha_beta,p3_1_, p4_0,3">	<td>
german	42	<td class="z_0 r_44 p1_✗Menschliches,, p2_p3_0_evolutionär_erwerben_und_Intelligenz_Kreativität,p3_1_, p4_0,3">	<td>
german	43	<td class="z_0 r_45 p1_✗Pro_Contra,, p2_p3_0_Pro,p3_1_, p4_5,4,0,3">	<td>
german	44	<td class="z_0 r_46 p1_✗Menschliches,, p2_p3_0_dominierendes_Geschlecht,p3_1_, p4_0,3">	<td>
german	45	<td class="z_0 r_47 p1_✗Eigenschaften_n,, p2_p3_0_gut_böse_lieb_schlecht,p3_1_, p4_1,0,3">	<td>
german	46	<td class="z_0 r_48 p1_✗Eigenschaften_n,, p2_p3_0_gut_böse_lieb_schlecht,p3_1_, p4_1,0,3">	<td>
german	47	<td class="z_0 r_49 p1_✗Grundstrukturen,✗Größenordnung,✗Universum,✗Universum,✗Inkrementieren,✗Inkrementieren,, p2_p3_0_Strukturgrösse,p3_1_Strukturgrösse,p3_2_Transzendentalien,p3_3_warum_Transzendentalie_=_Strukturgroesse_=_Charakter,p3_4_,p3_5_warum_Transzendentalie_=_Strukturgroesse_=_Charakter,p3_6_, p4_4,0,3">	<td>
german	48	<td class="z_0 r_50 p1_✗Universum,✗Universum,✗Kontinuum,, p2_p3_0_Transzendentalien,p3_1_Netzwerk,p3_2_X,p3_3_, p4_4,0">	<td>
german	49	<td class="z_0 r_51 p1_✗Menschliches,, p2_p3_0_Angreifbarkeit,p3_1_, p4_0,3">	<td>
german	50	<td class="z_0 r_52 p1_✗Menschliches,, p2_p3_0_Angreifbarkeit,p3_1_, p4_1,3">	<td>
german	51	<td class="z_0 r_53 p1_✗Menschliches,, p2_p3_0_Glaube_Erkenntnis,p3_1_, p4_0,3">	<td>
german	52	<td class="z_0 r_54 p1_✗Wichtigstes_zum_verstehen,✗Bedeutung,, p2_p3_0_Drittwichtigste,p3_1_Gestirn,p3_2_, p4_0,3">	<td>
german	53	<td class="z_0 r_55 p1_✗Wichtigstes_zum_verstehen,✗Universum,✗Universum,✗Grundstrukturen,✗Universum,✗Multiversum,✗Inkrementieren,, p2_p3_0_Zweitwichtigste,p3_1_universelles_Recht,p3_2_warum_Transzendentalie_=_Komplexität_von_Michael_Commons,p3_3_Model_of_Hierarchical_Complexity,p3_4_Model_of_Hierarchical_Complexity,p3_5_Model_of_Hierarchical_Complexity,p3_6_warum_Transzendentalie_=_Komplexität_von_Michael_Commons,p3_7_, p4_4,0">	<td>
german	54	<td class="z_0 r_56 p1_✗Menschliches,, p2_p3_0_INCELs,p3_1_, p4_0,3">	<td>
german	55	<td class="z_0 r_57 p1_✗Grundstrukturen,✗Wirtschaft,, p2_p3_0_System,p3_1_System,p3_2_, p4_4,0">	<td>
german	56	<td class="z_0 r_58 p1_✗Grundstrukturen,✗Wirtschaft,, p2_p3_0_System,p3_1_System,p3_2_, p4_4,0">	<td>
german	57	<td class="z_0 r_59 p1_✗Wirtschaft,, p2_p3_0_Erklärung,p3_1_, p4_0,3">	<td>
german	58	<td class="z_0 r_60 p1_✗Religionen,, p2_p3_0_Religions-Gründer-Typ,p3_1_, p4_0,3">	<td>
german	59	<td class="z_0 r_61 p1_✗Menschliches,, p2_p3_0_irrationale_Zahlen_durch_Wurzelbildung,p3_1_, p4_0,3">	<td>
german	60	<td class="z_0 r_62 p1_✗Inkrementieren,, p2_p3_0_,p3_1_, p4_0,3">	<td>
german	61	<td class="z_0 r_63 p1_✗Grundstrukturen,✗Universum,✗Multiversum,, p2_p3_0_Model_of_Hierarchical_Complexity,p3_1_Model_of_Hierarchical_Complexity,p3_2_Model_of_Hierarchical_Complexity,p3_3_, p4_4,0,3">	<td>
german	62	<td class="z_0 r_64 p1_✗Operationen,, p2_p3_0_4,p3_1_, p4_4,0,3">	<td>
german	63	<td class="z_0 r_65 p1_✗Universum,✗Galaxie,✗Operationen,, p2_p3_0_Kugeln_Kreise,p3_1_Kugeln_Kreise,p3_2_4,p3_3_, p4_4,0">	<td>
german	64	<td class="z_0 r_66 p1_✗Operationen,, p2_p3_0_2,p3_1_, p4_0,3">	<td>
german	65	<td class="z_0 r_67 p1_✗Planet_(10_und_oder_12),✗Planet_(10_und_oder_12),✗Operationen,✗Grundstrukturen,, p2_p3_0_Meta-Systeme_(12),p3_1_Gleichheit_Freiheit_Ordnung,p3_2_2,p3_3_Meta-Systeme_(12),p3_4_, p4_0,3">	<td>
german	66	<td class="z_0 r_68 p1_✗Planet_(10_und_oder_12),✗Planet_(10_und_oder_12),✗Operationen,✗Grundstrukturen,, p2_p3_0_Meta-Systeme_(12),p3_1_Gleichheit_Freiheit_Ordnung,p3_2_2,p3_3_Meta-Systeme_(12),p3_4_, p4_4,0">	<td>
german	67	<td class="z_0 r_69 p1_✗Operationen,, p2_p3_0_4,p3_1_, p4_4,0">	<td>
german	68	<td class="z_0 r_70 p1_✗Größenordnung,, p2_p3_0_Organisationen,p3_1_, p4_0,3">	<td>
german	69	<td class="z_0 r_71 p1_✗Größenordnung,, p2_p3_0_politische_Systeme,p3_1_, p4_0,3">	<td>
german	70	<td class="z_0 r_72 p1_✗Grundstrukturen,✗Galaxie,✗Universum,, p2_p3_0_analytische_Ontologie,p3_1_analytische_Ontologie,p3_2_analytische_Ontologie,p3_3_, p4_4,0">	<td>
german	71	<td class="z_0 r_73 p1_✗Operationen,, p2_p3_0_Halbierung,p3_1_, p4_0,3">	<td>
german	72	<td class="z_0 r_74 p1_✗Religionen,, p2_p3_0_Sternpolygon_vs_gleichförmiges,p3_1_, p4_1,0,3">	<td>
german	73	<td class="z_0 r_75 p1_✗Menschliches,✗Eigenschaften_n,, p2_p3_0_Sinn_des_Lebens,p3_1_Sinn_und_Zweck_des_Lebens,p3_2_, p4_0,3">	<td>
german	74	<td class="z_0 r_76 p1_✗Multiversum,✗Wirtschaft,, p2_p3_0_Maschinen,p3_1_Maschinen,p3_2_, p4_0,3">	<td>
german	75	<td class="z_0 r_77 p1_✗Galaxie,, p2_p3_0_Offenbarung_des_Johannes,p3_1_, p4_0,3">	<td>
german	76	<td class="z_0 r_78 p1_✗Galaxie,, p2_p3_0_chinesisches_Horoskop,p3_1_, p4_0,3">	<td>
german	77	<td class="z_0 r_79 p1_✗Operationen,, p2_p3_0_3,p3_1_, p4_0,3">	<td>
german	78	<td class="z_0 r_80 p1_✗Operationen,, p2_p3_0_3,p3_1_, p4_4,0">	<td>
german	79	<td class="z_0 r_81 p1_✗Operationen,, p2_p3_0_9,p3_1_, p4_4,0">	<td>
german	80	<td class="z_0 r_82 p1_✗Inkrementieren,, p2_p3_0_,p3_1_, p4_0,3">	<td>
german	81	<td class="z_0 r_83 p1_✗Operationen,, p2_p3_0_5,p3_1_, p4_0,3">	<td>
german	82	<td class="z_0 r_84 p1_✗Wirtschaft,, p2_p3_0_Organisationsform,p3_1_, p4_0,3">	<td>
german	83	<td class="z_0 r_85 p1_✗Pro_Contra,, p2_p3_0_Gegenteil,p3_1_, p4_5,4,0,3">	<td>
german	84	<td class="z_0 r_86 p1_✗Pro_Contra,, p2_p3_0_Gegenteil,p3_1_, p4_5,4,0,3">	<td>
german	85	<td class="z_0 r_87 p1_✗Pro_Contra,, p2_p3_0_Harmonie,p3_1_, p4_5,4,0,3">	<td>
german	86	<td class="z_0 r_88 p1_✗Pro_Contra,, p2_p3_0_Harmonie,p3_1_, p4_5,4,0,3">	<td>
german	87	<td class="z_0 r_89 p1_✗Operationen,, p2_p3_0_4,p3_1_, p4_4,0">	<td>
german	88	<td class="z_0 r_90 p1_✗Menschliches,, p2_p3_0_Gefühle,p3_1_, p4_0,3">	<td>
german	89	<td class="z_0 r_91 p1_✗Bedeutung,, p2_p3_0_Konjunktiv_Wurzelbildung,p3_1_, p4_0,3">	<td>
german	90	<td class="z_0 r_92 p1_✗Planet_(10_und_oder_12),✗Bedeutung,, p2_p3_0_Mechanismen,p3_1_Mechanismen_der_Züchtung,p3_2_, p4_4,0,5">	<td>
german	91	<td class="z_0 r_93 p1_✗Bedeutung,, p2_p3_0_Mechanismen_der_Züchtung,p3_1_, p4_0,3">	<td>
german	92	<td class="z_0 r_94 p1_✗Wirtschaft,✗Bedeutung,, p2_p3_0_BWL,p3_1_Mechanismen_der_Züchtung,p3_2_, p4_0,3">	<td>
german	93	<td class="z_0 r_95 p1_✗Eigenschaften_n,, p2_p3_0_Weisheit_etc,p3_1_, p4_0,3">	<td>
german	94	<td class="z_0 r_96 p1_✗Wirtschaft,, p2_p3_0_Pflanzen,p3_1_, p4_0,3">	<td>
german	95	<td class="z_0 r_97 p1_✗Pro_Contra,, p2_p3_0_Hilfe_erhalten,p3_1_, p4_5,4,0,3">	<td>
german	96	<td class="z_0 r_98 p1_✗Pro_Contra,, p2_p3_0_Helfen,p3_1_, p4_5,4,0,3">	<td>
german	97	<td class="z_0 r_99 p1_✗Pro_Contra,, p2_p3_0_Gegenposition,p3_1_, p4_5,4,0,3">	<td>
german	98	<td class="z_0 r_100 p1_✗Pro_Contra,, p2_p3_0_pro_nutzen,p3_1_, p4_5,4,0,3">	<td>
german	99	<td class="z_0 r_101 p1_✗Bedeutung,, p2_p3_0_Vorzeichen,p3_1_, p4_0,3">	<td>
german	100	<td class="z_0 r_102 p1_✗Bedeutung,, p2_p3_0_Vorzeichen,p3_1_, p4_0,3">	<td>
german	101	<td class="z_0 r_103 p1_✗Pro_Contra,, p2_p3_0_nervig,p3_1_, p4_5,4,0,3">	<td>
german	102	<td class="z_0 r_104 p1_✗Pro_Contra,, p2_p3_0_nicht_miteinander_auskommen,p3_1_, p4_5,4,0,3">	<td>
german	103	<td class="z_0 r_105 p1_✗Pro_Contra,, p2_p3_0_nicht_dagegen,p3_1_, p4_5,4,0,3">	<td>
german	104	<td class="z_0 r_106 p1_✗Pro_Contra,, p2_p3_0_kein_Gegenteil,p3_1_, p4_5,4,0,3">	<td>
german	105	<td class="z_0 r_107 p1_✗Pro_Contra,, p2_p3_0_nicht_dafür,p3_1_, p4_5,4,0,3">	<td>
german	106	<td class="z_0 r_108 p1_✗Pro_Contra,, p2_p3_0_Hilfe_nicht_gebrauchen,p3_1_, p4_5,4,0,3">	<td>
german	107	<td class="z_0 r_109 p1_✗Pro_Contra,, p2_p3_0_nicht_helfen_können,p3_1_, p4_5,4,0,3">	<td>
german	108	<td class="z_0 r_110 p1_✗Pro_Contra,, p2_p3_0_nicht_abgeneigt,p3_1_, p4_5,4,0,3">	<td>
german	109	<td class="z_0 r_111 p1_✗Pro_Contra,, p2_p3_0_unmotivierbar,p3_1_, p4_5,4,0,3">	<td>
german	110	<td class="z_0 r_112 p1_✗Universum,✗Grundstrukturen,✗Multiversum,✗Grundstrukturen,, p2_p3_0_Reziproke_von_Transzendentalien,p3_1_Strukturalien_bzw_Meta-Paradigmen_bzw_Transzendentalien_(15),p3_2_Strukturalien_bzw_Meta-Paradigmen_bzw_Transzendentalien_(15),p3_3_Reziprokes,p3_4_, p4_1,4">	<td>
german	111	<td class="z_0 r_113 p1_✗Planet_(10_und_oder_12),✗Menschliches,✗Grundstrukturen,, p2_p3_0_Gleichheit_Freiheit_Ordnung,p3_1_Gleichheit_Freiheit,p3_2_Ordnung_und_Filterung_12_und_1pro12,p3_3_, p4_4,0,5">	<td>
german	112	<td class="z_0 r_114 p1_✗Menschliches,, p2_p3_0_Wirkung,p3_1_, p4_4,0,3">	<td>
german	113	<td class="z_0 r_115 p1_✗Menschliches,✗Eigenschaften_n,, p2_p3_0_Egoismus,p3_1_Egoismus_vs_Altruismus,p3_2_, p4_0,3">	<td>
german	114	<td class="z_0 r_116 p1_✗Pro_Contra,, p2_p3_0_Gegenspieler,p3_1_, p4_5,4,0,3">	<td>
german	115	<td class="z_0 r_117 p1_✗Universum,✗Menschliches,, p2_p3_0_Gegentranszendentalien,p3_1_Gegentranszendentalien,p3_2_, p4_4,0">	<td>
german	116	<td class="z_0 r_118 p1_✗Menschliches,, p2_p3_0_Gegentranszendentalien,p3_1_, p4_0,3">	<td>
german	117	<td class="z_0 r_119 p1_✗Pro_Contra,, p2_p3_0_ergibt_Sinn,p3_1_, p4_5,4,0,3">	<td>
german	118	<td class="z_0 r_120 p1_✗Pro_Contra,, p2_p3_0_Vorteile,p3_1_, p4_5,4,0,3">	<td>
german	119	<td class="z_0 r_121 p1_✗Pro_Contra,, p2_p3_0_Veränderung,p3_1_, p4_5,4,0,3">	<td>
german	120	<td class="z_0 r_122 p1_✗Pro_Contra,, p2_p3_0_bändigen_kontrollieren,p3_1_, p4_5,4,0,3">	<td>
german	121	<td class="z_0 r_123 p1_✗Pro_Contra,, p2_p3_0_vereinen,p3_1_, p4_5,4,0,3">	<td>
german	122	<td class="z_0 r_124 p1_✗Universum,✗Galaxie,✗Operationen,, p2_p3_0_Kugeln_Kreise,p3_1_Kugeln_Kreise,p3_2_4,p3_3_, p4_4,0,3">	<td>
german	123	<td class="z_0 r_125 p1_✗Menschliches,, p2_p3_0_Denkweise_von_Lebewesen,p3_1_, p4_0,3">	<td>
german	124	<td class="z_0 r_126 p1_✗Menschliches,, p2_p3_0_Intelligenzprobleme,p3_1_, p4_0,3">	<td>
german	125	<td class="z_0 r_127 p1_✗Galaxie,, p2_p3_0_Modallogik,p3_1_, p4_1,3">	<td>
german	126	<td class="z_0 r_128 p1_✗Galaxie,✗Menschliches,, p2_p3_0_Transzendentalien_innen_außen,p3_1_Motive,p3_2_, p4_4,0,3">	<td>
german	127	<td class="z_0 r_129 p1_✗Universum,, p2_p3_0_Systemsachen,p3_1_, p4_4,0,3">	<td>
german	128	<td class="z_0 r_130 p1_✗Menschliches,, p2_p3_0_Manipulation,p3_1_, p4_0,3">	<td>
german	129	<td class="z_0 r_131 p1_✗Bedeutung,, p2_p3_0_Gestirn,p3_1_, p4_1,0,3">	<td>
german	130	<td class="z_0 r_132 p1_✗Inkrementieren,, p2_p3_0_um1,p3_1_, p4_4,0,3">	<td>
german	131	<td class="z_0 r_133 p1_✗Inkrementieren,, p2_p3_0_um2,p3_1_, p4_4,0,3">	<td>
german	132	<td class="z_0 r_134 p1_✗Inkrementieren,, p2_p3_0_um3,p3_1_, p4_4,0,3">	<td>
german	133	<td class="z_0 r_135 p1_✗Operationen,, p2_p3_0_Multiplikation,p3_1_, p4_4,0">	<td>
german	134	<td class="z_0 r_136 p1_✗Universum,✗Inkrementieren,, p2_p3_0_warum_Transzendentalie_=_Strukturgroesse_=_Charakter,p3_1_warum_Transzendentalie_=_Strukturgroesse_=_Charakter,p3_2_, p4_4,0,3">	<td>
german	135	<td class="z_0 r_137 p1_✗Universum,✗Inkrementieren,, p2_p3_0_warum_Transzendentalie_=_Komplexität_von_Michael_Commons,p3_1_warum_Transzendentalie_=_Komplexität_von_Michael_Commons,p3_2_, p4_4,0,3">	<td>
german	136	<td class="z_0 r_138 p1_✗Menschliches,, p2_p3_0_Motive,p3_1_, p4_1,0,3">	<td>
german	137	<td class="z_0 r_139 p1_✗Menschliches,, p2_p3_0_Motive,p3_1_, p4_1,0,3">	<td>
german	138	<td class="z_0 r_140 p1_✗Bedeutung,, p2_p3_0_Zählungen,p3_1_, p4_4,0">	<td>
german	139	<td class="z_0 r_141 p1_✗Menschliches,, p2_p3_0_Anführer_und_Chef,p3_1_, p4_0,3">	<td>
german	140	<td class="z_0 r_142 p1_✗Wichtigstes_zum_verstehen,✗Menschliches,✗Wirtschaft,, p2_p3_0_Zweitwichtigste,p3_1_Fachgebiete,p3_2_Fachgebiete,p3_3_, p4_0,3">	<td>
german	141	<td class="z_0 r_143 p1_✗Bedeutung,, p2_p3_0_Zählungen,p3_1_, p4_4,0,3">	<td>
german	142	<td class="z_0 r_144 p1_✗Menschliches,✗Eigenschaften_n,, p2_p3_0_Sinn_des_Lebens,p3_1_Sinn_und_Zweck_des_Lebens,p3_2_, p4_0,3">	<td>
german	143	<td class="z_0 r_145 p1_✗Universum,, p2_p3_0_keine_Nur-Paradigma-Religionen,p3_1_, p4_4,0">	<td>
german	144	<td class="z_0 r_146 p1_✗Universum,, p2_p3_0_keine_Nur-Paradigma-Religionen,p3_1_, p4_4,0">	<td>
german	145	<td class="z_0 r_147 p1_✗Universum,, p2_p3_0_keine_Nur-Paradigma-Religionen,p3_1_, p4_4,0">	<td>
german	146	<td class="z_0 r_148 p1_✗Grundstrukturen,✗Größenordnung,, p2_p3_0_Strukturgrösse,p3_1_Strukturgrösse,p3_2_, p4_5,1,4,3">	<td>
german	147	<td class="z_0 r_149 p1_✗Universum,, p2_p3_0_Transzendentalien,p3_1_, p4_4,0">	<td>
german	148	<td class="z_0 r_150 p1_✗Universum,, p2_p3_0_Reziproke_von_Transzendentalien,p3_1_, p4_1,4">	<td>
german	149	<td class="z_0 r_151 p1_✗Universum,✗Menschliches,, p2_p3_0_Gegentranszendentalien,p3_1_Gegentranszendentalien,p3_2_, p4_4,0">	<td>
german	150	<td class="z_0 r_152 p1_✗Grundstrukturen,✗Universum,✗Multiversum,, p2_p3_0_Model_of_Hierarchical_Complexity,p3_1_Model_of_Hierarchical_Complexity,p3_2_Model_of_Hierarchical_Complexity,p3_3_, p4_1,4">	<td>
german	151	<td class="z_0 r_153 p1_✗Universum,✗Grundstrukturen,✗Grundstrukturen,, p2_p3_0_Kategorie,p3_1_Reziprokes,p3_2_Reflektion_und_Kategorien_(1/15),p3_3_, p4_4,0,5">	<td>
german	152	<td class="z_0 r_154 p1_✗Universum,✗Grundstrukturen,✗Grundstrukturen,, p2_p3_0_Kategorie,p3_1_Reziprokes,p3_2_Reflektion_und_Kategorien_(1/15),p3_3_, p4_1,4,5">	<td>
german	153	<td class="z_0 r_155 p1_✗Wichtigstes_zum_gedanklich_einordnen,✗Religionen,, p2_p3_0_Wichtigste,p3_1_der_Tierkreiszeichen,p3_2_, p4_0,3">	<td>
german	154	<td class="z_0 r_156 p1_✗Menschliches,✗Grundstrukturen,, p2_p3_0_Liebe,p3_1_Liebe_(7),p3_2_, p4_0,5">	<td>
german	155	<td class="z_0 r_157 p1_✗Bedeutung,, p2_p3_0_in_ReTa,p3_1_, p4_4,0">	<td>
german	156	<td class="z_0 r_158 p1_✗Bedeutung,, p2_p3_0_in_ReTa,p3_1_, p4_4,0">	<td>
german	157	<td class="z_0 r_159 p1_✗Planet_(10_und_oder_12),, p2_p3_0_Komplexität,p3_1_, p4_4,0,5">	<td>
german	158	<td class="z_0 r_160 p1_✗Planet_(10_und_oder_12),, p2_p3_0_Intelligenz,p3_1_, p4_4,0,5">	<td>
german	159	<td class="z_0 r_161 p1_✗Menschliches,, p2_p3_0_Moral,p3_1_, p4_0,3">	<td>
german	160	<td class="z_0 r_162 p1_✗Menschliches,, p2_p3_0_Moral,p3_1_, p4_1,4,0,3">	<td>
german	161	<td class="z_0 r_163 p1_✗Religionen,, p2_p3_0_Hinduismus,p3_1_, p4_0,3">	<td>
german	162	<td class="z_0 r_164 p1_✗Universum,✗Galaxie,, p2_p3_0_Raum-Missionen,p3_1_Raum-Missionen,p3_2_, p4_4,0,3">	<td>
german	163	<td class="z_0 r_165 p1_✗Inkrementieren,✗Universum,✗Teilchen-Meta-Physik,, p2_p3_0_Teilchen-Meta-Physik,p3_1_Teilchen-Meta-Physik,p3_2_das_Universelle_(15),p3_3_, p4_4,0">	<td>
german	164	<td class="z_0 r_166 p1_✗Eigenschaften_n,, p2_p3_0_ähnlich,p3_1_, p4_4,0,3">	<td>
german	165	<td class="z_0 r_167 p1_✗Grundstrukturen,, p2_p3_0_Liebe_(7),p3_1_, p4_">	<td>
german	166	<td class="z_0 r_168 p1_✗Pro_Contra,, p2_p3_0_Gegenteil,p3_1_, p4_5,4,0,3">	<td>
german	167	<td class="z_0 r_169 p1_✗Inkrementieren,✗Teilchen-Meta-Physik,, p2_p3_0_Teilchen-Meta-Physik,p3_1_die_Galaxie_Unterbereiche_(13),p3_2_, p4_4,0">	<td>
german	168	<td class="z_0 r_170 p1_✗Multiplikationen,, p2_p3_0_Rahmen-Bedingungen,p3_1_, p4_4,0,3">	<td>
german	169	<td class="z_0 r_171 p1_✗Grundstrukturen,✗Multiversum,✗Grundstrukturen,✗Multiversum,✗Menschliches,✗Menschliches,, p2_p3_0_Strukturalien_bzw_Meta-Paradigmen_bzw_Transzendentalien_(15),p3_1_Strukturalien_bzw_Meta-Paradigmen_bzw_Transzendentalien_(15),p3_2_Geist_(15),p3_3_Geist_(15),p3_4_Motive,p3_5_Bewusstsein_und_Wahrnehmung,p3_6_, p4_4,0">	<td>
german	170	<td class="z_0 r_172 p1_✗Menschliches,✗Menschliches,, p2_p3_0_Gefühle,p3_1_Motive,p3_2_, p4_4,0">	<td>
german	171	<td class="z_0 r_173 p1_✗Grundstrukturen,✗Grundstrukturen,✗Multiversum,✗Menschliches,, p2_p3_0_Reziprokes,p3_1_Geist_(15),p3_2_Geist_(15),p3_3_Bewusstsein_und_Wahrnehmung,p3_4_, p4_1,4">	<td>
german	172	<td class="z_0 r_174 p1_✗Planet_(10_und_oder_12),✗Grundstrukturen,, p2_p3_0_Meta-Systeme_(12),p3_1_Meta-Systeme_(12),p3_2_, p4_0,5">	<td>
german	173	<td class="z_0 r_175 p1_✗Planet_(10_und_oder_12),✗Grundstrukturen,, p2_p3_0_Wirklichkeiten_(10),p3_1_Wirklichkeiten_Wahrheit_Wahrnehmung_(10),p3_2_, p4_0,5">	<td>
german	174	<td class="z_0 r_176 p1_✗Grundstrukturen,, p2_p3_0_Modus_und_Sein_(8),p3_1_, p4_0,5">	<td>
german	175	<td class="z_0 r_177 p1_✗Menschliches,, p2_p3_0_(politische)_Richtungen_(7),p3_1_, p4_4,0,5">	<td>
german	176	<td class="z_0 r_178 p1_✗Menschliches,✗Grundstrukturen,, p2_p3_0_Ansichten_Standpunkte_(18_17),p3_1_Ansichten_Standpunkte_(18_17),p3_2_, p4_4,0,5">	<td>
german	177	<td class="z_0 r_179 p1_✗Menschliches,✗Grundstrukturen,, p2_p3_0_Gesellschaftsschicht,p3_1_Klassen_(20),p3_2_, p4_3,0,5">	<td>
german	178	<td class="z_0 r_180 p1_✗Universum,✗Grundstrukturen,✗Grundstrukturen,✗Multiversum,, p2_p3_0_Geist__(15),p3_1_nachvollziehen_emotional_oder_geistig_durch_Primzahl-Kreuz-Algorithmus_(15),p3_2_Geist_(15),p3_3_Geist_(15),p3_4_, p4_4,0">	<td>
german	179	<td class="z_0 r_181 p1_✗Menschliches,✗Grundstrukturen,, p2_p3_0_Gefühle,p3_1_Gefühle_(7),p3_2_, p4_0,5">	<td>
german	180	<td class="z_0 r_182 p1_✗Grundstrukturen,✗Menschliches,, p2_p3_0_Gedanken_sind_Positionen_(17),p3_1_Gedanken_sind_Positionen_(17),p3_2_, p4_0,5">	<td>
german	181	<td class="z_0 r_183 p1_✗Grundstrukturen,, p2_p3_0_Konkreta_und_Focus_(2),p3_1_, p4_0,5">	<td>
german	182	<td class="z_0 r_184 p1_✗Grundstrukturen,✗Menschliches,, p2_p3_0_Impulse_(5),p3_1_Errungenschaften,p3_2_, p4_0,5">	<td>
german	183	<td class="z_0 r_185 p1_✗Menschliches,✗Grundstrukturen,, p2_p3_0_Verbundenheiten_(18),p3_1_Verbundenheiten_(18),p3_2_, p4_0,5">	<td>
german	184	<td class="z_0 r_186 p1_✗Grundstrukturen,✗Grundstrukturen,, p2_p3_0_Konkreta_und_Focus_(2),p3_1_Impulse_(5),p3_2_, p4_0,5">	<td>
german	185	<td class="z_0 r_187 p1_✗Grundstrukturen,, p2_p3_0_Triebe_und_Bedürfnisse_(6),p3_1_, p4_0,5">	<td>
german	186	<td class="z_0 r_188 p1_✗Grundstrukturen,, p2_p3_0_Lust_(9),p3_1_, p4_0,5">	<td>
german	187	<td class="z_0 r_189 p1_✗Grundstrukturen,, p2_p3_0_Reflexe_(3),p3_1_, p4_0,5">	<td>
german	188	<td class="z_0 r_190 p1_✗Grundstrukturen,✗Grundstrukturen,✗Menschliches,, p2_p3_0_Reziprokes,p3_1_Impulse_(5),p3_2_Errungenschaften,p3_3_, p4_1,5">	<td>
german	189	<td class="z_0 r_191 p1_✗Grundstrukturen,, p2_p3_0_Absicht_10_ist_Wirklichkeit_erkennen,p3_1_, p4_0,5">	<td>
german	190	<td class="z_0 r_192 p1_✗Grundstrukturen,, p2_p3_0_Absicht_7_ist_Selbstlosigkeit,p3_1_, p4_0,5">	<td>
german	191	<td class="z_0 r_193 p1_✗Grundstrukturen,, p2_p3_0_Absicht_6_ist_Vorteilsmaximierung,p3_1_, p4_0,5">	<td>
german	192	<td class="z_0 r_194 p1_✗Grundstrukturen,, p2_p3_0_Absicht_17_ist_zu_meinen,p3_1_, p4_0,5">	<td>
german	193	<td class="z_0 r_195 p1_✗Grundstrukturen,, p2_p3_0_Funktionen_Vorstellungen_(16),p3_1_, p4_4,0,5">	<td>
german	194	<td class="z_0 r_196 p1_✗Planet_(10_und_oder_12),✗Grundstrukturen,✗Menschliches,, p2_p3_0_Wirklichkeiten_(10),p3_1_Wirklichkeiten_Wahrheit_Wahrnehmung_(10),p3_2_Bewusstsein_und_Wahrnehmung,p3_3_, p4_0,5">	<td>
german	195	<td class="z_0 r_197 p1_✗Grundstrukturen,, p2_p3_0_Zeit_(4)_als_Wirklichkeit,p3_1_, p4_0,5">	<td>
german	196	<td class="z_0 r_198 p1_✗Grundstrukturen,, p2_p3_0_Zeit_(4)_als_Wirklichkeit,p3_1_, p4_0,5">	<td>
german	197	<td class="z_0 r_199 p1_✗Planet_(10_und_oder_12),✗Grundstrukturen,, p2_p3_0_Wirklichkeiten_(10),p3_1_Wirklichkeiten_Wahrheit_Wahrnehmung_(10),p3_2_, p4_0,5">	<td>
german	198	<td class="z_0 r_200 p1_✗Grundstrukturen,, p2_p3_0_Konkreta_und_Focus_(2),p3_1_, p4_0,5">	<td>
german	199	<td class="z_0 r_201 p1_✗Grundstrukturen,, p2_p3_0_Achtung_(4),p3_1_, p4_0,5">	<td>
german	200	<td class="z_0 r_202 p1_✗Grundstrukturen,, p2_p3_0_Ziele_(19),p3_1_, p4_0,5">	<td>
german	201	<td class="z_0 r_203 p1_✗Grundstrukturen,, p2_p3_0_Absicht_1/8,p3_1_, p4_0,5">	<td>
german	202	<td class="z_0 r_204 p1_✗Grundstrukturen,✗Grundstrukturen,✗Multiversum,, p2_p3_0_Reziprokes,p3_1_Geist_(15),p3_2_Geist_(15),p3_3_, p4_1,4">	<td>
german	203	<td class="z_0 r_205 p1_✗Menschliches,, p2_p3_0_Gedanken_sind_Positionen_(17),p3_1_, p4_0,5">	<td>
german	204	<td class="z_0 r_206 p1_✗Universum,✗Grundstrukturen,✗Grundstrukturen,✗Menschliches,, p2_p3_0_Kategorie,p3_1_Reziprokes,p3_2_Reflektion_und_Kategorien_(1/15),p3_3_Bewusstsein_und_Wahrnehmung,p3_4_, p4_0,5">	<td>
german	205	<td class="z_0 r_207 p1_✗Grundstrukturen,, p2_p3_0_Bewusstheit_statt_Bewusstsein_(1),p3_1_, p4_0,5">	<td>
german	206	<td class="z_0 r_208 p1_✗Menschliches,✗Grundstrukturen,, p2_p3_0_Gefühle,p3_1_Gefühle_(7),p3_2_, p4_0,5">	<td>
german	207	<td class="z_0 r_209 p1_✗Menschliches,✗Grundstrukturen,✗Grundstrukturen,, p2_p3_0_Gefühle,p3_1_Reziprokes,p3_2_Gefühle_(7),p3_3_, p4_1,5">	<td>
german	208	<td class="z_0 r_210 p1_✗Menschliches,✗Grundstrukturen,✗Grundstrukturen,, p2_p3_0_Gefühle,p3_1_Reziprokes,p3_2_Gefühle_(7),p3_3_, p4_1,5">	<td>
german	209	<td class="z_0 r_211 p1_✗Menschliches,✗Grundstrukturen,, p2_p3_0_Gefühle,p3_1_Gefühle_(7),p3_2_, p4_0,5">	<td>
german	210	<td class="z_0 r_212 p1_✗Grundstrukturen,, p2_p3_0_Energie_und_universelle_Eigenschaften_(30),p3_1_, p4_0,5">	<td>
german	211	<td class="z_0 r_213 p1_✗Planet_(10_und_oder_12),✗Grundstrukturen,, p2_p3_0_Meta-Systeme_(12),p3_1_Meta-Systeme_(12),p3_2_, p4_0,5">	<td>
german	212	<td class="z_0 r_214 p1_✗Grundstrukturen,, p2_p3_0_Klassen_(20),p3_1_, p4_0,5">	<td>
german	213	<td class="z_0 r_215 p1_✗Grundstrukturen,, p2_p3_0_Stimmungen_Kombinationen_(14),p3_1_, p4_0,5">	<td>
german	214	<td class="z_0 r_216 p1_✗Grundstrukturen,, p2_p3_0_Energie_und_universelle_Eigenschaften_(30),p3_1_, p4_0,5">	<td>
german	215	<td class="z_0 r_217 p1_✗Grundstrukturen,, p2_p3_0_Empathie_(37),p3_1_, p4_0,5">	<td>
german	216	<td class="z_0 r_218 p1_✗Grundstrukturen,, p2_p3_0_Garben_und_Verhalten_nachfühlen(31),p3_1_, p4_0,5">	<td>
german	217	<td class="z_0 r_219 p1_✗Grundstrukturen,, p2_p3_0_Stimmungen_Kombinationen_(14),p3_1_, p4_0,5">	<td>
german	218	<td class="z_0 r_220 p1_✗Grundstrukturen,✗Grundstrukturen,✗Multiversum,, p2_p3_0_nachvollziehen_emotional_oder_geistig_durch_Primzahl-Kreuz-Algorithmus_(15),p3_1_Geist_(15),p3_2_Geist_(15),p3_3_, p4_4,0">	<td>
german	219	<td class="z_0 r_221 p1_✗Grundstrukturen,, p2_p3_0_Absicht_1/6_ist_Reinigung_und_Klarheit,p3_1_, p4_0,5">	<td>
german	220	<td class="z_0 r_222 p1_✗Menschliches,✗Grundstrukturen,, p2_p3_0_Verbundenheiten_(18),p3_1_Verbundenheiten_(18),p3_2_, p4_0,5">	<td>
german	221	<td class="z_0 r_223 p1_✗Menschliches,✗Grundstrukturen,, p2_p3_0_Verbundenheiten_(18),p3_1_Verbundenheiten_(18),p3_2_, p4_0,5">	<td>
german	222	<td class="z_0 r_224 p1_✗Grundstrukturen,, p2_p3_0_Verhalten_(11),p3_1_, p4_0,5">	<td>
german	223	<td class="z_0 r_225 p1_✗Grundstrukturen,, p2_p3_0_Verhalten_(11),p3_1_, p4_0,5">	<td>
german	224	<td class="z_0 r_226 p1_✗Galaxie,, p2_p3_0_Thomasevangelium,p3_1_, p4_0,3">	<td>
german	225	<td class="z_0 r_227 p1_✗Grundstrukturen,✗Multiversum,✗Menschliches,, p2_p3_0_Geist_(15),p3_1_Geist_(15),p3_2_Bewusstsein_und_Wahrnehmung,p3_3_, p4_4,0">	<td>
german	226	<td class="z_0 r_228 p1_✗Menschliches,✗Grundstrukturen,, p2_p3_0_Gefühle,p3_1_Gefühle_(7),p3_2_, p4_0,5">	<td>
german	227	<td class="z_0 r_229 p1_✗Grundstrukturen,, p2_p3_0_Bedeutung_(10),p3_1_, p4_0,5">	<td>
german	228	<td class="z_0 r_230 p1_✗Inkrementieren,✗Teilchen-Meta-Physik,, p2_p3_0_Teilchen-Meta-Physik,p3_1_die_Galaxie_Unterbereiche_(13),p3_2_, p4_0,3">	<td>
german	229	<td class="z_0 r_231 p1_✗Inkrementieren,✗Universum,✗Teilchen-Meta-Physik,, p2_p3_0_Teilchen-Meta-Physik,p3_1_Teilchen-Meta-Physik,p3_2_das_Universelle_(15),p3_3_, p4_4,0">	<td>
german	230	<td class="z_0 r_232 p1_✗Grundstrukturen,, p2_p3_0_Themen_(6),p3_1_, p4_0,5">	<td>
german	231	<td class="z_0 r_233 p1_✗Grundstrukturen,, p2_p3_0_Optimierung_(10),p3_1_, p4_0,5">	<td>
german	232	<td class="z_0 r_234 p1_✗Grundstrukturen,, p2_p3_0_Attraktionen_(36),p3_1_, p4_0,5">	<td>
german	233	<td class="z_0 r_235 p1_✗Grundstrukturen,, p2_p3_0_Absicht_16_ist_zu_genügen,p3_1_, p4_0,5">	<td>
german	234	<td class="z_0 r_236 p1_✗Größenordnung,✗Licht,, p2_p3_0_Licht,p3_1_,p3_2_, p4_5,1,4,3">	<td>
german	235	<td class="z_0 r_237 p1_✗Menschliches,, p2_p3_0_Mensch-zu-Tier,p3_1_, p4_4,0,5">	<td>
german	236	<td class="z_0 r_238 p1_✗Operationen,, p2_p3_0_3,p3_1_, p4_0,3">	<td>
german	237	<td class="z_0 r_239 p1_✗Operationen,, p2_p3_0_3,p3_1_, p4_0,3">	<td>
german	238	<td class="z_0 r_240 p1_✗Grundstrukturen,, p2_p3_0_Gedanken_sind_Positionen_(17),p3_1_, p4_0,5">	<td>
german	239	<td class="z_0 r_241 p1_✗Galaxie,✗Universum,, p2_p3_0_Hochzüchten,p3_1_Hochzüchten,p3_2_, p4_5,4,0,3">	<td>
german	240	<td class="z_0 r_242 p1_✗Galaxie,✗Universum,, p2_p3_0_Hochzüchten,p3_1_Hochzüchten,p3_2_, p4_5,1,4,3">	<td>
german	241	<td class="z_0 r_243 p1_✗Universum,, p2_p3_0_sowas_wie_Kombinieren_Verknüpfen,p3_1_, p4_4,0">	<td>
german	242	<td class="z_0 r_244 p1_✗Grundstrukturen,, p2_p3_0_Koalitionen_(10),p3_1_, p4_0,5">	<td>
german	243	<td class="z_0 r_245 p1_✗Planet_(10_und_oder_12),✗Grundstrukturen,, p2_p3_0_Wirklichkeiten_(10),p3_1_Wirklichkeiten_Wahrheit_Wahrnehmung_(10),p3_2_, p4_0,5">	<td>
german	244	<td class="z_0 r_246 p1_✗Grundstrukturen,, p2_p3_0_Gedanken_sind_Positionen_(17),p3_1_, p4_0,5">	<td>
german	245	<td class="z_0 r_247 p1_✗Planet_(10_und_oder_12),, p2_p3_0_Gleichheit_Freiheit_Ordnung,p3_1_, p4_0,5">	<td>
german	246	<td class="z_0 r_248 p1_✗Grundstrukturen,, p2_p3_0_Stimmungen_Kombinationen_(14),p3_1_, p4_0,5">	<td>
german	247	<td class="z_0 r_249 p1_✗Grundstrukturen,✗Grundstrukturen,, p2_p3_0_Reziprokes,p3_1_Stimmungen_Kombinationen_(14),p3_2_, p4_1,5">	<td>
german	248	<td class="z_0 r_250 p1_✗Grundstrukturen,✗Grundstrukturen,, p2_p3_0_Reziprokes,p3_1_Stimmungen_Kombinationen_(14),p3_2_, p4_1,5">	<td>
german	249	<td class="z_0 r_251 p1_✗Planet_(10_und_oder_12),✗Menschliches,✗Grundstrukturen,✗Grundstrukturen,, p2_p3_0_Gleichheit_Freiheit_Ordnung,p3_1_Gleichheit_Freiheit,p3_2_Reziprokes,p3_3_Ordnung_und_Filterung_12_und_1pro12,p3_4_, p4_5,1,4,3">	<td>
german	250	<td class="z_0 r_252 p1_✗Grundstrukturen,✗Grundstrukturen,, p2_p3_0_Prinzipien(1/8),p3_1_Reziprokes,p3_2_, p4_1,4,3">	<td>
german	251	<td class="z_0 r_253 p1_✗Menschliches,✗Grundstrukturen,✗Grundstrukturen,, p2_p3_0_Liebe,p3_1_Reziprokes,p3_2_Liebe_(7),p3_3_, p4_1,5">	<td>
german	252	<td class="z_0 r_254 p1_✗Planet_(10_und_oder_12),✗Operationen,✗Menschliches,✗Grundstrukturen,✗Grundstrukturen,✗Eigenschaften_1/n,, p2_p3_0_Gleichheit_Freiheit_Ordnung,p3_1_2,p3_2_Gleichheit_Freiheit,p3_3_Reziprokes,p3_4_Ordnung_und_Filterung_12_und_1pro12,p3_5_Filterart_Widrigkeit,p3_6_, p4_5,1,4,3">	<td>
german	253	<td class="z_0 r_255 p1_✗Grundstrukturen,✗Grundstrukturen,, p2_p3_0_Bestrebungen(1/5),p3_1_Reziprokes,p3_2_, p4_1,5">	<td>
german	254	<td class="z_0 r_256 p1_✗Inkrementieren,✗Teilchen-Meta-Physik,, p2_p3_0_Teilchen-Meta-Physik,p3_1_das_Gute_die_Richtung_(7),p3_2_, p4_0,5">	<td>
german	255	<td class="z_0 r_257 p1_✗Planet_(10_und_oder_12),✗Grundstrukturen,✗Grundstrukturen,, p2_p3_0_Meta-Systeme_(12),p3_1_Reziprokes,p3_2_Meta-Systeme_(12),p3_3_, p4_1,5">	<td>
german	256	<td class="z_0 r_258 p1_✗Planet_(10_und_oder_12),✗Menschliches,✗Grundstrukturen,✗Grundstrukturen,✗Eigenschaften_1/n,, p2_p3_0_Gleichheit_Freiheit_Ordnung,p3_1_Gleichheit_Freiheit,p3_2_Reziprokes,p3_3_Ordnung_und_Filterung_12_und_1pro12,p3_4_Filterart_Widrigkeit,p3_5_, p4_5,1,4,3">	<td>
german	257	<td class="z_0 r_259 p1_✗Menschliches,✗Grundstrukturen,, p2_p3_0_Verbundenheiten_(18),p3_1_Verbundenheiten_(18),p3_2_, p4_0,5">	<td>
german	258	<td class="z_0 r_260 p1_✗Grundstrukturen,, p2_p3_0_Modus_und_Sein_(8),p3_1_, p4_0,5">	<td>
german	259	<td class="z_0 r_261 p1_✗Grundstrukturen,✗Grundstrukturen,, p2_p3_0_Bedingung_und_Auslöser_(1/3),p3_1_Reziprokes,p3_2_, p4_0,5">	<td>
german	260	<td class="z_0 r_262 p1_✗Grundstrukturen,, p2_p3_0_relativer_Zeit-Betrag_(15_10_4_18_6),p3_1_, p4_0,5">	<td>
german	261	<td class="z_0 r_263 p1_✗Grundstrukturen,, p2_p3_0_Zahlenvergleich_(15_18_6),p3_1_, p4_0,5">	<td>
german	262	<td class="z_0 r_264 p1_✗Grundstrukturen,, p2_p3_0_Impulse_(5),p3_1_, p4_0,5">	<td>
german	263	<td class="z_0 r_265 p1_✗Grundstrukturen,✗Menschliches,, p2_p3_0_Wirklichkeiten_Wahrheit_Wahrnehmung_(10),p3_1_Bewusstsein_und_Wahrnehmung,p3_2_, p4_1,5">	<td>
german	264	<td class="z_0 r_266 p1_✗Grundstrukturen,, p2_p3_0_Leidenschaften_(21),p3_1_, p4_0,5">	<td>
german	265	<td class="z_0 r_267 p1_✗Grundstrukturen,, p2_p3_0_Erwartungshaltungen_(26),p3_1_, p4_0,5">	<td>
german	266	<td class="z_0 r_268 p1_✗Grundstrukturen,, p2_p3_0_Funktionen_Vorstellungen_(16),p3_1_, p4_0,5">	<td>
german	267	<td class="z_0 r_269 p1_✗Menschliches,✗Grundstrukturen,, p2_p3_0_Ansichten_Standpunkte_(18_17),p3_1_Ansichten_Standpunkte_(18_17),p3_2_, p4_1,4,5">	<td>
german	268	<td class="z_0 r_270 p1_✗Grundstrukturen,, p2_p3_0_Extremalien_(19),p3_1_, p4_0,5">	<td>
german	269	<td class="z_0 r_271 p1_✗Grundstrukturen,, p2_p3_0_Existenzialien_(3),p3_1_, p4_0,5">	<td>
german	270	<td class="z_0 r_272 p1_✗Grundstrukturen,, p2_p3_0_universeller_Komperativ_(18→15),p3_1_, p4_0,5">	<td>
german	271	<td class="z_0 r_273 p1_✗Grundstrukturen,, p2_p3_0_Relation_zueinander_reziprok_Universellen_(18→n_vs._1/n),p3_1_, p4_0,5">	<td>
german	272	<td class="z_0 r_274 p1_✗Universum,, p2_p3_0_Programmier-Paradigmen,p3_1_, p4_4,0,5">	<td>
german	273	<td class="z_0 r_275 p1_✗Grundstrukturen,, p2_p3_0_Extremalien_(19),p3_1_, p4_1,5">	<td>
german	274	<td class="z_0 r_276 p1_✗Grundstrukturen,, p2_p3_0_Sollen_Frage_Vorgehensweise_(1/13),p3_1_, p4_0,5">	<td>
german	275	<td class="z_0 r_277 p1_✗Grundstrukturen,, p2_p3_0_Sollen_Frage_Vorgehensweise_(1/13),p3_1_, p4_0,5">	<td>
german	276	<td class="z_0 r_278 p1_✗Grundstrukturen,, p2_p3_0_Fundament_(1/19),p3_1_, p4_0,5">	<td>
german	277	<td class="z_0 r_279 p1_✗Grundstrukturen,, p2_p3_0_abhängige_Verbundenheit_(90),p3_1_, p4_0,5">	<td>
german	278	<td class="z_0 r_280 p1_✗Grundstrukturen,, p2_p3_0_Absicht_13_ist_Helfen,p3_1_, p4_3,0,5">	<td>
german	279	<td class="z_0 r_281 p1_✗Grundstrukturen,, p2_p3_0_Karte_Filter_und_Unterscheidung_(1/12),p3_1_, p4_0,5">	<td>
german	280	<td class="z_0 r_282 p1_✗Grundstrukturen,, p2_p3_0_Prinzipien(1/8),p3_1_, p4_1,5">	<td>
german	281	<td class="z_0 r_283 p1_✗Grundstrukturen,, p2_p3_0_Absicht_1/8,p3_1_, p4_5,1,3">	<td>
german	282	<td class="z_0 r_284 p1_✗Universum,, p2_p3_0_universelles_Recht,p3_1_, p4_4,0">	<td>
german	283	<td class="z_0 r_285 p1_✗Universum,, p2_p3_0_Universelles_Verhältnis_gleicher_Zahlen,p3_1_, p4_1,4">	<td>
german	284	<td class="z_0 r_286 p1_✗Grundstrukturen,, p2_p3_0_Maßnahmen_(39),p3_1_, p4_0,5">	<td>
german	285	<td class="z_0 r_287 p1_✗Universum,✗Grundstrukturen,, p2_p3_0_Strategie_Taktik_(15m8),p3_1_Modus_und_Sein_(8),p3_2_, p4_4,0,5">	<td>
german	286	<td class="z_0 r_288 p1_✗Universum,✗Bedeutung,✗Kontinuum,, p2_p3_0_Netzwerk,p3_1_Zählungen,p3_2_X,p3_3_, p4_4,0">	<td>
german	287	<td class="z_0 r_289 p1_✗Inkrementieren,✗Teilchen-Meta-Physik,✗Grundstrukturen,, p2_p3_0_Teilchen-Meta-Physik,p3_1_Raum_und_Dimensionen_(8),p3_2_Modus_und_Sein_(8),p3_3_, p4_4,0,5">	<td>
german	288	<td class="z_0 r_290 p1_✗Inkrementieren,✗Teilchen-Meta-Physik,✗Multiversum,✗Grundstrukturen,, p2_p3_0_Teilchen-Meta-Physik,p3_1_das_Multiverselle_(16),p3_2_Meta-Physik-Teilchen_(1),p3_3_Funktionen_Vorstellungen_(16),p3_4_, p4_0,5">	<td>
german	289	<td class="z_0 r_291 p1_✗Multiversum,, p2_p3_0_Multiversalien_(16),p3_1_, p4_0,5">	<td>
german	290	<td class="z_0 r_292 p1_✗Universum,✗Universum,✗Bedeutung,, p2_p3_0_Transzendentalien,p3_1_Netzwerk,p3_2_Zählungen,p3_3_, p4_4,0">	<td>
german	291	<td class="z_0 r_293 p1_✗Grundstrukturen,, p2_p3_0_Lust_(9),p3_1_, p4_0,5">	<td>
german	292	<td class="z_0 r_294 p1_✗Grundstrukturen,, p2_p3_0_Triebe_und_Bedürfnisse_(6),p3_1_, p4_1,5">	<td>
german	293	<td class="z_0 r_295 p1_✗Grundstrukturen,, p2_p3_0_Achtung_(4),p3_1_, p4_0,5">	<td>
german	294	<td class="z_0 r_296 p1_✗Grundstrukturen,, p2_p3_0_Klassen_(20),p3_1_, p4_3,0,5">	<td>
german	295	<td class="z_0 r_297 p1_✗Grundstrukturen,, p2_p3_0_Klassen_(20),p3_1_, p4_3,0,5">	<td>
german	296	<td class="z_0 r_298 p1_✗Grundstrukturen,, p2_p3_0_Triebe_und_Bedürfnisse_(6),p3_1_, p4_0,5">	<td>
german	297	<td class="z_0 r_299 p1_✗Grundstrukturen,, p2_p3_0_Triebe_und_Bedürfnisse_(6),p3_1_, p4_0,5">	<td>
german	298	<td class="z_0 r_300 p1_✗Grundstrukturen,, p2_p3_0_innere_Werte_1/6_der_Reinigung_und_Klarheit,p3_1_, p4_0,5">	<td>
german	299	<td class="z_0 r_301 p1_✗Grundstrukturen,, p2_p3_0_innere_Werte_1/6_der_Reinigung_und_Klarheit,p3_1_, p4_0,5">	<td>
german	300	<td class="z_0 r_302 p1_✗Grundstrukturen,, p2_p3_0_innere_Werte_1/6_der_Reinigung_und_Klarheit,p3_1_, p4_1,5">	<td>
german	301	<td class="z_0 r_303 p1_✗Grundstrukturen,, p2_p3_0_innere_Werte_1/6_der_Reinigung_und_Klarheit,p3_1_, p4_1,5">	<td>
german	302	<td class="z_0 r_304 p1_✗Grundstrukturen,, p2_p3_0_Stimmungen_Kombinationen_(14),p3_1_, p4_0,5">	<td>
german	303	<td class="z_0 r_305 p1_✗Grundstrukturen,, p2_p3_0_Stimmungen_Kombinationen_(14),p3_1_, p4_0,5">	<td>
german	304	<td class="z_0 r_306 p1_✗Grundstrukturen,, p2_p3_0_Rechnen,p3_1_, p4_0,5">	<td>
german	305	<td class="z_0 r_307 p1_✗Grundstrukturen,, p2_p3_0_Lebensbereiche_Problemklassen_(28),p3_1_, p4_0,5">	<td>
german	306	<td class="z_0 r_308 p1_✗Inkrementieren,✗Teilchen-Meta-Physik,✗Grundstrukturen,, p2_p3_0_Teilchen-Meta-Physik,p3_1_das_Galaktische_(14),p3_2_Stimmungen_Kombinationen_(14),p3_3_, p4_0,5">	<td>
german	307	<td class="z_0 r_309 p1_✗Grundstrukturen,, p2_p3_0_Stimmungen_Kombinationen_(14),p3_1_, p4_0,5">	<td>
german	308	<td class="z_0 r_310 p1_✗Grundstrukturen,, p2_p3_0_Stimmungen_Kombinationen_(14),p3_1_, p4_0,5">	<td>
german	309	<td class="z_0 r_311 p1_✗Universum,, p2_p3_0_künstliches_Leben_(15),p3_1_, p4_4,0">	<td>
german	310	<td class="z_0 r_312 p1_✗Planet_(10_und_oder_12),✗Grundstrukturen,✗Grundstrukturen,, p2_p3_0_Meta-Systeme_(12),p3_1_Paradigmen_sind_Absichten_(13),p3_2_Meta-Systeme_(12),p3_3_, p4_0,5">	<td>
german	311	<td class="z_0 r_313 p1_✗Planet_(10_und_oder_12),✗Teilchen-Meta-Physik,✗Grundstrukturen,✗Grundstrukturen,, p2_p3_0_Meta-Systeme_(12),p3_1_die_Tugendsortierung_(13_mit_14),p3_2_Paradigmen_sind_Absichten_(13),p3_3_Meta-Systeme_(12),p3_4_, p4_3,0,5">	<td>
german	312	<td class="z_0 r_314 p1_✗Teilchen-Meta-Physik,, p2_p3_0_die_Galaxie_Unterbereiche_(13),p3_1_, p4_0,5">	<td>
german	313	<td class="z_0 r_315 p1_✗Grundstrukturen,, p2_p3_0_Verhalten_(11),p3_1_, p4_0,5">	<td>
german	314	<td class="z_0 r_316 p1_✗Grundstrukturen,, p2_p3_0_Bestrebungen(1/5),p3_1_, p4_0,5">	<td>
german	315	<td class="z_0 r_317 p1_✗Grundstrukturen,, p2_p3_0_Lebensbereiche_Problemklassen_(28),p3_1_, p4_0,5">	<td>
german	316	<td class="z_0 r_318 p1_✗Grundstrukturen,✗Grundstrukturen,, p2_p3_0_Lebensbereiche_Problemklassen_(28),p3_1_Reziprokes,p3_2_, p4_1,5">	<td>
german	317	<td class="z_0 r_319 p1_✗Grundstrukturen,, p2_p3_0_Netzwerk,p3_1_, p4_0,5">	<td>
german	318	<td class="z_0 r_320 p1_✗Teilchen-Meta-Physik,✗Grundstrukturen,, p2_p3_0_das_Multiverselle_(16),p3_1_Funktionen_Vorstellungen_(16),p3_2_, p4_0,5">	<td>
german	319	<td class="z_0 r_321 p1_✗Grundstrukturen,, p2_p3_0_mathematisches_Design_(32),p3_1_, p4_0,5">	<td>
german	320	<td class="z_0 r_322 p1_✗Planet_(10_und_oder_12),✗Teilchen-Meta-Physik,, p2_p3_0_Wirklichkeiten_(10),p3_1_Wirklichkeiten_(10),p3_2_, p4_0,5">	<td>
german	321	<td class="z_0 r_323 p1_✗Grundstrukturen,, p2_p3_0_Kontroverse_(51),p3_1_, p4_0,5">	<td>
german	322	<td class="z_0 r_324 p1_✗Universum,, p2_p3_0_Software-Lizenzen_akademische_Grade,p3_1_, p4_5,4,0,3">	<td>
german	323	<td class="z_0 r_325 p1_✗Grundstrukturen,, p2_p3_0_Triebe_und_Bedürfnisse_(6),p3_1_, p4_0,5">	<td>
german	324	<td class="z_0 r_326 p1_✗Grundstrukturen,, p2_p3_0_Taetigkeiten,p3_1_, p4_3,0,5">	<td>
german	325	<td class="z_0 r_327 p1_✗Grundstrukturen,✗Größenordnung,✗Größenordnung,, p2_p3_0_Strukturgrösse,p3_1_Strukturgrösse,p3_2_Organisationen,p3_3_, p4_0,5">	<td>
german	326	<td class="z_0 r_328 p1_✗Universum,✗Grundstrukturen,✗Multiversum,, p2_p3_0_Geist__(15),p3_1_Geist_(15),p3_2_Geist_(15),p3_3_, p4_4,0">	<td>
german	327	<td class="z_0 r_329 p1_✗Grundstrukturen,, p2_p3_0_Wohlbefinden_(7mit6),p3_1_, p4_0,5">	<td>
german	328	<td class="z_0 r_330 p1_✗Grundstrukturen,, p2_p3_0_Wohlbefinden_(7mit6),p3_1_, p4_1,5">	<td>
german	329	<td class="z_0 r_331 p1_✗Grundstrukturen,✗Menschliches,, p2_p3_0_Anführer_Arten_(7),p3_1_Anführer_und_Chef,p3_2_, p4_0,3">	<td>
german	330	<td class="z_0 r_332 p1_✗Grundstrukturen,, p2_p3_0_Stimmungen_Kombinationen_(14),p3_1_, p4_">	<td>
german	331	<td class="z_0 r_333 p1_✗Kontinuum,, p2_p3_0_Q,p3_1_, p4_0,5">	<td>
german	332	<td class="z_0 r_334 p1_✗Kontinuum,, p2_p3_0_Q,p3_1_, p4_0,5">	<td>
german	333	<td class="z_0 r_335 p1_✗Kontinuum,, p2_p3_0_Q,p3_1_, p4_0,5">	<td>
german	334	<td class="z_0 r_336 p1_✗Kontinuum,, p2_p3_0_Q,p3_1_, p4_0,5">	<td>
german	335	<td class="z_0 r_337 p1_✗Multiversum,✗Kontinuum,, p2_p3_0_P,p3_1_P,p3_2_, p4_0,5">	<td>
german	336	<td class="z_0 r_338 p1_✗Grundstrukturen,✗Kontinuum,✗Kontinuum,, p2_p3_0_Netzwerk,p3_1_X,p3_2_R,p3_3_, p4_0,5">	<td>
german	337	<td class="z_0 r_339 p1_✗Kontinuum,, p2_p3_0_Q,p3_1_, p4_0,5">	<td>
german	338	<td class="z_0 r_340 p1_✗Multiversum,, p2_p3_0_Struktur-Wissenschaften_(10),p3_1_, p4_0,5">	<td>
german	339	<td class="z_0 r_341 p1_✗Multiversum,, p2_p3_0_Muster-Wissenschaften_(20),p3_1_, p4_0,5">	<td>
german	340	<td class="z_0 r_342 p1_✗Grundstrukturen,✗Wirtschaft,, p2_p3_0_System,p3_1_System,p3_2_, p4_1,3">	<td>
german	341	<td class="z_0 r_343 p1_✗Kontinuum,, p2_p3_0_Q,p3_1_, p4_0,5">	<td>
german	342	<td class="z_0 r_344 p1_✗Kontinuum,, p2_p3_0_Q,p3_1_, p4_0,5">	<td>
german	343	<td class="z_0 r_345 p1_✗Kontinuum,, p2_p3_0_Q,p3_1_, p4_0,5">	<td>
german	344	<td class="z_0 r_346 p1_✗Religionen,✗Galaxie,✗Menschliches,✗Universum,, p2_p3_0_Superkräfte,p3_1_Superkräfte,p3_2_Superkräfte,p3_3_Farben,p3_4_, p4_4,0">	<td>
german	345	<td class="z_0 r_347 p1_✗Kontinuum,, p2_p3_0_Q,p3_1_, p4_0,5">	<td>
german	346	<td class="z_0 r_348 p1_✗Kontinuum,, p2_p3_0_A,p3_1_, p4_0,5">	<td>
german	347	<td class="z_0 r_349 p1_✗Kontinuum,, p2_p3_0_B,p3_1_, p4_0,5">	<td>
german	348	<td class="z_0 r_350 p1_✗Kontinuum,, p2_p3_0_C,p3_1_, p4_0,5">	<td>
german	349	<td class="z_0 r_351 p1_✗Kontinuum,, p2_p3_0_D,p3_1_, p4_0,5">	<td>
german	350	<td class="z_0 r_352 p1_✗Kontinuum,, p2_p3_0_Q,p3_1_, p4_0,5">	<td>
german	351	<td class="z_0 r_353 p1_✗Kontinuum,, p2_p3_0_R,p3_1_, p4_0,5">	<td>
german	352	<td class="z_0 r_354 p1_✗Symbole,, p2_p3_0_Drei,p3_1_, p4_0,5" class="tdSymbole" style="background-image: url();background-size: cover;background-repeat: no-repeat;background-position: right; ">	<td class="tdSymbole" style="background-image: url();background-size: cover;background-repeat: no-repeat;background-position: right; ">
german	353	<td class="z_0 r_355 p1_✗Symbole,, p2_p3_0_Vier,p3_1_, p4_0,5" class="tdSymbole" style="background-image: url();background-size: cover;background-repeat: no-repeat;background-position: right; ">	<td class="tdSymbole" style="background-image: url();background-size: cover;background-repeat: no-repeat;background-position: right; ">
german	354	<td class="z_0 r_356 p1_✗Symbole,, p2_p3_0_Fünf,p3_1_, p4_0,5" class="tdSymbole" style="background-image: url();background-size: cover;background-repeat: no-repeat;background-position: right; ">	<td class="tdSymbole" style="background-image: url();background-size: cover;background-repeat: no-repeat;background-position: right; ">
german	355	<td class="z_0 r_357 p1_✗Grundstrukturen,✗Wirtschaft,✗Grundstrukturen,✗Menschliches,, p2_p3_0_System,p3_1_System,p3_2_Anführer_Arten_(7),p3_3_Anführer_und_Chef,p3_4_, p4_1,3">	<td>
german	356	<td class="z_0 r_358 p1_✗Symbole,✗Symbole,, p2_p3_0_Zehn,p3_1_Zwölf,p3_2_, p4_0,5" class="tdSymbole" style="background-image: url();background-size: cover;background-repeat: no-repeat;background-position: right; ">	<td class="tdSymbole" style="background-image: url();background-size: cover;background-repeat: no-repeat;background-position: right; ">
german	357	<td class="z_0 r_359 p1_✗Symbole,✗Symbole,, p2_p3_0_Sechs,p3_1_Sieben,p3_2_, p4_0,5" class="tdSymbole" style="background-image: url();background-size: cover;background-repeat: no-repeat;background-position: right; ">	<td class="tdSymbole" style="background-image: url();background-size: cover;background-repeat: no-repeat;background-position: right; ">
german	358	<td class="z_0 r_360 p1_✗Symbole,, p2_p3_0_Acht,p3_1_, p4_0,5" class="tdSymbole" style="background-image: url();background-size: cover;background-repeat: no-repeat;background-position: right; ">	<td class="tdSymbole" style="background-image: url();background-size: cover;background-repeat: no-repeat;background-position: right; ">
german	359	<td class="z_0 r_361 p1_✗Symbole,, p2_p3_0_Neun,p3_1_, p4_0,5" class="tdSymbole" style="background-image: url();background-size: cover;background-repeat: no-repeat;background-position: right; ">	<td class="tdSymbole" style="background-image: url();background-size: cover;background-repeat: no-repeat;background-position: right; ">
german	360	<td class="z_0 r_362 p1_✗Symbole,, p2_p3_0_Drei,p3_1_, p4_0,5" class="tdSymbole" style="background-image: url();background-size: cover;background-repeat: no-repeat;background-position: right; ">	<td class="tdSymbole" style="background-image: url();background-size: cover;background-repeat: no-repeat;background-position: right; ">
german	361	<td class="z_0 r_363 p1_✗Menschliches,, p2_p3_0_Formationen,p3_1_, p4_0,5">	<td>
german	362	<td class="z_0 r_364 p1_✗Universum,, p2_p3_0_Zahlenarten,p3_1_, p4_4,0">	<td>
german	363	<td class="z_0 r_365 p1_✗Menschliches,✗Grundstrukturen,, p2_p3_0_Bestrafung,p3_1_Bestrafung,p3_2_, p4_4,0,3">	<td>
german	364	<td class="z_0 r_366 p1_✗Menschliches,, p2_p3_0_weniger_am_Menschen,p3_1_, p4_4,0,3">	<td>
german	365	<td class="z_0 r_367 p1_✗Menschliches,✗Grundstrukturen,, p2_p3_0_Erlösung,p3_1_Erlösung,p3_2_, p4_4,0,3">	<td>
german	366	<td class="z_0 r_368 p1_✗Menschliches,✗Grundstrukturen,, p2_p3_0_Gewalt,p3_1_Gewalt,p3_2_, p4_4,0,3">	<td>
german	367	<td class="z_0 r_369 p1_✗Kontinuum,, p2_p3_0_Q,p3_1_, p4_0,5">	<td>
german	368	<td class="z_0 r_370 p1_✗Kontinuum,, p2_p3_0_Q,p3_1_, p4_0,5">	<td>
german	369	<td class="z_0 r_371 p1_✗Kontinuum,, p2_p3_0_Q,p3_1_, p4_0,5">	<td>
german	370	<td class="z_0 r_372 p1_✗Galaxie,, p2_p3_0_Lebewesen_Galaxie_am_Besten,p3_1_, p4_0,3">	<td>
german	371	<td class="z_0 r_373 p1_✗Galaxie,, p2_p3_0_Lebewesen_Galaxie_am_Besten,p3_1_, p4_0,3">	<td>
german	372	<td class="z_0 r_374 p1_✗Multiversum,, p2_p3_0_Raumzeit_Anordnung_mathematisch_universell,p3_1_, p4_0,3">	<td>
german	373	<td class="z_0 r_375 p1_✗Galaxie,, p2_p3_0_Lebewesen_Galaxie_am_Besten,p3_1_, p4_4,0,5">	<td>
german	374	<td class="z_0 r_376 p1_✗Bedeutung,, p2_p3_0_in_ReTa,p3_1_, p4_4,0">	<td>
german	375	<td class="z_0 r_377 p1_✗Bedeutung,, p2_p3_0_in_ReTa,p3_1_, p4_4,0">	<td>
german	376	<td class="z_0 r_378 p1_✗Grundstrukturen,✗Wirtschaft,, p2_p3_0_System,p3_1_System,p3_2_, p4_0,3">	<td>
german	377	<td class="z_0 r_379 p1_✗Religionen,, p2_p3_0_der_Tierkreiszeichen,p3_1_, p4_0,3">	<td>
german	378	<td class="z_0 r_380 p1_✗Religionen,, p2_p3_0_der_Tierkreiszeichen,p3_1_, p4_0,3">	<td>
german	379	<td class="z_0 r_381 p1_✗Grundstrukturen,, p2_p3_0_Gewalt,p3_1_, p4_4,0">	<td>
german	380	<td class="z_0 r_382 p1_✗Grundstrukturen,, p2_p3_0_Wirklichkeiten_Wahrheit_Wahrnehmung_(10),p3_1_, p4_4,0">	<td>
german	381	<td class="z_0 r_383 p1_✗Grundstrukturen,, p2_p3_0_Anführer_Arten_(7),p3_1_, p4_4,0">	<td>
german	382	<td class="z_0 r_384 p1_✗Grundstrukturen,, p2_p3_0_Anführer_Arten_(7),p3_1_, p4_4,0">	<td>
german	383	<td class="z_0 r_385 p1_✗Planet_(10_und_oder_12),✗Grundstrukturen,✗Grundstrukturen,, p2_p3_0_Meta-Systeme_(12),p3_1_Model_of_Hierarchical_Complexity,p3_2_Meta-Systeme_(12),p3_3_, p4_">	<td>
german	384	<td class="z_0 r_386 p1_✗Multiversum,, p2_p3_0_Muster-Wissenschaften_(20),p3_1_, p4_1,4,5">	<td>
german	385	<td class="z_0 r_387 p1_✗Grundstrukturen,, p2_p3_0_Klassen_(20),p3_1_, p4_0,5">	<td>
german	386	<td class="z_0 r_388 p1_✗Kontinuum,, p2_p3_0_T,p3_1_, p4_0,5">	<td>
german	387	<td class="z_0 r_389 p1_✗Kontinuum,, p2_p3_0_Q,p3_1_, p4_0,5">	<td>
german	388	<td class="z_0 r_390 p1_✗Kontinuum,, p2_p3_0_Q,p3_1_, p4_0,5">	<td>
german	389	<td class="z_0 r_391 p1_✗Universum,, p2_p3_0_Zusammenhang_Gehirn_Kosmos_Universum,p3_1_, p4_4,0,5">	<td>
german	390	<td class="z_0 r_392 p1_✗Grundstrukturen,✗Menschliches,, p2_p3_0_Anführer_Arten_(7),p3_1_Anführer_und_Chef,p3_2_, p4_4,0,5">	<td>
german	391	<td class="z_0 r_393 p1_✗Grundstrukturen,✗Kontinuum,, p2_p3_0_Modus_und_Sein_(8),p3_1_H,p3_2_, p4_0,5">	<td>
german	392	<td class="z_0 r_394 p1_✗Grundstrukturen,✗Kontinuum,, p2_p3_0_Stimmungen_Kombinationen_(14),p3_1_N,p3_2_, p4_3,0,5">	<td>
german	393	<td class="z_0 r_395 p1_✗Grundstrukturen,✗Kontinuum,, p2_p3_0_Paradigmen_sind_Absichten_(13),p3_1_M,p3_2_, p4_3,0,5">	<td>
german	394	<td class="z_0 r_396 p1_✗Religionen,✗Galaxie,✗Menschliches,✗Grundstrukturen,, p2_p3_0_Superkräfte,p3_1_Superkräfte,p3_2_Superkräfte,p3_3_Paradigmen_sind_Absichten_(13),p3_4_, p4_0,5">	<td>
german	395	<td class="z_0 r_397 p1_✗Religionen,✗Menschliches,, p2_p3_0_Satan_Teufel,p3_1_Satan_Teufel,p3_2_, p4_5,4,0,3">	<td>
german	396	<td class="z_0 r_398 p1_✗Religionen,✗Galaxie,✗Menschliches,, p2_p3_0_Superkräfte,p3_1_Superkräfte,p3_2_Superkräfte,p3_3_, p4_0,5">	<td>
german	397	<td class="z_0 r_399 p1_✗Planet_(10_und_oder_12),✗Planet_(10_und_oder_12),✗Operationen,✗Grundstrukturen,✗Grundstrukturen,, p2_p3_0_Meta-Systeme_(12),p3_1_Gleichheit_Freiheit_Ordnung,p3_2_2,p3_3_Anführer_Arten_(7),p3_4_Meta-Systeme_(12),p3_5_, p4_4,0,5">	<td>
german	398	<td class="z_0 r_400 p1_✗Planet_(10_und_oder_12),✗Planet_(10_und_oder_12),✗Operationen,✗Grundstrukturen,✗Grundstrukturen,, p2_p3_0_Meta-Systeme_(12),p3_1_Gleichheit_Freiheit_Ordnung,p3_2_2,p3_3_Anführer_Arten_(7),p3_4_Meta-Systeme_(12),p3_5_, p4_4,0,5">	<td>
german	399	<td class="z_0 r_401 p1_✗Planet_(10_und_oder_12),✗Planet_(10_und_oder_12),✗Operationen,✗Grundstrukturen,✗Grundstrukturen,, p2_p3_0_Meta-Systeme_(12),p3_1_Gleichheit_Freiheit_Ordnung,p3_2_2,p3_3_Anführer_Arten_(7),p3_4_Meta-Systeme_(12),p3_5_, p4_1,4,5">	<td>
german	400	<td class="z_0 r_402 p1_✗Grundstrukturen,✗Multiversum,✗Universum,✗Menschliches,, p2_p3_0_Biologischer_Baum_(15),p3_1_Biologischer_Baum_(16_->	<td>
german	401	<td class="z_0 r_403 p1_✗Kontinuum,✗Multiversum,, p2_p3_0_P5,p3_1_P5,p3_2_, p4_0,5">	<td>
german	402	<td class="z_0 r_404 p1_✗Grundstrukturen,✗Menschliches,, p2_p3_0_Anführer_Arten_(7),p3_1_Anführer_und_Chef,p3_2_, p4_0,5">	<td>
german	403	<td class="z_0 r_405 p1_✗Religionen,✗Religionen,✗Religionen,, p2_p3_0_Superkräfte,p3_1_Religions-Gründer-Typ,p3_2_Messias,p3_3_, p4_0,5">	<td>
german	404	<td class="z_0 r_406 p1_✗Kontinuum,, p2_p3_0_S,p3_1_, p4_0,5">	<td>
german	405	<td class="z_0 r_407 p1_✗Kontinuum,, p2_p3_0_L,p3_1_, p4_">	<td>
german	406	<td class="z_0 r_408 p1_✗Kontinuum,, p2_p3_0_Y,p3_1_, p4_0,5">	<td>
german	407	<td class="z_0 r_409 p1_✗Kontinuum,✗Kontinuum,, p2_p3_0_Kontinuen,p3_1_F,p3_2_, p4_0,5">	<td>
german	408	<td class="z_0 r_410 p1_✗Grundstrukturen,✗Menschliches,, p2_p3_0_Anführer_Arten_(7),p3_1_Anführer_und_Chef,p3_2_, p4_4,0,5">	<td>
german	409	<td class="z_0 r_411 p1_✗Kontinuum,, p2_p3_0_Y,p3_1_, p4_0,5">	<td>
german	410	<td class="z_0 r_412 p1_✗Kontinuum,, p2_p3_0_E,p3_1_, p4_0,5">	<td>
german	411	<td class="z_0 r_413 p1_✗Multiversum,✗Grundstrukturen,✗Universum,, p2_p3_0_Teilchen_anderes_Universum,p3_1_Teilchen_anderes_Universum,p3_2_Teilchen_anderes_Universum,p3_3_, p4_4,0,5">	<td>
german	412	<td class="z_0 r_414 p1_✗Grundstrukturen,✗Wirtschaft,, p2_p3_0_System,p3_1_System,p3_2_, p4_4,0,5">	<td>
german	413	<td class="z_0 r_415 p1_✗Kontinuum,, p2_p3_0_J,p3_1_, p4_0,5">	<td>
german	414	<td class="z_0 r_416 p1_✗Kontinuum,, p2_p3_0_k,p3_1_, p4_0,5">	<td>
german	415	<td class="z_0 r_417 p1_✗Grundstrukturen,, p2_p3_0_Klassen_(20),p3_1_, p4_0,5">	<td>
german	416	<td class="z_0 r_418 p1_✗Kontinuum,, p2_p3_0_i,p3_1_, p4_0,5">	<td>
german	417	<td class="z_0 r_419 p1_✗Kontinuum,, p2_p3_0_G,p3_1_, p4_0,5">	<td>
german	418	<td class="z_0 r_420 p1_✗Universum,, p2_p3_0_Evolution_vs_Design_intelligent,p3_1_, p4_0,5">	<td>
german	419	<td class="z_0 r_421 p1_✗Menschliches,, p2_p3_0_Ränge,p3_1_, p4_">	<td>
german	420	<td class="z_0 r_422 p1_✗Galaxie,, p2_p3_0_ZergAliens_MenschenHumanoid_ProtosPraedatoren,p3_1_, p4_">	<td>
german	421	<td class="z_0 r_423 p1_✗Menschliches,, p2_p3_0_Weltordnung,p3_1_, p4_">	<td>
german	422	<td class="z_0 r_424 p1_✗Menschliches,✗Menschliches,, p2_p3_0_Diplomatie,p3_1_Musik,p3_2_, p4_">	<td>
german	423	<td class="z_0 r_425 p1_✗Menschliches,, p2_p3_0_Land_Laender-Dach-Organisation,p3_1_, p4_">	<td>
german	424	<td class="z_0 r_426 p1_✗Menschliches,, p2_p3_0_Spiele-Genre,p3_1_, p4_">	<td>
german	425	<td class="z_0 r_427 p1_✗Menschliches,, p2_p3_0_Himmel_Hoelle_Kettenmolekuele,p3_1_, p4_">	<td>
german	426	<td class="z_0 r_428 p1_✗Kontinuum,, p2_p3_0_W,p3_1_, p4_">	<td>
german	427	<td class="z_0 r_429 p1_✗Kontinuum,, p2_p3_0_AC,p3_1_, p4_">	<td>
german	428	<td class="z_0 r_430 p1_✗Kontinuum,, p2_p3_0_AD,p3_1_, p4_">	<td>
german	429	<td class="z_0 r_431 p1_✗Kontinuum,, p2_p3_0_AE,p3_1_, p4_">	<td>
german	430	<td class="z_0 r_432 p1_✗Kontinuum,, p2_p3_0_AK,p3_1_, p4_">	<td>
german	431	<td class="z_0 r_433 p1_✗Kontinuum,, p2_p3_0_AU,p3_1_, p4_">	<td>
german	432	<td class="z_0 r_434 p1_✗Menschliches,, p2_p3_0_Sinne,p3_1_, p4_">	<td>
german	433	<td class="z_0 r_435 p1_✗Menschliches,, p2_p3_0_Gott_und_Prophet,p3_1_, p4_">	<td>
german	434	<td class="z_0 r_436 p1_✗Menschliches,, p2_p3_0_Ränge,p3_1_, p4_">	<td>
german	435	<td class="z_0 r_437 p1_✗Planet_(10_und_oder_12),✗Herrschaft,, p2_p3_0_Planetenherrschaft,p3_1_Planetenherrschaft,p3_2_, p4_">	<td>
german	436	<td class="z_0 r_438 p1_✗Herrschaft,, p2_p3_0_Galaxieherrschaft,p3_1_, p4_">	<td>
german	437	<td class="z_0 r_439 p1_✗Herrschaft,, p2_p3_0_Galaxienclusterherrschaft,p3_1_, p4_">	<td>
german	438	<td class="z_0 r_440 p1_✗Menschliches,, p2_p3_0_Verbrechen_und_Bestrafung,p3_1_, p4_">	<td>
german	439	<td class="z_0 r_441 p1_✗Menschliches,, p2_p3_0_Verbrechen_und_Bestrafung,p3_1_, p4_">	<td>
german	440	<td class="z_0 r_442 p1_✗Herrschaft,, p2_p3_0_Herrschafts_Datenstruktur,p3_1_, p4_">	<td>
german	441	<td class="z_0 r_443 p1_✗Planet_(10_und_oder_12),✗Herrschaft,, p2_p3_0_Planetenherrschaft,p3_1_Planetenherrschaft,p3_2_, p4_">	<td>
german	442	<td class="z_0 r_444 p1_✗Kontinuum,, p2_p3_0_Z,p3_1_, p4_">	<td>
german	443	<td class="z_0 r_445 p1_✗Herrschaft,✗Kontinuum,, p2_p3_0_Herrschafts_Datenstruktur,p3_1_Q,p3_2_, p4_">	<td>
german	444	<td class="z_0 r_446 p1_✗Herrschaft,, p2_p3_0_Sternen_System,p3_1_, p4_">	<td>
german	445	<td class="z_0 r_447 p1_✗Universum,, p2_p3_0_Objekte,p3_1_, p4_">	<td>
german	446	<td class="z_0 r_448 p1_✗Kontinuum,, p2_p3_0_AD,p3_1_, p4_">	<td>
german	447	<td class="z_0 r_449 p1_✗Herrschaft,, p2_p3_0_Orbit-Herrschafts,p3_1_, p4_">	<td>
german	448	<td class="z_0 r_450 p1_✗Kontinuum,, p2_p3_0_X,p3_1_, p4_">	<td>
german	449	<td class="z_0 r_451 p1_✗Menschliches,, p2_p3_0_Gott_und_Prophet,p3_1_, p4_">	<td>
german	450	<td class="z_0 r_452 p1_✗Menschliches,, p2_p3_0_Gesellschaftsschicht,p3_1_, p4_">	<td>
german	451	<td class="z_0 r_453 p1_✗Menschliches,, p2_p3_0_Gott_und_Prophet,p3_1_, p4_">	<td>
german	452	<td class="z_0 r_454 p1_✗Menschliches,, p2_p3_0_Gott_und_Prophet,p3_1_, p4_">	<td>
german	453	<td class="z_0 r_455 p1_✗Kontinuum,, p2_p3_0_X,p3_1_, p4_">	<td>
german	454	<td class="z_0 r_456 p1_✗Menschliches,, p2_p3_0_Gesellschaftsschicht,p3_1_, p4_">	<td>
german	455	<td class="z_0 r_457 p1_✗Kontinuum,, p2_p3_0_R,p3_1_, p4_">	<td>
german	456	<td class="z_0 r_458 p1_✗Menschliches,, p2_p3_0_Gott_und_Prophet,p3_1_, p4_">	<td>
german	457	<td class="z_0 r_459 p1_✗Kontinuum,, p2_p3_0_AA,p3_1_, p4_">	<td>
german	458	<td class="z_0 r_460 p1_✗Kontinuum,, p2_p3_0_AA,p3_1_, p4_">	<td>
german	459	<td class="z_0 r_461 p1_✗Kontinuum,, p2_p3_0_AA,p3_1_, p4_">	<td>
german	460	<td class="z_0 r_462 p1_✗Menschliches,, p2_p3_0_Motive,p3_1_, p4_">	<td>
german	461	<td class="z_0 r_463 p1_✗Planet_(10_und_oder_12),✗Herrschaft,, p2_p3_0_Planetenherrschaft,p3_1_Planetenherrschaft,p3_2_, p4_">	<td>
german	462	<td class="z_0 r_464 p1_✗Universum,, p2_p3_0_Zahlenarten,p3_1_, p4_">	<td>
german	463	<td class="z_0 r_465 p1_✗Herrschaft,, p2_p3_0_abstrakte_Herrschaft,p3_1_, p4_">	<td>
german	464	<td class="z_0 r_466 p1_✗Kontinuum,✗Kontinuum,, p2_p3_0_i,p3_1_X,p3_2_, p4_">	<td>
german	465	<td class="z_0 r_467 p1_✗Kontinuum,, p2_p3_0_X,p3_1_, p4_">	<td>
german	466	<td class="z_0 r_468 p1_✗Kontinuum,, p2_p3_0_W,p3_1_, p4_">	<td>
german	467	<td class="z_0 r_469 p1_✗Kontinuum,, p2_p3_0_AT,p3_1_, p4_">	<td>
german	468	<td class="z_0 r_470 p1_✗Multiversum,✗Kontinuum,, p2_p3_0_P,p3_1_P,p3_2_, p4_">	<td>
german	469	<td class="z_0 r_471 p1_✗Kontinuum,, p2_p3_0_Q,p3_1_, p4_">	<td>
german	470	<td class="z_0 r_472 p1_✗Kontinuum,, p2_p3_0_T,p3_1_, p4_">	<td>
german	471	<td class="z_0 r_473 p1_✗Kontinuum,, p2_p3_0_T,p3_1_, p4_">	<td>
german	472	<td class="z_0 r_474 p1_✗Herrschaft,, p2_p3_0_abstrakte_Herrschaft,p3_1_, p4_">	<td>
german	473	<td class="z_0 r_475 p1_✗Kontinuum,, p2_p3_0_S,p3_1_, p4_">	<td>
german	474	<td class="z_0 r_476 p1_✗Kontinuum,, p2_p3_0_k,p3_1_, p4_">	<td>
german	475	<td class="z_0 r_477 p1_✗Kontinuum,, p2_p3_0_k,p3_1_, p4_">	<td>
german	476	<td class="z_0 r_478 p1_✗Menschliches,✗Menschliches,✗Grundstrukturen,✗Grundstrukturen,, p2_p3_0_Liebe,p3_1_Verbundenheiten_(18),p3_2_Verbundenheiten_(18),p3_3_Liebe_(7),p3_4_, p4_">	<td>
german	477	<td class="z_0 r_479 p1_✗Menschliches,, p2_p3_0_Psychopath_Soziopath,p3_1_, p4_">	<td>
german	478	<td class="z_0 r_480 p1_✗Universum,, p2_p3_0_Spezies_Typofikation,p3_1_, p4_">	<td>
german	479	<td class="z_0 r_481 p1_✗Kontinuum,, p2_p3_0_AB,p3_1_, p4_">	<td>
german	480	<td class="z_0 r_482 p1_✗Multiversum,, p2_p3_0_Religionen_Kraefte_Krieg_der_Sterne_Star_Wars,p3_1_, p4_">	<td>
german	481	<td class="z_0 r_483 p1_✗Menschliches,✗Kontinuum,, p2_p3_0_Eliten,p3_1_D,p3_2_, p4_">	<td>
german	482	<td class="z_0 r_484 p1_✗Kontinuum,, p2_p3_0_AC,p3_1_, p4_">	<td>
german	483	<td class="z_0 r_485 p1_✗Kontinuum,, p2_p3_0_AB,p3_1_, p4_">	<td>
german	484	<td class="z_0 r_486 p1_✗Planet_(10_und_oder_12),✗Herrschaft,, p2_p3_0_Planetenherrschaft,p3_1_Planetenherrschaft,p3_2_, p4_">	<td>
german	485	<td class="z_0 r_487 p1_✗Kontinuum,, p2_p3_0_Q,p3_1_, p4_">	<td>
german	486	<td class="z_0 r_488 p1_✗Kontinuum,, p2_p3_0_X,p3_1_, p4_">	<td>
german	487	<td class="z_0 r_489 p1_✗Multiversum,✗Wirtschaft,, p2_p3_0_Maschinen,p3_1_Maschinen,p3_2_, p4_">	<td>
german	488	<td class="z_0 r_490 p1_✗Multiversum,✗Wirtschaft,, p2_p3_0_Maschinen,p3_1_Maschinen,p3_2_, p4_">	<td>
german	489	<td class="z_0 r_491 p1_✗Menschliches,, p2_p3_0_Diplomatie,p3_1_, p4_">	<td>
german	490	<td class="z_0 r_492 p1_✗Menschliches,, p2_p3_0_Karriere,p3_1_, p4_">	<td>
german	491	<td class="z_0 r_493 p1_✗Menschliches,, p2_p3_0_Meisterschaft,p3_1_, p4_">	<td>
german	492	<td class="z_0 r_494 p1_✗Menschliches,, p2_p3_0_Karriere,p3_1_, p4_">	<td>
german	493	<td class="z_0 r_495 p1_✗Menschliches,, p2_p3_0_Psychopath_Soziopath,p3_1_, p4_">	<td>
german	494	<td class="z_0 r_496 p1_✗Herrschaft,, p2_p3_0_Herrschaftsformen,p3_1_, p4_">	<td>
german	495	<td class="z_0 r_497 p1_✗Herrschaft,, p2_p3_0_Galaxieherrschaft,p3_1_, p4_">	<td>
german	496	<td class="z_0 r_498 p1_✗Multiversum,✗Kontinuum,, p2_p3_0_P,p3_1_P,p3_2_, p4_">	<td>
german	497	<td class="z_0 r_499 p1_✗MetaMetaPhysik_und_MetaChemie,✗Multiversum,, p2_p3_0_Kybernetik_und_Meta_Chemie,p3_1_Kybernetik_und_Meta_Chemie,p3_2_, p4_">	<td>
german	498	<td class="z_0 r_500 p1_✗Menschliches,, p2_p3_0_Motive,p3_1_, p4_">	<td>
german	499	<td class="z_0 r_501 p1_✗Planet_(10_und_oder_12),, p2_p3_0_Kreislaufwirtschaft,p3_1_, p4_">	<td>
german	500	<td class="z_0 r_502 p1_✗Kontinuum,, p2_p3_0_AE,p3_1_, p4_">	<td>
german	501	<td class="z_0 r_503 p1_✗Kontinuum,, p2_p3_0_AE,p3_1_, p4_">	<td>
german	502	<td class="z_0 r_504 p1_✗Kontinuum,, p2_p3_0_AD,p3_1_, p4_">	<td>
german	503	<td class="z_0 r_505 p1_✗Kontinuum,, p2_p3_0_Q,p3_1_, p4_">	<td>
german	504	<td class="z_0 r_506 p1_✗Herrschaft,, p2_p3_0_Herrschaftsformen,p3_1_, p4_">	<td>
german	505	<td class="z_0 r_507 p1_✗Kontinuum,✗Kontinuum,, p2_p3_0_X,p3_1_R,p3_2_, p4_">	<td>
german	506	<td class="z_0 r_508 p1_✗Kontinuum,, p2_p3_0_X,p3_1_, p4_">	<td>
german	507	<td class="z_0 r_509 p1_✗Menschliches,, p2_p3_0_Glaube_Erkenntnis,p3_1_, p4_">	<td>
german	508	<td class="z_0 r_510 p1_✗Multiversum,, p2_p3_0_Religionen_Kraefte_Krieg_der_Sterne_Star_Wars,p3_1_, p4_">	<td>
german	509	<td class="z_0 r_511 p1_✗Multiversum,, p2_p3_0_Farben,p3_1_, p4_">	<td>
german	510	<td class="z_0 r_512 p1_✗Menschliches,, p2_p3_0_Bestrafung,p3_1_, p4_">	<td>
german	511	<td class="z_0 r_513 p1_✗Multiversum,✗Kontinuum,, p2_p3_0_P,p3_1_P,p3_2_, p4_">	<td>
german	512	<td class="z_0 r_514 p1_✗Menschliches,, p2_p3_0_Konservativismus,p3_1_, p4_">	<td>
german	513	<td class="z_0 r_515 p1_✗Menschliches,, p2_p3_0_Konservativismus,p3_1_, p4_">	<td>
german	514	<td class="z_0 r_516 p1_✗Menschliches,, p2_p3_0_Konservativismus,p3_1_, p4_">	<td>
german	515	<td class="z_0 r_517 p1_✗Menschliches,, p2_p3_0_Konservativismus,p3_1_, p4_">	<td>
german	516	<td class="z_0 r_518 p1_✗Menschliches,, p2_p3_0_Konservativismus,p3_1_, p4_">	<td>
german	517	<td class="z_0 r_519 p1_✗Menschliches,, p2_p3_0_Konservativismus,p3_1_, p4_">	<td>
german	518	<td class="z_0 r_520 p1_✗Menschliches,, p2_p3_0_Evolution,p3_1_, p4_">	<td>
german	519	<td class="z_0 r_521 p1_✗Menschliches,, p2_p3_0_Management,p3_1_, p4_">	<td>
german	520	<td class="z_0 r_522 p1_✗Multiversum,, p2_p3_0_Farben,p3_1_, p4_">	<td>
german	521	<td class="z_0 r_523 p1_✗Universum,, p2_p3_0_Entwicklungs_Stadium_Spezies,p3_1_, p4_">	<td>
german	522	<td class="z_0 r_524 p1_✗Multiversum,✗Kontinuum,, p2_p3_0_P,p3_1_P,p3_2_, p4_">	<td>
german	523	<td class="z_0 r_525 p1_✗Planet_(10_und_oder_12),✗Herrschaft,, p2_p3_0_Planetenherrschaft,p3_1_Planetenherrschaft,p3_2_, p4_">	<td>
german	524	<td class="z_0 r_526 p1_✗Herrschaft,, p2_p3_0_Spezies,p3_1_, p4_">	<td>
german	525	<td class="z_0 r_527 p1_✗Herrschaft,, p2_p3_0_Spezies,p3_1_, p4_">	<td>
german	526	<td class="z_0 r_528 p1_✗MetaMetaPhysik_und_MetaChemie,, p2_p3_0_Meta_Meta_Physik_Einteilungen,p3_1_, p4_">	<td>
german	527	<td class="z_0 r_529 p1_✗MetaMetaPhysik_und_MetaChemie,, p2_p3_0_Meta_Meta_Physik_Einteilungen,p3_1_, p4_">	<td>
german	528	<td class="z_0 r_530 p1_✗MetaMetaPhysik_und_MetaChemie,, p2_p3_0_Meta_Meta_Physik_Einteilungen,p3_1_, p4_">	<td>
german	529	<td class="z_0 r_531 p1_✗MetaMetaPhysik_und_MetaChemie,, p2_p3_0_Meta_Meta_Physik_Einteilungen,p3_1_, p4_">	<td>
german	530	<td class="z_0 r_532 p1_✗MetaMetaPhysik_und_MetaChemie,, p2_p3_0_Meta_Meta_Physik_Einteilungen,p3_1_, p4_">	<td>
german	531	<td class="z_0 r_533 p1_✗MetaMetaPhysik_und_MetaChemie,, p2_p3_0_Meta_Meta_Physik_Einteilungen,p3_1_, p4_">	<td>
german	532	<td class="z_0 r_534 p1_✗Kontinuum,✗Kontinuum,, p2_p3_0_i,p3_1_X,p3_2_, p4_">	<td>
german	533	<td class="z_0 r_535 p1_✗Multiversum,✗Wirtschaft,, p2_p3_0_Maschinen,p3_1_Maschinen,p3_2_, p4_">	<td>
german	534	<td class="z_0 r_536 p1_✗Multiversum,✗Wirtschaft,, p2_p3_0_Maschinen,p3_1_Maschinen,p3_2_, p4_">	<td>
german	535	<td class="z_0 r_537 p1_✗Multiversum,✗Wirtschaft,, p2_p3_0_Maschinen,p3_1_Maschinen,p3_2_, p4_">	<td>
german	536	<td class="z_0 r_538 p1_✗Multiversum,✗Kontinuum,, p2_p3_0_P,p3_1_P,p3_2_, p4_">	<td>
german	537	<td class="z_0 r_539 p1_✗Menschliches,✗Grundstrukturen,, p2_p3_0_Gesellschaftsschicht,p3_1_Klassen_(20),p3_2_, p4_">	<td>
german	538	<td class="z_0 r_540 p1_✗Kontinuum,, p2_p3_0_Q,p3_1_, p4_">	<td>
german	539	<td class="z_0 r_541 p1_✗Universum,, p2_p3_0_Zahlenarten,p3_1_, p4_">	<td>
german	540	<td class="z_0 r_542 p1_✗Kontinuum,, p2_p3_0_k,p3_1_, p4_">	<td>
german	541	<td class="z_0 r_543 p1_✗Kontinuum,, p2_p3_0_k,p3_1_, p4_">	<td>
german	542	<td class="z_0 r_544 p1_✗Kontinuum,, p2_p3_0_k,p3_1_, p4_">	<td>
german	543	<td class="z_0 r_545 p1_✗Menschliches,, p2_p3_0_Anführer_und_Chef,p3_1_, p4_">	<td>
german	544	<td class="z_0 r_546 p1_✗Menschliches,, p2_p3_0_Karriere,p3_1_, p4_">	<td>
german	545	<td class="z_0 r_547 p1_✗Menschliches,, p2_p3_0_Karriere,p3_1_, p4_">	<td>
german	546	<td class="z_0 r_548 p1_✗Menschliches,, p2_p3_0_Karriere,p3_1_, p4_">	<td>
german	547	<td class="z_0 r_549 p1_✗Menschliches,, p2_p3_0_Karriere,p3_1_, p4_">	<td>
german	548	<td class="z_0 r_550 p1_✗Universum,, p2_p3_0_Zahlenarten,p3_1_, p4_">	<td>
german	549	<td class="z_0 r_551 p1_✗Universum,, p2_p3_0_Zahlenarten,p3_1_, p4_">	<td>
german	550	<td class="z_0 r_552 p1_✗Universum,✗Planet_(10_und_oder_12),, p2_p3_0_Logik,p3_1_Logik,p3_2_, p4_">	<td>
german	551	<td class="z_0 r_553 p1_✗Universum,, p2_p3_0_Winkel,p3_1_, p4_">	<td>
german	552	<td class="z_0 r_554 p1_✗Universum,✗Kontinuum,, p2_p3_0_Morphismen,p3_1_AC,p3_2_, p4_">	<td>
german	553	<td class="z_0 r_555 p1_✗Universum,, p2_p3_0_Zahlenarten,p3_1_, p4_">	<td>
german	554	<td class="z_0 r_556 p1_✗Kontinuum,, p2_p3_0_M,p3_1_, p4_0,5">	<td>
german	555	<td class="z_0 r_557 p1_✗Grundstrukturen,✗Größenordnung,✗Größenordnung,, p2_p3_0_Strukturgrösse,p3_1_Strukturgrösse,p3_2_Organisationen,p3_3_, p4_4,0">	<td>
german	556	<td class="z_0 r_558 p1_✗Multiplikationen,, p2_p3_0_Nicht_generiert, p4_4,0,3">	<td>
german	557	<td class="z_0 r_559 p1_✗gebrochen-rational_Galaxie_n/m,, p2_p3_0_2, p4_1,0,6,3">	<td>
german	558	<td class="z_0 r_560 p1_✗gebrochen-rational_Galaxie_n/m,, p2_p3_0_3, p4_1,0,6,3">	<td>
german	559	<td class="z_0 r_561 p1_✗gebrochen-rational_Galaxie_n/m,, p2_p3_0_4, p4_1,0,6,3">	<td>
german	560	<td class="z_0 r_562 p1_✗gebrochen-rational_Galaxie_n/m,, p2_p3_0_5, p4_1,0,6,3">	<td>
german	561	<td class="z_0 r_563 p1_✗gebrochen-rational_Galaxie_n/m,, p2_p3_0_6, p4_1,0,6,3">	<td>
german	562	<td class="z_0 r_564 p1_✗gebrochen-rational_Galaxie_n/m,, p2_p3_0_7, p4_1,0,6,3">	<td>
german	563	<td class="z_0 r_565 p1_✗gebrochen-rational_Galaxie_n/m,, p2_p3_0_8, p4_1,0,6,3">	<td>
german	564	<td class="z_0 r_566 p1_✗gebrochen-rational_Galaxie_n/m,, p2_p3_0_9, p4_1,0,6,3">	<td>
german	565	<td class="z_0 r_567 p1_✗gebrochen-rational_Galaxie_n/m,, p2_p3_0_10, p4_1,0,6,3">	<td>
german	566	<td class="z_0 r_568 p1_✗gebrochen-rational_Galaxie_n/m,, p2_p3_0_11, p4_1,0,6,3">	<td>
german	567	<td class="z_0 r_569 p1_✗gebrochen-rational_Galaxie_n/m,, p2_p3_0_12, p4_1,0,6,3">	<td>
german	568	<td class="z_0 r_570 p1_✗gebrochen-rational_Galaxie_n/m,, p2_p3_0_13, p4_1,0,6,3">	<td>
german	569	<td class="z_0 r_571 p1_✗gebrochen-rational_Galaxie_n/m,, p2_p3_0_14, p4_1,0,6,3">	<td>
german	570	<td class="z_0 r_572 p1_✗gebrochen-rational_Galaxie_n/m,, p2_p3_0_15, p4_1,0,6,3">	<td>
german	571	<td class="z_0 r_573 p1_✗gebrochen-rational_Galaxie_n/m,, p2_p3_0_16, p4_1,0,6,3">	<td>
german	572	<td class="z_0 r_574 p1_✗gebrochen-rational_Galaxie_n/m,, p2_p3_0_17, p4_1,0,6,3">	<td>
german	573	<td class="z_0 r_575 p1_✗gebrochen-rational_Galaxie_n/m,, p2_p3_0_18, p4_1,0,6,3">	<td>
german	574	<td class="z_0 r_576 p1_✗gebrochen-rational_Galaxie_n/m,, p2_p3_0_19, p4_1,0,6,3">	<td>
german	575	<td class="z_0 r_577 p1_✗gebrochen-rational_Galaxie_n/m,, p2_p3_0_20, p4_1,0,6,3">	<td>
german	576	<td class="z_0 r_578 p1_✗gebrochen-rational_Galaxie_n/m,, p2_p3_0_21, p4_1,0,6,3">	<td>
german	577	<td class="z_0 r_579 p1_✗gebrochen-rational_Galaxie_n/m,, p2_p3_0_2, p4_1,0,6,3">	<td>
german	578	<td class="z_0 r_580 p1_✗gebrochen-rational_Galaxie_n/m,, p2_p3_0_3, p4_1,0,6,3">	<td>
german	579	<td class="z_0 r_581 p1_✗gebrochen-rational_Galaxie_n/m,, p2_p3_0_4, p4_1,0,6,3">	<td>
german	580	<td class="z_0 r_582 p1_✗gebrochen-rational_Galaxie_n/m,, p2_p3_0_5, p4_1,0,6,3">	<td>
german	581	<td class="z_0 r_583 p1_✗gebrochen-rational_Galaxie_n/m,, p2_p3_0_6, p4_1,0,6,3">	<td>
german	582	<td class="z_0 r_584 p1_✗gebrochen-rational_Galaxie_n/m,, p2_p3_0_7, p4_1,0,6,3">	<td>
german	583	<td class="z_0 r_585 p1_✗gebrochen-rational_Galaxie_n/m,, p2_p3_0_8, p4_1,0,6,3">	<td>
german	584	<td class="z_0 r_586 p1_✗gebrochen-rational_Galaxie_n/m,, p2_p3_0_9, p4_1,0,6,3">	<td>
german	585	<td class="z_0 r_587 p1_✗gebrochen-rational_Galaxie_n/m,, p2_p3_0_10, p4_1,0,6,3">	<td>
german	586	<td class="z_0 r_588 p1_✗gebrochen-rational_Galaxie_n/m,, p2_p3_0_11, p4_1,0,6,3">	<td>
german	587	<td class="z_0 r_589 p1_✗gebrochen-rational_Galaxie_n/m,, p2_p3_0_12, p4_1,0,6,3">	<td>
german	588	<td class="z_0 r_590 p1_✗gebrochen-rational_Galaxie_n/m,, p2_p3_0_13, p4_1,0,6,3">	<td>
german	589	<td class="z_0 r_591 p1_✗gebrochen-rational_Galaxie_n/m,, p2_p3_0_14, p4_1,0,6,3">	<td>
german	590	<td class="z_0 r_592 p1_✗gebrochen-rational_Galaxie_n/m,, p2_p3_0_15, p4_1,0,6,3">	<td>
german	591	<td class="z_0 r_593 p1_✗gebrochen-rational_Galaxie_n/m,, p2_p3_0_16, p4_1,0,6,3">	<td>
german	592	<td class="z_0 r_594 p1_✗gebrochen-rational_Galaxie_n/m,, p2_p3_0_17, p4_1,0,6,3">	<td>
german	593	<td class="z_0 r_595 p1_✗gebrochen-rational_Galaxie_n/m,, p2_p3_0_18, p4_1,0,6,3">	<td>
german	594	<td class="z_0 r_596 p1_✗gebrochen-rational_Galaxie_n/m,, p2_p3_0_19, p4_1,0,6,3">	<td>
german	595	<td class="z_0 r_597 p1_✗gebrochen-rational_Galaxie_n/m,, p2_p3_0_20, p4_1,0,6,3">	<td>
german	596	<td class="z_0 r_598 p1_✗gebrochen-rational_Galaxie_n/m,, p2_p3_0_21, p4_1,0,6,3">	<td>
german	597	<td class="z_0 r_599 p1_✗gebrochen-rational_Universum_n/m,, p2_p3_0_2, p4_1,4,0,6">	<td>
german	598	<td class="z_0 r_600 p1_✗gebrochen-rational_Universum_n/m,, p2_p3_0_3, p4_1,4,0,6">	<td>
german	599	<td class="z_0 r_601 p1_✗gebrochen-rational_Universum_n/m,, p2_p3_0_4, p4_1,4,0,6">	<td>
german	600	<td class="z_0 r_602 p1_✗gebrochen-rational_Universum_n/m,, p2_p3_0_5, p4_1,4,0,6">	<td>
german	601	<td class="z_0 r_603 p1_✗gebrochen-rational_Universum_n/m,, p2_p3_0_6, p4_1,4,0,6">	<td>
german	602	<td class="z_0 r_604 p1_✗gebrochen-rational_Universum_n/m,, p2_p3_0_7, p4_1,4,0,6">	<td>
german	603	<td class="z_0 r_605 p1_✗gebrochen-rational_Universum_n/m,, p2_p3_0_8, p4_1,4,0,6">	<td>
german	604	<td class="z_0 r_606 p1_✗gebrochen-rational_Universum_n/m,, p2_p3_0_9, p4_1,4,0,6">	<td>
german	605	<td class="z_0 r_607 p1_✗gebrochen-rational_Universum_n/m,, p2_p3_0_10, p4_1,4,0,6">	<td>
german	606	<td class="z_0 r_608 p1_✗gebrochen-rational_Universum_n/m,, p2_p3_0_11, p4_1,4,0,6">	<td>
german	607	<td class="z_0 r_609 p1_✗gebrochen-rational_Universum_n/m,, p2_p3_0_12, p4_1,4,0,6">	<td>
german	608	<td class="z_0 r_610 p1_✗gebrochen-rational_Universum_n/m,, p2_p3_0_13, p4_1,4,0,6">	<td>
german	609	<td class="z_0 r_611 p1_✗gebrochen-rational_Universum_n/m,, p2_p3_0_14, p4_1,4,0,6">	<td>
german	610	<td class="z_0 r_612 p1_✗gebrochen-rational_Universum_n/m,, p2_p3_0_15, p4_1,4,0,6">	<td>
german	611	<td class="z_0 r_613 p1_✗gebrochen-rational_Universum_n/m,, p2_p3_0_16, p4_1,4,0,6">	<td>
german	612	<td class="z_0 r_614 p1_✗gebrochen-rational_Universum_n/m,, p2_p3_0_17, p4_1,4,0,6">	<td>
german	613	<td class="z_0 r_615 p1_✗gebrochen-rational_Universum_n/m,, p2_p3_0_18, p4_1,4,0,6">	<td>
german	614	<td class="z_0 r_616 p1_✗gebrochen-rational_Universum_n/m,, p2_p3_0_19, p4_1,4,0,6">	<td>
german	615	<td class="z_0 r_617 p1_✗gebrochen-rational_Universum_n/m,, p2_p3_0_2, p4_1,4,0,6">	<td>
german	616	<td class="z_0 r_618 p1_✗gebrochen-rational_Universum_n/m,, p2_p3_0_3, p4_1,4,0,6">	<td>
german	617	<td class="z_0 r_619 p1_✗gebrochen-rational_Universum_n/m,, p2_p3_0_4, p4_1,4,0,6">	<td>
german	618	<td class="z_0 r_620 p1_✗gebrochen-rational_Universum_n/m,, p2_p3_0_5, p4_1,4,0,6">	<td>
german	619	<td class="z_0 r_621 p1_✗gebrochen-rational_Universum_n/m,, p2_p3_0_6, p4_1,4,0,6">	<td>
german	620	<td class="z_0 r_622 p1_✗gebrochen-rational_Universum_n/m,, p2_p3_0_7, p4_1,4,0,6">	<td>
german	621	<td class="z_0 r_623 p1_✗gebrochen-rational_Universum_n/m,, p2_p3_0_8, p4_1,4,0,6">	<td>
german	622	<td class="z_0 r_624 p1_✗gebrochen-rational_Universum_n/m,, p2_p3_0_9, p4_1,4,0,6">	<td>
german	623	<td class="z_0 r_625 p1_✗gebrochen-rational_Universum_n/m,, p2_p3_0_10, p4_1,4,0,6">	<td>
german	624	<td class="z_0 r_626 p1_✗gebrochen-rational_Universum_n/m,, p2_p3_0_11, p4_1,4,0,6">	<td>
german	625	<td class="z_0 r_627 p1_✗gebrochen-rational_Universum_n/m,, p2_p3_0_12, p4_1,4,0,6">	<td>
german	626	<td class="z_0 r_628 p1_✗gebrochen-rational_Universum_n/m,, p2_p3_0_13, p4_1,4,0,6">	<td>
german	627	<td class="z_0 r_629 p1_✗gebrochen-rational_Universum_n/m,, p2_p3_0_14, p4_1,4,0,6">	<td>
german	628	<td class="z_0 r_630 p1_✗gebrochen-rational_Universum_n/m,, p2_p3_0_15, p4_1,4,0,6">	<td>
german	629	<td class="z_0 r_631 p1_✗gebrochen-rational_Universum_n/m,, p2_p3_0_16, p4_1,4,0,6">	<td>
german	630	<td class="z_0 r_632 p1_✗gebrochen-rational_Universum_n/m,, p2_p3_0_17, p4_1,4,0,6">	<td>
german	631	<td class="z_0 r_633 p1_✗gebrochen-rational_Universum_n/m,, p2_p3_0_18, p4_1,4,0,6">	<td>
german	632	<td class="z_0 r_634 p1_✗gebrochen-rational_Universum_n/m,, p2_p3_0_19, p4_1,4,0,6">	<td>
german	633	<td class="z_0 r_635 p1_✗gebrochen-rational_Universum_n/m,, p2_p3_0_20, p4_1,4,0,6">	<td>
german	634	<td class="z_0 r_636 p1_✗gebrochen-rational_Universum_n/m,, p2_p3_0_21, p4_1,4,0,6">	<td>
german	635	<td class="z_0 r_637 p1_✗gebrochen-rational_Gefuehle_n/m,, p2_p3_0_2, p4_1,0,6,5">	<td>
german	636	<td class="z_0 r_638 p1_✗gebrochen-rational_Gefuehle_n/m,, p2_p3_0_3, p4_1,0,6,5">	<td>
german	637	<td class="z_0 r_639 p1_✗gebrochen-rational_Gefuehle_n/m,, p2_p3_0_4, p4_1,0,6,5">	<td>
german	638	<td class="z_0 r_640 p1_✗gebrochen-rational_Gefuehle_n/m,, p2_p3_0_5, p4_1,0,6,5">	<td>
german	639	<td class="z_0 r_641 p1_✗gebrochen-rational_Gefuehle_n/m,, p2_p3_0_6, p4_1,0,6,5">	<td>
german	640	<td class="z_0 r_642 p1_✗gebrochen-rational_Gefuehle_n/m,, p2_p3_0_7, p4_1,0,6,5">	<td>
german	641	<td class="z_0 r_643 p1_✗gebrochen-rational_Gefuehle_n/m,, p2_p3_0_2, p4_1,0,6,5">	<td>
german	642	<td class="z_0 r_644 p1_✗gebrochen-rational_Gefuehle_n/m,, p2_p3_0_3, p4_1,0,6,5">	<td>
german	643	<td class="z_0 r_645 p1_✗gebrochen-rational_Gefuehle_n/m,, p2_p3_0_4, p4_1,0,6,5">	<td>
german	644	<td class="z_0 r_646 p1_✗gebrochen-rational_Gefuehle_n/m,, p2_p3_0_5, p4_1,0,6,5">	<td>
german	645	<td class="z_0 r_647 p1_✗gebrochen-rational_Gefuehle_n/m,, p2_p3_0_6, p4_1,0,6,5">	<td>
german	646	<td class="z_0 r_648 p1_✗gebrochen-rational_Gefuehle_n/m,, p2_p3_0_7, p4_1,0,6,5">	<td>
german	647	<td class="z_0 r_649 p1_✗gebrochen-rational_Strukturgroesse_n/m,, p2_p3_0_2, p4_1,0,6,5">	<td>
german	648	<td class="z_0 r_650 p1_✗gebrochen-rational_Strukturgroesse_n/m,, p2_p3_0_3, p4_1,0,6,5">	<td>
german	649	<td class="z_0 r_651 p1_✗gebrochen-rational_Strukturgroesse_n/m,, p2_p3_0_4, p4_1,0,6,5">	<td>
german	650	<td class="z_0 r_652 p1_✗gebrochen-rational_Strukturgroesse_n/m,, p2_p3_0_5, p4_1,0,6,5">	<td>
german	651	<td class="z_0 r_653 p1_✗gebrochen-rational_Strukturgroesse_n/m,, p2_p3_0_6, p4_1,0,6,5">	<td>
german	652	<td class="z_0 r_654 p1_✗gebrochen-rational_Strukturgroesse_n/m,, p2_p3_0_7, p4_1,0,6,5">	<td>
german	653	<td class="z_0 r_655 p1_✗gebrochen-rational_Strukturgroesse_n/m,, p2_p3_0_8, p4_1,0,6,5">	<td>
german	654	<td class="z_0 r_656 p1_✗gebrochen-rational_Strukturgroesse_n/m,, p2_p3_0_9, p4_1,0,6,5">	<td>
german	655	<td class="z_0 r_657 p1_✗gebrochen-rational_Strukturgroesse_n/m,, p2_p3_0_10, p4_1,0,6,5">	<td>
german	656	<td class="z_0 r_658 p1_✗gebrochen-rational_Strukturgroesse_n/m,, p2_p3_0_11, p4_1,0,6,5">	<td>
german	657	<td class="z_0 r_659 p1_✗gebrochen-rational_Strukturgroesse_n/m,, p2_p3_0_12, p4_1,0,6,5">	<td>
german	658	<td class="z_0 r_660 p1_✗gebrochen-rational_Strukturgroesse_n/m,, p2_p3_0_13, p4_1,0,6,5">	<td>
german	659	<td class="z_0 r_661 p1_✗gebrochen-rational_Strukturgroesse_n/m,, p2_p3_0_14, p4_1,0,6,5">	<td>
german	660	<td class="z_0 r_662 p1_✗gebrochen-rational_Strukturgroesse_n/m,, p2_p3_0_15, p4_1,0,6,5">	<td>
german	661	<td class="z_0 r_663 p1_✗gebrochen-rational_Strukturgroesse_n/m,, p2_p3_0_16, p4_1,0,6,5">	<td>
german	662	<td class="z_0 r_664 p1_✗gebrochen-rational_Strukturgroesse_n/m,, p2_p3_0_2, p4_1,0,6,5">	<td>
german	663	<td class="z_0 r_665 p1_✗gebrochen-rational_Strukturgroesse_n/m,, p2_p3_0_3, p4_1,0,6,5">	<td>
german	664	<td class="z_0 r_666 p1_✗gebrochen-rational_Strukturgroesse_n/m,, p2_p3_0_4, p4_1,0,6,5">	<td>
german	665	<td class="z_0 r_667 p1_✗gebrochen-rational_Strukturgroesse_n/m,, p2_p3_0_5, p4_1,0,6,5">	<td>
german	666	<td class="z_0 r_668 p1_✗gebrochen-rational_Strukturgroesse_n/m,, p2_p3_0_6, p4_1,0,6,5">	<td>
german	667	<td class="z_0 r_669 p1_✗gebrochen-rational_Strukturgroesse_n/m,, p2_p3_0_7, p4_1,0,6,5">	<td>
german	668	<td class="z_0 r_670 p1_✗gebrochen-rational_Strukturgroesse_n/m,, p2_p3_0_8, p4_1,0,6,5">	<td>
german	669	<td class="z_0 r_671 p1_✗gebrochen-rational_Strukturgroesse_n/m,, p2_p3_0_9, p4_1,0,6,5">	<td>
german	670	<td class="z_0 r_672 p1_✗gebrochen-rational_Strukturgroesse_n/m,, p2_p3_0_10, p4_1,0,6,5">	<td>
german	671	<td class="z_0 r_673 p1_✗gebrochen-rational_Strukturgroesse_n/m,, p2_p3_0_11, p4_1,0,6,5">	<td>
german	672	<td class="z_0 r_674 p1_✗gebrochen-rational_Strukturgroesse_n/m,, p2_p3_0_12, p4_1,0,6,5">	<td>
german	673	<td class="z_0 r_675 p1_✗gebrochen-rational_Strukturgroesse_n/m,, p2_p3_0_13, p4_1,0,6,5">	<td>
german	674	<td class="z_0 r_676 p1_✗gebrochen-rational_Strukturgroesse_n/m,, p2_p3_0_14, p4_1,0,6,5">	<td>
german	675	<td class="z_0 r_677 p1_✗gebrochen-rational_Strukturgroesse_n/m,, p2_p3_0_15, p4_1,0,6,5">	<td>
german	676	<td class="z_0 r_678 p1_✗gebrochen-rational_Strukturgroesse_n/m,, p2_p3_0_16, p4_1,0,6,5">	<td>
german	677	<td class="z_0 r_679 p1_✗Eigenschaften_n,, p2_p3_0_gut_böse_lieb_schlecht,p3_1_, p4_0,3">	<td>
german	678	<td class="z_0 r_680 p1_✗Eigenschaften_n,, p2_p3_0_Weisheit_etc,p3_1_, p4_0,3">	<td>
german	679	<td class="z_0 r_681 p1_✗Eigenschaften_n,, p2_p3_0_Zeit_vs_Raum,p3_1_, p4_0,3">	<td>
german	680	<td class="z_0 r_682 p1_✗Eigenschaften_n,, p2_p3_0_Meinungen_und_Ruf,p3_1_, p4_0,3">	<td>
german	681	<td class="z_0 r_683 p1_✗Eigenschaften_1/n,, p2_p3_0_Toleranz_Respekt_Akzeptanz_Willkommen,p3_1_, p4_1,3">	<td>
german	682	<td class="z_0 r_684 p1_✗Menschliches,✗Eigenschaften_n,, p2_p3_0_Egoismus,p3_1_Egoismus_vs_Altruismus,p3_2_, p4_0,3">	<td>
german	683	<td class="z_0 r_685 p1_✗Eigenschaften_n,, p2_p3_0_kausal,p3_1_, p4_0,3">	<td>
german	684	<td class="z_0 r_686 p1_✗Menschliches,✗Grundstrukturen,✗Eigenschaften_n,, p2_p3_0_Liebe,p3_1_Liebe_(7),p3_2_Polung_der_Liebe,p3_3_, p4_0,3">	<td>
german	685	<td class="z_0 r_687 p1_✗Eigenschaften_n,, p2_p3_0_vereinen_vs_verbinden,p3_1_, p4_0,3">	<td>
german	686	<td class="z_0 r_688 p1_✗Eigenschaften_n,, p2_p3_0_Meinungsintelligenz,p3_1_, p4_0,3">	<td>
german	687	<td class="z_0 r_689 p1_✗Eigenschaften_n,, p2_p3_0_sanft_vs_hart,p3_1_, p4_0,3">	<td>
german	688	<td class="z_0 r_690 p1_✗Eigenschaften_n,, p2_p3_0_sanft_vs_hart,p3_1_, p4_0,3">	<td>
german	689	<td class="z_0 r_691 p1_✗Eigenschaften_n,, p2_p3_0_egalitär_vs_autoritär,p3_1_, p4_0,3">	<td>
german	690	<td class="z_0 r_692 p1_✗Eigenschaften_n,, p2_p3_0_Überheblichkeit,p3_1_, p4_0,3">	<td>
german	691	<td class="z_0 r_693 p1_✗Eigenschaften_n,, p2_p3_0_Führung,p3_1_, p4_0,3">	<td>
german	692	<td class="z_0 r_694 p1_✗Eigenschaften_n,, p2_p3_0_Fördern_Sensiblisieren_und_Gedeihen,p3_1_, p4_0,3">	<td>
german	693	<td class="z_0 r_695 p1_✗Eigenschaften_n,, p2_p3_0_Durchleuchten,p3_1_, p4_0,3">	<td>
german	694	<td class="z_0 r_696 p1_✗Eigenschaften_n,, p2_p3_0_Sittlichkeit,p3_1_, p4_0,3">	<td>
german	695	<td class="z_0 r_697 p1_✗Menschliches,✗Eigenschaften_n,, p2_p3_0_Sinn_des_Lebens,p3_1_Sinn_und_Zweck_des_Lebens,p3_2_, p4_0,3">	<td>
german	696	<td class="z_0 r_698 p1_✗Eigenschaften_n,, p2_p3_0_Götter_Propheten_Familien_Freunde,p3_1_, p4_0,3">	<td>
german	697	<td class="z_0 r_699 p1_✗Eigenschaften_n,, p2_p3_0_wertvoll,p3_1_, p4_0,3">	<td>
german	698	<td class="z_0 r_700 p1_✗Eigenschaften_n,, p2_p3_0_Gleichheit,p3_1_, p4_0,3">	<td>
german	699	<td class="z_0 r_701 p1_✗Eigenschaften_n,, p2_p3_0_Überleben,p3_1_, p4_0,3">	<td>
german	700	<td class="z_0 r_702 p1_✗Eigenschaften_n,, p2_p3_0_Zuneigung_Abneigung,p3_1_, p4_0,3">	<td>
german	701	<td class="z_0 r_703 p1_✗Eigenschaften_n,, p2_p3_0_Tragweite,p3_1_, p4_0,3">	<td>
german	702	<td class="z_0 r_704 p1_✗Menschliches,, p2_p3_0_Moral,p3_1_, p4_0,3">	<td>
german	703	<td class="z_0 r_705 p1_✗Menschliches,✗Eigenschaften_n,, p2_p3_0_ehrlich_vs_höflich,p3_1_ehrlich_vs_höflich,p3_2_, p4_0,3">	<td>
german	704	<td class="z_0 r_706 p1_✗Eigenschaften_n,, p2_p3_0_variationsreich_eintönig,p3_1_, p4_0,3">	<td>
german	705	<td class="z_0 r_707 p1_✗Eigenschaften_n,, p2_p3_0_Selbstlosigkeit_Ichlosigkeit_etc,p3_1_, p4_0,3">	<td>
german	706	<td class="z_0 r_708 p1_✗Eigenschaften_n,, p2_p3_0_Kooperation_vs_Arsch,p3_1_, p4_0,3">	<td>
german	707	<td class="z_0 r_709 p1_✗Eigenschaften_n,, p2_p3_0_Liebe_usw,p3_1_, p4_0,3">	<td>
german	708	<td class="z_0 r_710 p1_✗Eigenschaften_n,, p2_p3_0_Forschen_Erfinden_Einklinken,p3_1_, p4_0,3">	<td>
german	709	<td class="z_0 r_711 p1_✗Eigenschaften_n,, p2_p3_0_Selbstsucht_Ichsucht_etc,p3_1_, p4_0,3">	<td>
german	710	<td class="z_0 r_712 p1_✗Eigenschaften_n,, p2_p3_0_ego,p3_1_, p4_0,3">	<td>
german	711	<td class="z_0 r_713 p1_✗Eigenschaften_n,, p2_p3_0_familiebrauchen,p3_1_, p4_0,3">	<td>
german	712	<td class="z_0 r_714 p1_✗Eigenschaften_n,, p2_p3_0_Dein_Recht_bekommen,p3_1_, p4_0,3">	<td>
german	713	<td class="z_0 r_715 p1_✗Eigenschaften_1/n,, p2_p3_0_Ausrichten_Einrichten,p3_1_, p4_1,3">	<td>
german	714	<td class="z_0 r_716 p1_✗Eigenschaften_1/n,, p2_p3_0_Werte,p3_1_, p4_1,3">	<td>
german	715	<td class="z_0 r_717 p1_✗Eigenschaften_1/n,, p2_p3_0_Gutartigkeits-Egoismus,p3_1_, p4_1,3">	<td>
german	716	<td class="z_0 r_718 p1_✗Eigenschaften_1/n,, p2_p3_0_Reflektieren_Erkenntnis-Erkennen,p3_1_, p4_1,3">	<td>
german	717	<td class="z_0 r_719 p1_✗Eigenschaften_1/n,, p2_p3_0_Vertrauen_wollen,p3_1_, p4_1,3">	<td>
german	718	<td class="z_0 r_720 p1_✗Eigenschaften_n,, p2_p3_0_einklinken_vertrauen_anprangern,p3_1_, p4_0,3">	<td>
german	719	<td class="z_0 r_721 p1_✗Eigenschaften_1/n,, p2_p3_0_Regel_vs_Ausnahme,p3_1_, p4_1,3">	<td>
german	720	<td class="z_0 r_722 p1_✗Eigenschaften_1/n,, p2_p3_0_Würdig,p3_1_, p4_1,3">	<td>
german	721	<td class="z_0 r_723 p1_✗Eigenschaften_n,, p2_p3_0_Ehrlichkeit_und_Streit,p3_1_, p4_0,3">	<td>
german	722	<td class="z_0 r_724 p1_✗Eigenschaften_n,, p2_p3_0_unterlegen_überlegen,p3_1_, p4_0,3">	<td>
german	723	<td class="z_0 r_725 p1_✗Wichtigstes_zum_verstehen,✗Bedeutung,, p2_p3_0_Drittwichtigste,p3_1_Gestirn,p3_2_, p4_0,3">	<td>
german	724	<td class="z_0 r_726 p1_✗Planet_(10_und_oder_12),✗Menschliches,✗Grundstrukturen,, p2_p3_0_Gleichheit_Freiheit_Ordnung,p3_1_Gleichheit_Freiheit,p3_2_Ordnung_und_Filterung_12_und_1pro12,p3_3_, p4_4,0">	<td>
german	725	<td class="z_0 r_727 p1_✗Universum,✗Grundstrukturen,✗Grundstrukturen,✗Multiversum,, p2_p3_0_Geist__(15),p3_1_nachvollziehen_emotional_oder_geistig_durch_Primzahl-Kreuz-Algorithmus_(15),p3_2_Geist_(15),p3_3_Geist_(15),p3_4_, p4_4,0">	<td>
german	726	<td class="z_0 r_728 p1_✗Wichtigstes_zum_verstehen,✗Bedeutung,, p2_p3_0_Drittwichtigste,p3_1_Gestirn,p3_2_, p4_4,0,3">	<td>
german	727	<td class="z_0 r_729 p1_✗Wichtigstes_zum_verstehen,✗Bedeutung,, p2_p3_0_Drittwichtigste,p3_1_Gestirn,p3_2_, p4_1,4,3">	<td>
german	728	<td class="z_0 r_730 p1_✗Multiplikationen,✗Wichtigstes_zum_verstehen,, p2_p3_0_Motive_Sternpolygone,p3_1_Viertwichtigste, p4_0,3">	<td>
german	729	<td class="z_0 r_731 p1_✗Multiplikationen,✗Multiplikationen,✗Wichtigstes_zum_verstehen,, p2_p3_0_Struktur_Sternpolygone,p3_1_Motive_Sternpolygone,p3_2_Viertwichtigste, p4_4,0,3">	<td>
german	730	<td class="z_0 r_732 p1_✗Multiplikationen,✗Multiplikationen,✗Wichtigstes_zum_verstehen,, p2_p3_0_Struktur_Sternpolygone,p3_1_Motive_Sternpolygone,p3_2_Viertwichtigste, p4_4,0,3">	<td>
german	731	<td class="z_0 r_733 p1_✗Multiplikationen,, p2_p3_0_Struktur_Sternpolygone, p4_4,0">	<td>
german	732	<td class="z_0 r_734 p1_✗Multiplikationen,, p2_p3_0_Motive_gleichförmige_Polygone, p4_1,3">	<td>
german	733	<td class="z_0 r_735 p1_✗Multiplikationen,✗Multiplikationen,, p2_p3_0_Struktur_gleichförmige_Polygone,p3_1_Motive_gleichförmige_Polygone, p4_1,4,3">	<td>
german	734	<td class="z_0 r_736 p1_✗Multiplikationen,✗Multiplikationen,, p2_p3_0_Struktur_gleichförmige_Polygone,p3_1_Motive_gleichförmige_Polygone, p4_1,4,3">	<td>
german	735	<td class="z_0 r_737 p1_✗Multiplikationen,, p2_p3_0_Struktur_gleichförmige_Polygone, p4_1,4">	<td>
german	736	<td class="z_0 r_738 p1_✗Multiplikationen,, p2_p3_0_Motiv_Sternpolygon_gebrochen-rational, p4_0,6,3">	<td>
german	737	<td class="z_0 r_739 p1_✗Multiplikationen,✗Multiplikationen,, p2_p3_0_Struktur_Sternpolyon_gebrochen-rational,p3_1_Motiv_Sternpolygon_gebrochen-rational, p4_4,0,6,3">	<td>
german	738	<td class="z_0 r_740 p1_✗Multiplikationen,✗Multiplikationen,, p2_p3_0_Struktur_Sternpolyon_gebrochen-rational,p3_1_Motiv_Sternpolygon_gebrochen-rational, p4_4,0,6,3">	<td>
german	739	<td class="z_0 r_741 p1_✗Multiplikationen,, p2_p3_0_Struktur_Sternpolyon_gebrochen-rational, p4_4,0,6">	<td>
german	740	<td class="z_0 r_742 p1_✗Multiplikationen,, p2_p3_0_Motiv_gleichförmige_Polygone_gebrochen-rational, p4_1,6,3">	<td>
german	741	<td class="z_0 r_743 p1_✗Multiplikationen,✗Multiplikationen,, p2_p3_0_Struktur_gleichförmige_Polygone_gebrochen-rational,p3_1_Motiv_gleichförmige_Polygone_gebrochen-rational, p4_1,4,6,3">	<td>
german	742	<td class="z_0 r_744 p1_✗Multiplikationen,✗Multiplikationen,, p2_p3_0_Struktur_gleichförmige_Polygone_gebrochen-rational,p3_1_Motiv_gleichförmige_Polygone_gebrochen-rational, p4_1,4,6,3">	<td>
german	743	<td class="z_0 r_745 p1_✗Multiplikationen,, p2_p3_0_Struktur_gleichförmige_Polygone_gebrochen-rational, p4_1,4,6">	<td>
german	744	<td class="z_0 r_746 p1_✗Bedeutung,✗Pro_Contra,✗Grundstrukturen,, p2_p3_0_Primzahlkreuz_pro_contra,p3_1_Primzahlkreuz_pro_contra,p3_2_nachvollziehen_emotional_oder_geistig_durch_Primzahl-Kreuz-Algorithmus_(15), p4_4,0">	<td>
german	745	<td class="z_0 r_747 p1_✗Bedeutung,✗Pro_Contra,✗Grundstrukturen,, p2_p3_0_Primzahlkreuz_pro_contra,p3_1_Primzahlkreuz_pro_contra,p3_2_nachvollziehen_emotional_oder_geistig_durch_Primzahl-Kreuz-Algorithmus_(15), p4_4,0">	<td>
english	-2	<td class="z_0 r_0 p1_✗ranges,, p2_p3_0_, p4_" style="background-color:#ffffff;color:#000000;">	<td style="background-color:#ffffff;color:#000000;">
english	-1	<td class="z_0 r_1 p1_✗numbering,, p2_p3_0_, p4_">	<td>
english	0	<td class="z_0 r_2 p1_✗most_important_to_think_about,✗religions,✗religions,✗galaxy,, p2_p3_0_mostimportant,p3_1_Starpolygon,p3_2_of_the_zodiac,p3_3_GospelofThomas,p3_4_, p4_0,3">	<td>
english	1	<td class="z_0 r_3 p1_✗most_important_to_think_about,✗galaxy,, p2_p3_0_mostimportant,p3_1_babylonian_zodiac,p3_2_, p4_0,3">	<td>
english	2	<td class="z_0 r_4 p1_✗most_important_to_think_about,✗galaxy,, p2_p3_0_mostimportant,p3_1_babylonian_zodiac,p3_2_, p4_0,3">	<td>
english	3	<td class="z_0 r_5 p1_✗galaxy,, p2_p3_0_GospelofThomas,p3_1_, p4_0,3">	<td>
english	4	<td class="z_0 r_6 p1_✗most_important_to_understand,✗basic_structures,✗scale,✗universe,✗increment,, p2_p3_0_mostimportant,p3_1_structureSize,p3_2_structureSize,p3_3_why_transcendental_=_structure_size_=_character,p3_4_why_transcendental_=_structure_size_=_character,p3_5_, p4_5,4,0,3">	<td>
english	5	<td class="z_0 r_7 p1_✗most_important_to_understand,✗universe,✗universe,✗universe,✗basic_structures,✗multiverse,✗increment,✗increment,✗continuum,, p2_p3_0_mostimportant,p3_1_transcendentals,p3_2_why_transcendental_=_structure_size_=_character,p3_3_why_transcendental_=_complexity_by_Michael_Commons,p3_4_structural_paradigms_or_meta-paradigms_or_transcendental_(15),p3_5_structural_paradigms_or_meta-paradigms_or_transcendental_(15),p3_6_why_transcendental_=_structure_size_=_character,p3_7_why_transcendental_=_complexity_by_Michael_Commons,p3_8_O,p3_9_, p4_4,0">	<td>
english	6	<td class="z_0 r_8 p1_✗religions,, p2_p3_0_Starpolygon,p3_1_, p4_0,3">	<td>
english	7	<td class="z_0 r_9 p1_✗religions,, p2_p3_0_Messiah,p3_1_, p4_0,3">	<td>
english	8	<td class="z_0 r_10 p1_✗most_important_to_understand,✗human,✗basic_structures,, p2_p3_0_mostimportant,p3_1_love,p3_2_love_(7),p3_3_, p4_0,5">	<td>
english	9	<td class="z_0 r_11 p1_✗human,✗basic_structures,, p2_p3_0_love,p3_1_love_(7),p3_2_, p4_0,5">	<td>
english	10	<td class="z_0 r_12 p1_✗most_important_to_understand,✗basic_structures,✗human,, p2_p3_0_mostimportant,p3_1_paradigms_are_intentions_(13),p3_2_motifs,p3_3_, p4_0,3">	<td>
english	11	<td class="z_0 r_13 p1_✗human,, p2_p3_0_achievements,p3_1_, p4_0,3">	<td>
english	12	<td class="z_0 r_14 p1_✗human,, p2_p3_0_evolutionary_acquisition_and_intelligence_creativity,p3_1_, p4_0,3">	<td>
english	13	<td class="z_0 r_15 p1_✗human,✗human,, p2_p3_0_evolutionary_acquisition_and_intelligence_creativity,p3_1_need,p3_2_, p4_0,3">	<td>
english	14	<td class="z_0 r_16 p1_✗human,, p2_p3_0_need,p3_1_, p4_0,3">	<td>
english	15	<td class="z_0 r_17 p1_✗pro_contra,, p2_p3_0_contra,p3_1_, p4_5,4,0,3">	<td>
english	16	<td class="z_0 r_18 p1_✗religions,, p2_p3_0_uniform_polygon,p3_1_, p4_1,3">	<td>
english	17	<td class="z_0 r_19 p1_✗pro_contra,, p2_p3_0_pro,p3_1_, p4_5,4,0,3">	<td>
english	18	<td class="z_0 r_20 p1_✗human,, p2_p3_0_motifs,p3_1_, p4_0,3">	<td>
english	19	<td class="z_0 r_21 p1_✗most_important_to_understand,✗meaning,, p2_p3_0_secondmostimportant,p3_1_primenumbers,p3_2_, p4_0,3">	<td>
english	20	<td class="z_0 r_22 p1_✗scale,✗light,, p2_p3_0_light,p3_1_,p3_2_, p4_5,4,0,3">	<td>
english	21	<td class="z_0 r_23 p1_✗basic_structures,✗scale,, p2_p3_0_structureSize,p3_1_structureSize,p3_2_, p4_5,4,0,3">	<td>
english	22	<td class="z_0 r_24 p1_✗meaning,, p2_p3_0_application_of_suns_and_moons,p3_1_, p4_0,3">	<td>
english	23	<td class="z_0 r_25 p1_✗religions,, p2_p3_0_representative_higher_concepts,p3_1_, p4_0,3">	<td>
english	24	<td class="z_0 r_26 p1_✗basic_structures,✗human,, p2_p3_0_against_5,p3_1_illness,p3_2_, p4_0,3">	<td>
english	25	<td class="z_0 r_27 p1_✗universe,✗meaning,✗continuum,, p2_p3_0_network,p3_1_ranges,p3_2_X,p3_3_, p4_4,0">	<td>
english	26	<td class="z_0 r_28 p1_✗pro_contra,, p2_p3_0_contra,p3_1_, p4_5,4,0,3">	<td>
english	27	<td class="z_0 r_29 p1_✗scale,✗human,✗light,, p2_p3_0_light,p3_1_evolutionary_acquisition_and_intelligence_creativity,p3_2_,p3_3_, p4_4,0">	<td>
english	28	<td class="z_0 r_30 p1_✗human,✗basic_structures,, p2_p3_0_love,p3_1_love_(7),p3_2_, p4_0,5">	<td>
english	29	<td class="z_0 r_31 p1_✗basic_structures,✗human,, p2_p3_0_feelings_(7),p3_1_Anführer_und_Chef,p3_2_, p4_0,3">	<td>
english	30	<td class="z_0 r_32 p1_✗most_important_to_think_about,✗scale,✗human,, p2_p3_0_secondmostimportant,p3_1_organizations,p3_2_jobs,p3_3_, p4_0,3">	<td>
english	31	<td class="z_0 r_33 p1_✗human,, p2_p3_0_solutions,p3_1_, p4_0,3">	<td>
english	32	<td class="z_0 r_34 p1_✗human,, p2_p3_0_evolutionary_acquisition_and_intelligence_creativity,p3_1_, p4_0,3">	<td>
english	33	<td class="z_0 r_35 p1_✗basic_structures,✗human,, p2_p3_0_moods_combinations_(14),p3_1_music,p3_2_, p4_0,3">	<td>
english	34	<td class="z_0 r_36 p1_✗universe,✗meaning,, p2_p3_0_universal_right,p3_1_law,p3_2_, p4_0,3">	<td>
english	35	<td class="z_0 r_37 p1_✗meaning,, p2_p3_0_perfection_of_the_spirit,p3_1_, p4_0,3">	<td>
english	36	<td class="z_0 r_38 p1_✗most_important_to_think_about,✗religions,✗religions,✗symbols,, p2_p3_0_mostimportant,p3_1_Starpolygon,p3_2_of_the_zodiac,p3_3_religions,p3_4_, p4_5,4,0,3">	<td>
english	37	<td class="z_0 r_39 p1_✗most_important_to_think_about,✗religions,✗symbols,, p2_p3_0_mostimportant,p3_1_uniform_polygon,p3_2_religions,p3_3_, p4_5,1,4,3">	<td>
english	38	<td class="z_0 r_40 p1_✗basic_structures,✗basic_structures,✗human,, p2_p3_0_reciprocal,p3_1_paradigms_are_intentions_(13),p3_2_motifs,p3_3_, p4_1,3">	<td>
english	39	<td class="z_0 r_41 p1_✗increment,, p2_p3_0_,p3_1_, p4_0,3">	<td>
english	40	<td class="z_0 r_42 p1_✗meaning,, p2_p3_0_ranges,p3_1_, p4_0,3">	<td>
english	41	<td class="z_0 r_43 p1_✗human,, p2_p3_0_alpha_beta,p3_1_, p4_0,3">	<td>
english	42	<td class="z_0 r_44 p1_✗human,, p2_p3_0_evolutionary_acquisition_and_intelligence_creativity,p3_1_, p4_0,3">	<td>
english	43	<td class="z_0 r_45 p1_✗pro_contra,, p2_p3_0_pro,p3_1_, p4_5,4,0,3">	<td>
english	44	<td class="z_0 r_46 p1_✗human,, p2_p3_0_dominant_gender,p3_1_, p4_0,3">	<td>
english	45	<td class="z_0 r_47 p1_✗properties_n,, p2_p3_0_good_evil_love_bad,p3_1_, p4_1,0,3">	<td>
english	46	<td class="z_0 r_48 p1_✗properties_n,, p2_p3_0_good_evil_love_bad,p3_1_, p4_1,0,3">	<td>
english	47	<td class="z_0 r_49 p1_✗basic_structures,✗scale,✗universe,✗universe,✗increment,✗increment,, p2_p3_0_structureSize,p3_1_structureSize,p3_2_transcendentals,p3_3_why_transcendental_=_structure_size_=_character,p3_4_,p3_5_why_transcendental_=_structure_size_=_character,p3_6_, p4_4,0,3">	<td>
english	48	<td class="z_0 r_50 p1_✗universe,✗universe,✗continuum,, p2_p3_0_transcendentals,p3_1_network,p3_2_X,p3_3_, p4_4,0">	<td>
english	49	<td class="z_0 r_51 p1_✗human,, p2_p3_0_vulnerability,p3_1_, p4_0,3">	<td>
english	50	<td class="z_0 r_52 p1_✗human,, p2_p3_0_vulnerability,p3_1_, p4_1,3">	<td>
english	51	<td class="z_0 r_53 p1_✗human,, p2_p3_0_faith_and_epistemology,p3_1_, p4_0,3">	<td>
english	52	<td class="z_0 r_54 p1_✗most_important_to_understand,✗meaning,, p2_p3_0_thirdmostimportant,p3_1_spaceObject,p3_2_, p4_0,3">	<td>
english	53	<td class="z_0 r_55 p1_✗most_important_to_understand,✗universe,✗universe,✗basic_structures,✗universe,✗multiverse,✗increment,, p2_p3_0_secondmostimportant,p3_1_universal_right,p3_2_why_transcendental_=_complexity_by_Michael_Commons,p3_3_model_of_Hierarchical_Complexity,p3_4_model_of_Hierarchical_Complexity,p3_5_model_of_Hierarchical_Complexity,p3_6_why_transcendental_=_complexity_by_Michael_Commons,p3_7_, p4_4,0">	<td>
english	54	<td class="z_0 r_56 p1_✗human,, p2_p3_0_INCELs,p3_1_, p4_0,3">	<td>
english	55	<td class="z_0 r_57 p1_✗basic_structures,✗economy,, p2_p3_0_system,p3_1_system,p3_2_, p4_4,0">	<td>
english	56	<td class="z_0 r_58 p1_✗basic_structures,✗economy,, p2_p3_0_system,p3_1_system,p3_2_, p4_4,0">	<td>
english	57	<td class="z_0 r_59 p1_✗economy,, p2_p3_0_explanation,p3_1_, p4_0,3">	<td>
english	58	<td class="z_0 r_60 p1_✗religions,, p2_p3_0_religion-founder-type,p3_1_, p4_0,3">	<td>
english	59	<td class="z_0 r_61 p1_✗human,, p2_p3_0_irrational_numbers_by_rooting,p3_1_, p4_0,3">	<td>
english	60	<td class="z_0 r_62 p1_✗increment,, p2_p3_0_,p3_1_, p4_0,3">	<td>
english	61	<td class="z_0 r_63 p1_✗basic_structures,✗universe,✗multiverse,, p2_p3_0_model_of_Hierarchical_Complexity,p3_1_model_of_Hierarchical_Complexity,p3_2_model_of_Hierarchical_Complexity,p3_3_, p4_4,0,3">	<td>
english	62	<td class="z_0 r_64 p1_✗operations,, p2_p3_0_4,p3_1_, p4_4,0,3">	<td>
english	63	<td class="z_0 r_65 p1_✗universe,✗galaxy,✗operations,, p2_p3_0_spheres_circles,p3_1_spheres_circles,p3_2_4,p3_3_, p4_4,0">	<td>
english	64	<td class="z_0 r_66 p1_✗operations,, p2_p3_0_2,p3_1_, p4_0,3">	<td>
english	65	<td class="z_0 r_67 p1_✗planet_(10_and_or_12),✗planet_(10_and_or_12),✗operations,✗basic_structures,, p2_p3_0_meta-systems_(12),p3_1_equality_freedom_order,p3_2_2,p3_3_meta-systems_(12),p3_4_, p4_0,3">	<td>
english	66	<td class="z_0 r_68 p1_✗planet_(10_and_or_12),✗planet_(10_and_or_12),✗operations,✗basic_structures,, p2_p3_0_meta-systems_(12),p3_1_equality_freedom_order,p3_2_2,p3_3_meta-systems_(12),p3_4_, p4_4,0">	<td>
english	67	<td class="z_0 r_69 p1_✗operations,, p2_p3_0_4,p3_1_, p4_4,0">	<td>
english	68	<td class="z_0 r_70 p1_✗scale,, p2_p3_0_organizations,p3_1_, p4_0,3">	<td>
english	69	<td class="z_0 r_71 p1_✗scale,, p2_p3_0_political_systems,p3_1_, p4_0,3">	<td>
english	70	<td class="z_0 r_72 p1_✗basic_structures,✗galaxy,✗universe,, p2_p3_0_analytic_ontology,p3_1_analytic_ontology,p3_2_analytic_ontology,p3_3_, p4_4,0">	<td>
english	71	<td class="z_0 r_73 p1_✗operations,, p2_p3_0_halving,p3_1_, p4_0,3">	<td>
english	72	<td class="z_0 r_74 p1_✗religions,, p2_p3_0_star_polygon_vs_uniform_polygon,p3_1_, p4_1,0,3">	<td>
english	73	<td class="z_0 r_75 p1_✗human,✗properties_n,, p2_p3_0_sense_and_meaning_of_life,p3_1_meaning_and_purpose_of_life,p3_2_, p4_0,3">	<td>
english	74	<td class="z_0 r_76 p1_✗multiverse,✗economy,, p2_p3_0_machines,p3_1_machines,p3_2_, p4_0,3">	<td>
english	75	<td class="z_0 r_77 p1_✗galaxy,, p2_p3_0_Revelation_of_John,p3_1_, p4_0,3">	<td>
english	76	<td class="z_0 r_78 p1_✗galaxy,, p2_p3_0_chinese_horoscope,p3_1_, p4_0,3">	<td>
english	77	<td class="z_0 r_79 p1_✗operations,, p2_p3_0_3,p3_1_, p4_0,3">	<td>
english	78	<td class="z_0 r_80 p1_✗operations,, p2_p3_0_3,p3_1_, p4_4,0">	<td>
english	79	<td class="z_0 r_81 p1_✗operations,, p2_p3_0_9,p3_1_, p4_4,0">	<td>
english	80	<td class="z_0 r_82 p1_✗increment,, p2_p3_0_,p3_1_, p4_0,3">	<td>
english	81	<td class="z_0 r_83 p1_✗operations,, p2_p3_0_5,p3_1_, p4_0,3">	<td>
english	82	<td class="z_0 r_84 p1_✗economy,, p2_p3_0_typeOfOrganization,p3_1_, p4_0,3">	<td>
english	83	<td class="z_0 r_85 p1_✗pro_contra,, p2_p3_0_opposite,p3_1_, p4_5,4,0,3">	<td>
english	84	<td class="z_0 r_86 p1_✗pro_contra,, p2_p3_0_opposite,p3_1_, p4_5,4,0,3">	<td>
english	85	<td class="z_0 r_87 p1_✗pro_contra,, p2_p3_0_harmony,p3_1_, p4_5,4,0,3">	<td>
english	86	<td class="z_0 r_88 p1_✗pro_contra,, p2_p3_0_harmony,p3_1_, p4_5,4,0,3">	<td>
english	87	<td class="z_0 r_89 p1_✗operations,, p2_p3_0_4,p3_1_, p4_4,0">	<td>
english	88	<td class="z_0 r_90 p1_✗human,, p2_p3_0_feelings,p3_1_, p4_0,3">	<td>
english	89	<td class="z_0 r_91 p1_✗meaning,, p2_p3_0_subjunctive_root,p3_1_, p4_0,3">	<td>
english	90	<td class="z_0 r_92 p1_✗planet_(10_and_or_12),✗meaning,, p2_p3_0_mechanisms,p3_1_mechanisms_of_breeding,p3_2_, p4_4,0,5">	<td>
english	91	<td class="z_0 r_93 p1_✗meaning,, p2_p3_0_mechanisms_of_breeding,p3_1_, p4_0,3">	<td>
english	92	<td class="z_0 r_94 p1_✗economy,✗meaning,, p2_p3_0_businessAdministration,p3_1_mechanisms_of_breeding,p3_2_, p4_0,3">	<td>
english	93	<td class="z_0 r_95 p1_✗properties_n,, p2_p3_0_wisdom_etc,p3_1_, p4_0,3">	<td>
english	94	<td class="z_0 r_96 p1_✗economy,, p2_p3_0_plants,p3_1_, p4_0,3">	<td>
english	95	<td class="z_0 r_97 p1_✗pro_contra,, p2_p3_0_help_receive,p3_1_, p4_5,4,0,3">	<td>
english	96	<td class="z_0 r_98 p1_✗pro_contra,, p2_p3_0_help,p3_1_, p4_5,4,0,3">	<td>
english	97	<td class="z_0 r_99 p1_✗pro_contra,, p2_p3_0_counterposition,p3_1_, p4_5,4,0,3">	<td>
english	98	<td class="z_0 r_100 p1_✗pro_contra,, p2_p3_0_pro_benefit,p3_1_, p4_5,4,0,3">	<td>
english	99	<td class="z_0 r_101 p1_✗meaning,, p2_p3_0_signbefore,p3_1_, p4_0,3">	<td>
english	100	<td class="z_0 r_102 p1_✗meaning,, p2_p3_0_signbefore,p3_1_, p4_0,3">	<td>
english	101	<td class="z_0 r_103 p1_✗pro_contra,, p2_p3_0_annoying,p3_1_, p4_5,4,0,3">	<td>
english	102	<td class="z_0 r_104 p1_✗pro_contra,, p2_p3_0_not_getting_along_with_another,p3_1_, p4_5,4,0,3">	<td>
english	103	<td class="z_0 r_105 p1_✗pro_contra,, p2_p3_0_not_against,p3_1_, p4_5,4,0,3">	<td>
english	104	<td class="z_0 r_106 p1_✗pro_contra,, p2_p3_0_no_opposite,p3_1_, p4_5,4,0,3">	<td>
english	105	<td class="z_0 r_107 p1_✗pro_contra,, p2_p3_0_not_for,p3_1_, p4_5,4,0,3">	<td>
english	106	<td class="z_0 r_108 p1_✗pro_contra,, p2_p3_0_help_not_need,p3_1_, p4_5,4,0,3">	<td>
english	107	<td class="z_0 r_109 p1_✗pro_contra,, p2_p3_0_cannot_help,p3_1_, p4_5,4,0,3">	<td>
english	108	<td class="z_0 r_110 p1_✗pro_contra,, p2_p3_0_not_disposed,p3_1_, p4_5,4,0,3">	<td>
english	109	<td class="z_0 r_111 p1_✗pro_contra,, p2_p3_0_unmotivated,p3_1_, p4_5,4,0,3">	<td>
english	110	<td class="z_0 r_112 p1_✗universe,✗basic_structures,✗multiverse,✗basic_structures,, p2_p3_0_reciprocal_of_transcendentalia,p3_1_structural_paradigms_or_meta-paradigms_or_transcendental_(15),p3_2_structural_paradigms_or_meta-paradigms_or_transcendental_(15),p3_3_reciprocal,p3_4_, p4_1,4">	<td>
english	111	<td class="z_0 r_113 p1_✗planet_(10_and_or_12),✗human,✗basic_structures,, p2_p3_0_equality_freedom_order,p3_1_equality_freedom,p3_2_order_and_Filtering_12_and_1pro12,p3_3_, p4_4,0,5">	<td>
english	112	<td class="z_0 r_114 p1_✗human,, p2_p3_0_effect,p3_1_, p4_4,0,3">	<td>
english	113	<td class="z_0 r_115 p1_✗human,✗properties_n,, p2_p3_0_egoism,p3_1_egoism_vs_altruism,p3_2_, p4_0,3">	<td>
english	114	<td class="z_0 r_116 p1_✗pro_contra,, p2_p3_0_opponent,p3_1_, p4_5,4,0,3">	<td>
english	115	<td class="z_0 r_117 p1_✗universe,✗human,, p2_p3_0_countertranscendentals,p3_1_countertranscendentals,p3_2_, p4_4,0">	<td>
english	116	<td class="z_0 r_118 p1_✗human,, p2_p3_0_countertranscendentals,p3_1_, p4_0,3">	<td>
english	117	<td class="z_0 r_119 p1_✗pro_contra,, p2_p3_0_makes_sense,p3_1_, p4_5,4,0,3">	<td>
english	118	<td class="z_0 r_120 p1_✗pro_contra,, p2_p3_0_advantages,p3_1_, p4_5,4,0,3">	<td>
english	119	<td class="z_0 r_121 p1_✗pro_contra,, p2_p3_0_change,p3_1_, p4_5,4,0,3">	<td>
english	120	<td class="z_0 r_122 p1_✗pro_contra,, p2_p3_0_tame_control,p3_1_, p4_5,4,0,3">	<td>
english	121	<td class="z_0 r_123 p1_✗pro_contra,, p2_p3_0_unite,p3_1_, p4_5,4,0,3">	<td>
english	122	<td class="z_0 r_124 p1_✗universe,✗galaxy,✗operations,, p2_p3_0_spheres_circles,p3_1_spheres_circles,p3_2_4,p3_3_, p4_4,0,3">	<td>
english	123	<td class="z_0 r_125 p1_✗human,, p2_p3_0_way_of_thinking,p3_1_, p4_0,3">	<td>
english	124	<td class="z_0 r_126 p1_✗human,, p2_p3_0_intelligenceproblems,p3_1_, p4_0,3">	<td>
english	125	<td class="z_0 r_127 p1_✗galaxy,, p2_p3_0_modallogic,p3_1_, p4_1,3">	<td>
english	126	<td class="z_0 r_128 p1_✗galaxy,✗human,, p2_p3_0_transcendentals_inside_outside,p3_1_motifs,p3_2_, p4_4,0,3">	<td>
english	127	<td class="z_0 r_129 p1_✗universe,, p2_p3_0_systemthings,p3_1_, p4_4,0,3">	<td>
english	128	<td class="z_0 r_130 p1_✗human,, p2_p3_0_manipulation,p3_1_, p4_0,3">	<td>
english	129	<td class="z_0 r_131 p1_✗meaning,, p2_p3_0_spaceObject,p3_1_, p4_1,0,3">	<td>
english	130	<td class="z_0 r_132 p1_✗increment,, p2_p3_0_of1,p3_1_, p4_4,0,3">	<td>
english	131	<td class="z_0 r_133 p1_✗increment,, p2_p3_0_of2,p3_1_, p4_4,0,3">	<td>
english	132	<td class="z_0 r_134 p1_✗increment,, p2_p3_0_of3,p3_1_, p4_4,0,3">	<td>
english	133	<td class="z_0 r_135 p1_✗operations,, p2_p3_0_multiplication,p3_1_, p4_4,0">	<td>
english	134	<td class="z_0 r_136 p1_✗universe,✗increment,, p2_p3_0_why_transcendental_=_structure_size_=_character,p3_1_why_transcendental_=_structure_size_=_character,p3_2_, p4_4,0,3">	<td>
english	135	<td class="z_0 r_137 p1_✗universe,✗increment,, p2_p3_0_why_transcendental_=_complexity_by_Michael_Commons,p3_1_why_transcendental_=_complexity_by_Michael_Commons,p3_2_, p4_4,0,3">	<td>
english	136	<td class="z_0 r_138 p1_✗human,, p2_p3_0_motifs,p3_1_, p4_1,0,3">	<td>
english	137	<td class="z_0 r_139 p1_✗human,, p2_p3_0_motifs,p3_1_, p4_1,0,3">	<td>
english	138	<td class="z_0 r_140 p1_✗meaning,, p2_p3_0_ranges,p3_1_, p4_4,0">	<td>
english	139	<td class="z_0 r_141 p1_✗human,, p2_p3_0_Anführer_und_Chef,p3_1_, p4_0,3">	<td>
english	140	<td class="z_0 r_142 p1_✗most_important_to_understand,✗human,✗economy,, p2_p3_0_secondmostimportant,p3_1_specialties,p3_2_specialties,p3_3_, p4_0,3">	<td>
english	141	<td class="z_0 r_143 p1_✗meaning,, p2_p3_0_ranges,p3_1_, p4_4,0,3">	<td>
english	142	<td class="z_0 r_144 p1_✗human,✗properties_n,, p2_p3_0_sense_and_meaning_of_life,p3_1_meaning_and_purpose_of_life,p3_2_, p4_0,3">	<td>
english	143	<td class="z_0 r_145 p1_✗universe,, p2_p3_0_no_only_paradigm_religions,p3_1_, p4_4,0">	<td>
english	144	<td class="z_0 r_146 p1_✗universe,, p2_p3_0_no_only_paradigm_religions,p3_1_, p4_4,0">	<td>
english	145	<td class="z_0 r_147 p1_✗universe,, p2_p3_0_no_only_paradigm_religions,p3_1_, p4_4,0">	<td>
english	146	<td class="z_0 r_148 p1_✗basic_structures,✗scale,, p2_p3_0_structureSize,p3_1_structureSize,p3_2_, p4_5,1,4,3">	<td>
english	147	<td class="z_0 r_149 p1_✗universe,, p2_p3_0_transcendentals,p3_1_, p4_4,0">	<td>
english	148	<td class="z_0 r_150 p1_✗universe,, p2_p3_0_reciprocal_of_transcendentalia,p3_1_, p4_1,4">	<td>
english	149	<td class="z_0 r_151 p1_✗universe,✗human,, p2_p3_0_countertranscendentals,p3_1_countertranscendentals,p3_2_, p4_4,0">	<td>
english	150	<td class="z_0 r_152 p1_✗basic_structures,✗universe,✗multiverse,, p2_p3_0_model_of_Hierarchical_Complexity,p3_1_model_of_Hierarchical_Complexity,p3_2_model_of_Hierarchical_Complexity,p3_3_, p4_1,4">	<td>
english	151	<td class="z_0 r_153 p1_✗universe,✗basic_structures,✗basic_structures,, p2_p3_0_category,p3_1_reciprocal,p3_2_reflection_and_Categories_(1/15),p3_3_, p4_4,0,5">	<td>
english	152	<td class="z_0 r_154 p1_✗universe,✗basic_structures,✗basic_structures,, p2_p3_0_category,p3_1_reciprocal,p3_2_reflection_and_Categories_(1/15),p3_3_, p4_1,4,5">	<td>
english	153	<td class="z_0 r_155 p1_✗most_important_to_think_about,✗religions,, p2_p3_0_mostimportant,p3_1_of_the_zodiac,p3_2_, p4_0,3">	<td>
english	154	<td class="z_0 r_156 p1_✗human,✗basic_structures,, p2_p3_0_love,p3_1_love_(7),p3_2_, p4_0,5">	<td>
english	155	<td class="z_0 r_157 p1_✗meaning,, p2_p3_0_in_ReTa,p3_1_, p4_4,0">	<td>
english	156	<td class="z_0 r_158 p1_✗meaning,, p2_p3_0_in_ReTa,p3_1_, p4_4,0">	<td>
english	157	<td class="z_0 r_159 p1_✗planet_(10_and_or_12),, p2_p3_0_complexity,p3_1_, p4_4,0,5">	<td>
english	158	<td class="z_0 r_160 p1_✗planet_(10_and_or_12),, p2_p3_0_intelligence,p3_1_, p4_4,0,5">	<td>
english	159	<td class="z_0 r_161 p1_✗human,, p2_p3_0_Morale,p3_1_, p4_0,3">	<td>
english	160	<td class="z_0 r_162 p1_✗human,, p2_p3_0_Morale,p3_1_, p4_1,4,0,3">	<td>
english	161	<td class="z_0 r_163 p1_✗religions,, p2_p3_0_Hinduism,p3_1_, p4_0,3">	<td>
english	162	<td class="z_0 r_164 p1_✗universe,✗galaxy,, p2_p3_0_space-missions,p3_1_space-missions,p3_2_, p4_4,0,3">	<td>
english	163	<td class="z_0 r_165 p1_✗increment,✗universe,✗particle-meta-physics,, p2_p3_0_particle-meta-physics,p3_1_particle-meta-physics,p3_2_universal_(16),p3_3_, p4_4,0">	<td>
english	164	<td class="z_0 r_166 p1_✗properties_n,, p2_p3_0_similar,p3_1_, p4_4,0,3">	<td>
english	165	<td class="z_0 r_167 p1_✗basic_structures,, p2_p3_0_love_(7),p3_1_, p4_">	<td>
english	166	<td class="z_0 r_168 p1_✗pro_contra,, p2_p3_0_opposite,p3_1_, p4_5,4,0,3">	<td>
english	167	<td class="z_0 r_169 p1_✗increment,✗particle-meta-physics,, p2_p3_0_particle-meta-physics,p3_1_galaxy_sub_areas_(13),p3_2_, p4_4,0">	<td>
english	168	<td class="z_0 r_170 p1_✗multiplications,, p2_p3_0_Framework-conditions,p3_1_, p4_4,0,3">	<td>
english	169	<td class="z_0 r_171 p1_✗basic_structures,✗multiverse,✗basic_structures,✗multiverse,✗human,✗human,, p2_p3_0_structural_paradigms_or_meta-paradigms_or_transcendental_(15),p3_1_structural_paradigms_or_meta-paradigms_or_transcendental_(15),p3_2_mind_(15),p3_3_mind_(15),p3_4_motifs,p3_5_consciousness_and_perception,p3_6_, p4_4,0">	<td>
english	170	<td class="z_0 r_172 p1_✗human,✗human,, p2_p3_0_feelings,p3_1_motifs,p3_2_, p4_4,0">	<td>
english	171	<td class="z_0 r_173 p1_✗basic_structures,✗basic_structures,✗multiverse,✗human,, p2_p3_0_reciprocal,p3_1_mind_(15),p3_2_mind_(15),p3_3_consciousness_and_perception,p3_4_, p4_1,4">	<td>
english	172	<td class="z_0 r_174 p1_✗planet_(10_and_or_12),✗basic_structures,, p2_p3_0_meta-systems_(12),p3_1_meta-systems_(12),p3_2_, p4_0,5">	<td>
english	173	<td class="z_0 r_175 p1_✗planet_(10_and_or_12),✗basic_structures,, p2_p3_0_truthRealities_(10),p3_1_realities_truth_perception_(10),p3_2_, p4_0,5">	<td>
english	174	<td class="z_0 r_176 p1_✗basic_structures,, p2_p3_0_mode_and_being_(8),p3_1_, p4_0,5">	<td>
english	175	<td class="z_0 r_177 p1_✗human,, p2_p3_0_(political)_directions_(7),p3_1_, p4_4,0,5">	<td>
english	176	<td class="z_0 r_178 p1_✗human,✗basic_structures,, p2_p3_0_views_Stances_(18_17),p3_1_views_Stances_(18_17),p3_2_, p4_4,0,5">	<td>
english	177	<td class="z_0 r_179 p1_✗human,✗basic_structures,, p2_p3_0_socialclass,p3_1_classes_(20),p3_2_, p4_3,0,5">	<td>
english	178	<td class="z_0 r_180 p1_✗universe,✗basic_structures,✗basic_structures,✗multiverse,, p2_p3_0_mind__(15),p3_1_comprehend_emotionally_or_mentally_by_prime_cross_algorithm_(15),p3_2_mind_(15),p3_3_mind_(15),p3_4_, p4_4,0">	<td>
english	179	<td class="z_0 r_181 p1_✗human,✗basic_structures,, p2_p3_0_feelings,p3_1_feelings_(7),p3_2_, p4_0,5">	<td>
english	180	<td class="z_0 r_182 p1_✗basic_structures,✗human,, p2_p3_0_thoughts_are_positions_(17),p3_1_thoughts_are_positions_(17),p3_2_, p4_0,5">	<td>
english	181	<td class="z_0 r_183 p1_✗basic_structures,, p2_p3_0_concretes_and_Focus_(2),p3_1_, p4_0,5">	<td>
english	182	<td class="z_0 r_184 p1_✗basic_structures,✗human,, p2_p3_0_impulses_(5),p3_1_achievements,p3_2_, p4_0,5">	<td>
english	183	<td class="z_0 r_185 p1_✗human,✗basic_structures,, p2_p3_0_connections_(18),p3_1_connections_(18),p3_2_, p4_0,5">	<td>
english	184	<td class="z_0 r_186 p1_✗basic_structures,✗basic_structures,, p2_p3_0_concretes_and_Focus_(2),p3_1_impulses_(5),p3_2_, p4_0,5">	<td>
english	185	<td class="z_0 r_187 p1_✗basic_structures,, p2_p3_0_drives_and_needs_(6),p3_1_, p4_0,5">	<td>
english	186	<td class="z_0 r_188 p1_✗basic_structures,, p2_p3_0_lust_(9),p3_1_, p4_0,5">	<td>
english	187	<td class="z_0 r_189 p1_✗basic_structures,, p2_p3_0_reflexes_(3),p3_1_, p4_0,5">	<td>
english	188	<td class="z_0 r_190 p1_✗basic_structures,✗basic_structures,✗human,, p2_p3_0_reciprocal,p3_1_impulses_(5),p3_2_achievements,p3_3_, p4_1,5">	<td>
english	189	<td class="z_0 r_191 p1_✗basic_structures,, p2_p3_0_intention_10_is_recognition_of_reality,p3_1_, p4_0,5">	<td>
english	190	<td class="z_0 r_192 p1_✗basic_structures,, p2_p3_0_intention_7_is_selflessness,p3_1_, p4_0,5">	<td>
english	191	<td class="z_0 r_193 p1_✗basic_structures,, p2_p3_0_intention_6_is_advantage_maximization.,p3_1_, p4_0,5">	<td>
english	192	<td class="z_0 r_194 p1_✗basic_structures,, p2_p3_0_intention_17_is_to_mean_opionions,p3_1_, p4_0,5">	<td>
english	193	<td class="z_0 r_195 p1_✗basic_structures,, p2_p3_0_functions_Conceptions_(16),p3_1_, p4_4,0,5">	<td>
english	194	<td class="z_0 r_196 p1_✗planet_(10_and_or_12),✗basic_structures,✗human,, p2_p3_0_truthRealities_(10),p3_1_realities_truth_perception_(10),p3_2_consciousness_and_perception,p3_3_, p4_0,5">	<td>
english	195	<td class="z_0 r_197 p1_✗basic_structures,, p2_p3_0_time_(4)_as_reality,p3_1_, p4_0,5">	<td>
english	196	<td class="z_0 r_198 p1_✗basic_structures,, p2_p3_0_time_(4)_as_reality,p3_1_, p4_0,5">	<td>
english	197	<td class="z_0 r_199 p1_✗planet_(10_and_or_12),✗basic_structures,, p2_p3_0_truthRealities_(10),p3_1_realities_truth_perception_(10),p3_2_, p4_0,5">	<td>
english	198	<td class="z_0 r_200 p1_✗basic_structures,, p2_p3_0_concretes_and_Focus_(2),p3_1_, p4_0,5">	<td>
english	199	<td class="z_0 r_201 p1_✗basic_structures,, p2_p3_0_attention_(4),p3_1_, p4_0,5">	<td>
english	200	<td class="z_0 r_202 p1_✗basic_structures,, p2_p3_0_goals_(19),p3_1_, p4_0,5">	<td>
english	201	<td class="z_0 r_203 p1_✗basic_structures,, p2_p3_0_intention_1/8,p3_1_, p4_0,5">	<td>
english	202	<td class="z_0 r_204 p1_✗basic_structures,✗basic_structures,✗multiverse,, p2_p3_0_reciprocal,p3_1_mind_(15),p3_2_mind_(15),p3_3_, p4_1,4">	<td>
english	203	<td class="z_0 r_205 p1_✗human,, p2_p3_0_thoughts_are_positions_(17),p3_1_, p4_0,5">	<td>
english	204	<td class="z_0 r_206 p1_✗universe,✗basic_structures,✗basic_structures,✗human,, p2_p3_0_category,p3_1_reciprocal,p3_2_reflection_and_Categories_(1/15),p3_3_consciousness_and_perception,p3_4_, p4_0,5">	<td>
english	205	<td class="z_0 r_207 p1_✗basic_structures,, p2_p3_0_awareness_instead_of_consciousness_(1),p3_1_, p4_0,5">	<td>
english	206	<td class="z_0 r_208 p1_✗human,✗basic_structures,, p2_p3_0_feelings,p3_1_feelings_(7),p3_2_, p4_0,5">	<td>
english	207	<td class="z_0 r_209 p1_✗human,✗basic_structures,✗basic_structures,, p2_p3_0_feelings,p3_1_reciprocal,p3_2_feelings_(7),p3_3_, p4_1,5">	<td>
english	208	<td class="z_0 r_210 p1_✗human,✗basic_structures,✗basic_structures,, p2_p3_0_feelings,p3_1_reciprocal,p3_2_feelings_(7),p3_3_, p4_1,5">	<td>
english	209	<td class="z_0 r_211 p1_✗human,✗basic_structures,, p2_p3_0_feelings,p3_1_feelings_(7),p3_2_, p4_0,5">	<td>
english	210	<td class="z_0 r_212 p1_✗basic_structures,, p2_p3_0_energy_and_universal_properties_(30),p3_1_, p4_0,5">	<td>
english	211	<td class="z_0 r_213 p1_✗planet_(10_and_or_12),✗basic_structures,, p2_p3_0_meta-systems_(12),p3_1_meta-systems_(12),p3_2_, p4_0,5">	<td>
english	212	<td class="z_0 r_214 p1_✗basic_structures,, p2_p3_0_classes_(20),p3_1_, p4_0,5">	<td>
english	213	<td class="z_0 r_215 p1_✗basic_structures,, p2_p3_0_moods_combinations_(14),p3_1_, p4_0,5">	<td>
english	214	<td class="z_0 r_216 p1_✗basic_structures,, p2_p3_0_energy_and_universal_properties_(30),p3_1_, p4_0,5">	<td>
english	215	<td class="z_0 r_217 p1_✗basic_structures,, p2_p3_0_empathy_(37),p3_1_, p4_0,5">	<td>
english	216	<td class="z_0 r_218 p1_✗basic_structures,, p2_p3_0_sheaf_and_behavior_empathy_(31),p3_1_, p4_0,5">	<td>
english	217	<td class="z_0 r_219 p1_✗basic_structures,, p2_p3_0_moods_combinations_(14),p3_1_, p4_0,5">	<td>
english	218	<td class="z_0 r_220 p1_✗basic_structures,✗basic_structures,✗multiverse,, p2_p3_0_comprehend_emotionally_or_mentally_by_prime_cross_algorithm_(15),p3_1_mind_(15),p3_2_mind_(15),p3_3_, p4_4,0">	<td>
english	219	<td class="z_0 r_221 p1_✗basic_structures,, p2_p3_0_intention_1/6_is_cleaning_and_clarity,p3_1_, p4_0,5">	<td>
english	220	<td class="z_0 r_222 p1_✗human,✗basic_structures,, p2_p3_0_connections_(18),p3_1_connections_(18),p3_2_, p4_0,5">	<td>
english	221	<td class="z_0 r_223 p1_✗human,✗basic_structures,, p2_p3_0_connections_(18),p3_1_connections_(18),p3_2_, p4_0,5">	<td>
english	222	<td class="z_0 r_224 p1_✗basic_structures,, p2_p3_0_behavior_(11),p3_1_, p4_0,5">	<td>
english	223	<td class="z_0 r_225 p1_✗basic_structures,, p2_p3_0_behavior_(11),p3_1_, p4_0,5">	<td>
english	224	<td class="z_0 r_226 p1_✗galaxy,, p2_p3_0_GospelofThomas,p3_1_, p4_0,3">	<td>
english	225	<td class="z_0 r_227 p1_✗basic_structures,✗multiverse,✗human,, p2_p3_0_mind_(15),p3_1_mind_(15),p3_2_consciousness_and_perception,p3_3_, p4_4,0">	<td>
english	226	<td class="z_0 r_228 p1_✗human,✗basic_structures,, p2_p3_0_feelings,p3_1_feelings_(7),p3_2_, p4_0,5">	<td>
english	227	<td class="z_0 r_229 p1_✗basic_structures,, p2_p3_0_meaning_(10),p3_1_, p4_0,5">	<td>
english	228	<td class="z_0 r_230 p1_✗increment,✗particle-meta-physics,, p2_p3_0_particle-meta-physics,p3_1_galaxy_sub_areas_(13),p3_2_, p4_0,3">	<td>
english	229	<td class="z_0 r_231 p1_✗increment,✗universe,✗particle-meta-physics,, p2_p3_0_particle-meta-physics,p3_1_particle-meta-physics,p3_2_universal_(16),p3_3_, p4_4,0">	<td>
english	230	<td class="z_0 r_232 p1_✗basic_structures,, p2_p3_0_topics_(6),p3_1_, p4_0,5">	<td>
english	231	<td class="z_0 r_233 p1_✗basic_structures,, p2_p3_0_optimization_(10),p3_1_, p4_0,5">	<td>
english	232	<td class="z_0 r_234 p1_✗basic_structures,, p2_p3_0_attractions_(36),p3_1_, p4_0,5">	<td>
english	233	<td class="z_0 r_235 p1_✗basic_structures,, p2_p3_0_intention_16_is_to_be_enough,p3_1_, p4_0,5">	<td>
english	234	<td class="z_0 r_236 p1_✗scale,✗light,, p2_p3_0_light,p3_1_,p3_2_, p4_5,1,4,3">	<td>
english	235	<td class="z_0 r_237 p1_✗human,, p2_p3_0_human-to-animal,p3_1_, p4_4,0,5">	<td>
english	236	<td class="z_0 r_238 p1_✗operations,, p2_p3_0_3,p3_1_, p4_0,3">	<td>
english	237	<td class="z_0 r_239 p1_✗operations,, p2_p3_0_3,p3_1_, p4_0,3">	<td>
english	238	<td class="z_0 r_240 p1_✗basic_structures,, p2_p3_0_thoughts_are_positions_(17),p3_1_, p4_0,5">	<td>
english	239	<td class="z_0 r_241 p1_✗galaxy,✗universe,, p2_p3_0_breedingUp,p3_1_breedingUp,p3_2_, p4_5,4,0,3">	<td>
english	240	<td class="z_0 r_242 p1_✗galaxy,✗universe,, p2_p3_0_breedingUp,p3_1_breedingUp,p3_2_, p4_5,1,4,3">	<td>
english	241	<td class="z_0 r_243 p1_✗universe,, p2_p3_0_such_as_combining_linking,p3_1_, p4_4,0">	<td>
english	242	<td class="z_0 r_244 p1_✗basic_structures,, p2_p3_0_coalitions_(10),p3_1_, p4_0,5">	<td>
english	243	<td class="z_0 r_245 p1_✗planet_(10_and_or_12),✗basic_structures,, p2_p3_0_truthRealities_(10),p3_1_realities_truth_perception_(10),p3_2_, p4_0,5">	<td>
english	244	<td class="z_0 r_246 p1_✗basic_structures,, p2_p3_0_thoughts_are_positions_(17),p3_1_, p4_0,5">	<td>
english	245	<td class="z_0 r_247 p1_✗planet_(10_and_or_12),, p2_p3_0_equality_freedom_order,p3_1_, p4_0,5">	<td>
english	246	<td class="z_0 r_248 p1_✗basic_structures,, p2_p3_0_moods_combinations_(14),p3_1_, p4_0,5">	<td>
english	247	<td class="z_0 r_249 p1_✗basic_structures,✗basic_structures,, p2_p3_0_reciprocal,p3_1_moods_combinations_(14),p3_2_, p4_1,5">	<td>
english	248	<td class="z_0 r_250 p1_✗basic_structures,✗basic_structures,, p2_p3_0_reciprocal,p3_1_moods_combinations_(14),p3_2_, p4_1,5">	<td>
english	249	<td class="z_0 r_251 p1_✗planet_(10_and_or_12),✗human,✗basic_structures,✗basic_structures,, p2_p3_0_equality_freedom_order,p3_1_equality_freedom,p3_2_reciprocal,p3_3_order_and_Filtering_12_and_1pro12,p3_4_, p4_5,1,4,3">	<td>
english	250	<td class="z_0 r_252 p1_✗basic_structures,✗basic_structures,, p2_p3_0_principles(1/8),p3_1_reciprocal,p3_2_, p4_1,4,3">	<td>
english	251	<td class="z_0 r_253 p1_✗human,✗basic_structures,✗basic_structures,, p2_p3_0_love,p3_1_reciprocal,p3_2_love_(7),p3_3_, p4_1,5">	<td>
english	252	<td class="z_0 r_254 p1_✗planet_(10_and_or_12),✗operations,✗human,✗basic_structures,✗basic_structures,✗properties_1/n,, p2_p3_0_equality_freedom_order,p3_1_2,p3_2_equality_freedom,p3_3_reciprocal,p3_4_order_and_Filtering_12_and_1pro12,p3_5_filter_type_and_violation,p3_6_, p4_5,1,4,3">	<td>
english	253	<td class="z_0 r_255 p1_✗basic_structures,✗basic_structures,, p2_p3_0_aspirations(1/5),p3_1_reciprocal,p3_2_, p4_1,5">	<td>
english	254	<td class="z_0 r_256 p1_✗increment,✗particle-meta-physics,, p2_p3_0_particle-meta-physics,p3_1_goodness_and_direction_(7),p3_2_, p4_0,5">	<td>
english	255	<td class="z_0 r_257 p1_✗planet_(10_and_or_12),✗basic_structures,✗basic_structures,, p2_p3_0_meta-systems_(12),p3_1_reciprocal,p3_2_meta-systems_(12),p3_3_, p4_1,5">	<td>
english	256	<td class="z_0 r_258 p1_✗planet_(10_and_or_12),✗human,✗basic_structures,✗basic_structures,✗properties_1/n,, p2_p3_0_equality_freedom_order,p3_1_equality_freedom,p3_2_reciprocal,p3_3_order_and_Filtering_12_and_1pro12,p3_4_filter_type_and_violation,p3_5_, p4_5,1,4,3">	<td>
english	257	<td class="z_0 r_259 p1_✗human,✗basic_structures,, p2_p3_0_connections_(18),p3_1_connections_(18),p3_2_, p4_0,5">	<td>
english	258	<td class="z_0 r_260 p1_✗basic_structures,, p2_p3_0_mode_and_being_(8),p3_1_, p4_0,5">	<td>
english	259	<td class="z_0 r_261 p1_✗basic_structures,✗basic_structures,, p2_p3_0_condition_and_trigger_(1/3),p3_1_reciprocal,p3_2_, p4_0,5">	<td>
english	260	<td class="z_0 r_262 p1_✗basic_structures,, p2_p3_0_relative_time_amount_(15_10_4_18_6),p3_1_, p4_0,5">	<td>
english	261	<td class="z_0 r_263 p1_✗basic_structures,, p2_p3_0_comparision_of_numbers_(15_18_6),p3_1_, p4_0,5">	<td>
english	262	<td class="z_0 r_264 p1_✗basic_structures,, p2_p3_0_impulses_(5),p3_1_, p4_0,5">	<td>
english	263	<td class="z_0 r_265 p1_✗basic_structures,✗human,, p2_p3_0_realities_truth_perception_(10),p3_1_consciousness_and_perception,p3_2_, p4_1,5">	<td>
english	264	<td class="z_0 r_266 p1_✗basic_structures,, p2_p3_0_passions_(21),p3_1_, p4_0,5">	<td>
english	265	<td class="z_0 r_267 p1_✗basic_structures,, p2_p3_0_expectations_(26),p3_1_, p4_0,5">	<td>
english	266	<td class="z_0 r_268 p1_✗basic_structures,, p2_p3_0_functions_Conceptions_(16),p3_1_, p4_0,5">	<td>
english	267	<td class="z_0 r_269 p1_✗human,✗basic_structures,, p2_p3_0_views_Stances_(18_17),p3_1_views_Stances_(18_17),p3_2_, p4_1,4,5">	<td>
english	268	<td class="z_0 r_270 p1_✗basic_structures,, p2_p3_0_extremalias_(19),p3_1_, p4_0,5">	<td>
english	269	<td class="z_0 r_271 p1_✗basic_structures,, p2_p3_0_existentials_(3),p3_1_, p4_0,5">	<td>
english	270	<td class="z_0 r_272 p1_✗basic_structures,, p2_p3_0_universal_comperative_(18→15),p3_1_, p4_0,5">	<td>
english	271	<td class="z_0 r_273 p1_✗basic_structures,, p2_p3_0_relation_to_each_other_reciprocal_universal_(18→n_vs._1/n),p3_1_, p4_0,5">	<td>
english	272	<td class="z_0 r_274 p1_✗universe,, p2_p3_0_programming-paradigms,p3_1_, p4_4,0,5">	<td>
english	273	<td class="z_0 r_275 p1_✗basic_structures,, p2_p3_0_extremalias_(19),p3_1_, p4_1,5">	<td>
english	274	<td class="z_0 r_276 p1_✗basic_structures,, p2_p3_0_shall_question_procedure_(1/13),p3_1_, p4_0,5">	<td>
english	275	<td class="z_0 r_277 p1_✗basic_structures,, p2_p3_0_shall_question_procedure_(1/13),p3_1_, p4_0,5">	<td>
english	276	<td class="z_0 r_278 p1_✗basic_structures,, p2_p3_0_foundation_(1/19),p3_1_, p4_0,5">	<td>
english	277	<td class="z_0 r_279 p1_✗basic_structures,, p2_p3_0_dependent_connectedness_(90),p3_1_, p4_0,5">	<td>
english	278	<td class="z_0 r_280 p1_✗basic_structures,, p2_p3_0_intention_13_is_helping,p3_1_, p4_3,0,5">	<td>
english	279	<td class="z_0 r_281 p1_✗basic_structures,, p2_p3_0_map_filter_and_distinction_(1/12),p3_1_, p4_0,5">	<td>
english	280	<td class="z_0 r_282 p1_✗basic_structures,, p2_p3_0_principles(1/8),p3_1_, p4_1,5">	<td>
english	281	<td class="z_0 r_283 p1_✗basic_structures,, p2_p3_0_intention_1/8,p3_1_, p4_5,1,3">	<td>
english	282	<td class="z_0 r_284 p1_✗universe,, p2_p3_0_universal_right,p3_1_, p4_4,0">	<td>
english	283	<td class="z_0 r_285 p1_✗universe,, p2_p3_0_Universal_ratio_of_equal_numbers,p3_1_, p4_1,4">	<td>
english	284	<td class="z_0 r_286 p1_✗basic_structures,, p2_p3_0_measures_(39),p3_1_, p4_0,5">	<td>
english	285	<td class="z_0 r_287 p1_✗universe,✗basic_structures,, p2_p3_0_strategy_tactics_(15m8),p3_1_mode_and_being_(8),p3_2_, p4_4,0,5">	<td>
english	286	<td class="z_0 r_288 p1_✗universe,✗meaning,✗continuum,, p2_p3_0_network,p3_1_ranges,p3_2_X,p3_3_, p4_4,0">	<td>
english	287	<td class="z_0 r_289 p1_✗increment,✗particle-meta-physics,✗basic_structures,, p2_p3_0_particle-meta-physics,p3_1_space_and_dimension_(8),p3_2_mode_and_being_(8),p3_3_, p4_4,0,5">	<td>
english	288	<td class="z_0 r_290 p1_✗increment,✗particle-meta-physics,✗multiverse,✗basic_structures,, p2_p3_0_particle-meta-physics,p3_1_multiverse_(16),p3_2_meta_physic_particles_(1),p3_3_functions_Conceptions_(16),p3_4_, p4_0,5">	<td>
english	289	<td class="z_0 r_291 p1_✗multiverse,, p2_p3_0_multiversalias_(16),p3_1_, p4_0,5">	<td>
english	290	<td class="z_0 r_292 p1_✗universe,✗universe,✗meaning,, p2_p3_0_transcendentals,p3_1_network,p3_2_ranges,p3_3_, p4_4,0">	<td>
english	291	<td class="z_0 r_293 p1_✗basic_structures,, p2_p3_0_lust_(9),p3_1_, p4_0,5">	<td>
english	292	<td class="z_0 r_294 p1_✗basic_structures,, p2_p3_0_drives_and_needs_(6),p3_1_, p4_1,5">	<td>
english	293	<td class="z_0 r_295 p1_✗basic_structures,, p2_p3_0_attention_(4),p3_1_, p4_0,5">	<td>
english	294	<td class="z_0 r_296 p1_✗basic_structures,, p2_p3_0_classes_(20),p3_1_, p4_3,0,5">	<td>
english	295	<td class="z_0 r_297 p1_✗basic_structures,, p2_p3_0_classes_(20),p3_1_, p4_3,0,5">	<td>
english	296	<td class="z_0 r_298 p1_✗basic_structures,, p2_p3_0_drives_and_needs_(6),p3_1_, p4_0,5">	<td>
english	297	<td class="z_0 r_299 p1_✗basic_structures,, p2_p3_0_drives_and_needs_(6),p3_1_, p4_0,5">	<td>
english	298	<td class="z_0 r_300 p1_✗basic_structures,, p2_p3_0_inner-values_1/6_of_cleaning_and_clarity,p3_1_, p4_0,5">	<td>
english	299	<td class="z_0 r_301 p1_✗basic_structures,, p2_p3_0_inner-values_1/6_of_cleaning_and_clarity,p3_1_, p4_0,5">	<td>
english	300	<td class="z_0 r_302 p1_✗basic_structures,, p2_p3_0_inner-values_1/6_of_cleaning_and_clarity,p3_1_, p4_1,5">	<td>
english	301	<td class="z_0 r_303 p1_✗basic_structures,, p2_p3_0_inner-values_1/6_of_cleaning_and_clarity,p3_1_, p4_1,5">	<td>
english	302	<td class="z_0 r_304 p1_✗basic_structures,, p2_p3_0_moods_combinations_(14),p3_1_, p4_0,5">	<td>
english	303	<td class="z_0 r_305 p1_✗basic_structures,, p2_p3_0_moods_combinations_(14),p3_1_, p4_0,5">	<td>
english	304	<td class="z_0 r_306 p1_✗basic_structures,, p2_p3_0_calculate,p3_1_, p4_0,5">	<td>
english	305	<td class="z_0 r_307 p1_✗basic_structures,, p2_p3_0_areas_of_life_and_classes_of_problems(28),p3_1_, p4_0,5">	<td>
english	306	<td class="z_0 r_308 p1_✗increment,✗particle-meta-physics,✗basic_structures,, p2_p3_0_particle-meta-physics,p3_1_galactic_(14),p3_2_moods_combinations_(14),p3_3_, p4_0,5">	<td>
english	307	<td class="z_0 r_309 p1_✗basic_structures,, p2_p3_0_moods_combinations_(14),p3_1_, p4_0,5">	<td>
english	308	<td class="z_0 r_310 p1_✗basic_structures,, p2_p3_0_moods_combinations_(14),p3_1_, p4_0,5">	<td>
english	309	<td class="z_0 r_311 p1_✗universe,, p2_p3_0_artificial_life_(15),p3_1_, p4_4,0">	<td>
english	310	<td class="z_0 r_312 p1_✗planet_(10_and_or_12),✗basic_structures,✗basic_structures,, p2_p3_0_meta-systems_(12),p3_1_paradigms_are_intentions_(13),p3_2_meta-systems_(12),p3_3_, p4_0,5">	<td>
english	311	<td class="z_0 r_313 p1_✗planet_(10_and_or_12),✗particle-meta-physics,✗basic_structures,✗basic_structures,, p2_p3_0_meta-systems_(12),p3_1_non_value_virtue_sorting_(13_with_14),p3_2_paradigms_are_intentions_(13),p3_3_meta-systems_(12),p3_4_, p4_3,0,5">	<td>
english	312	<td class="z_0 r_314 p1_✗particle-meta-physics,, p2_p3_0_galaxy_sub_areas_(13),p3_1_, p4_0,5">	<td>
english	313	<td class="z_0 r_315 p1_✗basic_structures,, p2_p3_0_behavior_(11),p3_1_, p4_0,5">	<td>
english	314	<td class="z_0 r_316 p1_✗basic_structures,, p2_p3_0_aspirations(1/5),p3_1_, p4_0,5">	<td>
english	315	<td class="z_0 r_317 p1_✗basic_structures,, p2_p3_0_areas_of_life_and_classes_of_problems(28),p3_1_, p4_0,5">	<td>
english	316	<td class="z_0 r_318 p1_✗basic_structures,✗basic_structures,, p2_p3_0_areas_of_life_and_classes_of_problems(28),p3_1_reciprocal,p3_2_, p4_1,5">	<td>
english	317	<td class="z_0 r_319 p1_✗basic_structures,, p2_p3_0_network,p3_1_, p4_0,5">	<td>
english	318	<td class="z_0 r_320 p1_✗particle-meta-physics,✗basic_structures,, p2_p3_0_multiverse_(16),p3_1_functions_Conceptions_(16),p3_2_, p4_0,5">	<td>
english	319	<td class="z_0 r_321 p1_✗basic_structures,, p2_p3_0_mathematical_design_(32),p3_1_, p4_0,5">	<td>
english	320	<td class="z_0 r_322 p1_✗planet_(10_and_or_12),✗particle-meta-physics,, p2_p3_0_truthRealities_(10),p3_1_truthRealities_(10),p3_2_, p4_0,5">	<td>
english	321	<td class="z_0 r_323 p1_✗basic_structures,, p2_p3_0_controversy_(51),p3_1_, p4_0,5">	<td>
english	322	<td class="z_0 r_324 p1_✗universe,, p2_p3_0_software_licences_and_academic_degrees,p3_1_, p4_5,4,0,3">	<td>
english	323	<td class="z_0 r_325 p1_✗basic_structures,, p2_p3_0_drives_and_needs_(6),p3_1_, p4_0,5">	<td>
english	324	<td class="z_0 r_326 p1_✗basic_structures,, p2_p3_0_actions,p3_1_, p4_3,0,5">	<td>
english	325	<td class="z_0 r_327 p1_✗basic_structures,✗scale,✗scale,, p2_p3_0_structureSize,p3_1_structureSize,p3_2_organizations,p3_3_, p4_0,5">	<td>
english	326	<td class="z_0 r_328 p1_✗universe,✗basic_structures,✗multiverse,, p2_p3_0_mind__(15),p3_1_mind_(15),p3_2_mind_(15),p3_3_, p4_4,0">	<td>
english	327	<td class="z_0 r_329 p1_✗basic_structures,, p2_p3_0_well-being_(7with6),p3_1_, p4_0,5">	<td>
english	328	<td class="z_0 r_330 p1_✗basic_structures,, p2_p3_0_well-being_(7with6),p3_1_, p4_1,5">	<td>
english	329	<td class="z_0 r_331 p1_✗basic_structures,✗human,, p2_p3_0_leadership_types_(7),p3_1_Anführer_und_Chef,p3_2_, p4_0,3">	<td>
english	330	<td class="z_0 r_332 p1_✗basic_structures,, p2_p3_0_moods_combinations_(14),p3_1_, p4_">	<td>
english	331	<td class="z_0 r_333 p1_✗continuum,, p2_p3_0_Q,p3_1_, p4_0,5">	<td>
english	332	<td class="z_0 r_334 p1_✗continuum,, p2_p3_0_Q,p3_1_, p4_0,5">	<td>
english	333	<td class="z_0 r_335 p1_✗continuum,, p2_p3_0_Q,p3_1_, p4_0,5">	<td>
english	334	<td class="z_0 r_336 p1_✗continuum,, p2_p3_0_Q,p3_1_, p4_0,5">	<td>
english	335	<td class="z_0 r_337 p1_✗multiverse,✗continuum,, p2_p3_0_P,p3_1_P,p3_2_, p4_0,5">	<td>
english	336	<td class="z_0 r_338 p1_✗basic_structures,✗continuum,✗continuum,, p2_p3_0_network,p3_1_X,p3_2_R,p3_3_, p4_0,5">	<td>
english	337	<td class="z_0 r_339 p1_✗continuum,, p2_p3_0_Q,p3_1_, p4_0,5">	<td>
english	338	<td class="z_0 r_340 p1_✗multiverse,, p2_p3_0_structure_sciences_(10),p3_1_, p4_0,5">	<td>
english	339	<td class="z_0 r_341 p1_✗multiverse,, p2_p3_0_pattern_sciences_(20),p3_1_, p4_0,5">	<td>
english	340	<td class="z_0 r_342 p1_✗basic_structures,✗economy,, p2_p3_0_system,p3_1_system,p3_2_, p4_1,3">	<td>
english	341	<td class="z_0 r_343 p1_✗continuum,, p2_p3_0_Q,p3_1_, p4_0,5">	<td>
english	342	<td class="z_0 r_344 p1_✗continuum,, p2_p3_0_Q,p3_1_, p4_0,5">	<td>
english	343	<td class="z_0 r_345 p1_✗continuum,, p2_p3_0_Q,p3_1_, p4_0,5">	<td>
english	344	<td class="z_0 r_346 p1_✗religions,✗galaxy,✗human,✗universe,, p2_p3_0_Superpowers,p3_1_Superpowers,p3_2_Superpowers,p3_3_colors,p3_4_, p4_4,0">	<td>
english	345	<td class="z_0 r_347 p1_✗continuum,, p2_p3_0_Q,p3_1_, p4_0,5">	<td>
english	346	<td class="z_0 r_348 p1_✗continuum,, p2_p3_0_A,p3_1_, p4_0,5">	<td>
english	347	<td class="z_0 r_349 p1_✗continuum,, p2_p3_0_B,p3_1_, p4_0,5">	<td>
english	348	<td class="z_0 r_350 p1_✗continuum,, p2_p3_0_C,p3_1_, p4_0,5">	<td>
english	349	<td class="z_0 r_351 p1_✗continuum,, p2_p3_0_D,p3_1_, p4_0,5">	<td>
english	350	<td class="z_0 r_352 p1_✗continuum,, p2_p3_0_Q,p3_1_, p4_0,5">	<td>
english	351	<td class="z_0 r_353 p1_✗continuum,, p2_p3_0_R,p3_1_, p4_0,5">	<td>
english	352	<td class="z_0 r_354 p1_✗symbols,, p2_p3_0_Three,p3_1_, p4_0,5">	<td>
english	353	<td class="z_0 r_355 p1_✗symbols,, p2_p3_0_Four,p3_1_, p4_0,5">	<td>
english	354	<td class="z_0 r_356 p1_✗symbols,, p2_p3_0_Fife,p3_1_, p4_0,5">	<td>
english	355	<td class="z_0 r_357 p1_✗basic_structures,✗economy,✗basic_structures,✗human,, p2_p3_0_system,p3_1_system,p3_2_leadership_types_(7),p3_3_Anführer_und_Chef,p3_4_, p4_1,3">	<td>
english	356	<td class="z_0 r_358 p1_✗symbols,✗symbols,, p2_p3_0_Ten,p3_1_Twelve,p3_2_, p4_0,5">	<td>
english	357	<td class="z_0 r_359 p1_✗symbols,✗symbols,, p2_p3_0_Six,p3_1_Seven,p3_2_, p4_0,5">	<td>
english	358	<td class="z_0 r_360 p1_✗symbols,, p2_p3_0_Eight,p3_1_, p4_0,5">	<td>
english	359	<td class="z_0 r_361 p1_✗symbols,, p2_p3_0_Nine,p3_1_, p4_0,5">	<td>
english	360	<td class="z_0 r_362 p1_✗symbols,, p2_p3_0_Three,p3_1_, p4_0,5">	<td>
english	361	<td class="z_0 r_363 p1_✗human,, p2_p3_0_formations,p3_1_, p4_0,5">	<td>
english	362	<td class="z_0 r_364 p1_✗universe,, p2_p3_0_types_numbers,p3_1_, p4_4,0">	<td>
english	363	<td class="z_0 r_365 p1_✗human,✗basic_structures,, p2_p3_0_punishment,p3_1_punishment,p3_2_, p4_4,0,3">	<td>
english	364	<td class="z_0 r_366 p1_✗human,, p2_p3_0_less_at_human,p3_1_, p4_4,0,3">	<td>
english	365	<td class="z_0 r_367 p1_✗human,✗basic_structures,, p2_p3_0_salvation,p3_1_salvation,p3_2_, p4_4,0,3">	<td>
english	366	<td class="z_0 r_368 p1_✗human,✗basic_structures,, p2_p3_0_violence,p3_1_violence,p3_2_, p4_4,0,3">	<td>
english	367	<td class="z_0 r_369 p1_✗continuum,, p2_p3_0_Q,p3_1_, p4_0,5">	<td>
english	368	<td class="z_0 r_370 p1_✗continuum,, p2_p3_0_Q,p3_1_, p4_0,5">	<td>
english	369	<td class="z_0 r_371 p1_✗continuum,, p2_p3_0_Q,p3_1_, p4_0,5">	<td>
english	370	<td class="z_0 r_372 p1_✗galaxy,, p2_p3_0_living_creatures_galaxy_best_at,p3_1_, p4_0,3">	<td>
english	371	<td class="z_0 r_373 p1_✗galaxy,, p2_p3_0_living_creatures_galaxy_best_at,p3_1_, p4_0,3">	<td>
english	372	<td class="z_0 r_374 p1_✗multiverse,, p2_p3_0_space_time_arrangement_mathematically_universal,p3_1_, p4_0,3">	<td>
english	373	<td class="z_0 r_375 p1_✗galaxy,, p2_p3_0_living_creatures_galaxy_best_at,p3_1_, p4_4,0,5">	<td>
english	374	<td class="z_0 r_376 p1_✗meaning,, p2_p3_0_in_ReTa,p3_1_, p4_4,0">	<td>
english	375	<td class="z_0 r_377 p1_✗meaning,, p2_p3_0_in_ReTa,p3_1_, p4_4,0">	<td>
english	376	<td class="z_0 r_378 p1_✗basic_structures,✗economy,, p2_p3_0_system,p3_1_system,p3_2_, p4_0,3">	<td>
english	377	<td class="z_0 r_379 p1_✗religions,, p2_p3_0_of_the_zodiac,p3_1_, p4_0,3">	<td>
english	378	<td class="z_0 r_380 p1_✗religions,, p2_p3_0_of_the_zodiac,p3_1_, p4_0,3">	<td>
english	379	<td class="z_0 r_381 p1_✗basic_structures,, p2_p3_0_violence,p3_1_, p4_4,0">	<td>
english	380	<td class="z_0 r_382 p1_✗basic_structures,, p2_p3_0_realities_truth_perception_(10),p3_1_, p4_4,0">	<td>
english	381	<td class="z_0 r_383 p1_✗basic_structures,, p2_p3_0_leadership_types_(7),p3_1_, p4_4,0">	<td>
english	382	<td class="z_0 r_384 p1_✗basic_structures,, p2_p3_0_leadership_types_(7),p3_1_, p4_4,0">	<td>
english	383	<td class="z_0 r_385 p1_✗planet_(10_and_or_12),✗basic_structures,✗basic_structures,, p2_p3_0_meta-systems_(12),p3_1_model_of_Hierarchical_Complexity,p3_2_meta-systems_(12),p3_3_, p4_">	<td>
english	384	<td class="z_0 r_386 p1_✗multiverse,, p2_p3_0_pattern_sciences_(20),p3_1_, p4_1,4,5">	<td>
english	385	<td class="z_0 r_387 p1_✗basic_structures,, p2_p3_0_classes_(20),p3_1_, p4_0,5">	<td>
english	386	<td class="z_0 r_388 p1_✗continuum,, p2_p3_0_T,p3_1_, p4_0,5">	<td>
english	387	<td class="z_0 r_389 p1_✗continuum,, p2_p3_0_Q,p3_1_, p4_0,5">	<td>
english	388	<td class="z_0 r_390 p1_✗continuum,, p2_p3_0_Q,p3_1_, p4_0,5">	<td>
english	389	<td class="z_0 r_391 p1_✗universe,, p2_p3_0_context_brain_cosmos_universe,p3_1_, p4_4,0,5">	<td>
english	390	<td class="z_0 r_392 p1_✗basic_structures,✗human,, p2_p3_0_leadership_types_(7),p3_1_Anführer_und_Chef,p3_2_, p4_4,0,5">	<td>
english	391	<td class="z_0 r_393 p1_✗basic_structures,✗continuum,, p2_p3_0_mode_and_being_(8),p3_1_H,p3_2_, p4_0,5">	<td>
english	392	<td class="z_0 r_394 p1_✗basic_structures,✗continuum,, p2_p3_0_moods_combinations_(14),p3_1_N,p3_2_, p4_3,0,5">	<td>
english	393	<td class="z_0 r_395 p1_✗basic_structures,✗continuum,, p2_p3_0_paradigms_are_intentions_(13),p3_1_M,p3_2_, p4_3,0,5">	<td>
english	394	<td class="z_0 r_396 p1_✗religions,✗galaxy,✗human,✗basic_structures,, p2_p3_0_Superpowers,p3_1_Superpowers,p3_2_Superpowers,p3_3_paradigms_are_intentions_(13),p3_4_, p4_0,5">	<td>
english	395	<td class="z_0 r_397 p1_✗religions,✗human,, p2_p3_0_Satan_Devil,p3_1_Satan_Devil,p3_2_, p4_5,4,0,3">	<td>
english	396	<td class="z_0 r_398 p1_✗religions,✗galaxy,✗human,, p2_p3_0_Superpowers,p3_1_Superpowers,p3_2_Superpowers,p3_3_, p4_0,5">	<td>
english	397	<td class="z_0 r_399 p1_✗planet_(10_and_or_12),✗planet_(10_and_or_12),✗operations,✗basic_structures,✗basic_structures,, p2_p3_0_meta-systems_(12),p3_1_equality_freedom_order,p3_2_2,p3_3_leadership_types_(7),p3_4_meta-systems_(12),p3_5_, p4_4,0,5">	<td>
english	398	<td class="z_0 r_400 p1_✗planet_(10_and_or_12),✗planet_(10_and_or_12),✗operations,✗basic_structures,✗basic_structures,, p2_p3_0_meta-systems_(12),p3_1_equality_freedom_order,p3_2_2,p3_3_leadership_types_(7),p3_4_meta-systems_(12),p3_5_, p4_4,0,5">	<td>
english	399	<td class="z_0 r_401 p1_✗planet_(10_and_or_12),✗planet_(10_and_or_12),✗operations,✗basic_structures,✗basic_structures,, p2_p3_0_meta-systems_(12),p3_1_equality_freedom_order,p3_2_2,p3_3_leadership_types_(7),p3_4_meta-systems_(12),p3_5_, p4_1,4,5">	<td>
english	400	<td class="z_0 r_402 p1_✗basic_structures,✗multiverse,✗universe,✗human,, p2_p3_0_biological_tree_(15),p3_1_biological_tree_(16_->	<td>
english	401	<td class="z_0 r_403 p1_✗continuum,✗multiverse,, p2_p3_0_P5,p3_1_P5,p3_2_, p4_0,5">	<td>
english	402	<td class="z_0 r_404 p1_✗basic_structures,✗human,, p2_p3_0_leadership_types_(7),p3_1_Anführer_und_Chef,p3_2_, p4_0,5">	<td>
english	403	<td class="z_0 r_405 p1_✗religions,✗religions,✗religions,, p2_p3_0_Superpowers,p3_1_religion-founder-type,p3_2_Messiah,p3_3_, p4_0,5">	<td>
english	404	<td class="z_0 r_406 p1_✗continuum,, p2_p3_0_S,p3_1_, p4_0,5">	<td>
english	405	<td class="z_0 r_407 p1_✗continuum,, p2_p3_0_L,p3_1_, p4_">	<td>
english	406	<td class="z_0 r_408 p1_✗continuum,, p2_p3_0_Y,p3_1_, p4_0,5">	<td>
english	407	<td class="z_0 r_409 p1_✗continuum,✗continuum,, p2_p3_0_continuums,p3_1_F,p3_2_, p4_0,5">	<td>
english	408	<td class="z_0 r_410 p1_✗basic_structures,✗human,, p2_p3_0_leadership_types_(7),p3_1_Anführer_und_Chef,p3_2_, p4_4,0,5">	<td>
english	409	<td class="z_0 r_411 p1_✗continuum,, p2_p3_0_Y,p3_1_, p4_0,5">	<td>
english	410	<td class="z_0 r_412 p1_✗continuum,, p2_p3_0_E,p3_1_, p4_0,5">	<td>
english	411	<td class="z_0 r_413 p1_✗multiverse,✗basic_structures,✗universe,, p2_p3_0_particles_other_universe,p3_1_particles_other_universe,p3_2_particles_other_universe,p3_3_, p4_4,0,5">	<td>
english	412	<td class="z_0 r_414 p1_✗basic_structures,✗economy,, p2_p3_0_system,p3_1_system,p3_2_, p4_4,0,5">	<td>
english	413	<td class="z_0 r_415 p1_✗continuum,, p2_p3_0_J,p3_1_, p4_0,5">	<td>
english	414	<td class="z_0 r_416 p1_✗continuum,, p2_p3_0_k,p3_1_, p4_0,5">	<td>
english	415	<td class="z_0 r_417 p1_✗basic_structures,, p2_p3_0_classes_(20),p3_1_, p4_0,5">	<td>
english	416	<td class="z_0 r_418 p1_✗continuum,, p2_p3_0_i,p3_1_, p4_0,5">	<td>
english	417	<td class="z_0 r_419 p1_✗continuum,, p2_p3_0_G,p3_1_, p4_0,5">	<td>
english	418	<td class="z_0 r_420 p1_✗universe,, p2_p3_0_evolution_vs_design_intelligent,p3_1_, p4_0,5">	<td>
english	419	<td class="z_0 r_421 p1_✗human,, p2_p3_0_Ränge,p3_1_, p4_">	<td>
english	420	<td class="z_0 r_422 p1_✗galaxy,, p2_p3_0_ZergAliens_MenschenHumanoid_ProtosPraedatoren,p3_1_, p4_">	<td>
english	421	<td class="z_0 r_423 p1_✗human,, p2_p3_0_Weltordnung,p3_1_, p4_">	<td>
english	422	<td class="z_0 r_424 p1_✗human,✗human,, p2_p3_0_Diplomatie,p3_1_music,p3_2_, p4_">	<td>
english	423	<td class="z_0 r_425 p1_✗human,, p2_p3_0_Land_Laender-Dach-Organisation,p3_1_, p4_">	<td>
english	424	<td class="z_0 r_426 p1_✗human,, p2_p3_0_Spiele-Genre,p3_1_, p4_">	<td>
english	425	<td class="z_0 r_427 p1_✗human,, p2_p3_0_Himmel_Hoelle_Kettenmolekuele,p3_1_, p4_">	<td>
english	426	<td class="z_0 r_428 p1_✗continuum,, p2_p3_0_W,p3_1_, p4_">	<td>
english	427	<td class="z_0 r_429 p1_✗continuum,, p2_p3_0_AC,p3_1_, p4_">	<td>
english	428	<td class="z_0 r_430 p1_✗continuum,, p2_p3_0_AD,p3_1_, p4_">	<td>
english	429	<td class="z_0 r_431 p1_✗continuum,, p2_p3_0_AE,p3_1_, p4_">	<td>
english	430	<td class="z_0 r_432 p1_✗continuum,, p2_p3_0_AK,p3_1_, p4_">	<td>
english	431	<td class="z_0 r_433 p1_✗continuum,, p2_p3_0_AU,p3_1_, p4_">	<td>
english	432	<td class="z_0 r_434 p1_✗human,, p2_p3_0_Sinne,p3_1_, p4_">	<td>
english	433	<td class="z_0 r_435 p1_✗human,, p2_p3_0_Gott_und_Prophet,p3_1_, p4_">	<td>
english	434	<td class="z_0 r_436 p1_✗human,, p2_p3_0_Ränge,p3_1_, p4_">	<td>
english	435	<td class="z_0 r_437 p1_✗planet_(10_and_or_12),✗Herrschaft,, p2_p3_0_Planetenherrschaft,p3_1_Planetenherrschaft,p3_2_, p4_">	<td>
english	436	<td class="z_0 r_438 p1_✗Herrschaft,, p2_p3_0_Galaxieherrschaft,p3_1_, p4_">	<td>
english	437	<td class="z_0 r_439 p1_✗Herrschaft,, p2_p3_0_Galaxienclusterherrschaft,p3_1_, p4_">	<td>
english	438	<td class="z_0 r_440 p1_✗human,, p2_p3_0_Verbrechen_und_Bestrafung,p3_1_, p4_">	<td>
english	439	<td class="z_0 r_441 p1_✗human,, p2_p3_0_Verbrechen_und_Bestrafung,p3_1_, p4_">	<td>
english	440	<td class="z_0 r_442 p1_✗Herrschaft,, p2_p3_0_Herrschafts_Datenstruktur,p3_1_, p4_">	<td>
english	441	<td class="z_0 r_443 p1_✗planet_(10_and_or_12),✗Herrschaft,, p2_p3_0_Planetenherrschaft,p3_1_Planetenherrschaft,p3_2_, p4_">	<td>
english	442	<td class="z_0 r_444 p1_✗continuum,, p2_p3_0_Z,p3_1_, p4_">	<td>
english	443	<td class="z_0 r_445 p1_✗Herrschaft,✗continuum,, p2_p3_0_Herrschafts_Datenstruktur,p3_1_Q,p3_2_, p4_">	<td>
english	444	<td class="z_0 r_446 p1_✗Herrschaft,, p2_p3_0_Sternen_System,p3_1_, p4_">	<td>
english	445	<td class="z_0 r_447 p1_✗universe,, p2_p3_0_Objekte,p3_1_, p4_">	<td>
english	446	<td class="z_0 r_448 p1_✗continuum,, p2_p3_0_AD,p3_1_, p4_">	<td>
english	447	<td class="z_0 r_449 p1_✗Herrschaft,, p2_p3_0_Orbit-Herrschafts,p3_1_, p4_">	<td>
english	448	<td class="z_0 r_450 p1_✗continuum,, p2_p3_0_X,p3_1_, p4_">	<td>
english	449	<td class="z_0 r_451 p1_✗human,, p2_p3_0_Gott_und_Prophet,p3_1_, p4_">	<td>
english	450	<td class="z_0 r_452 p1_✗human,, p2_p3_0_socialclass,p3_1_, p4_">	<td>
english	451	<td class="z_0 r_453 p1_✗human,, p2_p3_0_Gott_und_Prophet,p3_1_, p4_">	<td>
english	452	<td class="z_0 r_454 p1_✗human,, p2_p3_0_Gott_und_Prophet,p3_1_, p4_">	<td>
english	453	<td class="z_0 r_455 p1_✗continuum,, p2_p3_0_X,p3_1_, p4_">	<td>
english	454	<td class="z_0 r_456 p1_✗human,, p2_p3_0_socialclass,p3_1_, p4_">	<td>
english	455	<td class="z_0 r_457 p1_✗continuum,, p2_p3_0_R,p3_1_, p4_">	<td>
english	456	<td class="z_0 r_458 p1_✗human,, p2_p3_0_Gott_und_Prophet,p3_1_, p4_">	<td>
english	457	<td class="z_0 r_459 p1_✗continuum,, p2_p3_0_AA,p3_1_, p4_">	<td>
english	458	<td class="z_0 r_460 p1_✗continuum,, p2_p3_0_AA,p3_1_, p4_">	<td>
english	459	<td class="z_0 r_461 p1_✗continuum,, p2_p3_0_AA,p3_1_, p4_">	<td>
english	460	<td class="z_0 r_462 p1_✗human,, p2_p3_0_motifs,p3_1_, p4_">	<td>
english	461	<td class="z_0 r_463 p1_✗planet_(10_and_or_12),✗Herrschaft,, p2_p3_0_Planetenherrschaft,p3_1_Planetenherrschaft,p3_2_, p4_">	<td>
english	462	<td class="z_0 r_464 p1_✗universe,, p2_p3_0_types_numbers,p3_1_, p4_">	<td>
english	463	<td class="z_0 r_465 p1_✗Herrschaft,, p2_p3_0_abstrakte_Herrschaft,p3_1_, p4_">	<td>
english	464	<td class="z_0 r_466 p1_✗continuum,✗continuum,, p2_p3_0_i,p3_1_X,p3_2_, p4_">	<td>
english	465	<td class="z_0 r_467 p1_✗continuum,, p2_p3_0_X,p3_1_, p4_">	<td>
english	466	<td class="z_0 r_468 p1_✗continuum,, p2_p3_0_W,p3_1_, p4_">	<td>
english	467	<td class="z_0 r_469 p1_✗continuum,, p2_p3_0_AT,p3_1_, p4_">	<td>
english	468	<td class="z_0 r_470 p1_✗multiverse,✗continuum,, p2_p3_0_P,p3_1_P,p3_2_, p4_">	<td>
english	469	<td class="z_0 r_471 p1_✗continuum,, p2_p3_0_Q,p3_1_, p4_">	<td>
english	470	<td class="z_0 r_472 p1_✗continuum,, p2_p3_0_T,p3_1_, p4_">	<td>
english	471	<td class="z_0 r_473 p1_✗continuum,, p2_p3_0_T,p3_1_, p4_">	<td>
english	472	<td class="z_0 r_474 p1_✗Herrschaft,, p2_p3_0_abstrakte_Herrschaft,p3_1_, p4_">	<td>
english	473	<td class="z_0 r_475 p1_✗continuum,, p2_p3_0_S,p3_1_, p4_">	<td>
english	474	<td class="z_0 r_476 p1_✗continuum,, p2_p3_0_k,p3_1_, p4_">	<td>
english	475	<td class="z_0 r_477 p1_✗continuum,, p2_p3_0_k,p3_1_, p4_">	<td>
english	476	<td class="z_0 r_478 p1_✗human,✗human,✗basic_structures,✗basic_structures,, p2_p3_0_love,p3_1_connections_(18),p3_2_connections_(18),p3_3_love_(7),p3_4_, p4_">	<td>
english	477	<td class="z_0 r_479 p1_✗human,, p2_p3_0_Psychopath_Soziopath,p3_1_, p4_">	<td>
english	478	<td class="z_0 r_480 p1_✗universe,, p2_p3_0_Spezies_Typofikation,p3_1_, p4_">	<td>
english	479	<td class="z_0 r_481 p1_✗continuum,, p2_p3_0_AB,p3_1_, p4_">	<td>
english	480	<td class="z_0 r_482 p1_✗multiverse,, p2_p3_0_Religionen_Kraefte_Krieg_der_Sterne_Star_Wars,p3_1_, p4_">	<td>
english	481	<td class="z_0 r_483 p1_✗human,✗continuum,, p2_p3_0_Eliten,p3_1_D,p3_2_, p4_">	<td>
english	482	<td class="z_0 r_484 p1_✗continuum,, p2_p3_0_AC,p3_1_, p4_">	<td>
english	483	<td class="z_0 r_485 p1_✗continuum,, p2_p3_0_AB,p3_1_, p4_">	<td>
english	484	<td class="z_0 r_486 p1_✗planet_(10_and_or_12),✗Herrschaft,, p2_p3_0_Planetenherrschaft,p3_1_Planetenherrschaft,p3_2_, p4_">	<td>
english	485	<td class="z_0 r_487 p1_✗continuum,, p2_p3_0_Q,p3_1_, p4_">	<td>
english	486	<td class="z_0 r_488 p1_✗continuum,, p2_p3_0_X,p3_1_, p4_">	<td>
english	487	<td class="z_0 r_489 p1_✗multiverse,✗economy,, p2_p3_0_machines,p3_1_machines,p3_2_, p4_">	<td>
english	488	<td class="z_0 r_490 p1_✗multiverse,✗economy,, p2_p3_0_machines,p3_1_machines,p3_2_, p4_">	<td>
english	489	<td class="z_0 r_491 p1_✗human,, p2_p3_0_Diplomatie,p3_1_, p4_">	<td>
english	490	<td class="z_0 r_492 p1_✗human,, p2_p3_0_Karriere,p3_1_, p4_">	<td>
english	491	<td class="z_0 r_493 p1_✗human,, p2_p3_0_Meisterschaft,p3_1_, p4_">	<td>
english	492	<td class="z_0 r_494 p1_✗human,, p2_p3_0_Karriere,p3_1_, p4_">	<td>
english	493	<td class="z_0 r_495 p1_✗human,, p2_p3_0_Psychopath_Soziopath,p3_1_, p4_">	<td>
english	494	<td class="z_0 r_496 p1_✗Herrschaft,, p2_p3_0_Herrschaftsformen,p3_1_, p4_">	<td>
english	495	<td class="z_0 r_497 p1_✗Herrschaft,, p2_p3_0_Galaxieherrschaft,p3_1_, p4_">	<td>
english	496	<td class="z_0 r_498 p1_✗multiverse,✗continuum,, p2_p3_0_P,p3_1_P,p3_2_, p4_">	<td>
english	497	<td class="z_0 r_499 p1_✗MetaMetaPhysik_und_MetaChemie,✗multiverse,, p2_p3_0_Kybernetik_und_Meta_Chemie,p3_1_Kybernetik_und_Meta_Chemie,p3_2_, p4_">	<td>
english	498	<td class="z_0 r_500 p1_✗human,, p2_p3_0_motifs,p3_1_, p4_">	<td>
english	499	<td class="z_0 r_501 p1_✗planet_(10_and_or_12),, p2_p3_0_Kreislaufwirtschaft,p3_1_, p4_">	<td>
english	500	<td class="z_0 r_502 p1_✗continuum,, p2_p3_0_AE,p3_1_, p4_">	<td>
english	501	<td class="z_0 r_503 p1_✗continuum,, p2_p3_0_AE,p3_1_, p4_">	<td>
english	502	<td class="z_0 r_504 p1_✗continuum,, p2_p3_0_AD,p3_1_, p4_">	<td>
english	503	<td class="z_0 r_505 p1_✗continuum,, p2_p3_0_Q,p3_1_, p4_">	<td>
english	504	<td class="z_0 r_506 p1_✗Herrschaft,, p2_p3_0_Herrschaftsformen,p3_1_, p4_">	<td>
english	505	<td class="z_0 r_507 p1_✗continuum,✗continuum,, p2_p3_0_X,p3_1_R,p3_2_, p4_">	<td>
english	506	<td class="z_0 r_508 p1_✗continuum,, p2_p3_0_X,p3_1_, p4_">	<td>
english	507	<td class="z_0 r_509 p1_✗human,, p2_p3_0_faith_and_epistemology,p3_1_, p4_">	<td>
english	508	<td class="z_0 r_510 p1_✗multiverse,, p2_p3_0_Religionen_Kraefte_Krieg_der_Sterne_Star_Wars,p3_1_, p4_">	<td>
english	509	<td class="z_0 r_511 p1_✗multiverse,, p2_p3_0_colors,p3_1_, p4_">	<td>
english	510	<td class="z_0 r_512 p1_✗human,, p2_p3_0_punishment,p3_1_, p4_">	<td>
english	511	<td class="z_0 r_513 p1_✗multiverse,✗continuum,, p2_p3_0_P,p3_1_P,p3_2_, p4_">	<td>
english	512	<td class="z_0 r_514 p1_✗human,, p2_p3_0_Konservativismus,p3_1_, p4_">	<td>
english	513	<td class="z_0 r_515 p1_✗human,, p2_p3_0_Konservativismus,p3_1_, p4_">	<td>
english	514	<td class="z_0 r_516 p1_✗human,, p2_p3_0_Konservativismus,p3_1_, p4_">	<td>
english	515	<td class="z_0 r_517 p1_✗human,, p2_p3_0_Konservativismus,p3_1_, p4_">	<td>
english	516	<td class="z_0 r_518 p1_✗human,, p2_p3_0_Konservativismus,p3_1_, p4_">	<td>
english	517	<td class="z_0 r_519 p1_✗human,, p2_p3_0_Konservativismus,p3_1_, p4_">	<td>
english	518	<td class="z_0 r_520 p1_✗human,, p2_p3_0_Evolution,p3_1_, p4_">	<td>
english	519	<td class="z_0 r_521 p1_✗human,, p2_p3_0_management,p3_1_, p4_">	<td>
english	520	<td class="z_0 r_522 p1_✗multiverse,, p2_p3_0_colors,p3_1_, p4_">	<td>
english	521	<td class="z_0 r_523 p1_✗universe,, p2_p3_0_Entwicklungs_Stadium_Spezies,p3_1_, p4_">	<td>
english	522	<td class="z_0 r_524 p1_✗multiverse,✗continuum,, p2_p3_0_P,p3_1_P,p3_2_, p4_">	<td>
english	523	<td class="z_0 r_525 p1_✗planet_(10_and_or_12),✗Herrschaft,, p2_p3_0_Planetenherrschaft,p3_1_Planetenherrschaft,p3_2_, p4_">	<td>
english	524	<td class="z_0 r_526 p1_✗Herrschaft,, p2_p3_0_Spezies,p3_1_, p4_">	<td>
english	525	<td class="z_0 r_527 p1_✗Herrschaft,, p2_p3_0_Spezies,p3_1_, p4_">	<td>
english	526	<td class="z_0 r_528 p1_✗MetaMetaPhysik_und_MetaChemie,, p2_p3_0_Meta_Meta_Physik_Einteilungen,p3_1_, p4_">	<td>
english	527	<td class="z_0 r_529 p1_✗MetaMetaPhysik_und_MetaChemie,, p2_p3_0_Meta_Meta_Physik_Einteilungen,p3_1_, p4_">	<td>
english	528	<td class="z_0 r_530 p1_✗MetaMetaPhysik_und_MetaChemie,, p2_p3_0_Meta_Meta_Physik_Einteilungen,p3_1_, p4_">	<td>
english	529	<td class="z_0 r_531 p1_✗MetaMetaPhysik_und_MetaChemie,, p2_p3_0_Meta_Meta_Physik_Einteilungen,p3_1_, p4_">	<td>
english	530	<td class="z_0 r_532 p1_✗MetaMetaPhysik_und_MetaChemie,, p2_p3_0_Meta_Meta_Physik_Einteilungen,p3_1_, p4_">	<td>
english	531	<td class="z_0 r_533 p1_✗MetaMetaPhysik_und_MetaChemie,, p2_p3_0_Meta_Meta_Physik_Einteilungen,p3_1_, p4_">	<td>
english	532	<td class="z_0 r_534 p1_✗continuum,✗continuum,, p2_p3_0_i,p3_1_X,p3_2_, p4_">	<td>
english	533	<td class="z_0 r_535 p1_✗multiverse,✗economy,, p2_p3_0_machines,p3_1_machines,p3_2_, p4_">	<td>
english	534	<td class="z_0 r_536 p1_✗multiverse,✗economy,, p2_p3_0_machines,p3_1_machines,p3_2_, p4_">	<td>
english	535	<td class="z_0 r_537 p1_✗multiverse,✗economy,, p2_p3_0_machines,p3_1_machines,p3_2_, p4_">	<td>
english	536	<td class="z_0 r_538 p1_✗multiverse,✗continuum,, p2_p3_0_P,p3_1_P,p3_2_, p4_">	<td>
english	537	<td class="z_0 r_539 p1_✗human,✗basic_structures,, p2_p3_0_socialclass,p3_1_classes_(20),p3_2_, p4_">	<td>
english	538	<td class="z_0 r_540 p1_✗continuum,, p2_p3_0_Q,p3_1_, p4_">	<td>
english	539	<td class="z_0 r_541 p1_✗universe,, p2_p3_0_types_numbers,p3_1_, p4_">	<td>
english	540	<td class="z_0 r_542 p1_✗continuum,, p2_p3_0_k,p3_1_, p4_">	<td>
english	541	<td class="z_0 r_543 p1_✗continuum,, p2_p3_0_k,p3_1_, p4_">	<td>
english	542	<td class="z_0 r_544 p1_✗continuum,, p2_p3_0_k,p3_1_, p4_">	<td>
english	543	<td class="z_0 r_545 p1_✗human,, p2_p3_0_Anführer_und_Chef,p3_1_, p4_">	<td>
english	544	<td class="z_0 r_546 p1_✗human,, p2_p3_0_Karriere,p3_1_, p4_">	<td>
english	545	<td class="z_0 r_547 p1_✗human,, p2_p3_0_Karriere,p3_1_, p4_">	<td>
english	546	<td class="z_0 r_548 p1_✗human,, p2_p3_0_Karriere,p3_1_, p4_">	<td>
english	547	<td class="z_0 r_549 p1_✗human,, p2_p3_0_Karriere,p3_1_, p4_">	<td>
english	548	<td class="z_0 r_550 p1_✗universe,, p2_p3_0_types_numbers,p3_1_, p4_">	<td>
english	549	<td class="z_0 r_551 p1_✗universe,, p2_p3_0_types_numbers,p3_1_, p4_">	<td>
english	550	<td class="z_0 r_552 p1_✗universe,✗planet_(10_and_or_12),, p2_p3_0_Logik,p3_1_Logik,p3_2_, p4_">	<td>
english	551	<td class="z_0 r_553 p1_✗universe,, p2_p3_0_Winkel,p3_1_, p4_">	<td>
english	552	<td class="z_0 r_554 p1_✗universe,✗continuum,, p2_p3_0_Morphismen,p3_1_AC,p3_2_, p4_">	<td>
english	553	<td class="z_0 r_555 p1_✗universe,, p2_p3_0_types_numbers,p3_1_, p4_">	<td>
english	554	<td class="z_0 r_556 p1_✗continuum,, p2_p3_0_M,p3_1_, p4_0,5">	<td>
english	555	<td class="z_0 r_557 p1_✗basic_structures,✗scale,✗scale,, p2_p3_0_structureSize,p3_1_structureSize,p3_2_organizations,p3_3_, p4_4,0">	<td>
english	556	<td class="z_0 r_558 p1_✗multiplications,, p2_p3_0_Not_generated, p4_4,0,3">	<td>
english	557	<td class="z_0 r_559 p1_✗fractional_galaxy_n/m,, p2_p3_0_2, p4_1,0,6,3">	<td>
english	558	<td class="z_0 r_560 p1_✗fractional_galaxy_n/m,, p2_p3_0_3, p4_1,0,6,3">	<td>
english	559	<td class="z_0 r_561 p1_✗fractional_galaxy_n/m,, p2_p3_0_4, p4_1,0,6,3">	<td>
english	560	<td class="z_0 r_562 p1_✗fractional_galaxy_n/m,, p2_p3_0_5, p4_1,0,6,3">	<td>
english	561	<td class="z_0 r_563 p1_✗fractional_galaxy_n/m,, p2_p3_0_6, p4_1,0,6,3">	<td>
english	562	<td class="z_0 r_564 p1_✗fractional_galaxy_n/m,, p2_p3_0_7, p4_1,0,6,3">	<td>
english	563	<td class="z_0 r_565 p1_✗fractional_galaxy_n/m,, p2_p3_0_8, p4_1,0,6,3">	<td>
english	564	<td class="z_0 r_566 p1_✗fractional_galaxy_n/m,, p2_p3_0_9, p4_1,0,6,3">	<td>
english	565	<td class="z_0 r_567 p1_✗fractional_galaxy_n/m,, p2_p3_0_10, p4_1,0,6,3">	<td>
english	566	<td class="z_0 r_568 p1_✗fractional_galaxy_n/m,, p2_p3_0_11, p4_1,0,6,3">	<td>
english	567	<td class="z_0 r_569 p1_✗fractional_galaxy_n/m,, p2_p3_0_12, p4_1,0,6,3">	<td>
english	568	<td class="z_0 r_570 p1_✗fractional_galaxy_n/m,, p2_p3_0_13, p4_1,0,6,3">	<td>
english	569	<td class="z_0 r_571 p1_✗fractional_galaxy_n/m,, p2_p3_0_14, p4_1,0,6,3">	<td>
english	570	<td class="z_0 r_572 p1_✗fractional_galaxy_n/m,, p2_p3_0_15, p4_1,0,6,3">	<td>
english	571	<td class="z_0 r_573 p1_✗fractional_galaxy_n/m,, p2_p3_0_16, p4_1,0,6,3">	<td>
english	572	<td class="z_0 r_574 p1_✗fractional_galaxy_n/m,, p2_p3_0_17, p4_1,0,6,3">	<td>
english	573	<td class="z_0 r_575 p1_✗fractional_galaxy_n/m,, p2_p3_0_18, p4_1,0,6,3">	<td>
english	574	<td class="z_0 r_576 p1_✗fractional_galaxy_n/m,, p2_p3_0_19, p4_1,0,6,3">	<td>
english	575	<td class="z_0 r_577 p1_✗fractional_galaxy_n/m,, p2_p3_0_20, p4_1,0,6,3">	<td>
english	576	<td class="z_0 r_578 p1_✗fractional_galaxy_n/m,, p2_p3_0_21, p4_1,0,6,3">	<td>
english	577	<td class="z_0 r_579 p1_✗fractional_galaxy_n/m,, p2_p3_0_2, p4_1,0,6,3">	<td>
english	578	<td class="z_0 r_580 p1_✗fractional_galaxy_n/m,, p2_p3_0_3, p4_1,0,6,3">	<td>
english	579	<td class="z_0 r_581 p1_✗fractional_galaxy_n/m,, p2_p3_0_4, p4_1,0,6,3">	<td>
english	580	<td class="z_0 r_582 p1_✗fractional_galaxy_n/m,, p2_p3_0_5, p4_1,0,6,3">	<td>
english	581	<td class="z_0 r_583 p1_✗fractional_galaxy_n/m,, p2_p3_0_6, p4_1,0,6,3">	<td>
english	582	<td class="z_0 r_584 p1_✗fractional_galaxy_n/m,, p2_p3_0_7, p4_1,0,6,3">	<td>
english	583	<td class="z_0 r_585 p1_✗fractional_galaxy_n/m,, p2_p3_0_8, p4_1,0,6,3">	<td>
english	584	<td class="z_0 r_586 p1_✗fractional_galaxy_n/m,, p2_p3_0_9, p4_1,0,6,3">	<td>
english	585	<td class="z_0 r_587 p1_✗fractional_galaxy_n/m,, p2_p3_0_10, p4_1,0,6,3">	<td>
english	586	<td class="z_0 r_588 p1_✗fractional_galaxy_n/m,, p2_p3_0_11, p4_1,0,6,3">	<td>
english	587	<td class="z_0 r_589 p1_✗fractional_galaxy_n/m,, p2_p3_0_12, p4_1,0,6,3">	<td>
english	588	<td class="z_0 r_590 p1_✗fractional_galaxy_n/m,, p2_p3_0_13, p4_1,0,6,3">	<td>
english	589	<td class="z_0 r_591 p1_✗fractional_galaxy_n/m,, p2_p3_0_14, p4_1,0,6,3">	<td>
english	590	<td class="z_0 r_592 p1_✗fractional_galaxy_n/m,, p2_p3_0_15, p4_1,0,6,3">	<td>
english	591	<td class="z_0 r_593 p1_✗fractional_galaxy_n/m,, p2_p3_0_16, p4_1,0,6,3">	<td>
english	592	<td class="z_0 r_594 p1_✗fractional_galaxy_n/m,, p2_p3_0_17, p4_1,0,6,3">	<td>
english	593	<td class="z_0 r_595 p1_✗fractional_galaxy_n/m,, p2_p3_0_18, p4_1,0,6,3">	<td>
english	594	<td class="z_0 r_596 p1_✗fractional_galaxy_n/m,, p2_p3_0_19, p4_1,0,6,3">	<td>
english	595	<td class="z_0 r_597 p1_✗fractional_galaxy_n/m,, p2_p3_0_20, p4_1,0,6,3">	<td>
english	596	<td class="z_0 r_598 p1_✗fractional_galaxy_n/m,, p2_p3_0_21, p4_1,0,6,3">	<td>
english	597	<td class="z_0 r_599 p1_✗fractional_universe_n/m,, p2_p3_0_2, p4_1,4,0,6">	<td>
english	598	<td class="z_0 r_600 p1_✗fractional_universe_n/m,, p2_p3_0_3, p4_1,4,0,6">	<td>
english	599	<td class="z_0 r_601 p1_✗fractional_universe_n/m,, p2_p3_0_4, p4_1,4,0,6">	<td>
english	600	<td class="z_0 r_602 p1_✗fractional_universe_n/m,, p2_p3_0_5, p4_1,4,0,6">	<td>
english	601	<td class="z_0 r_603 p1_✗fractional_universe_n/m,, p2_p3_0_6, p4_1,4,0,6">	<td>
english	602	<td class="z_0 r_604 p1_✗fractional_universe_n/m,, p2_p3_0_7, p4_1,4,0,6">	<td>
english	603	<td class="z_0 r_605 p1_✗fractional_universe_n/m,, p2_p3_0_8, p4_1,4,0,6">	<td>
english	604	<td class="z_0 r_606 p1_✗fractional_universe_n/m,, p2_p3_0_9, p4_1,4,0,6">	<td>
english	605	<td class="z_0 r_607 p1_✗fractional_universe_n/m,, p2_p3_0_10, p4_1,4,0,6">	<td>
english	606	<td class="z_0 r_608 p1_✗fractional_universe_n/m,, p2_p3_0_11, p4_1,4,0,6">	<td>
english	607	<td class="z_0 r_609 p1_✗fractional_universe_n/m,, p2_p3_0_12, p4_1,4,0,6">	<td>
english	608	<td class="z_0 r_610 p1_✗fractional_universe_n/m,, p2_p3_0_13, p4_1,4,0,6">	<td>
english	609	<td class="z_0 r_611 p1_✗fractional_universe_n/m,, p2_p3_0_14, p4_1,4,0,6">	<td>
english	610	<td class="z_0 r_612 p1_✗fractional_universe_n/m,, p2_p3_0_15, p4_1,4,0,6">	<td>
english	611	<td class="z_0 r_613 p1_✗fractional_universe_n/m,, p2_p3_0_16, p4_1,4,0,6">	<td>
english	612	<td class="z_0 r_614 p1_✗fractional_universe_n/m,, p2_p3_0_17, p4_1,4,0,6">	<td>
english	613	<td class="z_0 r_615 p1_✗fractional_universe_n/m,, p2_p3_0_18, p4_1,4,0,6">	<td>
english	614	<td class="z_0 r_616 p1_✗fractional_universe_n/m,, p2_p3_0_19, p4_1,4,0,6">	<td>
english	615	<td class="z_0 r_617 p1_✗fractional_universe_n/m,, p2_p3_0_2, p4_1,4,0,6">	<td>
english	616	<td class="z_0 r_618 p1_✗fractional_universe_n/m,, p2_p3_0_3, p4_1,4,0,6">	<td>
english	617	<td class="z_0 r_619 p1_✗fractional_universe_n/m,, p2_p3_0_4, p4_1,4,0,6">	<td>
english	618	<td class="z_0 r_620 p1_✗fractional_universe_n/m,, p2_p3_0_5, p4_1,4,0,6">	<td>
english	619	<td class="z_0 r_621 p1_✗fractional_universe_n/m,, p2_p3_0_6, p4_1,4,0,6">	<td>
english	620	<td class="z_0 r_622 p1_✗fractional_universe_n/m,, p2_p3_0_7, p4_1,4,0,6">	<td>
english	621	<td class="z_0 r_623 p1_✗fractional_universe_n/m,, p2_p3_0_8, p4_1,4,0,6">	<td>
english	622	<td class="z_0 r_624 p1_✗fractional_universe_n/m,, p2_p3_0_9, p4_1,4,0,6">	<td>
english	623	<td class="z_0 r_625 p1_✗fractional_universe_n/m,, p2_p3_0_10, p4_1,4,0,6">	<td>
english	624	<td class="z_0 r_626 p1_✗fractional_universe_n/m,, p2_p3_0_11, p4_1,4,0,6">	<td>
english	625	<td class="z_0 r_627 p1_✗fractional_universe_n/m,, p2_p3_0_12, p4_1,4,0,6">	<td>
english	626	<td class="z_0 r_628 p1_✗fractional_universe_n/m,, p2_p3_0_13, p4_1,4,0,6">	<td>
english	627	<td class="z_0 r_629 p1_✗fractional_universe_n/m,, p2_p3_0_14, p4_1,4,0,6">	<td>
english	628	<td class="z_0 r_630 p1_✗fractional_universe_n/m,, p2_p3_0_15, p4_1,4,0,6">	<td>
english	629	<td class="z_0 r_631 p1_✗fractional_universe_n/m,, p2_p3_0_16, p4_1,4,0,6">	<td>
english	630	<td class="z_0 r_632 p1_✗fractional_universe_n/m,, p2_p3_0_17, p4_1,4,0,6">	<td>
english	631	<td class="z_0 r_633 p1_✗fractional_universe_n/m,, p2_p3_0_18, p4_1,4,0,6">	<td>
english	632	<td class="z_0 r_634 p1_✗fractional_universe_n/m,, p2_p3_0_19, p4_1,4,0,6">	<td>
english	633	<td class="z_0 r_635 p1_✗fractional_universe_n/m,, p2_p3_0_20, p4_1,4,0,6">	<td>
english	634	<td class="z_0 r_636 p1_✗fractional_universe_n/m,, p2_p3_0_21, p4_1,4,0,6">	<td>
english	635	<td class="z_0 r_637 p1_✗fractional-rational_numbered_emotions_n/m,, p2_p3_0_2, p4_1,0,6,5">	<td>
english	636	<td class="z_0 r_638 p1_✗fractional-rational_numbered_emotions_n/m,, p2_p3_0_3, p4_1,0,6,5">	<td>
english	637	<td class="z_0 r_639 p1_✗fractional-rational_numbered_emotions_n/m,, p2_p3_0_4, p4_1,0,6,5">	<td>
english	638	<td class="z_0 r_640 p1_✗fractional-rational_numbered_emotions_n/m,, p2_p3_0_5, p4_1,0,6,5">	<td>
english	639	<td class="z_0 r_641 p1_✗fractional-rational_numbered_emotions_n/m,, p2_p3_0_6, p4_1,0,6,5">	<td>
english	640	<td class="z_0 r_642 p1_✗fractional-rational_numbered_emotions_n/m,, p2_p3_0_7, p4_1,0,6,5">	<td>
english	641	<td class="z_0 r_643 p1_✗fractional-rational_numbered_emotions_n/m,, p2_p3_0_2, p4_1,0,6,5">	<td>
english	642	<td class="z_0 r_644 p1_✗fractional-rational_numbered_emotions_n/m,, p2_p3_0_3, p4_1,0,6,5">	<td>
english	643	<td class="z_0 r_645 p1_✗fractional-rational_numbered_emotions_n/m,, p2_p3_0_4, p4_1,0,6,5">	<td>
english	644	<td class="z_0 r_646 p1_✗fractional-rational_numbered_emotions_n/m,, p2_p3_0_5, p4_1,0,6,5">	<td>
english	645	<td class="z_0 r_647 p1_✗fractional-rational_numbered_emotions_n/m,, p2_p3_0_6, p4_1,0,6,5">	<td>
english	646	<td class="z_0 r_648 p1_✗fractional-rational_numbered_emotions_n/m,, p2_p3_0_7, p4_1,0,6,5">	<td>
english	647	<td class="z_0 r_649 p1_✗fractional-rational_numbered_structure_sizes_n/m,, p2_p3_0_2, p4_1,0,6,5">	<td>
english	648	<td class="z_0 r_650 p1_✗fractional-rational_numbered_structure_sizes_n/m,, p2_p3_0_3, p4_1,0,6,5">	<td>
english	649	<td class="z_0 r_651 p1_✗fractional-rational_numbered_structure_sizes_n/m,, p2_p3_0_4, p4_1,0,6,5">	<td>
english	650	<td class="z_0 r_652 p1_✗fractional-rational_numbered_structure_sizes_n/m,, p2_p3_0_5, p4_1,0,6,5">	<td>
english	651	<td class="z_0 r_653 p1_✗fractional-rational_numbered_structure_sizes_n/m,, p2_p3_0_6, p4_1,0,6,5">	<td>
english	652	<td class="z_0 r_654 p1_✗fractional-rational_numbered_structure_sizes_n/m,, p2_p3_0_7, p4_1,0,6,5">	<td>
english	653	<td class="z_0 r_655 p1_✗fractional-rational_numbered_structure_sizes_n/m,, p2_p3_0_8, p4_1,0,6,5">	<td>
english	654	<td class="z_0 r_656 p1_✗fractional-rational_numbered_structure_sizes_n/m,, p2_p3_0_9, p4_1,0,6,5">	<td>
english	655	<td class="z_0 r_657 p1_✗fractional-rational_numbered_structure_sizes_n/m,, p2_p3_0_10, p4_1,0,6,5">	<td>
english	656	<td class="z_0 r_658 p1_✗fractional-rational_numbered_structure_sizes_n/m,, p2_p3_0_11, p4_1,0,6,5">	<td>
english	657	<td class="z_0 r_659 p1_✗fractional-rational_numbered_structure_sizes_n/m,, p2_p3_0_12, p4_1,0,6,5">	<td>
english	658	<td class="z_0 r_660 p1_✗fractional-rational_numbered_structure_sizes_n/m,, p2_p3_0_13, p4_1,0,6,5">	<td>
english	659	<td class="z_0 r_661 p1_✗fractional-rational_numbered_structure_sizes_n/m,, p2_p3_0_14, p4_1,0,6,5">	<td>
english	660	<td class="z_0 r_662 p1_✗fractional-rational_numbered_structure_sizes_n/m,, p2_p3_0_15, p4_1,0,6,5">	<td>
english	661	<td class="z_0 r_663 p1_✗fractional-rational_numbered_structure_sizes_n/m,, p2_p3_0_16, p4_1,0,6,5">	<td>
english	662	<td class="z_0 r_664 p1_✗fractional-rational_numbered_structure_sizes_n/m,, p2_p3_0_2, p4_1,0,6,5">	<td>
english	663	<td class="z_0 r_665 p1_✗fractional-rational_numbered_structure_sizes_n/m,, p2_p3_0_3, p4_1,0,6,5">	<td>
english	664	<td class="z_0 r_666 p1_✗fractional-rational_numbered_structure_sizes_n/m,, p2_p3_0_4, p4_1,0,6,5">	<td>
english	665	<td class="z_0 r_667 p1_✗fractional-rational_numbered_structure_sizes_n/m,, p2_p3_0_5, p4_1,0,6,5">	<td>
english	666	<td class="z_0 r_668 p1_✗fractional-rational_numbered_structure_sizes_n/m,, p2_p3_0_6, p4_1,0,6,5">	<td>
english	667	<td class="z_0 r_669 p1_✗fractional-rational_numbered_structure_sizes_n/m,, p2_p3_0_7, p4_1,0,6,5">	<td>
english	668	<td class="z_0 r_670 p1_✗fractional-rational_numbered_structure_sizes_n/m,, p2_p3_0_8, p4_1,0,6,5">	<td>
english	669	<td class="z_0 r_671 p1_✗fractional-rational_numbered_structure_sizes_n/m,, p2_p3_0_9, p4_1,0,6,5">	<td>
english	670	<td class="z_0 r_672 p1_✗fractional-rational_numbered_structure_sizes_n/m,, p2_p3_0_10, p4_1,0,6,5">	<td>
english	671	<td class="z_0 r_673 p1_✗fractional-rational_numbered_structure_sizes_n/m,, p2_p3_0_11, p4_1,0,6,5">	<td>
english	672	<td class="z_0 r_674 p1_✗fractional-rational_numbered_structure_sizes_n/m,, p2_p3_0_12, p4_1,0,6,5">	<td>
english	673	<td class="z_0 r_675 p1_✗fractional-rational_numbered_structure_sizes_n/m,, p2_p3_0_13, p4_1,0,6,5">	<td>
english	674	<td class="z_0 r_676 p1_✗fractional-rational_numbered_structure_sizes_n/m,, p2_p3_0_14, p4_1,0,6,5">	<td>
english	675	<td class="z_0 r_677 p1_✗fractional-rational_numbered_structure_sizes_n/m,, p2_p3_0_15, p4_1,0,6,5">	<td>
english	676	<td class="z_0 r_678 p1_✗fractional-rational_numbered_structure_sizes_n/m,, p2_p3_0_16, p4_1,0,6,5">	<td>
english	677	<td class="z_0 r_679 p1_✗properties_n,, p2_p3_0_good_evil_love_bad,p3_1_, p4_0,3">	<td>
english	678	<td class="z_0 r_680 p1_✗properties_n,, p2_p3_0_wisdom_etc,p3_1_, p4_0,3">	<td>
english	679	<td class="z_0 r_681 p1_✗properties_n,, p2_p3_0_time_vs_space,p3_1_, p4_0,3">	<td>
english	680	<td class="z_0 r_682 p1_✗properties_n,, p2_p3_0_opinions_and_reputation,p3_1_, p4_0,3">	<td>
english	681	<td class="z_0 r_683 p1_✗properties_1/n,, p2_p3_0_tolerance_respect_acceptance_welcome,p3_1_, p4_1,3">	<td>
english	682	<td class="z_0 r_684 p1_✗human,✗properties_n,, p2_p3_0_egoism,p3_1_egoism_vs_altruism,p3_2_, p4_0,3">	<td>
english	683	<td class="z_0 r_685 p1_✗properties_n,, p2_p3_0_causal,p3_1_, p4_0,3">	<td>
english	684	<td class="z_0 r_686 p1_✗human,✗basic_structures,✗properties_n,, p2_p3_0_love,p3_1_love_(7),p3_2_polarity_of_love,p3_3_, p4_0,3">	<td>
english	685	<td class="z_0 r_687 p1_✗properties_n,, p2_p3_0_unite_vs_connect,p3_1_, p4_0,3">	<td>
english	686	<td class="z_0 r_688 p1_✗properties_n,, p2_p3_0_opinionintelligence,p3_1_, p4_0,3">	<td>
english	687	<td class="z_0 r_689 p1_✗properties_n,, p2_p3_0_gentle_vs_hard,p3_1_, p4_0,3">	<td>
english	688	<td class="z_0 r_690 p1_✗properties_n,, p2_p3_0_gentle_vs_hard,p3_1_, p4_0,3">	<td>
english	689	<td class="z_0 r_691 p1_✗properties_n,, p2_p3_0_egalitarian_vs_authoritarian,p3_1_, p4_0,3">	<td>
english	690	<td class="z_0 r_692 p1_✗properties_n,, p2_p3_0_arrogance,p3_1_, p4_0,3">	<td>
english	691	<td class="z_0 r_693 p1_✗properties_n,, p2_p3_0_leadership,p3_1_, p4_0,3">	<td>
english	692	<td class="z_0 r_694 p1_✗properties_n,, p2_p3_0_encourage_sensitize_and_grant,p3_1_, p4_0,3">	<td>
english	693	<td class="z_0 r_695 p1_✗properties_n,, p2_p3_0_X-ray,p3_1_, p4_0,3">	<td>
english	694	<td class="z_0 r_696 p1_✗properties_n,, p2_p3_0_morality,p3_1_, p4_0,3">	<td>
english	695	<td class="z_0 r_697 p1_✗human,✗properties_n,, p2_p3_0_sense_and_meaning_of_life,p3_1_meaning_and_purpose_of_life,p3_2_, p4_0,3">	<td>
english	696	<td class="z_0 r_698 p1_✗properties_n,, p2_p3_0_gods_prophets_families_friends,p3_1_, p4_0,3">	<td>
english	697	<td class="z_0 r_699 p1_✗properties_n,, p2_p3_0_valuable,p3_1_, p4_0,3">	<td>
english	698	<td class="z_0 r_700 p1_✗properties_n,, p2_p3_0_equality,p3_1_, p4_0,3">	<td>
english	699	<td class="z_0 r_701 p1_✗properties_n,, p2_p3_0_survival,p3_1_, p4_0,3">	<td>
english	700	<td class="z_0 r_702 p1_✗properties_n,, p2_p3_0_affection_dislike,p3_1_, p4_0,3">	<td>
english	701	<td class="z_0 r_703 p1_✗properties_n,, p2_p3_0_scope,p3_1_, p4_0,3">	<td>
english	702	<td class="z_0 r_704 p1_✗human,, p2_p3_0_Morale,p3_1_, p4_0,3">	<td>
english	703	<td class="z_0 r_705 p1_✗human,✗properties_n,, p2_p3_0_honest_vs_polite,p3_1_honest_vs_polite,p3_2_, p4_0,3">	<td>
english	704	<td class="z_0 r_706 p1_✗properties_n,, p2_p3_0_varied_monotonous,p3_1_, p4_0,3">	<td>
english	705	<td class="z_0 r_707 p1_✗properties_n,, p2_p3_0_selflessness_Ilessness_etc,p3_1_, p4_0,3">	<td>
english	706	<td class="z_0 r_708 p1_✗properties_n,, p2_p3_0_cooperation_vs_ass,p3_1_, p4_0,3">	<td>
english	707	<td class="z_0 r_709 p1_✗properties_n,, p2_p3_0_love_etc,p3_1_, p4_0,3">	<td>
english	708	<td class="z_0 r_710 p1_✗properties_n,, p2_p3_0_research_invention_engagement,p3_1_, p4_0,3">	<td>
english	709	<td class="z_0 r_711 p1_✗properties_n,, p2_p3_0_selfishness_wantingYourOwnI_etc,p3_1_, p4_0,3">	<td>
english	710	<td class="z_0 r_712 p1_✗properties_n,, p2_p3_0_ego,p3_1_, p4_0,3">	<td>
english	711	<td class="z_0 r_713 p1_✗properties_n,, p2_p3_0_familyneeds,p3_1_, p4_0,3">	<td>
english	712	<td class="z_0 r_714 p1_✗properties_n,, p2_p3_0_get_your_right,p3_1_, p4_0,3">	<td>
english	713	<td class="z_0 r_715 p1_✗properties_1/n,, p2_p3_0_align_setup,p3_1_, p4_1,3">	<td>
english	714	<td class="z_0 r_716 p1_✗properties_1/n,, p2_p3_0_values,p3_1_, p4_1,3">	<td>
english	715	<td class="z_0 r_717 p1_✗properties_1/n,, p2_p3_0_Goodnessegoism,p3_1_, p4_1,3">	<td>
english	716	<td class="z_0 r_718 p1_✗properties_1/n,, p2_p3_0_reflect_recognize,p3_1_, p4_1,3">	<td>
english	717	<td class="z_0 r_719 p1_✗properties_1/n,, p2_p3_0_trust_want,p3_1_, p4_1,3">	<td>
english	718	<td class="z_0 r_720 p1_✗properties_n,, p2_p3_0_engage_trust_denounce,p3_1_, p4_0,3">	<td>
english	719	<td class="z_0 r_721 p1_✗properties_1/n,, p2_p3_0_rule_vs_exception,p3_1_, p4_1,3">	<td>
english	720	<td class="z_0 r_722 p1_✗properties_1/n,, p2_p3_0_dignified,p3_1_, p4_1,3">	<td>
english	721	<td class="z_0 r_723 p1_✗properties_n,, p2_p3_0_honesty_and_contention,p3_1_, p4_0,3">	<td>
english	722	<td class="z_0 r_724 p1_✗properties_n,, p2_p3_0_inferior_superior,p3_1_, p4_0,3">	<td>
english	723	<td class="z_0 r_725 p1_✗most_important_to_understand,✗meaning,, p2_p3_0_thirdmostimportant,p3_1_spaceObject,p3_2_, p4_0,3">	<td>
english	724	<td class="z_0 r_726 p1_✗planet_(10_and_or_12),✗human,✗basic_structures,, p2_p3_0_equality_freedom_order,p3_1_equality_freedom,p3_2_order_and_Filtering_12_and_1pro12,p3_3_, p4_4,0">	<td>
english	725	<td class="z_0 r_727 p1_✗universe,✗basic_structures,✗basic_structures,✗multiverse,, p2_p3_0_mind__(15),p3_1_comprehend_emotionally_or_mentally_by_prime_cross_algorithm_(15),p3_2_mind_(15),p3_3_mind_(15),p3_4_, p4_4,0">	<td>
english	726	<td class="z_0 r_728 p1_✗most_important_to_understand,✗meaning,, p2_p3_0_thirdmostimportant,p3_1_spaceObject,p3_2_, p4_4,0,3">	<td>
english	727	<td class="z_0 r_729 p1_✗most_important_to_understand,✗meaning,, p2_p3_0_thirdmostimportant,p3_1_spaceObject,p3_2_, p4_1,4,3">	<td>
english	728	<td class="z_0 r_730 p1_✗multiplications,✗most_important_to_understand,, p2_p3_0_Motifs_starpolygons,p3_1_fourth_most_important, p4_0,3">	<td>
english	729	<td class="z_0 r_731 p1_✗multiplications,✗multiplications,✗most_important_to_understand,, p2_p3_0_structure_star_polygons,p3_1_Motifs_starpolygons,p3_2_fourth_most_important, p4_4,0,3">	<td>
english	730	<td class="z_0 r_732 p1_✗multiplications,✗multiplications,✗most_important_to_understand,, p2_p3_0_structure_star_polygons,p3_1_Motifs_starpolygons,p3_2_fourth_most_important, p4_4,0,3">	<td>
english	731	<td class="z_0 r_733 p1_✗multiplications,, p2_p3_0_structure_star_polygons, p4_4,0">	<td>
english	732	<td class="z_0 r_734 p1_✗multiplications,, p2_p3_0_motifs_uniform_polygons, p4_1,3">	<td>
english	733	<td class="z_0 r_735 p1_✗multiplications,✗multiplications,, p2_p3_0_structure_regular_polygons,p3_1_motifs_uniform_polygons, p4_1,4,3">	<td>
english	734	<td class="z_0 r_736 p1_✗multiplications,✗multiplications,, p2_p3_0_structure_regular_polygons,p3_1_motifs_uniform_polygons, p4_1,4,3">	<td>
english	735	<td class="z_0 r_737 p1_✗multiplications,, p2_p3_0_structure_regular_polygons, p4_1,4">	<td>
english	736	<td class="z_0 r_738 p1_✗multiplications,, p2_p3_0_motif_star_polygon_fractioned-rational, p4_0,6,3">	<td>
english	737	<td class="z_0 r_739 p1_✗multiplications,✗multiplications,, p2_p3_0_structure_star_polygon_fractioned-rational,p3_1_motif_star_polygon_fractioned-rational, p4_4,0,6,3">	<td>
english	738	<td class="z_0 r_740 p1_✗multiplications,✗multiplications,, p2_p3_0_structure_star_polygon_fractioned-rational,p3_1_motif_star_polygon_fractioned-rational, p4_4,0,6,3">	<td>
english	739	<td class="z_0 r_741 p1_✗multiplications,, p2_p3_0_structure_star_polygon_fractioned-rational, p4_4,0,6">	<td>
english	740	<td class="z_0 r_742 p1_✗multiplications,, p2_p3_0_motif_regular_polygons_fractioned-rational, p4_1,6,3">	<td>
english	741	<td class="z_0 r_743 p1_✗multiplications,✗multiplications,, p2_p3_0_structure_regular_polygons_fractioned-rationall,p3_1_motif_regular_polygons_fractioned-rational, p4_1,4,6,3">	<td>
english	742	<td class="z_0 r_744 p1_✗multiplications,✗multiplications,, p2_p3_0_structure_regular_polygons_fractioned-rationall,p3_1_motif_regular_polygons_fractioned-rational, p4_1,4,6,3">	<td>
english	743	<td class="z_0 r_745 p1_✗multiplications,, p2_p3_0_structure_regular_polygons_fractioned-rationall, p4_1,4,6">	<td>
english	744	<td class="z_0 r_746 p1_✗meaning,✗pro_contra,✗basic_structures,, p2_p3_0_prime_cross_pro_contra,p3_1_prime_cross_pro_contra,p3_2_comprehend_emotionally_or_mentally_by_prime_cross_algorithm_(15), p4_4,0">	<td>
english	745	<td class="z_0 r_747 p1_✗meaning,✗pro_contra,✗basic_structures,, p2_p3_0_prime_cross_pro_contra,p3_1_prime_cross_pro_contra,p3_2_comprehend_emotionally_or_mentally_by_prime_cross_algorithm_(15), p4_4,0">	<td>
