# kind	field	key	ordinal	value
meta	multiple_prefix		0	v
meta	comma_split_pattern		0	,(?![^\[\]\{\}\(\)]*[\]\}\)])
list	main_parameters		0	-zeilen
list	main_parameters		1	-spalten
list	main_parameters		2	-kombination
list	main_parameters		3	-ausgabe
list	main_parameters		4	-debug
list	main_parameters		5	-h
list	main_parameters		6	-help
list	spalten		0	--Wichtigstes_zum_verstehen=
list	spalten		1	--Wichtigstes_zum_verstehen=
list	spalten		2	--wichtigsteverstehen=
list	spalten		3	--wichtigsteverstehen=
list	spalten		4	--Menschliches=
list	spalten		5	--Menschliches=
list	spalten		6	--Menschliches=
list	spalten		7	--menschliches=
list	spalten		8	--menschliches=
list	spalten		9	--menschliches=
list	spalten		10	--Menschliches=
list	spalten		11	--Menschliches=
list	spalten		12	--Menschliches=
list	spalten		13	--menschliches=
list	spalten		14	--menschliches=
list	spalten		15	--menschliches=
list	spalten		16	--Herrschaft=
list	spalten		17	--Herrschaft=
list	spalten		18	--Herrschaft=
list	spalten		19	--macht=
list	spalten		20	--macht=
list	spalten		21	--macht=
list	spalten		22	--Herrschaft=
list	spalten		23	--Herrschaft=
list	spalten		24	--Herrschaft=
list	spalten		25	--Herrschaft=
list	spalten		26	--Herrschaft=
list	spalten		27	--macht=
list	spalten		28	--macht=
list	spalten		29	--macht=
list	spalten		30	--macht=
list	spalten		31	--macht=
list	spalten		32	--Herrschaft=
list	spalten		33	--Herrschaft=
list	spalten		34	--Herrschaft=
list	spalten		35	--Herrschaft=
list	spalten		36	--macht=
list	spalten		37	--macht=
list	spalten		38	--macht=
list	spalten		39	--macht=
list	spalten		40	--Herrschaft=
list	spalten		41	--Herrschaft=
list	spalten		42	--macht=
list	spalten		43	--macht=
list	spalten		44	--MetaMetaPhysik_und_MetaChemie=
list	spalten		45	--Herrschaft=
list	spalten		46	--Herrschaft=
list	spalten		47	--macht=
list	spalten		48	--macht=
list	spalten		49	--Herrschaft=
list	spalten		50	--Herrschaft=
list	spalten		51	--Herrschaft=
list	spalten		52	--macht=
list	spalten		53	--macht=
list	spalten		54	--macht=
list	spalten		55	--Herrschaft=
list	spalten		56	--Herrschaft=
list	spalten		57	--macht=
list	spalten		58	--macht=
list	spalten		59	--Universum=
list	spalten		60	--Universum=
list	spalten		61	--universum=
list	spalten		62	--universum=
list	spalten		63	--transzendentalien=
list	spalten		64	--transzendentalien=
list	spalten		65	--strukturalien=
list	spalten		66	--strukturalien=
list	spalten		67	--kugel=
list	spalten		68	--kugel=
list	spalten		69	--kugeln=
list	spalten		70	--kugeln=
list	spalten		71	--ball=
list	spalten		72	--ball=
list	spalten		73	--baelle=
list	spalten		74	--baelle=
list	spalten		75	--bälle=
list	spalten		76	--bälle=
list	spalten		77	--Universum=
list	spalten		78	--Universum=
list	spalten		79	--universum=
list	spalten		80	--universum=
list	spalten		81	--transzendentalien=
list	spalten		82	--transzendentalien=
list	spalten		83	--strukturalien=
list	spalten		84	--strukturalien=
list	spalten		85	--kugel=
list	spalten		86	--kugel=
list	spalten		87	--kugeln=
list	spalten		88	--kugeln=
list	spalten		89	--ball=
list	spalten		90	--ball=
list	spalten		91	--baelle=
list	spalten		92	--baelle=
list	spalten		93	--bälle=
list	spalten		94	--bälle=
list	spalten		95	--Planet_(10_und_oder_12)=
list	spalten		96	--Planet_(10_und_oder_12)=
list	spalten		97	--planet=
list	spalten		98	--planet=
list	spalten		99	--Planet_(10_und_oder_12)=
list	spalten		100	--Planet_(10_und_oder_12)=
list	spalten		101	--Planet_(10_und_oder_12)=
list	spalten		102	--planet=
list	spalten		103	--planet=
list	spalten		104	--planet=
list	spalten		105	--Planet_(10_und_oder_12)=
list	spalten		106	--Planet_(10_und_oder_12)=
list	spalten		107	--Planet_(10_und_oder_12)=
list	spalten		108	--planet=
list	spalten		109	--planet=
list	spalten		110	--planet=
list	spalten		111	--Herrschaft=
list	spalten		112	--Herrschaft=
list	spalten		113	--macht=
list	spalten		114	--macht=
list	spalten		115	--Herrschaft=
list	spalten		116	--Herrschaft=
list	spalten		117	--Herrschaft=
list	spalten		118	--macht=
list	spalten		119	--macht=
list	spalten		120	--macht=
list	spalten		121	--Religionen=
list	spalten		122	--Religionen=
list	spalten		123	--religionen=
list	spalten		124	--religionen=
list	spalten		125	--religion=
list	spalten		126	--religion=
list	spalten		127	--Galaxie=
list	spalten		128	--Galaxie=
list	spalten		129	--galaxie=
list	spalten		130	--galaxie=
list	spalten		131	--alteschriften=
list	spalten		132	--alteschriften=
list	spalten		133	--kreis=
list	spalten		134	--kreis=
list	spalten		135	--galaxien=
list	spalten		136	--galaxien=
list	spalten		137	--kreise=
list	spalten		138	--kreise=
list	spalten		139	--Universum=
list	spalten		140	--Universum=
list	spalten		141	--universum=
list	spalten		142	--universum=
list	spalten		143	--transzendentalien=
list	spalten		144	--transzendentalien=
list	spalten		145	--strukturalien=
list	spalten		146	--strukturalien=
list	spalten		147	--kugel=
list	spalten		148	--kugel=
list	spalten		149	--kugeln=
list	spalten		150	--kugeln=
list	spalten		151	--ball=
list	spalten		152	--ball=
list	spalten		153	--baelle=
list	spalten		154	--baelle=
list	spalten		155	--bälle=
list	spalten		156	--bälle=
list	spalten		157	--Universum=
list	spalten		158	--universum=
list	spalten		159	--transzendentalien=
list	spalten		160	--strukturalien=
list	spalten		161	--kugel=
list	spalten		162	--kugeln=
list	spalten		163	--ball=
list	spalten		164	--baelle=
list	spalten		165	--bälle=
list	spalten		166	--Menschliches=
list	spalten		167	--Menschliches=
list	spalten		168	--menschliches=
list	spalten		169	--menschliches=
list	spalten		170	--Menschliches=
list	spalten		171	--menschliches=
list	spalten		172	--Menschliches=
list	spalten		173	--Menschliches=
list	spalten		174	--menschliches=
list	spalten		175	--menschliches=
list	spalten		176	--Menschliches=
list	spalten		177	--menschliches=
list	spalten		178	--Menschliches=
list	spalten		179	--Menschliches=
list	spalten		180	--menschliches=
list	spalten		181	--menschliches=
list	spalten		182	--Menschliches=
list	spalten		183	--Menschliches=
list	spalten		184	--Menschliches=
list	spalten		185	--menschliches=
list	spalten		186	--menschliches=
list	spalten		187	--menschliches=
list	spalten		188	--Planet_(10_und_oder_12)=
list	spalten		189	--Planet_(10_und_oder_12)=
list	spalten		190	--Planet_(10_und_oder_12)=
list	spalten		191	--planet=
list	spalten		192	--planet=
list	spalten		193	--planet=
list	spalten		194	--Planet_(10_und_oder_12)=
list	spalten		195	--Planet_(10_und_oder_12)=
list	spalten		196	--Planet_(10_und_oder_12)=
list	spalten		197	--Planet_(10_und_oder_12)=
list	spalten		198	--Planet_(10_und_oder_12)=
list	spalten		199	--planet=
list	spalten		200	--planet=
list	spalten		201	--planet=
list	spalten		202	--planet=
list	spalten		203	--planet=
list	spalten		204	--Planet_(10_und_oder_12)=
list	spalten		205	--Planet_(10_und_oder_12)=
list	spalten		206	--planet=
list	spalten		207	--planet=
list	spalten		208	--Planet_(10_und_oder_12)=
list	spalten		209	--Planet_(10_und_oder_12)=
list	spalten		210	--Planet_(10_und_oder_12)=
list	spalten		211	--planet=
list	spalten		212	--planet=
list	spalten		213	--planet=
list	spalten		214	--Planet_(10_und_oder_12)=
list	spalten		215	--Planet_(10_und_oder_12)=
list	spalten		216	--Planet_(10_und_oder_12)=
list	spalten		217	--planet=
list	spalten		218	--planet=
list	spalten		219	--planet=
list	spalten		220	--Planet_(10_und_oder_12)=
list	spalten		221	--Planet_(10_und_oder_12)=
list	spalten		222	--Planet_(10_und_oder_12)=
list	spalten		223	--planet=
list	spalten		224	--planet=
list	spalten		225	--planet=
list	spalten		226	--Wichtigstes_zum_verstehen=
list	spalten		227	--Wichtigstes_zum_verstehen=
list	spalten		228	--wichtigsteverstehen=
list	spalten		229	--wichtigsteverstehen=
list	spalten		230	--Wichtigstes_zum_verstehen=
list	spalten		231	--Wichtigstes_zum_verstehen=
list	spalten		232	--wichtigsteverstehen=
list	spalten		233	--wichtigsteverstehen=
list	spalten		234	--Wichtigstes_zum_verstehen=
list	spalten		235	--Wichtigstes_zum_verstehen=
list	spalten		236	--wichtigsteverstehen=
list	spalten		237	--wichtigsteverstehen=
list	spalten		238	--Wichtigstes_zum_gedanklich_einordnen=
list	spalten		239	--Wichtigstes_zum_gedanklich_einordnen=
list	spalten		240	--wichtigsteeinordnen=
list	spalten		241	--wichtigsteeinordnen=
list	spalten		242	--Wichtigstes_zum_gedanklich_einordnen=
list	spalten		243	--Wichtigstes_zum_gedanklich_einordnen=
list	spalten		244	--wichtigsteeinordnen=
list	spalten		245	--wichtigsteeinordnen=
list	spalten		246	--Operationen=
list	spalten		247	--Operationen=
list	spalten		248	--Operationen=
list	spalten		249	--operationen=
list	spalten		250	--operationen=
list	spalten		251	--operationen=
list	spalten		252	--Religionen=
list	spalten		253	--Religionen=
list	spalten		254	--Religionen=
list	spalten		255	--Religionen=
list	spalten		256	--Religionen=
list	spalten		257	--religionen=
list	spalten		258	--religionen=
list	spalten		259	--religionen=
list	spalten		260	--religionen=
list	spalten		261	--religionen=
list	spalten		262	--religion=
list	spalten		263	--religion=
list	spalten		264	--religion=
list	spalten		265	--religion=
list	spalten		266	--religion=
list	spalten		267	--Religionen=
list	spalten		268	--religionen=
list	spalten		269	--religion=
list	spalten		270	--Menschliches=
list	spalten		271	--menschliches=
list	spalten		272	--Religionen=
list	spalten		273	--Religionen=
list	spalten		274	--religionen=
list	spalten		275	--religionen=
list	spalten		276	--religion=
list	spalten		277	--religion=
list	spalten		278	--Religionen=
list	spalten		279	--Religionen=
list	spalten		280	--religionen=
list	spalten		281	--religionen=
list	spalten		282	--religion=
list	spalten		283	--religion=
list	spalten		284	--Religionen=
list	spalten		285	--Religionen=
list	spalten		286	--Religionen=
list	spalten		287	--religionen=
list	spalten		288	--religionen=
list	spalten		289	--religionen=
list	spalten		290	--religion=
list	spalten		291	--religion=
list	spalten		292	--religion=
list	spalten		293	--Religionen=
list	spalten		294	--Religionen=
list	spalten		295	--Religionen=
list	spalten		296	--Religionen=
list	spalten		297	--religionen=
list	spalten		298	--religionen=
list	spalten		299	--religionen=
list	spalten		300	--religionen=
list	spalten		301	--religion=
list	spalten		302	--religion=
list	spalten		303	--religion=
list	spalten		304	--religion=
list	spalten		305	--Religionen=
list	spalten		306	--Religionen=
list	spalten		307	--Religionen=
list	spalten		308	--Religionen=
list	spalten		309	--Religionen=
list	spalten		310	--Religionen=
list	spalten		311	--religionen=
list	spalten		312	--religionen=
list	spalten		313	--religionen=
list	spalten		314	--religionen=
list	spalten		315	--religionen=
list	spalten		316	--religionen=
list	spalten		317	--religion=
list	spalten		318	--religion=
list	spalten		319	--religion=
list	spalten		320	--religion=
list	spalten		321	--religion=
list	spalten		322	--religion=
list	spalten		323	--Religionen=
list	spalten		324	--Religionen=
list	spalten		325	--Religionen=
list	spalten		326	--Religionen=
list	spalten		327	--Religionen=
list	spalten		328	--religionen=
list	spalten		329	--religionen=
list	spalten		330	--religionen=
list	spalten		331	--religionen=
list	spalten		332	--religionen=
list	spalten		333	--religion=
list	spalten		334	--religion=
list	spalten		335	--religion=
list	spalten		336	--religion=
list	spalten		337	--religion=
list	spalten		338	--Religionen=
list	spalten		339	--Religionen=
list	spalten		340	--Religionen=
list	spalten		341	--Religionen=
list	spalten		342	--Religionen=
list	spalten		343	--Religionen=
list	spalten		344	--Religionen=
list	spalten		345	--Religionen=
list	spalten		346	--Religionen=
list	spalten		347	--Religionen=
list	spalten		348	--Religionen=
list	spalten		349	--Religionen=
list	spalten		350	--religionen=
list	spalten		351	--religionen=
list	spalten		352	--religionen=
list	spalten		353	--religionen=
list	spalten		354	--religionen=
list	spalten		355	--religionen=
list	spalten		356	--religionen=
list	spalten		357	--religionen=
list	spalten		358	--religionen=
list	spalten		359	--religionen=
list	spalten		360	--religionen=
list	spalten		361	--religionen=
list	spalten		362	--religion=
list	spalten		363	--religion=
list	spalten		364	--religion=
list	spalten		365	--religion=
list	spalten		366	--religion=
list	spalten		367	--religion=
list	spalten		368	--religion=
list	spalten		369	--religion=
list	spalten		370	--religion=
list	spalten		371	--religion=
list	spalten		372	--religion=
list	spalten		373	--religion=
list	spalten		374	--Galaxie=
list	spalten		375	--galaxie=
list	spalten		376	--alteschriften=
list	spalten		377	--kreis=
list	spalten		378	--galaxien=
list	spalten		379	--kreise=
list	spalten		380	--Galaxie=
list	spalten		381	--Galaxie=
list	spalten		382	--Galaxie=
list	spalten		383	--Galaxie=
list	spalten		384	--Galaxie=
list	spalten		385	--Galaxie=
list	spalten		386	--galaxie=
list	spalten		387	--galaxie=
list	spalten		388	--galaxie=
list	spalten		389	--galaxie=
list	spalten		390	--galaxie=
list	spalten		391	--galaxie=
list	spalten		392	--alteschriften=
list	spalten		393	--alteschriften=
list	spalten		394	--alteschriften=
list	spalten		395	--alteschriften=
list	spalten		396	--alteschriften=
list	spalten		397	--alteschriften=
list	spalten		398	--kreis=
list	spalten		399	--kreis=
list	spalten		400	--kreis=
list	spalten		401	--kreis=
list	spalten		402	--kreis=
list	spalten		403	--kreis=
list	spalten		404	--galaxien=
list	spalten		405	--galaxien=
list	spalten		406	--galaxien=
list	spalten		407	--galaxien=
list	spalten		408	--galaxien=
list	spalten		409	--galaxien=
list	spalten		410	--kreise=
list	spalten		411	--kreise=
list	spalten		412	--kreise=
list	spalten		413	--kreise=
list	spalten		414	--kreise=
list	spalten		415	--kreise=
list	spalten		416	--Inkrementieren=
list	spalten		417	--Inkrementieren=
list	spalten		418	--Inkrementieren=
list	spalten		419	--Inkrementieren=
list	spalten		420	--inkrementieren=
list	spalten		421	--inkrementieren=
list	spalten		422	--inkrementieren=
list	spalten		423	--inkrementieren=
list	spalten		424	--Galaxie=
list	spalten		425	--Galaxie=
list	spalten		426	--Galaxie=
list	spalten		427	--galaxie=
list	spalten		428	--galaxie=
list	spalten		429	--galaxie=
list	spalten		430	--alteschriften=
list	spalten		431	--alteschriften=
list	spalten		432	--alteschriften=
list	spalten		433	--kreis=
list	spalten		434	--kreis=
list	spalten		435	--kreis=
list	spalten		436	--galaxien=
list	spalten		437	--galaxien=
list	spalten		438	--galaxien=
list	spalten		439	--kreise=
list	spalten		440	--kreise=
list	spalten		441	--kreise=
list	spalten		442	--Multiversum=
list	spalten		443	--Multiversum=
list	spalten		444	--Multiversum=
list	spalten		445	--multiversum=
list	spalten		446	--multiversum=
list	spalten		447	--multiversum=
list	spalten		448	--Multiversum=
list	spalten		449	--Multiversum=
list	spalten		450	--Multiversum=
list	spalten		451	--Multiversum=
list	spalten		452	--multiversum=
list	spalten		453	--multiversum=
list	spalten		454	--multiversum=
list	spalten		455	--multiversum=
list	spalten		456	--MetaMetaPhysik_und_MetaChemie=
list	spalten		457	--MetaMetaPhysik_und_MetaChemie=
list	spalten		458	--MetaMetaPhysik_und_MetaChemie=
list	spalten		459	--Multiversum=
list	spalten		460	--Multiversum=
list	spalten		461	--Multiversum=
list	spalten		462	--multiversum=
list	spalten		463	--multiversum=
list	spalten		464	--multiversum=
list	spalten		465	--Multiversum=
list	spalten		466	--multiversum=
list	spalten		467	--Grundstrukturen=
list	spalten		468	--grundstrukturen=
list	spalten		469	--Universum=
list	spalten		470	--Universum=
list	spalten		471	--universum=
list	spalten		472	--universum=
list	spalten		473	--transzendentalien=
list	spalten		474	--transzendentalien=
list	spalten		475	--strukturalien=
list	spalten		476	--strukturalien=
list	spalten		477	--kugel=
list	spalten		478	--kugel=
list	spalten		479	--kugeln=
list	spalten		480	--kugeln=
list	spalten		481	--ball=
list	spalten		482	--ball=
list	spalten		483	--baelle=
list	spalten		484	--baelle=
list	spalten		485	--bälle=
list	spalten		486	--bälle=
list	spalten		487	--Universum=
list	spalten		488	--universum=
list	spalten		489	--transzendentalien=
list	spalten		490	--strukturalien=
list	spalten		491	--kugel=
list	spalten		492	--kugeln=
list	spalten		493	--ball=
list	spalten		494	--baelle=
list	spalten		495	--bälle=
list	spalten		496	--Universum=
list	spalten		497	--universum=
list	spalten		498	--transzendentalien=
list	spalten		499	--strukturalien=
list	spalten		500	--kugel=
list	spalten		501	--kugeln=
list	spalten		502	--ball=
list	spalten		503	--baelle=
list	spalten		504	--bälle=
list	spalten		505	--Universum=
list	spalten		506	--Universum=
list	spalten		507	--Universum=
list	spalten		508	--universum=
list	spalten		509	--universum=
list	spalten		510	--universum=
list	spalten		511	--transzendentalien=
list	spalten		512	--transzendentalien=
list	spalten		513	--transzendentalien=
list	spalten		514	--strukturalien=
list	spalten		515	--strukturalien=
list	spalten		516	--strukturalien=
list	spalten		517	--kugel=
list	spalten		518	--kugel=
list	spalten		519	--kugel=
list	spalten		520	--kugeln=
list	spalten		521	--kugeln=
list	spalten		522	--kugeln=
list	spalten		523	--ball=
list	spalten		524	--ball=
list	spalten		525	--ball=
list	spalten		526	--baelle=
list	spalten		527	--baelle=
list	spalten		528	--baelle=
list	spalten		529	--bälle=
list	spalten		530	--bälle=
list	spalten		531	--bälle=
list	spalten		532	--Menschliches=
list	spalten		533	--menschliches=
list	spalten		534	--Menschliches=
list	spalten		535	--Menschliches=
list	spalten		536	--Menschliches=
list	spalten		537	--menschliches=
list	spalten		538	--menschliches=
list	spalten		539	--menschliches=
list	spalten		540	--Grundstrukturen=
list	spalten		541	--grundstrukturen=
list	spalten		542	--Menschliches=
list	spalten		543	--menschliches=
list	spalten		544	--Menschliches=
list	spalten		545	--Menschliches=
list	spalten		546	--menschliches=
list	spalten		547	--menschliches=
list	spalten		548	--Grundstrukturen=
list	spalten		549	--Grundstrukturen=
list	spalten		550	--grundstrukturen=
list	spalten		551	--grundstrukturen=
list	spalten		552	--Menschliches=
list	spalten		553	--menschliches=
list	spalten		554	--Grundstrukturen=
list	spalten		555	--grundstrukturen=
list	spalten		556	--Universum=
list	spalten		557	--universum=
list	spalten		558	--transzendentalien=
list	spalten		559	--strukturalien=
list	spalten		560	--kugel=
list	spalten		561	--kugeln=
list	spalten		562	--ball=
list	spalten		563	--baelle=
list	spalten		564	--bälle=
list	spalten		565	--Universum=
list	spalten		566	--Universum=
list	spalten		567	--Universum=
list	spalten		568	--universum=
list	spalten		569	--universum=
list	spalten		570	--universum=
list	spalten		571	--transzendentalien=
list	spalten		572	--transzendentalien=
list	spalten		573	--transzendentalien=
list	spalten		574	--strukturalien=
list	spalten		575	--strukturalien=
list	spalten		576	--strukturalien=
list	spalten		577	--kugel=
list	spalten		578	--kugel=
list	spalten		579	--kugel=
list	spalten		580	--kugeln=
list	spalten		581	--kugeln=
list	spalten		582	--kugeln=
list	spalten		583	--ball=
list	spalten		584	--ball=
list	spalten		585	--ball=
list	spalten		586	--baelle=
list	spalten		587	--baelle=
list	spalten		588	--baelle=
list	spalten		589	--bälle=
list	spalten		590	--bälle=
list	spalten		591	--bälle=
list	spalten		592	--Universum=
list	spalten		593	--Universum=
list	spalten		594	--Universum=
list	spalten		595	--universum=
list	spalten		596	--universum=
list	spalten		597	--universum=
list	spalten		598	--transzendentalien=
list	spalten		599	--transzendentalien=
list	spalten		600	--transzendentalien=
list	spalten		601	--strukturalien=
list	spalten		602	--strukturalien=
list	spalten		603	--strukturalien=
list	spalten		604	--kugel=
list	spalten		605	--kugel=
list	spalten		606	--kugel=
list	spalten		607	--kugeln=
list	spalten		608	--kugeln=
list	spalten		609	--kugeln=
list	spalten		610	--ball=
list	spalten		611	--ball=
list	spalten		612	--ball=
list	spalten		613	--baelle=
list	spalten		614	--baelle=
list	spalten		615	--baelle=
list	spalten		616	--bälle=
list	spalten		617	--bälle=
list	spalten		618	--bälle=
list	spalten		619	--Universum=
list	spalten		620	--Universum=
list	spalten		621	--Universum=
list	spalten		622	--universum=
list	spalten		623	--universum=
list	spalten		624	--universum=
list	spalten		625	--transzendentalien=
list	spalten		626	--transzendentalien=
list	spalten		627	--transzendentalien=
list	spalten		628	--strukturalien=
list	spalten		629	--strukturalien=
list	spalten		630	--strukturalien=
list	spalten		631	--kugel=
list	spalten		632	--kugel=
list	spalten		633	--kugel=
list	spalten		634	--kugeln=
list	spalten		635	--kugeln=
list	spalten		636	--kugeln=
list	spalten		637	--ball=
list	spalten		638	--ball=
list	spalten		639	--ball=
list	spalten		640	--baelle=
list	spalten		641	--baelle=
list	spalten		642	--baelle=
list	spalten		643	--bälle=
list	spalten		644	--bälle=
list	spalten		645	--bälle=
list	spalten		646	--Universum=
list	spalten		647	--Universum=
list	spalten		648	--universum=
list	spalten		649	--universum=
list	spalten		650	--transzendentalien=
list	spalten		651	--transzendentalien=
list	spalten		652	--strukturalien=
list	spalten		653	--strukturalien=
list	spalten		654	--kugel=
list	spalten		655	--kugel=
list	spalten		656	--kugeln=
list	spalten		657	--kugeln=
list	spalten		658	--ball=
list	spalten		659	--ball=
list	spalten		660	--baelle=
list	spalten		661	--baelle=
list	spalten		662	--bälle=
list	spalten		663	--bälle=
list	spalten		664	--Universum=
list	spalten		665	--Universum=
list	spalten		666	--Universum=
list	spalten		667	--universum=
list	spalten		668	--universum=
list	spalten		669	--universum=
list	spalten		670	--transzendentalien=
list	spalten		671	--transzendentalien=
list	spalten		672	--transzendentalien=
list	spalten		673	--strukturalien=
list	spalten		674	--strukturalien=
list	spalten		675	--strukturalien=
list	spalten		676	--kugel=
list	spalten		677	--kugel=
list	spalten		678	--kugel=
list	spalten		679	--kugeln=
list	spalten		680	--kugeln=
list	spalten		681	--kugeln=
list	spalten		682	--ball=
list	spalten		683	--ball=
list	spalten		684	--ball=
list	spalten		685	--baelle=
list	spalten		686	--baelle=
list	spalten		687	--baelle=
list	spalten		688	--bälle=
list	spalten		689	--bälle=
list	spalten		690	--bälle=
list	spalten		691	--Universum=
list	spalten		692	--Universum=
list	spalten		693	--universum=
list	spalten		694	--universum=
list	spalten		695	--transzendentalien=
list	spalten		696	--transzendentalien=
list	spalten		697	--strukturalien=
list	spalten		698	--strukturalien=
list	spalten		699	--kugel=
list	spalten		700	--kugel=
list	spalten		701	--kugeln=
list	spalten		702	--kugeln=
list	spalten		703	--ball=
list	spalten		704	--ball=
list	spalten		705	--baelle=
list	spalten		706	--baelle=
list	spalten		707	--bälle=
list	spalten		708	--bälle=
list	spalten		709	--Universum=
list	spalten		710	--Universum=
list	spalten		711	--Universum=
list	spalten		712	--universum=
list	spalten		713	--universum=
list	spalten		714	--universum=
list	spalten		715	--transzendentalien=
list	spalten		716	--transzendentalien=
list	spalten		717	--transzendentalien=
list	spalten		718	--strukturalien=
list	spalten		719	--strukturalien=
list	spalten		720	--strukturalien=
list	spalten		721	--kugel=
list	spalten		722	--kugel=
list	spalten		723	--kugel=
list	spalten		724	--kugeln=
list	spalten		725	--kugeln=
list	spalten		726	--kugeln=
list	spalten		727	--ball=
list	spalten		728	--ball=
list	spalten		729	--ball=
list	spalten		730	--baelle=
list	spalten		731	--baelle=
list	spalten		732	--baelle=
list	spalten		733	--bälle=
list	spalten		734	--bälle=
list	spalten		735	--bälle=
list	spalten		736	--Universum=
list	spalten		737	--universum=
list	spalten		738	--transzendentalien=
list	spalten		739	--strukturalien=
list	spalten		740	--kugel=
list	spalten		741	--kugeln=
list	spalten		742	--ball=
list	spalten		743	--baelle=
list	spalten		744	--bälle=
list	spalten		745	--Teilchen-Meta-Physik=
list	spalten		746	--teilchen=
list	spalten		747	--Teilchen-Meta-Physik=
list	spalten		748	--Teilchen-Meta-Physik=
list	spalten		749	--Teilchen-Meta-Physik=
list	spalten		750	--teilchen=
list	spalten		751	--teilchen=
list	spalten		752	--teilchen=
list	spalten		753	--Teilchen-Meta-Physik=
list	spalten		754	--teilchen=
list	spalten		755	--Teilchen-Meta-Physik=
list	spalten		756	--teilchen=
list	spalten		757	--Teilchen-Meta-Physik=
list	spalten		758	--teilchen=
list	spalten		759	--Teilchen-Meta-Physik=
list	spalten		760	--teilchen=
list	spalten		761	--Teilchen-Meta-Physik=
list	spalten		762	--teilchen=
list	spalten		763	--Teilchen-Meta-Physik=
list	spalten		764	--teilchen=
list	spalten		765	--Universum=
list	spalten		766	--Universum=
list	spalten		767	--universum=
list	spalten		768	--universum=
list	spalten		769	--transzendentalien=
list	spalten		770	--transzendentalien=
list	spalten		771	--strukturalien=
list	spalten		772	--strukturalien=
list	spalten		773	--kugel=
list	spalten		774	--kugel=
list	spalten		775	--kugeln=
list	spalten		776	--kugeln=
list	spalten		777	--ball=
list	spalten		778	--ball=
list	spalten		779	--baelle=
list	spalten		780	--baelle=
list	spalten		781	--bälle=
list	spalten		782	--bälle=
list	spalten		783	--Universum=
list	spalten		784	--Universum=
list	spalten		785	--Universum=
list	spalten		786	--Universum=
list	spalten		787	--universum=
list	spalten		788	--universum=
list	spalten		789	--universum=
list	spalten		790	--universum=
list	spalten		791	--transzendentalien=
list	spalten		792	--transzendentalien=
list	spalten		793	--transzendentalien=
list	spalten		794	--transzendentalien=
list	spalten		795	--strukturalien=
list	spalten		796	--strukturalien=
list	spalten		797	--strukturalien=
list	spalten		798	--strukturalien=
list	spalten		799	--kugel=
list	spalten		800	--kugel=
list	spalten		801	--kugel=
list	spalten		802	--kugel=
list	spalten		803	--kugeln=
list	spalten		804	--kugeln=
list	spalten		805	--kugeln=
list	spalten		806	--kugeln=
list	spalten		807	--ball=
list	spalten		808	--ball=
list	spalten		809	--ball=
list	spalten		810	--ball=
list	spalten		811	--baelle=
list	spalten		812	--baelle=
list	spalten		813	--baelle=
list	spalten		814	--baelle=
list	spalten		815	--bälle=
list	spalten		816	--bälle=
list	spalten		817	--bälle=
list	spalten		818	--bälle=
list	spalten		819	--Multiversum=
list	spalten		820	--multiversum=
list	spalten		821	--Multiversum=
list	spalten		822	--Multiversum=
list	spalten		823	--multiversum=
list	spalten		824	--multiversum=
list	spalten		825	--Multiversum=
list	spalten		826	--Multiversum=
list	spalten		827	--multiversum=
list	spalten		828	--multiversum=
list	spalten		829	--Galaxie=
list	spalten		830	--Galaxie=
list	spalten		831	--Galaxie=
list	spalten		832	--Galaxie=
list	spalten		833	--galaxie=
list	spalten		834	--galaxie=
list	spalten		835	--galaxie=
list	spalten		836	--galaxie=
list	spalten		837	--alteschriften=
list	spalten		838	--alteschriften=
list	spalten		839	--alteschriften=
list	spalten		840	--alteschriften=
list	spalten		841	--kreis=
list	spalten		842	--kreis=
list	spalten		843	--kreis=
list	spalten		844	--kreis=
list	spalten		845	--galaxien=
list	spalten		846	--galaxien=
list	spalten		847	--galaxien=
list	spalten		848	--galaxien=
list	spalten		849	--kreise=
list	spalten		850	--kreise=
list	spalten		851	--kreise=
list	spalten		852	--kreise=
list	spalten		853	--Galaxie=
list	spalten		854	--Galaxie=
list	spalten		855	--Galaxie=
list	spalten		856	--galaxie=
list	spalten		857	--galaxie=
list	spalten		858	--galaxie=
list	spalten		859	--alteschriften=
list	spalten		860	--alteschriften=
list	spalten		861	--alteschriften=
list	spalten		862	--kreis=
list	spalten		863	--kreis=
list	spalten		864	--kreis=
list	spalten		865	--galaxien=
list	spalten		866	--galaxien=
list	spalten		867	--galaxien=
list	spalten		868	--kreise=
list	spalten		869	--kreise=
list	spalten		870	--kreise=
list	spalten		871	--Galaxie=
list	spalten		872	--Galaxie=
list	spalten		873	--Galaxie=
list	spalten		874	--galaxie=
list	spalten		875	--galaxie=
list	spalten		876	--galaxie=
list	spalten		877	--alteschriften=
list	spalten		878	--alteschriften=
list	spalten		879	--alteschriften=
list	spalten		880	--kreis=
list	spalten		881	--kreis=
list	spalten		882	--kreis=
list	spalten		883	--galaxien=
list	spalten		884	--galaxien=
list	spalten		885	--galaxien=
list	spalten		886	--kreise=
list	spalten		887	--kreise=
list	spalten		888	--kreise=
list	spalten		889	--Galaxie=
list	spalten		890	--Galaxie=
list	spalten		891	--Galaxie=
list	spalten		892	--galaxie=
list	spalten		893	--galaxie=
list	spalten		894	--galaxie=
list	spalten		895	--alteschriften=
list	spalten		896	--alteschriften=
list	spalten		897	--alteschriften=
list	spalten		898	--kreis=
list	spalten		899	--kreis=
list	spalten		900	--kreis=
list	spalten		901	--galaxien=
list	spalten		902	--galaxien=
list	spalten		903	--galaxien=
list	spalten		904	--kreise=
list	spalten		905	--kreise=
list	spalten		906	--kreise=
list	spalten		907	--Grundstrukturen=
list	spalten		908	--Grundstrukturen=
list	spalten		909	--grundstrukturen=
list	spalten		910	--grundstrukturen=
list	spalten		911	--Grundstrukturen=
list	spalten		912	--Grundstrukturen=
list	spalten		913	--grundstrukturen=
list	spalten		914	--grundstrukturen=
list	spalten		915	--Grundstrukturen=
list	spalten		916	--Grundstrukturen=
list	spalten		917	--grundstrukturen=
list	spalten		918	--grundstrukturen=
list	spalten		919	--Grundstrukturen=
list	spalten		920	--Grundstrukturen=
list	spalten		921	--Grundstrukturen=
list	spalten		922	--grundstrukturen=
list	spalten		923	--grundstrukturen=
list	spalten		924	--grundstrukturen=
list	spalten		925	--Galaxie=
list	spalten		926	--Galaxie=
list	spalten		927	--Galaxie=
list	spalten		928	--galaxie=
list	spalten		929	--galaxie=
list	spalten		930	--galaxie=
list	spalten		931	--alteschriften=
list	spalten		932	--alteschriften=
list	spalten		933	--alteschriften=
list	spalten		934	--kreis=
list	spalten		935	--kreis=
list	spalten		936	--kreis=
list	spalten		937	--galaxien=
list	spalten		938	--galaxien=
list	spalten		939	--galaxien=
list	spalten		940	--kreise=
list	spalten		941	--kreise=
list	spalten		942	--kreise=
list	spalten		943	--Galaxie=
list	spalten		944	--Galaxie=
list	spalten		945	--Galaxie=
list	spalten		946	--Galaxie=
list	spalten		947	--Galaxie=
list	spalten		948	--Galaxie=
list	spalten		949	--Galaxie=
list	spalten		950	--galaxie=
list	spalten		951	--galaxie=
list	spalten		952	--galaxie=
list	spalten		953	--galaxie=
list	spalten		954	--galaxie=
list	spalten		955	--galaxie=
list	spalten		956	--galaxie=
list	spalten		957	--alteschriften=
list	spalten		958	--alteschriften=
list	spalten		959	--alteschriften=
list	spalten		960	--alteschriften=
list	spalten		961	--alteschriften=
list	spalten		962	--alteschriften=
list	spalten		963	--alteschriften=
list	spalten		964	--kreis=
list	spalten		965	--kreis=
list	spalten		966	--kreis=
list	spalten		967	--kreis=
list	spalten		968	--kreis=
list	spalten		969	--kreis=
list	spalten		970	--kreis=
list	spalten		971	--galaxien=
list	spalten		972	--galaxien=
list	spalten		973	--galaxien=
list	spalten		974	--galaxien=
list	spalten		975	--galaxien=
list	spalten		976	--galaxien=
list	spalten		977	--galaxien=
list	spalten		978	--kreise=
list	spalten		979	--kreise=
list	spalten		980	--kreise=
list	spalten		981	--kreise=
list	spalten		982	--kreise=
list	spalten		983	--kreise=
list	spalten		984	--kreise=
list	spalten		985	--Galaxie=
list	spalten		986	--Galaxie=
list	spalten		987	--galaxie=
list	spalten		988	--galaxie=
list	spalten		989	--alteschriften=
list	spalten		990	--alteschriften=
list	spalten		991	--kreis=
list	spalten		992	--kreis=
list	spalten		993	--galaxien=
list	spalten		994	--galaxien=
list	spalten		995	--kreise=
list	spalten		996	--kreise=
list	spalten		997	--Operationen=
list	spalten		998	--Operationen=
list	spalten		999	--Operationen=
list	spalten		1000	--Operationen=
list	spalten		1001	--Operationen=
list	spalten		1002	--Operationen=
list	spalten		1003	--Operationen=
list	spalten		1004	--operationen=
list	spalten		1005	--operationen=
list	spalten		1006	--operationen=
list	spalten		1007	--operationen=
list	spalten		1008	--operationen=
list	spalten		1009	--operationen=
list	spalten		1010	--operationen=
list	spalten		1011	--Operationen=
list	spalten		1012	--Operationen=
list	spalten		1013	--Operationen=
list	spalten		1014	--Operationen=
list	spalten		1015	--operationen=
list	spalten		1016	--operationen=
list	spalten		1017	--operationen=
list	spalten		1018	--operationen=
list	spalten		1019	--Operationen=
list	spalten		1020	--Operationen=
list	spalten		1021	--Operationen=
list	spalten		1022	--Operationen=
list	spalten		1023	--operationen=
list	spalten		1024	--operationen=
list	spalten		1025	--operationen=
list	spalten		1026	--operationen=
list	spalten		1027	--Größenordnung=
list	spalten		1028	--Größenordnung=
list	spalten		1029	--groessenordnung=
list	spalten		1030	--groessenordnung=
list	spalten		1031	--strukturgroesse=
list	spalten		1032	--strukturgroesse=
list	spalten		1033	--strukturgroeße=
list	spalten		1034	--strukturgroeße=
list	spalten		1035	--strukturgrösse=
list	spalten		1036	--strukturgrösse=
list	spalten		1037	--strukturgröße=
list	spalten		1038	--strukturgröße=
list	spalten		1039	--groesse=
list	spalten		1040	--groesse=
list	spalten		1041	--stufe=
list	spalten		1042	--stufe=
list	spalten		1043	--organisationen=
list	spalten		1044	--organisationen=
list	spalten		1045	--Grundstrukturen=
list	spalten		1046	--Grundstrukturen=
list	spalten		1047	--Grundstrukturen=
list	spalten		1048	--Grundstrukturen=
list	spalten		1049	--Grundstrukturen=
list	spalten		1050	--Grundstrukturen=
list	spalten		1051	--Grundstrukturen=
list	spalten		1052	--Grundstrukturen=
list	spalten		1053	--Grundstrukturen=
list	spalten		1054	--grundstrukturen=
list	spalten		1055	--grundstrukturen=
list	spalten		1056	--grundstrukturen=
list	spalten		1057	--grundstrukturen=
list	spalten		1058	--grundstrukturen=
list	spalten		1059	--grundstrukturen=
list	spalten		1060	--grundstrukturen=
list	spalten		1061	--grundstrukturen=
list	spalten		1062	--grundstrukturen=
list	spalten		1063	--Größenordnung=
list	spalten		1064	--Größenordnung=
list	spalten		1065	--Größenordnung=
list	spalten		1066	--Größenordnung=
list	spalten		1067	--Größenordnung=
list	spalten		1068	--Größenordnung=
list	spalten		1069	--Größenordnung=
list	spalten		1070	--Größenordnung=
list	spalten		1071	--Größenordnung=
list	spalten		1072	--groessenordnung=
list	spalten		1073	--groessenordnung=
list	spalten		1074	--groessenordnung=
list	spalten		1075	--groessenordnung=
list	spalten		1076	--groessenordnung=
list	spalten		1077	--groessenordnung=
list	spalten		1078	--groessenordnung=
list	spalten		1079	--groessenordnung=
list	spalten		1080	--groessenordnung=
list	spalten		1081	--strukturgroesse=
list	spalten		1082	--strukturgroesse=
list	spalten		1083	--strukturgroesse=
list	spalten		1084	--strukturgroesse=
list	spalten		1085	--strukturgroesse=
list	spalten		1086	--strukturgroesse=
list	spalten		1087	--strukturgroesse=
list	spalten		1088	--strukturgroesse=
list	spalten		1089	--strukturgroesse=
list	spalten		1090	--strukturgroeße=
list	spalten		1091	--strukturgroeße=
list	spalten		1092	--strukturgroeße=
list	spalten		1093	--strukturgroeße=
list	spalten		1094	--strukturgroeße=
list	spalten		1095	--strukturgroeße=
list	spalten		1096	--strukturgroeße=
list	spalten		1097	--strukturgroeße=
list	spalten		1098	--strukturgroeße=
list	spalten		1099	--strukturgrösse=
list	spalten		1100	--strukturgrösse=
list	spalten		1101	--strukturgrösse=
list	spalten		1102	--strukturgrösse=
list	spalten		1103	--strukturgrösse=
list	spalten		1104	--strukturgrösse=
list	spalten		1105	--strukturgrösse=
list	spalten		1106	--strukturgrösse=
list	spalten		1107	--strukturgrösse=
list	spalten		1108	--strukturgröße=
list	spalten		1109	--strukturgröße=
list	spalten		1110	--strukturgröße=
list	spalten		1111	--strukturgröße=
list	spalten		1112	--strukturgröße=
list	spalten		1113	--strukturgröße=
list	spalten		1114	--strukturgröße=
list	spalten		1115	--strukturgröße=
list	spalten		1116	--strukturgröße=
list	spalten		1117	--groesse=
list	spalten		1118	--groesse=
list	spalten		1119	--groesse=
list	spalten		1120	--groesse=
list	spalten		1121	--groesse=
list	spalten		1122	--groesse=
list	spalten		1123	--groesse=
list	spalten		1124	--groesse=
list	spalten		1125	--groesse=
list	spalten		1126	--stufe=
list	spalten		1127	--stufe=
list	spalten		1128	--stufe=
list	spalten		1129	--stufe=
list	spalten		1130	--stufe=
list	spalten		1131	--stufe=
list	spalten		1132	--stufe=
list	spalten		1133	--stufe=
list	spalten		1134	--stufe=
list	spalten		1135	--organisationen=
list	spalten		1136	--organisationen=
list	spalten		1137	--organisationen=
list	spalten		1138	--organisationen=
list	spalten		1139	--organisationen=
list	spalten		1140	--organisationen=
list	spalten		1141	--organisationen=
list	spalten		1142	--organisationen=
list	spalten		1143	--organisationen=
list	spalten		1144	--Größenordnung=
list	spalten		1145	--Größenordnung=
list	spalten		1146	--Größenordnung=
list	spalten		1147	--groessenordnung=
list	spalten		1148	--groessenordnung=
list	spalten		1149	--groessenordnung=
list	spalten		1150	--strukturgroesse=
list	spalten		1151	--strukturgroesse=
list	spalten		1152	--strukturgroesse=
list	spalten		1153	--strukturgroeße=
list	spalten		1154	--strukturgroeße=
list	spalten		1155	--strukturgroeße=
list	spalten		1156	--strukturgrösse=
list	spalten		1157	--strukturgrösse=
list	spalten		1158	--strukturgrösse=
list	spalten		1159	--strukturgröße=
list	spalten		1160	--strukturgröße=
list	spalten		1161	--strukturgröße=
list	spalten		1162	--groesse=
list	spalten		1163	--groesse=
list	spalten		1164	--groesse=
list	spalten		1165	--stufe=
list	spalten		1166	--stufe=
list	spalten		1167	--stufe=
list	spalten		1168	--organisationen=
list	spalten		1169	--organisationen=
list	spalten		1170	--organisationen=
list	spalten		1171	--Größenordnung=
list	spalten		1172	--Größenordnung=
list	spalten		1173	--Größenordnung=
list	spalten		1174	--groessenordnung=
list	spalten		1175	--groessenordnung=
list	spalten		1176	--groessenordnung=
list	spalten		1177	--strukturgroesse=
list	spalten		1178	--strukturgroesse=
list	spalten		1179	--strukturgroesse=
list	spalten		1180	--strukturgroeße=
list	spalten		1181	--strukturgroeße=
list	spalten		1182	--strukturgroeße=
list	spalten		1183	--strukturgrösse=
list	spalten		1184	--strukturgrösse=
list	spalten		1185	--strukturgrösse=
list	spalten		1186	--strukturgröße=
list	spalten		1187	--strukturgröße=
list	spalten		1188	--strukturgröße=
list	spalten		1189	--groesse=
list	spalten		1190	--groesse=
list	spalten		1191	--groesse=
list	spalten		1192	--stufe=
list	spalten		1193	--stufe=
list	spalten		1194	--stufe=
list	spalten		1195	--organisationen=
list	spalten		1196	--organisationen=
list	spalten		1197	--organisationen=
list	spalten		1198	--Meta_vs_Konkret_(Universum)=
list	spalten		1199	--universummetakonkret=
list	spalten		1200	--Meta_vs_Konkret_(Universum)=
list	spalten		1201	--universummetakonkret=
list	spalten		1202	--Meta_vs_Konkret_(Universum)=
list	spalten		1203	--Meta_vs_Konkret_(Universum)=
list	spalten		1204	--universummetakonkret=
list	spalten		1205	--universummetakonkret=
list	spalten		1206	--Meta_vs_Konkret_(Universum)=
list	spalten		1207	--Meta_vs_Konkret_(Universum)=
list	spalten		1208	--universummetakonkret=
list	spalten		1209	--universummetakonkret=
list	spalten		1210	--Meta_vs_Konkret_(Universum)=
list	spalten		1211	--Meta_vs_Konkret_(Universum)=
list	spalten		1212	--Meta_vs_Konkret_(Universum)=
list	spalten		1213	--universummetakonkret=
list	spalten		1214	--universummetakonkret=
list	spalten		1215	--universummetakonkret=
list	spalten		1216	--Meta_vs_Konkret_(Universum)=
list	spalten		1217	--Meta_vs_Konkret_(Universum)=
list	spalten		1218	--Meta_vs_Konkret_(Universum)=
list	spalten		1219	--universummetakonkret=
list	spalten		1220	--universummetakonkret=
list	spalten		1221	--universummetakonkret=
list	spalten		1222	--Meta_vs_Konkret_(Universum)=
list	spalten		1223	--Meta_vs_Konkret_(Universum)=
list	spalten		1224	--Meta_vs_Konkret_(Universum)=
list	spalten		1225	--universummetakonkret=
list	spalten		1226	--universummetakonkret=
list	spalten		1227	--universummetakonkret=
list	spalten		1228	--Meta_vs_Konkret_(Universum)=
list	spalten		1229	--Meta_vs_Konkret_(Universum)=
list	spalten		1230	--Meta_vs_Konkret_(Universum)=
list	spalten		1231	--universummetakonkret=
list	spalten		1232	--universummetakonkret=
list	spalten		1233	--universummetakonkret=
list	spalten		1234	--Primzahlwirkung=
list	spalten		1235	--Primzahlwirkung=
list	spalten		1236	--Primzahlwirkung=
list	spalten		1237	--Primzahlwirkung=
list	spalten		1238	--Primzahlwirkung=
list	spalten		1239	--Primzahlwirkung=
list	spalten		1240	--primzahlwirkung=
list	spalten		1241	--primzahlwirkung=
list	spalten		1242	--primzahlwirkung=
list	spalten		1243	--primzahlwirkung=
list	spalten		1244	--primzahlwirkung=
list	spalten		1245	--primzahlwirkung=
list	spalten		1246	--Primzahlwirkung=
list	spalten		1247	--Primzahlwirkung=
list	spalten		1248	--primzahlwirkung=
list	spalten		1249	--primzahlwirkung=
list	spalten		1250	--Primzahlwirkung=
list	spalten		1251	--Primzahlwirkung=
list	spalten		1252	--Primzahlwirkung=
list	spalten		1253	--Primzahlwirkung=
list	spalten		1254	--Primzahlwirkung=
list	spalten		1255	--Primzahlwirkung=
list	spalten		1256	--Primzahlwirkung=
list	spalten		1257	--primzahlwirkung=
list	spalten		1258	--primzahlwirkung=
list	spalten		1259	--primzahlwirkung=
list	spalten		1260	--primzahlwirkung=
list	spalten		1261	--primzahlwirkung=
list	spalten		1262	--primzahlwirkung=
list	spalten		1263	--primzahlwirkung=
list	spalten		1264	--Primzahlwirkung=
list	spalten		1265	--Primzahlwirkung=
list	spalten		1266	--Primzahlwirkung=
list	spalten		1267	--Primzahlwirkung=
list	spalten		1268	--Primzahlwirkung=
list	spalten		1269	--Primzahlwirkung=
list	spalten		1270	--Primzahlwirkung=
list	spalten		1271	--primzahlwirkung=
list	spalten		1272	--primzahlwirkung=
list	spalten		1273	--primzahlwirkung=
list	spalten		1274	--primzahlwirkung=
list	spalten		1275	--primzahlwirkung=
list	spalten		1276	--primzahlwirkung=
list	spalten		1277	--primzahlwirkung=
list	spalten		1278	--Primzahlwirkung=
list	spalten		1279	--Primzahlwirkung=
list	spalten		1280	--Primzahlwirkung=
list	spalten		1281	--Primzahlwirkung=
list	spalten		1282	--Primzahlwirkung=
list	spalten		1283	--Primzahlwirkung=
list	spalten		1284	--primzahlwirkung=
list	spalten		1285	--primzahlwirkung=
list	spalten		1286	--primzahlwirkung=
list	spalten		1287	--primzahlwirkung=
list	spalten		1288	--primzahlwirkung=
list	spalten		1289	--primzahlwirkung=
list	spalten		1290	--Primzahlwirkung=
list	spalten		1291	--Primzahlwirkung=
list	spalten		1292	--Primzahlwirkung=
list	spalten		1293	--Primzahlwirkung=
list	spalten		1294	--Primzahlwirkung=
list	spalten		1295	--primzahlwirkung=
list	spalten		1296	--primzahlwirkung=
list	spalten		1297	--primzahlwirkung=
list	spalten		1298	--primzahlwirkung=
list	spalten		1299	--primzahlwirkung=
list	spalten		1300	--Primzahlwirkung=
list	spalten		1301	--Primzahlwirkung=
list	spalten		1302	--Primzahlwirkung=
list	spalten		1303	--Primzahlwirkung=
list	spalten		1304	--Primzahlwirkung=
list	spalten		1305	--primzahlwirkung=
list	spalten		1306	--primzahlwirkung=
list	spalten		1307	--primzahlwirkung=
list	spalten		1308	--primzahlwirkung=
list	spalten		1309	--primzahlwirkung=
list	spalten		1310	--Meta_vs_Konkret_(Universum)=
list	spalten		1311	--Meta_vs_Konkret_(Universum)=
list	spalten		1312	--Meta_vs_Konkret_(Universum)=
list	spalten		1313	--Meta_vs_Konkret_(Universum)=
list	spalten		1314	--Meta_vs_Konkret_(Universum)=
list	spalten		1315	--universummetakonkret=
list	spalten		1316	--universummetakonkret=
list	spalten		1317	--universummetakonkret=
list	spalten		1318	--universummetakonkret=
list	spalten		1319	--universummetakonkret=
list	spalten		1320	--Meta_vs_Konkret_(Universum)=
list	spalten		1321	--Meta_vs_Konkret_(Universum)=
list	spalten		1322	--universummetakonkret=
list	spalten		1323	--universummetakonkret=
list	spalten		1324	--Meta_vs_Konkret_(Universum)=
list	spalten		1325	--Meta_vs_Konkret_(Universum)=
list	spalten		1326	--Meta_vs_Konkret_(Universum)=
list	spalten		1327	--universummetakonkret=
list	spalten		1328	--universummetakonkret=
list	spalten		1329	--universummetakonkret=
list	spalten		1330	--Meta_vs_Konkret_(Universum)=
list	spalten		1331	--Meta_vs_Konkret_(Universum)=
list	spalten		1332	--Meta_vs_Konkret_(Universum)=
list	spalten		1333	--universummetakonkret=
list	spalten		1334	--universummetakonkret=
list	spalten		1335	--universummetakonkret=
list	spalten		1336	--Universum=
list	spalten		1337	--Universum=
list	spalten		1338	--Universum=
list	spalten		1339	--universum=
list	spalten		1340	--universum=
list	spalten		1341	--universum=
list	spalten		1342	--transzendentalien=
list	spalten		1343	--transzendentalien=
list	spalten		1344	--transzendentalien=
list	spalten		1345	--strukturalien=
list	spalten		1346	--strukturalien=
list	spalten		1347	--strukturalien=
list	spalten		1348	--kugel=
list	spalten		1349	--kugel=
list	spalten		1350	--kugel=
list	spalten		1351	--kugeln=
list	spalten		1352	--kugeln=
list	spalten		1353	--kugeln=
list	spalten		1354	--ball=
list	spalten		1355	--ball=
list	spalten		1356	--ball=
list	spalten		1357	--baelle=
list	spalten		1358	--baelle=
list	spalten		1359	--baelle=
list	spalten		1360	--bälle=
list	spalten		1361	--bälle=
list	spalten		1362	--bälle=
list	spalten		1363	--Universum=
list	spalten		1364	--Universum=
list	spalten		1365	--Universum=
list	spalten		1366	--Universum=
list	spalten		1367	--Universum=
list	spalten		1368	--Universum=
list	spalten		1369	--universum=
list	spalten		1370	--universum=
list	spalten		1371	--universum=
list	spalten		1372	--universum=
list	spalten		1373	--universum=
list	spalten		1374	--universum=
list	spalten		1375	--transzendentalien=
list	spalten		1376	--transzendentalien=
list	spalten		1377	--transzendentalien=
list	spalten		1378	--transzendentalien=
list	spalten		1379	--transzendentalien=
list	spalten		1380	--transzendentalien=
list	spalten		1381	--strukturalien=
list	spalten		1382	--strukturalien=
list	spalten		1383	--strukturalien=
list	spalten		1384	--strukturalien=
list	spalten		1385	--strukturalien=
list	spalten		1386	--strukturalien=
list	spalten		1387	--kugel=
list	spalten		1388	--kugel=
list	spalten		1389	--kugel=
list	spalten		1390	--kugel=
list	spalten		1391	--kugel=
list	spalten		1392	--kugel=
list	spalten		1393	--kugeln=
list	spalten		1394	--kugeln=
list	spalten		1395	--kugeln=
list	spalten		1396	--kugeln=
list	spalten		1397	--kugeln=
list	spalten		1398	--kugeln=
list	spalten		1399	--ball=
list	spalten		1400	--ball=
list	spalten		1401	--ball=
list	spalten		1402	--ball=
list	spalten		1403	--ball=
list	spalten		1404	--ball=
list	spalten		1405	--baelle=
list	spalten		1406	--baelle=
list	spalten		1407	--baelle=
list	spalten		1408	--baelle=
list	spalten		1409	--baelle=
list	spalten		1410	--baelle=
list	spalten		1411	--bälle=
list	spalten		1412	--bälle=
list	spalten		1413	--bälle=
list	spalten		1414	--bälle=
list	spalten		1415	--bälle=
list	spalten		1416	--bälle=
list	spalten		1417	--Universum=
list	spalten		1418	--Universum=
list	spalten		1419	--universum=
list	spalten		1420	--universum=
list	spalten		1421	--transzendentalien=
list	spalten		1422	--transzendentalien=
list	spalten		1423	--strukturalien=
list	spalten		1424	--strukturalien=
list	spalten		1425	--kugel=
list	spalten		1426	--kugel=
list	spalten		1427	--kugeln=
list	spalten		1428	--kugeln=
list	spalten		1429	--ball=
list	spalten		1430	--ball=
list	spalten		1431	--baelle=
list	spalten		1432	--baelle=
list	spalten		1433	--bälle=
list	spalten		1434	--bälle=
list	spalten		1435	--Universum=
list	spalten		1436	--Universum=
list	spalten		1437	--Universum=
list	spalten		1438	--Universum=
list	spalten		1439	--Universum=
list	spalten		1440	--Universum=
list	spalten		1441	--universum=
list	spalten		1442	--universum=
list	spalten		1443	--universum=
list	spalten		1444	--universum=
list	spalten		1445	--universum=
list	spalten		1446	--universum=
list	spalten		1447	--transzendentalien=
list	spalten		1448	--transzendentalien=
list	spalten		1449	--transzendentalien=
list	spalten		1450	--transzendentalien=
list	spalten		1451	--transzendentalien=
list	spalten		1452	--transzendentalien=
list	spalten		1453	--strukturalien=
list	spalten		1454	--strukturalien=
list	spalten		1455	--strukturalien=
list	spalten		1456	--strukturalien=
list	spalten		1457	--strukturalien=
list	spalten		1458	--strukturalien=
list	spalten		1459	--kugel=
list	spalten		1460	--kugel=
list	spalten		1461	--kugel=
list	spalten		1462	--kugel=
list	spalten		1463	--kugel=
list	spalten		1464	--kugel=
list	spalten		1465	--kugeln=
list	spalten		1466	--kugeln=
list	spalten		1467	--kugeln=
list	spalten		1468	--kugeln=
list	spalten		1469	--kugeln=
list	spalten		1470	--kugeln=
list	spalten		1471	--ball=
list	spalten		1472	--ball=
list	spalten		1473	--ball=
list	spalten		1474	--ball=
list	spalten		1475	--ball=
list	spalten		1476	--ball=
list	spalten		1477	--baelle=
list	spalten		1478	--baelle=
list	spalten		1479	--baelle=
list	spalten		1480	--baelle=
list	spalten		1481	--baelle=
list	spalten		1482	--baelle=
list	spalten		1483	--bälle=
list	spalten		1484	--bälle=
list	spalten		1485	--bälle=
list	spalten		1486	--bälle=
list	spalten		1487	--bälle=
list	spalten		1488	--bälle=
list	spalten		1489	--Universum=
list	spalten		1490	--Universum=
list	spalten		1491	--Universum=
list	spalten		1492	--Universum=
list	spalten		1493	--Universum=
list	spalten		1494	--Universum=
list	spalten		1495	--universum=
list	spalten		1496	--universum=
list	spalten		1497	--universum=
list	spalten		1498	--universum=
list	spalten		1499	--universum=
list	spalten		1500	--universum=
list	spalten		1501	--transzendentalien=
list	spalten		1502	--transzendentalien=
list	spalten		1503	--transzendentalien=
list	spalten		1504	--transzendentalien=
list	spalten		1505	--transzendentalien=
list	spalten		1506	--transzendentalien=
list	spalten		1507	--strukturalien=
list	spalten		1508	--strukturalien=
list	spalten		1509	--strukturalien=
list	spalten		1510	--strukturalien=
list	spalten		1511	--strukturalien=
list	spalten		1512	--strukturalien=
list	spalten		1513	--kugel=
list	spalten		1514	--kugel=
list	spalten		1515	--kugel=
list	spalten		1516	--kugel=
list	spalten		1517	--kugel=
list	spalten		1518	--kugel=
list	spalten		1519	--kugeln=
list	spalten		1520	--kugeln=
list	spalten		1521	--kugeln=
list	spalten		1522	--kugeln=
list	spalten		1523	--kugeln=
list	spalten		1524	--kugeln=
list	spalten		1525	--ball=
list	spalten		1526	--ball=
list	spalten		1527	--ball=
list	spalten		1528	--ball=
list	spalten		1529	--ball=
list	spalten		1530	--ball=
list	spalten		1531	--baelle=
list	spalten		1532	--baelle=
list	spalten		1533	--baelle=
list	spalten		1534	--baelle=
list	spalten		1535	--baelle=
list	spalten		1536	--baelle=
list	spalten		1537	--bälle=
list	spalten		1538	--bälle=
list	spalten		1539	--bälle=
list	spalten		1540	--bälle=
list	spalten		1541	--bälle=
list	spalten		1542	--bälle=
list	spalten		1543	--Universum=
list	spalten		1544	--Universum=
list	spalten		1545	--universum=
list	spalten		1546	--universum=
list	spalten		1547	--transzendentalien=
list	spalten		1548	--transzendentalien=
list	spalten		1549	--strukturalien=
list	spalten		1550	--strukturalien=
list	spalten		1551	--kugel=
list	spalten		1552	--kugel=
list	spalten		1553	--kugeln=
list	spalten		1554	--kugeln=
list	spalten		1555	--ball=
list	spalten		1556	--ball=
list	spalten		1557	--baelle=
list	spalten		1558	--baelle=
list	spalten		1559	--bälle=
list	spalten		1560	--bälle=
list	spalten		1561	--Universum=
list	spalten		1562	--Universum=
list	spalten		1563	--universum=
list	spalten		1564	--universum=
list	spalten		1565	--transzendentalien=
list	spalten		1566	--transzendentalien=
list	spalten		1567	--strukturalien=
list	spalten		1568	--strukturalien=
list	spalten		1569	--kugel=
list	spalten		1570	--kugel=
list	spalten		1571	--kugeln=
list	spalten		1572	--kugeln=
list	spalten		1573	--ball=
list	spalten		1574	--ball=
list	spalten		1575	--baelle=
list	spalten		1576	--baelle=
list	spalten		1577	--bälle=
list	spalten		1578	--bälle=
list	spalten		1579	--Universum=
list	spalten		1580	--Universum=
list	spalten		1581	--universum=
list	spalten		1582	--universum=
list	spalten		1583	--transzendentalien=
list	spalten		1584	--transzendentalien=
list	spalten		1585	--strukturalien=
list	spalten		1586	--strukturalien=
list	spalten		1587	--kugel=
list	spalten		1588	--kugel=
list	spalten		1589	--kugeln=
list	spalten		1590	--kugeln=
list	spalten		1591	--ball=
list	spalten		1592	--ball=
list	spalten		1593	--baelle=
list	spalten		1594	--baelle=
list	spalten		1595	--bälle=
list	spalten		1596	--bälle=
list	spalten		1597	--Universum=
list	spalten		1598	--Universum=
list	spalten		1599	--universum=
list	spalten		1600	--universum=
list	spalten		1601	--transzendentalien=
list	spalten		1602	--transzendentalien=
list	spalten		1603	--strukturalien=
list	spalten		1604	--strukturalien=
list	spalten		1605	--kugel=
list	spalten		1606	--kugel=
list	spalten		1607	--kugeln=
list	spalten		1608	--kugeln=
list	spalten		1609	--ball=
list	spalten		1610	--ball=
list	spalten		1611	--baelle=
list	spalten		1612	--baelle=
list	spalten		1613	--bälle=
list	spalten		1614	--bälle=
list	spalten		1615	--Universum=
list	spalten		1616	--Universum=
list	spalten		1617	--universum=
list	spalten		1618	--universum=
list	spalten		1619	--transzendentalien=
list	spalten		1620	--transzendentalien=
list	spalten		1621	--strukturalien=
list	spalten		1622	--strukturalien=
list	spalten		1623	--kugel=
list	spalten		1624	--kugel=
list	spalten		1625	--kugeln=
list	spalten		1626	--kugeln=
list	spalten		1627	--ball=
list	spalten		1628	--ball=
list	spalten		1629	--baelle=
list	spalten		1630	--baelle=
list	spalten		1631	--bälle=
list	spalten		1632	--bälle=
list	spalten		1633	--Galaxie=
list	spalten		1634	--galaxie=
list	spalten		1635	--alteschriften=
list	spalten		1636	--kreis=
list	spalten		1637	--galaxien=
list	spalten		1638	--kreise=
list	spalten		1639	--Galaxie=
list	spalten		1640	--Galaxie=
list	spalten		1641	--galaxie=
list	spalten		1642	--galaxie=
list	spalten		1643	--alteschriften=
list	spalten		1644	--alteschriften=
list	spalten		1645	--kreis=
list	spalten		1646	--kreis=
list	spalten		1647	--galaxien=
list	spalten		1648	--galaxien=
list	spalten		1649	--kreise=
list	spalten		1650	--kreise=
list	spalten		1651	--Universum=
list	spalten		1652	--Universum=
list	spalten		1653	--universum=
list	spalten		1654	--universum=
list	spalten		1655	--transzendentalien=
list	spalten		1656	--transzendentalien=
list	spalten		1657	--strukturalien=
list	spalten		1658	--strukturalien=
list	spalten		1659	--kugel=
list	spalten		1660	--kugel=
list	spalten		1661	--kugeln=
list	spalten		1662	--kugeln=
list	spalten		1663	--ball=
list	spalten		1664	--ball=
list	spalten		1665	--baelle=
list	spalten		1666	--baelle=
list	spalten		1667	--bälle=
list	spalten		1668	--bälle=
list	spalten		1669	--Universum=
list	spalten		1670	--Universum=
list	spalten		1671	--universum=
list	spalten		1672	--universum=
list	spalten		1673	--transzendentalien=
list	spalten		1674	--transzendentalien=
list	spalten		1675	--strukturalien=
list	spalten		1676	--strukturalien=
list	spalten		1677	--kugel=
list	spalten		1678	--kugel=
list	spalten		1679	--kugeln=
list	spalten		1680	--kugeln=
list	spalten		1681	--ball=
list	spalten		1682	--ball=
list	spalten		1683	--baelle=
list	spalten		1684	--baelle=
list	spalten		1685	--bälle=
list	spalten		1686	--bälle=
list	spalten		1687	--Grundstrukturen=
list	spalten		1688	--Grundstrukturen=
list	spalten		1689	--Grundstrukturen=
list	spalten		1690	--Grundstrukturen=
list	spalten		1691	--Grundstrukturen=
list	spalten		1692	--Grundstrukturen=
list	spalten		1693	--Grundstrukturen=
list	spalten		1694	--Grundstrukturen=
list	spalten		1695	--grundstrukturen=
list	spalten		1696	--grundstrukturen=
list	spalten		1697	--grundstrukturen=
list	spalten		1698	--grundstrukturen=
list	spalten		1699	--grundstrukturen=
list	spalten		1700	--grundstrukturen=
list	spalten		1701	--grundstrukturen=
list	spalten		1702	--grundstrukturen=
list	spalten		1703	--Universum=
list	spalten		1704	--Universum=
list	spalten		1705	--Universum=
list	spalten		1706	--Universum=
list	spalten		1707	--Universum=
list	spalten		1708	--Universum=
list	spalten		1709	--Universum=
list	spalten		1710	--Universum=
list	spalten		1711	--universum=
list	spalten		1712	--universum=
list	spalten		1713	--universum=
list	spalten		1714	--universum=
list	spalten		1715	--universum=
list	spalten		1716	--universum=
list	spalten		1717	--universum=
list	spalten		1718	--universum=
list	spalten		1719	--transzendentalien=
list	spalten		1720	--transzendentalien=
list	spalten		1721	--transzendentalien=
list	spalten		1722	--transzendentalien=
list	spalten		1723	--transzendentalien=
list	spalten		1724	--transzendentalien=
list	spalten		1725	--transzendentalien=
list	spalten		1726	--transzendentalien=
list	spalten		1727	--strukturalien=
list	spalten		1728	--strukturalien=
list	spalten		1729	--strukturalien=
list	spalten		1730	--strukturalien=
list	spalten		1731	--strukturalien=
list	spalten		1732	--strukturalien=
list	spalten		1733	--strukturalien=
list	spalten		1734	--strukturalien=
list	spalten		1735	--kugel=
list	spalten		1736	--kugel=
list	spalten		1737	--kugel=
list	spalten		1738	--kugel=
list	spalten		1739	--kugel=
list	spalten		1740	--kugel=
list	spalten		1741	--kugel=
list	spalten		1742	--kugel=
list	spalten		1743	--kugeln=
list	spalten		1744	--kugeln=
list	spalten		1745	--kugeln=
list	spalten		1746	--kugeln=
list	spalten		1747	--kugeln=
list	spalten		1748	--kugeln=
list	spalten		1749	--kugeln=
list	spalten		1750	--kugeln=
list	spalten		1751	--ball=
list	spalten		1752	--ball=
list	spalten		1753	--ball=
list	spalten		1754	--ball=
list	spalten		1755	--ball=
list	spalten		1756	--ball=
list	spalten		1757	--ball=
list	spalten		1758	--ball=
list	spalten		1759	--baelle=
list	spalten		1760	--baelle=
list	spalten		1761	--baelle=
list	spalten		1762	--baelle=
list	spalten		1763	--baelle=
list	spalten		1764	--baelle=
list	spalten		1765	--baelle=
list	spalten		1766	--baelle=
list	spalten		1767	--bälle=
list	spalten		1768	--bälle=
list	spalten		1769	--bälle=
list	spalten		1770	--bälle=
list	spalten		1771	--bälle=
list	spalten		1772	--bälle=
list	spalten		1773	--bälle=
list	spalten		1774	--bälle=
list	spalten		1775	--Multiversum=
list	spalten		1776	--Multiversum=
list	spalten		1777	--Multiversum=
list	spalten		1778	--Multiversum=
list	spalten		1779	--Multiversum=
list	spalten		1780	--Multiversum=
list	spalten		1781	--Multiversum=
list	spalten		1782	--Multiversum=
list	spalten		1783	--multiversum=
list	spalten		1784	--multiversum=
list	spalten		1785	--multiversum=
list	spalten		1786	--multiversum=
list	spalten		1787	--multiversum=
list	spalten		1788	--multiversum=
list	spalten		1789	--multiversum=
list	spalten		1790	--multiversum=
list	spalten		1791	--Operationen=
list	spalten		1792	--Operationen=
list	spalten		1793	--Operationen=
list	spalten		1794	--Operationen=
list	spalten		1795	--Operationen=
list	spalten		1796	--Operationen=
list	spalten		1797	--Operationen=
list	spalten		1798	--operationen=
list	spalten		1799	--operationen=
list	spalten		1800	--operationen=
list	spalten		1801	--operationen=
list	spalten		1802	--operationen=
list	spalten		1803	--operationen=
list	spalten		1804	--operationen=
list	spalten		1805	--Operationen=
list	spalten		1806	--Operationen=
list	spalten		1807	--operationen=
list	spalten		1808	--operationen=
list	spalten		1809	--Operationen=
list	spalten		1810	--Operationen=
list	spalten		1811	--Operationen=
list	spalten		1812	--Operationen=
list	spalten		1813	--operationen=
list	spalten		1814	--operationen=
list	spalten		1815	--operationen=
list	spalten		1816	--operationen=
list	spalten		1817	--Menschliches=
list	spalten		1818	--Menschliches=
list	spalten		1819	--menschliches=
list	spalten		1820	--menschliches=
list	spalten		1821	--Menschliches=
list	spalten		1822	--menschliches=
list	spalten		1823	--Menschliches=
list	spalten		1824	--menschliches=
list	spalten		1825	--Menschliches=
list	spalten		1826	--menschliches=
list	spalten		1827	--Menschliches=
list	spalten		1828	--Menschliches=
list	spalten		1829	--menschliches=
list	spalten		1830	--menschliches=
list	spalten		1831	--Menschliches=
list	spalten		1832	--Menschliches=
list	spalten		1833	--Menschliches=
list	spalten		1834	--menschliches=
list	spalten		1835	--menschliches=
list	spalten		1836	--menschliches=
list	spalten		1837	--Menschliches=
list	spalten		1838	--Menschliches=
list	spalten		1839	--Menschliches=
list	spalten		1840	--menschliches=
list	spalten		1841	--menschliches=
list	spalten		1842	--menschliches=
list	spalten		1843	--Menschliches=
list	spalten		1844	--Menschliches=
list	spalten		1845	--Menschliches=
list	spalten		1846	--Menschliches=
list	spalten		1847	--menschliches=
list	spalten		1848	--menschliches=
list	spalten		1849	--menschliches=
list	spalten		1850	--menschliches=
list	spalten		1851	--Wirtschaft=
list	spalten		1852	--Wirtschaft=
list	spalten		1853	--Wirtschaft=
list	spalten		1854	--Wirtschaft=
list	spalten		1855	--wirtschaft=
list	spalten		1856	--wirtschaft=
list	spalten		1857	--wirtschaft=
list	spalten		1858	--wirtschaft=
list	spalten		1859	--Wirtschaft=
list	spalten		1860	--Wirtschaft=
list	spalten		1861	--wirtschaft=
list	spalten		1862	--wirtschaft=
list	spalten		1863	--Wirtschaft=
list	spalten		1864	--Wirtschaft=
list	spalten		1865	--Wirtschaft=
list	spalten		1866	--Wirtschaft=
list	spalten		1867	--Wirtschaft=
list	spalten		1868	--Wirtschaft=
list	spalten		1869	--Wirtschaft=
list	spalten		1870	--wirtschaft=
list	spalten		1871	--wirtschaft=
list	spalten		1872	--wirtschaft=
list	spalten		1873	--wirtschaft=
list	spalten		1874	--wirtschaft=
list	spalten		1875	--wirtschaft=
list	spalten		1876	--wirtschaft=
list	spalten		1877	--Wirtschaft=
list	spalten		1878	--Wirtschaft=
list	spalten		1879	--Wirtschaft=
list	spalten		1880	--Wirtschaft=
list	spalten		1881	--Wirtschaft=
list	spalten		1882	--wirtschaft=
list	spalten		1883	--wirtschaft=
list	spalten		1884	--wirtschaft=
list	spalten		1885	--wirtschaft=
list	spalten		1886	--wirtschaft=
list	spalten		1887	--Grundstrukturen=
list	spalten		1888	--Grundstrukturen=
list	spalten		1889	--grundstrukturen=
list	spalten		1890	--grundstrukturen=
list	spalten		1891	--Wirtschaft=
list	spalten		1892	--Wirtschaft=
list	spalten		1893	--wirtschaft=
list	spalten		1894	--wirtschaft=
list	spalten		1895	--Wirtschaft=
list	spalten		1896	--Wirtschaft=
list	spalten		1897	--Wirtschaft=
list	spalten		1898	--wirtschaft=
list	spalten		1899	--wirtschaft=
list	spalten		1900	--wirtschaft=
list	spalten		1901	--Wirtschaft=
list	spalten		1902	--Wirtschaft=
list	spalten		1903	--wirtschaft=
list	spalten		1904	--wirtschaft=
list	spalten		1905	--Menschliches=
list	spalten		1906	--Menschliches=
list	spalten		1907	--Menschliches=
list	spalten		1908	--Menschliches=
list	spalten		1909	--Menschliches=
list	spalten		1910	--menschliches=
list	spalten		1911	--menschliches=
list	spalten		1912	--menschliches=
list	spalten		1913	--menschliches=
list	spalten		1914	--menschliches=
list	spalten		1915	--Menschliches=
list	spalten		1916	--Menschliches=
list	spalten		1917	--Menschliches=
list	spalten		1918	--Menschliches=
list	spalten		1919	--menschliches=
list	spalten		1920	--menschliches=
list	spalten		1921	--menschliches=
list	spalten		1922	--menschliches=
list	spalten		1923	--Menschliches=
list	spalten		1924	--Menschliches=
list	spalten		1925	--Menschliches=
list	spalten		1926	--menschliches=
list	spalten		1927	--menschliches=
list	spalten		1928	--menschliches=
list	spalten		1929	--Menschliches=
list	spalten		1930	--Menschliches=
list	spalten		1931	--Menschliches=
list	spalten		1932	--menschliches=
list	spalten		1933	--menschliches=
list	spalten		1934	--menschliches=
list	spalten		1935	--Menschliches=
list	spalten		1936	--Menschliches=
list	spalten		1937	--Menschliches=
list	spalten		1938	--Menschliches=
list	spalten		1939	--Menschliches=
list	spalten		1940	--Menschliches=
list	spalten		1941	--menschliches=
list	spalten		1942	--menschliches=
list	spalten		1943	--menschliches=
list	spalten		1944	--menschliches=
list	spalten		1945	--menschliches=
list	spalten		1946	--menschliches=
list	spalten		1947	--Menschliches=
list	spalten		1948	--Menschliches=
list	spalten		1949	--Menschliches=
list	spalten		1950	--Menschliches=
list	spalten		1951	--Menschliches=
list	spalten		1952	--Menschliches=
list	spalten		1953	--menschliches=
list	spalten		1954	--menschliches=
list	spalten		1955	--menschliches=
list	spalten		1956	--menschliches=
list	spalten		1957	--menschliches=
list	spalten		1958	--menschliches=
list	spalten		1959	--Menschliches=
list	spalten		1960	--Menschliches=
list	spalten		1961	--Menschliches=
list	spalten		1962	--Menschliches=
list	spalten		1963	--menschliches=
list	spalten		1964	--menschliches=
list	spalten		1965	--menschliches=
list	spalten		1966	--menschliches=
list	spalten		1967	--Menschliches=
list	spalten		1968	--Menschliches=
list	spalten		1969	--menschliches=
list	spalten		1970	--menschliches=
list	spalten		1971	--Menschliches=
list	spalten		1972	--Menschliches=
list	spalten		1973	--Menschliches=
list	spalten		1974	--menschliches=
list	spalten		1975	--menschliches=
list	spalten		1976	--menschliches=
list	spalten		1977	--Menschliches=
list	spalten		1978	--Menschliches=
list	spalten		1979	--Menschliches=
list	spalten		1980	--menschliches=
list	spalten		1981	--menschliches=
list	spalten		1982	--menschliches=
list	spalten		1983	--Menschliches=
list	spalten		1984	--Menschliches=
list	spalten		1985	--Menschliches=
list	spalten		1986	--Menschliches=
list	spalten		1987	--Menschliches=
list	spalten		1988	--menschliches=
list	spalten		1989	--menschliches=
list	spalten		1990	--menschliches=
list	spalten		1991	--menschliches=
list	spalten		1992	--menschliches=
list	spalten		1993	--Menschliches=
list	spalten		1994	--Menschliches=
list	spalten		1995	--Menschliches=
list	spalten		1996	--menschliches=
list	spalten		1997	--menschliches=
list	spalten		1998	--menschliches=
list	spalten		1999	--Menschliches=
list	spalten		2000	--Menschliches=
list	spalten		2001	--Menschliches=
list	spalten		2002	--Menschliches=
list	spalten		2003	--menschliches=
list	spalten		2004	--menschliches=
list	spalten		2005	--menschliches=
list	spalten		2006	--menschliches=
list	spalten		2007	--Menschliches=
list	spalten		2008	--Menschliches=
list	spalten		2009	--Menschliches=
list	spalten		2010	--menschliches=
list	spalten		2011	--menschliches=
list	spalten		2012	--menschliches=
list	spalten		2013	--Grundstrukturen=
list	spalten		2014	--Grundstrukturen=
list	spalten		2015	--Grundstrukturen=
list	spalten		2016	--Grundstrukturen=
list	spalten		2017	--Grundstrukturen=
list	spalten		2018	--Grundstrukturen=
list	spalten		2019	--Grundstrukturen=
list	spalten		2020	--Grundstrukturen=
list	spalten		2021	--grundstrukturen=
list	spalten		2022	--grundstrukturen=
list	spalten		2023	--grundstrukturen=
list	spalten		2024	--grundstrukturen=
list	spalten		2025	--grundstrukturen=
list	spalten		2026	--grundstrukturen=
list	spalten		2027	--grundstrukturen=
list	spalten		2028	--grundstrukturen=
list	spalten		2029	--Multiversum=
list	spalten		2030	--Multiversum=
list	spalten		2031	--Multiversum=
list	spalten		2032	--Multiversum=
list	spalten		2033	--Multiversum=
list	spalten		2034	--Multiversum=
list	spalten		2035	--Multiversum=
list	spalten		2036	--Multiversum=
list	spalten		2037	--multiversum=
list	spalten		2038	--multiversum=
list	spalten		2039	--multiversum=
list	spalten		2040	--multiversum=
list	spalten		2041	--multiversum=
list	spalten		2042	--multiversum=
list	spalten		2043	--multiversum=
list	spalten		2044	--multiversum=
list	spalten		2045	--Grundstrukturen=
list	spalten		2046	--Grundstrukturen=
list	spalten		2047	--Grundstrukturen=
list	spalten		2048	--Grundstrukturen=
list	spalten		2049	--Grundstrukturen=
list	spalten		2050	--grundstrukturen=
list	spalten		2051	--grundstrukturen=
list	spalten		2052	--grundstrukturen=
list	spalten		2053	--grundstrukturen=
list	spalten		2054	--grundstrukturen=
list	spalten		2055	--Grundstrukturen=
list	spalten		2056	--Grundstrukturen=
list	spalten		2057	--Grundstrukturen=
list	spalten		2058	--Grundstrukturen=
list	spalten		2059	--grundstrukturen=
list	spalten		2060	--grundstrukturen=
list	spalten		2061	--grundstrukturen=
list	spalten		2062	--grundstrukturen=
list	spalten		2063	--Grundstrukturen=
list	spalten		2064	--Grundstrukturen=
list	spalten		2065	--grundstrukturen=
list	spalten		2066	--grundstrukturen=
list	spalten		2067	--Grundstrukturen=
list	spalten		2068	--Grundstrukturen=
list	spalten		2069	--grundstrukturen=
list	spalten		2070	--grundstrukturen=
list	spalten		2071	--Grundstrukturen=
list	spalten		2072	--Grundstrukturen=
list	spalten		2073	--grundstrukturen=
list	spalten		2074	--grundstrukturen=
list	spalten		2075	--Grundstrukturen=
list	spalten		2076	--Grundstrukturen=
list	spalten		2077	--grundstrukturen=
list	spalten		2078	--grundstrukturen=
list	spalten		2079	--Grundstrukturen=
list	spalten		2080	--Grundstrukturen=
list	spalten		2081	--grundstrukturen=
list	spalten		2082	--grundstrukturen=
list	spalten		2083	--Grundstrukturen=
list	spalten		2084	--Grundstrukturen=
list	spalten		2085	--Grundstrukturen=
list	spalten		2086	--grundstrukturen=
list	spalten		2087	--grundstrukturen=
list	spalten		2088	--grundstrukturen=
list	spalten		2089	--Grundstrukturen=
list	spalten		2090	--Grundstrukturen=
list	spalten		2091	--Grundstrukturen=
list	spalten		2092	--grundstrukturen=
list	spalten		2093	--grundstrukturen=
list	spalten		2094	--grundstrukturen=
list	spalten		2095	--Grundstrukturen=
list	spalten		2096	--Grundstrukturen=
list	spalten		2097	--grundstrukturen=
list	spalten		2098	--grundstrukturen=
list	spalten		2099	--Grundstrukturen=
list	spalten		2100	--Grundstrukturen=
list	spalten		2101	--grundstrukturen=
list	spalten		2102	--grundstrukturen=
list	spalten		2103	--Grundstrukturen=
list	spalten		2104	--Grundstrukturen=
list	spalten		2105	--Grundstrukturen=
list	spalten		2106	--grundstrukturen=
list	spalten		2107	--grundstrukturen=
list	spalten		2108	--grundstrukturen=
list	spalten		2109	--Grundstrukturen=
list	spalten		2110	--Grundstrukturen=
list	spalten		2111	--grundstrukturen=
list	spalten		2112	--grundstrukturen=
list	spalten		2113	--Grundstrukturen=
list	spalten		2114	--Grundstrukturen=
list	spalten		2115	--grundstrukturen=
list	spalten		2116	--grundstrukturen=
list	spalten		2117	--Grundstrukturen=
list	spalten		2118	--Grundstrukturen=
list	spalten		2119	--grundstrukturen=
list	spalten		2120	--grundstrukturen=
list	spalten		2121	--Grundstrukturen=
list	spalten		2122	--Grundstrukturen=
list	spalten		2123	--Grundstrukturen=
list	spalten		2124	--grundstrukturen=
list	spalten		2125	--grundstrukturen=
list	spalten		2126	--grundstrukturen=
list	spalten		2127	--Grundstrukturen=
list	spalten		2128	--Grundstrukturen=
list	spalten		2129	--grundstrukturen=
list	spalten		2130	--grundstrukturen=
list	spalten		2131	--Grundstrukturen=
list	spalten		2132	--Grundstrukturen=
list	spalten		2133	--Grundstrukturen=
list	spalten		2134	--grundstrukturen=
list	spalten		2135	--grundstrukturen=
list	spalten		2136	--grundstrukturen=
list	spalten		2137	--Grundstrukturen=
list	spalten		2138	--Grundstrukturen=
list	spalten		2139	--Grundstrukturen=
list	spalten		2140	--grundstrukturen=
list	spalten		2141	--grundstrukturen=
list	spalten		2142	--grundstrukturen=
list	spalten		2143	--Grundstrukturen=
list	spalten		2144	--Grundstrukturen=
list	spalten		2145	--grundstrukturen=
list	spalten		2146	--grundstrukturen=
list	spalten		2147	--Grundstrukturen=
list	spalten		2148	--Grundstrukturen=
list	spalten		2149	--grundstrukturen=
list	spalten		2150	--grundstrukturen=
list	spalten		2151	--Grundstrukturen=
list	spalten		2152	--Grundstrukturen=
list	spalten		2153	--grundstrukturen=
list	spalten		2154	--grundstrukturen=
list	spalten		2155	--Grundstrukturen=
list	spalten		2156	--Grundstrukturen=
list	spalten		2157	--grundstrukturen=
list	spalten		2158	--grundstrukturen=
list	spalten		2159	--Grundstrukturen=
list	spalten		2160	--Grundstrukturen=
list	spalten		2161	--grundstrukturen=
list	spalten		2162	--grundstrukturen=
list	spalten		2163	--Grundstrukturen=
list	spalten		2164	--Grundstrukturen=
list	spalten		2165	--grundstrukturen=
list	spalten		2166	--grundstrukturen=
list	spalten		2167	--Grundstrukturen=
list	spalten		2168	--Grundstrukturen=
list	spalten		2169	--grundstrukturen=
list	spalten		2170	--grundstrukturen=
list	spalten		2171	--Grundstrukturen=
list	spalten		2172	--Grundstrukturen=
list	spalten		2173	--Grundstrukturen=
list	spalten		2174	--Grundstrukturen=
list	spalten		2175	--grundstrukturen=
list	spalten		2176	--grundstrukturen=
list	spalten		2177	--grundstrukturen=
list	spalten		2178	--grundstrukturen=
list	spalten		2179	--Grundstrukturen=
list	spalten		2180	--Grundstrukturen=
list	spalten		2181	--Grundstrukturen=
list	spalten		2182	--Grundstrukturen=
list	spalten		2183	--grundstrukturen=
list	spalten		2184	--grundstrukturen=
list	spalten		2185	--grundstrukturen=
list	spalten		2186	--grundstrukturen=
list	spalten		2187	--Grundstrukturen=
list	spalten		2188	--Grundstrukturen=
list	spalten		2189	--grundstrukturen=
list	spalten		2190	--grundstrukturen=
list	spalten		2191	--Grundstrukturen=
list	spalten		2192	--Grundstrukturen=
list	spalten		2193	--Grundstrukturen=
list	spalten		2194	--grundstrukturen=
list	spalten		2195	--grundstrukturen=
list	spalten		2196	--grundstrukturen=
list	spalten		2197	--Grundstrukturen=
list	spalten		2198	--Grundstrukturen=
list	spalten		2199	--Grundstrukturen=
list	spalten		2200	--grundstrukturen=
list	spalten		2201	--grundstrukturen=
list	spalten		2202	--grundstrukturen=
list	spalten		2203	--Grundstrukturen=
list	spalten		2204	--Grundstrukturen=
list	spalten		2205	--grundstrukturen=
list	spalten		2206	--grundstrukturen=
list	spalten		2207	--Grundstrukturen=
list	spalten		2208	--Grundstrukturen=
list	spalten		2209	--grundstrukturen=
list	spalten		2210	--grundstrukturen=
list	spalten		2211	--Grundstrukturen=
list	spalten		2212	--Grundstrukturen=
list	spalten		2213	--grundstrukturen=
list	spalten		2214	--grundstrukturen=
list	spalten		2215	--Grundstrukturen=
list	spalten		2216	--Grundstrukturen=
list	spalten		2217	--Grundstrukturen=
list	spalten		2218	--grundstrukturen=
list	spalten		2219	--grundstrukturen=
list	spalten		2220	--grundstrukturen=
list	spalten		2221	--Multiversum=
list	spalten		2222	--Multiversum=
list	spalten		2223	--Multiversum=
list	spalten		2224	--multiversum=
list	spalten		2225	--multiversum=
list	spalten		2226	--multiversum=
list	spalten		2227	--Grundstrukturen=
list	spalten		2228	--Grundstrukturen=
list	spalten		2229	--Grundstrukturen=
list	spalten		2230	--grundstrukturen=
list	spalten		2231	--grundstrukturen=
list	spalten		2232	--grundstrukturen=
list	spalten		2233	--Grundstrukturen=
list	spalten		2234	--Grundstrukturen=
list	spalten		2235	--Grundstrukturen=
list	spalten		2236	--grundstrukturen=
list	spalten		2237	--grundstrukturen=
list	spalten		2238	--grundstrukturen=
list	spalten		2239	--Grundstrukturen=
list	spalten		2240	--Grundstrukturen=
list	spalten		2241	--Grundstrukturen=
list	spalten		2242	--grundstrukturen=
list	spalten		2243	--grundstrukturen=
list	spalten		2244	--grundstrukturen=
list	spalten		2245	--Grundstrukturen=
list	spalten		2246	--Grundstrukturen=
list	spalten		2247	--Grundstrukturen=
list	spalten		2248	--Grundstrukturen=
list	spalten		2249	--Grundstrukturen=
list	spalten		2250	--grundstrukturen=
list	spalten		2251	--grundstrukturen=
list	spalten		2252	--grundstrukturen=
list	spalten		2253	--grundstrukturen=
list	spalten		2254	--grundstrukturen=
list	spalten		2255	--Grundstrukturen=
list	spalten		2256	--Grundstrukturen=
list	spalten		2257	--grundstrukturen=
list	spalten		2258	--grundstrukturen=
list	spalten		2259	--Grundstrukturen=
list	spalten		2260	--Grundstrukturen=
list	spalten		2261	--Grundstrukturen=
list	spalten		2262	--Grundstrukturen=
list	spalten		2263	--Grundstrukturen=
list	spalten		2264	--grundstrukturen=
list	spalten		2265	--grundstrukturen=
list	spalten		2266	--grundstrukturen=
list	spalten		2267	--grundstrukturen=
list	spalten		2268	--grundstrukturen=
list	spalten		2269	--Multiversum=
list	spalten		2270	--multiversum=
list	spalten		2271	--Multiversum=
list	spalten		2272	--multiversum=
list	spalten		2273	--Grundstrukturen=
list	spalten		2274	--grundstrukturen=
list	spalten		2275	--Grundstrukturen=
list	spalten		2276	--Grundstrukturen=
list	spalten		2277	--Grundstrukturen=
list	spalten		2278	--grundstrukturen=
list	spalten		2279	--grundstrukturen=
list	spalten		2280	--grundstrukturen=
list	spalten		2281	--Grundstrukturen=
list	spalten		2282	--Grundstrukturen=
list	spalten		2283	--Grundstrukturen=
list	spalten		2284	--Grundstrukturen=
list	spalten		2285	--grundstrukturen=
list	spalten		2286	--grundstrukturen=
list	spalten		2287	--grundstrukturen=
list	spalten		2288	--grundstrukturen=
list	spalten		2289	--Grundstrukturen=
list	spalten		2290	--Grundstrukturen=
list	spalten		2291	--Grundstrukturen=
list	spalten		2292	--Grundstrukturen=
list	spalten		2293	--Grundstrukturen=
list	spalten		2294	--Grundstrukturen=
list	spalten		2295	--Grundstrukturen=
list	spalten		2296	--grundstrukturen=
list	spalten		2297	--grundstrukturen=
list	spalten		2298	--grundstrukturen=
list	spalten		2299	--grundstrukturen=
list	spalten		2300	--grundstrukturen=
list	spalten		2301	--grundstrukturen=
list	spalten		2302	--grundstrukturen=
list	spalten		2303	--Grundstrukturen=
list	spalten		2304	--Grundstrukturen=
list	spalten		2305	--Grundstrukturen=
list	spalten		2306	--grundstrukturen=
list	spalten		2307	--grundstrukturen=
list	spalten		2308	--grundstrukturen=
list	spalten		2309	--Grundstrukturen=
list	spalten		2310	--Grundstrukturen=
list	spalten		2311	--Grundstrukturen=
list	spalten		2312	--Grundstrukturen=
list	spalten		2313	--grundstrukturen=
list	spalten		2314	--grundstrukturen=
list	spalten		2315	--grundstrukturen=
list	spalten		2316	--grundstrukturen=
list	spalten		2317	--Grundstrukturen=
list	spalten		2318	--Grundstrukturen=
list	spalten		2319	--Grundstrukturen=
list	spalten		2320	--Grundstrukturen=
list	spalten		2321	--grundstrukturen=
list	spalten		2322	--grundstrukturen=
list	spalten		2323	--grundstrukturen=
list	spalten		2324	--grundstrukturen=
list	spalten		2325	--Grundstrukturen=
list	spalten		2326	--Grundstrukturen=
list	spalten		2327	--Grundstrukturen=
list	spalten		2328	--Grundstrukturen=
list	spalten		2329	--Grundstrukturen=
list	spalten		2330	--grundstrukturen=
list	spalten		2331	--grundstrukturen=
list	spalten		2332	--grundstrukturen=
list	spalten		2333	--grundstrukturen=
list	spalten		2334	--grundstrukturen=
list	spalten		2335	--Grundstrukturen=
list	spalten		2336	--Grundstrukturen=
list	spalten		2337	--Grundstrukturen=
list	spalten		2338	--grundstrukturen=
list	spalten		2339	--grundstrukturen=
list	spalten		2340	--grundstrukturen=
list	spalten		2341	--Grundstrukturen=
list	spalten		2342	--Grundstrukturen=
list	spalten		2343	--Grundstrukturen=
list	spalten		2344	--Grundstrukturen=
list	spalten		2345	--grundstrukturen=
list	spalten		2346	--grundstrukturen=
list	spalten		2347	--grundstrukturen=
list	spalten		2348	--grundstrukturen=
list	spalten		2349	--Grundstrukturen=
list	spalten		2350	--Grundstrukturen=
list	spalten		2351	--grundstrukturen=
list	spalten		2352	--grundstrukturen=
list	spalten		2353	--Grundstrukturen=
list	spalten		2354	--Grundstrukturen=
list	spalten		2355	--Grundstrukturen=
list	spalten		2356	--grundstrukturen=
list	spalten		2357	--grundstrukturen=
list	spalten		2358	--grundstrukturen=
list	spalten		2359	--Grundstrukturen=
list	spalten		2360	--Grundstrukturen=
list	spalten		2361	--Grundstrukturen=
list	spalten		2362	--Grundstrukturen=
list	spalten		2363	--grundstrukturen=
list	spalten		2364	--grundstrukturen=
list	spalten		2365	--grundstrukturen=
list	spalten		2366	--grundstrukturen=
list	spalten		2367	--Grundstrukturen=
list	spalten		2368	--Grundstrukturen=
list	spalten		2369	--Grundstrukturen=
list	spalten		2370	--Grundstrukturen=
list	spalten		2371	--grundstrukturen=
list	spalten		2372	--grundstrukturen=
list	spalten		2373	--grundstrukturen=
list	spalten		2374	--grundstrukturen=
list	spalten		2375	--Grundstrukturen=
list	spalten		2376	--Grundstrukturen=
list	spalten		2377	--grundstrukturen=
list	spalten		2378	--grundstrukturen=
list	spalten		2379	--Menschliches=
list	spalten		2380	--Menschliches=
list	spalten		2381	--Menschliches=
list	spalten		2382	--Menschliches=
list	spalten		2383	--menschliches=
list	spalten		2384	--menschliches=
list	spalten		2385	--menschliches=
list	spalten		2386	--menschliches=
list	spalten		2387	--Menschliches=
list	spalten		2388	--Menschliches=
list	spalten		2389	--menschliches=
list	spalten		2390	--menschliches=
list	spalten		2391	--Grundstrukturen=
list	spalten		2392	--Grundstrukturen=
list	spalten		2393	--grundstrukturen=
list	spalten		2394	--grundstrukturen=
list	spalten		2395	--Grundstrukturen=
list	spalten		2396	--Grundstrukturen=
list	spalten		2397	--Grundstrukturen=
list	spalten		2398	--grundstrukturen=
list	spalten		2399	--grundstrukturen=
list	spalten		2400	--grundstrukturen=
list	spalten		2401	--Grundstrukturen=
list	spalten		2402	--Grundstrukturen=
list	spalten		2403	--grundstrukturen=
list	spalten		2404	--grundstrukturen=
list	spalten		2405	--Grundstrukturen=
list	spalten		2406	--Grundstrukturen=
list	spalten		2407	--grundstrukturen=
list	spalten		2408	--grundstrukturen=
list	spalten		2409	--Grundstrukturen=
list	spalten		2410	--grundstrukturen=
list	spalten		2411	--Grundstrukturen=
list	spalten		2412	--Grundstrukturen=
list	spalten		2413	--grundstrukturen=
list	spalten		2414	--grundstrukturen=
list	spalten		2415	--Grundstrukturen=
list	spalten		2416	--Grundstrukturen=
list	spalten		2417	--Grundstrukturen=
list	spalten		2418	--Grundstrukturen=
list	spalten		2419	--Grundstrukturen=
list	spalten		2420	--Grundstrukturen=
list	spalten		2421	--grundstrukturen=
list	spalten		2422	--grundstrukturen=
list	spalten		2423	--grundstrukturen=
list	spalten		2424	--grundstrukturen=
list	spalten		2425	--grundstrukturen=
list	spalten		2426	--grundstrukturen=
list	spalten		2427	--Grundstrukturen=
list	spalten		2428	--Grundstrukturen=
list	spalten		2429	--Grundstrukturen=
list	spalten		2430	--grundstrukturen=
list	spalten		2431	--grundstrukturen=
list	spalten		2432	--grundstrukturen=
list	spalten		2433	--Grundstrukturen=
list	spalten		2434	--Grundstrukturen=
list	spalten		2435	--Grundstrukturen=
list	spalten		2436	--grundstrukturen=
list	spalten		2437	--grundstrukturen=
list	spalten		2438	--grundstrukturen=
list	spalten		2439	--Grundstrukturen=
list	spalten		2440	--Grundstrukturen=
list	spalten		2441	--Grundstrukturen=
list	spalten		2442	--Grundstrukturen=
list	spalten		2443	--Grundstrukturen=
list	spalten		2444	--Grundstrukturen=
list	spalten		2445	--grundstrukturen=
list	spalten		2446	--grundstrukturen=
list	spalten		2447	--grundstrukturen=
list	spalten		2448	--grundstrukturen=
list	spalten		2449	--grundstrukturen=
list	spalten		2450	--grundstrukturen=
list	spalten		2451	--Menschliches=
list	spalten		2452	--Menschliches=
list	spalten		2453	--Menschliches=
list	spalten		2454	--Menschliches=
list	spalten		2455	--Menschliches=
list	spalten		2456	--Menschliches=
list	spalten		2457	--menschliches=
list	spalten		2458	--menschliches=
list	spalten		2459	--menschliches=
list	spalten		2460	--menschliches=
list	spalten		2461	--menschliches=
list	spalten		2462	--menschliches=
list	spalten		2463	--Menschliches=
list	spalten		2464	--Menschliches=
list	spalten		2465	--Menschliches=
list	spalten		2466	--menschliches=
list	spalten		2467	--menschliches=
list	spalten		2468	--menschliches=
list	spalten		2469	--Menschliches=
list	spalten		2470	--Menschliches=
list	spalten		2471	--Menschliches=
list	spalten		2472	--menschliches=
list	spalten		2473	--menschliches=
list	spalten		2474	--menschliches=
list	spalten		2475	--Menschliches=
list	spalten		2476	--Menschliches=
list	spalten		2477	--Menschliches=
list	spalten		2478	--Menschliches=
list	spalten		2479	--menschliches=
list	spalten		2480	--menschliches=
list	spalten		2481	--menschliches=
list	spalten		2482	--menschliches=
list	spalten		2483	--Menschliches=
list	spalten		2484	--Menschliches=
list	spalten		2485	--Menschliches=
list	spalten		2486	--Menschliches=
list	spalten		2487	--Menschliches=
list	spalten		2488	--Menschliches=
list	spalten		2489	--Menschliches=
list	spalten		2490	--Menschliches=
list	spalten		2491	--Menschliches=
list	spalten		2492	--Menschliches=
list	spalten		2493	--Menschliches=
list	spalten		2494	--menschliches=
list	spalten		2495	--menschliches=
list	spalten		2496	--menschliches=
list	spalten		2497	--menschliches=
list	spalten		2498	--menschliches=
list	spalten		2499	--menschliches=
list	spalten		2500	--menschliches=
list	spalten		2501	--menschliches=
list	spalten		2502	--menschliches=
list	spalten		2503	--menschliches=
list	spalten		2504	--menschliches=
list	spalten		2505	--Menschliches=
list	spalten		2506	--Menschliches=
list	spalten		2507	--Menschliches=
list	spalten		2508	--Menschliches=
list	spalten		2509	--menschliches=
list	spalten		2510	--menschliches=
list	spalten		2511	--menschliches=
list	spalten		2512	--menschliches=
list	spalten		2513	--Menschliches=
list	spalten		2514	--Menschliches=
list	spalten		2515	--Menschliches=
list	spalten		2516	--Menschliches=
list	spalten		2517	--Menschliches=
list	spalten		2518	--Menschliches=
list	spalten		2519	--menschliches=
list	spalten		2520	--menschliches=
list	spalten		2521	--menschliches=
list	spalten		2522	--menschliches=
list	spalten		2523	--menschliches=
list	spalten		2524	--menschliches=
list	spalten		2525	--Menschliches=
list	spalten		2526	--Menschliches=
list	spalten		2527	--Menschliches=
list	spalten		2528	--Menschliches=
list	spalten		2529	--Menschliches=
list	spalten		2530	--Menschliches=
list	spalten		2531	--menschliches=
list	spalten		2532	--menschliches=
list	spalten		2533	--menschliches=
list	spalten		2534	--menschliches=
list	spalten		2535	--menschliches=
list	spalten		2536	--menschliches=
list	spalten		2537	--Menschliches=
list	spalten		2538	--Menschliches=
list	spalten		2539	--menschliches=
list	spalten		2540	--menschliches=
list	spalten		2541	--Grundstrukturen=
list	spalten		2542	--grundstrukturen=
list	spalten		2543	--Multiversum=
list	spalten		2544	--multiversum=
list	spalten		2545	--Universum=
list	spalten		2546	--Universum=
list	spalten		2547	--universum=
list	spalten		2548	--universum=
list	spalten		2549	--transzendentalien=
list	spalten		2550	--transzendentalien=
list	spalten		2551	--strukturalien=
list	spalten		2552	--strukturalien=
list	spalten		2553	--kugel=
list	spalten		2554	--kugel=
list	spalten		2555	--kugeln=
list	spalten		2556	--kugeln=
list	spalten		2557	--ball=
list	spalten		2558	--ball=
list	spalten		2559	--baelle=
list	spalten		2560	--baelle=
list	spalten		2561	--bälle=
list	spalten		2562	--bälle=
list	spalten		2563	--Universum=
list	spalten		2564	--universum=
list	spalten		2565	--transzendentalien=
list	spalten		2566	--strukturalien=
list	spalten		2567	--kugel=
list	spalten		2568	--kugeln=
list	spalten		2569	--ball=
list	spalten		2570	--baelle=
list	spalten		2571	--bälle=
list	spalten		2572	--Menschliches=
list	spalten		2573	--menschliches=
list	spalten		2574	--Menschliches=
list	spalten		2575	--Menschliches=
list	spalten		2576	--menschliches=
list	spalten		2577	--menschliches=
list	spalten		2578	--Menschliches=
list	spalten		2579	--Menschliches=
list	spalten		2580	--Menschliches=
list	spalten		2581	--menschliches=
list	spalten		2582	--menschliches=
list	spalten		2583	--menschliches=
list	spalten		2584	--Menschliches=
list	spalten		2585	--Menschliches=
list	spalten		2586	--Menschliches=
list	spalten		2587	--Menschliches=
list	spalten		2588	--menschliches=
list	spalten		2589	--menschliches=
list	spalten		2590	--menschliches=
list	spalten		2591	--menschliches=
list	spalten		2592	--Menschliches=
list	spalten		2593	--Menschliches=
list	spalten		2594	--menschliches=
list	spalten		2595	--menschliches=
list	spalten		2596	--Pro_Contra=
list	spalten		2597	--Pro_Contra=
list	spalten		2598	--Pro_Contra=
list	spalten		2599	--Pro_Contra=
list	spalten		2600	--procontra=
list	spalten		2601	--procontra=
list	spalten		2602	--procontra=
list	spalten		2603	--procontra=
list	spalten		2604	--dagegendafuer=
list	spalten		2605	--dagegendafuer=
list	spalten		2606	--dagegendafuer=
list	spalten		2607	--dagegendafuer=
list	spalten		2608	--Pro_Contra=
list	spalten		2609	--Pro_Contra=
list	spalten		2610	--Pro_Contra=
list	spalten		2611	--Pro_Contra=
list	spalten		2612	--Pro_Contra=
list	spalten		2613	--procontra=
list	spalten		2614	--procontra=
list	spalten		2615	--procontra=
list	spalten		2616	--procontra=
list	spalten		2617	--procontra=
list	spalten		2618	--dagegendafuer=
list	spalten		2619	--dagegendafuer=
list	spalten		2620	--dagegendafuer=
list	spalten		2621	--dagegendafuer=
list	spalten		2622	--dagegendafuer=
list	spalten		2623	--Pro_Contra=
list	spalten		2624	--Pro_Contra=
list	spalten		2625	--Pro_Contra=
list	spalten		2626	--Pro_Contra=
list	spalten		2627	--Pro_Contra=
list	spalten		2628	--procontra=
list	spalten		2629	--procontra=
list	spalten		2630	--procontra=
list	spalten		2631	--procontra=
list	spalten		2632	--procontra=
list	spalten		2633	--dagegendafuer=
list	spalten		2634	--dagegendafuer=
list	spalten		2635	--dagegendafuer=
list	spalten		2636	--dagegendafuer=
list	spalten		2637	--dagegendafuer=
list	spalten		2638	--Pro_Contra=
list	spalten		2639	--Pro_Contra=
list	spalten		2640	--procontra=
list	spalten		2641	--procontra=
list	spalten		2642	--dagegendafuer=
list	spalten		2643	--dagegendafuer=
list	spalten		2644	--Pro_Contra=
list	spalten		2645	--Pro_Contra=
list	spalten		2646	--Pro_Contra=
list	spalten		2647	--procontra=
list	spalten		2648	--procontra=
list	spalten		2649	--procontra=
list	spalten		2650	--dagegendafuer=
list	spalten		2651	--dagegendafuer=
list	spalten		2652	--dagegendafuer=
list	spalten		2653	--Pro_Contra=
list	spalten		2654	--Pro_Contra=
list	spalten		2655	--Pro_Contra=
list	spalten		2656	--procontra=
list	spalten		2657	--procontra=
list	spalten		2658	--procontra=
list	spalten		2659	--dagegendafuer=
list	spalten		2660	--dagegendafuer=
list	spalten		2661	--dagegendafuer=
list	spalten		2662	--Pro_Contra=
list	spalten		2663	--procontra=
list	spalten		2664	--dagegendafuer=
list	spalten		2665	--Pro_Contra=
list	spalten		2666	--Pro_Contra=
list	spalten		2667	--procontra=
list	spalten		2668	--procontra=
list	spalten		2669	--dagegendafuer=
list	spalten		2670	--dagegendafuer=
list	spalten		2671	--Pro_Contra=
list	spalten		2672	--Pro_Contra=
list	spalten		2673	--procontra=
list	spalten		2674	--procontra=
list	spalten		2675	--dagegendafuer=
list	spalten		2676	--dagegendafuer=
list	spalten		2677	--Pro_Contra=
list	spalten		2678	--Pro_Contra=
list	spalten		2679	--procontra=
list	spalten		2680	--procontra=
list	spalten		2681	--dagegendafuer=
list	spalten		2682	--dagegendafuer=
list	spalten		2683	--Pro_Contra=
list	spalten		2684	--Pro_Contra=
list	spalten		2685	--Pro_Contra=
list	spalten		2686	--procontra=
list	spalten		2687	--procontra=
list	spalten		2688	--procontra=
list	spalten		2689	--dagegendafuer=
list	spalten		2690	--dagegendafuer=
list	spalten		2691	--dagegendafuer=
list	spalten		2692	--Pro_Contra=
list	spalten		2693	--Pro_Contra=
list	spalten		2694	--Pro_Contra=
list	spalten		2695	--Pro_Contra=
list	spalten		2696	--procontra=
list	spalten		2697	--procontra=
list	spalten		2698	--procontra=
list	spalten		2699	--procontra=
list	spalten		2700	--dagegendafuer=
list	spalten		2701	--dagegendafuer=
list	spalten		2702	--dagegendafuer=
list	spalten		2703	--dagegendafuer=
list	spalten		2704	--Pro_Contra=
list	spalten		2705	--Pro_Contra=
list	spalten		2706	--procontra=
list	spalten		2707	--procontra=
list	spalten		2708	--dagegendafuer=
list	spalten		2709	--dagegendafuer=
list	spalten		2710	--Pro_Contra=
list	spalten		2711	--Pro_Contra=
list	spalten		2712	--procontra=
list	spalten		2713	--procontra=
list	spalten		2714	--dagegendafuer=
list	spalten		2715	--dagegendafuer=
list	spalten		2716	--Pro_Contra=
list	spalten		2717	--Pro_Contra=
list	spalten		2718	--procontra=
list	spalten		2719	--procontra=
list	spalten		2720	--dagegendafuer=
list	spalten		2721	--dagegendafuer=
list	spalten		2722	--Pro_Contra=
list	spalten		2723	--Pro_Contra=
list	spalten		2724	--procontra=
list	spalten		2725	--procontra=
list	spalten		2726	--dagegendafuer=
list	spalten		2727	--dagegendafuer=
list	spalten		2728	--Pro_Contra=
list	spalten		2729	--Pro_Contra=
list	spalten		2730	--procontra=
list	spalten		2731	--procontra=
list	spalten		2732	--dagegendafuer=
list	spalten		2733	--dagegendafuer=
list	spalten		2734	--Pro_Contra=
list	spalten		2735	--Pro_Contra=
list	spalten		2736	--procontra=
list	spalten		2737	--procontra=
list	spalten		2738	--dagegendafuer=
list	spalten		2739	--dagegendafuer=
list	spalten		2740	--Pro_Contra=
list	spalten		2741	--Pro_Contra=
list	spalten		2742	--procontra=
list	spalten		2743	--procontra=
list	spalten		2744	--dagegendafuer=
list	spalten		2745	--dagegendafuer=
list	spalten		2746	--Pro_Contra=
list	spalten		2747	--procontra=
list	spalten		2748	--dagegendafuer=
list	spalten		2749	--Pro_Contra=
list	spalten		2750	--Pro_Contra=
list	spalten		2751	--procontra=
list	spalten		2752	--procontra=
list	spalten		2753	--dagegendafuer=
list	spalten		2754	--dagegendafuer=
list	spalten		2755	--Pro_Contra=
list	spalten		2756	--Pro_Contra=
list	spalten		2757	--procontra=
list	spalten		2758	--procontra=
list	spalten		2759	--dagegendafuer=
list	spalten		2760	--dagegendafuer=
list	spalten		2761	--Pro_Contra=
list	spalten		2762	--Pro_Contra=
list	spalten		2763	--procontra=
list	spalten		2764	--procontra=
list	spalten		2765	--dagegendafuer=
list	spalten		2766	--dagegendafuer=
list	spalten		2767	--Licht=
list	spalten		2768	--licht=
list	spalten		2769	--Pro_Contra=
list	spalten		2770	--Pro_Contra=
list	spalten		2771	--procontra=
list	spalten		2772	--procontra=
list	spalten		2773	--dagegendafuer=
list	spalten		2774	--dagegendafuer=
list	spalten		2775	--Bedeutung=
list	spalten		2776	--Bedeutung=
list	spalten		2777	--bedeutung=
list	spalten		2778	--bedeutung=
list	spalten		2779	--Bedeutung=
list	spalten		2780	--Bedeutung=
list	spalten		2781	--bedeutung=
list	spalten		2782	--bedeutung=
list	spalten		2783	--Bedeutung=
list	spalten		2784	--Bedeutung=
list	spalten		2785	--bedeutung=
list	spalten		2786	--bedeutung=
list	spalten		2787	--Bedeutung=
list	spalten		2788	--Bedeutung=
list	spalten		2789	--Bedeutung=
list	spalten		2790	--Bedeutung=
list	spalten		2791	--bedeutung=
list	spalten		2792	--bedeutung=
list	spalten		2793	--bedeutung=
list	spalten		2794	--bedeutung=
list	spalten		2795	--Bedeutung=
list	spalten		2796	--Bedeutung=
list	spalten		2797	--Bedeutung=
list	spalten		2798	--Bedeutung=
list	spalten		2799	--bedeutung=
list	spalten		2800	--bedeutung=
list	spalten		2801	--bedeutung=
list	spalten		2802	--bedeutung=
list	spalten		2803	--Bedeutung=
list	spalten		2804	--Bedeutung=
list	spalten		2805	--Bedeutung=
list	spalten		2806	--Bedeutung=
list	spalten		2807	--Bedeutung=
list	spalten		2808	--bedeutung=
list	spalten		2809	--bedeutung=
list	spalten		2810	--bedeutung=
list	spalten		2811	--bedeutung=
list	spalten		2812	--bedeutung=
list	spalten		2813	--Bedeutung=
list	spalten		2814	--Bedeutung=
list	spalten		2815	--Bedeutung=
list	spalten		2816	--Bedeutung=
list	spalten		2817	--bedeutung=
list	spalten		2818	--bedeutung=
list	spalten		2819	--bedeutung=
list	spalten		2820	--bedeutung=
list	spalten		2821	--Bedeutung=
list	spalten		2822	--Bedeutung=
list	spalten		2823	--Bedeutung=
list	spalten		2824	--bedeutung=
list	spalten		2825	--bedeutung=
list	spalten		2826	--bedeutung=
list	spalten		2827	--Bedeutung=
list	spalten		2828	--Bedeutung=
list	spalten		2829	--Bedeutung=
list	spalten		2830	--Bedeutung=
list	spalten		2831	--Bedeutung=
list	spalten		2832	--bedeutung=
list	spalten		2833	--bedeutung=
list	spalten		2834	--bedeutung=
list	spalten		2835	--bedeutung=
list	spalten		2836	--bedeutung=
list	spalten		2837	--Bedeutung=
list	spalten		2838	--Bedeutung=
list	spalten		2839	--Bedeutung=
list	spalten		2840	--bedeutung=
list	spalten		2841	--bedeutung=
list	spalten		2842	--bedeutung=
list	spalten		2843	--Bedeutung=
list	spalten		2844	--Bedeutung=
list	spalten		2845	--Bedeutung=
list	spalten		2846	--Bedeutung=
list	spalten		2847	--Bedeutung=
list	spalten		2848	--Bedeutung=
list	spalten		2849	--Bedeutung=
list	spalten		2850	--bedeutung=
list	spalten		2851	--bedeutung=
list	spalten		2852	--bedeutung=
list	spalten		2853	--bedeutung=
list	spalten		2854	--bedeutung=
list	spalten		2855	--bedeutung=
list	spalten		2856	--bedeutung=
list	spalten		2857	--gebrochen-rational_Galaxie_n/m=
list	spalten		2858	--gebrochen-rational_Galaxie_n/m=
list	spalten		2859	--gebrochen-rational_Galaxie_n/m=
list	spalten		2860	--gebrochen-rational_Galaxie_n/m=
list	spalten		2861	--gebrochen-rational_Galaxie_n/m=
list	spalten		2862	--gebrochen-rational_Galaxie_n/m=
list	spalten		2863	--gebrochen-rational_Galaxie_n/m=
list	spalten		2864	--gebrochen-rational_Galaxie_n/m=
list	spalten		2865	--gebrochen-rational_Galaxie_n/m=
list	spalten		2866	--gebrochen-rational_Galaxie_n/m=
list	spalten		2867	--gebrochen-rational_Galaxie_n/m=
list	spalten		2868	--gebrochen-rational_Galaxie_n/m=
list	spalten		2869	--gebrochen-rational_Galaxie_n/m=
list	spalten		2870	--gebrochen-rational_Galaxie_n/m=
list	spalten		2871	--gebrochen-rational_Galaxie_n/m=
list	spalten		2872	--gebrochen-rational_Galaxie_n/m=
list	spalten		2873	--gebrochen-rational_Galaxie_n/m=
list	spalten		2874	--gebrochen-rational_Galaxie_n/m=
list	spalten		2875	--gebrochen-rational_Galaxie_n/m=
list	spalten		2876	--gebrochen-rational_Galaxie_n/m=
list	spalten		2877	--gebrochen-rational_Galaxie_n/m=
list	spalten		2878	--gebrochen-rational_Galaxie_n/m=
list	spalten		2879	--gebrochengalaxie=
list	spalten		2880	--gebrochengalaxie=
list	spalten		2881	--gebrochengalaxie=
list	spalten		2882	--gebrochengalaxie=
list	spalten		2883	--gebrochengalaxie=
list	spalten		2884	--gebrochengalaxie=
list	spalten		2885	--gebrochengalaxie=
list	spalten		2886	--gebrochengalaxie=
list	spalten		2887	--gebrochengalaxie=
list	spalten		2888	--gebrochengalaxie=
list	spalten		2889	--gebrochengalaxie=
list	spalten		2890	--gebrochengalaxie=
list	spalten		2891	--gebrochengalaxie=
list	spalten		2892	--gebrochengalaxie=
list	spalten		2893	--gebrochengalaxie=
list	spalten		2894	--gebrochengalaxie=
list	spalten		2895	--gebrochengalaxie=
list	spalten		2896	--gebrochengalaxie=
list	spalten		2897	--gebrochengalaxie=
list	spalten		2898	--gebrochengalaxie=
list	spalten		2899	--gebrochengalaxie=
list	spalten		2900	--gebrochengalaxie=
list	spalten		2901	--gebrochen-rational_Universum_n/m=
list	spalten		2902	--gebrochen-rational_Universum_n/m=
list	spalten		2903	--gebrochen-rational_Universum_n/m=
list	spalten		2904	--gebrochen-rational_Universum_n/m=
list	spalten		2905	--gebrochen-rational_Universum_n/m=
list	spalten		2906	--gebrochen-rational_Universum_n/m=
list	spalten		2907	--gebrochen-rational_Universum_n/m=
list	spalten		2908	--gebrochen-rational_Universum_n/m=
list	spalten		2909	--gebrochen-rational_Universum_n/m=
list	spalten		2910	--gebrochen-rational_Universum_n/m=
list	spalten		2911	--gebrochen-rational_Universum_n/m=
list	spalten		2912	--gebrochen-rational_Universum_n/m=
list	spalten		2913	--gebrochen-rational_Universum_n/m=
list	spalten		2914	--gebrochen-rational_Universum_n/m=
list	spalten		2915	--gebrochen-rational_Universum_n/m=
list	spalten		2916	--gebrochen-rational_Universum_n/m=
list	spalten		2917	--gebrochen-rational_Universum_n/m=
list	spalten		2918	--gebrochen-rational_Universum_n/m=
list	spalten		2919	--gebrochen-rational_Universum_n/m=
list	spalten		2920	--gebrochen-rational_Universum_n/m=
list	spalten		2921	--gebrochen-rational_Universum_n/m=
list	spalten		2922	--gebrochen-rational_Universum_n/m=
list	spalten		2923	--gebrochenuniversum=
list	spalten		2924	--gebrochenuniversum=
list	spalten		2925	--gebrochenuniversum=
list	spalten		2926	--gebrochenuniversum=
list	spalten		2927	--gebrochenuniversum=
list	spalten		2928	--gebrochenuniversum=
list	spalten		2929	--gebrochenuniversum=
list	spalten		2930	--gebrochenuniversum=
list	spalten		2931	--gebrochenuniversum=
list	spalten		2932	--gebrochenuniversum=
list	spalten		2933	--gebrochenuniversum=
list	spalten		2934	--gebrochenuniversum=
list	spalten		2935	--gebrochenuniversum=
list	spalten		2936	--gebrochenuniversum=
list	spalten		2937	--gebrochenuniversum=
list	spalten		2938	--gebrochenuniversum=
list	spalten		2939	--gebrochenuniversum=
list	spalten		2940	--gebrochenuniversum=
list	spalten		2941	--gebrochenuniversum=
list	spalten		2942	--gebrochenuniversum=
list	spalten		2943	--gebrochenuniversum=
list	spalten		2944	--gebrochenuniversum=
list	spalten		2945	--gebrochen-rational_Gefuehle_n/m=
list	spalten		2946	--gebrochen-rational_Gefuehle_n/m=
list	spalten		2947	--gebrochen-rational_Gefuehle_n/m=
list	spalten		2948	--gebrochen-rational_Gefuehle_n/m=
list	spalten		2949	--gebrochen-rational_Gefuehle_n/m=
list	spalten		2950	--gebrochen-rational_Gefuehle_n/m=
list	spalten		2951	--gebrochen-rational_Gefuehle_n/m=
list	spalten		2952	--gebrochen-rational_Gefuehle_n/m=
list	spalten		2953	--gebrochen-rational_Gefuehle_n/m=
list	spalten		2954	--gebrochen-rational_Gefuehle_n/m=
list	spalten		2955	--gebrochen-rational_Gefuehle_n/m=
list	spalten		2956	--gebrochen-rational_Gefuehle_n/m=
list	spalten		2957	--gebrochen-rational_Gefuehle_n/m=
list	spalten		2958	--gebrochen-rational_Gefuehle_n/m=
list	spalten		2959	--gebrochen-rational_Gefuehle_n/m=
list	spalten		2960	--gebrochen-rational_Gefuehle_n/m=
list	spalten		2961	--gebrochen-rational_Gefuehle_n/m=
list	spalten		2962	--gebrochen-rational_Gefuehle_n/m=
list	spalten		2963	--gebrochen-rational_Gefuehle_n/m=
list	spalten		2964	--gebrochen-rational_Gefuehle_n/m=
list	spalten		2965	--gebrochen-rational_Gefuehle_n/m=
list	spalten		2966	--gebrochen-rational_Gefuehle_n/m=
list	spalten		2967	--gebrochenemotion=
list	spalten		2968	--gebrochenemotion=
list	spalten		2969	--gebrochenemotion=
list	spalten		2970	--gebrochenemotion=
list	spalten		2971	--gebrochenemotion=
list	spalten		2972	--gebrochenemotion=
list	spalten		2973	--gebrochenemotion=
list	spalten		2974	--gebrochenemotion=
list	spalten		2975	--gebrochenemotion=
list	spalten		2976	--gebrochenemotion=
list	spalten		2977	--gebrochenemotion=
list	spalten		2978	--gebrochenemotion=
list	spalten		2979	--gebrochenemotion=
list	spalten		2980	--gebrochenemotion=
list	spalten		2981	--gebrochenemotion=
list	spalten		2982	--gebrochenemotion=
list	spalten		2983	--gebrochenemotion=
list	spalten		2984	--gebrochenemotion=
list	spalten		2985	--gebrochenemotion=
list	spalten		2986	--gebrochenemotion=
list	spalten		2987	--gebrochenemotion=
list	spalten		2988	--gebrochenemotion=
list	spalten		2989	--gebrochen-rational_Strukturgroesse_n/m=
list	spalten		2990	--gebrochen-rational_Strukturgroesse_n/m=
list	spalten		2991	--gebrochen-rational_Strukturgroesse_n/m=
list	spalten		2992	--gebrochen-rational_Strukturgroesse_n/m=
list	spalten		2993	--gebrochen-rational_Strukturgroesse_n/m=
list	spalten		2994	--gebrochen-rational_Strukturgroesse_n/m=
list	spalten		2995	--gebrochen-rational_Strukturgroesse_n/m=
list	spalten		2996	--gebrochen-rational_Strukturgroesse_n/m=
list	spalten		2997	--gebrochen-rational_Strukturgroesse_n/m=
list	spalten		2998	--gebrochen-rational_Strukturgroesse_n/m=
list	spalten		2999	--gebrochen-rational_Strukturgroesse_n/m=
list	spalten		3000	--gebrochen-rational_Strukturgroesse_n/m=
list	spalten		3001	--gebrochen-rational_Strukturgroesse_n/m=
list	spalten		3002	--gebrochen-rational_Strukturgroesse_n/m=
list	spalten		3003	--gebrochen-rational_Strukturgroesse_n/m=
list	spalten		3004	--gebrochen-rational_Strukturgroesse_n/m=
list	spalten		3005	--gebrochen-rational_Strukturgroesse_n/m=
list	spalten		3006	--gebrochen-rational_Strukturgroesse_n/m=
list	spalten		3007	--gebrochen-rational_Strukturgroesse_n/m=
list	spalten		3008	--gebrochen-rational_Strukturgroesse_n/m=
list	spalten		3009	--gebrochen-rational_Strukturgroesse_n/m=
list	spalten		3010	--gebrochen-rational_Strukturgroesse_n/m=
list	spalten		3011	--gebrochengroesse=
list	spalten		3012	--gebrochengroesse=
list	spalten		3013	--gebrochengroesse=
list	spalten		3014	--gebrochengroesse=
list	spalten		3015	--gebrochengroesse=
list	spalten		3016	--gebrochengroesse=
list	spalten		3017	--gebrochengroesse=
list	spalten		3018	--gebrochengroesse=
list	spalten		3019	--gebrochengroesse=
list	spalten		3020	--gebrochengroesse=
list	spalten		3021	--gebrochengroesse=
list	spalten		3022	--gebrochengroesse=
list	spalten		3023	--gebrochengroesse=
list	spalten		3024	--gebrochengroesse=
list	spalten		3025	--gebrochengroesse=
list	spalten		3026	--gebrochengroesse=
list	spalten		3027	--gebrochengroesse=
list	spalten		3028	--gebrochengroesse=
list	spalten		3029	--gebrochengroesse=
list	spalten		3030	--gebrochengroesse=
list	spalten		3031	--gebrochengroesse=
list	spalten		3032	--gebrochengroesse=
list	spalten		3033	--Symbole=
list	spalten		3034	--symbole=
list	spalten		3035	--Symbole=
list	spalten		3036	--symbole=
list	spalten		3037	--Symbole=
list	spalten		3038	--symbole=
list	spalten		3039	--Symbole=
list	spalten		3040	--Symbole=
list	spalten		3041	--symbole=
list	spalten		3042	--symbole=
list	spalten		3043	--Symbole=
list	spalten		3044	--symbole=
list	spalten		3045	--Symbole=
list	spalten		3046	--symbole=
list	spalten		3047	--Symbole=
list	spalten		3048	--symbole=
list	spalten		3049	--Symbole=
list	spalten		3050	--symbole=
list	spalten		3051	--Symbole=
list	spalten		3052	--symbole=
list	spalten		3053	--Symbole=
list	spalten		3054	--Symbole=
list	spalten		3055	--symbole=
list	spalten		3056	--symbole=
list	spalten		3057	--Eigenschaften_n=
list	spalten		3058	--Eigenschaften_n=
list	spalten		3059	--Eigenschaften_n=
list	spalten		3060	--Eigenschaften_n=
list	spalten		3061	--Eigenschaften_n=
list	spalten		3062	--Eigenschaften_n=
list	spalten		3063	--Eigenschaften_n=
list	spalten		3064	--Eigenschaften_n=
list	spalten		3065	--eigenschaften=
list	spalten		3066	--eigenschaften=
list	spalten		3067	--eigenschaften=
list	spalten		3068	--eigenschaften=
list	spalten		3069	--eigenschaften=
list	spalten		3070	--eigenschaften=
list	spalten		3071	--eigenschaften=
list	spalten		3072	--eigenschaften=
list	spalten		3073	--eigenschaft=
list	spalten		3074	--eigenschaft=
list	spalten		3075	--eigenschaft=
list	spalten		3076	--eigenschaft=
list	spalten		3077	--eigenschaft=
list	spalten		3078	--eigenschaft=
list	spalten		3079	--eigenschaft=
list	spalten		3080	--eigenschaft=
list	spalten		3081	--konzept=
list	spalten		3082	--konzept=
list	spalten		3083	--konzept=
list	spalten		3084	--konzept=
list	spalten		3085	--konzept=
list	spalten		3086	--konzept=
list	spalten		3087	--konzept=
list	spalten		3088	--konzept=
list	spalten		3089	--konzepte=
list	spalten		3090	--konzepte=
list	spalten		3091	--konzepte=
list	spalten		3092	--konzepte=
list	spalten		3093	--konzepte=
list	spalten		3094	--konzepte=
list	spalten		3095	--konzepte=
list	spalten		3096	--konzepte=
list	spalten		3097	--Eigenschaften_n=
list	spalten		3098	--Eigenschaften_n=
list	spalten		3099	--Eigenschaften_n=
list	spalten		3100	--Eigenschaften_n=
list	spalten		3101	--eigenschaften=
list	spalten		3102	--eigenschaften=
list	spalten		3103	--eigenschaften=
list	spalten		3104	--eigenschaften=
list	spalten		3105	--eigenschaft=
list	spalten		3106	--eigenschaft=
list	spalten		3107	--eigenschaft=
list	spalten		3108	--eigenschaft=
list	spalten		3109	--konzept=
list	spalten		3110	--konzept=
list	spalten		3111	--konzept=
list	spalten		3112	--konzept=
list	spalten		3113	--konzepte=
list	spalten		3114	--konzepte=
list	spalten		3115	--konzepte=
list	spalten		3116	--konzepte=
list	spalten		3117	--Eigenschaften_n=
list	spalten		3118	--Eigenschaften_n=
list	spalten		3119	--Eigenschaften_n=
list	spalten		3120	--eigenschaften=
list	spalten		3121	--eigenschaften=
list	spalten		3122	--eigenschaften=
list	spalten		3123	--eigenschaft=
list	spalten		3124	--eigenschaft=
list	spalten		3125	--eigenschaft=
list	spalten		3126	--konzept=
list	spalten		3127	--konzept=
list	spalten		3128	--konzept=
list	spalten		3129	--konzepte=
list	spalten		3130	--konzepte=
list	spalten		3131	--konzepte=
list	spalten		3132	--Eigenschaften_n=
list	spalten		3133	--Eigenschaften_n=
list	spalten		3134	--Eigenschaften_n=
list	spalten		3135	--eigenschaften=
list	spalten		3136	--eigenschaften=
list	spalten		3137	--eigenschaften=
list	spalten		3138	--eigenschaft=
list	spalten		3139	--eigenschaft=
list	spalten		3140	--eigenschaft=
list	spalten		3141	--konzept=
list	spalten		3142	--konzept=
list	spalten		3143	--konzept=
list	spalten		3144	--konzepte=
list	spalten		3145	--konzepte=
list	spalten		3146	--konzepte=
list	spalten		3147	--Eigenschaften_1/n=
list	spalten		3148	--Eigenschaften_1/n=
list	spalten		3149	--Eigenschaften_1/n=
list	spalten		3150	--konzept2=
list	spalten		3151	--konzept2=
list	spalten		3152	--konzept2=
list	spalten		3153	--konzepte2=
list	spalten		3154	--konzepte2=
list	spalten		3155	--konzepte2=
list	spalten		3156	--Eigenschaften_1/n=
list	spalten		3157	--Eigenschaften_1/n=
list	spalten		3158	--Eigenschaften_1/n=
list	spalten		3159	--konzept2=
list	spalten		3160	--konzept2=
list	spalten		3161	--konzept2=
list	spalten		3162	--konzepte2=
list	spalten		3163	--konzepte2=
list	spalten		3164	--konzepte2=
list	spalten		3165	--Eigenschaften_1/n=
list	spalten		3166	--Eigenschaften_1/n=
list	spalten		3167	--Eigenschaften_1/n=
list	spalten		3168	--konzept2=
list	spalten		3169	--konzept2=
list	spalten		3170	--konzept2=
list	spalten		3171	--konzepte2=
list	spalten		3172	--konzepte2=
list	spalten		3173	--konzepte2=
list	spalten		3174	--Eigenschaften_1/n=
list	spalten		3175	--Eigenschaften_1/n=
list	spalten		3176	--konzept2=
list	spalten		3177	--konzept2=
list	spalten		3178	--konzepte2=
list	spalten		3179	--konzepte2=
list	spalten		3180	--Eigenschaften_1/n=
list	spalten		3181	--Eigenschaften_1/n=
list	spalten		3182	--Eigenschaften_1/n=
list	spalten		3183	--konzept2=
list	spalten		3184	--konzept2=
list	spalten		3185	--konzept2=
list	spalten		3186	--konzepte2=
list	spalten		3187	--konzepte2=
list	spalten		3188	--konzepte2=
list	spalten		3189	--Eigenschaften_1/n=
list	spalten		3190	--Eigenschaften_1/n=
list	spalten		3191	--Eigenschaften_1/n=
list	spalten		3192	--konzept2=
list	spalten		3193	--konzept2=
list	spalten		3194	--konzept2=
list	spalten		3195	--konzepte2=
list	spalten		3196	--konzepte2=
list	spalten		3197	--konzepte2=
list	spalten		3198	--Eigenschaften_1/n=
list	spalten		3199	--Eigenschaften_1/n=
list	spalten		3200	--konzept2=
list	spalten		3201	--konzept2=
list	spalten		3202	--konzepte2=
list	spalten		3203	--konzepte2=
list	spalten		3204	--Eigenschaften_n=
list	spalten		3205	--Eigenschaften_n=
list	spalten		3206	--Eigenschaften_n=
list	spalten		3207	--Eigenschaften_n=
list	spalten		3208	--eigenschaften=
list	spalten		3209	--eigenschaften=
list	spalten		3210	--eigenschaften=
list	spalten		3211	--eigenschaften=
list	spalten		3212	--eigenschaft=
list	spalten		3213	--eigenschaft=
list	spalten		3214	--eigenschaft=
list	spalten		3215	--eigenschaft=
list	spalten		3216	--konzept=
list	spalten		3217	--konzept=
list	spalten		3218	--konzept=
list	spalten		3219	--konzept=
list	spalten		3220	--konzepte=
list	spalten		3221	--konzepte=
list	spalten		3222	--konzepte=
list	spalten		3223	--konzepte=
list	spalten		3224	--Eigenschaften_1/n=
list	spalten		3225	--Eigenschaften_1/n=
list	spalten		3226	--Eigenschaften_1/n=
list	spalten		3227	--konzept2=
list	spalten		3228	--konzept2=
list	spalten		3229	--konzept2=
list	spalten		3230	--konzepte2=
list	spalten		3231	--konzepte2=
list	spalten		3232	--konzepte2=
list	spalten		3233	--Eigenschaften_1/n=
list	spalten		3234	--Eigenschaften_1/n=
list	spalten		3235	--Eigenschaften_1/n=
list	spalten		3236	--Eigenschaften_1/n=
list	spalten		3237	--Eigenschaften_1/n=
list	spalten		3238	--konzept2=
list	spalten		3239	--konzept2=
list	spalten		3240	--konzept2=
list	spalten		3241	--konzept2=
list	spalten		3242	--konzept2=
list	spalten		3243	--konzepte2=
list	spalten		3244	--konzepte2=
list	spalten		3245	--konzepte2=
list	spalten		3246	--konzepte2=
list	spalten		3247	--konzepte2=
list	spalten		3248	--Eigenschaften_n=
list	spalten		3249	--eigenschaften=
list	spalten		3250	--eigenschaft=
list	spalten		3251	--konzept=
list	spalten		3252	--konzepte=
list	spalten		3253	--Eigenschaften_n=
list	spalten		3254	--Eigenschaften_n=
list	spalten		3255	--eigenschaften=
list	spalten		3256	--eigenschaften=
list	spalten		3257	--eigenschaft=
list	spalten		3258	--eigenschaft=
list	spalten		3259	--konzept=
list	spalten		3260	--konzept=
list	spalten		3261	--konzepte=
list	spalten		3262	--konzepte=
list	spalten		3263	--Eigenschaften_n=
list	spalten		3264	--Eigenschaften_n=
list	spalten		3265	--Eigenschaften_n=
list	spalten		3266	--eigenschaften=
list	spalten		3267	--eigenschaften=
list	spalten		3268	--eigenschaften=
list	spalten		3269	--eigenschaft=
list	spalten		3270	--eigenschaft=
list	spalten		3271	--eigenschaft=
list	spalten		3272	--konzept=
list	spalten		3273	--konzept=
list	spalten		3274	--konzept=
list	spalten		3275	--konzepte=
list	spalten		3276	--konzepte=
list	spalten		3277	--konzepte=
list	spalten		3278	--Eigenschaften_n=
list	spalten		3279	--Eigenschaften_n=
list	spalten		3280	--Eigenschaften_n=
list	spalten		3281	--Eigenschaften_n=
list	spalten		3282	--eigenschaften=
list	spalten		3283	--eigenschaften=
list	spalten		3284	--eigenschaften=
list	spalten		3285	--eigenschaften=
list	spalten		3286	--eigenschaft=
list	spalten		3287	--eigenschaft=
list	spalten		3288	--eigenschaft=
list	spalten		3289	--eigenschaft=
list	spalten		3290	--konzept=
list	spalten		3291	--konzept=
list	spalten		3292	--konzept=
list	spalten		3293	--konzept=
list	spalten		3294	--konzepte=
list	spalten		3295	--konzepte=
list	spalten		3296	--konzepte=
list	spalten		3297	--konzepte=
list	spalten		3298	--Eigenschaften_n=
list	spalten		3299	--Eigenschaften_n=
list	spalten		3300	--Eigenschaften_n=
list	spalten		3301	--Eigenschaften_n=
list	spalten		3302	--eigenschaften=
list	spalten		3303	--eigenschaften=
list	spalten		3304	--eigenschaften=
list	spalten		3305	--eigenschaften=
list	spalten		3306	--eigenschaft=
list	spalten		3307	--eigenschaft=
list	spalten		3308	--eigenschaft=
list	spalten		3309	--eigenschaft=
list	spalten		3310	--konzept=
list	spalten		3311	--konzept=
list	spalten		3312	--konzept=
list	spalten		3313	--konzept=
list	spalten		3314	--konzepte=
list	spalten		3315	--konzepte=
list	spalten		3316	--konzepte=
list	spalten		3317	--konzepte=
list	spalten		3318	--Eigenschaften_n=
list	spalten		3319	--Eigenschaften_n=
list	spalten		3320	--Eigenschaften_n=
list	spalten		3321	--eigenschaften=
list	spalten		3322	--eigenschaften=
list	spalten		3323	--eigenschaften=
list	spalten		3324	--eigenschaft=
list	spalten		3325	--eigenschaft=
list	spalten		3326	--eigenschaft=
list	spalten		3327	--konzept=
list	spalten		3328	--konzept=
list	spalten		3329	--konzept=
list	spalten		3330	--konzepte=
list	spalten		3331	--konzepte=
list	spalten		3332	--konzepte=
list	spalten		3333	--Eigenschaften_n=
list	spalten		3334	--Eigenschaften_n=
list	spalten		3335	--Eigenschaften_n=
list	spalten		3336	--eigenschaften=
list	spalten		3337	--eigenschaften=
list	spalten		3338	--eigenschaften=
list	spalten		3339	--eigenschaft=
list	spalten		3340	--eigenschaft=
list	spalten		3341	--eigenschaft=
list	spalten		3342	--konzept=
list	spalten		3343	--konzept=
list	spalten		3344	--konzept=
list	spalten		3345	--konzepte=
list	spalten		3346	--konzepte=
list	spalten		3347	--konzepte=
list	spalten		3348	--Eigenschaften_n=
list	spalten		3349	--Eigenschaften_n=
list	spalten		3350	--Eigenschaften_n=
list	spalten		3351	--Eigenschaften_n=
list	spalten		3352	--eigenschaften=
list	spalten		3353	--eigenschaften=
list	spalten		3354	--eigenschaften=
list	spalten		3355	--eigenschaften=
list	spalten		3356	--eigenschaft=
list	spalten		3357	--eigenschaft=
list	spalten		3358	--eigenschaft=
list	spalten		3359	--eigenschaft=
list	spalten		3360	--konzept=
list	spalten		3361	--konzept=
list	spalten		3362	--konzept=
list	spalten		3363	--konzept=
list	spalten		3364	--konzepte=
list	spalten		3365	--konzepte=
list	spalten		3366	--konzepte=
list	spalten		3367	--konzepte=
list	spalten		3368	--Eigenschaften_n=
list	spalten		3369	--Eigenschaften_n=
list	spalten		3370	--Eigenschaften_n=
list	spalten		3371	--Eigenschaften_n=
list	spalten		3372	--Eigenschaften_n=
list	spalten		3373	--eigenschaften=
list	spalten		3374	--eigenschaften=
list	spalten		3375	--eigenschaften=
list	spalten		3376	--eigenschaften=
list	spalten		3377	--eigenschaften=
list	spalten		3378	--eigenschaft=
list	spalten		3379	--eigenschaft=
list	spalten		3380	--eigenschaft=
list	spalten		3381	--eigenschaft=
list	spalten		3382	--eigenschaft=
list	spalten		3383	--konzept=
list	spalten		3384	--konzept=
list	spalten		3385	--konzept=
list	spalten		3386	--konzept=
list	spalten		3387	--konzept=
list	spalten		3388	--konzepte=
list	spalten		3389	--konzepte=
list	spalten		3390	--konzepte=
list	spalten		3391	--konzepte=
list	spalten		3392	--konzepte=
list	spalten		3393	--Menschliches=
list	spalten		3394	--Menschliches=
list	spalten		3395	--Menschliches=
list	spalten		3396	--Menschliches=
list	spalten		3397	--menschliches=
list	spalten		3398	--menschliches=
list	spalten		3399	--menschliches=
list	spalten		3400	--menschliches=
list	spalten		3401	--Eigenschaften_n=
list	spalten		3402	--Eigenschaften_n=
list	spalten		3403	--Eigenschaften_n=
list	spalten		3404	--Eigenschaften_n=
list	spalten		3405	--eigenschaften=
list	spalten		3406	--eigenschaften=
list	spalten		3407	--eigenschaften=
list	spalten		3408	--eigenschaften=
list	spalten		3409	--eigenschaft=
list	spalten		3410	--eigenschaft=
list	spalten		3411	--eigenschaft=
list	spalten		3412	--eigenschaft=
list	spalten		3413	--konzept=
list	spalten		3414	--konzept=
list	spalten		3415	--konzept=
list	spalten		3416	--konzept=
list	spalten		3417	--konzepte=
list	spalten		3418	--konzepte=
list	spalten		3419	--konzepte=
list	spalten		3420	--konzepte=
list	spalten		3421	--Eigenschaften_n=
list	spalten		3422	--Eigenschaften_n=
list	spalten		3423	--eigenschaften=
list	spalten		3424	--eigenschaften=
list	spalten		3425	--eigenschaft=
list	spalten		3426	--eigenschaft=
list	spalten		3427	--konzept=
list	spalten		3428	--konzept=
list	spalten		3429	--konzepte=
list	spalten		3430	--konzepte=
list	spalten		3431	--Eigenschaften_n=
list	spalten		3432	--Eigenschaften_n=
list	spalten		3433	--eigenschaften=
list	spalten		3434	--eigenschaften=
list	spalten		3435	--eigenschaft=
list	spalten		3436	--eigenschaft=
list	spalten		3437	--konzept=
list	spalten		3438	--konzept=
list	spalten		3439	--konzepte=
list	spalten		3440	--konzepte=
list	spalten		3441	--Eigenschaften_n=
list	spalten		3442	--Eigenschaften_n=
list	spalten		3443	--Eigenschaften_n=
list	spalten		3444	--Eigenschaften_n=
list	spalten		3445	--Eigenschaften_n=
list	spalten		3446	--eigenschaften=
list	spalten		3447	--eigenschaften=
list	spalten		3448	--eigenschaften=
list	spalten		3449	--eigenschaften=
list	spalten		3450	--eigenschaften=
list	spalten		3451	--eigenschaft=
list	spalten		3452	--eigenschaft=
list	spalten		3453	--eigenschaft=
list	spalten		3454	--eigenschaft=
list	spalten		3455	--eigenschaft=
list	spalten		3456	--konzept=
list	spalten		3457	--konzept=
list	spalten		3458	--konzept=
list	spalten		3459	--konzept=
list	spalten		3460	--konzept=
list	spalten		3461	--konzepte=
list	spalten		3462	--konzepte=
list	spalten		3463	--konzepte=
list	spalten		3464	--konzepte=
list	spalten		3465	--konzepte=
list	spalten		3466	--Eigenschaften_n=
list	spalten		3467	--Eigenschaften_n=
list	spalten		3468	--Eigenschaften_n=
list	spalten		3469	--eigenschaften=
list	spalten		3470	--eigenschaften=
list	spalten		3471	--eigenschaften=
list	spalten		3472	--eigenschaft=
list	spalten		3473	--eigenschaft=
list	spalten		3474	--eigenschaft=
list	spalten		3475	--konzept=
list	spalten		3476	--konzept=
list	spalten		3477	--konzept=
list	spalten		3478	--konzepte=
list	spalten		3479	--konzepte=
list	spalten		3480	--konzepte=
list	spalten		3481	--Eigenschaften_n=
list	spalten		3482	--Eigenschaften_n=
list	spalten		3483	--Eigenschaften_n=
list	spalten		3484	--Eigenschaften_n=
list	spalten		3485	--Eigenschaften_n=
list	spalten		3486	--Eigenschaften_n=
list	spalten		3487	--eigenschaften=
list	spalten		3488	--eigenschaften=
list	spalten		3489	--eigenschaften=
list	spalten		3490	--eigenschaften=
list	spalten		3491	--eigenschaften=
list	spalten		3492	--eigenschaften=
list	spalten		3493	--eigenschaft=
list	spalten		3494	--eigenschaft=
list	spalten		3495	--eigenschaft=
list	spalten		3496	--eigenschaft=
list	spalten		3497	--eigenschaft=
list	spalten		3498	--eigenschaft=
list	spalten		3499	--konzept=
list	spalten		3500	--konzept=
list	spalten		3501	--konzept=
list	spalten		3502	--konzept=
list	spalten		3503	--konzept=
list	spalten		3504	--konzept=
list	spalten		3505	--konzepte=
list	spalten		3506	--konzepte=
list	spalten		3507	--konzepte=
list	spalten		3508	--konzepte=
list	spalten		3509	--konzepte=
list	spalten		3510	--konzepte=
list	spalten		3511	--Eigenschaften_n=
list	spalten		3512	--Eigenschaften_n=
list	spalten		3513	--eigenschaften=
list	spalten		3514	--eigenschaften=
list	spalten		3515	--eigenschaft=
list	spalten		3516	--eigenschaft=
list	spalten		3517	--konzept=
list	spalten		3518	--konzept=
list	spalten		3519	--konzepte=
list	spalten		3520	--konzepte=
list	spalten		3521	--Eigenschaften_n=
list	spalten		3522	--Eigenschaften_n=
list	spalten		3523	--Eigenschaften_n=
list	spalten		3524	--Eigenschaften_n=
list	spalten		3525	--Eigenschaften_n=
list	spalten		3526	--Eigenschaften_n=
list	spalten		3527	--eigenschaften=
list	spalten		3528	--eigenschaften=
list	spalten		3529	--eigenschaften=
list	spalten		3530	--eigenschaften=
list	spalten		3531	--eigenschaften=
list	spalten		3532	--eigenschaften=
list	spalten		3533	--eigenschaft=
list	spalten		3534	--eigenschaft=
list	spalten		3535	--eigenschaft=
list	spalten		3536	--eigenschaft=
list	spalten		3537	--eigenschaft=
list	spalten		3538	--eigenschaft=
list	spalten		3539	--konzept=
list	spalten		3540	--konzept=
list	spalten		3541	--konzept=
list	spalten		3542	--konzept=
list	spalten		3543	--konzept=
list	spalten		3544	--konzept=
list	spalten		3545	--konzepte=
list	spalten		3546	--konzepte=
list	spalten		3547	--konzepte=
list	spalten		3548	--konzepte=
list	spalten		3549	--konzepte=
list	spalten		3550	--konzepte=
list	spalten		3551	--Eigenschaften_n=
list	spalten		3552	--Eigenschaften_n=
list	spalten		3553	--Eigenschaften_n=
list	spalten		3554	--Eigenschaften_n=
list	spalten		3555	--eigenschaften=
list	spalten		3556	--eigenschaften=
list	spalten		3557	--eigenschaften=
list	spalten		3558	--eigenschaften=
list	spalten		3559	--eigenschaft=
list	spalten		3560	--eigenschaft=
list	spalten		3561	--eigenschaft=
list	spalten		3562	--eigenschaft=
list	spalten		3563	--konzept=
list	spalten		3564	--konzept=
list	spalten		3565	--konzept=
list	spalten		3566	--konzept=
list	spalten		3567	--konzepte=
list	spalten		3568	--konzepte=
list	spalten		3569	--konzepte=
list	spalten		3570	--konzepte=
list	spalten		3571	--Eigenschaften_n=
list	spalten		3572	--Eigenschaften_n=
list	spalten		3573	--Eigenschaften_n=
list	spalten		3574	--Eigenschaften_n=
list	spalten		3575	--Eigenschaften_n=
list	spalten		3576	--eigenschaften=
list	spalten		3577	--eigenschaften=
list	spalten		3578	--eigenschaften=
list	spalten		3579	--eigenschaften=
list	spalten		3580	--eigenschaften=
list	spalten		3581	--eigenschaft=
list	spalten		3582	--eigenschaft=
list	spalten		3583	--eigenschaft=
list	spalten		3584	--eigenschaft=
list	spalten		3585	--eigenschaft=
list	spalten		3586	--konzept=
list	spalten		3587	--konzept=
list	spalten		3588	--konzept=
list	spalten		3589	--konzept=
list	spalten		3590	--konzept=
list	spalten		3591	--konzepte=
list	spalten		3592	--konzepte=
list	spalten		3593	--konzepte=
list	spalten		3594	--konzepte=
list	spalten		3595	--konzepte=
list	spalten		3596	--Eigenschaften_n=
list	spalten		3597	--Eigenschaften_n=
list	spalten		3598	--Eigenschaften_n=
list	spalten		3599	--Eigenschaften_n=
list	spalten		3600	--Eigenschaften_n=
list	spalten		3601	--Eigenschaften_n=
list	spalten		3602	--eigenschaften=
list	spalten		3603	--eigenschaften=
list	spalten		3604	--eigenschaften=
list	spalten		3605	--eigenschaften=
list	spalten		3606	--eigenschaften=
list	spalten		3607	--eigenschaften=
list	spalten		3608	--eigenschaft=
list	spalten		3609	--eigenschaft=
list	spalten		3610	--eigenschaft=
list	spalten		3611	--eigenschaft=
list	spalten		3612	--eigenschaft=
list	spalten		3613	--eigenschaft=
list	spalten		3614	--konzept=
list	spalten		3615	--konzept=
list	spalten		3616	--konzept=
list	spalten		3617	--konzept=
list	spalten		3618	--konzept=
list	spalten		3619	--konzept=
list	spalten		3620	--konzepte=
list	spalten		3621	--konzepte=
list	spalten		3622	--konzepte=
list	spalten		3623	--konzepte=
list	spalten		3624	--konzepte=
list	spalten		3625	--konzepte=
list	spalten		3626	--Eigenschaften_n=
list	spalten		3627	--Eigenschaften_n=
list	spalten		3628	--Eigenschaften_n=
list	spalten		3629	--Eigenschaften_n=
list	spalten		3630	--eigenschaften=
list	spalten		3631	--eigenschaften=
list	spalten		3632	--eigenschaften=
list	spalten		3633	--eigenschaften=
list	spalten		3634	--eigenschaft=
list	spalten		3635	--eigenschaft=
list	spalten		3636	--eigenschaft=
list	spalten		3637	--eigenschaft=
list	spalten		3638	--konzept=
list	spalten		3639	--konzept=
list	spalten		3640	--konzept=
list	spalten		3641	--konzept=
list	spalten		3642	--konzepte=
list	spalten		3643	--konzepte=
list	spalten		3644	--konzepte=
list	spalten		3645	--konzepte=
list	spalten		3646	--Eigenschaften_n=
list	spalten		3647	--Eigenschaften_n=
list	spalten		3648	--Eigenschaften_n=
list	spalten		3649	--eigenschaften=
list	spalten		3650	--eigenschaften=
list	spalten		3651	--eigenschaften=
list	spalten		3652	--eigenschaft=
list	spalten		3653	--eigenschaft=
list	spalten		3654	--eigenschaft=
list	spalten		3655	--konzept=
list	spalten		3656	--konzept=
list	spalten		3657	--konzept=
list	spalten		3658	--konzepte=
list	spalten		3659	--konzepte=
list	spalten		3660	--konzepte=
list	spalten		3661	--Eigenschaften_n=
list	spalten		3662	--Eigenschaften_n=
list	spalten		3663	--Eigenschaften_n=
list	spalten		3664	--eigenschaften=
list	spalten		3665	--eigenschaften=
list	spalten		3666	--eigenschaften=
list	spalten		3667	--eigenschaft=
list	spalten		3668	--eigenschaft=
list	spalten		3669	--eigenschaft=
list	spalten		3670	--konzept=
list	spalten		3671	--konzept=
list	spalten		3672	--konzept=
list	spalten		3673	--konzepte=
list	spalten		3674	--konzepte=
list	spalten		3675	--konzepte=
list	spalten		3676	--Eigenschaften_n=
list	spalten		3677	--Eigenschaften_n=
list	spalten		3678	--Eigenschaften_n=
list	spalten		3679	--eigenschaften=
list	spalten		3680	--eigenschaften=
list	spalten		3681	--eigenschaften=
list	spalten		3682	--eigenschaft=
list	spalten		3683	--eigenschaft=
list	spalten		3684	--eigenschaft=
list	spalten		3685	--konzept=
list	spalten		3686	--konzept=
list	spalten		3687	--konzept=
list	spalten		3688	--konzepte=
list	spalten		3689	--konzepte=
list	spalten		3690	--konzepte=
list	spalten		3691	--Eigenschaften_n=
list	spalten		3692	--Eigenschaften_n=
list	spalten		3693	--Eigenschaften_n=
list	spalten		3694	--eigenschaften=
list	spalten		3695	--eigenschaften=
list	spalten		3696	--eigenschaften=
list	spalten		3697	--eigenschaft=
list	spalten		3698	--eigenschaft=
list	spalten		3699	--eigenschaft=
list	spalten		3700	--konzept=
list	spalten		3701	--konzept=
list	spalten		3702	--konzept=
list	spalten		3703	--konzepte=
list	spalten		3704	--konzepte=
list	spalten		3705	--konzepte=
list	spalten		3706	--Eigenschaften_n=
list	spalten		3707	--Eigenschaften_n=
list	spalten		3708	--Eigenschaften_n=
list	spalten		3709	--Eigenschaften_n=
list	spalten		3710	--Eigenschaften_n=
list	spalten		3711	--Eigenschaften_n=
list	spalten		3712	--Eigenschaften_n=
list	spalten		3713	--eigenschaften=
list	spalten		3714	--eigenschaften=
list	spalten		3715	--eigenschaften=
list	spalten		3716	--eigenschaften=
list	spalten		3717	--eigenschaften=
list	spalten		3718	--eigenschaften=
list	spalten		3719	--eigenschaften=
list	spalten		3720	--eigenschaft=
list	spalten		3721	--eigenschaft=
list	spalten		3722	--eigenschaft=
list	spalten		3723	--eigenschaft=
list	spalten		3724	--eigenschaft=
list	spalten		3725	--eigenschaft=
list	spalten		3726	--eigenschaft=
list	spalten		3727	--konzept=
list	spalten		3728	--konzept=
list	spalten		3729	--konzept=
list	spalten		3730	--konzept=
list	spalten		3731	--konzept=
list	spalten		3732	--konzept=
list	spalten		3733	--konzept=
list	spalten		3734	--konzepte=
list	spalten		3735	--konzepte=
list	spalten		3736	--konzepte=
list	spalten		3737	--konzepte=
list	spalten		3738	--konzepte=
list	spalten		3739	--konzepte=
list	spalten		3740	--konzepte=
list	spalten		3741	--Eigenschaften_n=
list	spalten		3742	--Eigenschaften_n=
list	spalten		3743	--Eigenschaften_n=
list	spalten		3744	--Eigenschaften_n=
list	spalten		3745	--Eigenschaften_n=
list	spalten		3746	--eigenschaften=
list	spalten		3747	--eigenschaften=
list	spalten		3748	--eigenschaften=
list	spalten		3749	--eigenschaften=
list	spalten		3750	--eigenschaften=
list	spalten		3751	--eigenschaft=
list	spalten		3752	--eigenschaft=
list	spalten		3753	--eigenschaft=
list	spalten		3754	--eigenschaft=
list	spalten		3755	--eigenschaft=
list	spalten		3756	--konzept=
list	spalten		3757	--konzept=
list	spalten		3758	--konzept=
list	spalten		3759	--konzept=
list	spalten		3760	--konzept=
list	spalten		3761	--konzepte=
list	spalten		3762	--konzepte=
list	spalten		3763	--konzepte=
list	spalten		3764	--konzepte=
list	spalten		3765	--konzepte=
list	spalten		3766	--Eigenschaften_n=
list	spalten		3767	--Eigenschaften_n=
list	spalten		3768	--eigenschaften=
list	spalten		3769	--eigenschaften=
list	spalten		3770	--eigenschaft=
list	spalten		3771	--eigenschaft=
list	spalten		3772	--konzept=
list	spalten		3773	--konzept=
list	spalten		3774	--konzepte=
list	spalten		3775	--konzepte=
list	spalten		3776	--Eigenschaften_n=
list	spalten		3777	--Eigenschaften_n=
list	spalten		3778	--Eigenschaften_n=
list	spalten		3779	--Eigenschaften_n=
list	spalten		3780	--Eigenschaften_n=
list	spalten		3781	--eigenschaften=
list	spalten		3782	--eigenschaften=
list	spalten		3783	--eigenschaften=
list	spalten		3784	--eigenschaften=
list	spalten		3785	--eigenschaften=
list	spalten		3786	--eigenschaft=
list	spalten		3787	--eigenschaft=
list	spalten		3788	--eigenschaft=
list	spalten		3789	--eigenschaft=
list	spalten		3790	--eigenschaft=
list	spalten		3791	--konzept=
list	spalten		3792	--konzept=
list	spalten		3793	--konzept=
list	spalten		3794	--konzept=
list	spalten		3795	--konzept=
list	spalten		3796	--konzepte=
list	spalten		3797	--konzepte=
list	spalten		3798	--konzepte=
list	spalten		3799	--konzepte=
list	spalten		3800	--konzepte=
list	spalten		3801	--Eigenschaften_n=
list	spalten		3802	--Eigenschaften_n=
list	spalten		3803	--Eigenschaften_n=
list	spalten		3804	--eigenschaften=
list	spalten		3805	--eigenschaften=
list	spalten		3806	--eigenschaften=
list	spalten		3807	--eigenschaft=
list	spalten		3808	--eigenschaft=
list	spalten		3809	--eigenschaft=
list	spalten		3810	--konzept=
list	spalten		3811	--konzept=
list	spalten		3812	--konzept=
list	spalten		3813	--konzepte=
list	spalten		3814	--konzepte=
list	spalten		3815	--konzepte=
list	spalten		3816	--Eigenschaften_n=
list	spalten		3817	--Eigenschaften_n=
list	spalten		3818	--eigenschaften=
list	spalten		3819	--eigenschaften=
list	spalten		3820	--eigenschaft=
list	spalten		3821	--eigenschaft=
list	spalten		3822	--konzept=
list	spalten		3823	--konzept=
list	spalten		3824	--konzepte=
list	spalten		3825	--konzepte=
list	spalten		3826	--Eigenschaften_n=
list	spalten		3827	--Eigenschaften_n=
list	spalten		3828	--eigenschaften=
list	spalten		3829	--eigenschaften=
list	spalten		3830	--eigenschaft=
list	spalten		3831	--eigenschaft=
list	spalten		3832	--konzept=
list	spalten		3833	--konzept=
list	spalten		3834	--konzepte=
list	spalten		3835	--konzepte=
list	spalten		3836	--Inkrementieren=
list	spalten		3837	--inkrementieren=
list	spalten		3838	--Inkrementieren=
list	spalten		3839	--inkrementieren=
list	spalten		3840	--Inkrementieren=
list	spalten		3841	--inkrementieren=
list	spalten		3842	--Inkrementieren=
list	spalten		3843	--inkrementieren=
list	spalten		3844	--Inkrementieren=
list	spalten		3845	--Inkrementieren=
list	spalten		3846	--inkrementieren=
list	spalten		3847	--inkrementieren=
list	spalten		3848	--Inkrementieren=
list	spalten		3849	--Inkrementieren=
list	spalten		3850	--inkrementieren=
list	spalten		3851	--inkrementieren=
list	spalten		3852	--Multiplikationen=
list	spalten		3853	--Multiplikationen=
list	spalten		3854	--multiplikationen=
list	spalten		3855	--multiplikationen=
list	spalten		3856	--Multiplikationen=
list	spalten		3857	--Multiplikationen=
list	spalten		3858	--multiplikationen=
list	spalten		3859	--multiplikationen=
list	spalten		3860	--Multiplikationen=
list	spalten		3861	--Multiplikationen=
list	spalten		3862	--multiplikationen=
list	spalten		3863	--multiplikationen=
list	spalten		3864	--Multiplikationen=
list	spalten		3865	--Multiplikationen=
list	spalten		3866	--multiplikationen=
list	spalten		3867	--multiplikationen=
list	spalten		3868	--Multiplikationen=
list	spalten		3869	--Multiplikationen=
list	spalten		3870	--multiplikationen=
list	spalten		3871	--multiplikationen=
list	spalten		3872	--Multiplikationen=
list	spalten		3873	--Multiplikationen=
list	spalten		3874	--multiplikationen=
list	spalten		3875	--multiplikationen=
list	spalten		3876	--Multiplikationen=
list	spalten		3877	--Multiplikationen=
list	spalten		3878	--multiplikationen=
list	spalten		3879	--multiplikationen=
list	spalten		3880	--Multiplikationen=
list	spalten		3881	--Multiplikationen=
list	spalten		3882	--multiplikationen=
list	spalten		3883	--multiplikationen=
list	spalten		3884	--Multiplikationen=
list	spalten		3885	--Multiplikationen=
list	spalten		3886	--multiplikationen=
list	spalten		3887	--multiplikationen=
list	spalten		3888	--Multiplikationen=
list	spalten		3889	--multiplikationen=
list	spalten		3890	--Kontinuum=
list	spalten		3891	--Kontinuum=
list	spalten		3892	--Kontinuum=
list	spalten		3893	--kontinuum=
list	spalten		3894	--kontinuum=
list	spalten		3895	--kontinuum=
list	spalten		3896	--Kontinuum=
list	spalten		3897	--Kontinuum=
list	spalten		3898	--Kontinuum=
list	spalten		3899	--kontinuum=
list	spalten		3900	--kontinuum=
list	spalten		3901	--kontinuum=
list	spalten		3902	--Kontinuum=
list	spalten		3903	--Kontinuum=
list	spalten		3904	--Kontinuum=
list	spalten		3905	--kontinuum=
list	spalten		3906	--kontinuum=
list	spalten		3907	--kontinuum=
list	spalten		3908	--Kontinuum=
list	spalten		3909	--Kontinuum=
list	spalten		3910	--kontinuum=
list	spalten		3911	--kontinuum=
list	spalten		3912	--Kontinuum=
list	spalten		3913	--Kontinuum=
list	spalten		3914	--Kontinuum=
list	spalten		3915	--kontinuum=
list	spalten		3916	--kontinuum=
list	spalten		3917	--kontinuum=
list	spalten		3918	--Kontinuum=
list	spalten		3919	--Kontinuum=
list	spalten		3920	--Kontinuum=
list	spalten		3921	--kontinuum=
list	spalten		3922	--kontinuum=
list	spalten		3923	--kontinuum=
list	spalten		3924	--Kontinuum=
list	spalten		3925	--Kontinuum=
list	spalten		3926	--Kontinuum=
list	spalten		3927	--kontinuum=
list	spalten		3928	--kontinuum=
list	spalten		3929	--kontinuum=
list	spalten		3930	--Kontinuum=
list	spalten		3931	--Kontinuum=
list	spalten		3932	--Kontinuum=
list	spalten		3933	--kontinuum=
list	spalten		3934	--kontinuum=
list	spalten		3935	--kontinuum=
list	spalten		3936	--Kontinuum=
list	spalten		3937	--Kontinuum=
list	spalten		3938	--Kontinuum=
list	spalten		3939	--kontinuum=
list	spalten		3940	--kontinuum=
list	spalten		3941	--kontinuum=
list	spalten		3942	--Kontinuum=
list	spalten		3943	--Kontinuum=
list	spalten		3944	--Kontinuum=
list	spalten		3945	--kontinuum=
list	spalten		3946	--kontinuum=
list	spalten		3947	--kontinuum=
list	spalten		3948	--Kontinuum=
list	spalten		3949	--Kontinuum=
list	spalten		3950	--Kontinuum=
list	spalten		3951	--kontinuum=
list	spalten		3952	--kontinuum=
list	spalten		3953	--kontinuum=
list	spalten		3954	--Kontinuum=
list	spalten		3955	--Kontinuum=
list	spalten		3956	--Kontinuum=
list	spalten		3957	--kontinuum=
list	spalten		3958	--kontinuum=
list	spalten		3959	--kontinuum=
list	spalten		3960	--Kontinuum=
list	spalten		3961	--Kontinuum=
list	spalten		3962	--Kontinuum=
list	spalten		3963	--kontinuum=
list	spalten		3964	--kontinuum=
list	spalten		3965	--kontinuum=
list	spalten		3966	--Kontinuum=
list	spalten		3967	--Kontinuum=
list	spalten		3968	--Kontinuum=
list	spalten		3969	--kontinuum=
list	spalten		3970	--kontinuum=
list	spalten		3971	--kontinuum=
list	spalten		3972	--Universum=
list	spalten		3973	--Universum=
list	spalten		3974	--universum=
list	spalten		3975	--universum=
list	spalten		3976	--transzendentalien=
list	spalten		3977	--transzendentalien=
list	spalten		3978	--strukturalien=
list	spalten		3979	--strukturalien=
list	spalten		3980	--kugel=
list	spalten		3981	--kugel=
list	spalten		3982	--kugeln=
list	spalten		3983	--kugeln=
list	spalten		3984	--ball=
list	spalten		3985	--ball=
list	spalten		3986	--baelle=
list	spalten		3987	--baelle=
list	spalten		3988	--bälle=
list	spalten		3989	--bälle=
list	spalten		3990	--Kontinuum=
list	spalten		3991	--Kontinuum=
list	spalten		3992	--Kontinuum=
list	spalten		3993	--kontinuum=
list	spalten		3994	--kontinuum=
list	spalten		3995	--kontinuum=
list	spalten		3996	--Kontinuum=
list	spalten		3997	--Kontinuum=
list	spalten		3998	--Kontinuum=
list	spalten		3999	--kontinuum=
list	spalten		4000	--kontinuum=
list	spalten		4001	--kontinuum=
list	spalten		4002	--Kontinuum=
list	spalten		4003	--Kontinuum=
list	spalten		4004	--Kontinuum=
list	spalten		4005	--kontinuum=
list	spalten		4006	--kontinuum=
list	spalten		4007	--kontinuum=
list	spalten		4008	--Kontinuum=
list	spalten		4009	--Kontinuum=
list	spalten		4010	--Kontinuum=
list	spalten		4011	--kontinuum=
list	spalten		4012	--kontinuum=
list	spalten		4013	--kontinuum=
list	spalten		4014	--Kontinuum=
list	spalten		4015	--Kontinuum=
list	spalten		4016	--Kontinuum=
list	spalten		4017	--Kontinuum=
list	spalten		4018	--kontinuum=
list	spalten		4019	--kontinuum=
list	spalten		4020	--kontinuum=
list	spalten		4021	--kontinuum=
list	spalten		4022	--Kontinuum=
list	spalten		4023	--Kontinuum=
list	spalten		4024	--Kontinuum=
list	spalten		4025	--kontinuum=
list	spalten		4026	--kontinuum=
list	spalten		4027	--kontinuum=
list	spalten		4028	--Kontinuum=
list	spalten		4029	--Kontinuum=
list	spalten		4030	--Kontinuum=
list	spalten		4031	--kontinuum=
list	spalten		4032	--kontinuum=
list	spalten		4033	--kontinuum=
list	spalten		4034	--Kontinuum=
list	spalten		4035	--Kontinuum=
list	spalten		4036	--Kontinuum=
list	spalten		4037	--kontinuum=
list	spalten		4038	--kontinuum=
list	spalten		4039	--kontinuum=
list	spalten		4040	--Kontinuum=
list	spalten		4041	--Kontinuum=
list	spalten		4042	--Kontinuum=
list	spalten		4043	--kontinuum=
list	spalten		4044	--kontinuum=
list	spalten		4045	--kontinuum=
list	spalten		4046	--Kontinuum=
list	spalten		4047	--Kontinuum=
list	spalten		4048	--Kontinuum=
list	spalten		4049	--kontinuum=
list	spalten		4050	--kontinuum=
list	spalten		4051	--kontinuum=
list	spalten		4052	--Multiversum=
list	spalten		4053	--multiversum=
list	spalten		4054	--Multiversum=
list	spalten		4055	--Multiversum=
list	spalten		4056	--Multiversum=
list	spalten		4057	--Multiversum=
list	spalten		4058	--Multiversum=
list	spalten		4059	--multiversum=
list	spalten		4060	--multiversum=
list	spalten		4061	--multiversum=
list	spalten		4062	--multiversum=
list	spalten		4063	--multiversum=
list	spalten		4064	--Kontinuum=
list	spalten		4065	--Kontinuum=
list	spalten		4066	--Kontinuum=
list	spalten		4067	--kontinuum=
list	spalten		4068	--kontinuum=
list	spalten		4069	--kontinuum=
list	spalten		4070	--Multiversum=
list	spalten		4071	--Multiversum=
list	spalten		4072	--Multiversum=
list	spalten		4073	--multiversum=
list	spalten		4074	--multiversum=
list	spalten		4075	--multiversum=
list	spalten		4076	--Kontinuum=
list	spalten		4077	--Kontinuum=
list	spalten		4078	--Kontinuum=
list	spalten		4079	--kontinuum=
list	spalten		4080	--kontinuum=
list	spalten		4081	--kontinuum=
list	spalten		4082	--Kontinuum=
list	spalten		4083	--Kontinuum=
list	spalten		4084	--Kontinuum=
list	spalten		4085	--kontinuum=
list	spalten		4086	--kontinuum=
list	spalten		4087	--kontinuum=
list	spalten		4088	--Kontinuum=
list	spalten		4089	--Kontinuum=
list	spalten		4090	--Kontinuum=
list	spalten		4091	--kontinuum=
list	spalten		4092	--kontinuum=
list	spalten		4093	--kontinuum=
list	spalten		4094	--Kontinuum=
list	spalten		4095	--Kontinuum=
list	spalten		4096	--Kontinuum=
list	spalten		4097	--kontinuum=
list	spalten		4098	--kontinuum=
list	spalten		4099	--kontinuum=
list	spalten		4100	--Kontinuum=
list	spalten		4101	--Kontinuum=
list	spalten		4102	--Kontinuum=
list	spalten		4103	--kontinuum=
list	spalten		4104	--kontinuum=
list	spalten		4105	--kontinuum=
list	spalten		4106	--Kontinuum=
list	spalten		4107	--Kontinuum=
list	spalten		4108	--Kontinuum=
list	spalten		4109	--kontinuum=
list	spalten		4110	--kontinuum=
list	spalten		4111	--kontinuum=
list	spalten		4112	--Kontinuum=
list	spalten		4113	--Kontinuum=
list	spalten		4114	--Kontinuum=
list	spalten		4115	--kontinuum=
list	spalten		4116	--kontinuum=
list	spalten		4117	--kontinuum=
list	spalten		4118	--Menschliches=
list	spalten		4119	--Menschliches=
list	spalten		4120	--menschliches=
list	spalten		4121	--menschliches=
list	spalten		4122	--Menschliches=
list	spalten		4123	--Menschliches=
list	spalten		4124	--Menschliches=
list	spalten		4125	--Menschliches=
list	spalten		4126	--menschliches=
list	spalten		4127	--menschliches=
list	spalten		4128	--menschliches=
list	spalten		4129	--menschliches=
list	spalten		4130	--Menschliches=
list	spalten		4131	--Menschliches=
list	spalten		4132	--Menschliches=
list	spalten		4133	--menschliches=
list	spalten		4134	--menschliches=
list	spalten		4135	--menschliches=
list	spalten		4136	--Menschliches=
list	spalten		4137	--Menschliches=
list	spalten		4138	--menschliches=
list	spalten		4139	--menschliches=
list	spalten		4140	--Menschliches=
list	spalten		4141	--Menschliches=
list	spalten		4142	--menschliches=
list	spalten		4143	--menschliches=
list	spalten		4144	--Menschliches=
list	spalten		4145	--Menschliches=
list	spalten		4146	--menschliches=
list	spalten		4147	--menschliches=
list	spalten		4148	--Kontinuum=
list	spalten		4149	--Kontinuum=
list	spalten		4150	--Kontinuum=
list	spalten		4151	--kontinuum=
list	spalten		4152	--kontinuum=
list	spalten		4153	--kontinuum=
list	spalten		4154	--alles=
list	spalten		4155	--=
list	spalten		4156	--breite=
list	spalten		4157	--breiten=
list	spalten		4158	--keinenummerierung
list	spalten		4159	--*=
list	eigs_n		0	Weisheit_etc
list	eigs_n		1	weisheit
list	eigs_n		2	metaweisheit
list	eigs_n		3	meta-weisheit
list	eigs_n		4	idiot
list	eigs_n		5	weise
list	eigs_n		6	optimal
list	eigs_n		7	optimum
list	eigs_n		8	Dein_Recht_bekommen
list	eigs_n		9	rechte
list	eigs_n		10	recht
list	eigs_n		11	selbstgerecht
list	eigs_n		12	unterlegen_überlegen
list	eigs_n		13	unterlegen
list	eigs_n		14	ueberlegen
list	eigs_n		15	Ehrlichkeit_und_Streit
list	eigs_n		16	streit
list	eigs_n		17	ehrlichkeit
list	eigs_n		18	einklinken_vertrauen_anprangern
list	eigs_n		19	einklinken
list	eigs_n		20	vertrauenerhalten
list	eigs_n		21	anprangern
list	eigs_n		22	familiebrauchen
list	eigs_n		23	ego
list	eigs_n		24	bescheiden
list	eigs_n		25	Selbstsucht_Ichsucht_etc
list	eigs_n		26	selbstsucht
list	eigs_n		27	ichsucht
list	eigs_n		28	Forschen_Erfinden_Einklinken
list	eigs_n		29	wissenschaft
list	eigs_n		30	forschen
list	eigs_n		31	erfinden
list	eigs_n		32	Kooperation_vs_Arsch
list	eigs_n		33	arschloch
list	eigs_n		34	kooperation
list	eigs_n		35	arsch
list	eigs_n		36	Liebe_usw
list	eigs_n		37	liebe
list	eigs_n		38	zuneigung
list	eigs_n		39	Selbstlosigkeit_Ichlosigkeit_etc
list	eigs_n		40	selbstlos
list	eigs_n		41	ichlos
list	eigs_n		42	variationsreich_eintönig
list	eigs_n		43	eintönig
list	eigs_n		44	eintoenig
list	eigs_n		45	variationsreich
list	eigs_n		46	Zuneigung_Abneigung
list	eigs_n		47	abgeneigt
list	eigs_n		48	zugewandt
list	eigs_n		49	reserviert
list	eigs_n		50	zugeneigt
list	eigs_n		51	ehrlich_vs_höflich
list	eigs_n		52	ehrlich
list	eigs_n		53	höflich
list	eigs_n		54	hoeflich
list	eigs_n		55	Tragweite
list	eigs_n		56	tragweite
list	eigs_n		57	wertvoll
list	eigs_n		58	wertlos
list	eigs_n		59	Götter_Propheten_Familien_Freunde
list	eigs_n		60	familiaer
list	eigs_n		61	goettlich
list	eigs_n		62	freunde
list	eigs_n		63	propheten
list	eigs_n		64	sanft_vs_hart
list	eigs_n		65	sanft
list	eigs_n		66	hart
list	eigs_n		67	vereinen_vs_verbinden
list	eigs_n		68	vereinenverbinden
list	eigs_n		69	vereinen
list	eigs_n		70	verbinden
list	eigs_n		71	einheit
list	eigs_n		72	verbindung
list	eigs_n		73	ähnlich
list	eigs_n		74	aehnlich
list	eigs_n		75	gut_böse_lieb_schlecht
list	eigs_n		76	gut
list	eigs_n		77	böse
list	eigs_n		78	boese
list	eigs_n		79	lieb
list	eigs_n		80	schlecht
list	eigs_n		81	Sinn_und_Zweck_des_Lebens
list	eigs_n		82	sinn
list	eigs_n		83	zweck
list	eigs_n		84	bedeutung
list	eigs_n		85	Zeit_vs_Raum
list	eigs_n		86	zeit
list	eigs_n		87	raum
list	eigs_n		88	zeitlich
list	eigs_n		89	räumlich
list	eigs_n		90	egalitär_vs_autoritär
list	eigs_n		91	egalitaerautoritaer
list	eigs_n		92	egalitaer
list	eigs_n		93	autoritaer
list	eigs_n		94	egalitär
list	eigs_n		95	autoritär
list	eigs_n		96	Meinungen_und_Ruf
list	eigs_n		97	meinungen
list	eigs_n		98	anderemenschen
list	eigs_n		99	ruf
list	eigs_n		100	Meinungsintelligenz
list	eigs_n		101	meinungsintelligenz
list	eigs_n		102	ursprungsintelligenz
list	eigs_n		103	Sittlichkeit
list	eigs_n		104	sittlichkeit
list	eigs_n		105	annaehrerung
list	eigs_n		106	Führung
list	eigs_n		107	führung
list	eigs_n		108	fuehrung
list	eigs_n		109	Durchleuchten
list	eigs_n		110	durchleuchten
list	eigs_n		111	erleuchten
list	eigs_n		112	Fördern_Sensiblisieren_und_Gedeihen
list	eigs_n		113	foerdern
list	eigs_n		114	fördern
list	eigs_n		115	begrenzen
list	eigs_n		116	sensibilisieren
list	eigs_n		117	gedeihen
list	eigs_n		118	verderben
list	eigs_n		119	Überheblichkeit
list	eigs_n		120	überheblich
list	eigs_n		121	ueberheblichkeit
list	eigs_n		122	ueberheblich
list	eigs_n		123	überheblichkeit
list	eigs_n		124	Polung_der_Liebe
list	eigs_n		125	liebepolung
list	eigs_n		126	Egoismus_vs_Altruismus
list	eigs_n		127	egoismus
list	eigs_n		128	altruismus
list	eigs_n		129	egoist
list	eigs_n		130	altruist
list	eigs_n		131	kausal
list	eigs_n		132	geltung
list	eigs_n		133	genese
list	eigs_n		134	Gleichheit
list	eigs_n		135	gleich
list	eigs_n		136	Überleben
list	eigs_n		137	ueberleben
list	eigs_r		0	Würdig
list	eigs_r		1	wuerdig
list	eigs_r		2	würdig
list	eigs_r		3	Regel_vs_Ausnahme
list	eigs_r		4	regel
list	eigs_r		5	ausnahme
list	eigs_r		6	Filterart_Widrigkeit
list	eigs_r		7	filterart
list	eigs_r		8	widrigkeit
list	eigs_r		9	Werte
list	eigs_r		10	werte
list	eigs_r		11	Gutartigkeits-Egoismus
list	eigs_r		12	position
list	eigs_r		13	gutesreziprok
list	eigs_r		14	Reflektieren_Erkenntnis-Erkennen
list	eigs_r		15	reflektieren
list	eigs_r		16	erkenntnis
list	eigs_r		17	Vertrauen_wollen
list	eigs_r		18	vertrauenwollen
list	eigs_r		19	Ausrichten_Einrichten
list	eigs_r		20	einrichten
list	eigs_r		21	ausrichten
list	eigs_r		22	Toleranz_Respekt_Akzeptanz_Willkommen
list	eigs_r		23	toleranz
list	eigs_r		24	respekt
list	eigs_r		25	akzeptanz
list	eigs_r		26	willkommen
list	ausgabe_paras		0	--nocolor
list	ausgabe_paras		1	--justtext
list	ausgabe_paras		2	--art=
list	ausgabe_paras		3	--onetable
list	ausgabe_paras		4	--spaltenreihenfolgeundnurdiese=
list	ausgabe_paras		5	--endlessscreen
list	ausgabe_paras		6	--endless
list	ausgabe_paras		7	--dontwrap
list	ausgabe_paras		8	--breite=
list	ausgabe_paras		9	--breiten=
list	ausgabe_paras		10	--keineleereninhalte
list	ausgabe_paras		11	--keinenummerierung
list	ausgabe_paras		12	--keineueberschriften
list	ausgabe_paras		13	--*=
list	kombi_main_paras		0	--galaxie=
list	kombi_main_paras		1	--universum=
list	kombi_main_paras		2	--*=
list	zeilen_paras		0	--zeit=
list	zeilen_paras		1	--zaehlung=
list	zeilen_paras		2	--vorhervonausschnitt=
list	zeilen_paras		3	--vorhervonausschnittteiler
list	zeilen_paras		4	--primzahlvielfache=
list	zeilen_paras		5	--nachtraeglichneuabzaehlung=
list	zeilen_paras		6	--nachtraeglichneuabzaehlungvielfache=
list	zeilen_paras		7	--alles
list	zeilen_paras		8	--potenzenvonzahlen=
list	zeilen_paras		9	--typ=
list	zeilen_paras		10	--vielfachevonzahlen=
list	zeilen_paras		11	--oberesmaximum=
list	zeilen_paras		12	--primzahlen=
list	zeilen_paras		13	--invertieren
list	zeilen_paras		14	--*=
list	haupt_for_neben		0	-kombination
list	haupt_for_neben		1	-nichts
list	haupt_for_neben		2	-h
list	haupt_for_neben		3	-zeilen
list	haupt_for_neben		4	-help
list	haupt_for_neben		5	-ausgabe
list	haupt_for_neben		6	-spalten
list	not_parameter_values		0	--nocolor
list	not_parameter_values		1	--justtext
list	not_parameter_values		2	--art=
list	not_parameter_values		3	--onetable
list	not_parameter_values		4	--spaltenreihenfolgeundnurdiese=
list	not_parameter_values		5	--endlessscreen
list	not_parameter_values		6	--endless
list	not_parameter_values		7	--dontwrap
list	not_parameter_values		8	--breite=
list	not_parameter_values		9	--breiten=
list	not_parameter_values		10	--keineleereninhalte
list	not_parameter_values		11	--keinenummerierung
list	not_parameter_values		12	--keineueberschriften
list	not_parameter_values		13	--*=
list	not_parameter_values		14	--zeit=
list	not_parameter_values		15	--zaehlung=
list	not_parameter_values		16	--vorhervonausschnitt=
list	not_parameter_values		17	--vorhervonausschnittteiler
list	not_parameter_values		18	--primzahlvielfache=
list	not_parameter_values		19	--nachtraeglichneuabzaehlung=
list	not_parameter_values		20	--nachtraeglichneuabzaehlungvielfache=
list	not_parameter_values		21	--alles
list	not_parameter_values		22	--potenzenvonzahlen=
list	not_parameter_values		23	--typ=
list	not_parameter_values		24	--vielfachevonzahlen=
list	not_parameter_values		25	--oberesmaximum=
list	not_parameter_values		26	--primzahlen=
list	not_parameter_values		27	--invertieren
list	not_parameter_values		28	--*=
list	not_parameter_values		29	--galaxie=
list	not_parameter_values		30	--universum=
list	not_parameter_values		31	--*=
list	not_parameter_values		32	--Wichtigstes_zum_verstehen=
list	not_parameter_values		33	--Wichtigstes_zum_verstehen=
list	not_parameter_values		34	--wichtigsteverstehen=
list	not_parameter_values		35	--wichtigsteverstehen=
list	not_parameter_values		36	--Menschliches=
list	not_parameter_values		37	--Menschliches=
list	not_parameter_values		38	--Menschliches=
list	not_parameter_values		39	--menschliches=
list	not_parameter_values		40	--menschliches=
list	not_parameter_values		41	--menschliches=
list	not_parameter_values		42	--Menschliches=
list	not_parameter_values		43	--Menschliches=
list	not_parameter_values		44	--Menschliches=
list	not_parameter_values		45	--menschliches=
list	not_parameter_values		46	--menschliches=
list	not_parameter_values		47	--menschliches=
list	not_parameter_values		48	--Herrschaft=
list	not_parameter_values		49	--Herrschaft=
list	not_parameter_values		50	--Herrschaft=
list	not_parameter_values		51	--macht=
list	not_parameter_values		52	--macht=
list	not_parameter_values		53	--macht=
list	not_parameter_values		54	--Herrschaft=
list	not_parameter_values		55	--Herrschaft=
list	not_parameter_values		56	--Herrschaft=
list	not_parameter_values		57	--Herrschaft=
list	not_parameter_values		58	--Herrschaft=
list	not_parameter_values		59	--macht=
list	not_parameter_values		60	--macht=
list	not_parameter_values		61	--macht=
list	not_parameter_values		62	--macht=
list	not_parameter_values		63	--macht=
list	not_parameter_values		64	--Herrschaft=
list	not_parameter_values		65	--Herrschaft=
list	not_parameter_values		66	--Herrschaft=
list	not_parameter_values		67	--Herrschaft=
list	not_parameter_values		68	--macht=
list	not_parameter_values		69	--macht=
list	not_parameter_values		70	--macht=
list	not_parameter_values		71	--macht=
list	not_parameter_values		72	--Herrschaft=
list	not_parameter_values		73	--Herrschaft=
list	not_parameter_values		74	--macht=
list	not_parameter_values		75	--macht=
list	not_parameter_values		76	--MetaMetaPhysik_und_MetaChemie=
list	not_parameter_values		77	--Herrschaft=
list	not_parameter_values		78	--Herrschaft=
list	not_parameter_values		79	--macht=
list	not_parameter_values		80	--macht=
list	not_parameter_values		81	--Herrschaft=
list	not_parameter_values		82	--Herrschaft=
list	not_parameter_values		83	--Herrschaft=
list	not_parameter_values		84	--macht=
list	not_parameter_values		85	--macht=
list	not_parameter_values		86	--macht=
list	not_parameter_values		87	--Herrschaft=
list	not_parameter_values		88	--Herrschaft=
list	not_parameter_values		89	--macht=
list	not_parameter_values		90	--macht=
list	not_parameter_values		91	--Universum=
list	not_parameter_values		92	--Universum=
list	not_parameter_values		93	--universum=
list	not_parameter_values		94	--universum=
list	not_parameter_values		95	--transzendentalien=
list	not_parameter_values		96	--transzendentalien=
list	not_parameter_values		97	--strukturalien=
list	not_parameter_values		98	--strukturalien=
list	not_parameter_values		99	--kugel=
list	not_parameter_values		100	--kugel=
list	not_parameter_values		101	--kugeln=
list	not_parameter_values		102	--kugeln=
list	not_parameter_values		103	--ball=
list	not_parameter_values		104	--ball=
list	not_parameter_values		105	--baelle=
list	not_parameter_values		106	--baelle=
list	not_parameter_values		107	--bälle=
list	not_parameter_values		108	--bälle=
list	not_parameter_values		109	--Universum=
list	not_parameter_values		110	--Universum=
list	not_parameter_values		111	--universum=
list	not_parameter_values		112	--universum=
list	not_parameter_values		113	--transzendentalien=
list	not_parameter_values		114	--transzendentalien=
list	not_parameter_values		115	--strukturalien=
list	not_parameter_values		116	--strukturalien=
list	not_parameter_values		117	--kugel=
list	not_parameter_values		118	--kugel=
list	not_parameter_values		119	--kugeln=
list	not_parameter_values		120	--kugeln=
list	not_parameter_values		121	--ball=
list	not_parameter_values		122	--ball=
list	not_parameter_values		123	--baelle=
list	not_parameter_values		124	--baelle=
list	not_parameter_values		125	--bälle=
list	not_parameter_values		126	--bälle=
list	not_parameter_values		127	--Planet_(10_und_oder_12)=
list	not_parameter_values		128	--Planet_(10_und_oder_12)=
list	not_parameter_values		129	--planet=
list	not_parameter_values		130	--planet=
list	not_parameter_values		131	--Planet_(10_und_oder_12)=
list	not_parameter_values		132	--Planet_(10_und_oder_12)=
list	not_parameter_values		133	--Planet_(10_und_oder_12)=
list	not_parameter_values		134	--planet=
list	not_parameter_values		135	--planet=
list	not_parameter_values		136	--planet=
list	not_parameter_values		137	--Planet_(10_und_oder_12)=
list	not_parameter_values		138	--Planet_(10_und_oder_12)=
list	not_parameter_values		139	--Planet_(10_und_oder_12)=
list	not_parameter_values		140	--planet=
list	not_parameter_values		141	--planet=
list	not_parameter_values		142	--planet=
list	not_parameter_values		143	--Herrschaft=
list	not_parameter_values		144	--Herrschaft=
list	not_parameter_values		145	--macht=
list	not_parameter_values		146	--macht=
list	not_parameter_values		147	--Herrschaft=
list	not_parameter_values		148	--Herrschaft=
list	not_parameter_values		149	--Herrschaft=
list	not_parameter_values		150	--macht=
list	not_parameter_values		151	--macht=
list	not_parameter_values		152	--macht=
list	not_parameter_values		153	--Religionen=
list	not_parameter_values		154	--Religionen=
list	not_parameter_values		155	--religionen=
list	not_parameter_values		156	--religionen=
list	not_parameter_values		157	--religion=
list	not_parameter_values		158	--religion=
list	not_parameter_values		159	--Galaxie=
list	not_parameter_values		160	--Galaxie=
list	not_parameter_values		161	--galaxie=
list	not_parameter_values		162	--galaxie=
list	not_parameter_values		163	--alteschriften=
list	not_parameter_values		164	--alteschriften=
list	not_parameter_values		165	--kreis=
list	not_parameter_values		166	--kreis=
list	not_parameter_values		167	--galaxien=
list	not_parameter_values		168	--galaxien=
list	not_parameter_values		169	--kreise=
list	not_parameter_values		170	--kreise=
list	not_parameter_values		171	--Universum=
list	not_parameter_values		172	--Universum=
list	not_parameter_values		173	--universum=
list	not_parameter_values		174	--universum=
list	not_parameter_values		175	--transzendentalien=
list	not_parameter_values		176	--transzendentalien=
list	not_parameter_values		177	--strukturalien=
list	not_parameter_values		178	--strukturalien=
list	not_parameter_values		179	--kugel=
list	not_parameter_values		180	--kugel=
list	not_parameter_values		181	--kugeln=
list	not_parameter_values		182	--kugeln=
list	not_parameter_values		183	--ball=
list	not_parameter_values		184	--ball=
list	not_parameter_values		185	--baelle=
list	not_parameter_values		186	--baelle=
list	not_parameter_values		187	--bälle=
list	not_parameter_values		188	--bälle=
list	not_parameter_values		189	--Universum=
list	not_parameter_values		190	--universum=
list	not_parameter_values		191	--transzendentalien=
list	not_parameter_values		192	--strukturalien=
list	not_parameter_values		193	--kugel=
list	not_parameter_values		194	--kugeln=
list	not_parameter_values		195	--ball=
list	not_parameter_values		196	--baelle=
list	not_parameter_values		197	--bälle=
list	not_parameter_values		198	--Menschliches=
list	not_parameter_values		199	--Menschliches=
list	not_parameter_values		200	--menschliches=
list	not_parameter_values		201	--menschliches=
list	not_parameter_values		202	--Menschliches=
list	not_parameter_values		203	--menschliches=
list	not_parameter_values		204	--Menschliches=
list	not_parameter_values		205	--Menschliches=
list	not_parameter_values		206	--menschliches=
list	not_parameter_values		207	--menschliches=
list	not_parameter_values		208	--Menschliches=
list	not_parameter_values		209	--menschliches=
list	not_parameter_values		210	--Menschliches=
list	not_parameter_values		211	--Menschliches=
list	not_parameter_values		212	--menschliches=
list	not_parameter_values		213	--menschliches=
list	not_parameter_values		214	--Menschliches=
list	not_parameter_values		215	--Menschliches=
list	not_parameter_values		216	--Menschliches=
list	not_parameter_values		217	--menschliches=
list	not_parameter_values		218	--menschliches=
list	not_parameter_values		219	--menschliches=
list	not_parameter_values		220	--Planet_(10_und_oder_12)=
list	not_parameter_values		221	--Planet_(10_und_oder_12)=
list	not_parameter_values		222	--Planet_(10_und_oder_12)=
list	not_parameter_values		223	--planet=
list	not_parameter_values		224	--planet=
list	not_parameter_values		225	--planet=
list	not_parameter_values		226	--Planet_(10_und_oder_12)=
list	not_parameter_values		227	--Planet_(10_und_oder_12)=
list	not_parameter_values		228	--Planet_(10_und_oder_12)=
list	not_parameter_values		229	--Planet_(10_und_oder_12)=
list	not_parameter_values		230	--Planet_(10_und_oder_12)=
list	not_parameter_values		231	--planet=
list	not_parameter_values		232	--planet=
list	not_parameter_values		233	--planet=
list	not_parameter_values		234	--planet=
list	not_parameter_values		235	--planet=
list	not_parameter_values		236	--Planet_(10_und_oder_12)=
list	not_parameter_values		237	--Planet_(10_und_oder_12)=
list	not_parameter_values		238	--planet=
list	not_parameter_values		239	--planet=
list	not_parameter_values		240	--Planet_(10_und_oder_12)=
list	not_parameter_values		241	--Planet_(10_und_oder_12)=
list	not_parameter_values		242	--Planet_(10_und_oder_12)=
list	not_parameter_values		243	--planet=
list	not_parameter_values		244	--planet=
list	not_parameter_values		245	--planet=
list	not_parameter_values		246	--Planet_(10_und_oder_12)=
list	not_parameter_values		247	--Planet_(10_und_oder_12)=
list	not_parameter_values		248	--Planet_(10_und_oder_12)=
list	not_parameter_values		249	--planet=
list	not_parameter_values		250	--planet=
list	not_parameter_values		251	--planet=
list	not_parameter_values		252	--Planet_(10_und_oder_12)=
list	not_parameter_values		253	--Planet_(10_und_oder_12)=
list	not_parameter_values		254	--Planet_(10_und_oder_12)=
list	not_parameter_values		255	--planet=
list	not_parameter_values		256	--planet=
list	not_parameter_values		257	--planet=
list	not_parameter_values		258	--Wichtigstes_zum_verstehen=
list	not_parameter_values		259	--Wichtigstes_zum_verstehen=
list	not_parameter_values		260	--wichtigsteverstehen=
list	not_parameter_values		261	--wichtigsteverstehen=
list	not_parameter_values		262	--Wichtigstes_zum_verstehen=
list	not_parameter_values		263	--Wichtigstes_zum_verstehen=
list	not_parameter_values		264	--wichtigsteverstehen=
list	not_parameter_values		265	--wichtigsteverstehen=
list	not_parameter_values		266	--Wichtigstes_zum_verstehen=
list	not_parameter_values		267	--Wichtigstes_zum_verstehen=
list	not_parameter_values		268	--wichtigsteverstehen=
list	not_parameter_values		269	--wichtigsteverstehen=
list	not_parameter_values		270	--Wichtigstes_zum_gedanklich_einordnen=
list	not_parameter_values		271	--Wichtigstes_zum_gedanklich_einordnen=
list	not_parameter_values		272	--wichtigsteeinordnen=
list	not_parameter_values		273	--wichtigsteeinordnen=
list	not_parameter_values		274	--Wichtigstes_zum_gedanklich_einordnen=
list	not_parameter_values		275	--Wichtigstes_zum_gedanklich_einordnen=
list	not_parameter_values		276	--wichtigsteeinordnen=
list	not_parameter_values		277	--wichtigsteeinordnen=
list	not_parameter_values		278	--Operationen=
list	not_parameter_values		279	--Operationen=
list	not_parameter_values		280	--Operationen=
list	not_parameter_values		281	--operationen=
list	not_parameter_values		282	--operationen=
list	not_parameter_values		283	--operationen=
list	not_parameter_values		284	--Religionen=
list	not_parameter_values		285	--Religionen=
list	not_parameter_values		286	--Religionen=
list	not_parameter_values		287	--Religionen=
list	not_parameter_values		288	--Religionen=
list	not_parameter_values		289	--religionen=
list	not_parameter_values		290	--religionen=
list	not_parameter_values		291	--religionen=
list	not_parameter_values		292	--religionen=
list	not_parameter_values		293	--religionen=
list	not_parameter_values		294	--religion=
list	not_parameter_values		295	--religion=
list	not_parameter_values		296	--religion=
list	not_parameter_values		297	--religion=
list	not_parameter_values		298	--religion=
list	not_parameter_values		299	--Religionen=
list	not_parameter_values		300	--religionen=
list	not_parameter_values		301	--religion=
list	not_parameter_values		302	--Menschliches=
list	not_parameter_values		303	--menschliches=
list	not_parameter_values		304	--Religionen=
list	not_parameter_values		305	--Religionen=
list	not_parameter_values		306	--religionen=
list	not_parameter_values		307	--religionen=
list	not_parameter_values		308	--religion=
list	not_parameter_values		309	--religion=
list	not_parameter_values		310	--Religionen=
list	not_parameter_values		311	--Religionen=
list	not_parameter_values		312	--religionen=
list	not_parameter_values		313	--religionen=
list	not_parameter_values		314	--religion=
list	not_parameter_values		315	--religion=
list	not_parameter_values		316	--Religionen=
list	not_parameter_values		317	--Religionen=
list	not_parameter_values		318	--Religionen=
list	not_parameter_values		319	--religionen=
list	not_parameter_values		320	--religionen=
list	not_parameter_values		321	--religionen=
list	not_parameter_values		322	--religion=
list	not_parameter_values		323	--religion=
list	not_parameter_values		324	--religion=
list	not_parameter_values		325	--Religionen=
list	not_parameter_values		326	--Religionen=
list	not_parameter_values		327	--Religionen=
list	not_parameter_values		328	--Religionen=
list	not_parameter_values		329	--religionen=
list	not_parameter_values		330	--religionen=
list	not_parameter_values		331	--religionen=
list	not_parameter_values		332	--religionen=
list	not_parameter_values		333	--religion=
list	not_parameter_values		334	--religion=
list	not_parameter_values		335	--religion=
list	not_parameter_values		336	--religion=
list	not_parameter_values		337	--Religionen=
list	not_parameter_values		338	--Religionen=
list	not_parameter_values		339	--Religionen=
list	not_parameter_values		340	--Religionen=
list	not_parameter_values		341	--Religionen=
list	not_parameter_values		342	--Religionen=
list	not_parameter_values		343	--religionen=
list	not_parameter_values		344	--religionen=
list	not_parameter_values		345	--religionen=
list	not_parameter_values		346	--religionen=
list	not_parameter_values		347	--religionen=
list	not_parameter_values		348	--religionen=
list	not_parameter_values		349	--religion=
list	not_parameter_values		350	--religion=
list	not_parameter_values		351	--religion=
list	not_parameter_values		352	--religion=
list	not_parameter_values		353	--religion=
list	not_parameter_values		354	--religion=
list	not_parameter_values		355	--Religionen=
list	not_parameter_values		356	--Religionen=
list	not_parameter_values		357	--Religionen=
list	not_parameter_values		358	--Religionen=
list	not_parameter_values		359	--Religionen=
list	not_parameter_values		360	--religionen=
list	not_parameter_values		361	--religionen=
list	not_parameter_values		362	--religionen=
list	not_parameter_values		363	--religionen=
list	not_parameter_values		364	--religionen=
list	not_parameter_values		365	--religion=
list	not_parameter_values		366	--religion=
list	not_parameter_values		367	--religion=
list	not_parameter_values		368	--religion=
list	not_parameter_values		369	--religion=
list	not_parameter_values		370	--Religionen=
list	not_parameter_values		371	--Religionen=
list	not_parameter_values		372	--Religionen=
list	not_parameter_values		373	--Religionen=
list	not_parameter_values		374	--Religionen=
list	not_parameter_values		375	--Religionen=
list	not_parameter_values		376	--Religionen=
list	not_parameter_values		377	--Religionen=
list	not_parameter_values		378	--Religionen=
list	not_parameter_values		379	--Religionen=
list	not_parameter_values		380	--Religionen=
list	not_parameter_values		381	--Religionen=
list	not_parameter_values		382	--religionen=
list	not_parameter_values		383	--religionen=
list	not_parameter_values		384	--religionen=
list	not_parameter_values		385	--religionen=
list	not_parameter_values		386	--religionen=
list	not_parameter_values		387	--religionen=
list	not_parameter_values		388	--religionen=
list	not_parameter_values		389	--religionen=
list	not_parameter_values		390	--religionen=
list	not_parameter_values		391	--religionen=
list	not_parameter_values		392	--religionen=
list	not_parameter_values		393	--religionen=
list	not_parameter_values		394	--religion=
list	not_parameter_values		395	--religion=
list	not_parameter_values		396	--religion=
list	not_parameter_values		397	--religion=
list	not_parameter_values		398	--religion=
list	not_parameter_values		399	--religion=
list	not_parameter_values		400	--religion=
list	not_parameter_values		401	--religion=
list	not_parameter_values		402	--religion=
list	not_parameter_values		403	--religion=
list	not_parameter_values		404	--religion=
list	not_parameter_values		405	--religion=
list	not_parameter_values		406	--Galaxie=
list	not_parameter_values		407	--galaxie=
list	not_parameter_values		408	--alteschriften=
list	not_parameter_values		409	--kreis=
list	not_parameter_values		410	--galaxien=
list	not_parameter_values		411	--kreise=
list	not_parameter_values		412	--Galaxie=
list	not_parameter_values		413	--Galaxie=
list	not_parameter_values		414	--Galaxie=
list	not_parameter_values		415	--Galaxie=
list	not_parameter_values		416	--Galaxie=
list	not_parameter_values		417	--Galaxie=
list	not_parameter_values		418	--galaxie=
list	not_parameter_values		419	--galaxie=
list	not_parameter_values		420	--galaxie=
list	not_parameter_values		421	--galaxie=
list	not_parameter_values		422	--galaxie=
list	not_parameter_values		423	--galaxie=
list	not_parameter_values		424	--alteschriften=
list	not_parameter_values		425	--alteschriften=
list	not_parameter_values		426	--alteschriften=
list	not_parameter_values		427	--alteschriften=
list	not_parameter_values		428	--alteschriften=
list	not_parameter_values		429	--alteschriften=
list	not_parameter_values		430	--kreis=
list	not_parameter_values		431	--kreis=
list	not_parameter_values		432	--kreis=
list	not_parameter_values		433	--kreis=
list	not_parameter_values		434	--kreis=
list	not_parameter_values		435	--kreis=
list	not_parameter_values		436	--galaxien=
list	not_parameter_values		437	--galaxien=
list	not_parameter_values		438	--galaxien=
list	not_parameter_values		439	--galaxien=
list	not_parameter_values		440	--galaxien=
list	not_parameter_values		441	--galaxien=
list	not_parameter_values		442	--kreise=
list	not_parameter_values		443	--kreise=
list	not_parameter_values		444	--kreise=
list	not_parameter_values		445	--kreise=
list	not_parameter_values		446	--kreise=
list	not_parameter_values		447	--kreise=
list	not_parameter_values		448	--Inkrementieren=
list	not_parameter_values		449	--Inkrementieren=
list	not_parameter_values		450	--Inkrementieren=
list	not_parameter_values		451	--Inkrementieren=
list	not_parameter_values		452	--inkrementieren=
list	not_parameter_values		453	--inkrementieren=
list	not_parameter_values		454	--inkrementieren=
list	not_parameter_values		455	--inkrementieren=
list	not_parameter_values		456	--Galaxie=
list	not_parameter_values		457	--Galaxie=
list	not_parameter_values		458	--Galaxie=
list	not_parameter_values		459	--galaxie=
list	not_parameter_values		460	--galaxie=
list	not_parameter_values		461	--galaxie=
list	not_parameter_values		462	--alteschriften=
list	not_parameter_values		463	--alteschriften=
list	not_parameter_values		464	--alteschriften=
list	not_parameter_values		465	--kreis=
list	not_parameter_values		466	--kreis=
list	not_parameter_values		467	--kreis=
list	not_parameter_values		468	--galaxien=
list	not_parameter_values		469	--galaxien=
list	not_parameter_values		470	--galaxien=
list	not_parameter_values		471	--kreise=
list	not_parameter_values		472	--kreise=
list	not_parameter_values		473	--kreise=
list	not_parameter_values		474	--Multiversum=
list	not_parameter_values		475	--Multiversum=
list	not_parameter_values		476	--Multiversum=
list	not_parameter_values		477	--multiversum=
list	not_parameter_values		478	--multiversum=
list	not_parameter_values		479	--multiversum=
list	not_parameter_values		480	--Multiversum=
list	not_parameter_values		481	--Multiversum=
list	not_parameter_values		482	--Multiversum=
list	not_parameter_values		483	--Multiversum=
list	not_parameter_values		484	--multiversum=
list	not_parameter_values		485	--multiversum=
list	not_parameter_values		486	--multiversum=
list	not_parameter_values		487	--multiversum=
list	not_parameter_values		488	--MetaMetaPhysik_und_MetaChemie=
list	not_parameter_values		489	--MetaMetaPhysik_und_MetaChemie=
list	not_parameter_values		490	--MetaMetaPhysik_und_MetaChemie=
list	not_parameter_values		491	--Multiversum=
list	not_parameter_values		492	--Multiversum=
list	not_parameter_values		493	--Multiversum=
list	not_parameter_values		494	--multiversum=
list	not_parameter_values		495	--multiversum=
list	not_parameter_values		496	--multiversum=
list	not_parameter_values		497	--Multiversum=
list	not_parameter_values		498	--multiversum=
list	not_parameter_values		499	--Grundstrukturen=
list	not_parameter_values		500	--grundstrukturen=
list	not_parameter_values		501	--Universum=
list	not_parameter_values		502	--Universum=
list	not_parameter_values		503	--universum=
list	not_parameter_values		504	--universum=
list	not_parameter_values		505	--transzendentalien=
list	not_parameter_values		506	--transzendentalien=
list	not_parameter_values		507	--strukturalien=
list	not_parameter_values		508	--strukturalien=
list	not_parameter_values		509	--kugel=
list	not_parameter_values		510	--kugel=
list	not_parameter_values		511	--kugeln=
list	not_parameter_values		512	--kugeln=
list	not_parameter_values		513	--ball=
list	not_parameter_values		514	--ball=
list	not_parameter_values		515	--baelle=
list	not_parameter_values		516	--baelle=
list	not_parameter_values		517	--bälle=
list	not_parameter_values		518	--bälle=
list	not_parameter_values		519	--Universum=
list	not_parameter_values		520	--universum=
list	not_parameter_values		521	--transzendentalien=
list	not_parameter_values		522	--strukturalien=
list	not_parameter_values		523	--kugel=
list	not_parameter_values		524	--kugeln=
list	not_parameter_values		525	--ball=
list	not_parameter_values		526	--baelle=
list	not_parameter_values		527	--bälle=
list	not_parameter_values		528	--Universum=
list	not_parameter_values		529	--universum=
list	not_parameter_values		530	--transzendentalien=
list	not_parameter_values		531	--strukturalien=
list	not_parameter_values		532	--kugel=
list	not_parameter_values		533	--kugeln=
list	not_parameter_values		534	--ball=
list	not_parameter_values		535	--baelle=
list	not_parameter_values		536	--bälle=
list	not_parameter_values		537	--Universum=
list	not_parameter_values		538	--Universum=
list	not_parameter_values		539	--Universum=
list	not_parameter_values		540	--universum=
list	not_parameter_values		541	--universum=
list	not_parameter_values		542	--universum=
list	not_parameter_values		543	--transzendentalien=
list	not_parameter_values		544	--transzendentalien=
list	not_parameter_values		545	--transzendentalien=
list	not_parameter_values		546	--strukturalien=
list	not_parameter_values		547	--strukturalien=
list	not_parameter_values		548	--strukturalien=
list	not_parameter_values		549	--kugel=
list	not_parameter_values		550	--kugel=
list	not_parameter_values		551	--kugel=
list	not_parameter_values		552	--kugeln=
list	not_parameter_values		553	--kugeln=
list	not_parameter_values		554	--kugeln=
list	not_parameter_values		555	--ball=
list	not_parameter_values		556	--ball=
list	not_parameter_values		557	--ball=
list	not_parameter_values		558	--baelle=
list	not_parameter_values		559	--baelle=
list	not_parameter_values		560	--baelle=
list	not_parameter_values		561	--bälle=
list	not_parameter_values		562	--bälle=
list	not_parameter_values		563	--bälle=
list	not_parameter_values		564	--Menschliches=
list	not_parameter_values		565	--menschliches=
list	not_parameter_values		566	--Menschliches=
list	not_parameter_values		567	--Menschliches=
list	not_parameter_values		568	--Menschliches=
list	not_parameter_values		569	--menschliches=
list	not_parameter_values		570	--menschliches=
list	not_parameter_values		571	--menschliches=
list	not_parameter_values		572	--Grundstrukturen=
list	not_parameter_values		573	--grundstrukturen=
list	not_parameter_values		574	--Menschliches=
list	not_parameter_values		575	--menschliches=
list	not_parameter_values		576	--Menschliches=
list	not_parameter_values		577	--Menschliches=
list	not_parameter_values		578	--menschliches=
list	not_parameter_values		579	--menschliches=
list	not_parameter_values		580	--Grundstrukturen=
list	not_parameter_values		581	--Grundstrukturen=
list	not_parameter_values		582	--grundstrukturen=
list	not_parameter_values		583	--grundstrukturen=
list	not_parameter_values		584	--Menschliches=
list	not_parameter_values		585	--menschliches=
list	not_parameter_values		586	--Grundstrukturen=
list	not_parameter_values		587	--grundstrukturen=
list	not_parameter_values		588	--Universum=
list	not_parameter_values		589	--universum=
list	not_parameter_values		590	--transzendentalien=
list	not_parameter_values		591	--strukturalien=
list	not_parameter_values		592	--kugel=
list	not_parameter_values		593	--kugeln=
list	not_parameter_values		594	--ball=
list	not_parameter_values		595	--baelle=
list	not_parameter_values		596	--bälle=
list	not_parameter_values		597	--Universum=
list	not_parameter_values		598	--Universum=
list	not_parameter_values		599	--Universum=
list	not_parameter_values		600	--universum=
list	not_parameter_values		601	--universum=
list	not_parameter_values		602	--universum=
list	not_parameter_values		603	--transzendentalien=
list	not_parameter_values		604	--transzendentalien=
list	not_parameter_values		605	--transzendentalien=
list	not_parameter_values		606	--strukturalien=
list	not_parameter_values		607	--strukturalien=
list	not_parameter_values		608	--strukturalien=
list	not_parameter_values		609	--kugel=
list	not_parameter_values		610	--kugel=
list	not_parameter_values		611	--kugel=
list	not_parameter_values		612	--kugeln=
list	not_parameter_values		613	--kugeln=
list	not_parameter_values		614	--kugeln=
list	not_parameter_values		615	--ball=
list	not_parameter_values		616	--ball=
list	not_parameter_values		617	--ball=
list	not_parameter_values		618	--baelle=
list	not_parameter_values		619	--baelle=
list	not_parameter_values		620	--baelle=
list	not_parameter_values		621	--bälle=
list	not_parameter_values		622	--bälle=
list	not_parameter_values		623	--bälle=
list	not_parameter_values		624	--Universum=
list	not_parameter_values		625	--Universum=
list	not_parameter_values		626	--Universum=
list	not_parameter_values		627	--universum=
list	not_parameter_values		628	--universum=
list	not_parameter_values		629	--universum=
list	not_parameter_values		630	--transzendentalien=
list	not_parameter_values		631	--transzendentalien=
list	not_parameter_values		632	--transzendentalien=
list	not_parameter_values		633	--strukturalien=
list	not_parameter_values		634	--strukturalien=
list	not_parameter_values		635	--strukturalien=
list	not_parameter_values		636	--kugel=
list	not_parameter_values		637	--kugel=
list	not_parameter_values		638	--kugel=
list	not_parameter_values		639	--kugeln=
list	not_parameter_values		640	--kugeln=
list	not_parameter_values		641	--kugeln=
list	not_parameter_values		642	--ball=
list	not_parameter_values		643	--ball=
list	not_parameter_values		644	--ball=
list	not_parameter_values		645	--baelle=
list	not_parameter_values		646	--baelle=
list	not_parameter_values		647	--baelle=
list	not_parameter_values		648	--bälle=
list	not_parameter_values		649	--bälle=
list	not_parameter_values		650	--bälle=
list	not_parameter_values		651	--Universum=
list	not_parameter_values		652	--Universum=
list	not_parameter_values		653	--Universum=
list	not_parameter_values		654	--universum=
list	not_parameter_values		655	--universum=
list	not_parameter_values		656	--universum=
list	not_parameter_values		657	--transzendentalien=
list	not_parameter_values		658	--transzendentalien=
list	not_parameter_values		659	--transzendentalien=
list	not_parameter_values		660	--strukturalien=
list	not_parameter_values		661	--strukturalien=
list	not_parameter_values		662	--strukturalien=
list	not_parameter_values		663	--kugel=
list	not_parameter_values		664	--kugel=
list	not_parameter_values		665	--kugel=
list	not_parameter_values		666	--kugeln=
list	not_parameter_values		667	--kugeln=
list	not_parameter_values		668	--kugeln=
list	not_parameter_values		669	--ball=
list	not_parameter_values		670	--ball=
list	not_parameter_values		671	--ball=
list	not_parameter_values		672	--baelle=
list	not_parameter_values		673	--baelle=
list	not_parameter_values		674	--baelle=
list	not_parameter_values		675	--bälle=
list	not_parameter_values		676	--bälle=
list	not_parameter_values		677	--bälle=
list	not_parameter_values		678	--Universum=
list	not_parameter_values		679	--Universum=
list	not_parameter_values		680	--universum=
list	not_parameter_values		681	--universum=
list	not_parameter_values		682	--transzendentalien=
list	not_parameter_values		683	--transzendentalien=
list	not_parameter_values		684	--strukturalien=
list	not_parameter_values		685	--strukturalien=
list	not_parameter_values		686	--kugel=
list	not_parameter_values		687	--kugel=
list	not_parameter_values		688	--kugeln=
list	not_parameter_values		689	--kugeln=
list	not_parameter_values		690	--ball=
list	not_parameter_values		691	--ball=
list	not_parameter_values		692	--baelle=
list	not_parameter_values		693	--baelle=
list	not_parameter_values		694	--bälle=
list	not_parameter_values		695	--bälle=
list	not_parameter_values		696	--Universum=
list	not_parameter_values		697	--Universum=
list	not_parameter_values		698	--Universum=
list	not_parameter_values		699	--universum=
list	not_parameter_values		700	--universum=
list	not_parameter_values		701	--universum=
list	not_parameter_values		702	--transzendentalien=
list	not_parameter_values		703	--transzendentalien=
list	not_parameter_values		704	--transzendentalien=
list	not_parameter_values		705	--strukturalien=
list	not_parameter_values		706	--strukturalien=
list	not_parameter_values		707	--strukturalien=
list	not_parameter_values		708	--kugel=
list	not_parameter_values		709	--kugel=
list	not_parameter_values		710	--kugel=
list	not_parameter_values		711	--kugeln=
list	not_parameter_values		712	--kugeln=
list	not_parameter_values		713	--kugeln=
list	not_parameter_values		714	--ball=
list	not_parameter_values		715	--ball=
list	not_parameter_values		716	--ball=
list	not_parameter_values		717	--baelle=
list	not_parameter_values		718	--baelle=
list	not_parameter_values		719	--baelle=
list	not_parameter_values		720	--bälle=
list	not_parameter_values		721	--bälle=
list	not_parameter_values		722	--bälle=
list	not_parameter_values		723	--Universum=
list	not_parameter_values		724	--Universum=
list	not_parameter_values		725	--universum=
list	not_parameter_values		726	--universum=
list	not_parameter_values		727	--transzendentalien=
list	not_parameter_values		728	--transzendentalien=
list	not_parameter_values		729	--strukturalien=
list	not_parameter_values		730	--strukturalien=
list	not_parameter_values		731	--kugel=
list	not_parameter_values		732	--kugel=
list	not_parameter_values		733	--kugeln=
list	not_parameter_values		734	--kugeln=
list	not_parameter_values		735	--ball=
list	not_parameter_values		736	--ball=
list	not_parameter_values		737	--baelle=
list	not_parameter_values		738	--baelle=
list	not_parameter_values		739	--bälle=
list	not_parameter_values		740	--bälle=
list	not_parameter_values		741	--Universum=
list	not_parameter_values		742	--Universum=
list	not_parameter_values		743	--Universum=
list	not_parameter_values		744	--universum=
list	not_parameter_values		745	--universum=
list	not_parameter_values		746	--universum=
list	not_parameter_values		747	--transzendentalien=
list	not_parameter_values		748	--transzendentalien=
list	not_parameter_values		749	--transzendentalien=
list	not_parameter_values		750	--strukturalien=
list	not_parameter_values		751	--strukturalien=
list	not_parameter_values		752	--strukturalien=
list	not_parameter_values		753	--kugel=
list	not_parameter_values		754	--kugel=
list	not_parameter_values		755	--kugel=
list	not_parameter_values		756	--kugeln=
list	not_parameter_values		757	--kugeln=
list	not_parameter_values		758	--kugeln=
list	not_parameter_values		759	--ball=
list	not_parameter_values		760	--ball=
list	not_parameter_values		761	--ball=
list	not_parameter_values		762	--baelle=
list	not_parameter_values		763	--baelle=
list	not_parameter_values		764	--baelle=
list	not_parameter_values		765	--bälle=
list	not_parameter_values		766	--bälle=
list	not_parameter_values		767	--bälle=
list	not_parameter_values		768	--Universum=
list	not_parameter_values		769	--universum=
list	not_parameter_values		770	--transzendentalien=
list	not_parameter_values		771	--strukturalien=
list	not_parameter_values		772	--kugel=
list	not_parameter_values		773	--kugeln=
list	not_parameter_values		774	--ball=
list	not_parameter_values		775	--baelle=
list	not_parameter_values		776	--bälle=
list	not_parameter_values		777	--Teilchen-Meta-Physik=
list	not_parameter_values		778	--teilchen=
list	not_parameter_values		779	--Teilchen-Meta-Physik=
list	not_parameter_values		780	--Teilchen-Meta-Physik=
list	not_parameter_values		781	--Teilchen-Meta-Physik=
list	not_parameter_values		782	--teilchen=
list	not_parameter_values		783	--teilchen=
list	not_parameter_values		784	--teilchen=
list	not_parameter_values		785	--Teilchen-Meta-Physik=
list	not_parameter_values		786	--teilchen=
list	not_parameter_values		787	--Teilchen-Meta-Physik=
list	not_parameter_values		788	--teilchen=
list	not_parameter_values		789	--Teilchen-Meta-Physik=
list	not_parameter_values		790	--teilchen=
list	not_parameter_values		791	--Teilchen-Meta-Physik=
list	not_parameter_values		792	--teilchen=
list	not_parameter_values		793	--Teilchen-Meta-Physik=
list	not_parameter_values		794	--teilchen=
list	not_parameter_values		795	--Teilchen-Meta-Physik=
list	not_parameter_values		796	--teilchen=
list	not_parameter_values		797	--Universum=
list	not_parameter_values		798	--Universum=
list	not_parameter_values		799	--universum=
list	not_parameter_values		800	--universum=
list	not_parameter_values		801	--transzendentalien=
list	not_parameter_values		802	--transzendentalien=
list	not_parameter_values		803	--strukturalien=
list	not_parameter_values		804	--strukturalien=
list	not_parameter_values		805	--kugel=
list	not_parameter_values		806	--kugel=
list	not_parameter_values		807	--kugeln=
list	not_parameter_values		808	--kugeln=
list	not_parameter_values		809	--ball=
list	not_parameter_values		810	--ball=
list	not_parameter_values		811	--baelle=
list	not_parameter_values		812	--baelle=
list	not_parameter_values		813	--bälle=
list	not_parameter_values		814	--bälle=
list	not_parameter_values		815	--Universum=
list	not_parameter_values		816	--Universum=
list	not_parameter_values		817	--Universum=
list	not_parameter_values		818	--Universum=
list	not_parameter_values		819	--universum=
list	not_parameter_values		820	--universum=
list	not_parameter_values		821	--universum=
list	not_parameter_values		822	--universum=
list	not_parameter_values		823	--transzendentalien=
list	not_parameter_values		824	--transzendentalien=
list	not_parameter_values		825	--transzendentalien=
list	not_parameter_values		826	--transzendentalien=
list	not_parameter_values		827	--strukturalien=
list	not_parameter_values		828	--strukturalien=
list	not_parameter_values		829	--strukturalien=
list	not_parameter_values		830	--strukturalien=
list	not_parameter_values		831	--kugel=
list	not_parameter_values		832	--kugel=
list	not_parameter_values		833	--kugel=
list	not_parameter_values		834	--kugel=
list	not_parameter_values		835	--kugeln=
list	not_parameter_values		836	--kugeln=
list	not_parameter_values		837	--kugeln=
list	not_parameter_values		838	--kugeln=
list	not_parameter_values		839	--ball=
list	not_parameter_values		840	--ball=
list	not_parameter_values		841	--ball=
list	not_parameter_values		842	--ball=
list	not_parameter_values		843	--baelle=
list	not_parameter_values		844	--baelle=
list	not_parameter_values		845	--baelle=
list	not_parameter_values		846	--baelle=
list	not_parameter_values		847	--bälle=
list	not_parameter_values		848	--bälle=
list	not_parameter_values		849	--bälle=
list	not_parameter_values		850	--bälle=
list	not_parameter_values		851	--Multiversum=
list	not_parameter_values		852	--multiversum=
list	not_parameter_values		853	--Multiversum=
list	not_parameter_values		854	--Multiversum=
list	not_parameter_values		855	--multiversum=
list	not_parameter_values		856	--multiversum=
list	not_parameter_values		857	--Multiversum=
list	not_parameter_values		858	--Multiversum=
list	not_parameter_values		859	--multiversum=
list	not_parameter_values		860	--multiversum=
list	not_parameter_values		861	--Galaxie=
list	not_parameter_values		862	--Galaxie=
list	not_parameter_values		863	--Galaxie=
list	not_parameter_values		864	--Galaxie=
list	not_parameter_values		865	--galaxie=
list	not_parameter_values		866	--galaxie=
list	not_parameter_values		867	--galaxie=
list	not_parameter_values		868	--galaxie=
list	not_parameter_values		869	--alteschriften=
list	not_parameter_values		870	--alteschriften=
list	not_parameter_values		871	--alteschriften=
list	not_parameter_values		872	--alteschriften=
list	not_parameter_values		873	--kreis=
list	not_parameter_values		874	--kreis=
list	not_parameter_values		875	--kreis=
list	not_parameter_values		876	--kreis=
list	not_parameter_values		877	--galaxien=
list	not_parameter_values		878	--galaxien=
list	not_parameter_values		879	--galaxien=
list	not_parameter_values		880	--galaxien=
list	not_parameter_values		881	--kreise=
list	not_parameter_values		882	--kreise=
list	not_parameter_values		883	--kreise=
list	not_parameter_values		884	--kreise=
list	not_parameter_values		885	--Galaxie=
list	not_parameter_values		886	--Galaxie=
list	not_parameter_values		887	--Galaxie=
list	not_parameter_values		888	--galaxie=
list	not_parameter_values		889	--galaxie=
list	not_parameter_values		890	--galaxie=
list	not_parameter_values		891	--alteschriften=
list	not_parameter_values		892	--alteschriften=
list	not_parameter_values		893	--alteschriften=
list	not_parameter_values		894	--kreis=
list	not_parameter_values		895	--kreis=
list	not_parameter_values		896	--kreis=
list	not_parameter_values		897	--galaxien=
list	not_parameter_values		898	--galaxien=
list	not_parameter_values		899	--galaxien=
list	not_parameter_values		900	--kreise=
list	not_parameter_values		901	--kreise=
list	not_parameter_values		902	--kreise=
list	not_parameter_values		903	--Galaxie=
list	not_parameter_values		904	--Galaxie=
list	not_parameter_values		905	--Galaxie=
list	not_parameter_values		906	--galaxie=
list	not_parameter_values		907	--galaxie=
list	not_parameter_values		908	--galaxie=
list	not_parameter_values		909	--alteschriften=
list	not_parameter_values		910	--alteschriften=
list	not_parameter_values		911	--alteschriften=
list	not_parameter_values		912	--kreis=
list	not_parameter_values		913	--kreis=
list	not_parameter_values		914	--kreis=
list	not_parameter_values		915	--galaxien=
list	not_parameter_values		916	--galaxien=
list	not_parameter_values		917	--galaxien=
list	not_parameter_values		918	--kreise=
list	not_parameter_values		919	--kreise=
list	not_parameter_values		920	--kreise=
list	not_parameter_values		921	--Galaxie=
list	not_parameter_values		922	--Galaxie=
list	not_parameter_values		923	--Galaxie=
list	not_parameter_values		924	--galaxie=
list	not_parameter_values		925	--galaxie=
list	not_parameter_values		926	--galaxie=
list	not_parameter_values		927	--alteschriften=
list	not_parameter_values		928	--alteschriften=
list	not_parameter_values		929	--alteschriften=
list	not_parameter_values		930	--kreis=
list	not_parameter_values		931	--kreis=
list	not_parameter_values		932	--kreis=
list	not_parameter_values		933	--galaxien=
list	not_parameter_values		934	--galaxien=
list	not_parameter_values		935	--galaxien=
list	not_parameter_values		936	--kreise=
list	not_parameter_values		937	--kreise=
list	not_parameter_values		938	--kreise=
list	not_parameter_values		939	--Grundstrukturen=
list	not_parameter_values		940	--Grundstrukturen=
list	not_parameter_values		941	--grundstrukturen=
list	not_parameter_values		942	--grundstrukturen=
list	not_parameter_values		943	--Grundstrukturen=
list	not_parameter_values		944	--Grundstrukturen=
list	not_parameter_values		945	--grundstrukturen=
list	not_parameter_values		946	--grundstrukturen=
list	not_parameter_values		947	--Grundstrukturen=
list	not_parameter_values		948	--Grundstrukturen=
list	not_parameter_values		949	--grundstrukturen=
list	not_parameter_values		950	--grundstrukturen=
list	not_parameter_values		951	--Grundstrukturen=
list	not_parameter_values		952	--Grundstrukturen=
list	not_parameter_values		953	--Grundstrukturen=
list	not_parameter_values		954	--grundstrukturen=
list	not_parameter_values		955	--grundstrukturen=
list	not_parameter_values		956	--grundstrukturen=
list	not_parameter_values		957	--Galaxie=
list	not_parameter_values		958	--Galaxie=
list	not_parameter_values		959	--Galaxie=
list	not_parameter_values		960	--galaxie=
list	not_parameter_values		961	--galaxie=
list	not_parameter_values		962	--galaxie=
list	not_parameter_values		963	--alteschriften=
list	not_parameter_values		964	--alteschriften=
list	not_parameter_values		965	--alteschriften=
list	not_parameter_values		966	--kreis=
list	not_parameter_values		967	--kreis=
list	not_parameter_values		968	--kreis=
list	not_parameter_values		969	--galaxien=
list	not_parameter_values		970	--galaxien=
list	not_parameter_values		971	--galaxien=
list	not_parameter_values		972	--kreise=
list	not_parameter_values		973	--kreise=
list	not_parameter_values		974	--kreise=
list	not_parameter_values		975	--Galaxie=
list	not_parameter_values		976	--Galaxie=
list	not_parameter_values		977	--Galaxie=
list	not_parameter_values		978	--Galaxie=
list	not_parameter_values		979	--Galaxie=
list	not_parameter_values		980	--Galaxie=
list	not_parameter_values		981	--Galaxie=
list	not_parameter_values		982	--galaxie=
list	not_parameter_values		983	--galaxie=
list	not_parameter_values		984	--galaxie=
list	not_parameter_values		985	--galaxie=
list	not_parameter_values		986	--galaxie=
list	not_parameter_values		987	--galaxie=
list	not_parameter_values		988	--galaxie=
list	not_parameter_values		989	--alteschriften=
list	not_parameter_values		990	--alteschriften=
list	not_parameter_values		991	--alteschriften=
list	not_parameter_values		992	--alteschriften=
list	not_parameter_values		993	--alteschriften=
list	not_parameter_values		994	--alteschriften=
list	not_parameter_values		995	--alteschriften=
list	not_parameter_values		996	--kreis=
list	not_parameter_values		997	--kreis=
list	not_parameter_values		998	--kreis=
list	not_parameter_values		999	--kreis=
list	not_parameter_values		1000	--kreis=
list	not_parameter_values		1001	--kreis=
list	not_parameter_values		1002	--kreis=
list	not_parameter_values		1003	--galaxien=
list	not_parameter_values		1004	--galaxien=
list	not_parameter_values		1005	--galaxien=
list	not_parameter_values		1006	--galaxien=
list	not_parameter_values		1007	--galaxien=
list	not_parameter_values		1008	--galaxien=
list	not_parameter_values		1009	--galaxien=
list	not_parameter_values		1010	--kreise=
list	not_parameter_values		1011	--kreise=
list	not_parameter_values		1012	--kreise=
list	not_parameter_values		1013	--kreise=
list	not_parameter_values		1014	--kreise=
list	not_parameter_values		1015	--kreise=
list	not_parameter_values		1016	--kreise=
list	not_parameter_values		1017	--Galaxie=
list	not_parameter_values		1018	--Galaxie=
list	not_parameter_values		1019	--galaxie=
list	not_parameter_values		1020	--galaxie=
list	not_parameter_values		1021	--alteschriften=
list	not_parameter_values		1022	--alteschriften=
list	not_parameter_values		1023	--kreis=
list	not_parameter_values		1024	--kreis=
list	not_parameter_values		1025	--galaxien=
list	not_parameter_values		1026	--galaxien=
list	not_parameter_values		1027	--kreise=
list	not_parameter_values		1028	--kreise=
list	not_parameter_values		1029	--Operationen=
list	not_parameter_values		1030	--Operationen=
list	not_parameter_values		1031	--Operationen=
list	not_parameter_values		1032	--Operationen=
list	not_parameter_values		1033	--Operationen=
list	not_parameter_values		1034	--Operationen=
list	not_parameter_values		1035	--Operationen=
list	not_parameter_values		1036	--operationen=
list	not_parameter_values		1037	--operationen=
list	not_parameter_values		1038	--operationen=
list	not_parameter_values		1039	--operationen=
list	not_parameter_values		1040	--operationen=
list	not_parameter_values		1041	--operationen=
list	not_parameter_values		1042	--operationen=
list	not_parameter_values		1043	--Operationen=
list	not_parameter_values		1044	--Operationen=
list	not_parameter_values		1045	--Operationen=
list	not_parameter_values		1046	--Operationen=
list	not_parameter_values		1047	--operationen=
list	not_parameter_values		1048	--operationen=
list	not_parameter_values		1049	--operationen=
list	not_parameter_values		1050	--operationen=
list	not_parameter_values		1051	--Operationen=
list	not_parameter_values		1052	--Operationen=
list	not_parameter_values		1053	--Operationen=
list	not_parameter_values		1054	--Operationen=
list	not_parameter_values		1055	--operationen=
list	not_parameter_values		1056	--operationen=
list	not_parameter_values		1057	--operationen=
list	not_parameter_values		1058	--operationen=
list	not_parameter_values		1059	--Größenordnung=
list	not_parameter_values		1060	--Größenordnung=
list	not_parameter_values		1061	--groessenordnung=
list	not_parameter_values		1062	--groessenordnung=
list	not_parameter_values		1063	--strukturgroesse=
list	not_parameter_values		1064	--strukturgroesse=
list	not_parameter_values		1065	--strukturgroeße=
list	not_parameter_values		1066	--strukturgroeße=
list	not_parameter_values		1067	--strukturgrösse=
list	not_parameter_values		1068	--strukturgrösse=
list	not_parameter_values		1069	--strukturgröße=
list	not_parameter_values		1070	--strukturgröße=
list	not_parameter_values		1071	--groesse=
list	not_parameter_values		1072	--groesse=
list	not_parameter_values		1073	--stufe=
list	not_parameter_values		1074	--stufe=
list	not_parameter_values		1075	--organisationen=
list	not_parameter_values		1076	--organisationen=
list	not_parameter_values		1077	--Grundstrukturen=
list	not_parameter_values		1078	--Grundstrukturen=
list	not_parameter_values		1079	--Grundstrukturen=
list	not_parameter_values		1080	--Grundstrukturen=
list	not_parameter_values		1081	--Grundstrukturen=
list	not_parameter_values		1082	--Grundstrukturen=
list	not_parameter_values		1083	--Grundstrukturen=
list	not_parameter_values		1084	--Grundstrukturen=
list	not_parameter_values		1085	--Grundstrukturen=
list	not_parameter_values		1086	--grundstrukturen=
list	not_parameter_values		1087	--grundstrukturen=
list	not_parameter_values		1088	--grundstrukturen=
list	not_parameter_values		1089	--grundstrukturen=
list	not_parameter_values		1090	--grundstrukturen=
list	not_parameter_values		1091	--grundstrukturen=
list	not_parameter_values		1092	--grundstrukturen=
list	not_parameter_values		1093	--grundstrukturen=
list	not_parameter_values		1094	--grundstrukturen=
list	not_parameter_values		1095	--Größenordnung=
list	not_parameter_values		1096	--Größenordnung=
list	not_parameter_values		1097	--Größenordnung=
list	not_parameter_values		1098	--Größenordnung=
list	not_parameter_values		1099	--Größenordnung=
list	not_parameter_values		1100	--Größenordnung=
list	not_parameter_values		1101	--Größenordnung=
list	not_parameter_values		1102	--Größenordnung=
list	not_parameter_values		1103	--Größenordnung=
list	not_parameter_values		1104	--groessenordnung=
list	not_parameter_values		1105	--groessenordnung=
list	not_parameter_values		1106	--groessenordnung=
list	not_parameter_values		1107	--groessenordnung=
list	not_parameter_values		1108	--groessenordnung=
list	not_parameter_values		1109	--groessenordnung=
list	not_parameter_values		1110	--groessenordnung=
list	not_parameter_values		1111	--groessenordnung=
list	not_parameter_values		1112	--groessenordnung=
list	not_parameter_values		1113	--strukturgroesse=
list	not_parameter_values		1114	--strukturgroesse=
list	not_parameter_values		1115	--strukturgroesse=
list	not_parameter_values		1116	--strukturgroesse=
list	not_parameter_values		1117	--strukturgroesse=
list	not_parameter_values		1118	--strukturgroesse=
list	not_parameter_values		1119	--strukturgroesse=
list	not_parameter_values		1120	--strukturgroesse=
list	not_parameter_values		1121	--strukturgroesse=
list	not_parameter_values		1122	--strukturgroeße=
list	not_parameter_values		1123	--strukturgroeße=
list	not_parameter_values		1124	--strukturgroeße=
list	not_parameter_values		1125	--strukturgroeße=
list	not_parameter_values		1126	--strukturgroeße=
list	not_parameter_values		1127	--strukturgroeße=
list	not_parameter_values		1128	--strukturgroeße=
list	not_parameter_values		1129	--strukturgroeße=
list	not_parameter_values		1130	--strukturgroeße=
list	not_parameter_values		1131	--strukturgrösse=
list	not_parameter_values		1132	--strukturgrösse=
list	not_parameter_values		1133	--strukturgrösse=
list	not_parameter_values		1134	--strukturgrösse=
list	not_parameter_values		1135	--strukturgrösse=
list	not_parameter_values		1136	--strukturgrösse=
list	not_parameter_values		1137	--strukturgrösse=
list	not_parameter_values		1138	--strukturgrösse=
list	not_parameter_values		1139	--strukturgrösse=
list	not_parameter_values		1140	--strukturgröße=
list	not_parameter_values		1141	--strukturgröße=
list	not_parameter_values		1142	--strukturgröße=
list	not_parameter_values		1143	--strukturgröße=
list	not_parameter_values		1144	--strukturgröße=
list	not_parameter_values		1145	--strukturgröße=
list	not_parameter_values		1146	--strukturgröße=
list	not_parameter_values		1147	--strukturgröße=
list	not_parameter_values		1148	--strukturgröße=
list	not_parameter_values		1149	--groesse=
list	not_parameter_values		1150	--groesse=
list	not_parameter_values		1151	--groesse=
list	not_parameter_values		1152	--groesse=
list	not_parameter_values		1153	--groesse=
list	not_parameter_values		1154	--groesse=
list	not_parameter_values		1155	--groesse=
list	not_parameter_values		1156	--groesse=
list	not_parameter_values		1157	--groesse=
list	not_parameter_values		1158	--stufe=
list	not_parameter_values		1159	--stufe=
list	not_parameter_values		1160	--stufe=
list	not_parameter_values		1161	--stufe=
list	not_parameter_values		1162	--stufe=
list	not_parameter_values		1163	--stufe=
list	not_parameter_values		1164	--stufe=
list	not_parameter_values		1165	--stufe=
list	not_parameter_values		1166	--stufe=
list	not_parameter_values		1167	--organisationen=
list	not_parameter_values		1168	--organisationen=
list	not_parameter_values		1169	--organisationen=
list	not_parameter_values		1170	--organisationen=
list	not_parameter_values		1171	--organisationen=
list	not_parameter_values		1172	--organisationen=
list	not_parameter_values		1173	--organisationen=
list	not_parameter_values		1174	--organisationen=
list	not_parameter_values		1175	--organisationen=
list	not_parameter_values		1176	--Größenordnung=
list	not_parameter_values		1177	--Größenordnung=
list	not_parameter_values		1178	--Größenordnung=
list	not_parameter_values		1179	--groessenordnung=
list	not_parameter_values		1180	--groessenordnung=
list	not_parameter_values		1181	--groessenordnung=
list	not_parameter_values		1182	--strukturgroesse=
list	not_parameter_values		1183	--strukturgroesse=
list	not_parameter_values		1184	--strukturgroesse=
list	not_parameter_values		1185	--strukturgroeße=
list	not_parameter_values		1186	--strukturgroeße=
list	not_parameter_values		1187	--strukturgroeße=
list	not_parameter_values		1188	--strukturgrösse=
list	not_parameter_values		1189	--strukturgrösse=
list	not_parameter_values		1190	--strukturgrösse=
list	not_parameter_values		1191	--strukturgröße=
list	not_parameter_values		1192	--strukturgröße=
list	not_parameter_values		1193	--strukturgröße=
list	not_parameter_values		1194	--groesse=
list	not_parameter_values		1195	--groesse=
list	not_parameter_values		1196	--groesse=
list	not_parameter_values		1197	--stufe=
list	not_parameter_values		1198	--stufe=
list	not_parameter_values		1199	--stufe=
list	not_parameter_values		1200	--organisationen=
list	not_parameter_values		1201	--organisationen=
list	not_parameter_values		1202	--organisationen=
list	not_parameter_values		1203	--Größenordnung=
list	not_parameter_values		1204	--Größenordnung=
list	not_parameter_values		1205	--Größenordnung=
list	not_parameter_values		1206	--groessenordnung=
list	not_parameter_values		1207	--groessenordnung=
list	not_parameter_values		1208	--groessenordnung=
list	not_parameter_values		1209	--strukturgroesse=
list	not_parameter_values		1210	--strukturgroesse=
list	not_parameter_values		1211	--strukturgroesse=
list	not_parameter_values		1212	--strukturgroeße=
list	not_parameter_values		1213	--strukturgroeße=
list	not_parameter_values		1214	--strukturgroeße=
list	not_parameter_values		1215	--strukturgrösse=
list	not_parameter_values		1216	--strukturgrösse=
list	not_parameter_values		1217	--strukturgrösse=
list	not_parameter_values		1218	--strukturgröße=
list	not_parameter_values		1219	--strukturgröße=
list	not_parameter_values		1220	--strukturgröße=
list	not_parameter_values		1221	--groesse=
list	not_parameter_values		1222	--groesse=
list	not_parameter_values		1223	--groesse=
list	not_parameter_values		1224	--stufe=
list	not_parameter_values		1225	--stufe=
list	not_parameter_values		1226	--stufe=
list	not_parameter_values		1227	--organisationen=
list	not_parameter_values		1228	--organisationen=
list	not_parameter_values		1229	--organisationen=
list	not_parameter_values		1230	--Meta_vs_Konkret_(Universum)=
list	not_parameter_values		1231	--universummetakonkret=
list	not_parameter_values		1232	--Meta_vs_Konkret_(Universum)=
list	not_parameter_values		1233	--universummetakonkret=
list	not_parameter_values		1234	--Meta_vs_Konkret_(Universum)=
list	not_parameter_values		1235	--Meta_vs_Konkret_(Universum)=
list	not_parameter_values		1236	--universummetakonkret=
list	not_parameter_values		1237	--universummetakonkret=
list	not_parameter_values		1238	--Meta_vs_Konkret_(Universum)=
list	not_parameter_values		1239	--Meta_vs_Konkret_(Universum)=
list	not_parameter_values		1240	--universummetakonkret=
list	not_parameter_values		1241	--universummetakonkret=
list	not_parameter_values		1242	--Meta_vs_Konkret_(Universum)=
list	not_parameter_values		1243	--Meta_vs_Konkret_(Universum)=
list	not_parameter_values		1244	--Meta_vs_Konkret_(Universum)=
list	not_parameter_values		1245	--universummetakonkret=
list	not_parameter_values		1246	--universummetakonkret=
list	not_parameter_values		1247	--universummetakonkret=
list	not_parameter_values		1248	--Meta_vs_Konkret_(Universum)=
list	not_parameter_values		1249	--Meta_vs_Konkret_(Universum)=
list	not_parameter_values		1250	--Meta_vs_Konkret_(Universum)=
list	not_parameter_values		1251	--universummetakonkret=
list	not_parameter_values		1252	--universummetakonkret=
list	not_parameter_values		1253	--universummetakonkret=
list	not_parameter_values		1254	--Meta_vs_Konkret_(Universum)=
list	not_parameter_values		1255	--Meta_vs_Konkret_(Universum)=
list	not_parameter_values		1256	--Meta_vs_Konkret_(Universum)=
list	not_parameter_values		1257	--universummetakonkret=
list	not_parameter_values		1258	--universummetakonkret=
list	not_parameter_values		1259	--universummetakonkret=
list	not_parameter_values		1260	--Meta_vs_Konkret_(Universum)=
list	not_parameter_values		1261	--Meta_vs_Konkret_(Universum)=
list	not_parameter_values		1262	--Meta_vs_Konkret_(Universum)=
list	not_parameter_values		1263	--universummetakonkret=
list	not_parameter_values		1264	--universummetakonkret=
list	not_parameter_values		1265	--universummetakonkret=
list	not_parameter_values		1266	--Primzahlwirkung=
list	not_parameter_values		1267	--Primzahlwirkung=
list	not_parameter_values		1268	--Primzahlwirkung=
list	not_parameter_values		1269	--Primzahlwirkung=
list	not_parameter_values		1270	--Primzahlwirkung=
list	not_parameter_values		1271	--Primzahlwirkung=
list	not_parameter_values		1272	--primzahlwirkung=
list	not_parameter_values		1273	--primzahlwirkung=
list	not_parameter_values		1274	--primzahlwirkung=
list	not_parameter_values		1275	--primzahlwirkung=
list	not_parameter_values		1276	--primzahlwirkung=
list	not_parameter_values		1277	--primzahlwirkung=
list	not_parameter_values		1278	--Primzahlwirkung=
list	not_parameter_values		1279	--Primzahlwirkung=
list	not_parameter_values		1280	--primzahlwirkung=
list	not_parameter_values		1281	--primzahlwirkung=
list	not_parameter_values		1282	--Primzahlwirkung=
list	not_parameter_values		1283	--Primzahlwirkung=
list	not_parameter_values		1284	--Primzahlwirkung=
list	not_parameter_values		1285	--Primzahlwirkung=
list	not_parameter_values		1286	--Primzahlwirkung=
list	not_parameter_values		1287	--Primzahlwirkung=
list	not_parameter_values		1288	--Primzahlwirkung=
list	not_parameter_values		1289	--primzahlwirkung=
list	not_parameter_values		1290	--primzahlwirkung=
list	not_parameter_values		1291	--primzahlwirkung=
list	not_parameter_values		1292	--primzahlwirkung=
list	not_parameter_values		1293	--primzahlwirkung=
list	not_parameter_values		1294	--primzahlwirkung=
list	not_parameter_values		1295	--primzahlwirkung=
list	not_parameter_values		1296	--Primzahlwirkung=
list	not_parameter_values		1297	--Primzahlwirkung=
list	not_parameter_values		1298	--Primzahlwirkung=
list	not_parameter_values		1299	--Primzahlwirkung=
list	not_parameter_values		1300	--Primzahlwirkung=
list	not_parameter_values		1301	--Primzahlwirkung=
list	not_parameter_values		1302	--Primzahlwirkung=
list	not_parameter_values		1303	--primzahlwirkung=
list	not_parameter_values		1304	--primzahlwirkung=
list	not_parameter_values		1305	--primzahlwirkung=
list	not_parameter_values		1306	--primzahlwirkung=
list	not_parameter_values		1307	--primzahlwirkung=
list	not_parameter_values		1308	--primzahlwirkung=
list	not_parameter_values		1309	--primzahlwirkung=
list	not_parameter_values		1310	--Primzahlwirkung=
list	not_parameter_values		1311	--Primzahlwirkung=
list	not_parameter_values		1312	--Primzahlwirkung=
list	not_parameter_values		1313	--Primzahlwirkung=
list	not_parameter_values		1314	--Primzahlwirkung=
list	not_parameter_values		1315	--Primzahlwirkung=
list	not_parameter_values		1316	--primzahlwirkung=
list	not_parameter_values		1317	--primzahlwirkung=
list	not_parameter_values		1318	--primzahlwirkung=
list	not_parameter_values		1319	--primzahlwirkung=
list	not_parameter_values		1320	--primzahlwirkung=
list	not_parameter_values		1321	--primzahlwirkung=
list	not_parameter_values		1322	--Primzahlwirkung=
list	not_parameter_values		1323	--Primzahlwirkung=
list	not_parameter_values		1324	--Primzahlwirkung=
list	not_parameter_values		1325	--Primzahlwirkung=
list	not_parameter_values		1326	--Primzahlwirkung=
list	not_parameter_values		1327	--primzahlwirkung=
list	not_parameter_values		1328	--primzahlwirkung=
list	not_parameter_values		1329	--primzahlwirkung=
list	not_parameter_values		1330	--primzahlwirkung=
list	not_parameter_values		1331	--primzahlwirkung=
list	not_parameter_values		1332	--Primzahlwirkung=
list	not_parameter_values		1333	--Primzahlwirkung=
list	not_parameter_values		1334	--Primzahlwirkung=
list	not_parameter_values		1335	--Primzahlwirkung=
list	not_parameter_values		1336	--Primzahlwirkung=
list	not_parameter_values		1337	--primzahlwirkung=
list	not_parameter_values		1338	--primzahlwirkung=
list	not_parameter_values		1339	--primzahlwirkung=
list	not_parameter_values		1340	--primzahlwirkung=
list	not_parameter_values		1341	--primzahlwirkung=
list	not_parameter_values		1342	--Meta_vs_Konkret_(Universum)=
list	not_parameter_values		1343	--Meta_vs_Konkret_(Universum)=
list	not_parameter_values		1344	--Meta_vs_Konkret_(Universum)=
list	not_parameter_values		1345	--Meta_vs_Konkret_(Universum)=
list	not_parameter_values		1346	--Meta_vs_Konkret_(Universum)=
list	not_parameter_values		1347	--universummetakonkret=
list	not_parameter_values		1348	--universummetakonkret=
list	not_parameter_values		1349	--universummetakonkret=
list	not_parameter_values		1350	--universummetakonkret=
list	not_parameter_values		1351	--universummetakonkret=
list	not_parameter_values		1352	--Meta_vs_Konkret_(Universum)=
list	not_parameter_values		1353	--Meta_vs_Konkret_(Universum)=
list	not_parameter_values		1354	--universummetakonkret=
list	not_parameter_values		1355	--universummetakonkret=
list	not_parameter_values		1356	--Meta_vs_Konkret_(Universum)=
list	not_parameter_values		1357	--Meta_vs_Konkret_(Universum)=
list	not_parameter_values		1358	--Meta_vs_Konkret_(Universum)=
list	not_parameter_values		1359	--universummetakonkret=
list	not_parameter_values		1360	--universummetakonkret=
list	not_parameter_values		1361	--universummetakonkret=
list	not_parameter_values		1362	--Meta_vs_Konkret_(Universum)=
list	not_parameter_values		1363	--Meta_vs_Konkret_(Universum)=
list	not_parameter_values		1364	--Meta_vs_Konkret_(Universum)=
list	not_parameter_values		1365	--universummetakonkret=
list	not_parameter_values		1366	--universummetakonkret=
list	not_parameter_values		1367	--universummetakonkret=
list	not_parameter_values		1368	--Universum=
list	not_parameter_values		1369	--Universum=
list	not_parameter_values		1370	--Universum=
list	not_parameter_values		1371	--universum=
list	not_parameter_values		1372	--universum=
list	not_parameter_values		1373	--universum=
list	not_parameter_values		1374	--transzendentalien=
list	not_parameter_values		1375	--transzendentalien=
list	not_parameter_values		1376	--transzendentalien=
list	not_parameter_values		1377	--strukturalien=
list	not_parameter_values		1378	--strukturalien=
list	not_parameter_values		1379	--strukturalien=
list	not_parameter_values		1380	--kugel=
list	not_parameter_values		1381	--kugel=
list	not_parameter_values		1382	--kugel=
list	not_parameter_values		1383	--kugeln=
list	not_parameter_values		1384	--kugeln=
list	not_parameter_values		1385	--kugeln=
list	not_parameter_values		1386	--ball=
list	not_parameter_values		1387	--ball=
list	not_parameter_values		1388	--ball=
list	not_parameter_values		1389	--baelle=
list	not_parameter_values		1390	--baelle=
list	not_parameter_values		1391	--baelle=
list	not_parameter_values		1392	--bälle=
list	not_parameter_values		1393	--bälle=
list	not_parameter_values		1394	--bälle=
list	not_parameter_values		1395	--Universum=
list	not_parameter_values		1396	--Universum=
list	not_parameter_values		1397	--Universum=
list	not_parameter_values		1398	--Universum=
list	not_parameter_values		1399	--Universum=
list	not_parameter_values		1400	--Universum=
list	not_parameter_values		1401	--universum=
list	not_parameter_values		1402	--universum=
list	not_parameter_values		1403	--universum=
list	not_parameter_values		1404	--universum=
list	not_parameter_values		1405	--universum=
list	not_parameter_values		1406	--universum=
list	not_parameter_values		1407	--transzendentalien=
list	not_parameter_values		1408	--transzendentalien=
list	not_parameter_values		1409	--transzendentalien=
list	not_parameter_values		1410	--transzendentalien=
list	not_parameter_values		1411	--transzendentalien=
list	not_parameter_values		1412	--transzendentalien=
list	not_parameter_values		1413	--strukturalien=
list	not_parameter_values		1414	--strukturalien=
list	not_parameter_values		1415	--strukturalien=
list	not_parameter_values		1416	--strukturalien=
list	not_parameter_values		1417	--strukturalien=
list	not_parameter_values		1418	--strukturalien=
list	not_parameter_values		1419	--kugel=
list	not_parameter_values		1420	--kugel=
list	not_parameter_values		1421	--kugel=
list	not_parameter_values		1422	--kugel=
list	not_parameter_values		1423	--kugel=
list	not_parameter_values		1424	--kugel=
list	not_parameter_values		1425	--kugeln=
list	not_parameter_values		1426	--kugeln=
list	not_parameter_values		1427	--kugeln=
list	not_parameter_values		1428	--kugeln=
list	not_parameter_values		1429	--kugeln=
list	not_parameter_values		1430	--kugeln=
list	not_parameter_values		1431	--ball=
list	not_parameter_values		1432	--ball=
list	not_parameter_values		1433	--ball=
list	not_parameter_values		1434	--ball=
list	not_parameter_values		1435	--ball=
list	not_parameter_values		1436	--ball=
list	not_parameter_values		1437	--baelle=
list	not_parameter_values		1438	--baelle=
list	not_parameter_values		1439	--baelle=
list	not_parameter_values		1440	--baelle=
list	not_parameter_values		1441	--baelle=
list	not_parameter_values		1442	--baelle=
list	not_parameter_values		1443	--bälle=
list	not_parameter_values		1444	--bälle=
list	not_parameter_values		1445	--bälle=
list	not_parameter_values		1446	--bälle=
list	not_parameter_values		1447	--bälle=
list	not_parameter_values		1448	--bälle=
list	not_parameter_values		1449	--Universum=
list	not_parameter_values		1450	--Universum=
list	not_parameter_values		1451	--universum=
list	not_parameter_values		1452	--universum=
list	not_parameter_values		1453	--transzendentalien=
list	not_parameter_values		1454	--transzendentalien=
list	not_parameter_values		1455	--strukturalien=
list	not_parameter_values		1456	--strukturalien=
list	not_parameter_values		1457	--kugel=
list	not_parameter_values		1458	--kugel=
list	not_parameter_values		1459	--kugeln=
list	not_parameter_values		1460	--kugeln=
list	not_parameter_values		1461	--ball=
list	not_parameter_values		1462	--ball=
list	not_parameter_values		1463	--baelle=
list	not_parameter_values		1464	--baelle=
list	not_parameter_values		1465	--bälle=
list	not_parameter_values		1466	--bälle=
list	not_parameter_values		1467	--Universum=
list	not_parameter_values		1468	--Universum=
list	not_parameter_values		1469	--Universum=
list	not_parameter_values		1470	--Universum=
list	not_parameter_values		1471	--Universum=
list	not_parameter_values		1472	--Universum=
list	not_parameter_values		1473	--universum=
list	not_parameter_values		1474	--universum=
list	not_parameter_values		1475	--universum=
list	not_parameter_values		1476	--universum=
list	not_parameter_values		1477	--universum=
list	not_parameter_values		1478	--universum=
list	not_parameter_values		1479	--transzendentalien=
list	not_parameter_values		1480	--transzendentalien=
list	not_parameter_values		1481	--transzendentalien=
list	not_parameter_values		1482	--transzendentalien=
list	not_parameter_values		1483	--transzendentalien=
list	not_parameter_values		1484	--transzendentalien=
list	not_parameter_values		1485	--strukturalien=
list	not_parameter_values		1486	--strukturalien=
list	not_parameter_values		1487	--strukturalien=
list	not_parameter_values		1488	--strukturalien=
list	not_parameter_values		1489	--strukturalien=
list	not_parameter_values		1490	--strukturalien=
list	not_parameter_values		1491	--kugel=
list	not_parameter_values		1492	--kugel=
list	not_parameter_values		1493	--kugel=
list	not_parameter_values		1494	--kugel=
list	not_parameter_values		1495	--kugel=
list	not_parameter_values		1496	--kugel=
list	not_parameter_values		1497	--kugeln=
list	not_parameter_values		1498	--kugeln=
list	not_parameter_values		1499	--kugeln=
list	not_parameter_values		1500	--kugeln=
list	not_parameter_values		1501	--kugeln=
list	not_parameter_values		1502	--kugeln=
list	not_parameter_values		1503	--ball=
list	not_parameter_values		1504	--ball=
list	not_parameter_values		1505	--ball=
list	not_parameter_values		1506	--ball=
list	not_parameter_values		1507	--ball=
list	not_parameter_values		1508	--ball=
list	not_parameter_values		1509	--baelle=
list	not_parameter_values		1510	--baelle=
list	not_parameter_values		1511	--baelle=
list	not_parameter_values		1512	--baelle=
list	not_parameter_values		1513	--baelle=
list	not_parameter_values		1514	--baelle=
list	not_parameter_values		1515	--bälle=
list	not_parameter_values		1516	--bälle=
list	not_parameter_values		1517	--bälle=
list	not_parameter_values		1518	--bälle=
list	not_parameter_values		1519	--bälle=
list	not_parameter_values		1520	--bälle=
list	not_parameter_values		1521	--Universum=
list	not_parameter_values		1522	--Universum=
list	not_parameter_values		1523	--Universum=
list	not_parameter_values		1524	--Universum=
list	not_parameter_values		1525	--Universum=
list	not_parameter_values		1526	--Universum=
list	not_parameter_values		1527	--universum=
list	not_parameter_values		1528	--universum=
list	not_parameter_values		1529	--universum=
list	not_parameter_values		1530	--universum=
list	not_parameter_values		1531	--universum=
list	not_parameter_values		1532	--universum=
list	not_parameter_values		1533	--transzendentalien=
list	not_parameter_values		1534	--transzendentalien=
list	not_parameter_values		1535	--transzendentalien=
list	not_parameter_values		1536	--transzendentalien=
list	not_parameter_values		1537	--transzendentalien=
list	not_parameter_values		1538	--transzendentalien=
list	not_parameter_values		1539	--strukturalien=
list	not_parameter_values		1540	--strukturalien=
list	not_parameter_values		1541	--strukturalien=
list	not_parameter_values		1542	--strukturalien=
list	not_parameter_values		1543	--strukturalien=
list	not_parameter_values		1544	--strukturalien=
list	not_parameter_values		1545	--kugel=
list	not_parameter_values		1546	--kugel=
list	not_parameter_values		1547	--kugel=
list	not_parameter_values		1548	--kugel=
list	not_parameter_values		1549	--kugel=
list	not_parameter_values		1550	--kugel=
list	not_parameter_values		1551	--kugeln=
list	not_parameter_values		1552	--kugeln=
list	not_parameter_values		1553	--kugeln=
list	not_parameter_values		1554	--kugeln=
list	not_parameter_values		1555	--kugeln=
list	not_parameter_values		1556	--kugeln=
list	not_parameter_values		1557	--ball=
list	not_parameter_values		1558	--ball=
list	not_parameter_values		1559	--ball=
list	not_parameter_values		1560	--ball=
list	not_parameter_values		1561	--ball=
list	not_parameter_values		1562	--ball=
list	not_parameter_values		1563	--baelle=
list	not_parameter_values		1564	--baelle=
list	not_parameter_values		1565	--baelle=
list	not_parameter_values		1566	--baelle=
list	not_parameter_values		1567	--baelle=
list	not_parameter_values		1568	--baelle=
list	not_parameter_values		1569	--bälle=
list	not_parameter_values		1570	--bälle=
list	not_parameter_values		1571	--bälle=
list	not_parameter_values		1572	--bälle=
list	not_parameter_values		1573	--bälle=
list	not_parameter_values		1574	--bälle=
list	not_parameter_values		1575	--Universum=
list	not_parameter_values		1576	--Universum=
list	not_parameter_values		1577	--universum=
list	not_parameter_values		1578	--universum=
list	not_parameter_values		1579	--transzendentalien=
list	not_parameter_values		1580	--transzendentalien=
list	not_parameter_values		1581	--strukturalien=
list	not_parameter_values		1582	--strukturalien=
list	not_parameter_values		1583	--kugel=
list	not_parameter_values		1584	--kugel=
list	not_parameter_values		1585	--kugeln=
list	not_parameter_values		1586	--kugeln=
list	not_parameter_values		1587	--ball=
list	not_parameter_values		1588	--ball=
list	not_parameter_values		1589	--baelle=
list	not_parameter_values		1590	--baelle=
list	not_parameter_values		1591	--bälle=
list	not_parameter_values		1592	--bälle=
list	not_parameter_values		1593	--Universum=
list	not_parameter_values		1594	--Universum=
list	not_parameter_values		1595	--universum=
list	not_parameter_values		1596	--universum=
list	not_parameter_values		1597	--transzendentalien=
list	not_parameter_values		1598	--transzendentalien=
list	not_parameter_values		1599	--strukturalien=
list	not_parameter_values		1600	--strukturalien=
list	not_parameter_values		1601	--kugel=
list	not_parameter_values		1602	--kugel=
list	not_parameter_values		1603	--kugeln=
list	not_parameter_values		1604	--kugeln=
list	not_parameter_values		1605	--ball=
list	not_parameter_values		1606	--ball=
list	not_parameter_values		1607	--baelle=
list	not_parameter_values		1608	--baelle=
list	not_parameter_values		1609	--bälle=
list	not_parameter_values		1610	--bälle=
list	not_parameter_values		1611	--Universum=
list	not_parameter_values		1612	--Universum=
list	not_parameter_values		1613	--universum=
list	not_parameter_values		1614	--universum=
list	not_parameter_values		1615	--transzendentalien=
list	not_parameter_values		1616	--transzendentalien=
list	not_parameter_values		1617	--strukturalien=
list	not_parameter_values		1618	--strukturalien=
list	not_parameter_values		1619	--kugel=
list	not_parameter_values		1620	--kugel=
list	not_parameter_values		1621	--kugeln=
list	not_parameter_values		1622	--kugeln=
list	not_parameter_values		1623	--ball=
list	not_parameter_values		1624	--ball=
list	not_parameter_values		1625	--baelle=
list	not_parameter_values		1626	--baelle=
list	not_parameter_values		1627	--bälle=
list	not_parameter_values		1628	--bälle=
list	not_parameter_values		1629	--Universum=
list	not_parameter_values		1630	--Universum=
list	not_parameter_values		1631	--universum=
list	not_parameter_values		1632	--universum=
list	not_parameter_values		1633	--transzendentalien=
list	not_parameter_values		1634	--transzendentalien=
list	not_parameter_values		1635	--strukturalien=
list	not_parameter_values		1636	--strukturalien=
list	not_parameter_values		1637	--kugel=
list	not_parameter_values		1638	--kugel=
list	not_parameter_values		1639	--kugeln=
list	not_parameter_values		1640	--kugeln=
list	not_parameter_values		1641	--ball=
list	not_parameter_values		1642	--ball=
list	not_parameter_values		1643	--baelle=
list	not_parameter_values		1644	--baelle=
list	not_parameter_values		1645	--bälle=
list	not_parameter_values		1646	--bälle=
list	not_parameter_values		1647	--Universum=
list	not_parameter_values		1648	--Universum=
list	not_parameter_values		1649	--universum=
list	not_parameter_values		1650	--universum=
list	not_parameter_values		1651	--transzendentalien=
list	not_parameter_values		1652	--transzendentalien=
list	not_parameter_values		1653	--strukturalien=
list	not_parameter_values		1654	--strukturalien=
list	not_parameter_values		1655	--kugel=
list	not_parameter_values		1656	--kugel=
list	not_parameter_values		1657	--kugeln=
list	not_parameter_values		1658	--kugeln=
list	not_parameter_values		1659	--ball=
list	not_parameter_values		1660	--ball=
list	not_parameter_values		1661	--baelle=
list	not_parameter_values		1662	--baelle=
list	not_parameter_values		1663	--bälle=
list	not_parameter_values		1664	--bälle=
list	not_parameter_values		1665	--Galaxie=
list	not_parameter_values		1666	--galaxie=
list	not_parameter_values		1667	--alteschriften=
list	not_parameter_values		1668	--kreis=
list	not_parameter_values		1669	--galaxien=
list	not_parameter_values		1670	--kreise=
list	not_parameter_values		1671	--Galaxie=
list	not_parameter_values		1672	--Galaxie=
list	not_parameter_values		1673	--galaxie=
list	not_parameter_values		1674	--galaxie=
list	not_parameter_values		1675	--alteschriften=
list	not_parameter_values		1676	--alteschriften=
list	not_parameter_values		1677	--kreis=
list	not_parameter_values		1678	--kreis=
list	not_parameter_values		1679	--galaxien=
list	not_parameter_values		1680	--galaxien=
list	not_parameter_values		1681	--kreise=
list	not_parameter_values		1682	--kreise=
list	not_parameter_values		1683	--Universum=
list	not_parameter_values		1684	--Universum=
list	not_parameter_values		1685	--universum=
list	not_parameter_values		1686	--universum=
list	not_parameter_values		1687	--transzendentalien=
list	not_parameter_values		1688	--transzendentalien=
list	not_parameter_values		1689	--strukturalien=
list	not_parameter_values		1690	--strukturalien=
list	not_parameter_values		1691	--kugel=
list	not_parameter_values		1692	--kugel=
list	not_parameter_values		1693	--kugeln=
list	not_parameter_values		1694	--kugeln=
list	not_parameter_values		1695	--ball=
list	not_parameter_values		1696	--ball=
list	not_parameter_values		1697	--baelle=
list	not_parameter_values		1698	--baelle=
list	not_parameter_values		1699	--bälle=
list	not_parameter_values		1700	--bälle=
list	not_parameter_values		1701	--Universum=
list	not_parameter_values		1702	--Universum=
list	not_parameter_values		1703	--universum=
list	not_parameter_values		1704	--universum=
list	not_parameter_values		1705	--transzendentalien=
list	not_parameter_values		1706	--transzendentalien=
list	not_parameter_values		1707	--strukturalien=
list	not_parameter_values		1708	--strukturalien=
list	not_parameter_values		1709	--kugel=
list	not_parameter_values		1710	--kugel=
list	not_parameter_values		1711	--kugeln=
list	not_parameter_values		1712	--kugeln=
list	not_parameter_values		1713	--ball=
list	not_parameter_values		1714	--ball=
list	not_parameter_values		1715	--baelle=
list	not_parameter_values		1716	--baelle=
list	not_parameter_values		1717	--bälle=
list	not_parameter_values		1718	--bälle=
list	not_parameter_values		1719	--Grundstrukturen=
list	not_parameter_values		1720	--Grundstrukturen=
list	not_parameter_values		1721	--Grundstrukturen=
list	not_parameter_values		1722	--Grundstrukturen=
list	not_parameter_values		1723	--Grundstrukturen=
list	not_parameter_values		1724	--Grundstrukturen=
list	not_parameter_values		1725	--Grundstrukturen=
list	not_parameter_values		1726	--Grundstrukturen=
list	not_parameter_values		1727	--grundstrukturen=
list	not_parameter_values		1728	--grundstrukturen=
list	not_parameter_values		1729	--grundstrukturen=
list	not_parameter_values		1730	--grundstrukturen=
list	not_parameter_values		1731	--grundstrukturen=
list	not_parameter_values		1732	--grundstrukturen=
list	not_parameter_values		1733	--grundstrukturen=
list	not_parameter_values		1734	--grundstrukturen=
list	not_parameter_values		1735	--Universum=
list	not_parameter_values		1736	--Universum=
list	not_parameter_values		1737	--Universum=
list	not_parameter_values		1738	--Universum=
list	not_parameter_values		1739	--Universum=
list	not_parameter_values		1740	--Universum=
list	not_parameter_values		1741	--Universum=
list	not_parameter_values		1742	--Universum=
list	not_parameter_values		1743	--universum=
list	not_parameter_values		1744	--universum=
list	not_parameter_values		1745	--universum=
list	not_parameter_values		1746	--universum=
list	not_parameter_values		1747	--universum=
list	not_parameter_values		1748	--universum=
list	not_parameter_values		1749	--universum=
list	not_parameter_values		1750	--universum=
list	not_parameter_values		1751	--transzendentalien=
list	not_parameter_values		1752	--transzendentalien=
list	not_parameter_values		1753	--transzendentalien=
list	not_parameter_values		1754	--transzendentalien=
list	not_parameter_values		1755	--transzendentalien=
list	not_parameter_values		1756	--transzendentalien=
list	not_parameter_values		1757	--transzendentalien=
list	not_parameter_values		1758	--transzendentalien=
list	not_parameter_values		1759	--strukturalien=
list	not_parameter_values		1760	--strukturalien=
list	not_parameter_values		1761	--strukturalien=
list	not_parameter_values		1762	--strukturalien=
list	not_parameter_values		1763	--strukturalien=
list	not_parameter_values		1764	--strukturalien=
list	not_parameter_values		1765	--strukturalien=
list	not_parameter_values		1766	--strukturalien=
list	not_parameter_values		1767	--kugel=
list	not_parameter_values		1768	--kugel=
list	not_parameter_values		1769	--kugel=
list	not_parameter_values		1770	--kugel=
list	not_parameter_values		1771	--kugel=
list	not_parameter_values		1772	--kugel=
list	not_parameter_values		1773	--kugel=
list	not_parameter_values		1774	--kugel=
list	not_parameter_values		1775	--kugeln=
list	not_parameter_values		1776	--kugeln=
list	not_parameter_values		1777	--kugeln=
list	not_parameter_values		1778	--kugeln=
list	not_parameter_values		1779	--kugeln=
list	not_parameter_values		1780	--kugeln=
list	not_parameter_values		1781	--kugeln=
list	not_parameter_values		1782	--kugeln=
list	not_parameter_values		1783	--ball=
list	not_parameter_values		1784	--ball=
list	not_parameter_values		1785	--ball=
list	not_parameter_values		1786	--ball=
list	not_parameter_values		1787	--ball=
list	not_parameter_values		1788	--ball=
list	not_parameter_values		1789	--ball=
list	not_parameter_values		1790	--ball=
list	not_parameter_values		1791	--baelle=
list	not_parameter_values		1792	--baelle=
list	not_parameter_values		1793	--baelle=
list	not_parameter_values		1794	--baelle=
list	not_parameter_values		1795	--baelle=
list	not_parameter_values		1796	--baelle=
list	not_parameter_values		1797	--baelle=
list	not_parameter_values		1798	--baelle=
list	not_parameter_values		1799	--bälle=
list	not_parameter_values		1800	--bälle=
list	not_parameter_values		1801	--bälle=
list	not_parameter_values		1802	--bälle=
list	not_parameter_values		1803	--bälle=
list	not_parameter_values		1804	--bälle=
list	not_parameter_values		1805	--bälle=
list	not_parameter_values		1806	--bälle=
list	not_parameter_values		1807	--Multiversum=
list	not_parameter_values		1808	--Multiversum=
list	not_parameter_values		1809	--Multiversum=
list	not_parameter_values		1810	--Multiversum=
list	not_parameter_values		1811	--Multiversum=
list	not_parameter_values		1812	--Multiversum=
list	not_parameter_values		1813	--Multiversum=
list	not_parameter_values		1814	--Multiversum=
list	not_parameter_values		1815	--multiversum=
list	not_parameter_values		1816	--multiversum=
list	not_parameter_values		1817	--multiversum=
list	not_parameter_values		1818	--multiversum=
list	not_parameter_values		1819	--multiversum=
list	not_parameter_values		1820	--multiversum=
list	not_parameter_values		1821	--multiversum=
list	not_parameter_values		1822	--multiversum=
list	not_parameter_values		1823	--Operationen=
list	not_parameter_values		1824	--Operationen=
list	not_parameter_values		1825	--Operationen=
list	not_parameter_values		1826	--Operationen=
list	not_parameter_values		1827	--Operationen=
list	not_parameter_values		1828	--Operationen=
list	not_parameter_values		1829	--Operationen=
list	not_parameter_values		1830	--operationen=
list	not_parameter_values		1831	--operationen=
list	not_parameter_values		1832	--operationen=
list	not_parameter_values		1833	--operationen=
list	not_parameter_values		1834	--operationen=
list	not_parameter_values		1835	--operationen=
list	not_parameter_values		1836	--operationen=
list	not_parameter_values		1837	--Operationen=
list	not_parameter_values		1838	--Operationen=
list	not_parameter_values		1839	--operationen=
list	not_parameter_values		1840	--operationen=
list	not_parameter_values		1841	--Operationen=
list	not_parameter_values		1842	--Operationen=
list	not_parameter_values		1843	--Operationen=
list	not_parameter_values		1844	--Operationen=
list	not_parameter_values		1845	--operationen=
list	not_parameter_values		1846	--operationen=
list	not_parameter_values		1847	--operationen=
list	not_parameter_values		1848	--operationen=
list	not_parameter_values		1849	--Menschliches=
list	not_parameter_values		1850	--Menschliches=
list	not_parameter_values		1851	--menschliches=
list	not_parameter_values		1852	--menschliches=
list	not_parameter_values		1853	--Menschliches=
list	not_parameter_values		1854	--menschliches=
list	not_parameter_values		1855	--Menschliches=
list	not_parameter_values		1856	--menschliches=
list	not_parameter_values		1857	--Menschliches=
list	not_parameter_values		1858	--menschliches=
list	not_parameter_values		1859	--Menschliches=
list	not_parameter_values		1860	--Menschliches=
list	not_parameter_values		1861	--menschliches=
list	not_parameter_values		1862	--menschliches=
list	not_parameter_values		1863	--Menschliches=
list	not_parameter_values		1864	--Menschliches=
list	not_parameter_values		1865	--Menschliches=
list	not_parameter_values		1866	--menschliches=
list	not_parameter_values		1867	--menschliches=
list	not_parameter_values		1868	--menschliches=
list	not_parameter_values		1869	--Menschliches=
list	not_parameter_values		1870	--Menschliches=
list	not_parameter_values		1871	--Menschliches=
list	not_parameter_values		1872	--menschliches=
list	not_parameter_values		1873	--menschliches=
list	not_parameter_values		1874	--menschliches=
list	not_parameter_values		1875	--Menschliches=
list	not_parameter_values		1876	--Menschliches=
list	not_parameter_values		1877	--Menschliches=
list	not_parameter_values		1878	--Menschliches=
list	not_parameter_values		1879	--menschliches=
list	not_parameter_values		1880	--menschliches=
list	not_parameter_values		1881	--menschliches=
list	not_parameter_values		1882	--menschliches=
list	not_parameter_values		1883	--Wirtschaft=
list	not_parameter_values		1884	--Wirtschaft=
list	not_parameter_values		1885	--Wirtschaft=
list	not_parameter_values		1886	--Wirtschaft=
list	not_parameter_values		1887	--wirtschaft=
list	not_parameter_values		1888	--wirtschaft=
list	not_parameter_values		1889	--wirtschaft=
list	not_parameter_values		1890	--wirtschaft=
list	not_parameter_values		1891	--Wirtschaft=
list	not_parameter_values		1892	--Wirtschaft=
list	not_parameter_values		1893	--wirtschaft=
list	not_parameter_values		1894	--wirtschaft=
list	not_parameter_values		1895	--Wirtschaft=
list	not_parameter_values		1896	--Wirtschaft=
list	not_parameter_values		1897	--Wirtschaft=
list	not_parameter_values		1898	--Wirtschaft=
list	not_parameter_values		1899	--Wirtschaft=
list	not_parameter_values		1900	--Wirtschaft=
list	not_parameter_values		1901	--Wirtschaft=
list	not_parameter_values		1902	--wirtschaft=
list	not_parameter_values		1903	--wirtschaft=
list	not_parameter_values		1904	--wirtschaft=
list	not_parameter_values		1905	--wirtschaft=
list	not_parameter_values		1906	--wirtschaft=
list	not_parameter_values		1907	--wirtschaft=
list	not_parameter_values		1908	--wirtschaft=
list	not_parameter_values		1909	--Wirtschaft=
list	not_parameter_values		1910	--Wirtschaft=
list	not_parameter_values		1911	--Wirtschaft=
list	not_parameter_values		1912	--Wirtschaft=
list	not_parameter_values		1913	--Wirtschaft=
list	not_parameter_values		1914	--wirtschaft=
list	not_parameter_values		1915	--wirtschaft=
list	not_parameter_values		1916	--wirtschaft=
list	not_parameter_values		1917	--wirtschaft=
list	not_parameter_values		1918	--wirtschaft=
list	not_parameter_values		1919	--Grundstrukturen=
list	not_parameter_values		1920	--Grundstrukturen=
list	not_parameter_values		1921	--grundstrukturen=
list	not_parameter_values		1922	--grundstrukturen=
list	not_parameter_values		1923	--Wirtschaft=
list	not_parameter_values		1924	--Wirtschaft=
list	not_parameter_values		1925	--wirtschaft=
list	not_parameter_values		1926	--wirtschaft=
list	not_parameter_values		1927	--Wirtschaft=
list	not_parameter_values		1928	--Wirtschaft=
list	not_parameter_values		1929	--Wirtschaft=
list	not_parameter_values		1930	--wirtschaft=
list	not_parameter_values		1931	--wirtschaft=
list	not_parameter_values		1932	--wirtschaft=
list	not_parameter_values		1933	--Wirtschaft=
list	not_parameter_values		1934	--Wirtschaft=
list	not_parameter_values		1935	--wirtschaft=
list	not_parameter_values		1936	--wirtschaft=
list	not_parameter_values		1937	--Menschliches=
list	not_parameter_values		1938	--Menschliches=
list	not_parameter_values		1939	--Menschliches=
list	not_parameter_values		1940	--Menschliches=
list	not_parameter_values		1941	--Menschliches=
list	not_parameter_values		1942	--menschliches=
list	not_parameter_values		1943	--menschliches=
list	not_parameter_values		1944	--menschliches=
list	not_parameter_values		1945	--menschliches=
list	not_parameter_values		1946	--menschliches=
list	not_parameter_values		1947	--Menschliches=
list	not_parameter_values		1948	--Menschliches=
list	not_parameter_values		1949	--Menschliches=
list	not_parameter_values		1950	--Menschliches=
list	not_parameter_values		1951	--menschliches=
list	not_parameter_values		1952	--menschliches=
list	not_parameter_values		1953	--menschliches=
list	not_parameter_values		1954	--menschliches=
list	not_parameter_values		1955	--Menschliches=
list	not_parameter_values		1956	--Menschliches=
list	not_parameter_values		1957	--Menschliches=
list	not_parameter_values		1958	--menschliches=
list	not_parameter_values		1959	--menschliches=
list	not_parameter_values		1960	--menschliches=
list	not_parameter_values		1961	--Menschliches=
list	not_parameter_values		1962	--Menschliches=
list	not_parameter_values		1963	--Menschliches=
list	not_parameter_values		1964	--menschliches=
list	not_parameter_values		1965	--menschliches=
list	not_parameter_values		1966	--menschliches=
list	not_parameter_values		1967	--Menschliches=
list	not_parameter_values		1968	--Menschliches=
list	not_parameter_values		1969	--Menschliches=
list	not_parameter_values		1970	--Menschliches=
list	not_parameter_values		1971	--Menschliches=
list	not_parameter_values		1972	--Menschliches=
list	not_parameter_values		1973	--menschliches=
list	not_parameter_values		1974	--menschliches=
list	not_parameter_values		1975	--menschliches=
list	not_parameter_values		1976	--menschliches=
list	not_parameter_values		1977	--menschliches=
list	not_parameter_values		1978	--menschliches=
list	not_parameter_values		1979	--Menschliches=
list	not_parameter_values		1980	--Menschliches=
list	not_parameter_values		1981	--Menschliches=
list	not_parameter_values		1982	--Menschliches=
list	not_parameter_values		1983	--Menschliches=
list	not_parameter_values		1984	--Menschliches=
list	not_parameter_values		1985	--menschliches=
list	not_parameter_values		1986	--menschliches=
list	not_parameter_values		1987	--menschliches=
list	not_parameter_values		1988	--menschliches=
list	not_parameter_values		1989	--menschliches=
list	not_parameter_values		1990	--menschliches=
list	not_parameter_values		1991	--Menschliches=
list	not_parameter_values		1992	--Menschliches=
list	not_parameter_values		1993	--Menschliches=
list	not_parameter_values		1994	--Menschliches=
list	not_parameter_values		1995	--menschliches=
list	not_parameter_values		1996	--menschliches=
list	not_parameter_values		1997	--menschliches=
list	not_parameter_values		1998	--menschliches=
list	not_parameter_values		1999	--Menschliches=
list	not_parameter_values		2000	--Menschliches=
list	not_parameter_values		2001	--menschliches=
list	not_parameter_values		2002	--menschliches=
list	not_parameter_values		2003	--Menschliches=
list	not_parameter_values		2004	--Menschliches=
list	not_parameter_values		2005	--Menschliches=
list	not_parameter_values		2006	--menschliches=
list	not_parameter_values		2007	--menschliches=
list	not_parameter_values		2008	--menschliches=
list	not_parameter_values		2009	--Menschliches=
list	not_parameter_values		2010	--Menschliches=
list	not_parameter_values		2011	--Menschliches=
list	not_parameter_values		2012	--menschliches=
list	not_parameter_values		2013	--menschliches=
list	not_parameter_values		2014	--menschliches=
list	not_parameter_values		2015	--Menschliches=
list	not_parameter_values		2016	--Menschliches=
list	not_parameter_values		2017	--Menschliches=
list	not_parameter_values		2018	--Menschliches=
list	not_parameter_values		2019	--Menschliches=
list	not_parameter_values		2020	--menschliches=
list	not_parameter_values		2021	--menschliches=
list	not_parameter_values		2022	--menschliches=
list	not_parameter_values		2023	--menschliches=
list	not_parameter_values		2024	--menschliches=
list	not_parameter_values		2025	--Menschliches=
list	not_parameter_values		2026	--Menschliches=
list	not_parameter_values		2027	--Menschliches=
list	not_parameter_values		2028	--menschliches=
list	not_parameter_values		2029	--menschliches=
list	not_parameter_values		2030	--menschliches=
list	not_parameter_values		2031	--Menschliches=
list	not_parameter_values		2032	--Menschliches=
list	not_parameter_values		2033	--Menschliches=
list	not_parameter_values		2034	--Menschliches=
list	not_parameter_values		2035	--menschliches=
list	not_parameter_values		2036	--menschliches=
list	not_parameter_values		2037	--menschliches=
list	not_parameter_values		2038	--menschliches=
list	not_parameter_values		2039	--Menschliches=
list	not_parameter_values		2040	--Menschliches=
list	not_parameter_values		2041	--Menschliches=
list	not_parameter_values		2042	--menschliches=
list	not_parameter_values		2043	--menschliches=
list	not_parameter_values		2044	--menschliches=
list	not_parameter_values		2045	--Grundstrukturen=
list	not_parameter_values		2046	--Grundstrukturen=
list	not_parameter_values		2047	--Grundstrukturen=
list	not_parameter_values		2048	--Grundstrukturen=
list	not_parameter_values		2049	--Grundstrukturen=
list	not_parameter_values		2050	--Grundstrukturen=
list	not_parameter_values		2051	--Grundstrukturen=
list	not_parameter_values		2052	--Grundstrukturen=
list	not_parameter_values		2053	--grundstrukturen=
list	not_parameter_values		2054	--grundstrukturen=
list	not_parameter_values		2055	--grundstrukturen=
list	not_parameter_values		2056	--grundstrukturen=
list	not_parameter_values		2057	--grundstrukturen=
list	not_parameter_values		2058	--grundstrukturen=
list	not_parameter_values		2059	--grundstrukturen=
list	not_parameter_values		2060	--grundstrukturen=
list	not_parameter_values		2061	--Multiversum=
list	not_parameter_values		2062	--Multiversum=
list	not_parameter_values		2063	--Multiversum=
list	not_parameter_values		2064	--Multiversum=
list	not_parameter_values		2065	--Multiversum=
list	not_parameter_values		2066	--Multiversum=
list	not_parameter_values		2067	--Multiversum=
list	not_parameter_values		2068	--Multiversum=
list	not_parameter_values		2069	--multiversum=
list	not_parameter_values		2070	--multiversum=
list	not_parameter_values		2071	--multiversum=
list	not_parameter_values		2072	--multiversum=
list	not_parameter_values		2073	--multiversum=
list	not_parameter_values		2074	--multiversum=
list	not_parameter_values		2075	--multiversum=
list	not_parameter_values		2076	--multiversum=
list	not_parameter_values		2077	--Grundstrukturen=
list	not_parameter_values		2078	--Grundstrukturen=
list	not_parameter_values		2079	--Grundstrukturen=
list	not_parameter_values		2080	--Grundstrukturen=
list	not_parameter_values		2081	--Grundstrukturen=
list	not_parameter_values		2082	--grundstrukturen=
list	not_parameter_values		2083	--grundstrukturen=
list	not_parameter_values		2084	--grundstrukturen=
list	not_parameter_values		2085	--grundstrukturen=
list	not_parameter_values		2086	--grundstrukturen=
list	not_parameter_values		2087	--Grundstrukturen=
list	not_parameter_values		2088	--Grundstrukturen=
list	not_parameter_values		2089	--Grundstrukturen=
list	not_parameter_values		2090	--Grundstrukturen=
list	not_parameter_values		2091	--grundstrukturen=
list	not_parameter_values		2092	--grundstrukturen=
list	not_parameter_values		2093	--grundstrukturen=
list	not_parameter_values		2094	--grundstrukturen=
list	not_parameter_values		2095	--Grundstrukturen=
list	not_parameter_values		2096	--Grundstrukturen=
list	not_parameter_values		2097	--grundstrukturen=
list	not_parameter_values		2098	--grundstrukturen=
list	not_parameter_values		2099	--Grundstrukturen=
list	not_parameter_values		2100	--Grundstrukturen=
list	not_parameter_values		2101	--grundstrukturen=
list	not_parameter_values		2102	--grundstrukturen=
list	not_parameter_values		2103	--Grundstrukturen=
list	not_parameter_values		2104	--Grundstrukturen=
list	not_parameter_values		2105	--grundstrukturen=
list	not_parameter_values		2106	--grundstrukturen=
list	not_parameter_values		2107	--Grundstrukturen=
list	not_parameter_values		2108	--Grundstrukturen=
list	not_parameter_values		2109	--grundstrukturen=
list	not_parameter_values		2110	--grundstrukturen=
list	not_parameter_values		2111	--Grundstrukturen=
list	not_parameter_values		2112	--Grundstrukturen=
list	not_parameter_values		2113	--grundstrukturen=
list	not_parameter_values		2114	--grundstrukturen=
list	not_parameter_values		2115	--Grundstrukturen=
list	not_parameter_values		2116	--Grundstrukturen=
list	not_parameter_values		2117	--Grundstrukturen=
list	not_parameter_values		2118	--grundstrukturen=
list	not_parameter_values		2119	--grundstrukturen=
list	not_parameter_values		2120	--grundstrukturen=
list	not_parameter_values		2121	--Grundstrukturen=
list	not_parameter_values		2122	--Grundstrukturen=
list	not_parameter_values		2123	--Grundstrukturen=
list	not_parameter_values		2124	--grundstrukturen=
list	not_parameter_values		2125	--grundstrukturen=
list	not_parameter_values		2126	--grundstrukturen=
list	not_parameter_values		2127	--Grundstrukturen=
list	not_parameter_values		2128	--Grundstrukturen=
list	not_parameter_values		2129	--grundstrukturen=
list	not_parameter_values		2130	--grundstrukturen=
list	not_parameter_values		2131	--Grundstrukturen=
list	not_parameter_values		2132	--Grundstrukturen=
list	not_parameter_values		2133	--grundstrukturen=
list	not_parameter_values		2134	--grundstrukturen=
list	not_parameter_values		2135	--Grundstrukturen=
list	not_parameter_values		2136	--Grundstrukturen=
list	not_parameter_values		2137	--Grundstrukturen=
list	not_parameter_values		2138	--grundstrukturen=
list	not_parameter_values		2139	--grundstrukturen=
list	not_parameter_values		2140	--grundstrukturen=
list	not_parameter_values		2141	--Grundstrukturen=
list	not_parameter_values		2142	--Grundstrukturen=
list	not_parameter_values		2143	--grundstrukturen=
list	not_parameter_values		2144	--grundstrukturen=
list	not_parameter_values		2145	--Grundstrukturen=
list	not_parameter_values		2146	--Grundstrukturen=
list	not_parameter_values		2147	--grundstrukturen=
list	not_parameter_values		2148	--grundstrukturen=
list	not_parameter_values		2149	--Grundstrukturen=
list	not_parameter_values		2150	--Grundstrukturen=
list	not_parameter_values		2151	--grundstrukturen=
list	not_parameter_values		2152	--grundstrukturen=
list	not_parameter_values		2153	--Grundstrukturen=
list	not_parameter_values		2154	--Grundstrukturen=
list	not_parameter_values		2155	--Grundstrukturen=
list	not_parameter_values		2156	--grundstrukturen=
list	not_parameter_values		2157	--grundstrukturen=
list	not_parameter_values		2158	--grundstrukturen=
list	not_parameter_values		2159	--Grundstrukturen=
list	not_parameter_values		2160	--Grundstrukturen=
list	not_parameter_values		2161	--grundstrukturen=
list	not_parameter_values		2162	--grundstrukturen=
list	not_parameter_values		2163	--Grundstrukturen=
list	not_parameter_values		2164	--Grundstrukturen=
list	not_parameter_values		2165	--Grundstrukturen=
list	not_parameter_values		2166	--grundstrukturen=
list	not_parameter_values		2167	--grundstrukturen=
list	not_parameter_values		2168	--grundstrukturen=
list	not_parameter_values		2169	--Grundstrukturen=
list	not_parameter_values		2170	--Grundstrukturen=
list	not_parameter_values		2171	--Grundstrukturen=
list	not_parameter_values		2172	--grundstrukturen=
list	not_parameter_values		2173	--grundstrukturen=
list	not_parameter_values		2174	--grundstrukturen=
list	not_parameter_values		2175	--Grundstrukturen=
list	not_parameter_values		2176	--Grundstrukturen=
list	not_parameter_values		2177	--grundstrukturen=
list	not_parameter_values		2178	--grundstrukturen=
list	not_parameter_values		2179	--Grundstrukturen=
list	not_parameter_values		2180	--Grundstrukturen=
list	not_parameter_values		2181	--grundstrukturen=
list	not_parameter_values		2182	--grundstrukturen=
list	not_parameter_values		2183	--Grundstrukturen=
list	not_parameter_values		2184	--Grundstrukturen=
list	not_parameter_values		2185	--grundstrukturen=
list	not_parameter_values		2186	--grundstrukturen=
list	not_parameter_values		2187	--Grundstrukturen=
list	not_parameter_values		2188	--Grundstrukturen=
list	not_parameter_values		2189	--grundstrukturen=
list	not_parameter_values		2190	--grundstrukturen=
list	not_parameter_values		2191	--Grundstrukturen=
list	not_parameter_values		2192	--Grundstrukturen=
list	not_parameter_values		2193	--grundstrukturen=
list	not_parameter_values		2194	--grundstrukturen=
list	not_parameter_values		2195	--Grundstrukturen=
list	not_parameter_values		2196	--Grundstrukturen=
list	not_parameter_values		2197	--grundstrukturen=
list	not_parameter_values		2198	--grundstrukturen=
list	not_parameter_values		2199	--Grundstrukturen=
list	not_parameter_values		2200	--Grundstrukturen=
list	not_parameter_values		2201	--grundstrukturen=
list	not_parameter_values		2202	--grundstrukturen=
list	not_parameter_values		2203	--Grundstrukturen=
list	not_parameter_values		2204	--Grundstrukturen=
list	not_parameter_values		2205	--Grundstrukturen=
list	not_parameter_values		2206	--Grundstrukturen=
list	not_parameter_values		2207	--grundstrukturen=
list	not_parameter_values		2208	--grundstrukturen=
list	not_parameter_values		2209	--grundstrukturen=
list	not_parameter_values		2210	--grundstrukturen=
list	not_parameter_values		2211	--Grundstrukturen=
list	not_parameter_values		2212	--Grundstrukturen=
list	not_parameter_values		2213	--Grundstrukturen=
list	not_parameter_values		2214	--Grundstrukturen=
list	not_parameter_values		2215	--grundstrukturen=
list	not_parameter_values		2216	--grundstrukturen=
list	not_parameter_values		2217	--grundstrukturen=
list	not_parameter_values		2218	--grundstrukturen=
list	not_parameter_values		2219	--Grundstrukturen=
list	not_parameter_values		2220	--Grundstrukturen=
list	not_parameter_values		2221	--grundstrukturen=
list	not_parameter_values		2222	--grundstrukturen=
list	not_parameter_values		2223	--Grundstrukturen=
list	not_parameter_values		2224	--Grundstrukturen=
list	not_parameter_values		2225	--Grundstrukturen=
list	not_parameter_values		2226	--grundstrukturen=
list	not_parameter_values		2227	--grundstrukturen=
list	not_parameter_values		2228	--grundstrukturen=
list	not_parameter_values		2229	--Grundstrukturen=
list	not_parameter_values		2230	--Grundstrukturen=
list	not_parameter_values		2231	--Grundstrukturen=
list	not_parameter_values		2232	--grundstrukturen=
list	not_parameter_values		2233	--grundstrukturen=
list	not_parameter_values		2234	--grundstrukturen=
list	not_parameter_values		2235	--Grundstrukturen=
list	not_parameter_values		2236	--Grundstrukturen=
list	not_parameter_values		2237	--grundstrukturen=
list	not_parameter_values		2238	--grundstrukturen=
list	not_parameter_values		2239	--Grundstrukturen=
list	not_parameter_values		2240	--Grundstrukturen=
list	not_parameter_values		2241	--grundstrukturen=
list	not_parameter_values		2242	--grundstrukturen=
list	not_parameter_values		2243	--Grundstrukturen=
list	not_parameter_values		2244	--Grundstrukturen=
list	not_parameter_values		2245	--grundstrukturen=
list	not_parameter_values		2246	--grundstrukturen=
list	not_parameter_values		2247	--Grundstrukturen=
list	not_parameter_values		2248	--Grundstrukturen=
list	not_parameter_values		2249	--Grundstrukturen=
list	not_parameter_values		2250	--grundstrukturen=
list	not_parameter_values		2251	--grundstrukturen=
list	not_parameter_values		2252	--grundstrukturen=
list	not_parameter_values		2253	--Multiversum=
list	not_parameter_values		2254	--Multiversum=
list	not_parameter_values		2255	--Multiversum=
list	not_parameter_values		2256	--multiversum=
list	not_parameter_values		2257	--multiversum=
list	not_parameter_values		2258	--multiversum=
list	not_parameter_values		2259	--Grundstrukturen=
list	not_parameter_values		2260	--Grundstrukturen=
list	not_parameter_values		2261	--Grundstrukturen=
list	not_parameter_values		2262	--grundstrukturen=
list	not_parameter_values		2263	--grundstrukturen=
list	not_parameter_values		2264	--grundstrukturen=
list	not_parameter_values		2265	--Grundstrukturen=
list	not_parameter_values		2266	--Grundstrukturen=
list	not_parameter_values		2267	--Grundstrukturen=
list	not_parameter_values		2268	--grundstrukturen=
list	not_parameter_values		2269	--grundstrukturen=
list	not_parameter_values		2270	--grundstrukturen=
list	not_parameter_values		2271	--Grundstrukturen=
list	not_parameter_values		2272	--Grundstrukturen=
list	not_parameter_values		2273	--Grundstrukturen=
list	not_parameter_values		2274	--grundstrukturen=
list	not_parameter_values		2275	--grundstrukturen=
list	not_parameter_values		2276	--grundstrukturen=
list	not_parameter_values		2277	--Grundstrukturen=
list	not_parameter_values		2278	--Grundstrukturen=
list	not_parameter_values		2279	--Grundstrukturen=
list	not_parameter_values		2280	--Grundstrukturen=
list	not_parameter_values		2281	--Grundstrukturen=
list	not_parameter_values		2282	--grundstrukturen=
list	not_parameter_values		2283	--grundstrukturen=
list	not_parameter_values		2284	--grundstrukturen=
list	not_parameter_values		2285	--grundstrukturen=
list	not_parameter_values		2286	--grundstrukturen=
list	not_parameter_values		2287	--Grundstrukturen=
list	not_parameter_values		2288	--Grundstrukturen=
list	not_parameter_values		2289	--grundstrukturen=
list	not_parameter_values		2290	--grundstrukturen=
list	not_parameter_values		2291	--Grundstrukturen=
list	not_parameter_values		2292	--Grundstrukturen=
list	not_parameter_values		2293	--Grundstrukturen=
list	not_parameter_values		2294	--Grundstrukturen=
list	not_parameter_values		2295	--Grundstrukturen=
list	not_parameter_values		2296	--grundstrukturen=
list	not_parameter_values		2297	--grundstrukturen=
list	not_parameter_values		2298	--grundstrukturen=
list	not_parameter_values		2299	--grundstrukturen=
list	not_parameter_values		2300	--grundstrukturen=
list	not_parameter_values		2301	--Multiversum=
list	not_parameter_values		2302	--multiversum=
list	not_parameter_values		2303	--Multiversum=
list	not_parameter_values		2304	--multiversum=
list	not_parameter_values		2305	--Grundstrukturen=
list	not_parameter_values		2306	--grundstrukturen=
list	not_parameter_values		2307	--Grundstrukturen=
list	not_parameter_values		2308	--Grundstrukturen=
list	not_parameter_values		2309	--Grundstrukturen=
list	not_parameter_values		2310	--grundstrukturen=
list	not_parameter_values		2311	--grundstrukturen=
list	not_parameter_values		2312	--grundstrukturen=
list	not_parameter_values		2313	--Grundstrukturen=
list	not_parameter_values		2314	--Grundstrukturen=
list	not_parameter_values		2315	--Grundstrukturen=
list	not_parameter_values		2316	--Grundstrukturen=
list	not_parameter_values		2317	--grundstrukturen=
list	not_parameter_values		2318	--grundstrukturen=
list	not_parameter_values		2319	--grundstrukturen=
list	not_parameter_values		2320	--grundstrukturen=
list	not_parameter_values		2321	--Grundstrukturen=
list	not_parameter_values		2322	--Grundstrukturen=
list	not_parameter_values		2323	--Grundstrukturen=
list	not_parameter_values		2324	--Grundstrukturen=
list	not_parameter_values		2325	--Grundstrukturen=
list	not_parameter_values		2326	--Grundstrukturen=
list	not_parameter_values		2327	--Grundstrukturen=
list	not_parameter_values		2328	--grundstrukturen=
list	not_parameter_values		2329	--grundstrukturen=
list	not_parameter_values		2330	--grundstrukturen=
list	not_parameter_values		2331	--grundstrukturen=
list	not_parameter_values		2332	--grundstrukturen=
list	not_parameter_values		2333	--grundstrukturen=
list	not_parameter_values		2334	--grundstrukturen=
list	not_parameter_values		2335	--Grundstrukturen=
list	not_parameter_values		2336	--Grundstrukturen=
list	not_parameter_values		2337	--Grundstrukturen=
list	not_parameter_values		2338	--grundstrukturen=
list	not_parameter_values		2339	--grundstrukturen=
list	not_parameter_values		2340	--grundstrukturen=
list	not_parameter_values		2341	--Grundstrukturen=
list	not_parameter_values		2342	--Grundstrukturen=
list	not_parameter_values		2343	--Grundstrukturen=
list	not_parameter_values		2344	--Grundstrukturen=
list	not_parameter_values		2345	--grundstrukturen=
list	not_parameter_values		2346	--grundstrukturen=
list	not_parameter_values		2347	--grundstrukturen=
list	not_parameter_values		2348	--grundstrukturen=
list	not_parameter_values		2349	--Grundstrukturen=
list	not_parameter_values		2350	--Grundstrukturen=
list	not_parameter_values		2351	--Grundstrukturen=
list	not_parameter_values		2352	--Grundstrukturen=
list	not_parameter_values		2353	--grundstrukturen=
list	not_parameter_values		2354	--grundstrukturen=
list	not_parameter_values		2355	--grundstrukturen=
list	not_parameter_values		2356	--grundstrukturen=
list	not_parameter_values		2357	--Grundstrukturen=
list	not_parameter_values		2358	--Grundstrukturen=
list	not_parameter_values		2359	--Grundstrukturen=
list	not_parameter_values		2360	--Grundstrukturen=
list	not_parameter_values		2361	--Grundstrukturen=
list	not_parameter_values		2362	--grundstrukturen=
list	not_parameter_values		2363	--grundstrukturen=
list	not_parameter_values		2364	--grundstrukturen=
list	not_parameter_values		2365	--grundstrukturen=
list	not_parameter_values		2366	--grundstrukturen=
list	not_parameter_values		2367	--Grundstrukturen=
list	not_parameter_values		2368	--Grundstrukturen=
list	not_parameter_values		2369	--Grundstrukturen=
list	not_parameter_values		2370	--grundstrukturen=
list	not_parameter_values		2371	--grundstrukturen=
list	not_parameter_values		2372	--grundstrukturen=
list	not_parameter_values		2373	--Grundstrukturen=
list	not_parameter_values		2374	--Grundstrukturen=
list	not_parameter_values		2375	--Grundstrukturen=
list	not_parameter_values		2376	--Grundstrukturen=
list	not_parameter_values		2377	--grundstrukturen=
list	not_parameter_values		2378	--grundstrukturen=
list	not_parameter_values		2379	--grundstrukturen=
list	not_parameter_values		2380	--grundstrukturen=
list	not_parameter_values		2381	--Grundstrukturen=
list	not_parameter_values		2382	--Grundstrukturen=
list	not_parameter_values		2383	--grundstrukturen=
list	not_parameter_values		2384	--grundstrukturen=
list	not_parameter_values		2385	--Grundstrukturen=
list	not_parameter_values		2386	--Grundstrukturen=
list	not_parameter_values		2387	--Grundstrukturen=
list	not_parameter_values		2388	--grundstrukturen=
list	not_parameter_values		2389	--grundstrukturen=
list	not_parameter_values		2390	--grundstrukturen=
list	not_parameter_values		2391	--Grundstrukturen=
list	not_parameter_values		2392	--Grundstrukturen=
list	not_parameter_values		2393	--Grundstrukturen=
list	not_parameter_values		2394	--Grundstrukturen=
list	not_parameter_values		2395	--grundstrukturen=
list	not_parameter_values		2396	--grundstrukturen=
list	not_parameter_values		2397	--grundstrukturen=
list	not_parameter_values		2398	--grundstrukturen=
list	not_parameter_values		2399	--Grundstrukturen=
list	not_parameter_values		2400	--Grundstrukturen=
list	not_parameter_values		2401	--Grundstrukturen=
list	not_parameter_values		2402	--Grundstrukturen=
list	not_parameter_values		2403	--grundstrukturen=
list	not_parameter_values		2404	--grundstrukturen=
list	not_parameter_values		2405	--grundstrukturen=
list	not_parameter_values		2406	--grundstrukturen=
list	not_parameter_values		2407	--Grundstrukturen=
list	not_parameter_values		2408	--Grundstrukturen=
list	not_parameter_values		2409	--grundstrukturen=
list	not_parameter_values		2410	--grundstrukturen=
list	not_parameter_values		2411	--Menschliches=
list	not_parameter_values		2412	--Menschliches=
list	not_parameter_values		2413	--Menschliches=
list	not_parameter_values		2414	--Menschliches=
list	not_parameter_values		2415	--menschliches=
list	not_parameter_values		2416	--menschliches=
list	not_parameter_values		2417	--menschliches=
list	not_parameter_values		2418	--menschliches=
list	not_parameter_values		2419	--Menschliches=
list	not_parameter_values		2420	--Menschliches=
list	not_parameter_values		2421	--menschliches=
list	not_parameter_values		2422	--menschliches=
list	not_parameter_values		2423	--Grundstrukturen=
list	not_parameter_values		2424	--Grundstrukturen=
list	not_parameter_values		2425	--grundstrukturen=
list	not_parameter_values		2426	--grundstrukturen=
list	not_parameter_values		2427	--Grundstrukturen=
list	not_parameter_values		2428	--Grundstrukturen=
list	not_parameter_values		2429	--Grundstrukturen=
list	not_parameter_values		2430	--grundstrukturen=
list	not_parameter_values		2431	--grundstrukturen=
list	not_parameter_values		2432	--grundstrukturen=
list	not_parameter_values		2433	--Grundstrukturen=
list	not_parameter_values		2434	--Grundstrukturen=
list	not_parameter_values		2435	--grundstrukturen=
list	not_parameter_values		2436	--grundstrukturen=
list	not_parameter_values		2437	--Grundstrukturen=
list	not_parameter_values		2438	--Grundstrukturen=
list	not_parameter_values		2439	--grundstrukturen=
list	not_parameter_values		2440	--grundstrukturen=
list	not_parameter_values		2441	--Grundstrukturen=
list	not_parameter_values		2442	--grundstrukturen=
list	not_parameter_values		2443	--Grundstrukturen=
list	not_parameter_values		2444	--Grundstrukturen=
list	not_parameter_values		2445	--grundstrukturen=
list	not_parameter_values		2446	--grundstrukturen=
list	not_parameter_values		2447	--Grundstrukturen=
list	not_parameter_values		2448	--Grundstrukturen=
list	not_parameter_values		2449	--Grundstrukturen=
list	not_parameter_values		2450	--Grundstrukturen=
list	not_parameter_values		2451	--Grundstrukturen=
list	not_parameter_values		2452	--Grundstrukturen=
list	not_parameter_values		2453	--grundstrukturen=
list	not_parameter_values		2454	--grundstrukturen=
list	not_parameter_values		2455	--grundstrukturen=
list	not_parameter_values		2456	--grundstrukturen=
list	not_parameter_values		2457	--grundstrukturen=
list	not_parameter_values		2458	--grundstrukturen=
list	not_parameter_values		2459	--Grundstrukturen=
list	not_parameter_values		2460	--Grundstrukturen=
list	not_parameter_values		2461	--Grundstrukturen=
list	not_parameter_values		2462	--grundstrukturen=
list	not_parameter_values		2463	--grundstrukturen=
list	not_parameter_values		2464	--grundstrukturen=
list	not_parameter_values		2465	--Grundstrukturen=
list	not_parameter_values		2466	--Grundstrukturen=
list	not_parameter_values		2467	--Grundstrukturen=
list	not_parameter_values		2468	--grundstrukturen=
list	not_parameter_values		2469	--grundstrukturen=
list	not_parameter_values		2470	--grundstrukturen=
list	not_parameter_values		2471	--Grundstrukturen=
list	not_parameter_values		2472	--Grundstrukturen=
list	not_parameter_values		2473	--Grundstrukturen=
list	not_parameter_values		2474	--Grundstrukturen=
list	not_parameter_values		2475	--Grundstrukturen=
list	not_parameter_values		2476	--Grundstrukturen=
list	not_parameter_values		2477	--grundstrukturen=
list	not_parameter_values		2478	--grundstrukturen=
list	not_parameter_values		2479	--grundstrukturen=
list	not_parameter_values		2480	--grundstrukturen=
list	not_parameter_values		2481	--grundstrukturen=
list	not_parameter_values		2482	--grundstrukturen=
list	not_parameter_values		2483	--Menschliches=
list	not_parameter_values		2484	--Menschliches=
list	not_parameter_values		2485	--Menschliches=
list	not_parameter_values		2486	--Menschliches=
list	not_parameter_values		2487	--Menschliches=
list	not_parameter_values		2488	--Menschliches=
list	not_parameter_values		2489	--menschliches=
list	not_parameter_values		2490	--menschliches=
list	not_parameter_values		2491	--menschliches=
list	not_parameter_values		2492	--menschliches=
list	not_parameter_values		2493	--menschliches=
list	not_parameter_values		2494	--menschliches=
list	not_parameter_values		2495	--Menschliches=
list	not_parameter_values		2496	--Menschliches=
list	not_parameter_values		2497	--Menschliches=
list	not_parameter_values		2498	--menschliches=
list	not_parameter_values		2499	--menschliches=
list	not_parameter_values		2500	--menschliches=
list	not_parameter_values		2501	--Menschliches=
list	not_parameter_values		2502	--Menschliches=
list	not_parameter_values		2503	--Menschliches=
list	not_parameter_values		2504	--menschliches=
list	not_parameter_values		2505	--menschliches=
list	not_parameter_values		2506	--menschliches=
list	not_parameter_values		2507	--Menschliches=
list	not_parameter_values		2508	--Menschliches=
list	not_parameter_values		2509	--Menschliches=
list	not_parameter_values		2510	--Menschliches=
list	not_parameter_values		2511	--menschliches=
list	not_parameter_values		2512	--menschliches=
list	not_parameter_values		2513	--menschliches=
list	not_parameter_values		2514	--menschliches=
list	not_parameter_values		2515	--Menschliches=
list	not_parameter_values		2516	--Menschliches=
list	not_parameter_values		2517	--Menschliches=
list	not_parameter_values		2518	--Menschliches=
list	not_parameter_values		2519	--Menschliches=
list	not_parameter_values		2520	--Menschliches=
list	not_parameter_values		2521	--Menschliches=
list	not_parameter_values		2522	--Menschliches=
list	not_parameter_values		2523	--Menschliches=
list	not_parameter_values		2524	--Menschliches=
list	not_parameter_values		2525	--Menschliches=
list	not_parameter_values		2526	--menschliches=
list	not_parameter_values		2527	--menschliches=
list	not_parameter_values		2528	--menschliches=
list	not_parameter_values		2529	--menschliches=
list	not_parameter_values		2530	--menschliches=
list	not_parameter_values		2531	--menschliches=
list	not_parameter_values		2532	--menschliches=
list	not_parameter_values		2533	--menschliches=
list	not_parameter_values		2534	--menschliches=
list	not_parameter_values		2535	--menschliches=
list	not_parameter_values		2536	--menschliches=
list	not_parameter_values		2537	--Menschliches=
list	not_parameter_values		2538	--Menschliches=
list	not_parameter_values		2539	--Menschliches=
list	not_parameter_values		2540	--Menschliches=
list	not_parameter_values		2541	--menschliches=
list	not_parameter_values		2542	--menschliches=
list	not_parameter_values		2543	--menschliches=
list	not_parameter_values		2544	--menschliches=
list	not_parameter_values		2545	--Menschliches=
list	not_parameter_values		2546	--Menschliches=
list	not_parameter_values		2547	--Menschliches=
list	not_parameter_values		2548	--Menschliches=
list	not_parameter_values		2549	--Menschliches=
list	not_parameter_values		2550	--Menschliches=
list	not_parameter_values		2551	--menschliches=
list	not_parameter_values		2552	--menschliches=
list	not_parameter_values		2553	--menschliches=
list	not_parameter_values		2554	--menschliches=
list	not_parameter_values		2555	--menschliches=
list	not_parameter_values		2556	--menschliches=
list	not_parameter_values		2557	--Menschliches=
list	not_parameter_values		2558	--Menschliches=
list	not_parameter_values		2559	--Menschliches=
list	not_parameter_values		2560	--Menschliches=
list	not_parameter_values		2561	--Menschliches=
list	not_parameter_values		2562	--Menschliches=
list	not_parameter_values		2563	--menschliches=
list	not_parameter_values		2564	--menschliches=
list	not_parameter_values		2565	--menschliches=
list	not_parameter_values		2566	--menschliches=
list	not_parameter_values		2567	--menschliches=
list	not_parameter_values		2568	--menschliches=
list	not_parameter_values		2569	--Menschliches=
list	not_parameter_values		2570	--Menschliches=
list	not_parameter_values		2571	--menschliches=
list	not_parameter_values		2572	--menschliches=
list	not_parameter_values		2573	--Grundstrukturen=
list	not_parameter_values		2574	--grundstrukturen=
list	not_parameter_values		2575	--Multiversum=
list	not_parameter_values		2576	--multiversum=
list	not_parameter_values		2577	--Universum=
list	not_parameter_values		2578	--Universum=
list	not_parameter_values		2579	--universum=
list	not_parameter_values		2580	--universum=
list	not_parameter_values		2581	--transzendentalien=
list	not_parameter_values		2582	--transzendentalien=
list	not_parameter_values		2583	--strukturalien=
list	not_parameter_values		2584	--strukturalien=
list	not_parameter_values		2585	--kugel=
list	not_parameter_values		2586	--kugel=
list	not_parameter_values		2587	--kugeln=
list	not_parameter_values		2588	--kugeln=
list	not_parameter_values		2589	--ball=
list	not_parameter_values		2590	--ball=
list	not_parameter_values		2591	--baelle=
list	not_parameter_values		2592	--baelle=
list	not_parameter_values		2593	--bälle=
list	not_parameter_values		2594	--bälle=
list	not_parameter_values		2595	--Universum=
list	not_parameter_values		2596	--universum=
list	not_parameter_values		2597	--transzendentalien=
list	not_parameter_values		2598	--strukturalien=
list	not_parameter_values		2599	--kugel=
list	not_parameter_values		2600	--kugeln=
list	not_parameter_values		2601	--ball=
list	not_parameter_values		2602	--baelle=
list	not_parameter_values		2603	--bälle=
list	not_parameter_values		2604	--Menschliches=
list	not_parameter_values		2605	--menschliches=
list	not_parameter_values		2606	--Menschliches=
list	not_parameter_values		2607	--Menschliches=
list	not_parameter_values		2608	--menschliches=
list	not_parameter_values		2609	--menschliches=
list	not_parameter_values		2610	--Menschliches=
list	not_parameter_values		2611	--Menschliches=
list	not_parameter_values		2612	--Menschliches=
list	not_parameter_values		2613	--menschliches=
list	not_parameter_values		2614	--menschliches=
list	not_parameter_values		2615	--menschliches=
list	not_parameter_values		2616	--Menschliches=
list	not_parameter_values		2617	--Menschliches=
list	not_parameter_values		2618	--Menschliches=
list	not_parameter_values		2619	--Menschliches=
list	not_parameter_values		2620	--menschliches=
list	not_parameter_values		2621	--menschliches=
list	not_parameter_values		2622	--menschliches=
list	not_parameter_values		2623	--menschliches=
list	not_parameter_values		2624	--Menschliches=
list	not_parameter_values		2625	--Menschliches=
list	not_parameter_values		2626	--menschliches=
list	not_parameter_values		2627	--menschliches=
list	not_parameter_values		2628	--Pro_Contra=
list	not_parameter_values		2629	--Pro_Contra=
list	not_parameter_values		2630	--Pro_Contra=
list	not_parameter_values		2631	--Pro_Contra=
list	not_parameter_values		2632	--procontra=
list	not_parameter_values		2633	--procontra=
list	not_parameter_values		2634	--procontra=
list	not_parameter_values		2635	--procontra=
list	not_parameter_values		2636	--dagegendafuer=
list	not_parameter_values		2637	--dagegendafuer=
list	not_parameter_values		2638	--dagegendafuer=
list	not_parameter_values		2639	--dagegendafuer=
list	not_parameter_values		2640	--Pro_Contra=
list	not_parameter_values		2641	--Pro_Contra=
list	not_parameter_values		2642	--Pro_Contra=
list	not_parameter_values		2643	--Pro_Contra=
list	not_parameter_values		2644	--Pro_Contra=
list	not_parameter_values		2645	--procontra=
list	not_parameter_values		2646	--procontra=
list	not_parameter_values		2647	--procontra=
list	not_parameter_values		2648	--procontra=
list	not_parameter_values		2649	--procontra=
list	not_parameter_values		2650	--dagegendafuer=
list	not_parameter_values		2651	--dagegendafuer=
list	not_parameter_values		2652	--dagegendafuer=
list	not_parameter_values		2653	--dagegendafuer=
list	not_parameter_values		2654	--dagegendafuer=
list	not_parameter_values		2655	--Pro_Contra=
list	not_parameter_values		2656	--Pro_Contra=
list	not_parameter_values		2657	--Pro_Contra=
list	not_parameter_values		2658	--Pro_Contra=
list	not_parameter_values		2659	--Pro_Contra=
list	not_parameter_values		2660	--procontra=
list	not_parameter_values		2661	--procontra=
list	not_parameter_values		2662	--procontra=
list	not_parameter_values		2663	--procontra=
list	not_parameter_values		2664	--procontra=
list	not_parameter_values		2665	--dagegendafuer=
list	not_parameter_values		2666	--dagegendafuer=
list	not_parameter_values		2667	--dagegendafuer=
list	not_parameter_values		2668	--dagegendafuer=
list	not_parameter_values		2669	--dagegendafuer=
list	not_parameter_values		2670	--Pro_Contra=
list	not_parameter_values		2671	--Pro_Contra=
list	not_parameter_values		2672	--procontra=
list	not_parameter_values		2673	--procontra=
list	not_parameter_values		2674	--dagegendafuer=
list	not_parameter_values		2675	--dagegendafuer=
list	not_parameter_values		2676	--Pro_Contra=
list	not_parameter_values		2677	--Pro_Contra=
list	not_parameter_values		2678	--Pro_Contra=
list	not_parameter_values		2679	--procontra=
list	not_parameter_values		2680	--procontra=
list	not_parameter_values		2681	--procontra=
list	not_parameter_values		2682	--dagegendafuer=
list	not_parameter_values		2683	--dagegendafuer=
list	not_parameter_values		2684	--dagegendafuer=
list	not_parameter_values		2685	--Pro_Contra=
list	not_parameter_values		2686	--Pro_Contra=
list	not_parameter_values		2687	--Pro_Contra=
list	not_parameter_values		2688	--procontra=
list	not_parameter_values		2689	--procontra=
list	not_parameter_values		2690	--procontra=
list	not_parameter_values		2691	--dagegendafuer=
list	not_parameter_values		2692	--dagegendafuer=
list	not_parameter_values		2693	--dagegendafuer=
list	not_parameter_values		2694	--Pro_Contra=
list	not_parameter_values		2695	--procontra=
list	not_parameter_values		2696	--dagegendafuer=
list	not_parameter_values		2697	--Pro_Contra=
list	not_parameter_values		2698	--Pro_Contra=
list	not_parameter_values		2699	--procontra=
list	not_parameter_values		2700	--procontra=
list	not_parameter_values		2701	--dagegendafuer=
list	not_parameter_values		2702	--dagegendafuer=
list	not_parameter_values		2703	--Pro_Contra=
list	not_parameter_values		2704	--Pro_Contra=
list	not_parameter_values		2705	--procontra=
list	not_parameter_values		2706	--procontra=
list	not_parameter_values		2707	--dagegendafuer=
list	not_parameter_values		2708	--dagegendafuer=
list	not_parameter_values		2709	--Pro_Contra=
list	not_parameter_values		2710	--Pro_Contra=
list	not_parameter_values		2711	--procontra=
list	not_parameter_values		2712	--procontra=
list	not_parameter_values		2713	--dagegendafuer=
list	not_parameter_values		2714	--dagegendafuer=
list	not_parameter_values		2715	--Pro_Contra=
list	not_parameter_values		2716	--Pro_Contra=
list	not_parameter_values		2717	--Pro_Contra=
list	not_parameter_values		2718	--procontra=
list	not_parameter_values		2719	--procontra=
list	not_parameter_values		2720	--procontra=
list	not_parameter_values		2721	--dagegendafuer=
list	not_parameter_values		2722	--dagegendafuer=
list	not_parameter_values		2723	--dagegendafuer=
list	not_parameter_values		2724	--Pro_Contra=
list	not_parameter_values		2725	--Pro_Contra=
list	not_parameter_values		2726	--Pro_Contra=
list	not_parameter_values		2727	--Pro_Contra=
list	not_parameter_values		2728	--procontra=
list	not_parameter_values		2729	--procontra=
list	not_parameter_values		2730	--procontra=
list	not_parameter_values		2731	--procontra=
list	not_parameter_values		2732	--dagegendafuer=
list	not_parameter_values		2733	--dagegendafuer=
list	not_parameter_values		2734	--dagegendafuer=
list	not_parameter_values		2735	--dagegendafuer=
list	not_parameter_values		2736	--Pro_Contra=
list	not_parameter_values		2737	--Pro_Contra=
list	not_parameter_values		2738	--procontra=
list	not_parameter_values		2739	--procontra=
list	not_parameter_values		2740	--dagegendafuer=
list	not_parameter_values		2741	--dagegendafuer=
list	not_parameter_values		2742	--Pro_Contra=
list	not_parameter_values		2743	--Pro_Contra=
list	not_parameter_values		2744	--procontra=
list	not_parameter_values		2745	--procontra=
list	not_parameter_values		2746	--dagegendafuer=
list	not_parameter_values		2747	--dagegendafuer=
list	not_parameter_values		2748	--Pro_Contra=
list	not_parameter_values		2749	--Pro_Contra=
list	not_parameter_values		2750	--procontra=
list	not_parameter_values		2751	--procontra=
list	not_parameter_values		2752	--dagegendafuer=
list	not_parameter_values		2753	--dagegendafuer=
list	not_parameter_values		2754	--Pro_Contra=
list	not_parameter_values		2755	--Pro_Contra=
list	not_parameter_values		2756	--procontra=
list	not_parameter_values		2757	--procontra=
list	not_parameter_values		2758	--dagegendafuer=
list	not_parameter_values		2759	--dagegendafuer=
list	not_parameter_values		2760	--Pro_Contra=
list	not_parameter_values		2761	--Pro_Contra=
list	not_parameter_values		2762	--procontra=
list	not_parameter_values		2763	--procontra=
list	not_parameter_values		2764	--dagegendafuer=
list	not_parameter_values		2765	--dagegendafuer=
list	not_parameter_values		2766	--Pro_Contra=
list	not_parameter_values		2767	--Pro_Contra=
list	not_parameter_values		2768	--procontra=
list	not_parameter_values		2769	--procontra=
list	not_parameter_values		2770	--dagegendafuer=
list	not_parameter_values		2771	--dagegendafuer=
list	not_parameter_values		2772	--Pro_Contra=
list	not_parameter_values		2773	--Pro_Contra=
list	not_parameter_values		2774	--procontra=
list	not_parameter_values		2775	--procontra=
list	not_parameter_values		2776	--dagegendafuer=
list	not_parameter_values		2777	--dagegendafuer=
list	not_parameter_values		2778	--Pro_Contra=
list	not_parameter_values		2779	--procontra=
list	not_parameter_values		2780	--dagegendafuer=
list	not_parameter_values		2781	--Pro_Contra=
list	not_parameter_values		2782	--Pro_Contra=
list	not_parameter_values		2783	--procontra=
list	not_parameter_values		2784	--procontra=
list	not_parameter_values		2785	--dagegendafuer=
list	not_parameter_values		2786	--dagegendafuer=
list	not_parameter_values		2787	--Pro_Contra=
list	not_parameter_values		2788	--Pro_Contra=
list	not_parameter_values		2789	--procontra=
list	not_parameter_values		2790	--procontra=
list	not_parameter_values		2791	--dagegendafuer=
list	not_parameter_values		2792	--dagegendafuer=
list	not_parameter_values		2793	--Pro_Contra=
list	not_parameter_values		2794	--Pro_Contra=
list	not_parameter_values		2795	--procontra=
list	not_parameter_values		2796	--procontra=
list	not_parameter_values		2797	--dagegendafuer=
list	not_parameter_values		2798	--dagegendafuer=
list	not_parameter_values		2799	--Licht=
list	not_parameter_values		2800	--licht=
list	not_parameter_values		2801	--Pro_Contra=
list	not_parameter_values		2802	--Pro_Contra=
list	not_parameter_values		2803	--procontra=
list	not_parameter_values		2804	--procontra=
list	not_parameter_values		2805	--dagegendafuer=
list	not_parameter_values		2806	--dagegendafuer=
list	not_parameter_values		2807	--Bedeutung=
list	not_parameter_values		2808	--Bedeutung=
list	not_parameter_values		2809	--bedeutung=
list	not_parameter_values		2810	--bedeutung=
list	not_parameter_values		2811	--Bedeutung=
list	not_parameter_values		2812	--Bedeutung=
list	not_parameter_values		2813	--bedeutung=
list	not_parameter_values		2814	--bedeutung=
list	not_parameter_values		2815	--Bedeutung=
list	not_parameter_values		2816	--Bedeutung=
list	not_parameter_values		2817	--bedeutung=
list	not_parameter_values		2818	--bedeutung=
list	not_parameter_values		2819	--Bedeutung=
list	not_parameter_values		2820	--Bedeutung=
list	not_parameter_values		2821	--Bedeutung=
list	not_parameter_values		2822	--Bedeutung=
list	not_parameter_values		2823	--bedeutung=
list	not_parameter_values		2824	--bedeutung=
list	not_parameter_values		2825	--bedeutung=
list	not_parameter_values		2826	--bedeutung=
list	not_parameter_values		2827	--Bedeutung=
list	not_parameter_values		2828	--Bedeutung=
list	not_parameter_values		2829	--Bedeutung=
list	not_parameter_values		2830	--Bedeutung=
list	not_parameter_values		2831	--bedeutung=
list	not_parameter_values		2832	--bedeutung=
list	not_parameter_values		2833	--bedeutung=
list	not_parameter_values		2834	--bedeutung=
list	not_parameter_values		2835	--Bedeutung=
list	not_parameter_values		2836	--Bedeutung=
list	not_parameter_values		2837	--Bedeutung=
list	not_parameter_values		2838	--Bedeutung=
list	not_parameter_values		2839	--Bedeutung=
list	not_parameter_values		2840	--bedeutung=
list	not_parameter_values		2841	--bedeutung=
list	not_parameter_values		2842	--bedeutung=
list	not_parameter_values		2843	--bedeutung=
list	not_parameter_values		2844	--bedeutung=
list	not_parameter_values		2845	--Bedeutung=
list	not_parameter_values		2846	--Bedeutung=
list	not_parameter_values		2847	--Bedeutung=
list	not_parameter_values		2848	--Bedeutung=
list	not_parameter_values		2849	--bedeutung=
list	not_parameter_values		2850	--bedeutung=
list	not_parameter_values		2851	--bedeutung=
list	not_parameter_values		2852	--bedeutung=
list	not_parameter_values		2853	--Bedeutung=
list	not_parameter_values		2854	--Bedeutung=
list	not_parameter_values		2855	--Bedeutung=
list	not_parameter_values		2856	--bedeutung=
list	not_parameter_values		2857	--bedeutung=
list	not_parameter_values		2858	--bedeutung=
list	not_parameter_values		2859	--Bedeutung=
list	not_parameter_values		2860	--Bedeutung=
list	not_parameter_values		2861	--Bedeutung=
list	not_parameter_values		2862	--Bedeutung=
list	not_parameter_values		2863	--Bedeutung=
list	not_parameter_values		2864	--bedeutung=
list	not_parameter_values		2865	--bedeutung=
list	not_parameter_values		2866	--bedeutung=
list	not_parameter_values		2867	--bedeutung=
list	not_parameter_values		2868	--bedeutung=
list	not_parameter_values		2869	--Bedeutung=
list	not_parameter_values		2870	--Bedeutung=
list	not_parameter_values		2871	--Bedeutung=
list	not_parameter_values		2872	--bedeutung=
list	not_parameter_values		2873	--bedeutung=
list	not_parameter_values		2874	--bedeutung=
list	not_parameter_values		2875	--Bedeutung=
list	not_parameter_values		2876	--Bedeutung=
list	not_parameter_values		2877	--Bedeutung=
list	not_parameter_values		2878	--Bedeutung=
list	not_parameter_values		2879	--Bedeutung=
list	not_parameter_values		2880	--Bedeutung=
list	not_parameter_values		2881	--Bedeutung=
list	not_parameter_values		2882	--bedeutung=
list	not_parameter_values		2883	--bedeutung=
list	not_parameter_values		2884	--bedeutung=
list	not_parameter_values		2885	--bedeutung=
list	not_parameter_values		2886	--bedeutung=
list	not_parameter_values		2887	--bedeutung=
list	not_parameter_values		2888	--bedeutung=
list	not_parameter_values		2889	--gebrochen-rational_Galaxie_n/m=
list	not_parameter_values		2890	--gebrochen-rational_Galaxie_n/m=
list	not_parameter_values		2891	--gebrochen-rational_Galaxie_n/m=
list	not_parameter_values		2892	--gebrochen-rational_Galaxie_n/m=
list	not_parameter_values		2893	--gebrochen-rational_Galaxie_n/m=
list	not_parameter_values		2894	--gebrochen-rational_Galaxie_n/m=
list	not_parameter_values		2895	--gebrochen-rational_Galaxie_n/m=
list	not_parameter_values		2896	--gebrochen-rational_Galaxie_n/m=
list	not_parameter_values		2897	--gebrochen-rational_Galaxie_n/m=
list	not_parameter_values		2898	--gebrochen-rational_Galaxie_n/m=
list	not_parameter_values		2899	--gebrochen-rational_Galaxie_n/m=
list	not_parameter_values		2900	--gebrochen-rational_Galaxie_n/m=
list	not_parameter_values		2901	--gebrochen-rational_Galaxie_n/m=
list	not_parameter_values		2902	--gebrochen-rational_Galaxie_n/m=
list	not_parameter_values		2903	--gebrochen-rational_Galaxie_n/m=
list	not_parameter_values		2904	--gebrochen-rational_Galaxie_n/m=
list	not_parameter_values		2905	--gebrochen-rational_Galaxie_n/m=
list	not_parameter_values		2906	--gebrochen-rational_Galaxie_n/m=
list	not_parameter_values		2907	--gebrochen-rational_Galaxie_n/m=
list	not_parameter_values		2908	--gebrochen-rational_Galaxie_n/m=
list	not_parameter_values		2909	--gebrochen-rational_Galaxie_n/m=
list	not_parameter_values		2910	--gebrochen-rational_Galaxie_n/m=
list	not_parameter_values		2911	--gebrochengalaxie=
list	not_parameter_values		2912	--gebrochengalaxie=
list	not_parameter_values		2913	--gebrochengalaxie=
list	not_parameter_values		2914	--gebrochengalaxie=
list	not_parameter_values		2915	--gebrochengalaxie=
list	not_parameter_values		2916	--gebrochengalaxie=
list	not_parameter_values		2917	--gebrochengalaxie=
list	not_parameter_values		2918	--gebrochengalaxie=
list	not_parameter_values		2919	--gebrochengalaxie=
list	not_parameter_values		2920	--gebrochengalaxie=
list	not_parameter_values		2921	--gebrochengalaxie=
list	not_parameter_values		2922	--gebrochengalaxie=
list	not_parameter_values		2923	--gebrochengalaxie=
list	not_parameter_values		2924	--gebrochengalaxie=
list	not_parameter_values		2925	--gebrochengalaxie=
list	not_parameter_values		2926	--gebrochengalaxie=
list	not_parameter_values		2927	--gebrochengalaxie=
list	not_parameter_values		2928	--gebrochengalaxie=
list	not_parameter_values		2929	--gebrochengalaxie=
list	not_parameter_values		2930	--gebrochengalaxie=
list	not_parameter_values		2931	--gebrochengalaxie=
list	not_parameter_values		2932	--gebrochengalaxie=
list	not_parameter_values		2933	--gebrochen-rational_Universum_n/m=
list	not_parameter_values		2934	--gebrochen-rational_Universum_n/m=
list	not_parameter_values		2935	--gebrochen-rational_Universum_n/m=
list	not_parameter_values		2936	--gebrochen-rational_Universum_n/m=
list	not_parameter_values		2937	--gebrochen-rational_Universum_n/m=
list	not_parameter_values		2938	--gebrochen-rational_Universum_n/m=
list	not_parameter_values		2939	--gebrochen-rational_Universum_n/m=
list	not_parameter_values		2940	--gebrochen-rational_Universum_n/m=
list	not_parameter_values		2941	--gebrochen-rational_Universum_n/m=
list	not_parameter_values		2942	--gebrochen-rational_Universum_n/m=
list	not_parameter_values		2943	--gebrochen-rational_Universum_n/m=
list	not_parameter_values		2944	--gebrochen-rational_Universum_n/m=
list	not_parameter_values		2945	--gebrochen-rational_Universum_n/m=
list	not_parameter_values		2946	--gebrochen-rational_Universum_n/m=
list	not_parameter_values		2947	--gebrochen-rational_Universum_n/m=
list	not_parameter_values		2948	--gebrochen-rational_Universum_n/m=
list	not_parameter_values		2949	--gebrochen-rational_Universum_n/m=
list	not_parameter_values		2950	--gebrochen-rational_Universum_n/m=
list	not_parameter_values		2951	--gebrochen-rational_Universum_n/m=
list	not_parameter_values		2952	--gebrochen-rational_Universum_n/m=
list	not_parameter_values		2953	--gebrochen-rational_Universum_n/m=
list	not_parameter_values		2954	--gebrochen-rational_Universum_n/m=
list	not_parameter_values		2955	--gebrochenuniversum=
list	not_parameter_values		2956	--gebrochenuniversum=
list	not_parameter_values		2957	--gebrochenuniversum=
list	not_parameter_values		2958	--gebrochenuniversum=
list	not_parameter_values		2959	--gebrochenuniversum=
list	not_parameter_values		2960	--gebrochenuniversum=
list	not_parameter_values		2961	--gebrochenuniversum=
list	not_parameter_values		2962	--gebrochenuniversum=
list	not_parameter_values		2963	--gebrochenuniversum=
list	not_parameter_values		2964	--gebrochenuniversum=
list	not_parameter_values		2965	--gebrochenuniversum=
list	not_parameter_values		2966	--gebrochenuniversum=
list	not_parameter_values		2967	--gebrochenuniversum=
list	not_parameter_values		2968	--gebrochenuniversum=
list	not_parameter_values		2969	--gebrochenuniversum=
list	not_parameter_values		2970	--gebrochenuniversum=
list	not_parameter_values		2971	--gebrochenuniversum=
list	not_parameter_values		2972	--gebrochenuniversum=
list	not_parameter_values		2973	--gebrochenuniversum=
list	not_parameter_values		2974	--gebrochenuniversum=
list	not_parameter_values		2975	--gebrochenuniversum=
list	not_parameter_values		2976	--gebrochenuniversum=
list	not_parameter_values		2977	--gebrochen-rational_Gefuehle_n/m=
list	not_parameter_values		2978	--gebrochen-rational_Gefuehle_n/m=
list	not_parameter_values		2979	--gebrochen-rational_Gefuehle_n/m=
list	not_parameter_values		2980	--gebrochen-rational_Gefuehle_n/m=
list	not_parameter_values		2981	--gebrochen-rational_Gefuehle_n/m=
list	not_parameter_values		2982	--gebrochen-rational_Gefuehle_n/m=
list	not_parameter_values		2983	--gebrochen-rational_Gefuehle_n/m=
list	not_parameter_values		2984	--gebrochen-rational_Gefuehle_n/m=
list	not_parameter_values		2985	--gebrochen-rational_Gefuehle_n/m=
list	not_parameter_values		2986	--gebrochen-rational_Gefuehle_n/m=
list	not_parameter_values		2987	--gebrochen-rational_Gefuehle_n/m=
list	not_parameter_values		2988	--gebrochen-rational_Gefuehle_n/m=
list	not_parameter_values		2989	--gebrochen-rational_Gefuehle_n/m=
list	not_parameter_values		2990	--gebrochen-rational_Gefuehle_n/m=
list	not_parameter_values		2991	--gebrochen-rational_Gefuehle_n/m=
list	not_parameter_values		2992	--gebrochen-rational_Gefuehle_n/m=
list	not_parameter_values		2993	--gebrochen-rational_Gefuehle_n/m=
list	not_parameter_values		2994	--gebrochen-rational_Gefuehle_n/m=
list	not_parameter_values		2995	--gebrochen-rational_Gefuehle_n/m=
list	not_parameter_values		2996	--gebrochen-rational_Gefuehle_n/m=
list	not_parameter_values		2997	--gebrochen-rational_Gefuehle_n/m=
list	not_parameter_values		2998	--gebrochen-rational_Gefuehle_n/m=
list	not_parameter_values		2999	--gebrochenemotion=
list	not_parameter_values		3000	--gebrochenemotion=
list	not_parameter_values		3001	--gebrochenemotion=
list	not_parameter_values		3002	--gebrochenemotion=
list	not_parameter_values		3003	--gebrochenemotion=
list	not_parameter_values		3004	--gebrochenemotion=
list	not_parameter_values		3005	--gebrochenemotion=
list	not_parameter_values		3006	--gebrochenemotion=
list	not_parameter_values		3007	--gebrochenemotion=
list	not_parameter_values		3008	--gebrochenemotion=
list	not_parameter_values		3009	--gebrochenemotion=
list	not_parameter_values		3010	--gebrochenemotion=
list	not_parameter_values		3011	--gebrochenemotion=
list	not_parameter_values		3012	--gebrochenemotion=
list	not_parameter_values		3013	--gebrochenemotion=
list	not_parameter_values		3014	--gebrochenemotion=
list	not_parameter_values		3015	--gebrochenemotion=
list	not_parameter_values		3016	--gebrochenemotion=
list	not_parameter_values		3017	--gebrochenemotion=
list	not_parameter_values		3018	--gebrochenemotion=
list	not_parameter_values		3019	--gebrochenemotion=
list	not_parameter_values		3020	--gebrochenemotion=
list	not_parameter_values		3021	--gebrochen-rational_Strukturgroesse_n/m=
list	not_parameter_values		3022	--gebrochen-rational_Strukturgroesse_n/m=
list	not_parameter_values		3023	--gebrochen-rational_Strukturgroesse_n/m=
list	not_parameter_values		3024	--gebrochen-rational_Strukturgroesse_n/m=
list	not_parameter_values		3025	--gebrochen-rational_Strukturgroesse_n/m=
list	not_parameter_values		3026	--gebrochen-rational_Strukturgroesse_n/m=
list	not_parameter_values		3027	--gebrochen-rational_Strukturgroesse_n/m=
list	not_parameter_values		3028	--gebrochen-rational_Strukturgroesse_n/m=
list	not_parameter_values		3029	--gebrochen-rational_Strukturgroesse_n/m=
list	not_parameter_values		3030	--gebrochen-rational_Strukturgroesse_n/m=
list	not_parameter_values		3031	--gebrochen-rational_Strukturgroesse_n/m=
list	not_parameter_values		3032	--gebrochen-rational_Strukturgroesse_n/m=
list	not_parameter_values		3033	--gebrochen-rational_Strukturgroesse_n/m=
list	not_parameter_values		3034	--gebrochen-rational_Strukturgroesse_n/m=
list	not_parameter_values		3035	--gebrochen-rational_Strukturgroesse_n/m=
list	not_parameter_values		3036	--gebrochen-rational_Strukturgroesse_n/m=
list	not_parameter_values		3037	--gebrochen-rational_Strukturgroesse_n/m=
list	not_parameter_values		3038	--gebrochen-rational_Strukturgroesse_n/m=
list	not_parameter_values		3039	--gebrochen-rational_Strukturgroesse_n/m=
list	not_parameter_values		3040	--gebrochen-rational_Strukturgroesse_n/m=
list	not_parameter_values		3041	--gebrochen-rational_Strukturgroesse_n/m=
list	not_parameter_values		3042	--gebrochen-rational_Strukturgroesse_n/m=
list	not_parameter_values		3043	--gebrochengroesse=
list	not_parameter_values		3044	--gebrochengroesse=
list	not_parameter_values		3045	--gebrochengroesse=
list	not_parameter_values		3046	--gebrochengroesse=
list	not_parameter_values		3047	--gebrochengroesse=
list	not_parameter_values		3048	--gebrochengroesse=
list	not_parameter_values		3049	--gebrochengroesse=
list	not_parameter_values		3050	--gebrochengroesse=
list	not_parameter_values		3051	--gebrochengroesse=
list	not_parameter_values		3052	--gebrochengroesse=
list	not_parameter_values		3053	--gebrochengroesse=
list	not_parameter_values		3054	--gebrochengroesse=
list	not_parameter_values		3055	--gebrochengroesse=
list	not_parameter_values		3056	--gebrochengroesse=
list	not_parameter_values		3057	--gebrochengroesse=
list	not_parameter_values		3058	--gebrochengroesse=
list	not_parameter_values		3059	--gebrochengroesse=
list	not_parameter_values		3060	--gebrochengroesse=
list	not_parameter_values		3061	--gebrochengroesse=
list	not_parameter_values		3062	--gebrochengroesse=
list	not_parameter_values		3063	--gebrochengroesse=
list	not_parameter_values		3064	--gebrochengroesse=
list	not_parameter_values		3065	--Symbole=
list	not_parameter_values		3066	--symbole=
list	not_parameter_values		3067	--Symbole=
list	not_parameter_values		3068	--symbole=
list	not_parameter_values		3069	--Symbole=
list	not_parameter_values		3070	--symbole=
list	not_parameter_values		3071	--Symbole=
list	not_parameter_values		3072	--Symbole=
list	not_parameter_values		3073	--symbole=
list	not_parameter_values		3074	--symbole=
list	not_parameter_values		3075	--Symbole=
list	not_parameter_values		3076	--symbole=
list	not_parameter_values		3077	--Symbole=
list	not_parameter_values		3078	--symbole=
list	not_parameter_values		3079	--Symbole=
list	not_parameter_values		3080	--symbole=
list	not_parameter_values		3081	--Symbole=
list	not_parameter_values		3082	--symbole=
list	not_parameter_values		3083	--Symbole=
list	not_parameter_values		3084	--symbole=
list	not_parameter_values		3085	--Symbole=
list	not_parameter_values		3086	--Symbole=
list	not_parameter_values		3087	--symbole=
list	not_parameter_values		3088	--symbole=
list	not_parameter_values		3089	--Eigenschaften_n=
list	not_parameter_values		3090	--Eigenschaften_n=
list	not_parameter_values		3091	--Eigenschaften_n=
list	not_parameter_values		3092	--Eigenschaften_n=
list	not_parameter_values		3093	--Eigenschaften_n=
list	not_parameter_values		3094	--Eigenschaften_n=
list	not_parameter_values		3095	--Eigenschaften_n=
list	not_parameter_values		3096	--Eigenschaften_n=
list	not_parameter_values		3097	--eigenschaften=
list	not_parameter_values		3098	--eigenschaften=
list	not_parameter_values		3099	--eigenschaften=
list	not_parameter_values		3100	--eigenschaften=
list	not_parameter_values		3101	--eigenschaften=
list	not_parameter_values		3102	--eigenschaften=
list	not_parameter_values		3103	--eigenschaften=
list	not_parameter_values		3104	--eigenschaften=
list	not_parameter_values		3105	--eigenschaft=
list	not_parameter_values		3106	--eigenschaft=
list	not_parameter_values		3107	--eigenschaft=
list	not_parameter_values		3108	--eigenschaft=
list	not_parameter_values		3109	--eigenschaft=
list	not_parameter_values		3110	--eigenschaft=
list	not_parameter_values		3111	--eigenschaft=
list	not_parameter_values		3112	--eigenschaft=
list	not_parameter_values		3113	--konzept=
list	not_parameter_values		3114	--konzept=
list	not_parameter_values		3115	--konzept=
list	not_parameter_values		3116	--konzept=
list	not_parameter_values		3117	--konzept=
list	not_parameter_values		3118	--konzept=
list	not_parameter_values		3119	--konzept=
list	not_parameter_values		3120	--konzept=
list	not_parameter_values		3121	--konzepte=
list	not_parameter_values		3122	--konzepte=
list	not_parameter_values		3123	--konzepte=
list	not_parameter_values		3124	--konzepte=
list	not_parameter_values		3125	--konzepte=
list	not_parameter_values		3126	--konzepte=
list	not_parameter_values		3127	--konzepte=
list	not_parameter_values		3128	--konzepte=
list	not_parameter_values		3129	--Eigenschaften_n=
list	not_parameter_values		3130	--Eigenschaften_n=
list	not_parameter_values		3131	--Eigenschaften_n=
list	not_parameter_values		3132	--Eigenschaften_n=
list	not_parameter_values		3133	--eigenschaften=
list	not_parameter_values		3134	--eigenschaften=
list	not_parameter_values		3135	--eigenschaften=
list	not_parameter_values		3136	--eigenschaften=
list	not_parameter_values		3137	--eigenschaft=
list	not_parameter_values		3138	--eigenschaft=
list	not_parameter_values		3139	--eigenschaft=
list	not_parameter_values		3140	--eigenschaft=
list	not_parameter_values		3141	--konzept=
list	not_parameter_values		3142	--konzept=
list	not_parameter_values		3143	--konzept=
list	not_parameter_values		3144	--konzept=
list	not_parameter_values		3145	--konzepte=
list	not_parameter_values		3146	--konzepte=
list	not_parameter_values		3147	--konzepte=
list	not_parameter_values		3148	--konzepte=
list	not_parameter_values		3149	--Eigenschaften_n=
list	not_parameter_values		3150	--Eigenschaften_n=
list	not_parameter_values		3151	--Eigenschaften_n=
list	not_parameter_values		3152	--eigenschaften=
list	not_parameter_values		3153	--eigenschaften=
list	not_parameter_values		3154	--eigenschaften=
list	not_parameter_values		3155	--eigenschaft=
list	not_parameter_values		3156	--eigenschaft=
list	not_parameter_values		3157	--eigenschaft=
list	not_parameter_values		3158	--konzept=
list	not_parameter_values		3159	--konzept=
list	not_parameter_values		3160	--konzept=
list	not_parameter_values		3161	--konzepte=
list	not_parameter_values		3162	--konzepte=
list	not_parameter_values		3163	--konzepte=
list	not_parameter_values		3164	--Eigenschaften_n=
list	not_parameter_values		3165	--Eigenschaften_n=
list	not_parameter_values		3166	--Eigenschaften_n=
list	not_parameter_values		3167	--eigenschaften=
list	not_parameter_values		3168	--eigenschaften=
list	not_parameter_values		3169	--eigenschaften=
list	not_parameter_values		3170	--eigenschaft=
list	not_parameter_values		3171	--eigenschaft=
list	not_parameter_values		3172	--eigenschaft=
list	not_parameter_values		3173	--konzept=
list	not_parameter_values		3174	--konzept=
list	not_parameter_values		3175	--konzept=
list	not_parameter_values		3176	--konzepte=
list	not_parameter_values		3177	--konzepte=
list	not_parameter_values		3178	--konzepte=
list	not_parameter_values		3179	--Eigenschaften_1/n=
list	not_parameter_values		3180	--Eigenschaften_1/n=
list	not_parameter_values		3181	--Eigenschaften_1/n=
list	not_parameter_values		3182	--konzept2=
list	not_parameter_values		3183	--konzept2=
list	not_parameter_values		3184	--konzept2=
list	not_parameter_values		3185	--konzepte2=
list	not_parameter_values		3186	--konzepte2=
list	not_parameter_values		3187	--konzepte2=
list	not_parameter_values		3188	--Eigenschaften_1/n=
list	not_parameter_values		3189	--Eigenschaften_1/n=
list	not_parameter_values		3190	--Eigenschaften_1/n=
list	not_parameter_values		3191	--konzept2=
list	not_parameter_values		3192	--konzept2=
list	not_parameter_values		3193	--konzept2=
list	not_parameter_values		3194	--konzepte2=
list	not_parameter_values		3195	--konzepte2=
list	not_parameter_values		3196	--konzepte2=
list	not_parameter_values		3197	--Eigenschaften_1/n=
list	not_parameter_values		3198	--Eigenschaften_1/n=
list	not_parameter_values		3199	--Eigenschaften_1/n=
list	not_parameter_values		3200	--konzept2=
list	not_parameter_values		3201	--konzept2=
list	not_parameter_values		3202	--konzept2=
list	not_parameter_values		3203	--konzepte2=
list	not_parameter_values		3204	--konzepte2=
list	not_parameter_values		3205	--konzepte2=
list	not_parameter_values		3206	--Eigenschaften_1/n=
list	not_parameter_values		3207	--Eigenschaften_1/n=
list	not_parameter_values		3208	--konzept2=
list	not_parameter_values		3209	--konzept2=
list	not_parameter_values		3210	--konzepte2=
list	not_parameter_values		3211	--konzepte2=
list	not_parameter_values		3212	--Eigenschaften_1/n=
list	not_parameter_values		3213	--Eigenschaften_1/n=
list	not_parameter_values		3214	--Eigenschaften_1/n=
list	not_parameter_values		3215	--konzept2=
list	not_parameter_values		3216	--konzept2=
list	not_parameter_values		3217	--konzept2=
list	not_parameter_values		3218	--konzepte2=
list	not_parameter_values		3219	--konzepte2=
list	not_parameter_values		3220	--konzepte2=
list	not_parameter_values		3221	--Eigenschaften_1/n=
list	not_parameter_values		3222	--Eigenschaften_1/n=
list	not_parameter_values		3223	--Eigenschaften_1/n=
list	not_parameter_values		3224	--konzept2=
list	not_parameter_values		3225	--konzept2=
list	not_parameter_values		3226	--konzept2=
list	not_parameter_values		3227	--konzepte2=
list	not_parameter_values		3228	--konzepte2=
list	not_parameter_values		3229	--konzepte2=
list	not_parameter_values		3230	--Eigenschaften_1/n=
list	not_parameter_values		3231	--Eigenschaften_1/n=
list	not_parameter_values		3232	--konzept2=
list	not_parameter_values		3233	--konzept2=
list	not_parameter_values		3234	--konzepte2=
list	not_parameter_values		3235	--konzepte2=
list	not_parameter_values		3236	--Eigenschaften_n=
list	not_parameter_values		3237	--Eigenschaften_n=
list	not_parameter_values		3238	--Eigenschaften_n=
list	not_parameter_values		3239	--Eigenschaften_n=
list	not_parameter_values		3240	--eigenschaften=
list	not_parameter_values		3241	--eigenschaften=
list	not_parameter_values		3242	--eigenschaften=
list	not_parameter_values		3243	--eigenschaften=
list	not_parameter_values		3244	--eigenschaft=
list	not_parameter_values		3245	--eigenschaft=
list	not_parameter_values		3246	--eigenschaft=
list	not_parameter_values		3247	--eigenschaft=
list	not_parameter_values		3248	--konzept=
list	not_parameter_values		3249	--konzept=
list	not_parameter_values		3250	--konzept=
list	not_parameter_values		3251	--konzept=
list	not_parameter_values		3252	--konzepte=
list	not_parameter_values		3253	--konzepte=
list	not_parameter_values		3254	--konzepte=
list	not_parameter_values		3255	--konzepte=
list	not_parameter_values		3256	--Eigenschaften_1/n=
list	not_parameter_values		3257	--Eigenschaften_1/n=
list	not_parameter_values		3258	--Eigenschaften_1/n=
list	not_parameter_values		3259	--konzept2=
list	not_parameter_values		3260	--konzept2=
list	not_parameter_values		3261	--konzept2=
list	not_parameter_values		3262	--konzepte2=
list	not_parameter_values		3263	--konzepte2=
list	not_parameter_values		3264	--konzepte2=
list	not_parameter_values		3265	--Eigenschaften_1/n=
list	not_parameter_values		3266	--Eigenschaften_1/n=
list	not_parameter_values		3267	--Eigenschaften_1/n=
list	not_parameter_values		3268	--Eigenschaften_1/n=
list	not_parameter_values		3269	--Eigenschaften_1/n=
list	not_parameter_values		3270	--konzept2=
list	not_parameter_values		3271	--konzept2=
list	not_parameter_values		3272	--konzept2=
list	not_parameter_values		3273	--konzept2=
list	not_parameter_values		3274	--konzept2=
list	not_parameter_values		3275	--konzepte2=
list	not_parameter_values		3276	--konzepte2=
list	not_parameter_values		3277	--konzepte2=
list	not_parameter_values		3278	--konzepte2=
list	not_parameter_values		3279	--konzepte2=
list	not_parameter_values		3280	--Eigenschaften_n=
list	not_parameter_values		3281	--eigenschaften=
list	not_parameter_values		3282	--eigenschaft=
list	not_parameter_values		3283	--konzept=
list	not_parameter_values		3284	--konzepte=
list	not_parameter_values		3285	--Eigenschaften_n=
list	not_parameter_values		3286	--Eigenschaften_n=
list	not_parameter_values		3287	--eigenschaften=
list	not_parameter_values		3288	--eigenschaften=
list	not_parameter_values		3289	--eigenschaft=
list	not_parameter_values		3290	--eigenschaft=
list	not_parameter_values		3291	--konzept=
list	not_parameter_values		3292	--konzept=
list	not_parameter_values		3293	--konzepte=
list	not_parameter_values		3294	--konzepte=
list	not_parameter_values		3295	--Eigenschaften_n=
list	not_parameter_values		3296	--Eigenschaften_n=
list	not_parameter_values		3297	--Eigenschaften_n=
list	not_parameter_values		3298	--eigenschaften=
list	not_parameter_values		3299	--eigenschaften=
list	not_parameter_values		3300	--eigenschaften=
list	not_parameter_values		3301	--eigenschaft=
list	not_parameter_values		3302	--eigenschaft=
list	not_parameter_values		3303	--eigenschaft=
list	not_parameter_values		3304	--konzept=
list	not_parameter_values		3305	--konzept=
list	not_parameter_values		3306	--konzept=
list	not_parameter_values		3307	--konzepte=
list	not_parameter_values		3308	--konzepte=
list	not_parameter_values		3309	--konzepte=
list	not_parameter_values		3310	--Eigenschaften_n=
list	not_parameter_values		3311	--Eigenschaften_n=
list	not_parameter_values		3312	--Eigenschaften_n=
list	not_parameter_values		3313	--Eigenschaften_n=
list	not_parameter_values		3314	--eigenschaften=
list	not_parameter_values		3315	--eigenschaften=
list	not_parameter_values		3316	--eigenschaften=
list	not_parameter_values		3317	--eigenschaften=
list	not_parameter_values		3318	--eigenschaft=
list	not_parameter_values		3319	--eigenschaft=
list	not_parameter_values		3320	--eigenschaft=
list	not_parameter_values		3321	--eigenschaft=
list	not_parameter_values		3322	--konzept=
list	not_parameter_values		3323	--konzept=
list	not_parameter_values		3324	--konzept=
list	not_parameter_values		3325	--konzept=
list	not_parameter_values		3326	--konzepte=
list	not_parameter_values		3327	--konzepte=
list	not_parameter_values		3328	--konzepte=
list	not_parameter_values		3329	--konzepte=
list	not_parameter_values		3330	--Eigenschaften_n=
list	not_parameter_values		3331	--Eigenschaften_n=
list	not_parameter_values		3332	--Eigenschaften_n=
list	not_parameter_values		3333	--Eigenschaften_n=
list	not_parameter_values		3334	--eigenschaften=
list	not_parameter_values		3335	--eigenschaften=
list	not_parameter_values		3336	--eigenschaften=
list	not_parameter_values		3337	--eigenschaften=
list	not_parameter_values		3338	--eigenschaft=
list	not_parameter_values		3339	--eigenschaft=
list	not_parameter_values		3340	--eigenschaft=
list	not_parameter_values		3341	--eigenschaft=
list	not_parameter_values		3342	--konzept=
list	not_parameter_values		3343	--konzept=
list	not_parameter_values		3344	--konzept=
list	not_parameter_values		3345	--konzept=
list	not_parameter_values		3346	--konzepte=
list	not_parameter_values		3347	--konzepte=
list	not_parameter_values		3348	--konzepte=
list	not_parameter_values		3349	--konzepte=
list	not_parameter_values		3350	--Eigenschaften_n=
list	not_parameter_values		3351	--Eigenschaften_n=
list	not_parameter_values		3352	--Eigenschaften_n=
list	not_parameter_values		3353	--eigenschaften=
list	not_parameter_values		3354	--eigenschaften=
list	not_parameter_values		3355	--eigenschaften=
list	not_parameter_values		3356	--eigenschaft=
list	not_parameter_values		3357	--eigenschaft=
list	not_parameter_values		3358	--eigenschaft=
list	not_parameter_values		3359	--konzept=
list	not_parameter_values		3360	--konzept=
list	not_parameter_values		3361	--konzept=
list	not_parameter_values		3362	--konzepte=
list	not_parameter_values		3363	--konzepte=
list	not_parameter_values		3364	--konzepte=
list	not_parameter_values		3365	--Eigenschaften_n=
list	not_parameter_values		3366	--Eigenschaften_n=
list	not_parameter_values		3367	--Eigenschaften_n=
list	not_parameter_values		3368	--eigenschaften=
list	not_parameter_values		3369	--eigenschaften=
list	not_parameter_values		3370	--eigenschaften=
list	not_parameter_values		3371	--eigenschaft=
list	not_parameter_values		3372	--eigenschaft=
list	not_parameter_values		3373	--eigenschaft=
list	not_parameter_values		3374	--konzept=
list	not_parameter_values		3375	--konzept=
list	not_parameter_values		3376	--konzept=
list	not_parameter_values		3377	--konzepte=
list	not_parameter_values		3378	--konzepte=
list	not_parameter_values		3379	--konzepte=
list	not_parameter_values		3380	--Eigenschaften_n=
list	not_parameter_values		3381	--Eigenschaften_n=
list	not_parameter_values		3382	--Eigenschaften_n=
list	not_parameter_values		3383	--Eigenschaften_n=
list	not_parameter_values		3384	--eigenschaften=
list	not_parameter_values		3385	--eigenschaften=
list	not_parameter_values		3386	--eigenschaften=
list	not_parameter_values		3387	--eigenschaften=
list	not_parameter_values		3388	--eigenschaft=
list	not_parameter_values		3389	--eigenschaft=
list	not_parameter_values		3390	--eigenschaft=
list	not_parameter_values		3391	--eigenschaft=
list	not_parameter_values		3392	--konzept=
list	not_parameter_values		3393	--konzept=
list	not_parameter_values		3394	--konzept=
list	not_parameter_values		3395	--konzept=
list	not_parameter_values		3396	--konzepte=
list	not_parameter_values		3397	--konzepte=
list	not_parameter_values		3398	--konzepte=
list	not_parameter_values		3399	--konzepte=
list	not_parameter_values		3400	--Eigenschaften_n=
list	not_parameter_values		3401	--Eigenschaften_n=
list	not_parameter_values		3402	--Eigenschaften_n=
list	not_parameter_values		3403	--Eigenschaften_n=
list	not_parameter_values		3404	--Eigenschaften_n=
list	not_parameter_values		3405	--eigenschaften=
list	not_parameter_values		3406	--eigenschaften=
list	not_parameter_values		3407	--eigenschaften=
list	not_parameter_values		3408	--eigenschaften=
list	not_parameter_values		3409	--eigenschaften=
list	not_parameter_values		3410	--eigenschaft=
list	not_parameter_values		3411	--eigenschaft=
list	not_parameter_values		3412	--eigenschaft=
list	not_parameter_values		3413	--eigenschaft=
list	not_parameter_values		3414	--eigenschaft=
list	not_parameter_values		3415	--konzept=
list	not_parameter_values		3416	--konzept=
list	not_parameter_values		3417	--konzept=
list	not_parameter_values		3418	--konzept=
list	not_parameter_values		3419	--konzept=
list	not_parameter_values		3420	--konzepte=
list	not_parameter_values		3421	--konzepte=
list	not_parameter_values		3422	--konzepte=
list	not_parameter_values		3423	--konzepte=
list	not_parameter_values		3424	--konzepte=
list	not_parameter_values		3425	--Menschliches=
list	not_parameter_values		3426	--Menschliches=
list	not_parameter_values		3427	--Menschliches=
list	not_parameter_values		3428	--Menschliches=
list	not_parameter_values		3429	--menschliches=
list	not_parameter_values		3430	--menschliches=
list	not_parameter_values		3431	--menschliches=
list	not_parameter_values		3432	--menschliches=
list	not_parameter_values		3433	--Eigenschaften_n=
list	not_parameter_values		3434	--Eigenschaften_n=
list	not_parameter_values		3435	--Eigenschaften_n=
list	not_parameter_values		3436	--Eigenschaften_n=
list	not_parameter_values		3437	--eigenschaften=
list	not_parameter_values		3438	--eigenschaften=
list	not_parameter_values		3439	--eigenschaften=
list	not_parameter_values		3440	--eigenschaften=
list	not_parameter_values		3441	--eigenschaft=
list	not_parameter_values		3442	--eigenschaft=
list	not_parameter_values		3443	--eigenschaft=
list	not_parameter_values		3444	--eigenschaft=
list	not_parameter_values		3445	--konzept=
list	not_parameter_values		3446	--konzept=
list	not_parameter_values		3447	--konzept=
list	not_parameter_values		3448	--konzept=
list	not_parameter_values		3449	--konzepte=
list	not_parameter_values		3450	--konzepte=
list	not_parameter_values		3451	--konzepte=
list	not_parameter_values		3452	--konzepte=
list	not_parameter_values		3453	--Eigenschaften_n=
list	not_parameter_values		3454	--Eigenschaften_n=
list	not_parameter_values		3455	--eigenschaften=
list	not_parameter_values		3456	--eigenschaften=
list	not_parameter_values		3457	--eigenschaft=
list	not_parameter_values		3458	--eigenschaft=
list	not_parameter_values		3459	--konzept=
list	not_parameter_values		3460	--konzept=
list	not_parameter_values		3461	--konzepte=
list	not_parameter_values		3462	--konzepte=
list	not_parameter_values		3463	--Eigenschaften_n=
list	not_parameter_values		3464	--Eigenschaften_n=
list	not_parameter_values		3465	--eigenschaften=
list	not_parameter_values		3466	--eigenschaften=
list	not_parameter_values		3467	--eigenschaft=
list	not_parameter_values		3468	--eigenschaft=
list	not_parameter_values		3469	--konzept=
list	not_parameter_values		3470	--konzept=
list	not_parameter_values		3471	--konzepte=
list	not_parameter_values		3472	--konzepte=
list	not_parameter_values		3473	--Eigenschaften_n=
list	not_parameter_values		3474	--Eigenschaften_n=
list	not_parameter_values		3475	--Eigenschaften_n=
list	not_parameter_values		3476	--Eigenschaften_n=
list	not_parameter_values		3477	--Eigenschaften_n=
list	not_parameter_values		3478	--eigenschaften=
list	not_parameter_values		3479	--eigenschaften=
list	not_parameter_values		3480	--eigenschaften=
list	not_parameter_values		3481	--eigenschaften=
list	not_parameter_values		3482	--eigenschaften=
list	not_parameter_values		3483	--eigenschaft=
list	not_parameter_values		3484	--eigenschaft=
list	not_parameter_values		3485	--eigenschaft=
list	not_parameter_values		3486	--eigenschaft=
list	not_parameter_values		3487	--eigenschaft=
list	not_parameter_values		3488	--konzept=
list	not_parameter_values		3489	--konzept=
list	not_parameter_values		3490	--konzept=
list	not_parameter_values		3491	--konzept=
list	not_parameter_values		3492	--konzept=
list	not_parameter_values		3493	--konzepte=
list	not_parameter_values		3494	--konzepte=
list	not_parameter_values		3495	--konzepte=
list	not_parameter_values		3496	--konzepte=
list	not_parameter_values		3497	--konzepte=
list	not_parameter_values		3498	--Eigenschaften_n=
list	not_parameter_values		3499	--Eigenschaften_n=
list	not_parameter_values		3500	--Eigenschaften_n=
list	not_parameter_values		3501	--eigenschaften=
list	not_parameter_values		3502	--eigenschaften=
list	not_parameter_values		3503	--eigenschaften=
list	not_parameter_values		3504	--eigenschaft=
list	not_parameter_values		3505	--eigenschaft=
list	not_parameter_values		3506	--eigenschaft=
list	not_parameter_values		3507	--konzept=
list	not_parameter_values		3508	--konzept=
list	not_parameter_values		3509	--konzept=
list	not_parameter_values		3510	--konzepte=
list	not_parameter_values		3511	--konzepte=
list	not_parameter_values		3512	--konzepte=
list	not_parameter_values		3513	--Eigenschaften_n=
list	not_parameter_values		3514	--Eigenschaften_n=
list	not_parameter_values		3515	--Eigenschaften_n=
list	not_parameter_values		3516	--Eigenschaften_n=
list	not_parameter_values		3517	--Eigenschaften_n=
list	not_parameter_values		3518	--Eigenschaften_n=
list	not_parameter_values		3519	--eigenschaften=
list	not_parameter_values		3520	--eigenschaften=
list	not_parameter_values		3521	--eigenschaften=
list	not_parameter_values		3522	--eigenschaften=
list	not_parameter_values		3523	--eigenschaften=
list	not_parameter_values		3524	--eigenschaften=
list	not_parameter_values		3525	--eigenschaft=
list	not_parameter_values		3526	--eigenschaft=
list	not_parameter_values		3527	--eigenschaft=
list	not_parameter_values		3528	--eigenschaft=
list	not_parameter_values		3529	--eigenschaft=
list	not_parameter_values		3530	--eigenschaft=
list	not_parameter_values		3531	--konzept=
list	not_parameter_values		3532	--konzept=
list	not_parameter_values		3533	--konzept=
list	not_parameter_values		3534	--konzept=
list	not_parameter_values		3535	--konzept=
list	not_parameter_values		3536	--konzept=
list	not_parameter_values		3537	--konzepte=
list	not_parameter_values		3538	--konzepte=
list	not_parameter_values		3539	--konzepte=
list	not_parameter_values		3540	--konzepte=
list	not_parameter_values		3541	--konzepte=
list	not_parameter_values		3542	--konzepte=
list	not_parameter_values		3543	--Eigenschaften_n=
list	not_parameter_values		3544	--Eigenschaften_n=
list	not_parameter_values		3545	--eigenschaften=
list	not_parameter_values		3546	--eigenschaften=
list	not_parameter_values		3547	--eigenschaft=
list	not_parameter_values		3548	--eigenschaft=
list	not_parameter_values		3549	--konzept=
list	not_parameter_values		3550	--konzept=
list	not_parameter_values		3551	--konzepte=
list	not_parameter_values		3552	--konzepte=
list	not_parameter_values		3553	--Eigenschaften_n=
list	not_parameter_values		3554	--Eigenschaften_n=
list	not_parameter_values		3555	--Eigenschaften_n=
list	not_parameter_values		3556	--Eigenschaften_n=
list	not_parameter_values		3557	--Eigenschaften_n=
list	not_parameter_values		3558	--Eigenschaften_n=
list	not_parameter_values		3559	--eigenschaften=
list	not_parameter_values		3560	--eigenschaften=
list	not_parameter_values		3561	--eigenschaften=
list	not_parameter_values		3562	--eigenschaften=
list	not_parameter_values		3563	--eigenschaften=
list	not_parameter_values		3564	--eigenschaften=
list	not_parameter_values		3565	--eigenschaft=
list	not_parameter_values		3566	--eigenschaft=
list	not_parameter_values		3567	--eigenschaft=
list	not_parameter_values		3568	--eigenschaft=
list	not_parameter_values		3569	--eigenschaft=
list	not_parameter_values		3570	--eigenschaft=
list	not_parameter_values		3571	--konzept=
list	not_parameter_values		3572	--konzept=
list	not_parameter_values		3573	--konzept=
list	not_parameter_values		3574	--konzept=
list	not_parameter_values		3575	--konzept=
list	not_parameter_values		3576	--konzept=
list	not_parameter_values		3577	--konzepte=
list	not_parameter_values		3578	--konzepte=
list	not_parameter_values		3579	--konzepte=
list	not_parameter_values		3580	--konzepte=
list	not_parameter_values		3581	--konzepte=
list	not_parameter_values		3582	--konzepte=
list	not_parameter_values		3583	--Eigenschaften_n=
list	not_parameter_values		3584	--Eigenschaften_n=
list	not_parameter_values		3585	--Eigenschaften_n=
list	not_parameter_values		3586	--Eigenschaften_n=
list	not_parameter_values		3587	--eigenschaften=
list	not_parameter_values		3588	--eigenschaften=
list	not_parameter_values		3589	--eigenschaften=
list	not_parameter_values		3590	--eigenschaften=
list	not_parameter_values		3591	--eigenschaft=
list	not_parameter_values		3592	--eigenschaft=
list	not_parameter_values		3593	--eigenschaft=
list	not_parameter_values		3594	--eigenschaft=
list	not_parameter_values		3595	--konzept=
list	not_parameter_values		3596	--konzept=
list	not_parameter_values		3597	--konzept=
list	not_parameter_values		3598	--konzept=
list	not_parameter_values		3599	--konzepte=
list	not_parameter_values		3600	--konzepte=
list	not_parameter_values		3601	--konzepte=
list	not_parameter_values		3602	--konzepte=
list	not_parameter_values		3603	--Eigenschaften_n=
list	not_parameter_values		3604	--Eigenschaften_n=
list	not_parameter_values		3605	--Eigenschaften_n=
list	not_parameter_values		3606	--Eigenschaften_n=
list	not_parameter_values		3607	--Eigenschaften_n=
list	not_parameter_values		3608	--eigenschaften=
list	not_parameter_values		3609	--eigenschaften=
list	not_parameter_values		3610	--eigenschaften=
list	not_parameter_values		3611	--eigenschaften=
list	not_parameter_values		3612	--eigenschaften=
list	not_parameter_values		3613	--eigenschaft=
list	not_parameter_values		3614	--eigenschaft=
list	not_parameter_values		3615	--eigenschaft=
list	not_parameter_values		3616	--eigenschaft=
list	not_parameter_values		3617	--eigenschaft=
list	not_parameter_values		3618	--konzept=
list	not_parameter_values		3619	--konzept=
list	not_parameter_values		3620	--konzept=
list	not_parameter_values		3621	--konzept=
list	not_parameter_values		3622	--konzept=
list	not_parameter_values		3623	--konzepte=
list	not_parameter_values		3624	--konzepte=
list	not_parameter_values		3625	--konzepte=
list	not_parameter_values		3626	--konzepte=
list	not_parameter_values		3627	--konzepte=
list	not_parameter_values		3628	--Eigenschaften_n=
list	not_parameter_values		3629	--Eigenschaften_n=
list	not_parameter_values		3630	--Eigenschaften_n=
list	not_parameter_values		3631	--Eigenschaften_n=
list	not_parameter_values		3632	--Eigenschaften_n=
list	not_parameter_values		3633	--Eigenschaften_n=
list	not_parameter_values		3634	--eigenschaften=
list	not_parameter_values		3635	--eigenschaften=
list	not_parameter_values		3636	--eigenschaften=
list	not_parameter_values		3637	--eigenschaften=
list	not_parameter_values		3638	--eigenschaften=
list	not_parameter_values		3639	--eigenschaften=
list	not_parameter_values		3640	--eigenschaft=
list	not_parameter_values		3641	--eigenschaft=
list	not_parameter_values		3642	--eigenschaft=
list	not_parameter_values		3643	--eigenschaft=
list	not_parameter_values		3644	--eigenschaft=
list	not_parameter_values		3645	--eigenschaft=
list	not_parameter_values		3646	--konzept=
list	not_parameter_values		3647	--konzept=
list	not_parameter_values		3648	--konzept=
list	not_parameter_values		3649	--konzept=
list	not_parameter_values		3650	--konzept=
list	not_parameter_values		3651	--konzept=
list	not_parameter_values		3652	--konzepte=
list	not_parameter_values		3653	--konzepte=
list	not_parameter_values		3654	--konzepte=
list	not_parameter_values		3655	--konzepte=
list	not_parameter_values		3656	--konzepte=
list	not_parameter_values		3657	--konzepte=
list	not_parameter_values		3658	--Eigenschaften_n=
list	not_parameter_values		3659	--Eigenschaften_n=
list	not_parameter_values		3660	--Eigenschaften_n=
list	not_parameter_values		3661	--Eigenschaften_n=
list	not_parameter_values		3662	--eigenschaften=
list	not_parameter_values		3663	--eigenschaften=
list	not_parameter_values		3664	--eigenschaften=
list	not_parameter_values		3665	--eigenschaften=
list	not_parameter_values		3666	--eigenschaft=
list	not_parameter_values		3667	--eigenschaft=
list	not_parameter_values		3668	--eigenschaft=
list	not_parameter_values		3669	--eigenschaft=
list	not_parameter_values		3670	--konzept=
list	not_parameter_values		3671	--konzept=
list	not_parameter_values		3672	--konzept=
list	not_parameter_values		3673	--konzept=
list	not_parameter_values		3674	--konzepte=
list	not_parameter_values		3675	--konzepte=
list	not_parameter_values		3676	--konzepte=
list	not_parameter_values		3677	--konzepte=
list	not_parameter_values		3678	--Eigenschaften_n=
list	not_parameter_values		3679	--Eigenschaften_n=
list	not_parameter_values		3680	--Eigenschaften_n=
list	not_parameter_values		3681	--eigenschaften=
list	not_parameter_values		3682	--eigenschaften=
list	not_parameter_values		3683	--eigenschaften=
list	not_parameter_values		3684	--eigenschaft=
list	not_parameter_values		3685	--eigenschaft=
list	not_parameter_values		3686	--eigenschaft=
list	not_parameter_values		3687	--konzept=
list	not_parameter_values		3688	--konzept=
list	not_parameter_values		3689	--konzept=
list	not_parameter_values		3690	--konzepte=
list	not_parameter_values		3691	--konzepte=
list	not_parameter_values		3692	--konzepte=
list	not_parameter_values		3693	--Eigenschaften_n=
list	not_parameter_values		3694	--Eigenschaften_n=
list	not_parameter_values		3695	--Eigenschaften_n=
list	not_parameter_values		3696	--eigenschaften=
list	not_parameter_values		3697	--eigenschaften=
list	not_parameter_values		3698	--eigenschaften=
list	not_parameter_values		3699	--eigenschaft=
list	not_parameter_values		3700	--eigenschaft=
list	not_parameter_values		3701	--eigenschaft=
list	not_parameter_values		3702	--konzept=
list	not_parameter_values		3703	--konzept=
list	not_parameter_values		3704	--konzept=
list	not_parameter_values		3705	--konzepte=
list	not_parameter_values		3706	--konzepte=
list	not_parameter_values		3707	--konzepte=
list	not_parameter_values		3708	--Eigenschaften_n=
list	not_parameter_values		3709	--Eigenschaften_n=
list	not_parameter_values		3710	--Eigenschaften_n=
list	not_parameter_values		3711	--eigenschaften=
list	not_parameter_values		3712	--eigenschaften=
list	not_parameter_values		3713	--eigenschaften=
list	not_parameter_values		3714	--eigenschaft=
list	not_parameter_values		3715	--eigenschaft=
list	not_parameter_values		3716	--eigenschaft=
list	not_parameter_values		3717	--konzept=
list	not_parameter_values		3718	--konzept=
list	not_parameter_values		3719	--konzept=
list	not_parameter_values		3720	--konzepte=
list	not_parameter_values		3721	--konzepte=
list	not_parameter_values		3722	--konzepte=
list	not_parameter_values		3723	--Eigenschaften_n=
list	not_parameter_values		3724	--Eigenschaften_n=
list	not_parameter_values		3725	--Eigenschaften_n=
list	not_parameter_values		3726	--eigenschaften=
list	not_parameter_values		3727	--eigenschaften=
list	not_parameter_values		3728	--eigenschaften=
list	not_parameter_values		3729	--eigenschaft=
list	not_parameter_values		3730	--eigenschaft=
list	not_parameter_values		3731	--eigenschaft=
list	not_parameter_values		3732	--konzept=
list	not_parameter_values		3733	--konzept=
list	not_parameter_values		3734	--konzept=
list	not_parameter_values		3735	--konzepte=
list	not_parameter_values		3736	--konzepte=
list	not_parameter_values		3737	--konzepte=
list	not_parameter_values		3738	--Eigenschaften_n=
list	not_parameter_values		3739	--Eigenschaften_n=
list	not_parameter_values		3740	--Eigenschaften_n=
list	not_parameter_values		3741	--Eigenschaften_n=
list	not_parameter_values		3742	--Eigenschaften_n=
list	not_parameter_values		3743	--Eigenschaften_n=
list	not_parameter_values		3744	--Eigenschaften_n=
list	not_parameter_values		3745	--eigenschaften=
list	not_parameter_values		3746	--eigenschaften=
list	not_parameter_values		3747	--eigenschaften=
list	not_parameter_values		3748	--eigenschaften=
list	not_parameter_values		3749	--eigenschaften=
list	not_parameter_values		3750	--eigenschaften=
list	not_parameter_values		3751	--eigenschaften=
list	not_parameter_values		3752	--eigenschaft=
list	not_parameter_values		3753	--eigenschaft=
list	not_parameter_values		3754	--eigenschaft=
list	not_parameter_values		3755	--eigenschaft=
list	not_parameter_values		3756	--eigenschaft=
list	not_parameter_values		3757	--eigenschaft=
list	not_parameter_values		3758	--eigenschaft=
list	not_parameter_values		3759	--konzept=
list	not_parameter_values		3760	--konzept=
list	not_parameter_values		3761	--konzept=
list	not_parameter_values		3762	--konzept=
list	not_parameter_values		3763	--konzept=
list	not_parameter_values		3764	--konzept=
list	not_parameter_values		3765	--konzept=
list	not_parameter_values		3766	--konzepte=
list	not_parameter_values		3767	--konzepte=
list	not_parameter_values		3768	--konzepte=
list	not_parameter_values		3769	--konzepte=
list	not_parameter_values		3770	--konzepte=
list	not_parameter_values		3771	--konzepte=
list	not_parameter_values		3772	--konzepte=
list	not_parameter_values		3773	--Eigenschaften_n=
list	not_parameter_values		3774	--Eigenschaften_n=
list	not_parameter_values		3775	--Eigenschaften_n=
list	not_parameter_values		3776	--Eigenschaften_n=
list	not_parameter_values		3777	--Eigenschaften_n=
list	not_parameter_values		3778	--eigenschaften=
list	not_parameter_values		3779	--eigenschaften=
list	not_parameter_values		3780	--eigenschaften=
list	not_parameter_values		3781	--eigenschaften=
list	not_parameter_values		3782	--eigenschaften=
list	not_parameter_values		3783	--eigenschaft=
list	not_parameter_values		3784	--eigenschaft=
list	not_parameter_values		3785	--eigenschaft=
list	not_parameter_values		3786	--eigenschaft=
list	not_parameter_values		3787	--eigenschaft=
list	not_parameter_values		3788	--konzept=
list	not_parameter_values		3789	--konzept=
list	not_parameter_values		3790	--konzept=
list	not_parameter_values		3791	--konzept=
list	not_parameter_values		3792	--konzept=
list	not_parameter_values		3793	--konzepte=
list	not_parameter_values		3794	--konzepte=
list	not_parameter_values		3795	--konzepte=
list	not_parameter_values		3796	--konzepte=
list	not_parameter_values		3797	--konzepte=
list	not_parameter_values		3798	--Eigenschaften_n=
list	not_parameter_values		3799	--Eigenschaften_n=
list	not_parameter_values		3800	--eigenschaften=
list	not_parameter_values		3801	--eigenschaften=
list	not_parameter_values		3802	--eigenschaft=
list	not_parameter_values		3803	--eigenschaft=
list	not_parameter_values		3804	--konzept=
list	not_parameter_values		3805	--konzept=
list	not_parameter_values		3806	--konzepte=
list	not_parameter_values		3807	--konzepte=
list	not_parameter_values		3808	--Eigenschaften_n=
list	not_parameter_values		3809	--Eigenschaften_n=
list	not_parameter_values		3810	--Eigenschaften_n=
list	not_parameter_values		3811	--Eigenschaften_n=
list	not_parameter_values		3812	--Eigenschaften_n=
list	not_parameter_values		3813	--eigenschaften=
list	not_parameter_values		3814	--eigenschaften=
list	not_parameter_values		3815	--eigenschaften=
list	not_parameter_values		3816	--eigenschaften=
list	not_parameter_values		3817	--eigenschaften=
list	not_parameter_values		3818	--eigenschaft=
list	not_parameter_values		3819	--eigenschaft=
list	not_parameter_values		3820	--eigenschaft=
list	not_parameter_values		3821	--eigenschaft=
list	not_parameter_values		3822	--eigenschaft=
list	not_parameter_values		3823	--konzept=
list	not_parameter_values		3824	--konzept=
list	not_parameter_values		3825	--konzept=
list	not_parameter_values		3826	--konzept=
list	not_parameter_values		3827	--konzept=
list	not_parameter_values		3828	--konzepte=
list	not_parameter_values		3829	--konzepte=
list	not_parameter_values		3830	--konzepte=
list	not_parameter_values		3831	--konzepte=
list	not_parameter_values		3832	--konzepte=
list	not_parameter_values		3833	--Eigenschaften_n=
list	not_parameter_values		3834	--Eigenschaften_n=
list	not_parameter_values		3835	--Eigenschaften_n=
list	not_parameter_values		3836	--eigenschaften=
list	not_parameter_values		3837	--eigenschaften=
list	not_parameter_values		3838	--eigenschaften=
list	not_parameter_values		3839	--eigenschaft=
list	not_parameter_values		3840	--eigenschaft=
list	not_parameter_values		3841	--eigenschaft=
list	not_parameter_values		3842	--konzept=
list	not_parameter_values		3843	--konzept=
list	not_parameter_values		3844	--konzept=
list	not_parameter_values		3845	--konzepte=
list	not_parameter_values		3846	--konzepte=
list	not_parameter_values		3847	--konzepte=
list	not_parameter_values		3848	--Eigenschaften_n=
list	not_parameter_values		3849	--Eigenschaften_n=
list	not_parameter_values		3850	--eigenschaften=
list	not_parameter_values		3851	--eigenschaften=
list	not_parameter_values		3852	--eigenschaft=
list	not_parameter_values		3853	--eigenschaft=
list	not_parameter_values		3854	--konzept=
list	not_parameter_values		3855	--konzept=
list	not_parameter_values		3856	--konzepte=
list	not_parameter_values		3857	--konzepte=
list	not_parameter_values		3858	--Eigenschaften_n=
list	not_parameter_values		3859	--Eigenschaften_n=
list	not_parameter_values		3860	--eigenschaften=
list	not_parameter_values		3861	--eigenschaften=
list	not_parameter_values		3862	--eigenschaft=
list	not_parameter_values		3863	--eigenschaft=
list	not_parameter_values		3864	--konzept=
list	not_parameter_values		3865	--konzept=
list	not_parameter_values		3866	--konzepte=
list	not_parameter_values		3867	--konzepte=
list	not_parameter_values		3868	--Inkrementieren=
list	not_parameter_values		3869	--inkrementieren=
list	not_parameter_values		3870	--Inkrementieren=
list	not_parameter_values		3871	--inkrementieren=
list	not_parameter_values		3872	--Inkrementieren=
list	not_parameter_values		3873	--inkrementieren=
list	not_parameter_values		3874	--Inkrementieren=
list	not_parameter_values		3875	--inkrementieren=
list	not_parameter_values		3876	--Inkrementieren=
list	not_parameter_values		3877	--Inkrementieren=
list	not_parameter_values		3878	--inkrementieren=
list	not_parameter_values		3879	--inkrementieren=
list	not_parameter_values		3880	--Inkrementieren=
list	not_parameter_values		3881	--Inkrementieren=
list	not_parameter_values		3882	--inkrementieren=
list	not_parameter_values		3883	--inkrementieren=
list	not_parameter_values		3884	--Multiplikationen=
list	not_parameter_values		3885	--Multiplikationen=
list	not_parameter_values		3886	--multiplikationen=
list	not_parameter_values		3887	--multiplikationen=
list	not_parameter_values		3888	--Multiplikationen=
list	not_parameter_values		3889	--Multiplikationen=
list	not_parameter_values		3890	--multiplikationen=
list	not_parameter_values		3891	--multiplikationen=
list	not_parameter_values		3892	--Multiplikationen=
list	not_parameter_values		3893	--Multiplikationen=
list	not_parameter_values		3894	--multiplikationen=
list	not_parameter_values		3895	--multiplikationen=
list	not_parameter_values		3896	--Multiplikationen=
list	not_parameter_values		3897	--Multiplikationen=
list	not_parameter_values		3898	--multiplikationen=
list	not_parameter_values		3899	--multiplikationen=
list	not_parameter_values		3900	--Multiplikationen=
list	not_parameter_values		3901	--Multiplikationen=
list	not_parameter_values		3902	--multiplikationen=
list	not_parameter_values		3903	--multiplikationen=
list	not_parameter_values		3904	--Multiplikationen=
list	not_parameter_values		3905	--Multiplikationen=
list	not_parameter_values		3906	--multiplikationen=
list	not_parameter_values		3907	--multiplikationen=
list	not_parameter_values		3908	--Multiplikationen=
list	not_parameter_values		3909	--Multiplikationen=
list	not_parameter_values		3910	--multiplikationen=
list	not_parameter_values		3911	--multiplikationen=
list	not_parameter_values		3912	--Multiplikationen=
list	not_parameter_values		3913	--Multiplikationen=
list	not_parameter_values		3914	--multiplikationen=
list	not_parameter_values		3915	--multiplikationen=
list	not_parameter_values		3916	--Multiplikationen=
list	not_parameter_values		3917	--Multiplikationen=
list	not_parameter_values		3918	--multiplikationen=
list	not_parameter_values		3919	--multiplikationen=
list	not_parameter_values		3920	--Multiplikationen=
list	not_parameter_values		3921	--multiplikationen=
list	not_parameter_values		3922	--Kontinuum=
list	not_parameter_values		3923	--Kontinuum=
list	not_parameter_values		3924	--Kontinuum=
list	not_parameter_values		3925	--kontinuum=
list	not_parameter_values		3926	--kontinuum=
list	not_parameter_values		3927	--kontinuum=
list	not_parameter_values		3928	--Kontinuum=
list	not_parameter_values		3929	--Kontinuum=
list	not_parameter_values		3930	--Kontinuum=
list	not_parameter_values		3931	--kontinuum=
list	not_parameter_values		3932	--kontinuum=
list	not_parameter_values		3933	--kontinuum=
list	not_parameter_values		3934	--Kontinuum=
list	not_parameter_values		3935	--Kontinuum=
list	not_parameter_values		3936	--Kontinuum=
list	not_parameter_values		3937	--kontinuum=
list	not_parameter_values		3938	--kontinuum=
list	not_parameter_values		3939	--kontinuum=
list	not_parameter_values		3940	--Kontinuum=
list	not_parameter_values		3941	--Kontinuum=
list	not_parameter_values		3942	--kontinuum=
list	not_parameter_values		3943	--kontinuum=
list	not_parameter_values		3944	--Kontinuum=
list	not_parameter_values		3945	--Kontinuum=
list	not_parameter_values		3946	--Kontinuum=
list	not_parameter_values		3947	--kontinuum=
list	not_parameter_values		3948	--kontinuum=
list	not_parameter_values		3949	--kontinuum=
list	not_parameter_values		3950	--Kontinuum=
list	not_parameter_values		3951	--Kontinuum=
list	not_parameter_values		3952	--Kontinuum=
list	not_parameter_values		3953	--kontinuum=
list	not_parameter_values		3954	--kontinuum=
list	not_parameter_values		3955	--kontinuum=
list	not_parameter_values		3956	--Kontinuum=
list	not_parameter_values		3957	--Kontinuum=
list	not_parameter_values		3958	--Kontinuum=
list	not_parameter_values		3959	--kontinuum=
list	not_parameter_values		3960	--kontinuum=
list	not_parameter_values		3961	--kontinuum=
list	not_parameter_values		3962	--Kontinuum=
list	not_parameter_values		3963	--Kontinuum=
list	not_parameter_values		3964	--Kontinuum=
list	not_parameter_values		3965	--kontinuum=
list	not_parameter_values		3966	--kontinuum=
list	not_parameter_values		3967	--kontinuum=
list	not_parameter_values		3968	--Kontinuum=
list	not_parameter_values		3969	--Kontinuum=
list	not_parameter_values		3970	--Kontinuum=
list	not_parameter_values		3971	--kontinuum=
list	not_parameter_values		3972	--kontinuum=
list	not_parameter_values		3973	--kontinuum=
list	not_parameter_values		3974	--Kontinuum=
list	not_parameter_values		3975	--Kontinuum=
list	not_parameter_values		3976	--Kontinuum=
list	not_parameter_values		3977	--kontinuum=
list	not_parameter_values		3978	--kontinuum=
list	not_parameter_values		3979	--kontinuum=
list	not_parameter_values		3980	--Kontinuum=
list	not_parameter_values		3981	--Kontinuum=
list	not_parameter_values		3982	--Kontinuum=
list	not_parameter_values		3983	--kontinuum=
list	not_parameter_values		3984	--kontinuum=
list	not_parameter_values		3985	--kontinuum=
list	not_parameter_values		3986	--Kontinuum=
list	not_parameter_values		3987	--Kontinuum=
list	not_parameter_values		3988	--Kontinuum=
list	not_parameter_values		3989	--kontinuum=
list	not_parameter_values		3990	--kontinuum=
list	not_parameter_values		3991	--kontinuum=
list	not_parameter_values		3992	--Kontinuum=
list	not_parameter_values		3993	--Kontinuum=
list	not_parameter_values		3994	--Kontinuum=
list	not_parameter_values		3995	--kontinuum=
list	not_parameter_values		3996	--kontinuum=
list	not_parameter_values		3997	--kontinuum=
list	not_parameter_values		3998	--Kontinuum=
list	not_parameter_values		3999	--Kontinuum=
list	not_parameter_values		4000	--Kontinuum=
list	not_parameter_values		4001	--kontinuum=
list	not_parameter_values		4002	--kontinuum=
list	not_parameter_values		4003	--kontinuum=
list	not_parameter_values		4004	--Universum=
list	not_parameter_values		4005	--Universum=
list	not_parameter_values		4006	--universum=
list	not_parameter_values		4007	--universum=
list	not_parameter_values		4008	--transzendentalien=
list	not_parameter_values		4009	--transzendentalien=
list	not_parameter_values		4010	--strukturalien=
list	not_parameter_values		4011	--strukturalien=
list	not_parameter_values		4012	--kugel=
list	not_parameter_values		4013	--kugel=
list	not_parameter_values		4014	--kugeln=
list	not_parameter_values		4015	--kugeln=
list	not_parameter_values		4016	--ball=
list	not_parameter_values		4017	--ball=
list	not_parameter_values		4018	--baelle=
list	not_parameter_values		4019	--baelle=
list	not_parameter_values		4020	--bälle=
list	not_parameter_values		4021	--bälle=
list	not_parameter_values		4022	--Kontinuum=
list	not_parameter_values		4023	--Kontinuum=
list	not_parameter_values		4024	--Kontinuum=
list	not_parameter_values		4025	--kontinuum=
list	not_parameter_values		4026	--kontinuum=
list	not_parameter_values		4027	--kontinuum=
list	not_parameter_values		4028	--Kontinuum=
list	not_parameter_values		4029	--Kontinuum=
list	not_parameter_values		4030	--Kontinuum=
list	not_parameter_values		4031	--kontinuum=
list	not_parameter_values		4032	--kontinuum=
list	not_parameter_values		4033	--kontinuum=
list	not_parameter_values		4034	--Kontinuum=
list	not_parameter_values		4035	--Kontinuum=
list	not_parameter_values		4036	--Kontinuum=
list	not_parameter_values		4037	--kontinuum=
list	not_parameter_values		4038	--kontinuum=
list	not_parameter_values		4039	--kontinuum=
list	not_parameter_values		4040	--Kontinuum=
list	not_parameter_values		4041	--Kontinuum=
list	not_parameter_values		4042	--Kontinuum=
list	not_parameter_values		4043	--kontinuum=
list	not_parameter_values		4044	--kontinuum=
list	not_parameter_values		4045	--kontinuum=
list	not_parameter_values		4046	--Kontinuum=
list	not_parameter_values		4047	--Kontinuum=
list	not_parameter_values		4048	--Kontinuum=
list	not_parameter_values		4049	--Kontinuum=
list	not_parameter_values		4050	--kontinuum=
list	not_parameter_values		4051	--kontinuum=
list	not_parameter_values		4052	--kontinuum=
list	not_parameter_values		4053	--kontinuum=
list	not_parameter_values		4054	--Kontinuum=
list	not_parameter_values		4055	--Kontinuum=
list	not_parameter_values		4056	--Kontinuum=
list	not_parameter_values		4057	--kontinuum=
list	not_parameter_values		4058	--kontinuum=
list	not_parameter_values		4059	--kontinuum=
list	not_parameter_values		4060	--Kontinuum=
list	not_parameter_values		4061	--Kontinuum=
list	not_parameter_values		4062	--Kontinuum=
list	not_parameter_values		4063	--kontinuum=
list	not_parameter_values		4064	--kontinuum=
list	not_parameter_values		4065	--kontinuum=
list	not_parameter_values		4066	--Kontinuum=
list	not_parameter_values		4067	--Kontinuum=
list	not_parameter_values		4068	--Kontinuum=
list	not_parameter_values		4069	--kontinuum=
list	not_parameter_values		4070	--kontinuum=
list	not_parameter_values		4071	--kontinuum=
list	not_parameter_values		4072	--Kontinuum=
list	not_parameter_values		4073	--Kontinuum=
list	not_parameter_values		4074	--Kontinuum=
list	not_parameter_values		4075	--kontinuum=
list	not_parameter_values		4076	--kontinuum=
list	not_parameter_values		4077	--kontinuum=
list	not_parameter_values		4078	--Kontinuum=
list	not_parameter_values		4079	--Kontinuum=
list	not_parameter_values		4080	--Kontinuum=
list	not_parameter_values		4081	--kontinuum=
list	not_parameter_values		4082	--kontinuum=
list	not_parameter_values		4083	--kontinuum=
list	not_parameter_values		4084	--Multiversum=
list	not_parameter_values		4085	--multiversum=
list	not_parameter_values		4086	--Multiversum=
list	not_parameter_values		4087	--Multiversum=
list	not_parameter_values		4088	--Multiversum=
list	not_parameter_values		4089	--Multiversum=
list	not_parameter_values		4090	--Multiversum=
list	not_parameter_values		4091	--multiversum=
list	not_parameter_values		4092	--multiversum=
list	not_parameter_values		4093	--multiversum=
list	not_parameter_values		4094	--multiversum=
list	not_parameter_values		4095	--multiversum=
list	not_parameter_values		4096	--Kontinuum=
list	not_parameter_values		4097	--Kontinuum=
list	not_parameter_values		4098	--Kontinuum=
list	not_parameter_values		4099	--kontinuum=
list	not_parameter_values		4100	--kontinuum=
list	not_parameter_values		4101	--kontinuum=
list	not_parameter_values		4102	--Multiversum=
list	not_parameter_values		4103	--Multiversum=
list	not_parameter_values		4104	--Multiversum=
list	not_parameter_values		4105	--multiversum=
list	not_parameter_values		4106	--multiversum=
list	not_parameter_values		4107	--multiversum=
list	not_parameter_values		4108	--Kontinuum=
list	not_parameter_values		4109	--Kontinuum=
list	not_parameter_values		4110	--Kontinuum=
list	not_parameter_values		4111	--kontinuum=
list	not_parameter_values		4112	--kontinuum=
list	not_parameter_values		4113	--kontinuum=
list	not_parameter_values		4114	--Kontinuum=
list	not_parameter_values		4115	--Kontinuum=
list	not_parameter_values		4116	--Kontinuum=
list	not_parameter_values		4117	--kontinuum=
list	not_parameter_values		4118	--kontinuum=
list	not_parameter_values		4119	--kontinuum=
list	not_parameter_values		4120	--Kontinuum=
list	not_parameter_values		4121	--Kontinuum=
list	not_parameter_values		4122	--Kontinuum=
list	not_parameter_values		4123	--kontinuum=
list	not_parameter_values		4124	--kontinuum=
list	not_parameter_values		4125	--kontinuum=
list	not_parameter_values		4126	--Kontinuum=
list	not_parameter_values		4127	--Kontinuum=
list	not_parameter_values		4128	--Kontinuum=
list	not_parameter_values		4129	--kontinuum=
list	not_parameter_values		4130	--kontinuum=
list	not_parameter_values		4131	--kontinuum=
list	not_parameter_values		4132	--Kontinuum=
list	not_parameter_values		4133	--Kontinuum=
list	not_parameter_values		4134	--Kontinuum=
list	not_parameter_values		4135	--kontinuum=
list	not_parameter_values		4136	--kontinuum=
list	not_parameter_values		4137	--kontinuum=
list	not_parameter_values		4138	--Kontinuum=
list	not_parameter_values		4139	--Kontinuum=
list	not_parameter_values		4140	--Kontinuum=
list	not_parameter_values		4141	--kontinuum=
list	not_parameter_values		4142	--kontinuum=
list	not_parameter_values		4143	--kontinuum=
list	not_parameter_values		4144	--Kontinuum=
list	not_parameter_values		4145	--Kontinuum=
list	not_parameter_values		4146	--Kontinuum=
list	not_parameter_values		4147	--kontinuum=
list	not_parameter_values		4148	--kontinuum=
list	not_parameter_values		4149	--kontinuum=
list	not_parameter_values		4150	--Menschliches=
list	not_parameter_values		4151	--Menschliches=
list	not_parameter_values		4152	--menschliches=
list	not_parameter_values		4153	--menschliches=
list	not_parameter_values		4154	--Menschliches=
list	not_parameter_values		4155	--Menschliches=
list	not_parameter_values		4156	--Menschliches=
list	not_parameter_values		4157	--Menschliches=
list	not_parameter_values		4158	--menschliches=
list	not_parameter_values		4159	--menschliches=
list	not_parameter_values		4160	--menschliches=
list	not_parameter_values		4161	--menschliches=
list	not_parameter_values		4162	--Menschliches=
list	not_parameter_values		4163	--Menschliches=
list	not_parameter_values		4164	--Menschliches=
list	not_parameter_values		4165	--menschliches=
list	not_parameter_values		4166	--menschliches=
list	not_parameter_values		4167	--menschliches=
list	not_parameter_values		4168	--Menschliches=
list	not_parameter_values		4169	--Menschliches=
list	not_parameter_values		4170	--menschliches=
list	not_parameter_values		4171	--menschliches=
list	not_parameter_values		4172	--Menschliches=
list	not_parameter_values		4173	--Menschliches=
list	not_parameter_values		4174	--menschliches=
list	not_parameter_values		4175	--menschliches=
list	not_parameter_values		4176	--Menschliches=
list	not_parameter_values		4177	--Menschliches=
list	not_parameter_values		4178	--menschliches=
list	not_parameter_values		4179	--menschliches=
list	not_parameter_values		4180	--Kontinuum=
list	not_parameter_values		4181	--Kontinuum=
list	not_parameter_values		4182	--Kontinuum=
list	not_parameter_values		4183	--kontinuum=
list	not_parameter_values		4184	--kontinuum=
list	not_parameter_values		4185	--kontinuum=
list	not_parameter_values		4186	--alles=
list	not_parameter_values		4187	--=
list	not_parameter_values		4188	--breite=
list	not_parameter_values		4189	--breiten=
list	not_parameter_values		4190	--keinenummerierung
list	not_parameter_values		4191	--*=
list	not_parameter_values		4192	-zeilen
list	not_parameter_values		4193	-spalten
list	not_parameter_values		4194	-kombination
list	not_parameter_values		4195	-ausgabe
list	not_parameter_values		4196	-debug
list	not_parameter_values		4197	-h
list	not_parameter_values		4198	-help
list	ausgabe_art		0	bbcode
list	ausgabe_art		1	html
list	ausgabe_art		2	csv
list	ausgabe_art		3	shell
list	ausgabe_art		4	markdown
list	ausgabe_art		5	emacs
list	ausgabe_art		6	nichts
list	zeilen_typen		0	sonne
list	zeilen_typen		1	mond
list	zeilen_typen		2	planet
list	zeilen_typen		3	schwarzesonne
list	zeilen_typen		4	SonneMitMondanteil
list	zeilen_typen		5	*
list	zeilen_zeit		0	heute
list	zeilen_zeit		1	gestern
list	zeilen_zeit		2	morgen
list	zeilen_zeit		3	*
list	zeilen_typen_b		0	aussenerste
list	zeilen_typen_b		1	innenerste
list	zeilen_typen_b		2	aussenalle
list	zeilen_typen_b		3	innenalle
list	zeilen_typen_b		4	*
list	befehle		0	15_15
list	befehle		1	15_2
list	befehle		2	15_5
list	befehle		3	15_7
list	befehle		4	15_8
list	befehle		5	15_10
list	befehle		6	15_1pro30
list	befehle		7	15_12
list	befehle		8	15_13
list	befehle		9	15_17
list	befehle		10	15_18
list	befehle		11	15_6
list	befehle		12	15_9
list	befehle		13	15_3
list	befehle		14	15_13_6
list	befehle		15	15_13_7
list	befehle		16	15_13_10
list	befehle		17	15_13_17
list	befehle		18	15_10_4
list	befehle		19	15_16
list	befehle		20	15_4
list	befehle		21	15_13_1pro8
list	befehle		22	15_13_1pro6
list	befehle		23	15_1pro15
list	befehle		24	15_1
list	befehle		25	15_30
list	befehle		26	15_14
list	befehle		27	15_14_6
list	befehle		28	15_20
list	befehle		29	15_37
list	befehle		30	15_31
list	befehle		31	15_11
list	befehle		32	15_5_10
list	befehle		33	15_17_6
list	befehle		34	15_17_6_10mit4
list	befehle		35	15_36
list	befehle		36	15_13_16
list	befehle		37	15_18_7
list	befehle		38	15_18_10
list	befehle		39	15_18_17
list	befehle		40	15_1pro8
list	befehle		41	15_1pro5
list	befehle		42	15_1pro3
list	befehle		43	15_10_4_18_6
list	befehle		44	15_18_6
list	befehle		45	15_21
list	befehle		46	15_26
list	befehle		47	15_19
list	befehle		48	15_18_15
list	befehle		49	15_18_15_n-vs-1pron
list	befehle		50	15_1pro13
list	befehle		51	15_1pro19
list	befehle		52	15_90
list	befehle		53	15_13_13
list	befehle		54	15_1pro12
list	befehle		55	15_39
list	befehle		56	15_1pro6
list	befehle		57	15_28
list	befehle		58	15_24
list	befehle		59	15_32
list	befehle		60	15_gegen5
list	befehle		61	15_9_6
list	befehle		62	15_51
list	befehle		63	15_13_4
list	befehle		64	15_7mit6
list	befehle		65	16_15_2
list	befehle		66	16_15_5
list	befehle		67	16_15_7
list	befehle		68	16_15_8
list	befehle		69	16_15_10
list	befehle		70	16_15_1pro30
list	befehle		71	16_15_12
list	befehle		72	16_15_13
list	befehle		73	16_15_17
list	befehle		74	16_15_18
list	befehle		75	16_15_6
list	befehle		76	16_15_9
list	befehle		77	16_15_3
list	befehle		78	16_15_13_6
list	befehle		79	16_15_13_7
list	befehle		80	16_15_13_10
list	befehle		81	16_15_13_17
list	befehle		82	16_15_10_4
list	befehle		83	16_15_16
list	befehle		84	16_15_4
list	befehle		85	16_15_13_1pro8
list	befehle		86	16_15_13_1pro6
list	befehle		87	16_15_1pro15
list	befehle		88	16_15_1
list	befehle		89	16_15_30
list	befehle		90	16_15_14
list	befehle		91	16_15_14_6
list	befehle		92	16_15_20
list	befehle		93	16_15_37
list	befehle		94	16_15_31
list	befehle		95	16_15_11
list	befehle		96	16_15_5_10
list	befehle		97	16_15_17_6
list	befehle		98	16_15_17_6_10mit4
list	befehle		99	16_15_36
list	befehle		100	16_15_13_16
list	befehle		101	16_15_18_7
list	befehle		102	16_15_18_10
list	befehle		103	16_15_18_17
list	befehle		104	16_15_1pro8
list	befehle		105	16_15_1pro5
list	befehle		106	16_15_1pro3
list	befehle		107	16_15_10_4_18_6
list	befehle		108	16_15_18_6
list	befehle		109	16_15_21
list	befehle		110	16_15_26
list	befehle		111	16_15_19
list	befehle		112	16_15_18_15
list	befehle		113	16_15_18_15_n-vs-1pron
list	befehle		114	16_15_1pro13
list	befehle		115	16_15_1pro19
list	befehle		116	16_15_90
list	befehle		117	16_15_13_13
list	befehle		118	16_15_1pro12
list	befehle		119	16_15_39
list	befehle		120	16_15_1pro6
list	befehle		121	16_15_28
list	befehle		122	16_15_24
list	befehle		123	16_15_32
list	befehle		124	16_15_gegen5
list	befehle		125	16_15_9_6
list	befehle		126	16_15_51
list	befehle		127	16_15_13_4
list	befehle		128	16_15_7mit6
list	befehle		129	16_1
list	befehle		130	16_2
list	befehle		131	16_3
list	befehle		132	16_5
list	befehle		133	16_6
list	befehle		134	16_15
list	befehle		135	16_10
list	befehle		136	16_16
list	befehle		137	16_20
list	befehle		138	invertieren
list	befehle		139	netzwerk
list	befehle		140	komplex
list	befehle		141	ee
list	befehle		142	groesse
list	befehle		143	emotion
list	befehle		144	freiheit
list	befehle		145	gleichheit
list	befehle		146	kurzbefehle
list	befehle		147	leeren
list	befehle		148	kugeln
list	befehle		149	kreise
list	befehle		150	mond
list	befehle		151	reta
list	befehle		152	absicht
list	befehle		153	motiv
list	befehle		154	thomas
list	befehle		155	universum
list	befehle		156	impulse
list	befehle		157	motive
list	befehle		158	absichten
list	befehle		159	primfaktorenvergleich
list	befehle		160	vielfache
list	befehle		161	einzeln
list	befehle		162	multis
list	befehle		163	multis3
list	befehle		164	modulo
list	befehle		165	prim
list	befehle		166	primfaktorzerlegung
list	befehle		167	prim24
list	befehle		168	primfaktorzerlegungModulo24
list	befehle		169	HELP
list	befehle		170	hilfe
list	befehle		171	abc
list	befehle		172	abcd
list	befehle		173	alles
list	befehle		174	geist
list	befehle		175	a
list	befehle		176	R
list	befehle		177	range
list	befehle		178	B
list	befehle		179	bewusstsein
list	befehle		180	E
list	befehle		181	G
list	befehle		182	u
list	befehle		183	I
list	befehle		184	T
list	befehle		185	W
list	befehle		186	wirklichkeit
list	befehle		187	triebe
list	befehle		188	befehle
list	befehle		189	t
list	befehle		190	richtung
list	befehle		191	r
list	befehle		192	v
list	befehle		193	h
list	befehle		194	p
list	befehle		195	primzahlkreuz
list	befehle		196	ende
list	befehle		197	exit
list	befehle		198	quit
list	befehle		199	q
list	befehle		200	:q
list	befehle		201	shell
list	befehle		202	s
list	befehle		203	math
list	befehle		204	loggen
list	befehle		205	nichtloggen
list	befehle		206	mulpri
list	befehle		207	python
list	befehle		208	w
list	befehle		209	teiler
list	befehle		210	BefehlSpeichernDanach
list	befehle		211	S
list	befehle		212	BefehlSpeicherungLöschen
list	befehle		213	l
list	befehle		214	BefehlSpeicherungAusgeben
list	befehle		215	o
list	befehle		216	e
list	befehle		217	BefehlSpeichernDavor
list	befehle		218	keineEinZeichenZeilenPlusKeineAusgabeWelcherBefehlEsWar
list	befehle		219	abstand
list	befehle		220	abstandPrim
list	befehle		221	EIGNWeisheit_etc
list	befehle		222	EIGNweisheit
list	befehle		223	EIGNmetaweisheit
list	befehle		224	EIGNmeta-weisheit
list	befehle		225	EIGNidiot
list	befehle		226	EIGNweise
list	befehle		227	EIGNoptimal
list	befehle		228	EIGNoptimum
list	befehle		229	EIGNDein_Recht_bekommen
list	befehle		230	EIGNrechte
list	befehle		231	EIGNrecht
list	befehle		232	EIGNselbstgerecht
list	befehle		233	EIGNunterlegen_überlegen
list	befehle		234	EIGNunterlegen
list	befehle		235	EIGNueberlegen
list	befehle		236	EIGNEhrlichkeit_und_Streit
list	befehle		237	EIGNstreit
list	befehle		238	EIGNehrlichkeit
list	befehle		239	EIGNeinklinken_vertrauen_anprangern
list	befehle		240	EIGNeinklinken
list	befehle		241	EIGNvertrauenerhalten
list	befehle		242	EIGNanprangern
list	befehle		243	EIGNfamiliebrauchen
list	befehle		244	EIGNego
list	befehle		245	EIGNbescheiden
list	befehle		246	EIGNSelbstsucht_Ichsucht_etc
list	befehle		247	EIGNselbstsucht
list	befehle		248	EIGNichsucht
list	befehle		249	EIGNForschen_Erfinden_Einklinken
list	befehle		250	EIGNwissenschaft
list	befehle		251	EIGNforschen
list	befehle		252	EIGNerfinden
list	befehle		253	EIGNKooperation_vs_Arsch
list	befehle		254	EIGNarschloch
list	befehle		255	EIGNkooperation
list	befehle		256	EIGNarsch
list	befehle		257	EIGNLiebe_usw
list	befehle		258	EIGNliebe
list	befehle		259	EIGNzuneigung
list	befehle		260	EIGNSelbstlosigkeit_Ichlosigkeit_etc
list	befehle		261	EIGNselbstlos
list	befehle		262	EIGNichlos
list	befehle		263	EIGNvariationsreich_eintönig
list	befehle		264	EIGNeintönig
list	befehle		265	EIGNeintoenig
list	befehle		266	EIGNvariationsreich
list	befehle		267	EIGNZuneigung_Abneigung
list	befehle		268	EIGNabgeneigt
list	befehle		269	EIGNzugewandt
list	befehle		270	EIGNreserviert
list	befehle		271	EIGNzugeneigt
list	befehle		272	EIGNehrlich_vs_höflich
list	befehle		273	EIGNehrlich
list	befehle		274	EIGNhöflich
list	befehle		275	EIGNhoeflich
list	befehle		276	EIGNTragweite
list	befehle		277	EIGNtragweite
list	befehle		278	EIGNwertvoll
list	befehle		279	EIGNwertlos
list	befehle		280	EIGNGötter_Propheten_Familien_Freunde
list	befehle		281	EIGNfamiliaer
list	befehle		282	EIGNgoettlich
list	befehle		283	EIGNfreunde
list	befehle		284	EIGNpropheten
list	befehle		285	EIGNsanft_vs_hart
list	befehle		286	EIGNsanft
list	befehle		287	EIGNhart
list	befehle		288	EIGNvereinen_vs_verbinden
list	befehle		289	EIGNvereinenverbinden
list	befehle		290	EIGNvereinen
list	befehle		291	EIGNverbinden
list	befehle		292	EIGNeinheit
list	befehle		293	EIGNverbindung
list	befehle		294	EIGNähnlich
list	befehle		295	EIGNaehnlich
list	befehle		296	EIGNgut_böse_lieb_schlecht
list	befehle		297	EIGNgut
list	befehle		298	EIGNböse
list	befehle		299	EIGNboese
list	befehle		300	EIGNlieb
list	befehle		301	EIGNschlecht
list	befehle		302	EIGNSinn_und_Zweck_des_Lebens
list	befehle		303	EIGNsinn
list	befehle		304	EIGNzweck
list	befehle		305	EIGNbedeutung
list	befehle		306	EIGNZeit_vs_Raum
list	befehle		307	EIGNzeit
list	befehle		308	EIGNraum
list	befehle		309	EIGNzeitlich
list	befehle		310	EIGNräumlich
list	befehle		311	EIGNegalitär_vs_autoritär
list	befehle		312	EIGNegalitaerautoritaer
list	befehle		313	EIGNegalitaer
list	befehle		314	EIGNautoritaer
list	befehle		315	EIGNegalitär
list	befehle		316	EIGNautoritär
list	befehle		317	EIGNMeinungen_und_Ruf
list	befehle		318	EIGNmeinungen
list	befehle		319	EIGNanderemenschen
list	befehle		320	EIGNruf
list	befehle		321	EIGNMeinungsintelligenz
list	befehle		322	EIGNmeinungsintelligenz
list	befehle		323	EIGNursprungsintelligenz
list	befehle		324	EIGNSittlichkeit
list	befehle		325	EIGNsittlichkeit
list	befehle		326	EIGNannaehrerung
list	befehle		327	EIGNFührung
list	befehle		328	EIGNführung
list	befehle		329	EIGNfuehrung
list	befehle		330	EIGNDurchleuchten
list	befehle		331	EIGNdurchleuchten
list	befehle		332	EIGNerleuchten
list	befehle		333	EIGNFördern_Sensiblisieren_und_Gedeihen
list	befehle		334	EIGNfoerdern
list	befehle		335	EIGNfördern
list	befehle		336	EIGNbegrenzen
list	befehle		337	EIGNsensibilisieren
list	befehle		338	EIGNgedeihen
list	befehle		339	EIGNverderben
list	befehle		340	EIGNÜberheblichkeit
list	befehle		341	EIGNüberheblich
list	befehle		342	EIGNueberheblichkeit
list	befehle		343	EIGNueberheblich
list	befehle		344	EIGNüberheblichkeit
list	befehle		345	EIGNPolung_der_Liebe
list	befehle		346	EIGNliebepolung
list	befehle		347	EIGNEgoismus_vs_Altruismus
list	befehle		348	EIGNegoismus
list	befehle		349	EIGNaltruismus
list	befehle		350	EIGNegoist
list	befehle		351	EIGNaltruist
list	befehle		352	EIGNkausal
list	befehle		353	EIGNgeltung
list	befehle		354	EIGNgenese
list	befehle		355	EIGNGleichheit
list	befehle		356	EIGNgleich
list	befehle		357	EIGNÜberleben
list	befehle		358	EIGNueberleben
list	befehle		359	EIGRWürdig
list	befehle		360	EIGRwuerdig
list	befehle		361	EIGRwürdig
list	befehle		362	EIGRRegel_vs_Ausnahme
list	befehle		363	EIGRregel
list	befehle		364	EIGRausnahme
list	befehle		365	EIGRFilterart_Widrigkeit
list	befehle		366	EIGRfilterart
list	befehle		367	EIGRwidrigkeit
list	befehle		368	EIGRWerte
list	befehle		369	EIGRwerte
list	befehle		370	EIGRGutartigkeits-Egoismus
list	befehle		371	EIGRposition
list	befehle		372	EIGRgutesreziprok
list	befehle		373	EIGRReflektieren_Erkenntnis-Erkennen
list	befehle		374	EIGRreflektieren
list	befehle		375	EIGRerkenntnis
list	befehle		376	EIGRVertrauen_wollen
list	befehle		377	EIGRvertrauenwollen
list	befehle		378	EIGRAusrichten_Einrichten
list	befehle		379	EIGReinrichten
list	befehle		380	EIGRausrichten
list	befehle		381	EIGRToleranz_Respekt_Akzeptanz_Willkommen
list	befehle		382	EIGRtoleranz
list	befehle		383	EIGRrespekt
list	befehle		384	EIGRakzeptanz
list	befehle		385	EIGRwillkommen
set	haupt_for_neben_set		0	-ausgabe
set	haupt_for_neben_set		1	-h
set	haupt_for_neben_set		2	-help
set	haupt_for_neben_set		3	-kombination
set	haupt_for_neben_set		4	-nichts
set	haupt_for_neben_set		5	-spalten
set	haupt_for_neben_set		6	-zeilen
set	befehle2		0	15_1
set	befehle2		1	15_10
set	befehle2		2	15_10_4
set	befehle2		3	15_10_4_18_6
set	befehle2		4	15_11
set	befehle2		5	15_12
set	befehle2		6	15_13
set	befehle2		7	15_13_10
set	befehle2		8	15_13_13
set	befehle2		9	15_13_16
set	befehle2		10	15_13_17
set	befehle2		11	15_13_1pro6
set	befehle2		12	15_13_1pro8
set	befehle2		13	15_13_4
set	befehle2		14	15_13_6
set	befehle2		15	15_13_7
set	befehle2		16	15_14
set	befehle2		17	15_14_6
set	befehle2		18	15_15
set	befehle2		19	15_16
set	befehle2		20	15_17
set	befehle2		21	15_17_6
set	befehle2		22	15_17_6_10mit4
set	befehle2		23	15_18
set	befehle2		24	15_18_10
set	befehle2		25	15_18_15
set	befehle2		26	15_18_15_n-vs-1pron
set	befehle2		27	15_18_17
set	befehle2		28	15_18_6
set	befehle2		29	15_18_7
set	befehle2		30	15_19
set	befehle2		31	15_1pro12
set	befehle2		32	15_1pro13
set	befehle2		33	15_1pro15
set	befehle2		34	15_1pro19
set	befehle2		35	15_1pro3
set	befehle2		36	15_1pro30
set	befehle2		37	15_1pro5
set	befehle2		38	15_1pro6
set	befehle2		39	15_1pro8
set	befehle2		40	15_2
set	befehle2		41	15_20
set	befehle2		42	15_21
set	befehle2		43	15_24
set	befehle2		44	15_26
set	befehle2		45	15_28
set	befehle2		46	15_3
set	befehle2		47	15_30
set	befehle2		48	15_31
set	befehle2		49	15_32
set	befehle2		50	15_36
set	befehle2		51	15_37
set	befehle2		52	15_39
set	befehle2		53	15_4
set	befehle2		54	15_5
set	befehle2		55	15_51
set	befehle2		56	15_5_10
set	befehle2		57	15_6
set	befehle2		58	15_7
set	befehle2		59	15_7mit6
set	befehle2		60	15_8
set	befehle2		61	15_9
set	befehle2		62	15_90
set	befehle2		63	15_9_6
set	befehle2		64	15_gegen5
set	befehle2		65	16_1
set	befehle2		66	16_10
set	befehle2		67	16_15
set	befehle2		68	16_15_1
set	befehle2		69	16_15_10
set	befehle2		70	16_15_10_4
set	befehle2		71	16_15_10_4_18_6
set	befehle2		72	16_15_11
set	befehle2		73	16_15_12
set	befehle2		74	16_15_13
set	befehle2		75	16_15_13_10
set	befehle2		76	16_15_13_13
set	befehle2		77	16_15_13_16
set	befehle2		78	16_15_13_17
set	befehle2		79	16_15_13_1pro6
set	befehle2		80	16_15_13_1pro8
set	befehle2		81	16_15_13_4
set	befehle2		82	16_15_13_6
set	befehle2		83	16_15_13_7
set	befehle2		84	16_15_14
set	befehle2		85	16_15_14_6
set	befehle2		86	16_15_16
set	befehle2		87	16_15_17
set	befehle2		88	16_15_17_6
set	befehle2		89	16_15_17_6_10mit4
set	befehle2		90	16_15_18
set	befehle2		91	16_15_18_10
set	befehle2		92	16_15_18_15
set	befehle2		93	16_15_18_15_n-vs-1pron
set	befehle2		94	16_15_18_17
set	befehle2		95	16_15_18_6
set	befehle2		96	16_15_18_7
set	befehle2		97	16_15_19
set	befehle2		98	16_15_1pro12
set	befehle2		99	16_15_1pro13
set	befehle2		100	16_15_1pro15
set	befehle2		101	16_15_1pro19
set	befehle2		102	16_15_1pro3
set	befehle2		103	16_15_1pro30
set	befehle2		104	16_15_1pro5
set	befehle2		105	16_15_1pro6
set	befehle2		106	16_15_1pro8
set	befehle2		107	16_15_2
set	befehle2		108	16_15_20
set	befehle2		109	16_15_21
set	befehle2		110	16_15_24
set	befehle2		111	16_15_26
set	befehle2		112	16_15_28
set	befehle2		113	16_15_3
set	befehle2		114	16_15_30
set	befehle2		115	16_15_31
set	befehle2		116	16_15_32
set	befehle2		117	16_15_36
set	befehle2		118	16_15_37
set	befehle2		119	16_15_39
set	befehle2		120	16_15_4
set	befehle2		121	16_15_5
set	befehle2		122	16_15_51
set	befehle2		123	16_15_5_10
set	befehle2		124	16_15_6
set	befehle2		125	16_15_7
set	befehle2		126	16_15_7mit6
set	befehle2		127	16_15_8
set	befehle2		128	16_15_9
set	befehle2		129	16_15_90
set	befehle2		130	16_15_9_6
set	befehle2		131	16_15_gegen5
set	befehle2		132	16_16
set	befehle2		133	16_2
set	befehle2		134	16_20
set	befehle2		135	16_3
set	befehle2		136	16_5
set	befehle2		137	16_6
set	befehle2		138	:q
set	befehle2		139	B
set	befehle2		140	BefehlSpeichernDanach
set	befehle2		141	BefehlSpeichernDavor
set	befehle2		142	BefehlSpeicherungAusgeben
set	befehle2		143	BefehlSpeicherungLöschen
set	befehle2		144	E
set	befehle2		145	EIGNDein_Recht_bekommen
set	befehle2		146	EIGNDurchleuchten
set	befehle2		147	EIGNEgoismus_vs_Altruismus
set	befehle2		148	EIGNEhrlichkeit_und_Streit
set	befehle2		149	EIGNForschen_Erfinden_Einklinken
set	befehle2		150	EIGNFördern_Sensiblisieren_und_Gedeihen
set	befehle2		151	EIGNFührung
set	befehle2		152	EIGNGleichheit
set	befehle2		153	EIGNGötter_Propheten_Familien_Freunde
set	befehle2		154	EIGNKooperation_vs_Arsch
set	befehle2		155	EIGNLiebe_usw
set	befehle2		156	EIGNMeinungen_und_Ruf
set	befehle2		157	EIGNMeinungsintelligenz
set	befehle2		158	EIGNPolung_der_Liebe
set	befehle2		159	EIGNSelbstlosigkeit_Ichlosigkeit_etc
set	befehle2		160	EIGNSelbstsucht_Ichsucht_etc
set	befehle2		161	EIGNSinn_und_Zweck_des_Lebens
set	befehle2		162	EIGNSittlichkeit
set	befehle2		163	EIGNTragweite
set	befehle2		164	EIGNWeisheit_etc
set	befehle2		165	EIGNZeit_vs_Raum
set	befehle2		166	EIGNZuneigung_Abneigung
set	befehle2		167	EIGNabgeneigt
set	befehle2		168	EIGNaehnlich
set	befehle2		169	EIGNaltruismus
set	befehle2		170	EIGNaltruist
set	befehle2		171	EIGNanderemenschen
set	befehle2		172	EIGNannaehrerung
set	befehle2		173	EIGNanprangern
set	befehle2		174	EIGNarsch
set	befehle2		175	EIGNarschloch
set	befehle2		176	EIGNautoritaer
set	befehle2		177	EIGNautoritär
set	befehle2		178	EIGNbedeutung
set	befehle2		179	EIGNbegrenzen
set	befehle2		180	EIGNbescheiden
set	befehle2		181	EIGNboese
set	befehle2		182	EIGNböse
set	befehle2		183	EIGNdurchleuchten
set	befehle2		184	EIGNegalitaer
set	befehle2		185	EIGNegalitaerautoritaer
set	befehle2		186	EIGNegalitär
set	befehle2		187	EIGNegalitär_vs_autoritär
set	befehle2		188	EIGNego
set	befehle2		189	EIGNegoismus
set	befehle2		190	EIGNegoist
set	befehle2		191	EIGNehrlich
set	befehle2		192	EIGNehrlich_vs_höflich
set	befehle2		193	EIGNehrlichkeit
set	befehle2		194	EIGNeinheit
set	befehle2		195	EIGNeinklinken
set	befehle2		196	EIGNeinklinken_vertrauen_anprangern
set	befehle2		197	EIGNeintoenig
set	befehle2		198	EIGNeintönig
set	befehle2		199	EIGNerfinden
set	befehle2		200	EIGNerleuchten
set	befehle2		201	EIGNfamiliaer
set	befehle2		202	EIGNfamiliebrauchen
set	befehle2		203	EIGNfoerdern
set	befehle2		204	EIGNforschen
set	befehle2		205	EIGNfreunde
set	befehle2		206	EIGNfuehrung
set	befehle2		207	EIGNfördern
set	befehle2		208	EIGNführung
set	befehle2		209	EIGNgedeihen
set	befehle2		210	EIGNgeltung
set	befehle2		211	EIGNgenese
set	befehle2		212	EIGNgleich
set	befehle2		213	EIGNgoettlich
set	befehle2		214	EIGNgut
set	befehle2		215	EIGNgut_böse_lieb_schlecht
set	befehle2		216	EIGNhart
set	befehle2		217	EIGNhoeflich
set	befehle2		218	EIGNhöflich
set	befehle2		219	EIGNichlos
set	befehle2		220	EIGNichsucht
set	befehle2		221	EIGNidiot
set	befehle2		222	EIGNkausal
set	befehle2		223	EIGNkooperation
set	befehle2		224	EIGNlieb
set	befehle2		225	EIGNliebe
set	befehle2		226	EIGNliebepolung
set	befehle2		227	EIGNmeinungen
set	befehle2		228	EIGNmeinungsintelligenz
set	befehle2		229	EIGNmeta-weisheit
set	befehle2		230	EIGNmetaweisheit
set	befehle2		231	EIGNoptimal
set	befehle2		232	EIGNoptimum
set	befehle2		233	EIGNpropheten
set	befehle2		234	EIGNraum
set	befehle2		235	EIGNrecht
set	befehle2		236	EIGNrechte
set	befehle2		237	EIGNreserviert
set	befehle2		238	EIGNruf
set	befehle2		239	EIGNräumlich
set	befehle2		240	EIGNsanft
set	befehle2		241	EIGNsanft_vs_hart
set	befehle2		242	EIGNschlecht
set	befehle2		243	EIGNselbstgerecht
set	befehle2		244	EIGNselbstlos
set	befehle2		245	EIGNselbstsucht
set	befehle2		246	EIGNsensibilisieren
set	befehle2		247	EIGNsinn
set	befehle2		248	EIGNsittlichkeit
set	befehle2		249	EIGNstreit
set	befehle2		250	EIGNtragweite
set	befehle2		251	EIGNueberheblich
set	befehle2		252	EIGNueberheblichkeit
set	befehle2		253	EIGNueberleben
set	befehle2		254	EIGNueberlegen
set	befehle2		255	EIGNunterlegen
set	befehle2		256	EIGNunterlegen_überlegen
set	befehle2		257	EIGNursprungsintelligenz
set	befehle2		258	EIGNvariationsreich
set	befehle2		259	EIGNvariationsreich_eintönig
set	befehle2		260	EIGNverbinden
set	befehle2		261	EIGNverbindung
set	befehle2		262	EIGNverderben
set	befehle2		263	EIGNvereinen
set	befehle2		264	EIGNvereinen_vs_verbinden
set	befehle2		265	EIGNvereinenverbinden
set	befehle2		266	EIGNvertrauenerhalten
set	befehle2		267	EIGNweise
set	befehle2		268	EIGNweisheit
set	befehle2		269	EIGNwertlos
set	befehle2		270	EIGNwertvoll
set	befehle2		271	EIGNwissenschaft
set	befehle2		272	EIGNzeit
set	befehle2		273	EIGNzeitlich
set	befehle2		274	EIGNzugeneigt
set	befehle2		275	EIGNzugewandt
set	befehle2		276	EIGNzuneigung
set	befehle2		277	EIGNzweck
set	befehle2		278	EIGNÜberheblichkeit
set	befehle2		279	EIGNÜberleben
set	befehle2		280	EIGNähnlich
set	befehle2		281	EIGNüberheblich
set	befehle2		282	EIGNüberheblichkeit
set	befehle2		283	EIGRAusrichten_Einrichten
set	befehle2		284	EIGRFilterart_Widrigkeit
set	befehle2		285	EIGRGutartigkeits-Egoismus
set	befehle2		286	EIGRReflektieren_Erkenntnis-Erkennen
set	befehle2		287	EIGRRegel_vs_Ausnahme
set	befehle2		288	EIGRToleranz_Respekt_Akzeptanz_Willkommen
set	befehle2		289	EIGRVertrauen_wollen
set	befehle2		290	EIGRWerte
set	befehle2		291	EIGRWürdig
set	befehle2		292	EIGRakzeptanz
set	befehle2		293	EIGRausnahme
set	befehle2		294	EIGRausrichten
set	befehle2		295	EIGReinrichten
set	befehle2		296	EIGRerkenntnis
set	befehle2		297	EIGRfilterart
set	befehle2		298	EIGRgutesreziprok
set	befehle2		299	EIGRposition
set	befehle2		300	EIGRreflektieren
set	befehle2		301	EIGRregel
set	befehle2		302	EIGRrespekt
set	befehle2		303	EIGRtoleranz
set	befehle2		304	EIGRvertrauenwollen
set	befehle2		305	EIGRwerte
set	befehle2		306	EIGRwidrigkeit
set	befehle2		307	EIGRwillkommen
set	befehle2		308	EIGRwuerdig
set	befehle2		309	EIGRwürdig
set	befehle2		310	G
set	befehle2		311	HELP
set	befehle2		312	I
set	befehle2		313	R
set	befehle2		314	S
set	befehle2		315	T
set	befehle2		316	W
set	befehle2		317	a
set	befehle2		318	abc
set	befehle2		319	abcd
set	befehle2		320	absicht
set	befehle2		321	absichten
set	befehle2		322	abstand
set	befehle2		323	abstandPrim
set	befehle2		324	alles
set	befehle2		325	befehle
set	befehle2		326	bewusstsein
set	befehle2		327	e
set	befehle2		328	ee
set	befehle2		329	einzeln
set	befehle2		330	emotion
set	befehle2		331	ende
set	befehle2		332	exit
set	befehle2		333	freiheit
set	befehle2		334	geist
set	befehle2		335	gleichheit
set	befehle2		336	groesse
set	befehle2		337	h
set	befehle2		338	hilfe
set	befehle2		339	impulse
set	befehle2		340	invertieren
set	befehle2		341	keineEinZeichenZeilenPlusKeineAusgabeWelcherBefehlEsWar
set	befehle2		342	komplex
set	befehle2		343	kreise
set	befehle2		344	kugeln
set	befehle2		345	kurzbefehle
set	befehle2		346	l
set	befehle2		347	leeren
set	befehle2		348	loggen
set	befehle2		349	math
set	befehle2		350	modulo
set	befehle2		351	mond
set	befehle2		352	motiv
set	befehle2		353	motive
set	befehle2		354	mulpri
set	befehle2		355	multis
set	befehle2		356	multis3
set	befehle2		357	netzwerk
set	befehle2		358	nichtloggen
set	befehle2		359	o
set	befehle2		360	p
set	befehle2		361	prim
set	befehle2		362	prim24
set	befehle2		363	primfaktorenvergleich
set	befehle2		364	primfaktorzerlegung
set	befehle2		365	primfaktorzerlegungModulo24
set	befehle2		366	primzahlkreuz
set	befehle2		367	python
set	befehle2		368	q
set	befehle2		369	quit
set	befehle2		370	r
set	befehle2		371	range
set	befehle2		372	richtung
set	befehle2		373	s
set	befehle2		374	shell
set	befehle2		375	t
set	befehle2		376	teiler
set	befehle2		377	thomas
set	befehle2		378	triebe
set	befehle2		379	u
set	befehle2		380	universum
set	befehle2		381	v
set	befehle2		382	vielfache
set	befehle2		383	w
set	befehle2		384	wirklichkeit
intset	gebrochen_erlaubte_zahlen		0	2
intset	gebrochen_erlaubte_zahlen		1	3
intset	gebrochen_erlaubte_zahlen		2	4
intset	gebrochen_erlaubte_zahlen		3	5
intset	gebrochen_erlaubte_zahlen		4	6
intset	gebrochen_erlaubte_zahlen		5	7
intset	gebrochen_erlaubte_zahlen		6	8
intset	gebrochen_erlaubte_zahlen		7	9
intset	gebrochen_erlaubte_zahlen		8	10
intset	gebrochen_erlaubte_zahlen		9	11
intset	gebrochen_erlaubte_zahlen		10	12
intset	gebrochen_erlaubte_zahlen		11	13
intset	gebrochen_erlaubte_zahlen		12	14
intset	gebrochen_erlaubte_zahlen		13	15
intset	gebrochen_erlaubte_zahlen		14	16
intset	gebrochen_erlaubte_zahlen		15	17
intset	gebrochen_erlaubte_zahlen		16	18
intset	gebrochen_erlaubte_zahlen		17	19
intset	gebrochen_erlaubte_zahlen		18	20
intset	gebrochen_erlaubte_zahlen		19	21
intset	gebrochen_erlaubte_zahlen		20	22
map	spalten_dict	Wichtigstes_zum_verstehen	0	Wichtigste
map	spalten_dict	Wichtigstes_zum_verstehen	1	wichtigste
map	spalten_dict	Wichtigstes_zum_verstehen	2	Zweitwichtigste
map	spalten_dict	Wichtigstes_zum_verstehen	3	zweitwichtigste
map	spalten_dict	Wichtigstes_zum_verstehen	4	Drittwichtigste
map	spalten_dict	Wichtigstes_zum_verstehen	5	drittwichtigste
map	spalten_dict	Wichtigstes_zum_verstehen	6	Motive_Sternpolygone
map	spalten_dict	Wichtigstes_zum_verstehen	7	viertwichtigste
map	spalten_dict	*	0	Wichtigste
map	spalten_dict	*	1	wichtigste
map	spalten_dict	*	2	Wichtigste
map	spalten_dict	*	3	wichtigste
map	spalten_dict	*	4	Mensch-zu-Tier
map	spalten_dict	*	5	menschtier
map	spalten_dict	*	6	tiermensch
map	spalten_dict	*	7	Mensch-zu-Tier
map	spalten_dict	*	8	menschtier
map	spalten_dict	*	9	tiermensch
map	spalten_dict	*	10	Verbrechen_und_Bestrafung
map	spalten_dict	*	11	kriminell
map	spalten_dict	*	12	bestrafen
map	spalten_dict	*	13	Verbrechen_und_Bestrafung
map	spalten_dict	*	14	kriminell
map	spalten_dict	*	15	bestrafen
map	spalten_dict	*	16	Galaxienclusterherrschaft
map	spalten_dict	*	17	cluster
map	spalten_dict	*	18	interglaktisch
map	spalten_dict	*	19	Galaxienclusterherrschaft
map	spalten_dict	*	20	cluster
map	spalten_dict	*	21	interglaktisch
map	spalten_dict	*	22	Herrschaftsformen
map	spalten_dict	*	23	formen
map	spalten_dict	*	24	Strukturgroesse
map	spalten_dict	*	25	groesse
map	spalten_dict	*	26	Größe
map	spalten_dict	*	27	Herrschaftsformen
map	spalten_dict	*	28	formen
map	spalten_dict	*	29	Strukturgroesse
map	spalten_dict	*	30	groesse
map	spalten_dict	*	31	Größe
map	spalten_dict	*	32	Orbit-Herrschafts
map	spalten_dict	*	33	orbit
map	spalten_dict	*	34	Massenmedien
map	spalten_dict	*	35	Satelliten
map	spalten_dict	*	36	Orbit-Herrschafts
map	spalten_dict	*	37	orbit
map	spalten_dict	*	38	Massenmedien
map	spalten_dict	*	39	Satelliten
map	spalten_dict	*	40	Herrschafts_Datenstruktur
map	spalten_dict	*	41	struktur
map	spalten_dict	*	42	Herrschafts_Datenstruktur
map	spalten_dict	*	43	struktur
map	spalten_dict	*	44	Meta_Meta_Physik_Einteilungen
map	spalten_dict	*	45	Sternen_System
map	spalten_dict	*	46	sonne
map	spalten_dict	*	47	Sternen_System
map	spalten_dict	*	48	sonne
map	spalten_dict	*	49	Galaxieherrschaft
map	spalten_dict	*	50	Galaxie
map	spalten_dict	*	51	galaxie
map	spalten_dict	*	52	Galaxieherrschaft
map	spalten_dict	*	53	Galaxie
map	spalten_dict	*	54	galaxie
map	spalten_dict	*	55	abstrakte_Herrschaft
map	spalten_dict	*	56	abstrakt
map	spalten_dict	*	57	abstrakte_Herrschaft
map	spalten_dict	*	58	abstrakt
map	spalten_dict	*	59	Winkel
map	spalten_dict	*	60	winkel
map	spalten_dict	*	61	Winkel
map	spalten_dict	*	62	winkel
map	spalten_dict	*	63	Winkel
map	spalten_dict	*	64	winkel
map	spalten_dict	*	65	Winkel
map	spalten_dict	*	66	winkel
map	spalten_dict	*	67	Winkel
map	spalten_dict	*	68	winkel
map	spalten_dict	*	69	Winkel
map	spalten_dict	*	70	winkel
map	spalten_dict	*	71	Winkel
map	spalten_dict	*	72	winkel
map	spalten_dict	*	73	Winkel
map	spalten_dict	*	74	winkel
map	spalten_dict	*	75	Winkel
map	spalten_dict	*	76	winkel
map	spalten_dict	*	77	Logik
map	spalten_dict	*	78	logik
map	spalten_dict	*	79	Logik
map	spalten_dict	*	80	logik
map	spalten_dict	*	81	Logik
map	spalten_dict	*	82	logik
map	spalten_dict	*	83	Logik
map	spalten_dict	*	84	logik
map	spalten_dict	*	85	Logik
map	spalten_dict	*	86	logik
map	spalten_dict	*	87	Logik
map	spalten_dict	*	88	logik
map	spalten_dict	*	89	Logik
map	spalten_dict	*	90	logik
map	spalten_dict	*	91	Logik
map	spalten_dict	*	92	logik
map	spalten_dict	*	93	Logik
map	spalten_dict	*	94	logik
map	spalten_dict	*	95	Logik
map	spalten_dict	*	96	logik
map	spalten_dict	*	97	Logik
map	spalten_dict	*	98	logik
map	spalten_dict	*	99	Kreislaufwirtschaft
map	spalten_dict	*	100	kreislauf
map	spalten_dict	*	101	Kreislauf
map	spalten_dict	*	102	Kreislaufwirtschaft
map	spalten_dict	*	103	kreislauf
map	spalten_dict	*	104	Kreislauf
map	spalten_dict	*	105	Planetenherrschaft
map	spalten_dict	*	106	herrschaft
map	spalten_dict	*	107	Planetenkorrekturherrschaft
map	spalten_dict	*	108	Planetenherrschaft
map	spalten_dict	*	109	herrschaft
map	spalten_dict	*	110	Planetenkorrekturherrschaft
map	spalten_dict	*	111	Spezies
map	spalten_dict	*	112	Speziesherrschaftsformen
map	spalten_dict	*	113	Spezies
map	spalten_dict	*	114	Speziesherrschaftsformen
map	spalten_dict	*	115	Planetenherrschaft
map	spalten_dict	*	116	planet
map	spalten_dict	*	117	Planetenkorrektur
map	spalten_dict	*	118	Planetenherrschaft
map	spalten_dict	*	119	planet
map	spalten_dict	*	120	Planetenkorrektur
map	spalten_dict	*	121	Superkräfte
map	spalten_dict	*	122	Superkraefte
map	spalten_dict	*	123	Superkräfte
map	spalten_dict	*	124	Superkraefte
map	spalten_dict	*	125	Superkräfte
map	spalten_dict	*	126	Superkraefte
map	spalten_dict	*	127	Superkräfte
map	spalten_dict	*	128	Superkraefte
map	spalten_dict	*	129	Superkräfte
map	spalten_dict	*	130	Superkraefte
map	spalten_dict	*	131	Superkräfte
map	spalten_dict	*	132	Superkraefte
map	spalten_dict	*	133	Superkräfte
map	spalten_dict	*	134	Superkraefte
map	spalten_dict	*	135	Superkräfte
map	spalten_dict	*	136	Superkraefte
map	spalten_dict	*	137	Superkräfte
map	spalten_dict	*	138	Superkraefte
map	spalten_dict	*	139	Objekte
map	spalten_dict	*	140	objekt
map	spalten_dict	*	141	Objekte
map	spalten_dict	*	142	objekt
map	spalten_dict	*	143	Objekte
map	spalten_dict	*	144	objekt
map	spalten_dict	*	145	Objekte
map	spalten_dict	*	146	objekt
map	spalten_dict	*	147	Objekte
map	spalten_dict	*	148	objekt
map	spalten_dict	*	149	Objekte
map	spalten_dict	*	150	objekt
map	spalten_dict	*	151	Objekte
map	spalten_dict	*	152	objekt
map	spalten_dict	*	153	Objekte
map	spalten_dict	*	154	objekt
map	spalten_dict	*	155	Objekte
map	spalten_dict	*	156	objekt
map	spalten_dict	*	157	Evolution_vs_Design_intelligent
map	spalten_dict	*	158	Evolution_vs_Design_intelligent
map	spalten_dict	*	159	Evolution_vs_Design_intelligent
map	spalten_dict	*	160	Evolution_vs_Design_intelligent
map	spalten_dict	*	161	Evolution_vs_Design_intelligent
map	spalten_dict	*	162	Evolution_vs_Design_intelligent
map	spalten_dict	*	163	Evolution_vs_Design_intelligent
map	spalten_dict	*	164	Evolution_vs_Design_intelligent
map	spalten_dict	*	165	Evolution_vs_Design_intelligent
map	spalten_dict	*	166	Gott_und_Prophet
map	spalten_dict	*	167	goetter
map	spalten_dict	*	168	Gott_und_Prophet
map	spalten_dict	*	169	goetter
map	spalten_dict	*	170	Sinne
map	spalten_dict	*	171	Sinne
map	spalten_dict	*	172	Superkräfte
map	spalten_dict	*	173	Superkraefte
map	spalten_dict	*	174	Superkräfte
map	spalten_dict	*	175	Superkraefte
map	spalten_dict	*	176	Formationen
map	spalten_dict	*	177	Formationen
map	spalten_dict	*	178	Ansichten_Standpunkte_(18_17)
map	spalten_dict	*	179	ansichten
map	spalten_dict	*	180	Ansichten_Standpunkte_(18_17)
map	spalten_dict	*	181	ansichten
map	spalten_dict	*	182	(politische)_Richtungen_(7)
map	spalten_dict	*	183	richtungen
map	spalten_dict	*	184	politische
map	spalten_dict	*	185	(politische)_Richtungen_(7)
map	spalten_dict	*	186	richtungen
map	spalten_dict	*	187	politische
map	spalten_dict	*	188	Wirklichkeiten_(10)
map	spalten_dict	*	189	wirklichkeit
map	spalten_dict	*	190	wirklichkeiten
map	spalten_dict	*	191	Wirklichkeiten_(10)
map	spalten_dict	*	192	wirklichkeit
map	spalten_dict	*	193	wirklichkeiten
map	spalten_dict	*	194	Meta-Systeme_(12)
map	spalten_dict	*	195	metasysteme
map	spalten_dict	*	196	metasystem
map	spalten_dict	*	197	meta-systeme
map	spalten_dict	*	198	meta-system
map	spalten_dict	*	199	Meta-Systeme_(12)
map	spalten_dict	*	200	metasysteme
map	spalten_dict	*	201	metasystem
map	spalten_dict	*	202	meta-systeme
map	spalten_dict	*	203	meta-system
map	spalten_dict	*	204	Intelligenz
map	spalten_dict	*	205	intelligenz
map	spalten_dict	*	206	Intelligenz
map	spalten_dict	*	207	intelligenz
map	spalten_dict	*	208	Gleichheit_Freiheit_Ordnung
map	spalten_dict	*	209	gleichheit
map	spalten_dict	*	210	freiheit
map	spalten_dict	*	211	gleichheit
map	spalten_dict	*	212	Gleichheit_Freiheit_Ordnung
map	spalten_dict	*	213	gleichheit
map	spalten_dict	*	214	freiheit
map	spalten_dict	*	215	gleichheit
map	spalten_dict	*	216	Komplexität
map	spalten_dict	*	217	komplexität
map	spalten_dict	*	218	komplexitaet
map	spalten_dict	*	219	Komplexität
map	spalten_dict	*	220	komplexität
map	spalten_dict	*	221	komplexitaet
map	spalten_dict	*	222	Mechanismen
map	spalten_dict	*	223	mechanismen
map	spalten_dict	*	224	mechanismus
map	spalten_dict	*	225	Mechanismen
map	spalten_dict	*	226	mechanismen
map	spalten_dict	*	227	mechanismus
map	spalten_dict	*	228	Zweitwichtigste
map	spalten_dict	*	229	zweitwichtigste
map	spalten_dict	*	230	Zweitwichtigste
map	spalten_dict	*	231	zweitwichtigste
map	spalten_dict	*	232	Drittwichtigste
map	spalten_dict	*	233	drittwichtigste
map	spalten_dict	*	234	Drittwichtigste
map	spalten_dict	*	235	drittwichtigste
map	spalten_dict	*	236	Motive_Sternpolygone
map	spalten_dict	*	237	viertwichtigste
map	spalten_dict	*	238	Motive_Sternpolygone
map	spalten_dict	*	239	viertwichtigste
map	spalten_dict	*	240	Wichtigste
map	spalten_dict	*	241	wichtigstes
map	spalten_dict	*	242	Wichtigste
map	spalten_dict	*	243	wichtigstes
map	spalten_dict	*	244	Zweitwichtigste
map	spalten_dict	*	245	zweitwichtigste
map	spalten_dict	*	246	Zweitwichtigste
map	spalten_dict	*	247	zweitwichtigste
map	spalten_dict	*	248	Halbierung
map	spalten_dict	*	249	halbierung
map	spalten_dict	*	250	halbierungen
map	spalten_dict	*	251	Halbierung
map	spalten_dict	*	252	halbierung
map	spalten_dict	*	253	halbierungen
map	spalten_dict	*	254	Religions-Gründer-Typ
map	spalten_dict	*	255	religionsgründertyp
map	spalten_dict	*	256	prophet
map	spalten_dict	*	257	archon
map	spalten_dict	*	258	religionsgruendertyp
map	spalten_dict	*	259	Religions-Gründer-Typ
map	spalten_dict	*	260	religionsgründertyp
map	spalten_dict	*	261	prophet
map	spalten_dict	*	262	archon
map	spalten_dict	*	263	religionsgruendertyp
map	spalten_dict	*	264	Religions-Gründer-Typ
map	spalten_dict	*	265	religionsgründertyp
map	spalten_dict	*	266	prophet
map	spalten_dict	*	267	archon
map	spalten_dict	*	268	religionsgruendertyp
map	spalten_dict	*	269	Satan_Teufel
map	spalten_dict	*	270	Satan_Teufel
map	spalten_dict	*	271	Satan_Teufel
map	spalten_dict	*	272	Satan_Teufel
map	spalten_dict	*	273	Satan_Teufel
map	spalten_dict	*	274	Hinduismus
map	spalten_dict	*	275	hinduismus
map	spalten_dict	*	276	Hinduismus
map	spalten_dict	*	277	hinduismus
map	spalten_dict	*	278	Hinduismus
map	spalten_dict	*	279	hinduismus
map	spalten_dict	*	280	Sternpolygon
map	spalten_dict	*	281	sternpolygon
map	spalten_dict	*	282	Sternpolygon
map	spalten_dict	*	283	sternpolygon
map	spalten_dict	*	284	Sternpolygon
map	spalten_dict	*	285	sternpolygon
map	spalten_dict	*	286	der_Tierkreiszeichen
map	spalten_dict	*	287	dertierkreiszeichen
map	spalten_dict	*	288	babylon
map	spalten_dict	*	289	der_Tierkreiszeichen
map	spalten_dict	*	290	dertierkreiszeichen
map	spalten_dict	*	291	babylon
map	spalten_dict	*	292	der_Tierkreiszeichen
map	spalten_dict	*	293	dertierkreiszeichen
map	spalten_dict	*	294	babylon
map	spalten_dict	*	295	Sternpolygon_vs_gleichförmiges
map	spalten_dict	*	296	vergleich
map	spalten_dict	*	297	sternpolygonvsgleichfoermiges
map	spalten_dict	*	298	vergleichnvs1divn
map	spalten_dict	*	299	Sternpolygon_vs_gleichförmiges
map	spalten_dict	*	300	vergleich
map	spalten_dict	*	301	sternpolygonvsgleichfoermiges
map	spalten_dict	*	302	vergleichnvs1divn
map	spalten_dict	*	303	Sternpolygon_vs_gleichförmiges
map	spalten_dict	*	304	vergleich
map	spalten_dict	*	305	sternpolygonvsgleichfoermiges
map	spalten_dict	*	306	vergleichnvs1divn
map	spalten_dict	*	307	Messias
map	spalten_dict	*	308	messias
map	spalten_dict	*	309	heptagramm
map	spalten_dict	*	310	hund
map	spalten_dict	*	311	messiase
map	spalten_dict	*	312	messiasse
map	spalten_dict	*	313	Messias
map	spalten_dict	*	314	messias
map	spalten_dict	*	315	heptagramm
map	spalten_dict	*	316	hund
map	spalten_dict	*	317	messiase
map	spalten_dict	*	318	messiasse
map	spalten_dict	*	319	Messias
map	spalten_dict	*	320	messias
map	spalten_dict	*	321	heptagramm
map	spalten_dict	*	322	hund
map	spalten_dict	*	323	messiase
map	spalten_dict	*	324	messiasse
map	spalten_dict	*	325	gleichförmiges_Polygon
map	spalten_dict	*	326	gleichförmigespolygon
map	spalten_dict	*	327	gleichfoermigespolygon
map	spalten_dict	*	328	nichtsternpolygon
map	spalten_dict	*	329	polygon
map	spalten_dict	*	330	gleichförmiges_Polygon
map	spalten_dict	*	331	gleichförmigespolygon
map	spalten_dict	*	332	gleichfoermigespolygon
map	spalten_dict	*	333	nichtsternpolygon
map	spalten_dict	*	334	polygon
map	spalten_dict	*	335	gleichförmiges_Polygon
map	spalten_dict	*	336	gleichförmigespolygon
map	spalten_dict	*	337	gleichfoermigespolygon
map	spalten_dict	*	338	nichtsternpolygon
map	spalten_dict	*	339	polygon
map	spalten_dict	*	340	Vertreter_höherer_Konzepte
map	spalten_dict	*	341	vertreterhoehererkonzepte
map	spalten_dict	*	342	galaxien
map	spalten_dict	*	343	galaxie
map	spalten_dict	*	344	schwarzesonne
map	spalten_dict	*	345	schwarzesonnen
map	spalten_dict	*	346	universum
map	spalten_dict	*	347	universen
map	spalten_dict	*	348	kreis
map	spalten_dict	*	349	kreise
map	spalten_dict	*	350	kugel
map	spalten_dict	*	351	kugeln
map	spalten_dict	*	352	Vertreter_höherer_Konzepte
map	spalten_dict	*	353	vertreterhoehererkonzepte
map	spalten_dict	*	354	galaxien
map	spalten_dict	*	355	galaxie
map	spalten_dict	*	356	schwarzesonne
map	spalten_dict	*	357	schwarzesonnen
map	spalten_dict	*	358	universum
map	spalten_dict	*	359	universen
map	spalten_dict	*	360	kreis
map	spalten_dict	*	361	kreise
map	spalten_dict	*	362	kugel
map	spalten_dict	*	363	kugeln
map	spalten_dict	*	364	Vertreter_höherer_Konzepte
map	spalten_dict	*	365	vertreterhoehererkonzepte
map	spalten_dict	*	366	galaxien
map	spalten_dict	*	367	galaxie
map	spalten_dict	*	368	schwarzesonne
map	spalten_dict	*	369	schwarzesonnen
map	spalten_dict	*	370	universum
map	spalten_dict	*	371	universen
map	spalten_dict	*	372	kreis
map	spalten_dict	*	373	kreise
map	spalten_dict	*	374	kugel
map	spalten_dict	*	375	kugeln
map	spalten_dict	*	376	Lebewesen_Galaxie_am_Besten
map	spalten_dict	*	377	Lebewesen_Galaxie_am_Besten
map	spalten_dict	*	378	Lebewesen_Galaxie_am_Besten
map	spalten_dict	*	379	Lebewesen_Galaxie_am_Besten
map	spalten_dict	*	380	Lebewesen_Galaxie_am_Besten
map	spalten_dict	*	381	Lebewesen_Galaxie_am_Besten
map	spalten_dict	*	382	Offenbarung_des_Johannes
map	spalten_dict	*	383	offenbarung
map	spalten_dict	*	384	offenbarungdesjohannes
map	spalten_dict	*	385	johannes
map	spalten_dict	*	386	bibel
map	spalten_dict	*	387	offenbarungjohannes
map	spalten_dict	*	388	Offenbarung_des_Johannes
map	spalten_dict	*	389	offenbarung
map	spalten_dict	*	390	offenbarungdesjohannes
map	spalten_dict	*	391	johannes
map	spalten_dict	*	392	bibel
map	spalten_dict	*	393	offenbarungjohannes
map	spalten_dict	*	394	Offenbarung_des_Johannes
map	spalten_dict	*	395	offenbarung
map	spalten_dict	*	396	offenbarungdesjohannes
map	spalten_dict	*	397	johannes
map	spalten_dict	*	398	bibel
map	spalten_dict	*	399	offenbarungjohannes
map	spalten_dict	*	400	Offenbarung_des_Johannes
map	spalten_dict	*	401	offenbarung
map	spalten_dict	*	402	offenbarungdesjohannes
map	spalten_dict	*	403	johannes
map	spalten_dict	*	404	bibel
map	spalten_dict	*	405	offenbarungjohannes
map	spalten_dict	*	406	Offenbarung_des_Johannes
map	spalten_dict	*	407	offenbarung
map	spalten_dict	*	408	offenbarungdesjohannes
map	spalten_dict	*	409	johannes
map	spalten_dict	*	410	bibel
map	spalten_dict	*	411	offenbarungjohannes
map	spalten_dict	*	412	Offenbarung_des_Johannes
map	spalten_dict	*	413	offenbarung
map	spalten_dict	*	414	offenbarungdesjohannes
map	spalten_dict	*	415	johannes
map	spalten_dict	*	416	bibel
map	spalten_dict	*	417	offenbarungjohannes
map	spalten_dict	*	418	Teilchen-Meta-Physik
map	spalten_dict	*	419	addition
map	spalten_dict	*	420	identitaet
map	spalten_dict	*	421	Identität
map	spalten_dict	*	422	Teilchen-Meta-Physik
map	spalten_dict	*	423	addition
map	spalten_dict	*	424	identitaet
map	spalten_dict	*	425	Identität
map	spalten_dict	*	426	Hochzüchten
map	spalten_dict	*	427	hochzüchten
map	spalten_dict	*	428	hochzuechten
map	spalten_dict	*	429	Hochzüchten
map	spalten_dict	*	430	hochzüchten
map	spalten_dict	*	431	hochzuechten
map	spalten_dict	*	432	Hochzüchten
map	spalten_dict	*	433	hochzüchten
map	spalten_dict	*	434	hochzuechten
map	spalten_dict	*	435	Hochzüchten
map	spalten_dict	*	436	hochzüchten
map	spalten_dict	*	437	hochzuechten
map	spalten_dict	*	438	Hochzüchten
map	spalten_dict	*	439	hochzüchten
map	spalten_dict	*	440	hochzuechten
map	spalten_dict	*	441	Hochzüchten
map	spalten_dict	*	442	hochzüchten
map	spalten_dict	*	443	hochzuechten
map	spalten_dict	*	444	Farben
map	spalten_dict	*	445	farbe
map	spalten_dict	*	446	Farben_Sind_Signale_Signale_sind_Dimension_Dreizehn
map	spalten_dict	*	447	Farben
map	spalten_dict	*	448	farbe
map	spalten_dict	*	449	Farben_Sind_Signale_Signale_sind_Dimension_Dreizehn
map	spalten_dict	*	450	Maschinen
map	spalten_dict	*	451	Computer
map	spalten_dict	*	452	computer
map	spalten_dict	*	453	maschinen
map	spalten_dict	*	454	Maschinen
map	spalten_dict	*	455	Computer
map	spalten_dict	*	456	computer
map	spalten_dict	*	457	maschinen
map	spalten_dict	*	458	Kybernetik_und_Meta_Chemie
map	spalten_dict	*	459	kybernetik
map	spalten_dict	*	460	metachemie
map	spalten_dict	*	461	Kybernetik_und_Meta_Chemie
map	spalten_dict	*	462	kybernetik
map	spalten_dict	*	463	metachemie
map	spalten_dict	*	464	Kybernetik_und_Meta_Chemie
map	spalten_dict	*	465	kybernetik
map	spalten_dict	*	466	metachemie
map	spalten_dict	*	467	Teilchen_anderes_Universum
map	spalten_dict	*	468	Teilchen_anderes_Universum
map	spalten_dict	*	469	Teilchen_anderes_Universum
map	spalten_dict	*	470	Teilchen_anderes_Universum
map	spalten_dict	*	471	Entwicklungs_Stadium_Spezies
map	spalten_dict	*	472	Spezies_Entwicklung
map	spalten_dict	*	473	Entwicklungs_Stadium_Spezies
map	spalten_dict	*	474	Spezies_Entwicklung
map	spalten_dict	*	475	Entwicklungs_Stadium_Spezies
map	spalten_dict	*	476	Spezies_Entwicklung
map	spalten_dict	*	477	Entwicklungs_Stadium_Spezies
map	spalten_dict	*	478	Spezies_Entwicklung
map	spalten_dict	*	479	Entwicklungs_Stadium_Spezies
map	spalten_dict	*	480	Spezies_Entwicklung
map	spalten_dict	*	481	Entwicklungs_Stadium_Spezies
map	spalten_dict	*	482	Spezies_Entwicklung
map	spalten_dict	*	483	Entwicklungs_Stadium_Spezies
map	spalten_dict	*	484	Spezies_Entwicklung
map	spalten_dict	*	485	Entwicklungs_Stadium_Spezies
map	spalten_dict	*	486	Spezies_Entwicklung
map	spalten_dict	*	487	Entwicklungs_Stadium_Spezies
map	spalten_dict	*	488	Spezies_Entwicklung
map	spalten_dict	*	489	Teilchen_anderes_Universum
map	spalten_dict	*	490	Teilchen_anderes_Universum
map	spalten_dict	*	491	Teilchen_anderes_Universum
map	spalten_dict	*	492	Teilchen_anderes_Universum
map	spalten_dict	*	493	Teilchen_anderes_Universum
map	spalten_dict	*	494	Teilchen_anderes_Universum
map	spalten_dict	*	495	Teilchen_anderes_Universum
map	spalten_dict	*	496	Teilchen_anderes_Universum
map	spalten_dict	*	497	Teilchen_anderes_Universum
map	spalten_dict	*	498	Zusammenhang_Gehirn_Kosmos_Universum
map	spalten_dict	*	499	Zusammenhang_Gehirn_Kosmos_Universum
map	spalten_dict	*	500	Zusammenhang_Gehirn_Kosmos_Universum
map	spalten_dict	*	501	Zusammenhang_Gehirn_Kosmos_Universum
map	spalten_dict	*	502	Zusammenhang_Gehirn_Kosmos_Universum
map	spalten_dict	*	503	Zusammenhang_Gehirn_Kosmos_Universum
map	spalten_dict	*	504	Zusammenhang_Gehirn_Kosmos_Universum
map	spalten_dict	*	505	Zusammenhang_Gehirn_Kosmos_Universum
map	spalten_dict	*	506	Zusammenhang_Gehirn_Kosmos_Universum
map	spalten_dict	*	507	Zahlenarten
map	spalten_dict	*	508	zahlen
map	spalten_dict	*	509	nummern
map	spalten_dict	*	510	Zahlenarten
map	spalten_dict	*	511	zahlen
map	spalten_dict	*	512	nummern
map	spalten_dict	*	513	Zahlenarten
map	spalten_dict	*	514	zahlen
map	spalten_dict	*	515	nummern
map	spalten_dict	*	516	Zahlenarten
map	spalten_dict	*	517	zahlen
map	spalten_dict	*	518	nummern
map	spalten_dict	*	519	Zahlenarten
map	spalten_dict	*	520	zahlen
map	spalten_dict	*	521	nummern
map	spalten_dict	*	522	Zahlenarten
map	spalten_dict	*	523	zahlen
map	spalten_dict	*	524	nummern
map	spalten_dict	*	525	Zahlenarten
map	spalten_dict	*	526	zahlen
map	spalten_dict	*	527	nummern
map	spalten_dict	*	528	Zahlenarten
map	spalten_dict	*	529	zahlen
map	spalten_dict	*	530	nummern
map	spalten_dict	*	531	Zahlenarten
map	spalten_dict	*	532	zahlen
map	spalten_dict	*	533	nummern
map	spalten_dict	*	534	Bestrafung
map	spalten_dict	*	535	bestrafen
map	spalten_dict	*	536	Bestrafung
map	spalten_dict	*	537	bestrafen
map	spalten_dict	*	538	Diplomatie
map	spalten_dict	*	539	diplomatie
map	spalten_dict	*	540	lateral
map	spalten_dict	*	541	Diplomatie
map	spalten_dict	*	542	diplomatie
map	spalten_dict	*	543	lateral
map	spalten_dict	*	544	Bestrafung
map	spalten_dict	*	545	Bestrafung
map	spalten_dict	*	546	Bestrafung
map	spalten_dict	*	547	Bestrafung
map	spalten_dict	*	548	weniger_am_Menschen
map	spalten_dict	*	549	weniger_am_Menschen
map	spalten_dict	*	550	Erlösung
map	spalten_dict	*	551	Erloesung
map	spalten_dict	*	552	Erlösung
map	spalten_dict	*	553	Erloesung
map	spalten_dict	*	554	Erlösung
map	spalten_dict	*	555	Erloesung
map	spalten_dict	*	556	Erlösung
map	spalten_dict	*	557	Erloesung
map	spalten_dict	*	558	Gewalt
map	spalten_dict	*	559	Gewalt
map	spalten_dict	*	560	Gewalt
map	spalten_dict	*	561	Gewalt
map	spalten_dict	*	562	Farben
map	spalten_dict	*	563	Farben
map	spalten_dict	*	564	Farben
map	spalten_dict	*	565	Farben
map	spalten_dict	*	566	Farben
map	spalten_dict	*	567	Farben
map	spalten_dict	*	568	Farben
map	spalten_dict	*	569	Farben
map	spalten_dict	*	570	Farben
map	spalten_dict	*	571	künstliches_Leben_(15)
map	spalten_dict	*	572	künstlichesleben
map	spalten_dict	*	573	grosseki
map	spalten_dict	*	574	künstliches_Leben_(15)
map	spalten_dict	*	575	künstlichesleben
map	spalten_dict	*	576	grosseki
map	spalten_dict	*	577	künstliches_Leben_(15)
map	spalten_dict	*	578	künstlichesleben
map	spalten_dict	*	579	grosseki
map	spalten_dict	*	580	künstliches_Leben_(15)
map	spalten_dict	*	581	künstlichesleben
map	spalten_dict	*	582	grosseki
map	spalten_dict	*	583	künstliches_Leben_(15)
map	spalten_dict	*	584	künstlichesleben
map	spalten_dict	*	585	grosseki
map	spalten_dict	*	586	künstliches_Leben_(15)
map	spalten_dict	*	587	künstlichesleben
map	spalten_dict	*	588	grosseki
map	spalten_dict	*	589	künstliches_Leben_(15)
map	spalten_dict	*	590	künstlichesleben
map	spalten_dict	*	591	grosseki
map	spalten_dict	*	592	künstliches_Leben_(15)
map	spalten_dict	*	593	künstlichesleben
map	spalten_dict	*	594	grosseki
map	spalten_dict	*	595	künstliches_Leben_(15)
map	spalten_dict	*	596	künstlichesleben
map	spalten_dict	*	597	grosseki
map	spalten_dict	*	598	Software-Lizenzen_akademische_Grade
map	spalten_dict	*	599	softwarelizenz
map	spalten_dict	*	600	akademischeGrade
map	spalten_dict	*	601	Software-Lizenzen_akademische_Grade
map	spalten_dict	*	602	softwarelizenz
map	spalten_dict	*	603	akademischeGrade
map	spalten_dict	*	604	Software-Lizenzen_akademische_Grade
map	spalten_dict	*	605	softwarelizenz
map	spalten_dict	*	606	akademischeGrade
map	spalten_dict	*	607	Software-Lizenzen_akademische_Grade
map	spalten_dict	*	608	softwarelizenz
map	spalten_dict	*	609	akademischeGrade
map	spalten_dict	*	610	Software-Lizenzen_akademische_Grade
map	spalten_dict	*	611	softwarelizenz
map	spalten_dict	*	612	akademischeGrade
map	spalten_dict	*	613	Software-Lizenzen_akademische_Grade
map	spalten_dict	*	614	softwarelizenz
map	spalten_dict	*	615	akademischeGrade
map	spalten_dict	*	616	Software-Lizenzen_akademische_Grade
map	spalten_dict	*	617	softwarelizenz
map	spalten_dict	*	618	akademischeGrade
map	spalten_dict	*	619	Software-Lizenzen_akademische_Grade
map	spalten_dict	*	620	softwarelizenz
map	spalten_dict	*	621	akademischeGrade
map	spalten_dict	*	622	Software-Lizenzen_akademische_Grade
map	spalten_dict	*	623	softwarelizenz
map	spalten_dict	*	624	akademischeGrade
map	spalten_dict	*	625	Strategie_Taktik_(15m8)
map	spalten_dict	*	626	strategie
map	spalten_dict	*	627	taktik
map	spalten_dict	*	628	Strategie_Taktik_(15m8)
map	spalten_dict	*	629	strategie
map	spalten_dict	*	630	taktik
map	spalten_dict	*	631	Strategie_Taktik_(15m8)
map	spalten_dict	*	632	strategie
map	spalten_dict	*	633	taktik
map	spalten_dict	*	634	Strategie_Taktik_(15m8)
map	spalten_dict	*	635	strategie
map	spalten_dict	*	636	taktik
map	spalten_dict	*	637	Strategie_Taktik_(15m8)
map	spalten_dict	*	638	strategie
map	spalten_dict	*	639	taktik
map	spalten_dict	*	640	Strategie_Taktik_(15m8)
map	spalten_dict	*	641	strategie
map	spalten_dict	*	642	taktik
map	spalten_dict	*	643	Strategie_Taktik_(15m8)
map	spalten_dict	*	644	strategie
map	spalten_dict	*	645	taktik
map	spalten_dict	*	646	Strategie_Taktik_(15m8)
map	spalten_dict	*	647	strategie
map	spalten_dict	*	648	taktik
map	spalten_dict	*	649	Strategie_Taktik_(15m8)
map	spalten_dict	*	650	strategie
map	spalten_dict	*	651	taktik
map	spalten_dict	*	652	Universelles_Verhältnis_gleicher_Zahlen
map	spalten_dict	*	653	verhaeltnisgleicherzahl
map	spalten_dict	*	654	Universelles_Verhältnis_gleicher_Zahlen
map	spalten_dict	*	655	verhaeltnisgleicherzahl
map	spalten_dict	*	656	Universelles_Verhältnis_gleicher_Zahlen
map	spalten_dict	*	657	verhaeltnisgleicherzahl
map	spalten_dict	*	658	Universelles_Verhältnis_gleicher_Zahlen
map	spalten_dict	*	659	verhaeltnisgleicherzahl
map	spalten_dict	*	660	Universelles_Verhältnis_gleicher_Zahlen
map	spalten_dict	*	661	verhaeltnisgleicherzahl
map	spalten_dict	*	662	Universelles_Verhältnis_gleicher_Zahlen
map	spalten_dict	*	663	verhaeltnisgleicherzahl
map	spalten_dict	*	664	Universelles_Verhältnis_gleicher_Zahlen
map	spalten_dict	*	665	verhaeltnisgleicherzahl
map	spalten_dict	*	666	Universelles_Verhältnis_gleicher_Zahlen
map	spalten_dict	*	667	verhaeltnisgleicherzahl
map	spalten_dict	*	668	Universelles_Verhältnis_gleicher_Zahlen
map	spalten_dict	*	669	verhaeltnisgleicherzahl
map	spalten_dict	*	670	universelles_Recht
map	spalten_dict	*	671	recht
map	spalten_dict	*	672	jura
map	spalten_dict	*	673	universelles_Recht
map	spalten_dict	*	674	recht
map	spalten_dict	*	675	jura
map	spalten_dict	*	676	universelles_Recht
map	spalten_dict	*	677	recht
map	spalten_dict	*	678	jura
map	spalten_dict	*	679	universelles_Recht
map	spalten_dict	*	680	recht
map	spalten_dict	*	681	jura
map	spalten_dict	*	682	universelles_Recht
map	spalten_dict	*	683	recht
map	spalten_dict	*	684	jura
map	spalten_dict	*	685	universelles_Recht
map	spalten_dict	*	686	recht
map	spalten_dict	*	687	jura
map	spalten_dict	*	688	universelles_Recht
map	spalten_dict	*	689	recht
map	spalten_dict	*	690	jura
map	spalten_dict	*	691	universelles_Recht
map	spalten_dict	*	692	recht
map	spalten_dict	*	693	jura
map	spalten_dict	*	694	universelles_Recht
map	spalten_dict	*	695	recht
map	spalten_dict	*	696	jura
map	spalten_dict	*	697	sowas_wie_Kombinieren_Verknüpfen
map	spalten_dict	*	698	kombinierenetc
map	spalten_dict	*	699	sowas_wie_Kombinieren_Verknüpfen
map	spalten_dict	*	700	kombinierenetc
map	spalten_dict	*	701	sowas_wie_Kombinieren_Verknüpfen
map	spalten_dict	*	702	kombinierenetc
map	spalten_dict	*	703	sowas_wie_Kombinieren_Verknüpfen
map	spalten_dict	*	704	kombinierenetc
map	spalten_dict	*	705	sowas_wie_Kombinieren_Verknüpfen
map	spalten_dict	*	706	kombinierenetc
map	spalten_dict	*	707	sowas_wie_Kombinieren_Verknüpfen
map	spalten_dict	*	708	kombinierenetc
map	spalten_dict	*	709	sowas_wie_Kombinieren_Verknüpfen
map	spalten_dict	*	710	kombinierenetc
map	spalten_dict	*	711	sowas_wie_Kombinieren_Verknüpfen
map	spalten_dict	*	712	kombinierenetc
map	spalten_dict	*	713	sowas_wie_Kombinieren_Verknüpfen
map	spalten_dict	*	714	kombinierenetc
map	spalten_dict	*	715	Hochzüchten
map	spalten_dict	*	716	hochzüchten
map	spalten_dict	*	717	hochzuechten
map	spalten_dict	*	718	Hochzüchten
map	spalten_dict	*	719	hochzüchten
map	spalten_dict	*	720	hochzuechten
map	spalten_dict	*	721	Hochzüchten
map	spalten_dict	*	722	hochzüchten
map	spalten_dict	*	723	hochzuechten
map	spalten_dict	*	724	Hochzüchten
map	spalten_dict	*	725	hochzüchten
map	spalten_dict	*	726	hochzuechten
map	spalten_dict	*	727	Hochzüchten
map	spalten_dict	*	728	hochzüchten
map	spalten_dict	*	729	hochzuechten
map	spalten_dict	*	730	Hochzüchten
map	spalten_dict	*	731	hochzüchten
map	spalten_dict	*	732	hochzuechten
map	spalten_dict	*	733	Hochzüchten
map	spalten_dict	*	734	hochzüchten
map	spalten_dict	*	735	hochzuechten
map	spalten_dict	*	736	Hochzüchten
map	spalten_dict	*	737	hochzüchten
map	spalten_dict	*	738	hochzuechten
map	spalten_dict	*	739	Hochzüchten
map	spalten_dict	*	740	hochzüchten
map	spalten_dict	*	741	hochzuechten
map	spalten_dict	*	742	Teilchen-Meta-Physik
map	spalten_dict	*	743	Teilchen-Meta-Physik
map	spalten_dict	*	744	Teilchen-Meta-Physik
map	spalten_dict	*	745	Teilchen-Meta-Physik
map	spalten_dict	*	746	Teilchen-Meta-Physik
map	spalten_dict	*	747	Teilchen-Meta-Physik
map	spalten_dict	*	748	Teilchen-Meta-Physik
map	spalten_dict	*	749	Teilchen-Meta-Physik
map	spalten_dict	*	750	Teilchen-Meta-Physik
map	spalten_dict	*	751	das_Universelle_(15)
map	spalten_dict	*	752	das_Universelle_(15)
map	spalten_dict	*	753	Wirklichkeiten_(10)
map	spalten_dict	*	754	wirklichkeit
map	spalten_dict	*	755	wirklichkeiten
map	spalten_dict	*	756	Wirklichkeiten_(10)
map	spalten_dict	*	757	wirklichkeit
map	spalten_dict	*	758	wirklichkeiten
map	spalten_dict	*	759	das_Galaktische_(14)
map	spalten_dict	*	760	das_Galaktische_(14)
map	spalten_dict	*	761	das_Multiverselle_(16)
map	spalten_dict	*	762	das_Multiverselle_(16)
map	spalten_dict	*	763	die_Tugendsortierung_(13_mit_14)
map	spalten_dict	*	764	die_Tugendsortierung_(13_mit_14)
map	spalten_dict	*	765	die_Galaxie_Unterbereiche_(13)
map	spalten_dict	*	766	die_Galaxie_Unterbereiche_(13)
map	spalten_dict	*	767	das_Gute_die_Richtung_(7)
map	spalten_dict	*	768	das_Gute_die_Richtung_(7)
map	spalten_dict	*	769	Raum_und_Dimensionen_(8)
map	spalten_dict	*	770	Raum_und_Dimensionen_(8)
map	spalten_dict	*	771	keine_Nur-Paradigma-Religionen
map	spalten_dict	*	772	metaparadigmareligion
map	spalten_dict	*	773	keine_Nur-Paradigma-Religionen
map	spalten_dict	*	774	metaparadigmareligion
map	spalten_dict	*	775	keine_Nur-Paradigma-Religionen
map	spalten_dict	*	776	metaparadigmareligion
map	spalten_dict	*	777	keine_Nur-Paradigma-Religionen
map	spalten_dict	*	778	metaparadigmareligion
map	spalten_dict	*	779	keine_Nur-Paradigma-Religionen
map	spalten_dict	*	780	metaparadigmareligion
map	spalten_dict	*	781	keine_Nur-Paradigma-Religionen
map	spalten_dict	*	782	metaparadigmareligion
map	spalten_dict	*	783	keine_Nur-Paradigma-Religionen
map	spalten_dict	*	784	metaparadigmareligion
map	spalten_dict	*	785	keine_Nur-Paradigma-Religionen
map	spalten_dict	*	786	metaparadigmareligion
map	spalten_dict	*	787	keine_Nur-Paradigma-Religionen
map	spalten_dict	*	788	metaparadigmareligion
map	spalten_dict	*	789	Kugeln_Kreise
map	spalten_dict	*	790	kugelnkreise
map	spalten_dict	*	791	kugeln
map	spalten_dict	*	792	kreise
map	spalten_dict	*	793	Kugeln_Kreise
map	spalten_dict	*	794	kugelnkreise
map	spalten_dict	*	795	kugeln
map	spalten_dict	*	796	kreise
map	spalten_dict	*	797	Kugeln_Kreise
map	spalten_dict	*	798	kugelnkreise
map	spalten_dict	*	799	kugeln
map	spalten_dict	*	800	kreise
map	spalten_dict	*	801	Kugeln_Kreise
map	spalten_dict	*	802	kugelnkreise
map	spalten_dict	*	803	kugeln
map	spalten_dict	*	804	kreise
map	spalten_dict	*	805	Kugeln_Kreise
map	spalten_dict	*	806	kugelnkreise
map	spalten_dict	*	807	kugeln
map	spalten_dict	*	808	kreise
map	spalten_dict	*	809	Kugeln_Kreise
map	spalten_dict	*	810	kugelnkreise
map	spalten_dict	*	811	kugeln
map	spalten_dict	*	812	kreise
map	spalten_dict	*	813	Kugeln_Kreise
map	spalten_dict	*	814	kugelnkreise
map	spalten_dict	*	815	kugeln
map	spalten_dict	*	816	kreise
map	spalten_dict	*	817	Kugeln_Kreise
map	spalten_dict	*	818	kugelnkreise
map	spalten_dict	*	819	kugeln
map	spalten_dict	*	820	kreise
map	spalten_dict	*	821	Kugeln_Kreise
map	spalten_dict	*	822	kugelnkreise
map	spalten_dict	*	823	kugeln
map	spalten_dict	*	824	kreise
map	spalten_dict	*	825	Raumzeit_Anordnung_mathematisch_universell
map	spalten_dict	*	826	Raumzeit_Anordnung_mathematisch_universell
map	spalten_dict	*	827	Multiversalien_(16)
map	spalten_dict	*	828	multiversalien
map	spalten_dict	*	829	Multiversalien_(16)
map	spalten_dict	*	830	multiversalien
map	spalten_dict	*	831	Meta-Physik-Teilchen_(1)
map	spalten_dict	*	832	teilchen
map	spalten_dict	*	833	Meta-Physik-Teilchen_(1)
map	spalten_dict	*	834	teilchen
map	spalten_dict	*	835	Kugeln_Kreise
map	spalten_dict	*	836	kugelnkreise
map	spalten_dict	*	837	kugeln
map	spalten_dict	*	838	kreise
map	spalten_dict	*	839	Kugeln_Kreise
map	spalten_dict	*	840	kugelnkreise
map	spalten_dict	*	841	kugeln
map	spalten_dict	*	842	kreise
map	spalten_dict	*	843	Kugeln_Kreise
map	spalten_dict	*	844	kugelnkreise
map	spalten_dict	*	845	kugeln
map	spalten_dict	*	846	kreise
map	spalten_dict	*	847	Kugeln_Kreise
map	spalten_dict	*	848	kugelnkreise
map	spalten_dict	*	849	kugeln
map	spalten_dict	*	850	kreise
map	spalten_dict	*	851	Kugeln_Kreise
map	spalten_dict	*	852	kugelnkreise
map	spalten_dict	*	853	kugeln
map	spalten_dict	*	854	kreise
map	spalten_dict	*	855	Kugeln_Kreise
map	spalten_dict	*	856	kugelnkreise
map	spalten_dict	*	857	kugeln
map	spalten_dict	*	858	kreise
map	spalten_dict	*	859	chinesisches_Horoskop
map	spalten_dict	*	860	chinesischeshoroskop
map	spalten_dict	*	861	china
map	spalten_dict	*	862	chinesisches_Horoskop
map	spalten_dict	*	863	chinesischeshoroskop
map	spalten_dict	*	864	china
map	spalten_dict	*	865	chinesisches_Horoskop
map	spalten_dict	*	866	chinesischeshoroskop
map	spalten_dict	*	867	china
map	spalten_dict	*	868	chinesisches_Horoskop
map	spalten_dict	*	869	chinesischeshoroskop
map	spalten_dict	*	870	china
map	spalten_dict	*	871	chinesisches_Horoskop
map	spalten_dict	*	872	chinesischeshoroskop
map	spalten_dict	*	873	china
map	spalten_dict	*	874	chinesisches_Horoskop
map	spalten_dict	*	875	chinesischeshoroskop
map	spalten_dict	*	876	china
map	spalten_dict	*	877	babylonische_Tierkreiszeichen
map	spalten_dict	*	878	tierkreiszeichen
map	spalten_dict	*	879	babylon
map	spalten_dict	*	880	babylonische_Tierkreiszeichen
map	spalten_dict	*	881	tierkreiszeichen
map	spalten_dict	*	882	babylon
map	spalten_dict	*	883	babylonische_Tierkreiszeichen
map	spalten_dict	*	884	tierkreiszeichen
map	spalten_dict	*	885	babylon
map	spalten_dict	*	886	babylonische_Tierkreiszeichen
map	spalten_dict	*	887	tierkreiszeichen
map	spalten_dict	*	888	babylon
map	spalten_dict	*	889	babylonische_Tierkreiszeichen
map	spalten_dict	*	890	tierkreiszeichen
map	spalten_dict	*	891	babylon
map	spalten_dict	*	892	babylonische_Tierkreiszeichen
map	spalten_dict	*	893	tierkreiszeichen
map	spalten_dict	*	894	babylon
map	spalten_dict	*	895	Thomasevangelium
map	spalten_dict	*	896	thomasevangelium
map	spalten_dict	*	897	thomas
map	spalten_dict	*	898	Thomasevangelium
map	spalten_dict	*	899	thomasevangelium
map	spalten_dict	*	900	thomas
map	spalten_dict	*	901	Thomasevangelium
map	spalten_dict	*	902	thomasevangelium
map	spalten_dict	*	903	thomas
map	spalten_dict	*	904	Thomasevangelium
map	spalten_dict	*	905	thomasevangelium
map	spalten_dict	*	906	thomas
map	spalten_dict	*	907	Thomasevangelium
map	spalten_dict	*	908	thomasevangelium
map	spalten_dict	*	909	thomas
map	spalten_dict	*	910	Thomasevangelium
map	spalten_dict	*	911	thomasevangelium
map	spalten_dict	*	912	thomas
map	spalten_dict	*	913	Netzwerk
map	spalten_dict	*	914	netzwerk
map	spalten_dict	*	915	Netzwerk
map	spalten_dict	*	916	netzwerk
map	spalten_dict	*	917	Kontroverse_(51)
map	spalten_dict	*	918	kontroverse
map	spalten_dict	*	919	Kontroverse_(51)
map	spalten_dict	*	920	kontroverse
map	spalten_dict	*	921	mathematisches_Design_(32)
map	spalten_dict	*	922	mathematischesdesign
map	spalten_dict	*	923	mathematisches_Design_(32)
map	spalten_dict	*	924	mathematischesdesign
map	spalten_dict	*	925	analytische_Ontologie
map	spalten_dict	*	926	analytischeontologie
map	spalten_dict	*	927	ontologie
map	spalten_dict	*	928	analytische_Ontologie
map	spalten_dict	*	929	analytischeontologie
map	spalten_dict	*	930	ontologie
map	spalten_dict	*	931	analytische_Ontologie
map	spalten_dict	*	932	analytischeontologie
map	spalten_dict	*	933	ontologie
map	spalten_dict	*	934	analytische_Ontologie
map	spalten_dict	*	935	analytischeontologie
map	spalten_dict	*	936	ontologie
map	spalten_dict	*	937	analytische_Ontologie
map	spalten_dict	*	938	analytischeontologie
map	spalten_dict	*	939	ontologie
map	spalten_dict	*	940	analytische_Ontologie
map	spalten_dict	*	941	analytischeontologie
map	spalten_dict	*	942	ontologie
map	spalten_dict	*	943	analytische_Ontologie
map	spalten_dict	*	944	analytischeontologie
map	spalten_dict	*	945	ontologie
map	spalten_dict	*	946	analytische_Ontologie
map	spalten_dict	*	947	analytischeontologie
map	spalten_dict	*	948	ontologie
map	spalten_dict	*	949	Transzendentalien_innen_außen
map	spalten_dict	*	950	innenaussenstrukur
map	spalten_dict	*	951	strukturalieninnenaußen
map	spalten_dict	*	952	strukturalieninnenaussen
map	spalten_dict	*	953	innenaußenstrukur
map	spalten_dict	*	954	transzendentalieninnenaußen
map	spalten_dict	*	955	transzendentalieninnenaussen
map	spalten_dict	*	956	Transzendentalien_innen_außen
map	spalten_dict	*	957	innenaussenstrukur
map	spalten_dict	*	958	strukturalieninnenaußen
map	spalten_dict	*	959	strukturalieninnenaussen
map	spalten_dict	*	960	innenaußenstrukur
map	spalten_dict	*	961	transzendentalieninnenaußen
map	spalten_dict	*	962	transzendentalieninnenaussen
map	spalten_dict	*	963	Transzendentalien_innen_außen
map	spalten_dict	*	964	innenaussenstrukur
map	spalten_dict	*	965	strukturalieninnenaußen
map	spalten_dict	*	966	strukturalieninnenaussen
map	spalten_dict	*	967	innenaußenstrukur
map	spalten_dict	*	968	transzendentalieninnenaußen
map	spalten_dict	*	969	transzendentalieninnenaussen
map	spalten_dict	*	970	Transzendentalien_innen_außen
map	spalten_dict	*	971	innenaussenstrukur
map	spalten_dict	*	972	strukturalieninnenaußen
map	spalten_dict	*	973	strukturalieninnenaussen
map	spalten_dict	*	974	innenaußenstrukur
map	spalten_dict	*	975	transzendentalieninnenaußen
map	spalten_dict	*	976	transzendentalieninnenaussen
map	spalten_dict	*	977	Transzendentalien_innen_außen
map	spalten_dict	*	978	innenaussenstrukur
map	spalten_dict	*	979	strukturalieninnenaußen
map	spalten_dict	*	980	strukturalieninnenaussen
map	spalten_dict	*	981	innenaußenstrukur
map	spalten_dict	*	982	transzendentalieninnenaußen
map	spalten_dict	*	983	transzendentalieninnenaussen
map	spalten_dict	*	984	Transzendentalien_innen_außen
map	spalten_dict	*	985	innenaussenstrukur
map	spalten_dict	*	986	strukturalieninnenaußen
map	spalten_dict	*	987	strukturalieninnenaussen
map	spalten_dict	*	988	innenaußenstrukur
map	spalten_dict	*	989	transzendentalieninnenaußen
map	spalten_dict	*	990	transzendentalieninnenaussen
map	spalten_dict	*	991	Modallogik
map	spalten_dict	*	992	modallogik
map	spalten_dict	*	993	Modallogik
map	spalten_dict	*	994	modallogik
map	spalten_dict	*	995	Modallogik
map	spalten_dict	*	996	modallogik
map	spalten_dict	*	997	Modallogik
map	spalten_dict	*	998	modallogik
map	spalten_dict	*	999	Modallogik
map	spalten_dict	*	1000	modallogik
map	spalten_dict	*	1001	Modallogik
map	spalten_dict	*	1002	modallogik
map	spalten_dict	*	1003	5
map	spalten_dict	*	1004	fünf
map	spalten_dict	*	1005	fünfer
map	spalten_dict	*	1006	fünferstruktur
map	spalten_dict	*	1007	fuenf
map	spalten_dict	*	1008	fuenfer
map	spalten_dict	*	1009	fuenferstruktur
map	spalten_dict	*	1010	5
map	spalten_dict	*	1011	fünf
map	spalten_dict	*	1012	fünfer
map	spalten_dict	*	1013	fünferstruktur
map	spalten_dict	*	1014	fuenf
map	spalten_dict	*	1015	fuenfer
map	spalten_dict	*	1016	fuenferstruktur
map	spalten_dict	*	1017	9
map	spalten_dict	*	1018	neun
map	spalten_dict	*	1019	neuner
map	spalten_dict	*	1020	neunerstruktur
map	spalten_dict	*	1021	9
map	spalten_dict	*	1022	neun
map	spalten_dict	*	1023	neuner
map	spalten_dict	*	1024	neunerstruktur
map	spalten_dict	*	1025	3
map	spalten_dict	*	1026	drei
map	spalten_dict	*	1027	dreier
map	spalten_dict	*	1028	dreierstruktur
map	spalten_dict	*	1029	3
map	spalten_dict	*	1030	drei
map	spalten_dict	*	1031	dreier
map	spalten_dict	*	1032	dreierstruktur
map	spalten_dict	*	1033	Licht
map	spalten_dict	*	1034	licht
map	spalten_dict	*	1035	Licht
map	spalten_dict	*	1036	licht
map	spalten_dict	*	1037	Licht
map	spalten_dict	*	1038	licht
map	spalten_dict	*	1039	Licht
map	spalten_dict	*	1040	licht
map	spalten_dict	*	1041	Licht
map	spalten_dict	*	1042	licht
map	spalten_dict	*	1043	Licht
map	spalten_dict	*	1044	licht
map	spalten_dict	*	1045	Licht
map	spalten_dict	*	1046	licht
map	spalten_dict	*	1047	Licht
map	spalten_dict	*	1048	licht
map	spalten_dict	*	1049	Licht
map	spalten_dict	*	1050	licht
map	spalten_dict	*	1051	Strukturgrösse
map	spalten_dict	*	1052	Größenordnung
map	spalten_dict	*	1053	größe
map	spalten_dict	*	1054	groesse
map	spalten_dict	*	1055	gross
map	spalten_dict	*	1056	strukturgroesse
map	spalten_dict	*	1057	strukturgroeße
map	spalten_dict	*	1058	strukturgrösse
map	spalten_dict	*	1059	strukturgröße
map	spalten_dict	*	1060	Strukturgrösse
map	spalten_dict	*	1061	Größenordnung
map	spalten_dict	*	1062	größe
map	spalten_dict	*	1063	groesse
map	spalten_dict	*	1064	gross
map	spalten_dict	*	1065	strukturgroesse
map	spalten_dict	*	1066	strukturgroeße
map	spalten_dict	*	1067	strukturgrösse
map	spalten_dict	*	1068	strukturgröße
map	spalten_dict	*	1069	Strukturgrösse
map	spalten_dict	*	1070	Größenordnung
map	spalten_dict	*	1071	größe
map	spalten_dict	*	1072	groesse
map	spalten_dict	*	1073	gross
map	spalten_dict	*	1074	strukturgroesse
map	spalten_dict	*	1075	strukturgroeße
map	spalten_dict	*	1076	strukturgrösse
map	spalten_dict	*	1077	strukturgröße
map	spalten_dict	*	1078	Strukturgrösse
map	spalten_dict	*	1079	Größenordnung
map	spalten_dict	*	1080	größe
map	spalten_dict	*	1081	groesse
map	spalten_dict	*	1082	gross
map	spalten_dict	*	1083	strukturgroesse
map	spalten_dict	*	1084	strukturgroeße
map	spalten_dict	*	1085	strukturgrösse
map	spalten_dict	*	1086	strukturgröße
map	spalten_dict	*	1087	Strukturgrösse
map	spalten_dict	*	1088	Größenordnung
map	spalten_dict	*	1089	größe
map	spalten_dict	*	1090	groesse
map	spalten_dict	*	1091	gross
map	spalten_dict	*	1092	strukturgroesse
map	spalten_dict	*	1093	strukturgroeße
map	spalten_dict	*	1094	strukturgrösse
map	spalten_dict	*	1095	strukturgröße
map	spalten_dict	*	1096	Strukturgrösse
map	spalten_dict	*	1097	Größenordnung
map	spalten_dict	*	1098	größe
map	spalten_dict	*	1099	groesse
map	spalten_dict	*	1100	gross
map	spalten_dict	*	1101	strukturgroesse
map	spalten_dict	*	1102	strukturgroeße
map	spalten_dict	*	1103	strukturgrösse
map	spalten_dict	*	1104	strukturgröße
map	spalten_dict	*	1105	Strukturgrösse
map	spalten_dict	*	1106	Größenordnung
map	spalten_dict	*	1107	größe
map	spalten_dict	*	1108	groesse
map	spalten_dict	*	1109	gross
map	spalten_dict	*	1110	strukturgroesse
map	spalten_dict	*	1111	strukturgroeße
map	spalten_dict	*	1112	strukturgrösse
map	spalten_dict	*	1113	strukturgröße
map	spalten_dict	*	1114	Strukturgrösse
map	spalten_dict	*	1115	Größenordnung
map	spalten_dict	*	1116	größe
map	spalten_dict	*	1117	groesse
map	spalten_dict	*	1118	gross
map	spalten_dict	*	1119	strukturgroesse
map	spalten_dict	*	1120	strukturgroeße
map	spalten_dict	*	1121	strukturgrösse
map	spalten_dict	*	1122	strukturgröße
map	spalten_dict	*	1123	Strukturgrösse
map	spalten_dict	*	1124	Größenordnung
map	spalten_dict	*	1125	größe
map	spalten_dict	*	1126	groesse
map	spalten_dict	*	1127	gross
map	spalten_dict	*	1128	strukturgroesse
map	spalten_dict	*	1129	strukturgroeße
map	spalten_dict	*	1130	strukturgrösse
map	spalten_dict	*	1131	strukturgröße
map	spalten_dict	*	1132	Strukturgrösse
map	spalten_dict	*	1133	Größenordnung
map	spalten_dict	*	1134	größe
map	spalten_dict	*	1135	groesse
map	spalten_dict	*	1136	gross
map	spalten_dict	*	1137	strukturgroesse
map	spalten_dict	*	1138	strukturgroeße
map	spalten_dict	*	1139	strukturgrösse
map	spalten_dict	*	1140	strukturgröße
map	spalten_dict	*	1141	Strukturgrösse
map	spalten_dict	*	1142	Größenordnung
map	spalten_dict	*	1143	größe
map	spalten_dict	*	1144	groesse
map	spalten_dict	*	1145	gross
map	spalten_dict	*	1146	strukturgroesse
map	spalten_dict	*	1147	strukturgroeße
map	spalten_dict	*	1148	strukturgrösse
map	spalten_dict	*	1149	strukturgröße
map	spalten_dict	*	1150	Organisationen
map	spalten_dict	*	1151	organisationen
map	spalten_dict	*	1152	organisation
map	spalten_dict	*	1153	Organisationen
map	spalten_dict	*	1154	organisationen
map	spalten_dict	*	1155	organisation
map	spalten_dict	*	1156	Organisationen
map	spalten_dict	*	1157	organisationen
map	spalten_dict	*	1158	organisation
map	spalten_dict	*	1159	Organisationen
map	spalten_dict	*	1160	organisationen
map	spalten_dict	*	1161	organisation
map	spalten_dict	*	1162	Organisationen
map	spalten_dict	*	1163	organisationen
map	spalten_dict	*	1164	organisation
map	spalten_dict	*	1165	Organisationen
map	spalten_dict	*	1166	organisationen
map	spalten_dict	*	1167	organisation
map	spalten_dict	*	1168	Organisationen
map	spalten_dict	*	1169	organisationen
map	spalten_dict	*	1170	organisation
map	spalten_dict	*	1171	Organisationen
map	spalten_dict	*	1172	organisationen
map	spalten_dict	*	1173	organisation
map	spalten_dict	*	1174	Organisationen
map	spalten_dict	*	1175	organisationen
map	spalten_dict	*	1176	organisation
map	spalten_dict	*	1177	politische_Systeme
map	spalten_dict	*	1178	politischesysteme
map	spalten_dict	*	1179	politik
map	spalten_dict	*	1180	politische_Systeme
map	spalten_dict	*	1181	politischesysteme
map	spalten_dict	*	1182	politik
map	spalten_dict	*	1183	politische_Systeme
map	spalten_dict	*	1184	politischesysteme
map	spalten_dict	*	1185	politik
map	spalten_dict	*	1186	politische_Systeme
map	spalten_dict	*	1187	politischesysteme
map	spalten_dict	*	1188	politik
map	spalten_dict	*	1189	politische_Systeme
map	spalten_dict	*	1190	politischesysteme
map	spalten_dict	*	1191	politik
map	spalten_dict	*	1192	politische_Systeme
map	spalten_dict	*	1193	politischesysteme
map	spalten_dict	*	1194	politik
map	spalten_dict	*	1195	politische_Systeme
map	spalten_dict	*	1196	politischesysteme
map	spalten_dict	*	1197	politik
map	spalten_dict	*	1198	politische_Systeme
map	spalten_dict	*	1199	politischesysteme
map	spalten_dict	*	1200	politik
map	spalten_dict	*	1201	politische_Systeme
map	spalten_dict	*	1202	politischesysteme
map	spalten_dict	*	1203	politik
map	spalten_dict	*	1204	meta
map	spalten_dict	*	1205	meta
map	spalten_dict	*	1206	konkret
map	spalten_dict	*	1207	konkret
map	spalten_dict	*	1208	Theorie
map	spalten_dict	*	1209	theorie
map	spalten_dict	*	1210	Theorie
map	spalten_dict	*	1211	theorie
map	spalten_dict	*	1212	Praxis
map	spalten_dict	*	1213	praxis
map	spalten_dict	*	1214	Praxis
map	spalten_dict	*	1215	praxis
map	spalten_dict	*	1216	Management
map	spalten_dict	*	1217	management
map	spalten_dict	*	1218	stau
map	spalten_dict	*	1219	Management
map	spalten_dict	*	1220	management
map	spalten_dict	*	1221	stau
map	spalten_dict	*	1222	verändernd
map	spalten_dict	*	1223	veraendernd
map	spalten_dict	*	1224	fluss
map	spalten_dict	*	1225	verändernd
map	spalten_dict	*	1226	veraendernd
map	spalten_dict	*	1227	fluss
map	spalten_dict	*	1228	ganzheitlich
map	spalten_dict	*	1229	mathematisch_diskret
map	spalten_dict	*	1230	diskret
map	spalten_dict	*	1231	ganzheitlich
map	spalten_dict	*	1232	mathematisch_diskret
map	spalten_dict	*	1233	diskret
map	spalten_dict	*	1234	darüber_hinausgehend
map	spalten_dict	*	1235	hinausgehend
map	spalten_dict	*	1236	kontinuierlich
map	spalten_dict	*	1237	darüber_hinausgehend
map	spalten_dict	*	1238	hinausgehend
map	spalten_dict	*	1239	kontinuierlich
map	spalten_dict	*	1240	Universum_Strukturalien_Transzendentalien
map	spalten_dict	*	1241	universum
map	spalten_dict	*	1242	strukturalie
map	spalten_dict	*	1243	strukturalien
map	spalten_dict	*	1244	transzendentalien
map	spalten_dict	*	1245	transzendentalie
map	spalten_dict	*	1246	Universum_Strukturalien_Transzendentalien
map	spalten_dict	*	1247	universum
map	spalten_dict	*	1248	strukturalie
map	spalten_dict	*	1249	strukturalien
map	spalten_dict	*	1250	transzendentalien
map	spalten_dict	*	1251	transzendentalie
map	spalten_dict	*	1252	Richtung_als_Richtung
map	spalten_dict	*	1253	richtungrichtung
map	spalten_dict	*	1254	Richtung_als_Richtung
map	spalten_dict	*	1255	richtungrichtung
map	spalten_dict	*	1256	Galaxieabsicht
map	spalten_dict	*	1257	absichtgalaxie
map	spalten_dict	*	1258	absicht
map	spalten_dict	*	1259	motive
map	spalten_dict	*	1260	motiv
map	spalten_dict	*	1261	absichten
map	spalten_dict	*	1262	galaxie
map	spalten_dict	*	1263	Galaxieabsicht
map	spalten_dict	*	1264	absichtgalaxie
map	spalten_dict	*	1265	absicht
map	spalten_dict	*	1266	motive
map	spalten_dict	*	1267	motiv
map	spalten_dict	*	1268	absichten
map	spalten_dict	*	1269	galaxie
map	spalten_dict	*	1270	Absicht_Reziproke_Galaxie
map	spalten_dict	*	1271	absichtgalaxiereziproke
map	spalten_dict	*	1272	absichtreziproke
map	spalten_dict	*	1273	motivereziproke
map	spalten_dict	*	1274	motivreziproke
map	spalten_dict	*	1275	absichtenreziproke
map	spalten_dict	*	1276	galaxiereziproke
map	spalten_dict	*	1277	Absicht_Reziproke_Galaxie
map	spalten_dict	*	1278	absichtgalaxiereziproke
map	spalten_dict	*	1279	absichtreziproke
map	spalten_dict	*	1280	motivereziproke
map	spalten_dict	*	1281	motivreziproke
map	spalten_dict	*	1282	absichtenreziproke
map	spalten_dict	*	1283	galaxiereziproke
map	spalten_dict	*	1284	Universum_Reziproke
map	spalten_dict	*	1285	universumreziproke
map	spalten_dict	*	1286	strukturaliereziproke
map	spalten_dict	*	1287	strukturalienreziproke
map	spalten_dict	*	1288	transzendentalienreziproke
map	spalten_dict	*	1289	transzendentaliereziproke
map	spalten_dict	*	1290	Universum_Reziproke
map	spalten_dict	*	1291	universumreziproke
map	spalten_dict	*	1292	strukturaliereziproke
map	spalten_dict	*	1293	strukturalienreziproke
map	spalten_dict	*	1294	transzendentalienreziproke
map	spalten_dict	*	1295	transzendentaliereziproke
map	spalten_dict	*	1296	Dagegen-Gegentranszendentalie
map	spalten_dict	*	1297	dagegengegentranszendentalie
map	spalten_dict	*	1298	dagegengegentranszendentalien
map	spalten_dict	*	1299	dagegengegenstrukturalien
map	spalten_dict	*	1300	dagegengegenstrukturalie
map	spalten_dict	*	1301	Dagegen-Gegentranszendentalie
map	spalten_dict	*	1302	dagegengegentranszendentalie
map	spalten_dict	*	1303	dagegengegentranszendentalien
map	spalten_dict	*	1304	dagegengegenstrukturalien
map	spalten_dict	*	1305	dagegengegenstrukturalie
map	spalten_dict	*	1306	neutrale_Gegentranszendentalie
map	spalten_dict	*	1307	neutralegegentranszendentalie
map	spalten_dict	*	1308	neutralegegentranszendentalien
map	spalten_dict	*	1309	neutralegegenstrukturalien
map	spalten_dict	*	1310	neutralegegenstrukturalie
map	spalten_dict	*	1311	neutrale_Gegentranszendentalie
map	spalten_dict	*	1312	neutralegegentranszendentalie
map	spalten_dict	*	1313	neutralegegentranszendentalien
map	spalten_dict	*	1314	neutralegegenstrukturalien
map	spalten_dict	*	1315	neutralegegenstrukturalie
map	spalten_dict	*	1316	Unternehmung_Geschäft
map	spalten_dict	*	1317	unternehmen
map	spalten_dict	*	1318	unternehmung
map	spalten_dict	*	1319	geschaeft
map	spalten_dict	*	1320	geschäft
map	spalten_dict	*	1321	Unternehmung_Geschäft
map	spalten_dict	*	1322	unternehmen
map	spalten_dict	*	1323	unternehmung
map	spalten_dict	*	1324	geschaeft
map	spalten_dict	*	1325	geschäft
map	spalten_dict	*	1326	wertvoll
map	spalten_dict	*	1327	wert
map	spalten_dict	*	1328	wertvoll
map	spalten_dict	*	1329	wert
map	spalten_dict	*	1330	Beherrschen
map	spalten_dict	*	1331	regieren
map	spalten_dict	*	1332	beherrschen
map	spalten_dict	*	1333	Beherrschen
map	spalten_dict	*	1334	regieren
map	spalten_dict	*	1335	beherrschen
map	spalten_dict	*	1336	Richtung
map	spalten_dict	*	1337	richtung
map	spalten_dict	*	1338	gut
map	spalten_dict	*	1339	Richtung
map	spalten_dict	*	1340	richtung
map	spalten_dict	*	1341	gut
map	spalten_dict	*	1342	analytische_Ontologie
map	spalten_dict	*	1343	analytischeontologie
map	spalten_dict	*	1344	ontologie
map	spalten_dict	*	1345	analytische_Ontologie
map	spalten_dict	*	1346	analytischeontologie
map	spalten_dict	*	1347	ontologie
map	spalten_dict	*	1348	analytische_Ontologie
map	spalten_dict	*	1349	analytischeontologie
map	spalten_dict	*	1350	ontologie
map	spalten_dict	*	1351	analytische_Ontologie
map	spalten_dict	*	1352	analytischeontologie
map	spalten_dict	*	1353	ontologie
map	spalten_dict	*	1354	analytische_Ontologie
map	spalten_dict	*	1355	analytischeontologie
map	spalten_dict	*	1356	ontologie
map	spalten_dict	*	1357	analytische_Ontologie
map	spalten_dict	*	1358	analytischeontologie
map	spalten_dict	*	1359	ontologie
map	spalten_dict	*	1360	analytische_Ontologie
map	spalten_dict	*	1361	analytischeontologie
map	spalten_dict	*	1362	ontologie
map	spalten_dict	*	1363	analytische_Ontologie
map	spalten_dict	*	1364	analytischeontologie
map	spalten_dict	*	1365	ontologie
map	spalten_dict	*	1366	analytische_Ontologie
map	spalten_dict	*	1367	analytischeontologie
map	spalten_dict	*	1368	ontologie
map	spalten_dict	*	1369	Gegentranszendentalien
map	spalten_dict	*	1370	gegentranszendentalien
map	spalten_dict	*	1371	gegentranszendentalie
map	spalten_dict	*	1372	gegenstrukturalien
map	spalten_dict	*	1373	gegenalien
map	spalten_dict	*	1374	gegenuniversalien
map	spalten_dict	*	1375	Gegentranszendentalien
map	spalten_dict	*	1376	gegentranszendentalien
map	spalten_dict	*	1377	gegentranszendentalie
map	spalten_dict	*	1378	gegenstrukturalien
map	spalten_dict	*	1379	gegenalien
map	spalten_dict	*	1380	gegenuniversalien
map	spalten_dict	*	1381	Gegentranszendentalien
map	spalten_dict	*	1382	gegentranszendentalien
map	spalten_dict	*	1383	gegentranszendentalie
map	spalten_dict	*	1384	gegenstrukturalien
map	spalten_dict	*	1385	gegenalien
map	spalten_dict	*	1386	gegenuniversalien
map	spalten_dict	*	1387	Gegentranszendentalien
map	spalten_dict	*	1388	gegentranszendentalien
map	spalten_dict	*	1389	gegentranszendentalie
map	spalten_dict	*	1390	gegenstrukturalien
map	spalten_dict	*	1391	gegenalien
map	spalten_dict	*	1392	gegenuniversalien
map	spalten_dict	*	1393	Gegentranszendentalien
map	spalten_dict	*	1394	gegentranszendentalien
map	spalten_dict	*	1395	gegentranszendentalie
map	spalten_dict	*	1396	gegenstrukturalien
map	spalten_dict	*	1397	gegenalien
map	spalten_dict	*	1398	gegenuniversalien
map	spalten_dict	*	1399	Gegentranszendentalien
map	spalten_dict	*	1400	gegentranszendentalien
map	spalten_dict	*	1401	gegentranszendentalie
map	spalten_dict	*	1402	gegenstrukturalien
map	spalten_dict	*	1403	gegenalien
map	spalten_dict	*	1404	gegenuniversalien
map	spalten_dict	*	1405	Gegentranszendentalien
map	spalten_dict	*	1406	gegentranszendentalien
map	spalten_dict	*	1407	gegentranszendentalie
map	spalten_dict	*	1408	gegenstrukturalien
map	spalten_dict	*	1409	gegenalien
map	spalten_dict	*	1410	gegenuniversalien
map	spalten_dict	*	1411	Gegentranszendentalien
map	spalten_dict	*	1412	gegentranszendentalien
map	spalten_dict	*	1413	gegentranszendentalie
map	spalten_dict	*	1414	gegenstrukturalien
map	spalten_dict	*	1415	gegenalien
map	spalten_dict	*	1416	gegenuniversalien
map	spalten_dict	*	1417	Gegentranszendentalien
map	spalten_dict	*	1418	gegentranszendentalien
map	spalten_dict	*	1419	gegentranszendentalie
map	spalten_dict	*	1420	gegenstrukturalien
map	spalten_dict	*	1421	gegenalien
map	spalten_dict	*	1422	gegenuniversalien
map	spalten_dict	*	1423	Systemsachen
map	spalten_dict	*	1424	systemsachen
map	spalten_dict	*	1425	Systemsachen
map	spalten_dict	*	1426	systemsachen
map	spalten_dict	*	1427	Systemsachen
map	spalten_dict	*	1428	systemsachen
map	spalten_dict	*	1429	Systemsachen
map	spalten_dict	*	1430	systemsachen
map	spalten_dict	*	1431	Systemsachen
map	spalten_dict	*	1432	systemsachen
map	spalten_dict	*	1433	Systemsachen
map	spalten_dict	*	1434	systemsachen
map	spalten_dict	*	1435	Systemsachen
map	spalten_dict	*	1436	systemsachen
map	spalten_dict	*	1437	Systemsachen
map	spalten_dict	*	1438	systemsachen
map	spalten_dict	*	1439	Systemsachen
map	spalten_dict	*	1440	systemsachen
map	spalten_dict	*	1441	Transzendentalien
map	spalten_dict	*	1442	transzendentalien
map	spalten_dict	*	1443	transzendentalie
map	spalten_dict	*	1444	strukturalien
map	spalten_dict	*	1445	alien
map	spalten_dict	*	1446	universalien
map	spalten_dict	*	1447	Transzendentalien
map	spalten_dict	*	1448	transzendentalien
map	spalten_dict	*	1449	transzendentalie
map	spalten_dict	*	1450	strukturalien
map	spalten_dict	*	1451	alien
map	spalten_dict	*	1452	universalien
map	spalten_dict	*	1453	Transzendentalien
map	spalten_dict	*	1454	transzendentalien
map	spalten_dict	*	1455	transzendentalie
map	spalten_dict	*	1456	strukturalien
map	spalten_dict	*	1457	alien
map	spalten_dict	*	1458	universalien
map	spalten_dict	*	1459	Transzendentalien
map	spalten_dict	*	1460	transzendentalien
map	spalten_dict	*	1461	transzendentalie
map	spalten_dict	*	1462	strukturalien
map	spalten_dict	*	1463	alien
map	spalten_dict	*	1464	universalien
map	spalten_dict	*	1465	Transzendentalien
map	spalten_dict	*	1466	transzendentalien
map	spalten_dict	*	1467	transzendentalie
map	spalten_dict	*	1468	strukturalien
map	spalten_dict	*	1469	alien
map	spalten_dict	*	1470	universalien
map	spalten_dict	*	1471	Transzendentalien
map	spalten_dict	*	1472	transzendentalien
map	spalten_dict	*	1473	transzendentalie
map	spalten_dict	*	1474	strukturalien
map	spalten_dict	*	1475	alien
map	spalten_dict	*	1476	universalien
map	spalten_dict	*	1477	Transzendentalien
map	spalten_dict	*	1478	transzendentalien
map	spalten_dict	*	1479	transzendentalie
map	spalten_dict	*	1480	strukturalien
map	spalten_dict	*	1481	alien
map	spalten_dict	*	1482	universalien
map	spalten_dict	*	1483	Transzendentalien
map	spalten_dict	*	1484	transzendentalien
map	spalten_dict	*	1485	transzendentalie
map	spalten_dict	*	1486	strukturalien
map	spalten_dict	*	1487	alien
map	spalten_dict	*	1488	universalien
map	spalten_dict	*	1489	Transzendentalien
map	spalten_dict	*	1490	transzendentalien
map	spalten_dict	*	1491	transzendentalie
map	spalten_dict	*	1492	strukturalien
map	spalten_dict	*	1493	alien
map	spalten_dict	*	1494	universalien
map	spalten_dict	*	1495	Reziproke_von_Transzendentalien
map	spalten_dict	*	1496	transzendentalienreziproke
map	spalten_dict	*	1497	transzendentaliereziproke
map	spalten_dict	*	1498	strukturalienreziproke
map	spalten_dict	*	1499	alienreziproke
map	spalten_dict	*	1500	universalienreziproke
map	spalten_dict	*	1501	Reziproke_von_Transzendentalien
map	spalten_dict	*	1502	transzendentalienreziproke
map	spalten_dict	*	1503	transzendentaliereziproke
map	spalten_dict	*	1504	strukturalienreziproke
map	spalten_dict	*	1505	alienreziproke
map	spalten_dict	*	1506	universalienreziproke
map	spalten_dict	*	1507	Reziproke_von_Transzendentalien
map	spalten_dict	*	1508	transzendentalienreziproke
map	spalten_dict	*	1509	transzendentaliereziproke
map	spalten_dict	*	1510	strukturalienreziproke
map	spalten_dict	*	1511	alienreziproke
map	spalten_dict	*	1512	universalienreziproke
map	spalten_dict	*	1513	Reziproke_von_Transzendentalien
map	spalten_dict	*	1514	transzendentalienreziproke
map	spalten_dict	*	1515	transzendentaliereziproke
map	spalten_dict	*	1516	strukturalienreziproke
map	spalten_dict	*	1517	alienreziproke
map	spalten_dict	*	1518	universalienreziproke
map	spalten_dict	*	1519	Reziproke_von_Transzendentalien
map	spalten_dict	*	1520	transzendentalienreziproke
map	spalten_dict	*	1521	transzendentaliereziproke
map	spalten_dict	*	1522	strukturalienreziproke
map	spalten_dict	*	1523	alienreziproke
map	spalten_dict	*	1524	universalienreziproke
map	spalten_dict	*	1525	Reziproke_von_Transzendentalien
map	spalten_dict	*	1526	transzendentalienreziproke
map	spalten_dict	*	1527	transzendentaliereziproke
map	spalten_dict	*	1528	strukturalienreziproke
map	spalten_dict	*	1529	alienreziproke
map	spalten_dict	*	1530	universalienreziproke
map	spalten_dict	*	1531	Reziproke_von_Transzendentalien
map	spalten_dict	*	1532	transzendentalienreziproke
map	spalten_dict	*	1533	transzendentaliereziproke
map	spalten_dict	*	1534	strukturalienreziproke
map	spalten_dict	*	1535	alienreziproke
map	spalten_dict	*	1536	universalienreziproke
map	spalten_dict	*	1537	Reziproke_von_Transzendentalien
map	spalten_dict	*	1538	transzendentalienreziproke
map	spalten_dict	*	1539	transzendentaliereziproke
map	spalten_dict	*	1540	strukturalienreziproke
map	spalten_dict	*	1541	alienreziproke
map	spalten_dict	*	1542	universalienreziproke
map	spalten_dict	*	1543	Reziproke_von_Transzendentalien
map	spalten_dict	*	1544	transzendentalienreziproke
map	spalten_dict	*	1545	transzendentaliereziproke
map	spalten_dict	*	1546	strukturalienreziproke
map	spalten_dict	*	1547	alienreziproke
map	spalten_dict	*	1548	universalienreziproke
map	spalten_dict	*	1549	Netzwerk
map	spalten_dict	*	1550	netzwerk
map	spalten_dict	*	1551	Netzwerk
map	spalten_dict	*	1552	netzwerk
map	spalten_dict	*	1553	Netzwerk
map	spalten_dict	*	1554	netzwerk
map	spalten_dict	*	1555	Netzwerk
map	spalten_dict	*	1556	netzwerk
map	spalten_dict	*	1557	Netzwerk
map	spalten_dict	*	1558	netzwerk
map	spalten_dict	*	1559	Netzwerk
map	spalten_dict	*	1560	netzwerk
map	spalten_dict	*	1561	Netzwerk
map	spalten_dict	*	1562	netzwerk
map	spalten_dict	*	1563	Netzwerk
map	spalten_dict	*	1564	netzwerk
map	spalten_dict	*	1565	Netzwerk
map	spalten_dict	*	1566	netzwerk
map	spalten_dict	*	1567	warum_Transzendentalie_=_Strukturgroesse_=_Charakter
map	spalten_dict	*	1568	warumtranszendentaliezustrukturgroesseundcharakter
map	spalten_dict	*	1569	warum_Transzendentalie_=_Strukturgroesse_=_Charakter
map	spalten_dict	*	1570	warumtranszendentaliezustrukturgroesseundcharakter
map	spalten_dict	*	1571	warum_Transzendentalie_=_Strukturgroesse_=_Charakter
map	spalten_dict	*	1572	warumtranszendentaliezustrukturgroesseundcharakter
map	spalten_dict	*	1573	warum_Transzendentalie_=_Strukturgroesse_=_Charakter
map	spalten_dict	*	1574	warumtranszendentaliezustrukturgroesseundcharakter
map	spalten_dict	*	1575	warum_Transzendentalie_=_Strukturgroesse_=_Charakter
map	spalten_dict	*	1576	warumtranszendentaliezustrukturgroesseundcharakter
map	spalten_dict	*	1577	warum_Transzendentalie_=_Strukturgroesse_=_Charakter
map	spalten_dict	*	1578	warumtranszendentaliezustrukturgroesseundcharakter
map	spalten_dict	*	1579	warum_Transzendentalie_=_Strukturgroesse_=_Charakter
map	spalten_dict	*	1580	warumtranszendentaliezustrukturgroesseundcharakter
map	spalten_dict	*	1581	warum_Transzendentalie_=_Strukturgroesse_=_Charakter
map	spalten_dict	*	1582	warumtranszendentaliezustrukturgroesseundcharakter
map	spalten_dict	*	1583	warum_Transzendentalie_=_Strukturgroesse_=_Charakter
map	spalten_dict	*	1584	warumtranszendentaliezustrukturgroesseundcharakter
map	spalten_dict	*	1585	Kategorie
map	spalten_dict	*	1586	kategorie
map	spalten_dict	*	1587	Kategorie
map	spalten_dict	*	1588	kategorie
map	spalten_dict	*	1589	Kategorie
map	spalten_dict	*	1590	kategorie
map	spalten_dict	*	1591	Kategorie
map	spalten_dict	*	1592	kategorie
map	spalten_dict	*	1593	Kategorie
map	spalten_dict	*	1594	kategorie
map	spalten_dict	*	1595	Kategorie
map	spalten_dict	*	1596	kategorie
map	spalten_dict	*	1597	Kategorie
map	spalten_dict	*	1598	kategorie
map	spalten_dict	*	1599	Kategorie
map	spalten_dict	*	1600	kategorie
map	spalten_dict	*	1601	Kategorie
map	spalten_dict	*	1602	kategorie
map	spalten_dict	*	1603	Raum-Missionen
map	spalten_dict	*	1604	weltall
map	spalten_dict	*	1605	Raum-Missionen
map	spalten_dict	*	1606	weltall
map	spalten_dict	*	1607	Raum-Missionen
map	spalten_dict	*	1608	weltall
map	spalten_dict	*	1609	Raum-Missionen
map	spalten_dict	*	1610	weltall
map	spalten_dict	*	1611	Raum-Missionen
map	spalten_dict	*	1612	weltall
map	spalten_dict	*	1613	Raum-Missionen
map	spalten_dict	*	1614	weltall
map	spalten_dict	*	1615	Raum-Missionen
map	spalten_dict	*	1616	weltall
map	spalten_dict	*	1617	Raum-Missionen
map	spalten_dict	*	1618	weltall
map	spalten_dict	*	1619	Raum-Missionen
map	spalten_dict	*	1620	weltall
map	spalten_dict	*	1621	Programmier-Paradigmen
map	spalten_dict	*	1622	programmierparadigmen
map	spalten_dict	*	1623	Programmier-Paradigmen
map	spalten_dict	*	1624	programmierparadigmen
map	spalten_dict	*	1625	Programmier-Paradigmen
map	spalten_dict	*	1626	programmierparadigmen
map	spalten_dict	*	1627	Programmier-Paradigmen
map	spalten_dict	*	1628	programmierparadigmen
map	spalten_dict	*	1629	Programmier-Paradigmen
map	spalten_dict	*	1630	programmierparadigmen
map	spalten_dict	*	1631	Programmier-Paradigmen
map	spalten_dict	*	1632	programmierparadigmen
map	spalten_dict	*	1633	Programmier-Paradigmen
map	spalten_dict	*	1634	programmierparadigmen
map	spalten_dict	*	1635	Programmier-Paradigmen
map	spalten_dict	*	1636	programmierparadigmen
map	spalten_dict	*	1637	Programmier-Paradigmen
map	spalten_dict	*	1638	programmierparadigmen
map	spalten_dict	*	1639	ZergAliens_MenschenHumanoid_ProtosPraedatoren
map	spalten_dict	*	1640	ZergAliens_MenschenHumanoid_ProtosPraedatoren
map	spalten_dict	*	1641	ZergAliens_MenschenHumanoid_ProtosPraedatoren
map	spalten_dict	*	1642	ZergAliens_MenschenHumanoid_ProtosPraedatoren
map	spalten_dict	*	1643	ZergAliens_MenschenHumanoid_ProtosPraedatoren
map	spalten_dict	*	1644	ZergAliens_MenschenHumanoid_ProtosPraedatoren
map	spalten_dict	*	1645	Raum-Missionen
map	spalten_dict	*	1646	weltall
map	spalten_dict	*	1647	Raum-Missionen
map	spalten_dict	*	1648	weltall
map	spalten_dict	*	1649	Raum-Missionen
map	spalten_dict	*	1650	weltall
map	spalten_dict	*	1651	Raum-Missionen
map	spalten_dict	*	1652	weltall
map	spalten_dict	*	1653	Raum-Missionen
map	spalten_dict	*	1654	weltall
map	spalten_dict	*	1655	Raum-Missionen
map	spalten_dict	*	1656	weltall
map	spalten_dict	*	1657	Geist__(15)
map	spalten_dict	*	1658	geist
map	spalten_dict	*	1659	Geist__(15)
map	spalten_dict	*	1660	geist
map	spalten_dict	*	1661	Geist__(15)
map	spalten_dict	*	1662	geist
map	spalten_dict	*	1663	Geist__(15)
map	spalten_dict	*	1664	geist
map	spalten_dict	*	1665	Geist__(15)
map	spalten_dict	*	1666	geist
map	spalten_dict	*	1667	Geist__(15)
map	spalten_dict	*	1668	geist
map	spalten_dict	*	1669	Geist__(15)
map	spalten_dict	*	1670	geist
map	spalten_dict	*	1671	Geist__(15)
map	spalten_dict	*	1672	geist
map	spalten_dict	*	1673	Geist__(15)
map	spalten_dict	*	1674	geist
map	spalten_dict	*	1675	warum_Transzendentalie_=_Komplexität_von_Michael_Commons
map	spalten_dict	*	1676	warumtranszendentaliegleichkomplexitaet
map	spalten_dict	*	1677	warum_Transzendentalie_=_Komplexität_von_Michael_Commons
map	spalten_dict	*	1678	warumtranszendentaliegleichkomplexitaet
map	spalten_dict	*	1679	warum_Transzendentalie_=_Komplexität_von_Michael_Commons
map	spalten_dict	*	1680	warumtranszendentaliegleichkomplexitaet
map	spalten_dict	*	1681	warum_Transzendentalie_=_Komplexität_von_Michael_Commons
map	spalten_dict	*	1682	warumtranszendentaliegleichkomplexitaet
map	spalten_dict	*	1683	warum_Transzendentalie_=_Komplexität_von_Michael_Commons
map	spalten_dict	*	1684	warumtranszendentaliegleichkomplexitaet
map	spalten_dict	*	1685	warum_Transzendentalie_=_Komplexität_von_Michael_Commons
map	spalten_dict	*	1686	warumtranszendentaliegleichkomplexitaet
map	spalten_dict	*	1687	warum_Transzendentalie_=_Komplexität_von_Michael_Commons
map	spalten_dict	*	1688	warumtranszendentaliegleichkomplexitaet
map	spalten_dict	*	1689	warum_Transzendentalie_=_Komplexität_von_Michael_Commons
map	spalten_dict	*	1690	warumtranszendentaliegleichkomplexitaet
map	spalten_dict	*	1691	warum_Transzendentalie_=_Komplexität_von_Michael_Commons
map	spalten_dict	*	1692	warumtranszendentaliegleichkomplexitaet
map	spalten_dict	*	1693	Model_of_Hierarchical_Complexity
map	spalten_dict	*	1694	modelofhierarchicalcomplexity
map	spalten_dict	*	1695	komplex
map	spalten_dict	*	1696	komplexität
map	spalten_dict	*	1697	komplexitaet
map	spalten_dict	*	1698	complexity
map	spalten_dict	*	1699	model
map	spalten_dict	*	1700	abstraktion
map	spalten_dict	*	1701	Model_of_Hierarchical_Complexity
map	spalten_dict	*	1702	modelofhierarchicalcomplexity
map	spalten_dict	*	1703	komplex
map	spalten_dict	*	1704	komplexität
map	spalten_dict	*	1705	komplexitaet
map	spalten_dict	*	1706	complexity
map	spalten_dict	*	1707	model
map	spalten_dict	*	1708	abstraktion
map	spalten_dict	*	1709	Model_of_Hierarchical_Complexity
map	spalten_dict	*	1710	modelofhierarchicalcomplexity
map	spalten_dict	*	1711	komplex
map	spalten_dict	*	1712	komplexität
map	spalten_dict	*	1713	komplexitaet
map	spalten_dict	*	1714	complexity
map	spalten_dict	*	1715	model
map	spalten_dict	*	1716	abstraktion
map	spalten_dict	*	1717	Model_of_Hierarchical_Complexity
map	spalten_dict	*	1718	modelofhierarchicalcomplexity
map	spalten_dict	*	1719	komplex
map	spalten_dict	*	1720	komplexität
map	spalten_dict	*	1721	komplexitaet
map	spalten_dict	*	1722	complexity
map	spalten_dict	*	1723	model
map	spalten_dict	*	1724	abstraktion
map	spalten_dict	*	1725	Model_of_Hierarchical_Complexity
map	spalten_dict	*	1726	modelofhierarchicalcomplexity
map	spalten_dict	*	1727	komplex
map	spalten_dict	*	1728	komplexität
map	spalten_dict	*	1729	komplexitaet
map	spalten_dict	*	1730	complexity
map	spalten_dict	*	1731	model
map	spalten_dict	*	1732	abstraktion
map	spalten_dict	*	1733	Model_of_Hierarchical_Complexity
map	spalten_dict	*	1734	modelofhierarchicalcomplexity
map	spalten_dict	*	1735	komplex
map	spalten_dict	*	1736	komplexität
map	spalten_dict	*	1737	komplexitaet
map	spalten_dict	*	1738	complexity
map	spalten_dict	*	1739	model
map	spalten_dict	*	1740	abstraktion
map	spalten_dict	*	1741	Model_of_Hierarchical_Complexity
map	spalten_dict	*	1742	modelofhierarchicalcomplexity
map	spalten_dict	*	1743	komplex
map	spalten_dict	*	1744	komplexität
map	spalten_dict	*	1745	komplexitaet
map	spalten_dict	*	1746	complexity
map	spalten_dict	*	1747	model
map	spalten_dict	*	1748	abstraktion
map	spalten_dict	*	1749	Model_of_Hierarchical_Complexity
map	spalten_dict	*	1750	modelofhierarchicalcomplexity
map	spalten_dict	*	1751	komplex
map	spalten_dict	*	1752	komplexität
map	spalten_dict	*	1753	komplexitaet
map	spalten_dict	*	1754	complexity
map	spalten_dict	*	1755	model
map	spalten_dict	*	1756	abstraktion
map	spalten_dict	*	1757	Model_of_Hierarchical_Complexity
map	spalten_dict	*	1758	modelofhierarchicalcomplexity
map	spalten_dict	*	1759	komplex
map	spalten_dict	*	1760	komplexität
map	spalten_dict	*	1761	komplexitaet
map	spalten_dict	*	1762	complexity
map	spalten_dict	*	1763	model
map	spalten_dict	*	1764	abstraktion
map	spalten_dict	*	1765	Model_of_Hierarchical_Complexity
map	spalten_dict	*	1766	modelofhierarchicalcomplexity
map	spalten_dict	*	1767	komplex
map	spalten_dict	*	1768	komplexität
map	spalten_dict	*	1769	komplexitaet
map	spalten_dict	*	1770	complexity
map	spalten_dict	*	1771	model
map	spalten_dict	*	1772	abstraktion
map	spalten_dict	*	1773	Model_of_Hierarchical_Complexity
map	spalten_dict	*	1774	modelofhierarchicalcomplexity
map	spalten_dict	*	1775	komplex
map	spalten_dict	*	1776	komplexität
map	spalten_dict	*	1777	komplexitaet
map	spalten_dict	*	1778	complexity
map	spalten_dict	*	1779	model
map	spalten_dict	*	1780	abstraktion
map	spalten_dict	*	1781	Model_of_Hierarchical_Complexity
map	spalten_dict	*	1782	modelofhierarchicalcomplexity
map	spalten_dict	*	1783	komplex
map	spalten_dict	*	1784	komplexität
map	spalten_dict	*	1785	komplexitaet
map	spalten_dict	*	1786	complexity
map	spalten_dict	*	1787	model
map	spalten_dict	*	1788	abstraktion
map	spalten_dict	*	1789	Model_of_Hierarchical_Complexity
map	spalten_dict	*	1790	modelofhierarchicalcomplexity
map	spalten_dict	*	1791	komplex
map	spalten_dict	*	1792	komplexität
map	spalten_dict	*	1793	komplexitaet
map	spalten_dict	*	1794	complexity
map	spalten_dict	*	1795	model
map	spalten_dict	*	1796	abstraktion
map	spalten_dict	*	1797	2
map	spalten_dict	*	1798	zwei
map	spalten_dict	*	1799	gerade
map	spalten_dict	*	1800	ungerade
map	spalten_dict	*	1801	alternierung
map	spalten_dict	*	1802	alternierend
map	spalten_dict	*	1803	zweierstruktur
map	spalten_dict	*	1804	2
map	spalten_dict	*	1805	zwei
map	spalten_dict	*	1806	gerade
map	spalten_dict	*	1807	ungerade
map	spalten_dict	*	1808	alternierung
map	spalten_dict	*	1809	alternierend
map	spalten_dict	*	1810	zweierstruktur
map	spalten_dict	*	1811	Multiplikation
map	spalten_dict	*	1812	multiplikation
map	spalten_dict	*	1813	Multiplikation
map	spalten_dict	*	1814	multiplikation
map	spalten_dict	*	1815	4
map	spalten_dict	*	1816	vier
map	spalten_dict	*	1817	viererstruktur
map	spalten_dict	*	1818	viererabfolgen
map	spalten_dict	*	1819	4
map	spalten_dict	*	1820	vier
map	spalten_dict	*	1821	viererstruktur
map	spalten_dict	*	1822	viererabfolgen
map	spalten_dict	*	1823	Weltordnung
map	spalten_dict	*	1824	Zeitalter
map	spalten_dict	*	1825	Weltordnung
map	spalten_dict	*	1826	Zeitalter
map	spalten_dict	*	1827	Himmel_Hoelle_Kettenmolekuele
map	spalten_dict	*	1828	Himmel_Hoelle_Kettenmolekuele
map	spalten_dict	*	1829	Spiele-Genre
map	spalten_dict	*	1830	Spiele-Genre
map	spalten_dict	*	1831	Land_Laender-Dach-Organisation
map	spalten_dict	*	1832	Land_Laender-Dach-Organisation
map	spalten_dict	*	1833	Ränge
map	spalten_dict	*	1834	raenge
map	spalten_dict	*	1835	Ränge
map	spalten_dict	*	1836	raenge
map	spalten_dict	*	1837	Gesellschaftsschicht
map	spalten_dict	*	1838	klasse
map	spalten_dict	*	1839	klassen
map	spalten_dict	*	1840	Gesellschaftsschicht
map	spalten_dict	*	1841	klasse
map	spalten_dict	*	1842	klassen
map	spalten_dict	*	1843	Moral
map	spalten_dict	*	1844	moral
map	spalten_dict	*	1845	warummoral
map	spalten_dict	*	1846	Moral
map	spalten_dict	*	1847	moral
map	spalten_dict	*	1848	warummoral
map	spalten_dict	*	1849	Fachgebiete
map	spalten_dict	*	1850	fachgebiete
map	spalten_dict	*	1851	fachbereiche
map	spalten_dict	*	1852	themen
map	spalten_dict	*	1853	Fachgebiete
map	spalten_dict	*	1854	fachgebiete
map	spalten_dict	*	1855	fachbereiche
map	spalten_dict	*	1856	themen
map	spalten_dict	*	1857	Fachgebiete
map	spalten_dict	*	1858	fachgebiete
map	spalten_dict	*	1859	fachbereiche
map	spalten_dict	*	1860	themen
map	spalten_dict	*	1861	Fachgebiete
map	spalten_dict	*	1862	fachgebiete
map	spalten_dict	*	1863	fachbereiche
map	spalten_dict	*	1864	themen
map	spalten_dict	*	1865	Pflanzen
map	spalten_dict	*	1866	pflanzen
map	spalten_dict	*	1867	Pflanzen
map	spalten_dict	*	1868	pflanzen
map	spalten_dict	*	1869	Maschinen
map	spalten_dict	*	1870	maschinen
map	spalten_dict	*	1871	maschine
map	spalten_dict	*	1872	gerät
map	spalten_dict	*	1873	geräte
map	spalten_dict	*	1874	geraete
map	spalten_dict	*	1875	geraet
map	spalten_dict	*	1876	Maschinen
map	spalten_dict	*	1877	maschinen
map	spalten_dict	*	1878	maschine
map	spalten_dict	*	1879	gerät
map	spalten_dict	*	1880	geräte
map	spalten_dict	*	1881	geraete
map	spalten_dict	*	1882	geraet
map	spalten_dict	*	1883	Organisationsform
map	spalten_dict	*	1884	organisationsform
map	spalten_dict	*	1885	organisationsart
map	spalten_dict	*	1886	firma
map	spalten_dict	*	1887	verein
map	spalten_dict	*	1888	Organisationsform
map	spalten_dict	*	1889	organisationsform
map	spalten_dict	*	1890	organisationsart
map	spalten_dict	*	1891	firma
map	spalten_dict	*	1892	verein
map	spalten_dict	*	1893	System
map	spalten_dict	*	1894	system
map	spalten_dict	*	1895	System
map	spalten_dict	*	1896	system
map	spalten_dict	*	1897	System
map	spalten_dict	*	1898	system
map	spalten_dict	*	1899	System
map	spalten_dict	*	1900	system
map	spalten_dict	*	1901	Erklärung
map	spalten_dict	*	1902	erklärung
map	spalten_dict	*	1903	erklaerung
map	spalten_dict	*	1904	Erklärung
map	spalten_dict	*	1905	erklärung
map	spalten_dict	*	1906	erklaerung
map	spalten_dict	*	1907	BWL
map	spalten_dict	*	1908	bwl
map	spalten_dict	*	1909	BWL
map	spalten_dict	*	1910	bwl
map	spalten_dict	*	1911	Sinn_des_Lebens
map	spalten_dict	*	1912	sinndeslebens
map	spalten_dict	*	1913	lebenssinn
map	spalten_dict	*	1914	sinn
map	spalten_dict	*	1915	sinnsuche
map	spalten_dict	*	1916	Sinn_des_Lebens
map	spalten_dict	*	1917	sinndeslebens
map	spalten_dict	*	1918	lebenssinn
map	spalten_dict	*	1919	sinn
map	spalten_dict	*	1920	sinnsuche
map	spalten_dict	*	1921	Intelligenzprobleme
map	spalten_dict	*	1922	intelligenzprobleme
map	spalten_dict	*	1923	intelligenzmaengel
map	spalten_dict	*	1924	intelligenzmängel
map	spalten_dict	*	1925	Intelligenzprobleme
map	spalten_dict	*	1926	intelligenzprobleme
map	spalten_dict	*	1927	intelligenzmaengel
map	spalten_dict	*	1928	intelligenzmängel
map	spalten_dict	*	1929	Denkweise_von_Lebewesen
map	spalten_dict	*	1930	lebewesendenkweise
map	spalten_dict	*	1931	denkweise
map	spalten_dict	*	1932	Denkweise_von_Lebewesen
map	spalten_dict	*	1933	lebewesendenkweise
map	spalten_dict	*	1934	denkweise
map	spalten_dict	*	1935	Gegentranszendentalien
map	spalten_dict	*	1936	gegentranszendentalien
map	spalten_dict	*	1937	gegenstrukturalien
map	spalten_dict	*	1938	Gegentranszendentalien
map	spalten_dict	*	1939	gegentranszendentalien
map	spalten_dict	*	1940	gegenstrukturalien
map	spalten_dict	*	1941	Gleichheit_Freiheit
map	spalten_dict	*	1942	gleichheitfreiheit
map	spalten_dict	*	1943	ungleichheit
map	spalten_dict	*	1944	dominieren
map	spalten_dict	*	1945	gleichheit
map	spalten_dict	*	1946	freiheit
map	spalten_dict	*	1947	Gleichheit_Freiheit
map	spalten_dict	*	1948	gleichheitfreiheit
map	spalten_dict	*	1949	ungleichheit
map	spalten_dict	*	1950	dominieren
map	spalten_dict	*	1951	gleichheit
map	spalten_dict	*	1952	freiheit
map	spalten_dict	*	1953	Gefühle
map	spalten_dict	*	1954	emotionen
map	spalten_dict	*	1955	gefuehle
map	spalten_dict	*	1956	emotion
map	spalten_dict	*	1957	gefühl
map	spalten_dict	*	1958	gefuehl
map	spalten_dict	*	1959	Gefühle
map	spalten_dict	*	1960	emotionen
map	spalten_dict	*	1961	gefuehle
map	spalten_dict	*	1962	emotion
map	spalten_dict	*	1963	gefühl
map	spalten_dict	*	1964	gefuehl
map	spalten_dict	*	1965	Egoismus
map	spalten_dict	*	1966	egoismus
map	spalten_dict	*	1967	altruismus
map	spalten_dict	*	1968	selbstlosigkeit
map	spalten_dict	*	1969	Egoismus
map	spalten_dict	*	1970	egoismus
map	spalten_dict	*	1971	altruismus
map	spalten_dict	*	1972	selbstlosigkeit
map	spalten_dict	*	1973	Wirkung
map	spalten_dict	*	1974	wirkung
map	spalten_dict	*	1975	Wirkung
map	spalten_dict	*	1976	wirkung
map	spalten_dict	*	1977	INCELs
map	spalten_dict	*	1978	incel
map	spalten_dict	*	1979	incels
map	spalten_dict	*	1980	INCELs
map	spalten_dict	*	1981	incel
map	spalten_dict	*	1982	incels
map	spalten_dict	*	1983	irrationale_Zahlen_durch_Wurzelbildung
map	spalten_dict	*	1984	irrationalezahlendurchwurzelbildung
map	spalten_dict	*	1985	ausgangslage
map	spalten_dict	*	1986	irrationale_Zahlen_durch_Wurzelbildung
map	spalten_dict	*	1987	irrationalezahlendurchwurzelbildung
map	spalten_dict	*	1988	ausgangslage
map	spalten_dict	*	1989	dominierendes_Geschlecht
map	spalten_dict	*	1990	dominierendesgeschlecht
map	spalten_dict	*	1991	maennlich
map	spalten_dict	*	1992	männlich
map	spalten_dict	*	1993	weiblich
map	spalten_dict	*	1994	dominierendes_Geschlecht
map	spalten_dict	*	1995	dominierendesgeschlecht
map	spalten_dict	*	1996	maennlich
map	spalten_dict	*	1997	männlich
map	spalten_dict	*	1998	weiblich
map	spalten_dict	*	1999	Liebe
map	spalten_dict	*	2000	liebe
map	spalten_dict	*	2001	ethik
map	spalten_dict	*	2002	Liebe
map	spalten_dict	*	2003	liebe
map	spalten_dict	*	2004	ethik
map	spalten_dict	*	2005	Glaube_Erkenntnis
map	spalten_dict	*	2006	glauben
map	spalten_dict	*	2007	erkenntnis
map	spalten_dict	*	2008	glaube
map	spalten_dict	*	2009	Glaube_Erkenntnis
map	spalten_dict	*	2010	glauben
map	spalten_dict	*	2011	erkenntnis
map	spalten_dict	*	2012	glaube
map	spalten_dict	*	2013	Angreifbarkeit
map	spalten_dict	*	2014	angreifbarkeit
map	spalten_dict	*	2015	angreifbar
map	spalten_dict	*	2016	Angreifbarkeit
map	spalten_dict	*	2017	angreifbarkeit
map	spalten_dict	*	2018	angreifbar
map	spalten_dict	*	2019	Strukturalien_bzw_Meta-Paradigmen_bzw_Transzendentalien_(15)
map	spalten_dict	*	2020	Transzendentalien
map	spalten_dict	*	2021	transzendentalien
map	spalten_dict	*	2022	transzendentalie
map	spalten_dict	*	2023	strukturalien
map	spalten_dict	*	2024	alien
map	spalten_dict	*	2025	universalien
map	spalten_dict	*	2026	meta-paradigmen
map	spalten_dict	*	2027	Strukturalien_bzw_Meta-Paradigmen_bzw_Transzendentalien_(15)
map	spalten_dict	*	2028	Transzendentalien
map	spalten_dict	*	2029	transzendentalien
map	spalten_dict	*	2030	transzendentalie
map	spalten_dict	*	2031	strukturalien
map	spalten_dict	*	2032	alien
map	spalten_dict	*	2033	universalien
map	spalten_dict	*	2034	meta-paradigmen
map	spalten_dict	*	2035	Strukturalien_bzw_Meta-Paradigmen_bzw_Transzendentalien_(15)
map	spalten_dict	*	2036	Transzendentalien
map	spalten_dict	*	2037	transzendentalien
map	spalten_dict	*	2038	transzendentalie
map	spalten_dict	*	2039	strukturalien
map	spalten_dict	*	2040	alien
map	spalten_dict	*	2041	universalien
map	spalten_dict	*	2042	meta-paradigmen
map	spalten_dict	*	2043	Strukturalien_bzw_Meta-Paradigmen_bzw_Transzendentalien_(15)
map	spalten_dict	*	2044	Transzendentalien
map	spalten_dict	*	2045	transzendentalien
map	spalten_dict	*	2046	transzendentalie
map	spalten_dict	*	2047	strukturalien
map	spalten_dict	*	2048	alien
map	spalten_dict	*	2049	universalien
map	spalten_dict	*	2050	meta-paradigmen
map	spalten_dict	*	2051	Bedingung_und_Auslöser_(1/3)
map	spalten_dict	*	2052	bedingung
map	spalten_dict	*	2053	bedingungen
map	spalten_dict	*	2054	auslöser
map	spalten_dict	*	2055	ausloeser
map	spalten_dict	*	2056	Bedingung_und_Auslöser_(1/3)
map	spalten_dict	*	2057	bedingung
map	spalten_dict	*	2058	bedingungen
map	spalten_dict	*	2059	auslöser
map	spalten_dict	*	2060	ausloeser
map	spalten_dict	*	2061	Lebensbereiche_Problemklassen_(28)
map	spalten_dict	*	2062	lebensbereiche
map	spalten_dict	*	2063	lebensfelder
map	spalten_dict	*	2064	problemklassen
map	spalten_dict	*	2065	Lebensbereiche_Problemklassen_(28)
map	spalten_dict	*	2066	lebensbereiche
map	spalten_dict	*	2067	lebensfelder
map	spalten_dict	*	2068	problemklassen
map	spalten_dict	*	2069	Maßnahmen_(39)
map	spalten_dict	*	2070	massnahmen
map	spalten_dict	*	2071	Maßnahmen_(39)
map	spalten_dict	*	2072	massnahmen
map	spalten_dict	*	2073	Relation_zueinander_reziprok_Universellen_(18→n_vs._1/n)
map	spalten_dict	*	2074	relativreziprokuniversell
map	spalten_dict	*	2075	Relation_zueinander_reziprok_Universellen_(18→n_vs._1/n)
map	spalten_dict	*	2076	relativreziprokuniversell
map	spalten_dict	*	2077	universeller_Komperativ_(18→15)
map	spalten_dict	*	2078	universellerkomperativ
map	spalten_dict	*	2079	universeller_Komperativ_(18→15)
map	spalten_dict	*	2080	universellerkomperativ
map	spalten_dict	*	2081	Existenzialien_(3)
map	spalten_dict	*	2082	existenzialien
map	spalten_dict	*	2083	Existenzialien_(3)
map	spalten_dict	*	2084	existenzialien
map	spalten_dict	*	2085	Extremalien_(19)
map	spalten_dict	*	2086	extremalien
map	spalten_dict	*	2087	Extremalien_(19)
map	spalten_dict	*	2088	extremalien
map	spalten_dict	*	2089	Erwartungshaltungen_(26)
map	spalten_dict	*	2090	erwartungen
map	spalten_dict	*	2091	erwartungshaltungen
map	spalten_dict	*	2092	Erwartungshaltungen_(26)
map	spalten_dict	*	2093	erwartungen
map	spalten_dict	*	2094	erwartungshaltungen
map	spalten_dict	*	2095	Leidenschaften_(21)
map	spalten_dict	*	2096	leidenschaft
map	spalten_dict	*	2097	leidenschaften
map	spalten_dict	*	2098	Leidenschaften_(21)
map	spalten_dict	*	2099	leidenschaft
map	spalten_dict	*	2100	leidenschaften
map	spalten_dict	*	2101	relativer_Zeit-Betrag_(15_10_4_18_6)
map	spalten_dict	*	2102	relativerzeitbetrag
map	spalten_dict	*	2103	relativer_Zeit-Betrag_(15_10_4_18_6)
map	spalten_dict	*	2104	relativerzeitbetrag
map	spalten_dict	*	2105	Zahlenvergleich_(15_18_6)
map	spalten_dict	*	2106	zahlenvergleich
map	spalten_dict	*	2107	Zahlenvergleich_(15_18_6)
map	spalten_dict	*	2108	zahlenvergleich
map	spalten_dict	*	2109	Bestrebungen(1/5)
map	spalten_dict	*	2110	bestrebung
map	spalten_dict	*	2111	bestrebungen
map	spalten_dict	*	2112	Bestrebungen(1/5)
map	spalten_dict	*	2113	bestrebung
map	spalten_dict	*	2114	bestrebungen
map	spalten_dict	*	2115	Prinzipien(1/8)
map	spalten_dict	*	2116	prinzipien
map	spalten_dict	*	2117	Prinzipien(1/8)
map	spalten_dict	*	2118	prinzipien
map	spalten_dict	*	2119	Attraktionen_(36)
map	spalten_dict	*	2120	attraktionen
map	spalten_dict	*	2121	Attraktionen_(36)
map	spalten_dict	*	2122	attraktionen
map	spalten_dict	*	2123	Optimierung_(10)
map	spalten_dict	*	2124	optimierung
map	spalten_dict	*	2125	Optimierung_(10)
map	spalten_dict	*	2126	optimierung
map	spalten_dict	*	2127	Themen_(6)
map	spalten_dict	*	2128	themen
map	spalten_dict	*	2129	thema
map	spalten_dict	*	2130	Themen_(6)
map	spalten_dict	*	2131	themen
map	spalten_dict	*	2132	thema
map	spalten_dict	*	2133	Bedeutung_(10)
map	spalten_dict	*	2134	bedeutung
map	spalten_dict	*	2135	Bedeutung_(10)
map	spalten_dict	*	2136	bedeutung
map	spalten_dict	*	2137	Reziprokes
map	spalten_dict	*	2138	reziproke
map	spalten_dict	*	2139	reziprokes
map	spalten_dict	*	2140	Reziprokes
map	spalten_dict	*	2141	reziproke
map	spalten_dict	*	2142	reziprokes
map	spalten_dict	*	2143	Achtung_(4)
map	spalten_dict	*	2144	achtung
map	spalten_dict	*	2145	achten
map	spalten_dict	*	2146	Achtung_(4)
map	spalten_dict	*	2147	achtung
map	spalten_dict	*	2148	achten
map	spalten_dict	*	2149	Zeit_(4)_als_Wirklichkeit
map	spalten_dict	*	2150	zeit
map	spalten_dict	*	2151	Zeit_(4)_als_Wirklichkeit
map	spalten_dict	*	2152	zeit
map	spalten_dict	*	2153	Absicht_16_ist_zu_genügen
map	spalten_dict	*	2154	absicht16
map	spalten_dict	*	2155	Absicht_16_ist_zu_genügen
map	spalten_dict	*	2156	absicht16
map	spalten_dict	*	2157	Absicht_17_ist_zu_meinen
map	spalten_dict	*	2158	absicht17
map	spalten_dict	*	2159	Absicht_17_ist_zu_meinen
map	spalten_dict	*	2160	absicht17
map	spalten_dict	*	2161	Absicht_6_ist_Vorteilsmaximierung
map	spalten_dict	*	2162	absicht6
map	spalten_dict	*	2163	Absicht_6_ist_Vorteilsmaximierung
map	spalten_dict	*	2164	absicht6
map	spalten_dict	*	2165	Absicht_7_ist_Selbstlosigkeit
map	spalten_dict	*	2166	absicht7
map	spalten_dict	*	2167	Absicht_7_ist_Selbstlosigkeit
map	spalten_dict	*	2168	absicht7
map	spalten_dict	*	2169	Bewusstheit_statt_Bewusstsein_(1)
map	spalten_dict	*	2170	bewusstheit
map	spalten_dict	*	2171	Bewusstheit_statt_Bewusstsein_(1)
map	spalten_dict	*	2172	bewusstheit
map	spalten_dict	*	2173	Verhalten_(11)
map	spalten_dict	*	2174	verhalten
map	spalten_dict	*	2175	Verhalten_(11)
map	spalten_dict	*	2176	verhalten
map	spalten_dict	*	2177	Energie_und_universelle_Eigenschaften_(30)
map	spalten_dict	*	2178	energie
map	spalten_dict	*	2179	universelleeigenschaften
map	spalten_dict	*	2180	lebensenergie
map	spalten_dict	*	2181	Energie_und_universelle_Eigenschaften_(30)
map	spalten_dict	*	2182	energie
map	spalten_dict	*	2183	universelleeigenschaften
map	spalten_dict	*	2184	lebensenergie
map	spalten_dict	*	2185	Garben_und_Verhalten_nachfühlen(31)
map	spalten_dict	*	2186	garben
map	spalten_dict	*	2187	verhaltenfuehlen
map	spalten_dict	*	2188	verhaltenfühlen
map	spalten_dict	*	2189	Garben_und_Verhalten_nachfühlen(31)
map	spalten_dict	*	2190	garben
map	spalten_dict	*	2191	verhaltenfuehlen
map	spalten_dict	*	2192	verhaltenfühlen
map	spalten_dict	*	2193	nachvollziehen_emotional_oder_geistig_durch_Primzahl-Kreuz-Algorithmus_(15)
map	spalten_dict	*	2194	nachvollziehen
map	spalten_dict	*	2195	nachvollziehen_emotional_oder_geistig_durch_Primzahl-Kreuz-Algorithmus_(15)
map	spalten_dict	*	2196	nachvollziehen
map	spalten_dict	*	2197	Empathie_(37)
map	spalten_dict	*	2198	empathie
map	spalten_dict	*	2199	mitgefuehl
map	spalten_dict	*	2200	Empathie_(37)
map	spalten_dict	*	2201	empathie
map	spalten_dict	*	2202	mitgefuehl
map	spalten_dict	*	2203	Absicht_1/6_ist_Reinigung_und_Klarheit
map	spalten_dict	*	2204	absicht1/6
map	spalten_dict	*	2205	absicht1pro6
map	spalten_dict	*	2206	Absicht_1/6_ist_Reinigung_und_Klarheit
map	spalten_dict	*	2207	absicht1/6
map	spalten_dict	*	2208	absicht1pro6
map	spalten_dict	*	2209	innere_Werte_1/6_der_Reinigung_und_Klarheit
map	spalten_dict	*	2210	innerewerte
map	spalten_dict	*	2211	innere_Werte_1/6_der_Reinigung_und_Klarheit
map	spalten_dict	*	2212	innerewerte
map	spalten_dict	*	2213	Absicht_10_ist_Wirklichkeit_erkennen
map	spalten_dict	*	2214	absicht10
map	spalten_dict	*	2215	Absicht_10_ist_Wirklichkeit_erkennen
map	spalten_dict	*	2216	absicht10
map	spalten_dict	*	2217	Wohlbefinden_(7mit6)
map	spalten_dict	*	2218	wohlbefinden
map	spalten_dict	*	2219	Wohlbefinden_(7mit6)
map	spalten_dict	*	2220	wohlbefinden
map	spalten_dict	*	2221	Geist_(15)
map	spalten_dict	*	2222	geist
map	spalten_dict	*	2223	bewusstsein
map	spalten_dict	*	2224	Geist_(15)
map	spalten_dict	*	2225	geist
map	spalten_dict	*	2226	bewusstsein
map	spalten_dict	*	2227	Geist_(15)
map	spalten_dict	*	2228	geist
map	spalten_dict	*	2229	bewusstsein
map	spalten_dict	*	2230	Geist_(15)
map	spalten_dict	*	2231	geist
map	spalten_dict	*	2232	bewusstsein
map	spalten_dict	*	2233	Reflexe_(3)
map	spalten_dict	*	2234	reflex
map	spalten_dict	*	2235	reflexe
map	spalten_dict	*	2236	Reflexe_(3)
map	spalten_dict	*	2237	reflex
map	spalten_dict	*	2238	reflexe
map	spalten_dict	*	2239	Lust_(9)
map	spalten_dict	*	2240	lust
map	spalten_dict	*	2241	einheiten
map	spalten_dict	*	2242	Lust_(9)
map	spalten_dict	*	2243	lust
map	spalten_dict	*	2244	einheiten
map	spalten_dict	*	2245	Paradigmen_sind_Absichten_(13)
map	spalten_dict	*	2246	paradigmen
map	spalten_dict	*	2247	absichten
map	spalten_dict	*	2248	Paradigmen_sind_Absichten_(13)
map	spalten_dict	*	2249	paradigmen
map	spalten_dict	*	2250	absichten
map	spalten_dict	*	2251	Wirklichkeiten_Wahrheit_Wahrnehmung_(10)
map	spalten_dict	*	2252	wirklichkeit
map	spalten_dict	*	2253	wirklichkeiten
map	spalten_dict	*	2254	wahrheit
map	spalten_dict	*	2255	wahrnehmung
map	spalten_dict	*	2256	Wirklichkeiten_Wahrheit_Wahrnehmung_(10)
map	spalten_dict	*	2257	wirklichkeit
map	spalten_dict	*	2258	wirklichkeiten
map	spalten_dict	*	2259	wahrheit
map	spalten_dict	*	2260	wahrnehmung
map	spalten_dict	*	2261	Rechnen
map	spalten_dict	*	2262	rechnen
map	spalten_dict	*	2263	Rechnen
map	spalten_dict	*	2264	rechnen
map	spalten_dict	*	2265	Stimmungen_Kombinationen_(14)
map	spalten_dict	*	2266	stimmung
map	spalten_dict	*	2267	stimmungen
map	spalten_dict	*	2268	kombination
map	spalten_dict	*	2269	kombinationen
map	spalten_dict	*	2270	Stimmungen_Kombinationen_(14)
map	spalten_dict	*	2271	stimmung
map	spalten_dict	*	2272	stimmungen
map	spalten_dict	*	2273	kombination
map	spalten_dict	*	2274	kombinationen
map	spalten_dict	*	2275	Struktur-Wissenschaften_(10)
map	spalten_dict	*	2276	Struktur-Wissenschaften_(10)
map	spalten_dict	*	2277	Muster-Wissenschaften_(20)
map	spalten_dict	*	2278	Muster-Wissenschaften_(20)
map	spalten_dict	*	2279	Anführer_Arten_(7)
map	spalten_dict	*	2280	Anführer_Arten_(7)
map	spalten_dict	*	2281	Klassen_(20)
map	spalten_dict	*	2282	klasse
map	spalten_dict	*	2283	klassen
map	spalten_dict	*	2284	Klassen_(20)
map	spalten_dict	*	2285	klasse
map	spalten_dict	*	2286	klassen
map	spalten_dict	*	2287	Ordnung_und_Filterung_12_und_1pro12
map	spalten_dict	*	2288	ordnen
map	spalten_dict	*	2289	ordnenundfiltern
map	spalten_dict	*	2290	filtern
map	spalten_dict	*	2291	Ordnung_und_Filterung_12_und_1pro12
map	spalten_dict	*	2292	ordnen
map	spalten_dict	*	2293	ordnenundfiltern
map	spalten_dict	*	2294	filtern
map	spalten_dict	*	2295	Meta-Systeme_(12)
map	spalten_dict	*	2296	metasysteme
map	spalten_dict	*	2297	metasystem
map	spalten_dict	*	2298	meta-systeme
map	spalten_dict	*	2299	meta-system
map	spalten_dict	*	2300	menge
map	spalten_dict	*	2301	mengen
map	spalten_dict	*	2302	Meta-Systeme_(12)
map	spalten_dict	*	2303	metasysteme
map	spalten_dict	*	2304	metasystem
map	spalten_dict	*	2305	meta-systeme
map	spalten_dict	*	2306	meta-system
map	spalten_dict	*	2307	menge
map	spalten_dict	*	2308	mengen
map	spalten_dict	*	2309	Absicht_1/8
map	spalten_dict	*	2310	absicht1pro8
map	spalten_dict	*	2311	absicht1/8
map	spalten_dict	*	2312	Absicht_1/8
map	spalten_dict	*	2313	absicht1pro8
map	spalten_dict	*	2314	absicht1/8
map	spalten_dict	*	2315	Ziele_(19)
map	spalten_dict	*	2316	ziele
map	spalten_dict	*	2317	maxima
map	spalten_dict	*	2318	höhenvorstellungen
map	spalten_dict	*	2319	Ziele_(19)
map	spalten_dict	*	2320	ziele
map	spalten_dict	*	2321	maxima
map	spalten_dict	*	2322	höhenvorstellungen
map	spalten_dict	*	2323	Konkreta_und_Focus_(2)
map	spalten_dict	*	2324	konkreta
map	spalten_dict	*	2325	focus
map	spalten_dict	*	2326	fokus
map	spalten_dict	*	2327	Konkreta_und_Focus_(2)
map	spalten_dict	*	2328	konkreta
map	spalten_dict	*	2329	focus
map	spalten_dict	*	2330	fokus
map	spalten_dict	*	2331	Gefühle_(7)
map	spalten_dict	*	2332	gefuehle
map	spalten_dict	*	2333	emotionen
map	spalten_dict	*	2334	emotion
map	spalten_dict	*	2335	gefühle
map	spalten_dict	*	2336	Gefühle_(7)
map	spalten_dict	*	2337	gefuehle
map	spalten_dict	*	2338	emotionen
map	spalten_dict	*	2339	emotion
map	spalten_dict	*	2340	gefühle
map	spalten_dict	*	2341	abhängige_Verbundenheit_(90)
map	spalten_dict	*	2342	abhaengigkeit
map	spalten_dict	*	2343	abhängigkeit
map	spalten_dict	*	2344	abhängige_Verbundenheit_(90)
map	spalten_dict	*	2345	abhaengigkeit
map	spalten_dict	*	2346	abhängigkeit
map	spalten_dict	*	2347	Karte_Filter_und_Unterscheidung_(1/12)
map	spalten_dict	*	2348	karte
map	spalten_dict	*	2349	filter
map	spalten_dict	*	2350	unterscheidung
map	spalten_dict	*	2351	Karte_Filter_und_Unterscheidung_(1/12)
map	spalten_dict	*	2352	karte
map	spalten_dict	*	2353	filter
map	spalten_dict	*	2354	unterscheidung
map	spalten_dict	*	2355	Fundament_(1/19)
map	spalten_dict	*	2356	fundament
map	spalten_dict	*	2357	Fundament_(1/19)
map	spalten_dict	*	2358	fundament
map	spalten_dict	*	2359	Gedanken_sind_Positionen_(17)
map	spalten_dict	*	2360	positionen
map	spalten_dict	*	2361	gedanken
map	spalten_dict	*	2362	Gedanken_sind_Positionen_(17)
map	spalten_dict	*	2363	positionen
map	spalten_dict	*	2364	gedanken
map	spalten_dict	*	2365	Funktionen_Vorstellungen_(16)
map	spalten_dict	*	2366	vorstellungen
map	spalten_dict	*	2367	vorstellung
map	spalten_dict	*	2368	funktionen
map	spalten_dict	*	2369	Funktionen_Vorstellungen_(16)
map	spalten_dict	*	2370	vorstellungen
map	spalten_dict	*	2371	vorstellung
map	spalten_dict	*	2372	funktionen
map	spalten_dict	*	2373	Sollen_Frage_Vorgehensweise_(1/13)
map	spalten_dict	*	2374	sollen
map	spalten_dict	*	2375	frage
map	spalten_dict	*	2376	vorgehensweise
map	spalten_dict	*	2377	Sollen_Frage_Vorgehensweise_(1/13)
map	spalten_dict	*	2378	sollen
map	spalten_dict	*	2379	frage
map	spalten_dict	*	2380	vorgehensweise
map	spalten_dict	*	2381	Ansichten_Standpunkte_(18_17)
map	spalten_dict	*	2382	ansichten
map	spalten_dict	*	2383	Ansichten_Standpunkte_(18_17)
map	spalten_dict	*	2384	ansichten
map	spalten_dict	*	2385	Psychopath_Soziopath
map	spalten_dict	*	2386	sadist
map	spalten_dict	*	2387	psychopath
map	spalten_dict	*	2388	soziopath
map	spalten_dict	*	2389	Psychopath_Soziopath
map	spalten_dict	*	2390	sadist
map	spalten_dict	*	2391	psychopath
map	spalten_dict	*	2392	soziopath
map	spalten_dict	*	2393	Verbundenheiten_(18)
map	spalten_dict	*	2394	verbundenheiten
map	spalten_dict	*	2395	Verbundenheiten_(18)
map	spalten_dict	*	2396	verbundenheiten
map	spalten_dict	*	2397	Verbundenheiten_(18)
map	spalten_dict	*	2398	verbundenheiten
map	spalten_dict	*	2399	Verbundenheiten_(18)
map	spalten_dict	*	2400	verbundenheiten
map	spalten_dict	*	2401	Absicht_13_ist_Helfen
map	spalten_dict	*	2402	absicht13
map	spalten_dict	*	2403	helfen
map	spalten_dict	*	2404	Absicht_13_ist_Helfen
map	spalten_dict	*	2405	absicht13
map	spalten_dict	*	2406	helfen
map	spalten_dict	*	2407	Liebe_(7)
map	spalten_dict	*	2408	liebe
map	spalten_dict	*	2409	Liebe_(7)
map	spalten_dict	*	2410	liebe
map	spalten_dict	*	2411	Koalitionen_(10)
map	spalten_dict	*	2412	koalitionen
map	spalten_dict	*	2413	Koalitionen_(10)
map	spalten_dict	*	2414	koalitionen
map	spalten_dict	*	2415	gegen_5
map	spalten_dict	*	2416	gegen_5
map	spalten_dict	*	2417	Impulse_(5)
map	spalten_dict	*	2418	impulse
map	spalten_dict	*	2419	Impulse_(5)
map	spalten_dict	*	2420	impulse
map	spalten_dict	*	2421	Triebe_und_Bedürfnisse_(6)
map	spalten_dict	*	2422	trieb
map	spalten_dict	*	2423	triebe
map	spalten_dict	*	2424	bedürfnis
map	spalten_dict	*	2425	bedürfnisse
map	spalten_dict	*	2426	werte
map	spalten_dict	*	2427	Triebe_und_Bedürfnisse_(6)
map	spalten_dict	*	2428	trieb
map	spalten_dict	*	2429	triebe
map	spalten_dict	*	2430	bedürfnis
map	spalten_dict	*	2431	bedürfnisse
map	spalten_dict	*	2432	werte
map	spalten_dict	*	2433	Taetigkeiten
map	spalten_dict	*	2434	tätigkeiten
map	spalten_dict	*	2435	taetigkeiten
map	spalten_dict	*	2436	Taetigkeiten
map	spalten_dict	*	2437	tätigkeiten
map	spalten_dict	*	2438	taetigkeiten
map	spalten_dict	*	2439	Reflektion_und_Kategorien_(1/15)
map	spalten_dict	*	2440	reflektion
map	spalten_dict	*	2441	kategorien
map	spalten_dict	*	2442	Reflektion_und_Kategorien_(1/15)
map	spalten_dict	*	2443	reflektion
map	spalten_dict	*	2444	kategorien
map	spalten_dict	*	2445	Modus_und_Sein_(8)
map	spalten_dict	*	2446	zustaende
map	spalten_dict	*	2447	zustände
map	spalten_dict	*	2448	modus
map	spalten_dict	*	2449	modi
map	spalten_dict	*	2450	sein
map	spalten_dict	*	2451	Modus_und_Sein_(8)
map	spalten_dict	*	2452	zustaende
map	spalten_dict	*	2453	zustände
map	spalten_dict	*	2454	modus
map	spalten_dict	*	2455	modi
map	spalten_dict	*	2456	sein
map	spalten_dict	*	2457	Motive
map	spalten_dict	*	2458	motive
map	spalten_dict	*	2459	motivation
map	spalten_dict	*	2460	motiv
map	spalten_dict	*	2461	absicht
map	spalten_dict	*	2462	absichten
map	spalten_dict	*	2463	Motive
map	spalten_dict	*	2464	motive
map	spalten_dict	*	2465	motivation
map	spalten_dict	*	2466	motiv
map	spalten_dict	*	2467	absicht
map	spalten_dict	*	2468	absichten
map	spalten_dict	*	2469	Gedanken_sind_Positionen_(17)
map	spalten_dict	*	2470	positionen
map	spalten_dict	*	2471	gedanken
map	spalten_dict	*	2472	Gedanken_sind_Positionen_(17)
map	spalten_dict	*	2473	positionen
map	spalten_dict	*	2474	gedanken
map	spalten_dict	*	2475	Bewusstsein_und_Wahrnehmung
map	spalten_dict	*	2476	bewusstsein
map	spalten_dict	*	2477	wahrnehmung
map	spalten_dict	*	2478	Bewusstsein_und_Wahrnehmung
map	spalten_dict	*	2479	bewusstsein
map	spalten_dict	*	2480	wahrnehmung
map	spalten_dict	*	2481	Errungenschaften
map	spalten_dict	*	2482	errungenschaften
map	spalten_dict	*	2483	ziele
map	spalten_dict	*	2484	erhalten
map	spalten_dict	*	2485	Errungenschaften
map	spalten_dict	*	2486	errungenschaften
map	spalten_dict	*	2487	ziele
map	spalten_dict	*	2488	erhalten
map	spalten_dict	*	2489	evolutionär_erwerben_und_Intelligenz_Kreativität
map	spalten_dict	*	2490	evolutionärerwerbenundintelligenz
map	spalten_dict	*	2491	intelligenz
map	spalten_dict	*	2492	erwerben
map	spalten_dict	*	2493	erlernen
map	spalten_dict	*	2494	lernen
map	spalten_dict	*	2495	evolutionaer
map	spalten_dict	*	2496	evolutionär
map	spalten_dict	*	2497	kreativität
map	spalten_dict	*	2498	kreativitaet
map	spalten_dict	*	2499	kreativ
map	spalten_dict	*	2500	evolutionär_erwerben_und_Intelligenz_Kreativität
map	spalten_dict	*	2501	evolutionärerwerbenundintelligenz
map	spalten_dict	*	2502	intelligenz
map	spalten_dict	*	2503	erwerben
map	spalten_dict	*	2504	erlernen
map	spalten_dict	*	2505	lernen
map	spalten_dict	*	2506	evolutionaer
map	spalten_dict	*	2507	evolutionär
map	spalten_dict	*	2508	kreativität
map	spalten_dict	*	2509	kreativitaet
map	spalten_dict	*	2510	kreativ
map	spalten_dict	*	2511	brauchen
map	spalten_dict	*	2512	benoetigen
map	spalten_dict	*	2513	benötigen
map	spalten_dict	*	2514	notwendig
map	spalten_dict	*	2515	brauchen
map	spalten_dict	*	2516	benoetigen
map	spalten_dict	*	2517	benötigen
map	spalten_dict	*	2518	notwendig
map	spalten_dict	*	2519	Krankheit
map	spalten_dict	*	2520	krankheit
map	spalten_dict	*	2521	krankheiten
map	spalten_dict	*	2522	pathologisch
map	spalten_dict	*	2523	pathologie
map	spalten_dict	*	2524	psychiatrisch
map	spalten_dict	*	2525	Krankheit
map	spalten_dict	*	2526	krankheit
map	spalten_dict	*	2527	krankheiten
map	spalten_dict	*	2528	pathologisch
map	spalten_dict	*	2529	pathologie
map	spalten_dict	*	2530	psychiatrisch
map	spalten_dict	*	2531	alpha_beta
map	spalten_dict	*	2532	alphabeta
map	spalten_dict	*	2533	alpha
map	spalten_dict	*	2534	beta
map	spalten_dict	*	2535	omega
map	spalten_dict	*	2536	sigma
map	spalten_dict	*	2537	alpha_beta
map	spalten_dict	*	2538	alphabeta
map	spalten_dict	*	2539	alpha
map	spalten_dict	*	2540	beta
map	spalten_dict	*	2541	omega
map	spalten_dict	*	2542	sigma
map	spalten_dict	*	2543	Anführer_und_Chef
map	spalten_dict	*	2544	anfuehrer_und_boss
map	spalten_dict	*	2545	Anführer_und_Chef
map	spalten_dict	*	2546	anfuehrer_und_boss
map	spalten_dict	*	2547	Biologischer_Baum_(15)
map	spalten_dict	*	2548	Biologischer_Baum_(15)
map	spalten_dict	*	2549	Biologischer_Baum_(16_->_5)
map	spalten_dict	*	2550	Biologischer_Baum_(16_->_5)
map	spalten_dict	*	2551	Spezies_Typofikation
map	spalten_dict	*	2552	spezies
map	spalten_dict	*	2553	Spezies_Typofikation
map	spalten_dict	*	2554	spezies
map	spalten_dict	*	2555	Spezies_Typofikation
map	spalten_dict	*	2556	spezies
map	spalten_dict	*	2557	Spezies_Typofikation
map	spalten_dict	*	2558	spezies
map	spalten_dict	*	2559	Spezies_Typofikation
map	spalten_dict	*	2560	spezies
map	spalten_dict	*	2561	Spezies_Typofikation
map	spalten_dict	*	2562	spezies
map	spalten_dict	*	2563	Spezies_Typofikation
map	spalten_dict	*	2564	spezies
map	spalten_dict	*	2565	Spezies_Typofikation
map	spalten_dict	*	2566	spezies
map	spalten_dict	*	2567	Spezies_Typofikation
map	spalten_dict	*	2568	spezies
map	spalten_dict	*	2569	Biologischer_Baum_(15)
map	spalten_dict	*	2570	Biologischer_Baum_(15)
map	spalten_dict	*	2571	Biologischer_Baum_(15)
map	spalten_dict	*	2572	Biologischer_Baum_(15)
map	spalten_dict	*	2573	Biologischer_Baum_(15)
map	spalten_dict	*	2574	Biologischer_Baum_(15)
map	spalten_dict	*	2575	Biologischer_Baum_(15)
map	spalten_dict	*	2576	Biologischer_Baum_(15)
map	spalten_dict	*	2577	Biologischer_Baum_(15)
map	spalten_dict	*	2578	Biologischer_Baum_(15)
map	spalten_dict	*	2579	Biologischer_Baum_(15)
map	spalten_dict	*	2580	Manipulation
map	spalten_dict	*	2581	manipulation
map	spalten_dict	*	2582	Manipulation
map	spalten_dict	*	2583	manipulation
map	spalten_dict	*	2584	Berufe
map	spalten_dict	*	2585	berufe
map	spalten_dict	*	2586	beruf
map	spalten_dict	*	2587	Berufe
map	spalten_dict	*	2588	berufe
map	spalten_dict	*	2589	beruf
map	spalten_dict	*	2590	Lösungen
map	spalten_dict	*	2591	lösungen
map	spalten_dict	*	2592	loesungen
map	spalten_dict	*	2593	loesung
map	spalten_dict	*	2594	lösungen
map	spalten_dict	*	2595	Lösungen
map	spalten_dict	*	2596	lösungen
map	spalten_dict	*	2597	loesungen
map	spalten_dict	*	2598	loesung
map	spalten_dict	*	2599	lösungen
map	spalten_dict	*	2600	Musik
map	spalten_dict	*	2601	musik
map	spalten_dict	*	2602	Musik
map	spalten_dict	*	2603	musik
map	spalten_dict	*	2604	ergibt_Sinn
map	spalten_dict	*	2605	ergibtsinn
map	spalten_dict	*	2606	machtsinn
map	spalten_dict	*	2607	sinn
map	spalten_dict	*	2608	ergibt_Sinn
map	spalten_dict	*	2609	ergibtsinn
map	spalten_dict	*	2610	machtsinn
map	spalten_dict	*	2611	sinn
map	spalten_dict	*	2612	ergibt_Sinn
map	spalten_dict	*	2613	ergibtsinn
map	spalten_dict	*	2614	machtsinn
map	spalten_dict	*	2615	sinn
map	spalten_dict	*	2616	Veränderung
map	spalten_dict	*	2617	veraenderung
map	spalten_dict	*	2618	veraendern
map	spalten_dict	*	2619	veränderung
map	spalten_dict	*	2620	verändern
map	spalten_dict	*	2621	Veränderung
map	spalten_dict	*	2622	veraenderung
map	spalten_dict	*	2623	veraendern
map	spalten_dict	*	2624	veränderung
map	spalten_dict	*	2625	verändern
map	spalten_dict	*	2626	Veränderung
map	spalten_dict	*	2627	veraenderung
map	spalten_dict	*	2628	veraendern
map	spalten_dict	*	2629	veränderung
map	spalten_dict	*	2630	verändern
map	spalten_dict	*	2631	bändigen_kontrollieren
map	spalten_dict	*	2632	baendigenkontrollieren
map	spalten_dict	*	2633	kontrollieren
map	spalten_dict	*	2634	baendigen
map	spalten_dict	*	2635	bändigen
map	spalten_dict	*	2636	bändigen_kontrollieren
map	spalten_dict	*	2637	baendigenkontrollieren
map	spalten_dict	*	2638	kontrollieren
map	spalten_dict	*	2639	baendigen
map	spalten_dict	*	2640	bändigen
map	spalten_dict	*	2641	bändigen_kontrollieren
map	spalten_dict	*	2642	baendigenkontrollieren
map	spalten_dict	*	2643	kontrollieren
map	spalten_dict	*	2644	baendigen
map	spalten_dict	*	2645	bändigen
map	spalten_dict	*	2646	vereinen
map	spalten_dict	*	2647	einheit
map	spalten_dict	*	2648	vereinen
map	spalten_dict	*	2649	einheit
map	spalten_dict	*	2650	vereinen
map	spalten_dict	*	2651	einheit
map	spalten_dict	*	2652	Vorteile
map	spalten_dict	*	2653	vorteile
map	spalten_dict	*	2654	veraenderungnutzen
map	spalten_dict	*	2655	Vorteile
map	spalten_dict	*	2656	vorteile
map	spalten_dict	*	2657	veraenderungnutzen
map	spalten_dict	*	2658	Vorteile
map	spalten_dict	*	2659	vorteile
map	spalten_dict	*	2660	veraenderungnutzen
map	spalten_dict	*	2661	Gegenspieler
map	spalten_dict	*	2662	gegenspieler
map	spalten_dict	*	2663	antagonist
map	spalten_dict	*	2664	Gegenspieler
map	spalten_dict	*	2665	gegenspieler
map	spalten_dict	*	2666	antagonist
map	spalten_dict	*	2667	Gegenspieler
map	spalten_dict	*	2668	gegenspieler
map	spalten_dict	*	2669	antagonist
map	spalten_dict	*	2670	nervig
map	spalten_dict	*	2671	nervig
map	spalten_dict	*	2672	nervig
map	spalten_dict	*	2673	pro_nutzen
map	spalten_dict	*	2674	pronutzen
map	spalten_dict	*	2675	pro_nutzen
map	spalten_dict	*	2676	pronutzen
map	spalten_dict	*	2677	pro_nutzen
map	spalten_dict	*	2678	pronutzen
map	spalten_dict	*	2679	Gegenposition
map	spalten_dict	*	2680	gegenposition
map	spalten_dict	*	2681	Gegenposition
map	spalten_dict	*	2682	gegenposition
map	spalten_dict	*	2683	Gegenposition
map	spalten_dict	*	2684	gegenposition
map	spalten_dict	*	2685	Hilfe_erhalten
map	spalten_dict	*	2686	hilfeerhalten
map	spalten_dict	*	2687	Hilfe_erhalten
map	spalten_dict	*	2688	hilfeerhalten
map	spalten_dict	*	2689	Hilfe_erhalten
map	spalten_dict	*	2690	hilfeerhalten
map	spalten_dict	*	2691	Helfen
map	spalten_dict	*	2692	helfen
map	spalten_dict	*	2693	hilfe
map	spalten_dict	*	2694	Helfen
map	spalten_dict	*	2695	helfen
map	spalten_dict	*	2696	hilfe
map	spalten_dict	*	2697	Helfen
map	spalten_dict	*	2698	helfen
map	spalten_dict	*	2699	hilfe
map	spalten_dict	*	2700	Pro
map	spalten_dict	*	2701	pro
map	spalten_dict	*	2702	dafür
map	spalten_dict	*	2703	dafuer
map	spalten_dict	*	2704	Pro
map	spalten_dict	*	2705	pro
map	spalten_dict	*	2706	dafür
map	spalten_dict	*	2707	dafuer
map	spalten_dict	*	2708	Pro
map	spalten_dict	*	2709	pro
map	spalten_dict	*	2710	dafür
map	spalten_dict	*	2711	dafuer
map	spalten_dict	*	2712	nicht_miteinander_auskommen
map	spalten_dict	*	2713	nichtauskommen
map	spalten_dict	*	2714	nicht_miteinander_auskommen
map	spalten_dict	*	2715	nichtauskommen
map	spalten_dict	*	2716	nicht_miteinander_auskommen
map	spalten_dict	*	2717	nichtauskommen
map	spalten_dict	*	2718	nicht_dagegen
map	spalten_dict	*	2719	nichtdagegen
map	spalten_dict	*	2720	nicht_dagegen
map	spalten_dict	*	2721	nichtdagegen
map	spalten_dict	*	2722	nicht_dagegen
map	spalten_dict	*	2723	nichtdagegen
map	spalten_dict	*	2724	kein_Gegenteil
map	spalten_dict	*	2725	keingegenteil
map	spalten_dict	*	2726	kein_Gegenteil
map	spalten_dict	*	2727	keingegenteil
map	spalten_dict	*	2728	kein_Gegenteil
map	spalten_dict	*	2729	keingegenteil
map	spalten_dict	*	2730	nicht_dafür
map	spalten_dict	*	2731	nichtdafuer
map	spalten_dict	*	2732	nicht_dafür
map	spalten_dict	*	2733	nichtdafuer
map	spalten_dict	*	2734	nicht_dafür
map	spalten_dict	*	2735	nichtdafuer
map	spalten_dict	*	2736	Hilfe_nicht_gebrauchen
map	spalten_dict	*	2737	hilfenichtgebrauchen
map	spalten_dict	*	2738	Hilfe_nicht_gebrauchen
map	spalten_dict	*	2739	hilfenichtgebrauchen
map	spalten_dict	*	2740	Hilfe_nicht_gebrauchen
map	spalten_dict	*	2741	hilfenichtgebrauchen
map	spalten_dict	*	2742	nicht_helfen_können
map	spalten_dict	*	2743	nichthelfenkoennen
map	spalten_dict	*	2744	nicht_helfen_können
map	spalten_dict	*	2745	nichthelfenkoennen
map	spalten_dict	*	2746	nicht_helfen_können
map	spalten_dict	*	2747	nichthelfenkoennen
map	spalten_dict	*	2748	nicht_abgeneigt
map	spalten_dict	*	2749	nichtabgeneigt
map	spalten_dict	*	2750	nicht_abgeneigt
map	spalten_dict	*	2751	nichtabgeneigt
map	spalten_dict	*	2752	nicht_abgeneigt
map	spalten_dict	*	2753	nichtabgeneigt
map	spalten_dict	*	2754	unmotivierbar
map	spalten_dict	*	2755	unmotivierbar
map	spalten_dict	*	2756	unmotivierbar
map	spalten_dict	*	2757	contra
map	spalten_dict	*	2758	dagegen
map	spalten_dict	*	2759	contra
map	spalten_dict	*	2760	dagegen
map	spalten_dict	*	2761	contra
map	spalten_dict	*	2762	dagegen
map	spalten_dict	*	2763	Gegenteil
map	spalten_dict	*	2764	gegenteil
map	spalten_dict	*	2765	Gegenteil
map	spalten_dict	*	2766	gegenteil
map	spalten_dict	*	2767	Gegenteil
map	spalten_dict	*	2768	gegenteil
map	spalten_dict	*	2769	Harmonie
map	spalten_dict	*	2770	harmonie
map	spalten_dict	*	2771	Harmonie
map	spalten_dict	*	2772	harmonie
map	spalten_dict	*	2773	Harmonie
map	spalten_dict	*	2774	harmonie
map	spalten_dict	*	2775	Primzahlkreuz_pro_contra
map	spalten_dict	*	2776	primzahlkreuz
map	spalten_dict	*	2777	Primzahlkreuz_pro_contra
map	spalten_dict	*	2778	primzahlkreuz
map	spalten_dict	*	2779	Primzahlkreuz_pro_contra
map	spalten_dict	*	2780	primzahlkreuz
map	spalten_dict	*	2781	Primzahlkreuz_pro_contra
map	spalten_dict	*	2782	primzahlkreuz
map	spalten_dict	*	2783	Primzahlkreuz_pro_contra
map	spalten_dict	*	2784	primzahlkreuz
map	spalten_dict	*	2785	in_ReTa
map	spalten_dict	*	2786	inreta
map	spalten_dict	*	2787	in_ReTa
map	spalten_dict	*	2788	inreta
map	spalten_dict	*	2789	Vorzeichen
map	spalten_dict	*	2790	vorzeichen
map	spalten_dict	*	2791	Vorzeichen
map	spalten_dict	*	2792	vorzeichen
map	spalten_dict	*	2793	Primzahlen
map	spalten_dict	*	2794	primzahlen
map	spalten_dict	*	2795	vielfache
map	spalten_dict	*	2796	vielfacher
map	spalten_dict	*	2797	Primzahlen
map	spalten_dict	*	2798	primzahlen
map	spalten_dict	*	2799	vielfache
map	spalten_dict	*	2800	vielfacher
map	spalten_dict	*	2801	Anwendung_der_Sonnen_und_Monde
map	spalten_dict	*	2802	anwendungdersonnenundmonde
map	spalten_dict	*	2803	anwendungdersonnen
map	spalten_dict	*	2804	anwendungenfuermonde
map	spalten_dict	*	2805	Anwendung_der_Sonnen_und_Monde
map	spalten_dict	*	2806	anwendungdersonnenundmonde
map	spalten_dict	*	2807	anwendungdersonnen
map	spalten_dict	*	2808	anwendungenfuermonde
map	spalten_dict	*	2809	Zählungen
map	spalten_dict	*	2810	zählungen
map	spalten_dict	*	2811	zaehlung
map	spalten_dict	*	2812	zaehlungen
map	spalten_dict	*	2813	zählung
map	spalten_dict	*	2814	Zählungen
map	spalten_dict	*	2815	zählungen
map	spalten_dict	*	2816	zaehlung
map	spalten_dict	*	2817	zaehlungen
map	spalten_dict	*	2818	zählung
map	spalten_dict	*	2819	Jura
map	spalten_dict	*	2820	jura
map	spalten_dict	*	2821	gesetzeslehre
map	spalten_dict	*	2822	recht
map	spalten_dict	*	2823	Jura
map	spalten_dict	*	2824	jura
map	spalten_dict	*	2825	gesetzeslehre
map	spalten_dict	*	2826	recht
map	spalten_dict	*	2827	Vollkommenheit_des_Geistes
map	spalten_dict	*	2828	vollkommenheit
map	spalten_dict	*	2829	geist
map	spalten_dict	*	2830	Vollkommenheit_des_Geistes
map	spalten_dict	*	2831	vollkommenheit
map	spalten_dict	*	2832	geist
map	spalten_dict	*	2833	Gestirn
map	spalten_dict	*	2834	gestirn
map	spalten_dict	*	2835	mond
map	spalten_dict	*	2836	sonne
map	spalten_dict	*	2837	planet
map	spalten_dict	*	2838	Gestirn
map	spalten_dict	*	2839	gestirn
map	spalten_dict	*	2840	mond
map	spalten_dict	*	2841	sonne
map	spalten_dict	*	2842	planet
map	spalten_dict	*	2843	Konjunktiv_Wurzelbildung
map	spalten_dict	*	2844	konjunktiv
map	spalten_dict	*	2845	wurzel
map	spalten_dict	*	2846	Konjunktiv_Wurzelbildung
map	spalten_dict	*	2847	konjunktiv
map	spalten_dict	*	2848	wurzel
map	spalten_dict	*	2849	Mechanismen_der_Züchtung
map	spalten_dict	*	2850	mechanismen
map	spalten_dict	*	2851	wesen
map	spalten_dict	*	2852	zuechtung
map	spalten_dict	*	2853	züchtung
map	spalten_dict	*	2854	züchten
map	spalten_dict	*	2855	zuechten
map	spalten_dict	*	2856	Mechanismen_der_Züchtung
map	spalten_dict	*	2857	mechanismen
map	spalten_dict	*	2858	wesen
map	spalten_dict	*	2859	zuechtung
map	spalten_dict	*	2860	züchtung
map	spalten_dict	*	2861	züchten
map	spalten_dict	*	2862	zuechten
map	spalten_dict	*	2863	9
map	spalten_dict	*	2864	23
map	spalten_dict	*	2865	8
map	spalten_dict	*	2866	5
map	spalten_dict	*	2867	10
map	spalten_dict	*	2868	15
map	spalten_dict	*	2869	17
map	spalten_dict	*	2870	7
map	spalten_dict	*	2871	11
map	spalten_dict	*	2872	22
map	spalten_dict	*	2873	14
map	spalten_dict	*	2874	4
map	spalten_dict	*	2875	16
map	spalten_dict	*	2876	12
map	spalten_dict	*	2877	2
map	spalten_dict	*	2878	13
map	spalten_dict	*	2879	21
map	spalten_dict	*	2880	6
map	spalten_dict	*	2881	3
map	spalten_dict	*	2882	20
map	spalten_dict	*	2883	18
map	spalten_dict	*	2884	19
map	spalten_dict	*	2885	9
map	spalten_dict	*	2886	23
map	spalten_dict	*	2887	8
map	spalten_dict	*	2888	5
map	spalten_dict	*	2889	10
map	spalten_dict	*	2890	15
map	spalten_dict	*	2891	17
map	spalten_dict	*	2892	7
map	spalten_dict	*	2893	11
map	spalten_dict	*	2894	22
map	spalten_dict	*	2895	14
map	spalten_dict	*	2896	4
map	spalten_dict	*	2897	16
map	spalten_dict	*	2898	12
map	spalten_dict	*	2899	2
map	spalten_dict	*	2900	13
map	spalten_dict	*	2901	21
map	spalten_dict	*	2902	6
map	spalten_dict	*	2903	3
map	spalten_dict	*	2904	20
map	spalten_dict	*	2905	18
map	spalten_dict	*	2906	19
map	spalten_dict	*	2907	9
map	spalten_dict	*	2908	23
map	spalten_dict	*	2909	8
map	spalten_dict	*	2910	5
map	spalten_dict	*	2911	10
map	spalten_dict	*	2912	15
map	spalten_dict	*	2913	17
map	spalten_dict	*	2914	7
map	spalten_dict	*	2915	11
map	spalten_dict	*	2916	22
map	spalten_dict	*	2917	14
map	spalten_dict	*	2918	4
map	spalten_dict	*	2919	16
map	spalten_dict	*	2920	12
map	spalten_dict	*	2921	2
map	spalten_dict	*	2922	13
map	spalten_dict	*	2923	21
map	spalten_dict	*	2924	6
map	spalten_dict	*	2925	3
map	spalten_dict	*	2926	20
map	spalten_dict	*	2927	18
map	spalten_dict	*	2928	19
map	spalten_dict	*	2929	9
map	spalten_dict	*	2930	23
map	spalten_dict	*	2931	8
map	spalten_dict	*	2932	5
map	spalten_dict	*	2933	10
map	spalten_dict	*	2934	15
map	spalten_dict	*	2935	17
map	spalten_dict	*	2936	7
map	spalten_dict	*	2937	11
map	spalten_dict	*	2938	22
map	spalten_dict	*	2939	14
map	spalten_dict	*	2940	4
map	spalten_dict	*	2941	16
map	spalten_dict	*	2942	12
map	spalten_dict	*	2943	2
map	spalten_dict	*	2944	13
map	spalten_dict	*	2945	21
map	spalten_dict	*	2946	6
map	spalten_dict	*	2947	3
map	spalten_dict	*	2948	20
map	spalten_dict	*	2949	18
map	spalten_dict	*	2950	19
map	spalten_dict	*	2951	9
map	spalten_dict	*	2952	23
map	spalten_dict	*	2953	8
map	spalten_dict	*	2954	5
map	spalten_dict	*	2955	10
map	spalten_dict	*	2956	15
map	spalten_dict	*	2957	17
map	spalten_dict	*	2958	7
map	spalten_dict	*	2959	11
map	spalten_dict	*	2960	22
map	spalten_dict	*	2961	14
map	spalten_dict	*	2962	4
map	spalten_dict	*	2963	16
map	spalten_dict	*	2964	12
map	spalten_dict	*	2965	2
map	spalten_dict	*	2966	13
map	spalten_dict	*	2967	21
map	spalten_dict	*	2968	6
map	spalten_dict	*	2969	3
map	spalten_dict	*	2970	20
map	spalten_dict	*	2971	18
map	spalten_dict	*	2972	19
map	spalten_dict	*	2973	9
map	spalten_dict	*	2974	23
map	spalten_dict	*	2975	8
map	spalten_dict	*	2976	5
map	spalten_dict	*	2977	10
map	spalten_dict	*	2978	15
map	spalten_dict	*	2979	17
map	spalten_dict	*	2980	7
map	spalten_dict	*	2981	11
map	spalten_dict	*	2982	22
map	spalten_dict	*	2983	14
map	spalten_dict	*	2984	4
map	spalten_dict	*	2985	16
map	spalten_dict	*	2986	12
map	spalten_dict	*	2987	2
map	spalten_dict	*	2988	13
map	spalten_dict	*	2989	21
map	spalten_dict	*	2990	6
map	spalten_dict	*	2991	3
map	spalten_dict	*	2992	20
map	spalten_dict	*	2993	18
map	spalten_dict	*	2994	19
map	spalten_dict	*	2995	9
map	spalten_dict	*	2996	23
map	spalten_dict	*	2997	8
map	spalten_dict	*	2998	5
map	spalten_dict	*	2999	10
map	spalten_dict	*	3000	15
map	spalten_dict	*	3001	17
map	spalten_dict	*	3002	7
map	spalten_dict	*	3003	11
map	spalten_dict	*	3004	22
map	spalten_dict	*	3005	14
map	spalten_dict	*	3006	4
map	spalten_dict	*	3007	16
map	spalten_dict	*	3008	12
map	spalten_dict	*	3009	2
map	spalten_dict	*	3010	13
map	spalten_dict	*	3011	21
map	spalten_dict	*	3012	6
map	spalten_dict	*	3013	3
map	spalten_dict	*	3014	20
map	spalten_dict	*	3015	18
map	spalten_dict	*	3016	19
map	spalten_dict	*	3017	9
map	spalten_dict	*	3018	23
map	spalten_dict	*	3019	8
map	spalten_dict	*	3020	5
map	spalten_dict	*	3021	10
map	spalten_dict	*	3022	15
map	spalten_dict	*	3023	17
map	spalten_dict	*	3024	7
map	spalten_dict	*	3025	11
map	spalten_dict	*	3026	22
map	spalten_dict	*	3027	14
map	spalten_dict	*	3028	4
map	spalten_dict	*	3029	16
map	spalten_dict	*	3030	12
map	spalten_dict	*	3031	2
map	spalten_dict	*	3032	13
map	spalten_dict	*	3033	21
map	spalten_dict	*	3034	6
map	spalten_dict	*	3035	3
map	spalten_dict	*	3036	20
map	spalten_dict	*	3037	18
map	spalten_dict	*	3038	19
map	spalten_dict	*	3039	Religionen
map	spalten_dict	*	3040	Religionen
map	spalten_dict	*	3041	Drei
map	spalten_dict	*	3042	Drei
map	spalten_dict	*	3043	Vier
map	spalten_dict	*	3044	Vier
map	spalten_dict	*	3045	Fünf
map	spalten_dict	*	3046	Fuenf
map	spalten_dict	*	3047	Fünf
map	spalten_dict	*	3048	Fuenf
map	spalten_dict	*	3049	Sechs
map	spalten_dict	*	3050	Sechs
map	spalten_dict	*	3051	Sieben
map	spalten_dict	*	3052	Sieben
map	spalten_dict	*	3053	Acht
map	spalten_dict	*	3054	Acht
map	spalten_dict	*	3055	Neun
map	spalten_dict	*	3056	Neun
map	spalten_dict	*	3057	Zehn
map	spalten_dict	*	3058	Zehn
map	spalten_dict	*	3059	Zwölf
map	spalten_dict	*	3060	Zwoelf
map	spalten_dict	*	3061	Zwölf
map	spalten_dict	*	3062	Zwoelf
map	spalten_dict	*	3063	Weisheit_etc
map	spalten_dict	*	3064	weisheit
map	spalten_dict	*	3065	metaweisheit
map	spalten_dict	*	3066	meta-weisheit
map	spalten_dict	*	3067	idiot
map	spalten_dict	*	3068	weise
map	spalten_dict	*	3069	optimal
map	spalten_dict	*	3070	optimum
map	spalten_dict	*	3071	Weisheit_etc
map	spalten_dict	*	3072	weisheit
map	spalten_dict	*	3073	metaweisheit
map	spalten_dict	*	3074	meta-weisheit
map	spalten_dict	*	3075	idiot
map	spalten_dict	*	3076	weise
map	spalten_dict	*	3077	optimal
map	spalten_dict	*	3078	optimum
map	spalten_dict	*	3079	Weisheit_etc
map	spalten_dict	*	3080	weisheit
map	spalten_dict	*	3081	metaweisheit
map	spalten_dict	*	3082	meta-weisheit
map	spalten_dict	*	3083	idiot
map	spalten_dict	*	3084	weise
map	spalten_dict	*	3085	optimal
map	spalten_dict	*	3086	optimum
map	spalten_dict	*	3087	Weisheit_etc
map	spalten_dict	*	3088	weisheit
map	spalten_dict	*	3089	metaweisheit
map	spalten_dict	*	3090	meta-weisheit
map	spalten_dict	*	3091	idiot
map	spalten_dict	*	3092	weise
map	spalten_dict	*	3093	optimal
map	spalten_dict	*	3094	optimum
map	spalten_dict	*	3095	Weisheit_etc
map	spalten_dict	*	3096	weisheit
map	spalten_dict	*	3097	metaweisheit
map	spalten_dict	*	3098	meta-weisheit
map	spalten_dict	*	3099	idiot
map	spalten_dict	*	3100	weise
map	spalten_dict	*	3101	optimal
map	spalten_dict	*	3102	optimum
map	spalten_dict	*	3103	Dein_Recht_bekommen
map	spalten_dict	*	3104	rechte
map	spalten_dict	*	3105	recht
map	spalten_dict	*	3106	selbstgerecht
map	spalten_dict	*	3107	Dein_Recht_bekommen
map	spalten_dict	*	3108	rechte
map	spalten_dict	*	3109	recht
map	spalten_dict	*	3110	selbstgerecht
map	spalten_dict	*	3111	Dein_Recht_bekommen
map	spalten_dict	*	3112	rechte
map	spalten_dict	*	3113	recht
map	spalten_dict	*	3114	selbstgerecht
map	spalten_dict	*	3115	Dein_Recht_bekommen
map	spalten_dict	*	3116	rechte
map	spalten_dict	*	3117	recht
map	spalten_dict	*	3118	selbstgerecht
map	spalten_dict	*	3119	Dein_Recht_bekommen
map	spalten_dict	*	3120	rechte
map	spalten_dict	*	3121	recht
map	spalten_dict	*	3122	selbstgerecht
map	spalten_dict	*	3123	unterlegen_überlegen
map	spalten_dict	*	3124	unterlegen
map	spalten_dict	*	3125	ueberlegen
map	spalten_dict	*	3126	unterlegen_überlegen
map	spalten_dict	*	3127	unterlegen
map	spalten_dict	*	3128	ueberlegen
map	spalten_dict	*	3129	unterlegen_überlegen
map	spalten_dict	*	3130	unterlegen
map	spalten_dict	*	3131	ueberlegen
map	spalten_dict	*	3132	unterlegen_überlegen
map	spalten_dict	*	3133	unterlegen
map	spalten_dict	*	3134	ueberlegen
map	spalten_dict	*	3135	unterlegen_überlegen
map	spalten_dict	*	3136	unterlegen
map	spalten_dict	*	3137	ueberlegen
map	spalten_dict	*	3138	Ehrlichkeit_und_Streit
map	spalten_dict	*	3139	streit
map	spalten_dict	*	3140	ehrlichkeit
map	spalten_dict	*	3141	Ehrlichkeit_und_Streit
map	spalten_dict	*	3142	streit
map	spalten_dict	*	3143	ehrlichkeit
map	spalten_dict	*	3144	Ehrlichkeit_und_Streit
map	spalten_dict	*	3145	streit
map	spalten_dict	*	3146	ehrlichkeit
map	spalten_dict	*	3147	Ehrlichkeit_und_Streit
map	spalten_dict	*	3148	streit
map	spalten_dict	*	3149	ehrlichkeit
map	spalten_dict	*	3150	Ehrlichkeit_und_Streit
map	spalten_dict	*	3151	streit
map	spalten_dict	*	3152	ehrlichkeit
map	spalten_dict	*	3153	Würdig
map	spalten_dict	*	3154	wuerdig
map	spalten_dict	*	3155	würdig
map	spalten_dict	*	3156	Würdig
map	spalten_dict	*	3157	wuerdig
map	spalten_dict	*	3158	würdig
map	spalten_dict	*	3159	Würdig
map	spalten_dict	*	3160	wuerdig
map	spalten_dict	*	3161	würdig
map	spalten_dict	*	3162	Regel_vs_Ausnahme
map	spalten_dict	*	3163	regel
map	spalten_dict	*	3164	ausnahme
map	spalten_dict	*	3165	Regel_vs_Ausnahme
map	spalten_dict	*	3166	regel
map	spalten_dict	*	3167	ausnahme
map	spalten_dict	*	3168	Regel_vs_Ausnahme
map	spalten_dict	*	3169	regel
map	spalten_dict	*	3170	ausnahme
map	spalten_dict	*	3171	Filterart_Widrigkeit
map	spalten_dict	*	3172	filterart
map	spalten_dict	*	3173	widrigkeit
map	spalten_dict	*	3174	Filterart_Widrigkeit
map	spalten_dict	*	3175	filterart
map	spalten_dict	*	3176	widrigkeit
map	spalten_dict	*	3177	Filterart_Widrigkeit
map	spalten_dict	*	3178	filterart
map	spalten_dict	*	3179	widrigkeit
map	spalten_dict	*	3180	Werte
map	spalten_dict	*	3181	werte
map	spalten_dict	*	3182	Werte
map	spalten_dict	*	3183	werte
map	spalten_dict	*	3184	Werte
map	spalten_dict	*	3185	werte
map	spalten_dict	*	3186	Gutartigkeits-Egoismus
map	spalten_dict	*	3187	position
map	spalten_dict	*	3188	gutesreziprok
map	spalten_dict	*	3189	Gutartigkeits-Egoismus
map	spalten_dict	*	3190	position
map	spalten_dict	*	3191	gutesreziprok
map	spalten_dict	*	3192	Gutartigkeits-Egoismus
map	spalten_dict	*	3193	position
map	spalten_dict	*	3194	gutesreziprok
map	spalten_dict	*	3195	Reflektieren_Erkenntnis-Erkennen
map	spalten_dict	*	3196	reflektieren
map	spalten_dict	*	3197	erkenntnis
map	spalten_dict	*	3198	Reflektieren_Erkenntnis-Erkennen
map	spalten_dict	*	3199	reflektieren
map	spalten_dict	*	3200	erkenntnis
map	spalten_dict	*	3201	Reflektieren_Erkenntnis-Erkennen
map	spalten_dict	*	3202	reflektieren
map	spalten_dict	*	3203	erkenntnis
map	spalten_dict	*	3204	Vertrauen_wollen
map	spalten_dict	*	3205	vertrauenwollen
map	spalten_dict	*	3206	Vertrauen_wollen
map	spalten_dict	*	3207	vertrauenwollen
map	spalten_dict	*	3208	Vertrauen_wollen
map	spalten_dict	*	3209	vertrauenwollen
map	spalten_dict	*	3210	einklinken_vertrauen_anprangern
map	spalten_dict	*	3211	einklinken
map	spalten_dict	*	3212	vertrauenerhalten
map	spalten_dict	*	3213	anprangern
map	spalten_dict	*	3214	einklinken_vertrauen_anprangern
map	spalten_dict	*	3215	einklinken
map	spalten_dict	*	3216	vertrauenerhalten
map	spalten_dict	*	3217	anprangern
map	spalten_dict	*	3218	einklinken_vertrauen_anprangern
map	spalten_dict	*	3219	einklinken
map	spalten_dict	*	3220	vertrauenerhalten
map	spalten_dict	*	3221	anprangern
map	spalten_dict	*	3222	einklinken_vertrauen_anprangern
map	spalten_dict	*	3223	einklinken
map	spalten_dict	*	3224	vertrauenerhalten
map	spalten_dict	*	3225	anprangern
map	spalten_dict	*	3226	einklinken_vertrauen_anprangern
map	spalten_dict	*	3227	einklinken
map	spalten_dict	*	3228	vertrauenerhalten
map	spalten_dict	*	3229	anprangern
map	spalten_dict	*	3230	Ausrichten_Einrichten
map	spalten_dict	*	3231	einrichten
map	spalten_dict	*	3232	ausrichten
map	spalten_dict	*	3233	Ausrichten_Einrichten
map	spalten_dict	*	3234	einrichten
map	spalten_dict	*	3235	ausrichten
map	spalten_dict	*	3236	Ausrichten_Einrichten
map	spalten_dict	*	3237	einrichten
map	spalten_dict	*	3238	ausrichten
map	spalten_dict	*	3239	Toleranz_Respekt_Akzeptanz_Willkommen
map	spalten_dict	*	3240	toleranz
map	spalten_dict	*	3241	respekt
map	spalten_dict	*	3242	akzeptanz
map	spalten_dict	*	3243	willkommen
map	spalten_dict	*	3244	Toleranz_Respekt_Akzeptanz_Willkommen
map	spalten_dict	*	3245	toleranz
map	spalten_dict	*	3246	respekt
map	spalten_dict	*	3247	akzeptanz
map	spalten_dict	*	3248	willkommen
map	spalten_dict	*	3249	Toleranz_Respekt_Akzeptanz_Willkommen
map	spalten_dict	*	3250	toleranz
map	spalten_dict	*	3251	respekt
map	spalten_dict	*	3252	akzeptanz
map	spalten_dict	*	3253	willkommen
map	spalten_dict	*	3254	familiebrauchen
map	spalten_dict	*	3255	familiebrauchen
map	spalten_dict	*	3256	familiebrauchen
map	spalten_dict	*	3257	familiebrauchen
map	spalten_dict	*	3258	familiebrauchen
map	spalten_dict	*	3259	ego
map	spalten_dict	*	3260	bescheiden
map	spalten_dict	*	3261	ego
map	spalten_dict	*	3262	bescheiden
map	spalten_dict	*	3263	ego
map	spalten_dict	*	3264	bescheiden
map	spalten_dict	*	3265	ego
map	spalten_dict	*	3266	bescheiden
map	spalten_dict	*	3267	ego
map	spalten_dict	*	3268	bescheiden
map	spalten_dict	*	3269	Selbstsucht_Ichsucht_etc
map	spalten_dict	*	3270	selbstsucht
map	spalten_dict	*	3271	ichsucht
map	spalten_dict	*	3272	Selbstsucht_Ichsucht_etc
map	spalten_dict	*	3273	selbstsucht
map	spalten_dict	*	3274	ichsucht
map	spalten_dict	*	3275	Selbstsucht_Ichsucht_etc
map	spalten_dict	*	3276	selbstsucht
map	spalten_dict	*	3277	ichsucht
map	spalten_dict	*	3278	Selbstsucht_Ichsucht_etc
map	spalten_dict	*	3279	selbstsucht
map	spalten_dict	*	3280	ichsucht
map	spalten_dict	*	3281	Selbstsucht_Ichsucht_etc
map	spalten_dict	*	3282	selbstsucht
map	spalten_dict	*	3283	ichsucht
map	spalten_dict	*	3284	Forschen_Erfinden_Einklinken
map	spalten_dict	*	3285	wissenschaft
map	spalten_dict	*	3286	forschen
map	spalten_dict	*	3287	einklinken
map	spalten_dict	*	3288	erfinden
map	spalten_dict	*	3289	Forschen_Erfinden_Einklinken
map	spalten_dict	*	3290	wissenschaft
map	spalten_dict	*	3291	forschen
map	spalten_dict	*	3292	einklinken
map	spalten_dict	*	3293	erfinden
map	spalten_dict	*	3294	Forschen_Erfinden_Einklinken
map	spalten_dict	*	3295	wissenschaft
map	spalten_dict	*	3296	forschen
map	spalten_dict	*	3297	einklinken
map	spalten_dict	*	3298	erfinden
map	spalten_dict	*	3299	Forschen_Erfinden_Einklinken
map	spalten_dict	*	3300	wissenschaft
map	spalten_dict	*	3301	forschen
map	spalten_dict	*	3302	einklinken
map	spalten_dict	*	3303	erfinden
map	spalten_dict	*	3304	Forschen_Erfinden_Einklinken
map	spalten_dict	*	3305	wissenschaft
map	spalten_dict	*	3306	forschen
map	spalten_dict	*	3307	einklinken
map	spalten_dict	*	3308	erfinden
map	spalten_dict	*	3309	Kooperation_vs_Arsch
map	spalten_dict	*	3310	arschloch
map	spalten_dict	*	3311	kooperation
map	spalten_dict	*	3312	arsch
map	spalten_dict	*	3313	Kooperation_vs_Arsch
map	spalten_dict	*	3314	arschloch
map	spalten_dict	*	3315	kooperation
map	spalten_dict	*	3316	arsch
map	spalten_dict	*	3317	Kooperation_vs_Arsch
map	spalten_dict	*	3318	arschloch
map	spalten_dict	*	3319	kooperation
map	spalten_dict	*	3320	arsch
map	spalten_dict	*	3321	Kooperation_vs_Arsch
map	spalten_dict	*	3322	arschloch
map	spalten_dict	*	3323	kooperation
map	spalten_dict	*	3324	arsch
map	spalten_dict	*	3325	Kooperation_vs_Arsch
map	spalten_dict	*	3326	arschloch
map	spalten_dict	*	3327	kooperation
map	spalten_dict	*	3328	arsch
map	spalten_dict	*	3329	Liebe_usw
map	spalten_dict	*	3330	liebe
map	spalten_dict	*	3331	zuneigung
map	spalten_dict	*	3332	Liebe_usw
map	spalten_dict	*	3333	liebe
map	spalten_dict	*	3334	zuneigung
map	spalten_dict	*	3335	Liebe_usw
map	spalten_dict	*	3336	liebe
map	spalten_dict	*	3337	zuneigung
map	spalten_dict	*	3338	Liebe_usw
map	spalten_dict	*	3339	liebe
map	spalten_dict	*	3340	zuneigung
map	spalten_dict	*	3341	Liebe_usw
map	spalten_dict	*	3342	liebe
map	spalten_dict	*	3343	zuneigung
map	spalten_dict	*	3344	Selbstlosigkeit_Ichlosigkeit_etc
map	spalten_dict	*	3345	selbstlos
map	spalten_dict	*	3346	ichlos
map	spalten_dict	*	3347	Selbstlosigkeit_Ichlosigkeit_etc
map	spalten_dict	*	3348	selbstlos
map	spalten_dict	*	3349	ichlos
map	spalten_dict	*	3350	Selbstlosigkeit_Ichlosigkeit_etc
map	spalten_dict	*	3351	selbstlos
map	spalten_dict	*	3352	ichlos
map	spalten_dict	*	3353	Selbstlosigkeit_Ichlosigkeit_etc
map	spalten_dict	*	3354	selbstlos
map	spalten_dict	*	3355	ichlos
map	spalten_dict	*	3356	Selbstlosigkeit_Ichlosigkeit_etc
map	spalten_dict	*	3357	selbstlos
map	spalten_dict	*	3358	ichlos
map	spalten_dict	*	3359	variationsreich_eintönig
map	spalten_dict	*	3360	eintönig
map	spalten_dict	*	3361	eintoenig
map	spalten_dict	*	3362	variationsreich
map	spalten_dict	*	3363	variationsreich_eintönig
map	spalten_dict	*	3364	eintönig
map	spalten_dict	*	3365	eintoenig
map	spalten_dict	*	3366	variationsreich
map	spalten_dict	*	3367	variationsreich_eintönig
map	spalten_dict	*	3368	eintönig
map	spalten_dict	*	3369	eintoenig
map	spalten_dict	*	3370	variationsreich
map	spalten_dict	*	3371	variationsreich_eintönig
map	spalten_dict	*	3372	eintönig
map	spalten_dict	*	3373	eintoenig
map	spalten_dict	*	3374	variationsreich
map	spalten_dict	*	3375	variationsreich_eintönig
map	spalten_dict	*	3376	eintönig
map	spalten_dict	*	3377	eintoenig
map	spalten_dict	*	3378	variationsreich
map	spalten_dict	*	3379	Zuneigung_Abneigung
map	spalten_dict	*	3380	abgeneigt
map	spalten_dict	*	3381	zugewandt
map	spalten_dict	*	3382	reserviert
map	spalten_dict	*	3383	zugeneigt
map	spalten_dict	*	3384	Zuneigung_Abneigung
map	spalten_dict	*	3385	abgeneigt
map	spalten_dict	*	3386	zugewandt
map	spalten_dict	*	3387	reserviert
map	spalten_dict	*	3388	zugeneigt
map	spalten_dict	*	3389	Zuneigung_Abneigung
map	spalten_dict	*	3390	abgeneigt
map	spalten_dict	*	3391	zugewandt
map	spalten_dict	*	3392	reserviert
map	spalten_dict	*	3393	zugeneigt
map	spalten_dict	*	3394	Zuneigung_Abneigung
map	spalten_dict	*	3395	abgeneigt
map	spalten_dict	*	3396	zugewandt
map	spalten_dict	*	3397	reserviert
map	spalten_dict	*	3398	zugeneigt
map	spalten_dict	*	3399	Zuneigung_Abneigung
map	spalten_dict	*	3400	abgeneigt
map	spalten_dict	*	3401	zugewandt
map	spalten_dict	*	3402	reserviert
map	spalten_dict	*	3403	zugeneigt
map	spalten_dict	*	3404	ehrlich_vs_höflich
map	spalten_dict	*	3405	ehrlich
map	spalten_dict	*	3406	höflich
map	spalten_dict	*	3407	hoeflich
map	spalten_dict	*	3408	ehrlich_vs_höflich
map	spalten_dict	*	3409	ehrlich
map	spalten_dict	*	3410	höflich
map	spalten_dict	*	3411	hoeflich
map	spalten_dict	*	3412	ehrlich_vs_höflich
map	spalten_dict	*	3413	ehrlich
map	spalten_dict	*	3414	höflich
map	spalten_dict	*	3415	hoeflich
map	spalten_dict	*	3416	ehrlich_vs_höflich
map	spalten_dict	*	3417	ehrlich
map	spalten_dict	*	3418	höflich
map	spalten_dict	*	3419	hoeflich
map	spalten_dict	*	3420	ehrlich_vs_höflich
map	spalten_dict	*	3421	ehrlich
map	spalten_dict	*	3422	höflich
map	spalten_dict	*	3423	hoeflich
map	spalten_dict	*	3424	ehrlich_vs_höflich
map	spalten_dict	*	3425	ehrlich
map	spalten_dict	*	3426	höflich
map	spalten_dict	*	3427	hoeflich
map	spalten_dict	*	3428	ehrlich_vs_höflich
map	spalten_dict	*	3429	ehrlich
map	spalten_dict	*	3430	höflich
map	spalten_dict	*	3431	hoeflich
map	spalten_dict	*	3432	Tragweite
map	spalten_dict	*	3433	tragweite
map	spalten_dict	*	3434	Tragweite
map	spalten_dict	*	3435	tragweite
map	spalten_dict	*	3436	Tragweite
map	spalten_dict	*	3437	tragweite
map	spalten_dict	*	3438	Tragweite
map	spalten_dict	*	3439	tragweite
map	spalten_dict	*	3440	Tragweite
map	spalten_dict	*	3441	tragweite
map	spalten_dict	*	3442	wertvoll
map	spalten_dict	*	3443	wertlos
map	spalten_dict	*	3444	wertvoll
map	spalten_dict	*	3445	wertlos
map	spalten_dict	*	3446	wertvoll
map	spalten_dict	*	3447	wertlos
map	spalten_dict	*	3448	wertvoll
map	spalten_dict	*	3449	wertlos
map	spalten_dict	*	3450	wertvoll
map	spalten_dict	*	3451	wertlos
map	spalten_dict	*	3452	Götter_Propheten_Familien_Freunde
map	spalten_dict	*	3453	familiaer
map	spalten_dict	*	3454	goettlich
map	spalten_dict	*	3455	freunde
map	spalten_dict	*	3456	propheten
map	spalten_dict	*	3457	Götter_Propheten_Familien_Freunde
map	spalten_dict	*	3458	familiaer
map	spalten_dict	*	3459	goettlich
map	spalten_dict	*	3460	freunde
map	spalten_dict	*	3461	propheten
map	spalten_dict	*	3462	Götter_Propheten_Familien_Freunde
map	spalten_dict	*	3463	familiaer
map	spalten_dict	*	3464	goettlich
map	spalten_dict	*	3465	freunde
map	spalten_dict	*	3466	propheten
map	spalten_dict	*	3467	Götter_Propheten_Familien_Freunde
map	spalten_dict	*	3468	familiaer
map	spalten_dict	*	3469	goettlich
map	spalten_dict	*	3470	freunde
map	spalten_dict	*	3471	propheten
map	spalten_dict	*	3472	Götter_Propheten_Familien_Freunde
map	spalten_dict	*	3473	familiaer
map	spalten_dict	*	3474	goettlich
map	spalten_dict	*	3475	freunde
map	spalten_dict	*	3476	propheten
map	spalten_dict	*	3477	sanft_vs_hart
map	spalten_dict	*	3478	sanft
map	spalten_dict	*	3479	hart
map	spalten_dict	*	3480	sanft_vs_hart
map	spalten_dict	*	3481	sanft
map	spalten_dict	*	3482	hart
map	spalten_dict	*	3483	sanft_vs_hart
map	spalten_dict	*	3484	sanft
map	spalten_dict	*	3485	hart
map	spalten_dict	*	3486	sanft_vs_hart
map	spalten_dict	*	3487	sanft
map	spalten_dict	*	3488	hart
map	spalten_dict	*	3489	sanft_vs_hart
map	spalten_dict	*	3490	sanft
map	spalten_dict	*	3491	hart
map	spalten_dict	*	3492	vereinen_vs_verbinden
map	spalten_dict	*	3493	vereinenverbinden
map	spalten_dict	*	3494	vereinen
map	spalten_dict	*	3495	verbinden
map	spalten_dict	*	3496	einheit
map	spalten_dict	*	3497	verbindung
map	spalten_dict	*	3498	vereinen_vs_verbinden
map	spalten_dict	*	3499	vereinenverbinden
map	spalten_dict	*	3500	vereinen
map	spalten_dict	*	3501	verbinden
map	spalten_dict	*	3502	einheit
map	spalten_dict	*	3503	verbindung
map	spalten_dict	*	3504	vereinen_vs_verbinden
map	spalten_dict	*	3505	vereinenverbinden
map	spalten_dict	*	3506	vereinen
map	spalten_dict	*	3507	verbinden
map	spalten_dict	*	3508	einheit
map	spalten_dict	*	3509	verbindung
map	spalten_dict	*	3510	vereinen_vs_verbinden
map	spalten_dict	*	3511	vereinenverbinden
map	spalten_dict	*	3512	vereinen
map	spalten_dict	*	3513	verbinden
map	spalten_dict	*	3514	einheit
map	spalten_dict	*	3515	verbindung
map	spalten_dict	*	3516	vereinen_vs_verbinden
map	spalten_dict	*	3517	vereinenverbinden
map	spalten_dict	*	3518	vereinen
map	spalten_dict	*	3519	verbinden
map	spalten_dict	*	3520	einheit
map	spalten_dict	*	3521	verbindung
map	spalten_dict	*	3522	ähnlich
map	spalten_dict	*	3523	aehnlich
map	spalten_dict	*	3524	ähnlich
map	spalten_dict	*	3525	aehnlich
map	spalten_dict	*	3526	ähnlich
map	spalten_dict	*	3527	aehnlich
map	spalten_dict	*	3528	ähnlich
map	spalten_dict	*	3529	aehnlich
map	spalten_dict	*	3530	ähnlich
map	spalten_dict	*	3531	aehnlich
map	spalten_dict	*	3532	gut_böse_lieb_schlecht
map	spalten_dict	*	3533	gut
map	spalten_dict	*	3534	böse
map	spalten_dict	*	3535	boese
map	spalten_dict	*	3536	lieb
map	spalten_dict	*	3537	schlecht
map	spalten_dict	*	3538	gut_böse_lieb_schlecht
map	spalten_dict	*	3539	gut
map	spalten_dict	*	3540	böse
map	spalten_dict	*	3541	boese
map	spalten_dict	*	3542	lieb
map	spalten_dict	*	3543	schlecht
map	spalten_dict	*	3544	gut_böse_lieb_schlecht
map	spalten_dict	*	3545	gut
map	spalten_dict	*	3546	böse
map	spalten_dict	*	3547	boese
map	spalten_dict	*	3548	lieb
map	spalten_dict	*	3549	schlecht
map	spalten_dict	*	3550	gut_böse_lieb_schlecht
map	spalten_dict	*	3551	gut
map	spalten_dict	*	3552	böse
map	spalten_dict	*	3553	boese
map	spalten_dict	*	3554	lieb
map	spalten_dict	*	3555	schlecht
map	spalten_dict	*	3556	gut_böse_lieb_schlecht
map	spalten_dict	*	3557	gut
map	spalten_dict	*	3558	böse
map	spalten_dict	*	3559	boese
map	spalten_dict	*	3560	lieb
map	spalten_dict	*	3561	schlecht
map	spalten_dict	*	3562	Sinn_und_Zweck_des_Lebens
map	spalten_dict	*	3563	sinn
map	spalten_dict	*	3564	zweck
map	spalten_dict	*	3565	bedeutung
map	spalten_dict	*	3566	Sinn_und_Zweck_des_Lebens
map	spalten_dict	*	3567	sinn
map	spalten_dict	*	3568	zweck
map	spalten_dict	*	3569	bedeutung
map	spalten_dict	*	3570	Sinn_und_Zweck_des_Lebens
map	spalten_dict	*	3571	sinn
map	spalten_dict	*	3572	zweck
map	spalten_dict	*	3573	bedeutung
map	spalten_dict	*	3574	Sinn_und_Zweck_des_Lebens
map	spalten_dict	*	3575	sinn
map	spalten_dict	*	3576	zweck
map	spalten_dict	*	3577	bedeutung
map	spalten_dict	*	3578	Sinn_und_Zweck_des_Lebens
map	spalten_dict	*	3579	sinn
map	spalten_dict	*	3580	zweck
map	spalten_dict	*	3581	bedeutung
map	spalten_dict	*	3582	Zeit_vs_Raum
map	spalten_dict	*	3583	zeit
map	spalten_dict	*	3584	raum
map	spalten_dict	*	3585	zeitlich
map	spalten_dict	*	3586	räumlich
map	spalten_dict	*	3587	Zeit_vs_Raum
map	spalten_dict	*	3588	zeit
map	spalten_dict	*	3589	raum
map	spalten_dict	*	3590	zeitlich
map	spalten_dict	*	3591	räumlich
map	spalten_dict	*	3592	Zeit_vs_Raum
map	spalten_dict	*	3593	zeit
map	spalten_dict	*	3594	raum
map	spalten_dict	*	3595	zeitlich
map	spalten_dict	*	3596	räumlich
map	spalten_dict	*	3597	Zeit_vs_Raum
map	spalten_dict	*	3598	zeit
map	spalten_dict	*	3599	raum
map	spalten_dict	*	3600	zeitlich
map	spalten_dict	*	3601	räumlich
map	spalten_dict	*	3602	Zeit_vs_Raum
map	spalten_dict	*	3603	zeit
map	spalten_dict	*	3604	raum
map	spalten_dict	*	3605	zeitlich
map	spalten_dict	*	3606	räumlich
map	spalten_dict	*	3607	egalitär_vs_autoritär
map	spalten_dict	*	3608	egalitaerautoritaer
map	spalten_dict	*	3609	egalitaer
map	spalten_dict	*	3610	autoritaer
map	spalten_dict	*	3611	egalitär
map	spalten_dict	*	3612	autoritär
map	spalten_dict	*	3613	egalitär_vs_autoritär
map	spalten_dict	*	3614	egalitaerautoritaer
map	spalten_dict	*	3615	egalitaer
map	spalten_dict	*	3616	autoritaer
map	spalten_dict	*	3617	egalitär
map	spalten_dict	*	3618	autoritär
map	spalten_dict	*	3619	egalitär_vs_autoritär
map	spalten_dict	*	3620	egalitaerautoritaer
map	spalten_dict	*	3621	egalitaer
map	spalten_dict	*	3622	autoritaer
map	spalten_dict	*	3623	egalitär
map	spalten_dict	*	3624	autoritär
map	spalten_dict	*	3625	egalitär_vs_autoritär
map	spalten_dict	*	3626	egalitaerautoritaer
map	spalten_dict	*	3627	egalitaer
map	spalten_dict	*	3628	autoritaer
map	spalten_dict	*	3629	egalitär
map	spalten_dict	*	3630	autoritär
map	spalten_dict	*	3631	egalitär_vs_autoritär
map	spalten_dict	*	3632	egalitaerautoritaer
map	spalten_dict	*	3633	egalitaer
map	spalten_dict	*	3634	autoritaer
map	spalten_dict	*	3635	egalitär
map	spalten_dict	*	3636	autoritär
map	spalten_dict	*	3637	Meinungen_und_Ruf
map	spalten_dict	*	3638	meinungen
map	spalten_dict	*	3639	anderemenschen
map	spalten_dict	*	3640	ruf
map	spalten_dict	*	3641	Meinungen_und_Ruf
map	spalten_dict	*	3642	meinungen
map	spalten_dict	*	3643	anderemenschen
map	spalten_dict	*	3644	ruf
map	spalten_dict	*	3645	Meinungen_und_Ruf
map	spalten_dict	*	3646	meinungen
map	spalten_dict	*	3647	anderemenschen
map	spalten_dict	*	3648	ruf
map	spalten_dict	*	3649	Meinungen_und_Ruf
map	spalten_dict	*	3650	meinungen
map	spalten_dict	*	3651	anderemenschen
map	spalten_dict	*	3652	ruf
map	spalten_dict	*	3653	Meinungen_und_Ruf
map	spalten_dict	*	3654	meinungen
map	spalten_dict	*	3655	anderemenschen
map	spalten_dict	*	3656	ruf
map	spalten_dict	*	3657	Meinungsintelligenz
map	spalten_dict	*	3658	meinungsintelligenz
map	spalten_dict	*	3659	ursprungsintelligenz
map	spalten_dict	*	3660	Meinungsintelligenz
map	spalten_dict	*	3661	meinungsintelligenz
map	spalten_dict	*	3662	ursprungsintelligenz
map	spalten_dict	*	3663	Meinungsintelligenz
map	spalten_dict	*	3664	meinungsintelligenz
map	spalten_dict	*	3665	ursprungsintelligenz
map	spalten_dict	*	3666	Meinungsintelligenz
map	spalten_dict	*	3667	meinungsintelligenz
map	spalten_dict	*	3668	ursprungsintelligenz
map	spalten_dict	*	3669	Meinungsintelligenz
map	spalten_dict	*	3670	meinungsintelligenz
map	spalten_dict	*	3671	ursprungsintelligenz
map	spalten_dict	*	3672	Sittlichkeit
map	spalten_dict	*	3673	sittlichkeit
map	spalten_dict	*	3674	annaehrerung
map	spalten_dict	*	3675	Sittlichkeit
map	spalten_dict	*	3676	sittlichkeit
map	spalten_dict	*	3677	annaehrerung
map	spalten_dict	*	3678	Sittlichkeit
map	spalten_dict	*	3679	sittlichkeit
map	spalten_dict	*	3680	annaehrerung
map	spalten_dict	*	3681	Sittlichkeit
map	spalten_dict	*	3682	sittlichkeit
map	spalten_dict	*	3683	annaehrerung
map	spalten_dict	*	3684	Sittlichkeit
map	spalten_dict	*	3685	sittlichkeit
map	spalten_dict	*	3686	annaehrerung
map	spalten_dict	*	3687	Führung
map	spalten_dict	*	3688	führung
map	spalten_dict	*	3689	fuehrung
map	spalten_dict	*	3690	Führung
map	spalten_dict	*	3691	führung
map	spalten_dict	*	3692	fuehrung
map	spalten_dict	*	3693	Führung
map	spalten_dict	*	3694	führung
map	spalten_dict	*	3695	fuehrung
map	spalten_dict	*	3696	Führung
map	spalten_dict	*	3697	führung
map	spalten_dict	*	3698	fuehrung
map	spalten_dict	*	3699	Führung
map	spalten_dict	*	3700	führung
map	spalten_dict	*	3701	fuehrung
map	spalten_dict	*	3702	Durchleuchten
map	spalten_dict	*	3703	durchleuchten
map	spalten_dict	*	3704	erleuchten
map	spalten_dict	*	3705	Durchleuchten
map	spalten_dict	*	3706	durchleuchten
map	spalten_dict	*	3707	erleuchten
map	spalten_dict	*	3708	Durchleuchten
map	spalten_dict	*	3709	durchleuchten
map	spalten_dict	*	3710	erleuchten
map	spalten_dict	*	3711	Durchleuchten
map	spalten_dict	*	3712	durchleuchten
map	spalten_dict	*	3713	erleuchten
map	spalten_dict	*	3714	Durchleuchten
map	spalten_dict	*	3715	durchleuchten
map	spalten_dict	*	3716	erleuchten
map	spalten_dict	*	3717	Fördern_Sensiblisieren_und_Gedeihen
map	spalten_dict	*	3718	foerdern
map	spalten_dict	*	3719	fördern
map	spalten_dict	*	3720	begrenzen
map	spalten_dict	*	3721	sensibilisieren
map	spalten_dict	*	3722	gedeihen
map	spalten_dict	*	3723	verderben
map	spalten_dict	*	3724	Fördern_Sensiblisieren_und_Gedeihen
map	spalten_dict	*	3725	foerdern
map	spalten_dict	*	3726	fördern
map	spalten_dict	*	3727	begrenzen
map	spalten_dict	*	3728	sensibilisieren
map	spalten_dict	*	3729	gedeihen
map	spalten_dict	*	3730	verderben
map	spalten_dict	*	3731	Fördern_Sensiblisieren_und_Gedeihen
map	spalten_dict	*	3732	foerdern
map	spalten_dict	*	3733	fördern
map	spalten_dict	*	3734	begrenzen
map	spalten_dict	*	3735	sensibilisieren
map	spalten_dict	*	3736	gedeihen
map	spalten_dict	*	3737	verderben
map	spalten_dict	*	3738	Fördern_Sensiblisieren_und_Gedeihen
map	spalten_dict	*	3739	foerdern
map	spalten_dict	*	3740	fördern
map	spalten_dict	*	3741	begrenzen
map	spalten_dict	*	3742	sensibilisieren
map	spalten_dict	*	3743	gedeihen
map	spalten_dict	*	3744	verderben
map	spalten_dict	*	3745	Fördern_Sensiblisieren_und_Gedeihen
map	spalten_dict	*	3746	foerdern
map	spalten_dict	*	3747	fördern
map	spalten_dict	*	3748	begrenzen
map	spalten_dict	*	3749	sensibilisieren
map	spalten_dict	*	3750	gedeihen
map	spalten_dict	*	3751	verderben
map	spalten_dict	*	3752	Überheblichkeit
map	spalten_dict	*	3753	überheblich
map	spalten_dict	*	3754	ueberheblichkeit
map	spalten_dict	*	3755	ueberheblich
map	spalten_dict	*	3756	überheblichkeit
map	spalten_dict	*	3757	Überheblichkeit
map	spalten_dict	*	3758	überheblich
map	spalten_dict	*	3759	ueberheblichkeit
map	spalten_dict	*	3760	ueberheblich
map	spalten_dict	*	3761	überheblichkeit
map	spalten_dict	*	3762	Überheblichkeit
map	spalten_dict	*	3763	überheblich
map	spalten_dict	*	3764	ueberheblichkeit
map	spalten_dict	*	3765	ueberheblich
map	spalten_dict	*	3766	überheblichkeit
map	spalten_dict	*	3767	Überheblichkeit
map	spalten_dict	*	3768	überheblich
map	spalten_dict	*	3769	ueberheblichkeit
map	spalten_dict	*	3770	ueberheblich
map	spalten_dict	*	3771	überheblichkeit
map	spalten_dict	*	3772	Überheblichkeit
map	spalten_dict	*	3773	überheblich
map	spalten_dict	*	3774	ueberheblichkeit
map	spalten_dict	*	3775	ueberheblich
map	spalten_dict	*	3776	überheblichkeit
map	spalten_dict	*	3777	Polung_der_Liebe
map	spalten_dict	*	3778	liebepolung
map	spalten_dict	*	3779	Polung_der_Liebe
map	spalten_dict	*	3780	liebepolung
map	spalten_dict	*	3781	Polung_der_Liebe
map	spalten_dict	*	3782	liebepolung
map	spalten_dict	*	3783	Polung_der_Liebe
map	spalten_dict	*	3784	liebepolung
map	spalten_dict	*	3785	Polung_der_Liebe
map	spalten_dict	*	3786	liebepolung
map	spalten_dict	*	3787	Egoismus_vs_Altruismus
map	spalten_dict	*	3788	egoismus
map	spalten_dict	*	3789	altruismus
map	spalten_dict	*	3790	egoist
map	spalten_dict	*	3791	altruist
map	spalten_dict	*	3792	Egoismus_vs_Altruismus
map	spalten_dict	*	3793	egoismus
map	spalten_dict	*	3794	altruismus
map	spalten_dict	*	3795	egoist
map	spalten_dict	*	3796	altruist
map	spalten_dict	*	3797	Egoismus_vs_Altruismus
map	spalten_dict	*	3798	egoismus
map	spalten_dict	*	3799	altruismus
map	spalten_dict	*	3800	egoist
map	spalten_dict	*	3801	altruist
map	spalten_dict	*	3802	Egoismus_vs_Altruismus
map	spalten_dict	*	3803	egoismus
map	spalten_dict	*	3804	altruismus
map	spalten_dict	*	3805	egoist
map	spalten_dict	*	3806	altruist
map	spalten_dict	*	3807	Egoismus_vs_Altruismus
map	spalten_dict	*	3808	egoismus
map	spalten_dict	*	3809	altruismus
map	spalten_dict	*	3810	egoist
map	spalten_dict	*	3811	altruist
map	spalten_dict	*	3812	kausal
map	spalten_dict	*	3813	geltung
map	spalten_dict	*	3814	genese
map	spalten_dict	*	3815	kausal
map	spalten_dict	*	3816	geltung
map	spalten_dict	*	3817	genese
map	spalten_dict	*	3818	kausal
map	spalten_dict	*	3819	geltung
map	spalten_dict	*	3820	genese
map	spalten_dict	*	3821	kausal
map	spalten_dict	*	3822	geltung
map	spalten_dict	*	3823	genese
map	spalten_dict	*	3824	kausal
map	spalten_dict	*	3825	geltung
map	spalten_dict	*	3826	genese
map	spalten_dict	*	3827	Gleichheit
map	spalten_dict	*	3828	gleich
map	spalten_dict	*	3829	Gleichheit
map	spalten_dict	*	3830	gleich
map	spalten_dict	*	3831	Gleichheit
map	spalten_dict	*	3832	gleich
map	spalten_dict	*	3833	Gleichheit
map	spalten_dict	*	3834	gleich
map	spalten_dict	*	3835	Gleichheit
map	spalten_dict	*	3836	gleich
map	spalten_dict	*	3837	Überleben
map	spalten_dict	*	3838	ueberleben
map	spalten_dict	*	3839	Überleben
map	spalten_dict	*	3840	ueberleben
map	spalten_dict	*	3841	Überleben
map	spalten_dict	*	3842	ueberleben
map	spalten_dict	*	3843	Überleben
map	spalten_dict	*	3844	ueberleben
map	spalten_dict	*	3845	Überleben
map	spalten_dict	*	3846	ueberleben
map	spalten_dict	*	3847	um1
map	spalten_dict	*	3848	um1
map	spalten_dict	*	3849	um2
map	spalten_dict	*	3850	um2
map	spalten_dict	*	3851	um3
map	spalten_dict	*	3852	um3
map	spalten_dict	*	3853	warum_Transzendentalie_=_Strukturgroesse_=_Charakter
map	spalten_dict	*	3854	warumtranszendentaliezustrukturgroesseundcharakter
map	spalten_dict	*	3855	warum_Transzendentalie_=_Strukturgroesse_=_Charakter
map	spalten_dict	*	3856	warumtranszendentaliezustrukturgroesseundcharakter
map	spalten_dict	*	3857	warum_Transzendentalie_=_Komplexität_von_Michael_Commons
map	spalten_dict	*	3858	warumtranszendentaliegleichkomplexitaet
map	spalten_dict	*	3859	warum_Transzendentalie_=_Komplexität_von_Michael_Commons
map	spalten_dict	*	3860	warumtranszendentaliegleichkomplexitaet
map	spalten_dict	*	3861	Rahmen-Bedingungen
map	spalten_dict	*	3862	rahmen
map	spalten_dict	*	3863	Rahmen-Bedingungen
map	spalten_dict	*	3864	rahmen
map	spalten_dict	*	3865	Motive_gleichförmige_Polygone
map	spalten_dict	*	3866	motivgleichfoermig
map	spalten_dict	*	3867	Motive_gleichförmige_Polygone
map	spalten_dict	*	3868	motivgleichfoermig
map	spalten_dict	*	3869	Struktur_gleichförmige_Polygone
map	spalten_dict	*	3870	strukturgleichfoermig
map	spalten_dict	*	3871	Struktur_gleichförmige_Polygone
map	spalten_dict	*	3872	strukturgleichfoermig
map	spalten_dict	*	3873	Motive_Sternpolygone
map	spalten_dict	*	3874	motivstern
map	spalten_dict	*	3875	Motive_Sternpolygone
map	spalten_dict	*	3876	motivstern
map	spalten_dict	*	3877	Struktur_Sternpolygone
map	spalten_dict	*	3878	strukturstern
map	spalten_dict	*	3879	Struktur_Sternpolygone
map	spalten_dict	*	3880	strukturstern
map	spalten_dict	*	3881	Motiv_Sternpolygon_gebrochen-rational
map	spalten_dict	*	3882	motivgebrstern
map	spalten_dict	*	3883	Motiv_Sternpolygon_gebrochen-rational
map	spalten_dict	*	3884	motivgebrstern
map	spalten_dict	*	3885	Struktur_Sternpolyon_gebrochen-rational
map	spalten_dict	*	3886	strukgebrstern
map	spalten_dict	*	3887	Struktur_Sternpolyon_gebrochen-rational
map	spalten_dict	*	3888	strukgebrstern
map	spalten_dict	*	3889	Motiv_gleichförmige_Polygone_gebrochen-rational
map	spalten_dict	*	3890	motivgebrgleichf
map	spalten_dict	*	3891	Motiv_gleichförmige_Polygone_gebrochen-rational
map	spalten_dict	*	3892	motivgebrgleichf
map	spalten_dict	*	3893	Struktur_gleichförmige_Polygone_gebrochen-rational
map	spalten_dict	*	3894	strukgebrgleichf
map	spalten_dict	*	3895	Struktur_gleichförmige_Polygone_gebrochen-rational
map	spalten_dict	*	3896	strukgebrgleichf
map	spalten_dict	*	3897	beschrieben
map	spalten_dict	*	3898	beschrieben
map	spalten_dict	*	3899	Q
map	spalten_dict	*	3900	q
map	spalten_dict	*	3901	Siebzehn
map	spalten_dict	*	3902	Q
map	spalten_dict	*	3903	q
map	spalten_dict	*	3904	Siebzehn
map	spalten_dict	*	3905	AB
map	spalten_dict	*	3906	ab
map	spalten_dict	*	3907	Achtundzwanzig
map	spalten_dict	*	3908	AB
map	spalten_dict	*	3909	ab
map	spalten_dict	*	3910	Achtundzwanzig
map	spalten_dict	*	3911	Z
map	spalten_dict	*	3912	z
map	spalten_dict	*	3913	Sechsundzwanzig
map	spalten_dict	*	3914	Z
map	spalten_dict	*	3915	z
map	spalten_dict	*	3916	Sechsundzwanzig
map	spalten_dict	*	3917	AA
map	spalten_dict	*	3918	aa
map	spalten_dict	*	3919	Sechsundzwanzig
map	spalten_dict	*	3920	AA
map	spalten_dict	*	3921	aa
map	spalten_dict	*	3922	Sechsundzwanzig
map	spalten_dict	*	3923	i
map	spalten_dict	*	3924	I
map	spalten_dict	*	3925	Neun
map	spalten_dict	*	3926	i
map	spalten_dict	*	3927	I
map	spalten_dict	*	3928	Neun
map	spalten_dict	*	3929	G
map	spalten_dict	*	3930	g
map	spalten_dict	*	3931	Sieben
map	spalten_dict	*	3932	G
map	spalten_dict	*	3933	g
map	spalten_dict	*	3934	Sieben
map	spalten_dict	*	3935	J
map	spalten_dict	*	3936	j
map	spalten_dict	*	3937	Zehn
map	spalten_dict	*	3938	J
map	spalten_dict	*	3939	j
map	spalten_dict	*	3940	Zehn
map	spalten_dict	*	3941	k
map	spalten_dict	*	3942	K
map	spalten_dict	*	3943	Elf
map	spalten_dict	*	3944	k
map	spalten_dict	*	3945	K
map	spalten_dict	*	3946	Elf
map	spalten_dict	*	3947	E
map	spalten_dict	*	3948	e
map	spalten_dict	*	3949	Fünf
map	spalten_dict	*	3950	E
map	spalten_dict	*	3951	e
map	spalten_dict	*	3952	Fünf
map	spalten_dict	*	3953	L
map	spalten_dict	*	3954	l
map	spalten_dict	*	3955	Zwölf
map	spalten_dict	*	3956	L
map	spalten_dict	*	3957	l
map	spalten_dict	*	3958	Zwölf
map	spalten_dict	*	3959	AU
map	spalten_dict	*	3960	au
map	spalten_dict	*	3961	Siebenundvierzig
map	spalten_dict	*	3962	AU
map	spalten_dict	*	3963	au
map	spalten_dict	*	3964	Siebenundvierzig
map	spalten_dict	*	3965	AK
map	spalten_dict	*	3966	ak
map	spalten_dict	*	3967	Siebenunddreissig
map	spalten_dict	*	3968	AK
map	spalten_dict	*	3969	ak
map	spalten_dict	*	3970	Siebenunddreissig
map	spalten_dict	*	3971	AE
map	spalten_dict	*	3972	ae
map	spalten_dict	*	3973	Einunddreissig
map	spalten_dict	*	3974	AE
map	spalten_dict	*	3975	ae
map	spalten_dict	*	3976	Einunddreissig
map	spalten_dict	*	3977	AD
map	spalten_dict	*	3978	ad
map	spalten_dict	*	3979	Dreissig
map	spalten_dict	*	3980	AD
map	spalten_dict	*	3981	ad
map	spalten_dict	*	3982	Dreissig
map	spalten_dict	*	3983	Morphismen
map	spalten_dict	*	3984	morphismus
map	spalten_dict	*	3985	Morphismen
map	spalten_dict	*	3986	morphismus
map	spalten_dict	*	3987	Morphismen
map	spalten_dict	*	3988	morphismus
map	spalten_dict	*	3989	Morphismen
map	spalten_dict	*	3990	morphismus
map	spalten_dict	*	3991	Morphismen
map	spalten_dict	*	3992	morphismus
map	spalten_dict	*	3993	Morphismen
map	spalten_dict	*	3994	morphismus
map	spalten_dict	*	3995	Morphismen
map	spalten_dict	*	3996	morphismus
map	spalten_dict	*	3997	Morphismen
map	spalten_dict	*	3998	morphismus
map	spalten_dict	*	3999	Morphismen
map	spalten_dict	*	4000	morphismus
map	spalten_dict	*	4001	AC
map	spalten_dict	*	4002	ac
map	spalten_dict	*	4003	Neunundzwanzig
map	spalten_dict	*	4004	AC
map	spalten_dict	*	4005	ac
map	spalten_dict	*	4006	Neunundzwanzig
map	spalten_dict	*	4007	AT
map	spalten_dict	*	4008	at
map	spalten_dict	*	4009	Sechsundvierzig
map	spalten_dict	*	4010	AT
map	spalten_dict	*	4011	at
map	spalten_dict	*	4012	Sechsundvierzig
map	spalten_dict	*	4013	W
map	spalten_dict	*	4014	w
map	spalten_dict	*	4015	Dreiundzwanzig
map	spalten_dict	*	4016	W
map	spalten_dict	*	4017	w
map	spalten_dict	*	4018	Dreiundzwanzig
map	spalten_dict	*	4019	Y
map	spalten_dict	*	4020	y
map	spalten_dict	*	4021	Fünfundzwanzig
map	spalten_dict	*	4022	Y
map	spalten_dict	*	4023	y
map	spalten_dict	*	4024	Fünfundzwanzig
map	spalten_dict	*	4025	Kontinuen
map	spalten_dict	*	4026	F
map	spalten_dict	*	4027	f
map	spalten_dict	*	4028	Sechs
map	spalten_dict	*	4029	Kontinuen
map	spalten_dict	*	4030	F
map	spalten_dict	*	4031	f
map	spalten_dict	*	4032	Sechs
map	spalten_dict	*	4033	F
map	spalten_dict	*	4034	f
map	spalten_dict	*	4035	Sechs
map	spalten_dict	*	4036	Kontinuen
map	spalten_dict	*	4037	F
map	spalten_dict	*	4038	f
map	spalten_dict	*	4039	Sechs
map	spalten_dict	*	4040	Kontinuen
map	spalten_dict	*	4041	O
map	spalten_dict	*	4042	o
map	spalten_dict	*	4043	Fünfzehn
map	spalten_dict	*	4044	O
map	spalten_dict	*	4045	o
map	spalten_dict	*	4046	Fünfzehn
map	spalten_dict	*	4047	H
map	spalten_dict	*	4048	h
map	spalten_dict	*	4049	Acht
map	spalten_dict	*	4050	H
map	spalten_dict	*	4051	h
map	spalten_dict	*	4052	Acht
map	spalten_dict	*	4053	N
map	spalten_dict	*	4054	n
map	spalten_dict	*	4055	Vierzehn
map	spalten_dict	*	4056	N
map	spalten_dict	*	4057	n
map	spalten_dict	*	4058	Vierzehn
map	spalten_dict	*	4059	M
map	spalten_dict	*	4060	m
map	spalten_dict	*	4061	Dreizehn
map	spalten_dict	*	4062	M
map	spalten_dict	*	4063	m
map	spalten_dict	*	4064	Dreizehn
map	spalten_dict	*	4065	T
map	spalten_dict	*	4066	t
map	spalten_dict	*	4067	Zwanzig
map	spalten_dict	*	4068	T
map	spalten_dict	*	4069	t
map	spalten_dict	*	4070	Zwanzig
map	spalten_dict	*	4071	Religionen_Kraefte_Krieg_der_Sterne_Star_Wars
map	spalten_dict	*	4072	Religionen_Kraefte_Krieg_der_Sterne_Star_Wars
map	spalten_dict	*	4073	P
map	spalten_dict	*	4074	p
map	spalten_dict	*	4075	Sechszehn
map	spalten_dict	*	4076	Dimensionen
map	spalten_dict	*	4077	Multiversum_sind_die_Dimensionen
map	spalten_dict	*	4078	P
map	spalten_dict	*	4079	p
map	spalten_dict	*	4080	Sechszehn
map	spalten_dict	*	4081	Dimensionen
map	spalten_dict	*	4082	Multiversum_sind_die_Dimensionen
map	spalten_dict	*	4083	P5
map	spalten_dict	*	4084	p5
map	spalten_dict	*	4085	Sechszehn->Fünf
map	spalten_dict	*	4086	P5
map	spalten_dict	*	4087	p5
map	spalten_dict	*	4088	Sechszehn->Fünf
map	spalten_dict	*	4089	P5
map	spalten_dict	*	4090	p5
map	spalten_dict	*	4091	Sechszehn->Fünf
map	spalten_dict	*	4092	P5
map	spalten_dict	*	4093	p5
map	spalten_dict	*	4094	Sechszehn->Fünf
map	spalten_dict	*	4095	P
map	spalten_dict	*	4096	p
map	spalten_dict	*	4097	Sechszehn
map	spalten_dict	*	4098	P
map	spalten_dict	*	4099	p
map	spalten_dict	*	4100	Sechszehn
map	spalten_dict	*	4101	X
map	spalten_dict	*	4102	x
map	spalten_dict	*	4103	Vierundzwanzig
map	spalten_dict	*	4104	X
map	spalten_dict	*	4105	x
map	spalten_dict	*	4106	Vierundzwanzig
map	spalten_dict	*	4107	S
map	spalten_dict	*	4108	s
map	spalten_dict	*	4109	Neunzehn
map	spalten_dict	*	4110	S
map	spalten_dict	*	4111	s
map	spalten_dict	*	4112	Neunzehn
map	spalten_dict	*	4113	R
map	spalten_dict	*	4114	r
map	spalten_dict	*	4115	Achtzehn
map	spalten_dict	*	4116	R
map	spalten_dict	*	4117	r
map	spalten_dict	*	4118	Achtzehn
map	spalten_dict	*	4119	A
map	spalten_dict	*	4120	a
map	spalten_dict	*	4121	Eins
map	spalten_dict	*	4122	A
map	spalten_dict	*	4123	a
map	spalten_dict	*	4124	Eins
map	spalten_dict	*	4125	B
map	spalten_dict	*	4126	b
map	spalten_dict	*	4127	Zwei
map	spalten_dict	*	4128	B
map	spalten_dict	*	4129	b
map	spalten_dict	*	4130	Zwei
map	spalten_dict	*	4131	C
map	spalten_dict	*	4132	c
map	spalten_dict	*	4133	Drei
map	spalten_dict	*	4134	C
map	spalten_dict	*	4135	c
map	spalten_dict	*	4136	Drei
map	spalten_dict	*	4137	Konservativismus
map	spalten_dict	*	4138	konservativ
map	spalten_dict	*	4139	Konservativismus
map	spalten_dict	*	4140	konservativ
map	spalten_dict	*	4141	Meisterschaft
map	spalten_dict	*	4142	Professioneller
map	spalten_dict	*	4143	meister
map	spalten_dict	*	4144	profi
map	spalten_dict	*	4145	Meisterschaft
map	spalten_dict	*	4146	Professioneller
map	spalten_dict	*	4147	meister
map	spalten_dict	*	4148	profi
map	spalten_dict	*	4149	Management
map	spalten_dict	*	4150	managen
map	spalten_dict	*	4151	handhaben
map	spalten_dict	*	4152	Management
map	spalten_dict	*	4153	managen
map	spalten_dict	*	4154	handhaben
map	spalten_dict	*	4155	Evolution
map	spalten_dict	*	4156	intelligent_Design
map	spalten_dict	*	4157	Evolution
map	spalten_dict	*	4158	intelligent_Design
map	spalten_dict	*	4159	Karriere
map	spalten_dict	*	4160	karriere
map	spalten_dict	*	4161	Karriere
map	spalten_dict	*	4162	karriere
map	spalten_dict	*	4163	Eliten
map	spalten_dict	*	4164	elite
map	spalten_dict	*	4165	Eliten
map	spalten_dict	*	4166	elite
map	spalten_dict	*	4167	D
map	spalten_dict	*	4168	d
map	spalten_dict	*	4169	Vier
map	spalten_dict	*	4170	D
map	spalten_dict	*	4171	d
map	spalten_dict	*	4172	Vier
map	spalten_dict	wichtigsteverstehen	0	Wichtigste
map	spalten_dict	wichtigsteverstehen	1	wichtigste
map	spalten_dict	wichtigsteverstehen	2	Zweitwichtigste
map	spalten_dict	wichtigsteverstehen	3	zweitwichtigste
map	spalten_dict	wichtigsteverstehen	4	Drittwichtigste
map	spalten_dict	wichtigsteverstehen	5	drittwichtigste
map	spalten_dict	wichtigsteverstehen	6	Motive_Sternpolygone
map	spalten_dict	wichtigsteverstehen	7	viertwichtigste
map	spalten_dict	Menschliches	0	Mensch-zu-Tier
map	spalten_dict	Menschliches	1	menschtier
map	spalten_dict	Menschliches	2	tiermensch
map	spalten_dict	Menschliches	3	Verbrechen_und_Bestrafung
map	spalten_dict	Menschliches	4	kriminell
map	spalten_dict	Menschliches	5	bestrafen
map	spalten_dict	Menschliches	6	Gott_und_Prophet
map	spalten_dict	Menschliches	7	goetter
map	spalten_dict	Menschliches	8	Sinne
map	spalten_dict	Menschliches	9	Superkräfte
map	spalten_dict	Menschliches	10	Superkraefte
map	spalten_dict	Menschliches	11	Formationen
map	spalten_dict	Menschliches	12	Ansichten_Standpunkte_(18_17)
map	spalten_dict	Menschliches	13	ansichten
map	spalten_dict	Menschliches	14	(politische)_Richtungen_(7)
map	spalten_dict	Menschliches	15	richtungen
map	spalten_dict	Menschliches	16	politische
map	spalten_dict	Menschliches	17	Satan_Teufel
map	spalten_dict	Menschliches	18	Bestrafung
map	spalten_dict	Menschliches	19	bestrafen
map	spalten_dict	Menschliches	20	Diplomatie
map	spalten_dict	Menschliches	21	diplomatie
map	spalten_dict	Menschliches	22	lateral
map	spalten_dict	Menschliches	23	Bestrafung
map	spalten_dict	Menschliches	24	weniger_am_Menschen
map	spalten_dict	Menschliches	25	Erlösung
map	spalten_dict	Menschliches	26	Erloesung
map	spalten_dict	Menschliches	27	Gewalt
map	spalten_dict	Menschliches	28	Weltordnung
map	spalten_dict	Menschliches	29	Zeitalter
map	spalten_dict	Menschliches	30	Himmel_Hoelle_Kettenmolekuele
map	spalten_dict	Menschliches	31	Spiele-Genre
map	spalten_dict	Menschliches	32	Land_Laender-Dach-Organisation
map	spalten_dict	Menschliches	33	Ränge
map	spalten_dict	Menschliches	34	raenge
map	spalten_dict	Menschliches	35	Gesellschaftsschicht
map	spalten_dict	Menschliches	36	klasse
map	spalten_dict	Menschliches	37	klassen
map	spalten_dict	Menschliches	38	Moral
map	spalten_dict	Menschliches	39	moral
map	spalten_dict	Menschliches	40	warummoral
map	spalten_dict	Menschliches	41	Fachgebiete
map	spalten_dict	Menschliches	42	fachgebiete
map	spalten_dict	Menschliches	43	fachbereiche
map	spalten_dict	Menschliches	44	themen
map	spalten_dict	Menschliches	45	Sinn_des_Lebens
map	spalten_dict	Menschliches	46	sinndeslebens
map	spalten_dict	Menschliches	47	lebenssinn
map	spalten_dict	Menschliches	48	sinn
map	spalten_dict	Menschliches	49	sinnsuche
map	spalten_dict	Menschliches	50	Intelligenzprobleme
map	spalten_dict	Menschliches	51	intelligenzprobleme
map	spalten_dict	Menschliches	52	intelligenzmaengel
map	spalten_dict	Menschliches	53	intelligenzmängel
map	spalten_dict	Menschliches	54	Denkweise_von_Lebewesen
map	spalten_dict	Menschliches	55	lebewesendenkweise
map	spalten_dict	Menschliches	56	denkweise
map	spalten_dict	Menschliches	57	Gegentranszendentalien
map	spalten_dict	Menschliches	58	gegentranszendentalien
map	spalten_dict	Menschliches	59	gegenstrukturalien
map	spalten_dict	Menschliches	60	Gleichheit_Freiheit
map	spalten_dict	Menschliches	61	gleichheitfreiheit
map	spalten_dict	Menschliches	62	ungleichheit
map	spalten_dict	Menschliches	63	dominieren
map	spalten_dict	Menschliches	64	gleichheit
map	spalten_dict	Menschliches	65	freiheit
map	spalten_dict	Menschliches	66	Gefühle
map	spalten_dict	Menschliches	67	emotionen
map	spalten_dict	Menschliches	68	gefuehle
map	spalten_dict	Menschliches	69	emotion
map	spalten_dict	Menschliches	70	gefühl
map	spalten_dict	Menschliches	71	gefuehl
map	spalten_dict	Menschliches	72	Egoismus
map	spalten_dict	Menschliches	73	egoismus
map	spalten_dict	Menschliches	74	altruismus
map	spalten_dict	Menschliches	75	selbstlosigkeit
map	spalten_dict	Menschliches	76	Wirkung
map	spalten_dict	Menschliches	77	wirkung
map	spalten_dict	Menschliches	78	INCELs
map	spalten_dict	Menschliches	79	incel
map	spalten_dict	Menschliches	80	incels
map	spalten_dict	Menschliches	81	irrationale_Zahlen_durch_Wurzelbildung
map	spalten_dict	Menschliches	82	irrationalezahlendurchwurzelbildung
map	spalten_dict	Menschliches	83	ausgangslage
map	spalten_dict	Menschliches	84	dominierendes_Geschlecht
map	spalten_dict	Menschliches	85	dominierendesgeschlecht
map	spalten_dict	Menschliches	86	maennlich
map	spalten_dict	Menschliches	87	männlich
map	spalten_dict	Menschliches	88	weiblich
map	spalten_dict	Menschliches	89	Liebe
map	spalten_dict	Menschliches	90	liebe
map	spalten_dict	Menschliches	91	ethik
map	spalten_dict	Menschliches	92	Glaube_Erkenntnis
map	spalten_dict	Menschliches	93	glauben
map	spalten_dict	Menschliches	94	erkenntnis
map	spalten_dict	Menschliches	95	glaube
map	spalten_dict	Menschliches	96	Angreifbarkeit
map	spalten_dict	Menschliches	97	angreifbarkeit
map	spalten_dict	Menschliches	98	angreifbar
map	spalten_dict	Menschliches	99	Psychopath_Soziopath
map	spalten_dict	Menschliches	100	sadist
map	spalten_dict	Menschliches	101	psychopath
map	spalten_dict	Menschliches	102	soziopath
map	spalten_dict	Menschliches	103	Verbundenheiten_(18)
map	spalten_dict	Menschliches	104	verbundenheiten
map	spalten_dict	Menschliches	105	Motive
map	spalten_dict	Menschliches	106	motive
map	spalten_dict	Menschliches	107	motivation
map	spalten_dict	Menschliches	108	motiv
map	spalten_dict	Menschliches	109	absicht
map	spalten_dict	Menschliches	110	absichten
map	spalten_dict	Menschliches	111	Gedanken_sind_Positionen_(17)
map	spalten_dict	Menschliches	112	positionen
map	spalten_dict	Menschliches	113	gedanken
map	spalten_dict	Menschliches	114	Bewusstsein_und_Wahrnehmung
map	spalten_dict	Menschliches	115	bewusstsein
map	spalten_dict	Menschliches	116	wahrnehmung
map	spalten_dict	Menschliches	117	Errungenschaften
map	spalten_dict	Menschliches	118	errungenschaften
map	spalten_dict	Menschliches	119	ziele
map	spalten_dict	Menschliches	120	erhalten
map	spalten_dict	Menschliches	121	evolutionär_erwerben_und_Intelligenz_Kreativität
map	spalten_dict	Menschliches	122	evolutionärerwerbenundintelligenz
map	spalten_dict	Menschliches	123	intelligenz
map	spalten_dict	Menschliches	124	erwerben
map	spalten_dict	Menschliches	125	erlernen
map	spalten_dict	Menschliches	126	lernen
map	spalten_dict	Menschliches	127	evolutionaer
map	spalten_dict	Menschliches	128	evolutionär
map	spalten_dict	Menschliches	129	kreativität
map	spalten_dict	Menschliches	130	kreativitaet
map	spalten_dict	Menschliches	131	kreativ
map	spalten_dict	Menschliches	132	brauchen
map	spalten_dict	Menschliches	133	benoetigen
map	spalten_dict	Menschliches	134	benötigen
map	spalten_dict	Menschliches	135	notwendig
map	spalten_dict	Menschliches	136	Krankheit
map	spalten_dict	Menschliches	137	krankheit
map	spalten_dict	Menschliches	138	krankheiten
map	spalten_dict	Menschliches	139	pathologisch
map	spalten_dict	Menschliches	140	pathologie
map	spalten_dict	Menschliches	141	psychiatrisch
map	spalten_dict	Menschliches	142	alpha_beta
map	spalten_dict	Menschliches	143	alphabeta
map	spalten_dict	Menschliches	144	alpha
map	spalten_dict	Menschliches	145	beta
map	spalten_dict	Menschliches	146	omega
map	spalten_dict	Menschliches	147	sigma
map	spalten_dict	Menschliches	148	Anführer_und_Chef
map	spalten_dict	Menschliches	149	anfuehrer_und_boss
map	spalten_dict	Menschliches	150	Biologischer_Baum_(15)
map	spalten_dict	Menschliches	151	Manipulation
map	spalten_dict	Menschliches	152	manipulation
map	spalten_dict	Menschliches	153	Berufe
map	spalten_dict	Menschliches	154	berufe
map	spalten_dict	Menschliches	155	beruf
map	spalten_dict	Menschliches	156	Lösungen
map	spalten_dict	Menschliches	157	lösungen
map	spalten_dict	Menschliches	158	loesungen
map	spalten_dict	Menschliches	159	loesung
map	spalten_dict	Menschliches	160	lösungen
map	spalten_dict	Menschliches	161	Musik
map	spalten_dict	Menschliches	162	musik
map	spalten_dict	Menschliches	163	ehrlich_vs_höflich
map	spalten_dict	Menschliches	164	ehrlich
map	spalten_dict	Menschliches	165	höflich
map	spalten_dict	Menschliches	166	hoeflich
map	spalten_dict	Menschliches	167	Konservativismus
map	spalten_dict	Menschliches	168	konservativ
map	spalten_dict	Menschliches	169	Meisterschaft
map	spalten_dict	Menschliches	170	Professioneller
map	spalten_dict	Menschliches	171	meister
map	spalten_dict	Menschliches	172	profi
map	spalten_dict	Menschliches	173	Management
map	spalten_dict	Menschliches	174	managen
map	spalten_dict	Menschliches	175	handhaben
map	spalten_dict	Menschliches	176	Evolution
map	spalten_dict	Menschliches	177	intelligent_Design
map	spalten_dict	Menschliches	178	Karriere
map	spalten_dict	Menschliches	179	karriere
map	spalten_dict	Menschliches	180	Eliten
map	spalten_dict	Menschliches	181	elite
map	spalten_dict	menschliches	0	Mensch-zu-Tier
map	spalten_dict	menschliches	1	menschtier
map	spalten_dict	menschliches	2	tiermensch
map	spalten_dict	menschliches	3	Verbrechen_und_Bestrafung
map	spalten_dict	menschliches	4	kriminell
map	spalten_dict	menschliches	5	bestrafen
map	spalten_dict	menschliches	6	Gott_und_Prophet
map	spalten_dict	menschliches	7	goetter
map	spalten_dict	menschliches	8	Sinne
map	spalten_dict	menschliches	9	Superkräfte
map	spalten_dict	menschliches	10	Superkraefte
map	spalten_dict	menschliches	11	Formationen
map	spalten_dict	menschliches	12	Ansichten_Standpunkte_(18_17)
map	spalten_dict	menschliches	13	ansichten
map	spalten_dict	menschliches	14	(politische)_Richtungen_(7)
map	spalten_dict	menschliches	15	richtungen
map	spalten_dict	menschliches	16	politische
map	spalten_dict	menschliches	17	Satan_Teufel
map	spalten_dict	menschliches	18	Bestrafung
map	spalten_dict	menschliches	19	bestrafen
map	spalten_dict	menschliches	20	Diplomatie
map	spalten_dict	menschliches	21	diplomatie
map	spalten_dict	menschliches	22	lateral
map	spalten_dict	menschliches	23	Bestrafung
map	spalten_dict	menschliches	24	weniger_am_Menschen
map	spalten_dict	menschliches	25	Erlösung
map	spalten_dict	menschliches	26	Erloesung
map	spalten_dict	menschliches	27	Gewalt
map	spalten_dict	menschliches	28	Weltordnung
map	spalten_dict	menschliches	29	Zeitalter
map	spalten_dict	menschliches	30	Himmel_Hoelle_Kettenmolekuele
map	spalten_dict	menschliches	31	Spiele-Genre
map	spalten_dict	menschliches	32	Land_Laender-Dach-Organisation
map	spalten_dict	menschliches	33	Ränge
map	spalten_dict	menschliches	34	raenge
map	spalten_dict	menschliches	35	Gesellschaftsschicht
map	spalten_dict	menschliches	36	klasse
map	spalten_dict	menschliches	37	klassen
map	spalten_dict	menschliches	38	Moral
map	spalten_dict	menschliches	39	moral
map	spalten_dict	menschliches	40	warummoral
map	spalten_dict	menschliches	41	Fachgebiete
map	spalten_dict	menschliches	42	fachgebiete
map	spalten_dict	menschliches	43	fachbereiche
map	spalten_dict	menschliches	44	themen
map	spalten_dict	menschliches	45	Sinn_des_Lebens
map	spalten_dict	menschliches	46	sinndeslebens
map	spalten_dict	menschliches	47	lebenssinn
map	spalten_dict	menschliches	48	sinn
map	spalten_dict	menschliches	49	sinnsuche
map	spalten_dict	menschliches	50	Intelligenzprobleme
map	spalten_dict	menschliches	51	intelligenzprobleme
map	spalten_dict	menschliches	52	intelligenzmaengel
map	spalten_dict	menschliches	53	intelligenzmängel
map	spalten_dict	menschliches	54	Denkweise_von_Lebewesen
map	spalten_dict	menschliches	55	lebewesendenkweise
map	spalten_dict	menschliches	56	denkweise
map	spalten_dict	menschliches	57	Gegentranszendentalien
map	spalten_dict	menschliches	58	gegentranszendentalien
map	spalten_dict	menschliches	59	gegenstrukturalien
map	spalten_dict	menschliches	60	Gleichheit_Freiheit
map	spalten_dict	menschliches	61	gleichheitfreiheit
map	spalten_dict	menschliches	62	ungleichheit
map	spalten_dict	menschliches	63	dominieren
map	spalten_dict	menschliches	64	gleichheit
map	spalten_dict	menschliches	65	freiheit
map	spalten_dict	menschliches	66	Gefühle
map	spalten_dict	menschliches	67	emotionen
map	spalten_dict	menschliches	68	gefuehle
map	spalten_dict	menschliches	69	emotion
map	spalten_dict	menschliches	70	gefühl
map	spalten_dict	menschliches	71	gefuehl
map	spalten_dict	menschliches	72	Egoismus
map	spalten_dict	menschliches	73	egoismus
map	spalten_dict	menschliches	74	altruismus
map	spalten_dict	menschliches	75	selbstlosigkeit
map	spalten_dict	menschliches	76	Wirkung
map	spalten_dict	menschliches	77	wirkung
map	spalten_dict	menschliches	78	INCELs
map	spalten_dict	menschliches	79	incel
map	spalten_dict	menschliches	80	incels
map	spalten_dict	menschliches	81	irrationale_Zahlen_durch_Wurzelbildung
map	spalten_dict	menschliches	82	irrationalezahlendurchwurzelbildung
map	spalten_dict	menschliches	83	ausgangslage
map	spalten_dict	menschliches	84	dominierendes_Geschlecht
map	spalten_dict	menschliches	85	dominierendesgeschlecht
map	spalten_dict	menschliches	86	maennlich
map	spalten_dict	menschliches	87	männlich
map	spalten_dict	menschliches	88	weiblich
map	spalten_dict	menschliches	89	Liebe
map	spalten_dict	menschliches	90	liebe
map	spalten_dict	menschliches	91	ethik
map	spalten_dict	menschliches	92	Glaube_Erkenntnis
map	spalten_dict	menschliches	93	glauben
map	spalten_dict	menschliches	94	erkenntnis
map	spalten_dict	menschliches	95	glaube
map	spalten_dict	menschliches	96	Angreifbarkeit
map	spalten_dict	menschliches	97	angreifbarkeit
map	spalten_dict	menschliches	98	angreifbar
map	spalten_dict	menschliches	99	Psychopath_Soziopath
map	spalten_dict	menschliches	100	sadist
map	spalten_dict	menschliches	101	psychopath
map	spalten_dict	menschliches	102	soziopath
map	spalten_dict	menschliches	103	Verbundenheiten_(18)
map	spalten_dict	menschliches	104	verbundenheiten
map	spalten_dict	menschliches	105	Motive
map	spalten_dict	menschliches	106	motive
map	spalten_dict	menschliches	107	motivation
map	spalten_dict	menschliches	108	motiv
map	spalten_dict	menschliches	109	absicht
map	spalten_dict	menschliches	110	absichten
map	spalten_dict	menschliches	111	Gedanken_sind_Positionen_(17)
map	spalten_dict	menschliches	112	positionen
map	spalten_dict	menschliches	113	gedanken
map	spalten_dict	menschliches	114	Bewusstsein_und_Wahrnehmung
map	spalten_dict	menschliches	115	bewusstsein
map	spalten_dict	menschliches	116	wahrnehmung
map	spalten_dict	menschliches	117	Errungenschaften
map	spalten_dict	menschliches	118	errungenschaften
map	spalten_dict	menschliches	119	ziele
map	spalten_dict	menschliches	120	erhalten
map	spalten_dict	menschliches	121	evolutionär_erwerben_und_Intelligenz_Kreativität
map	spalten_dict	menschliches	122	evolutionärerwerbenundintelligenz
map	spalten_dict	menschliches	123	intelligenz
map	spalten_dict	menschliches	124	erwerben
map	spalten_dict	menschliches	125	erlernen
map	spalten_dict	menschliches	126	lernen
map	spalten_dict	menschliches	127	evolutionaer
map	spalten_dict	menschliches	128	evolutionär
map	spalten_dict	menschliches	129	kreativität
map	spalten_dict	menschliches	130	kreativitaet
map	spalten_dict	menschliches	131	kreativ
map	spalten_dict	menschliches	132	brauchen
map	spalten_dict	menschliches	133	benoetigen
map	spalten_dict	menschliches	134	benötigen
map	spalten_dict	menschliches	135	notwendig
map	spalten_dict	menschliches	136	Krankheit
map	spalten_dict	menschliches	137	krankheit
map	spalten_dict	menschliches	138	krankheiten
map	spalten_dict	menschliches	139	pathologisch
map	spalten_dict	menschliches	140	pathologie
map	spalten_dict	menschliches	141	psychiatrisch
map	spalten_dict	menschliches	142	alpha_beta
map	spalten_dict	menschliches	143	alphabeta
map	spalten_dict	menschliches	144	alpha
map	spalten_dict	menschliches	145	beta
map	spalten_dict	menschliches	146	omega
map	spalten_dict	menschliches	147	sigma
map	spalten_dict	menschliches	148	Anführer_und_Chef
map	spalten_dict	menschliches	149	anfuehrer_und_boss
map	spalten_dict	menschliches	150	Biologischer_Baum_(15)
map	spalten_dict	menschliches	151	Manipulation
map	spalten_dict	menschliches	152	manipulation
map	spalten_dict	menschliches	153	Berufe
map	spalten_dict	menschliches	154	berufe
map	spalten_dict	menschliches	155	beruf
map	spalten_dict	menschliches	156	Lösungen
map	spalten_dict	menschliches	157	lösungen
map	spalten_dict	menschliches	158	loesungen
map	spalten_dict	menschliches	159	loesung
map	spalten_dict	menschliches	160	lösungen
map	spalten_dict	menschliches	161	Musik
map	spalten_dict	menschliches	162	musik
map	spalten_dict	menschliches	163	ehrlich_vs_höflich
map	spalten_dict	menschliches	164	ehrlich
map	spalten_dict	menschliches	165	höflich
map	spalten_dict	menschliches	166	hoeflich
map	spalten_dict	menschliches	167	Konservativismus
map	spalten_dict	menschliches	168	konservativ
map	spalten_dict	menschliches	169	Meisterschaft
map	spalten_dict	menschliches	170	Professioneller
map	spalten_dict	menschliches	171	meister
map	spalten_dict	menschliches	172	profi
map	spalten_dict	menschliches	173	Management
map	spalten_dict	menschliches	174	managen
map	spalten_dict	menschliches	175	handhaben
map	spalten_dict	menschliches	176	Evolution
map	spalten_dict	menschliches	177	intelligent_Design
map	spalten_dict	menschliches	178	Karriere
map	spalten_dict	menschliches	179	karriere
map	spalten_dict	menschliches	180	Eliten
map	spalten_dict	menschliches	181	elite
map	spalten_dict	Herrschaft	0	Galaxienclusterherrschaft
map	spalten_dict	Herrschaft	1	cluster
map	spalten_dict	Herrschaft	2	interglaktisch
map	spalten_dict	Herrschaft	3	Herrschaftsformen
map	spalten_dict	Herrschaft	4	formen
map	spalten_dict	Herrschaft	5	Strukturgroesse
map	spalten_dict	Herrschaft	6	groesse
map	spalten_dict	Herrschaft	7	Größe
map	spalten_dict	Herrschaft	8	Orbit-Herrschafts
map	spalten_dict	Herrschaft	9	orbit
map	spalten_dict	Herrschaft	10	Massenmedien
map	spalten_dict	Herrschaft	11	Satelliten
map	spalten_dict	Herrschaft	12	Herrschafts_Datenstruktur
map	spalten_dict	Herrschaft	13	struktur
map	spalten_dict	Herrschaft	14	Sternen_System
map	spalten_dict	Herrschaft	15	sonne
map	spalten_dict	Herrschaft	16	Galaxieherrschaft
map	spalten_dict	Herrschaft	17	Galaxie
map	spalten_dict	Herrschaft	18	galaxie
map	spalten_dict	Herrschaft	19	abstrakte_Herrschaft
map	spalten_dict	Herrschaft	20	abstrakt
map	spalten_dict	Herrschaft	21	Spezies
map	spalten_dict	Herrschaft	22	Speziesherrschaftsformen
map	spalten_dict	Herrschaft	23	Planetenherrschaft
map	spalten_dict	Herrschaft	24	planet
map	spalten_dict	Herrschaft	25	Planetenkorrektur
map	spalten_dict	macht	0	Galaxienclusterherrschaft
map	spalten_dict	macht	1	cluster
map	spalten_dict	macht	2	interglaktisch
map	spalten_dict	macht	3	Herrschaftsformen
map	spalten_dict	macht	4	formen
map	spalten_dict	macht	5	Strukturgroesse
map	spalten_dict	macht	6	groesse
map	spalten_dict	macht	7	Größe
map	spalten_dict	macht	8	Orbit-Herrschafts
map	spalten_dict	macht	9	orbit
map	spalten_dict	macht	10	Massenmedien
map	spalten_dict	macht	11	Satelliten
map	spalten_dict	macht	12	Herrschafts_Datenstruktur
map	spalten_dict	macht	13	struktur
map	spalten_dict	macht	14	Sternen_System
map	spalten_dict	macht	15	sonne
map	spalten_dict	macht	16	Galaxieherrschaft
map	spalten_dict	macht	17	Galaxie
map	spalten_dict	macht	18	galaxie
map	spalten_dict	macht	19	abstrakte_Herrschaft
map	spalten_dict	macht	20	abstrakt
map	spalten_dict	macht	21	Spezies
map	spalten_dict	macht	22	Speziesherrschaftsformen
map	spalten_dict	macht	23	Planetenherrschaft
map	spalten_dict	macht	24	planet
map	spalten_dict	macht	25	Planetenkorrektur
map	spalten_dict	MetaMetaPhysik_und_MetaChemie	0	Meta_Meta_Physik_Einteilungen
map	spalten_dict	MetaMetaPhysik_und_MetaChemie	1	Kybernetik_und_Meta_Chemie
map	spalten_dict	MetaMetaPhysik_und_MetaChemie	2	kybernetik
map	spalten_dict	MetaMetaPhysik_und_MetaChemie	3	metachemie
map	spalten_dict	Universum	0	Winkel
map	spalten_dict	Universum	1	winkel
map	spalten_dict	Universum	2	Logik
map	spalten_dict	Universum	3	logik
map	spalten_dict	Universum	4	Objekte
map	spalten_dict	Universum	5	objekt
map	spalten_dict	Universum	6	Evolution_vs_Design_intelligent
map	spalten_dict	Universum	7	Entwicklungs_Stadium_Spezies
map	spalten_dict	Universum	8	Spezies_Entwicklung
map	spalten_dict	Universum	9	Teilchen_anderes_Universum
map	spalten_dict	Universum	10	Zusammenhang_Gehirn_Kosmos_Universum
map	spalten_dict	Universum	11	Zahlenarten
map	spalten_dict	Universum	12	zahlen
map	spalten_dict	Universum	13	nummern
map	spalten_dict	Universum	14	Farben
map	spalten_dict	Universum	15	künstliches_Leben_(15)
map	spalten_dict	Universum	16	künstlichesleben
map	spalten_dict	Universum	17	grosseki
map	spalten_dict	Universum	18	Software-Lizenzen_akademische_Grade
map	spalten_dict	Universum	19	softwarelizenz
map	spalten_dict	Universum	20	akademischeGrade
map	spalten_dict	Universum	21	Strategie_Taktik_(15m8)
map	spalten_dict	Universum	22	strategie
map	spalten_dict	Universum	23	taktik
map	spalten_dict	Universum	24	Universelles_Verhältnis_gleicher_Zahlen
map	spalten_dict	Universum	25	verhaeltnisgleicherzahl
map	spalten_dict	Universum	26	universelles_Recht
map	spalten_dict	Universum	27	recht
map	spalten_dict	Universum	28	jura
map	spalten_dict	Universum	29	sowas_wie_Kombinieren_Verknüpfen
map	spalten_dict	Universum	30	kombinierenetc
map	spalten_dict	Universum	31	Hochzüchten
map	spalten_dict	Universum	32	hochzüchten
map	spalten_dict	Universum	33	hochzuechten
map	spalten_dict	Universum	34	Teilchen-Meta-Physik
map	spalten_dict	Universum	35	keine_Nur-Paradigma-Religionen
map	spalten_dict	Universum	36	metaparadigmareligion
map	spalten_dict	Universum	37	Kugeln_Kreise
map	spalten_dict	Universum	38	kugelnkreise
map	spalten_dict	Universum	39	kugeln
map	spalten_dict	Universum	40	kreise
map	spalten_dict	Universum	41	analytische_Ontologie
map	spalten_dict	Universum	42	analytischeontologie
map	spalten_dict	Universum	43	ontologie
map	spalten_dict	Universum	44	Gegentranszendentalien
map	spalten_dict	Universum	45	gegentranszendentalien
map	spalten_dict	Universum	46	gegentranszendentalie
map	spalten_dict	Universum	47	gegenstrukturalien
map	spalten_dict	Universum	48	gegenalien
map	spalten_dict	Universum	49	gegenuniversalien
map	spalten_dict	Universum	50	Systemsachen
map	spalten_dict	Universum	51	systemsachen
map	spalten_dict	Universum	52	Transzendentalien
map	spalten_dict	Universum	53	transzendentalien
map	spalten_dict	Universum	54	transzendentalie
map	spalten_dict	Universum	55	strukturalien
map	spalten_dict	Universum	56	alien
map	spalten_dict	Universum	57	universalien
map	spalten_dict	Universum	58	Reziproke_von_Transzendentalien
map	spalten_dict	Universum	59	transzendentalienreziproke
map	spalten_dict	Universum	60	transzendentaliereziproke
map	spalten_dict	Universum	61	strukturalienreziproke
map	spalten_dict	Universum	62	alienreziproke
map	spalten_dict	Universum	63	universalienreziproke
map	spalten_dict	Universum	64	Netzwerk
map	spalten_dict	Universum	65	netzwerk
map	spalten_dict	Universum	66	warum_Transzendentalie_=_Strukturgroesse_=_Charakter
map	spalten_dict	Universum	67	warumtranszendentaliezustrukturgroesseundcharakter
map	spalten_dict	Universum	68	Kategorie
map	spalten_dict	Universum	69	kategorie
map	spalten_dict	Universum	70	Raum-Missionen
map	spalten_dict	Universum	71	weltall
map	spalten_dict	Universum	72	Programmier-Paradigmen
map	spalten_dict	Universum	73	programmierparadigmen
map	spalten_dict	Universum	74	Geist__(15)
map	spalten_dict	Universum	75	geist
map	spalten_dict	Universum	76	warum_Transzendentalie_=_Komplexität_von_Michael_Commons
map	spalten_dict	Universum	77	warumtranszendentaliegleichkomplexitaet
map	spalten_dict	Universum	78	Model_of_Hierarchical_Complexity
map	spalten_dict	Universum	79	modelofhierarchicalcomplexity
map	spalten_dict	Universum	80	komplex
map	spalten_dict	Universum	81	komplexität
map	spalten_dict	Universum	82	komplexitaet
map	spalten_dict	Universum	83	complexity
map	spalten_dict	Universum	84	model
map	spalten_dict	Universum	85	abstraktion
map	spalten_dict	Universum	86	Spezies_Typofikation
map	spalten_dict	Universum	87	spezies
map	spalten_dict	Universum	88	Biologischer_Baum_(15)
map	spalten_dict	Universum	89	Morphismen
map	spalten_dict	Universum	90	morphismus
map	spalten_dict	universum	0	Winkel
map	spalten_dict	universum	1	winkel
map	spalten_dict	universum	2	Logik
map	spalten_dict	universum	3	logik
map	spalten_dict	universum	4	Objekte
map	spalten_dict	universum	5	objekt
map	spalten_dict	universum	6	Evolution_vs_Design_intelligent
map	spalten_dict	universum	7	Entwicklungs_Stadium_Spezies
map	spalten_dict	universum	8	Spezies_Entwicklung
map	spalten_dict	universum	9	Teilchen_anderes_Universum
map	spalten_dict	universum	10	Zusammenhang_Gehirn_Kosmos_Universum
map	spalten_dict	universum	11	Zahlenarten
map	spalten_dict	universum	12	zahlen
map	spalten_dict	universum	13	nummern
map	spalten_dict	universum	14	Farben
map	spalten_dict	universum	15	künstliches_Leben_(15)
map	spalten_dict	universum	16	künstlichesleben
map	spalten_dict	universum	17	grosseki
map	spalten_dict	universum	18	Software-Lizenzen_akademische_Grade
map	spalten_dict	universum	19	softwarelizenz
map	spalten_dict	universum	20	akademischeGrade
map	spalten_dict	universum	21	Strategie_Taktik_(15m8)
map	spalten_dict	universum	22	strategie
map	spalten_dict	universum	23	taktik
map	spalten_dict	universum	24	Universelles_Verhältnis_gleicher_Zahlen
map	spalten_dict	universum	25	verhaeltnisgleicherzahl
map	spalten_dict	universum	26	universelles_Recht
map	spalten_dict	universum	27	recht
map	spalten_dict	universum	28	jura
map	spalten_dict	universum	29	sowas_wie_Kombinieren_Verknüpfen
map	spalten_dict	universum	30	kombinierenetc
map	spalten_dict	universum	31	Hochzüchten
map	spalten_dict	universum	32	hochzüchten
map	spalten_dict	universum	33	hochzuechten
map	spalten_dict	universum	34	Teilchen-Meta-Physik
map	spalten_dict	universum	35	keine_Nur-Paradigma-Religionen
map	spalten_dict	universum	36	metaparadigmareligion
map	spalten_dict	universum	37	Kugeln_Kreise
map	spalten_dict	universum	38	kugelnkreise
map	spalten_dict	universum	39	kugeln
map	spalten_dict	universum	40	kreise
map	spalten_dict	universum	41	analytische_Ontologie
map	spalten_dict	universum	42	analytischeontologie
map	spalten_dict	universum	43	ontologie
map	spalten_dict	universum	44	Gegentranszendentalien
map	spalten_dict	universum	45	gegentranszendentalien
map	spalten_dict	universum	46	gegentranszendentalie
map	spalten_dict	universum	47	gegenstrukturalien
map	spalten_dict	universum	48	gegenalien
map	spalten_dict	universum	49	gegenuniversalien
map	spalten_dict	universum	50	Systemsachen
map	spalten_dict	universum	51	systemsachen
map	spalten_dict	universum	52	Transzendentalien
map	spalten_dict	universum	53	transzendentalien
map	spalten_dict	universum	54	transzendentalie
map	spalten_dict	universum	55	strukturalien
map	spalten_dict	universum	56	alien
map	spalten_dict	universum	57	universalien
map	spalten_dict	universum	58	Reziproke_von_Transzendentalien
map	spalten_dict	universum	59	transzendentalienreziproke
map	spalten_dict	universum	60	transzendentaliereziproke
map	spalten_dict	universum	61	strukturalienreziproke
map	spalten_dict	universum	62	alienreziproke
map	spalten_dict	universum	63	universalienreziproke
map	spalten_dict	universum	64	Netzwerk
map	spalten_dict	universum	65	netzwerk
map	spalten_dict	universum	66	warum_Transzendentalie_=_Strukturgroesse_=_Charakter
map	spalten_dict	universum	67	warumtranszendentaliezustrukturgroesseundcharakter
map	spalten_dict	universum	68	Kategorie
map	spalten_dict	universum	69	kategorie
map	spalten_dict	universum	70	Raum-Missionen
map	spalten_dict	universum	71	weltall
map	spalten_dict	universum	72	Programmier-Paradigmen
map	spalten_dict	universum	73	programmierparadigmen
map	spalten_dict	universum	74	Geist__(15)
map	spalten_dict	universum	75	geist
map	spalten_dict	universum	76	warum_Transzendentalie_=_Komplexität_von_Michael_Commons
map	spalten_dict	universum	77	warumtranszendentaliegleichkomplexitaet
map	spalten_dict	universum	78	Model_of_Hierarchical_Complexity
map	spalten_dict	universum	79	modelofhierarchicalcomplexity
map	spalten_dict	universum	80	komplex
map	spalten_dict	universum	81	komplexität
map	spalten_dict	universum	82	komplexitaet
map	spalten_dict	universum	83	complexity
map	spalten_dict	universum	84	model
map	spalten_dict	universum	85	abstraktion
map	spalten_dict	universum	86	Spezies_Typofikation
map	spalten_dict	universum	87	spezies
map	spalten_dict	universum	88	Biologischer_Baum_(15)
map	spalten_dict	universum	89	Morphismen
map	spalten_dict	universum	90	morphismus
map	spalten_dict	transzendentalien	0	Winkel
map	spalten_dict	transzendentalien	1	winkel
map	spalten_dict	transzendentalien	2	Logik
map	spalten_dict	transzendentalien	3	logik
map	spalten_dict	transzendentalien	4	Objekte
map	spalten_dict	transzendentalien	5	objekt
map	spalten_dict	transzendentalien	6	Evolution_vs_Design_intelligent
map	spalten_dict	transzendentalien	7	Entwicklungs_Stadium_Spezies
map	spalten_dict	transzendentalien	8	Spezies_Entwicklung
map	spalten_dict	transzendentalien	9	Teilchen_anderes_Universum
map	spalten_dict	transzendentalien	10	Zusammenhang_Gehirn_Kosmos_Universum
map	spalten_dict	transzendentalien	11	Zahlenarten
map	spalten_dict	transzendentalien	12	zahlen
map	spalten_dict	transzendentalien	13	nummern
map	spalten_dict	transzendentalien	14	Farben
map	spalten_dict	transzendentalien	15	künstliches_Leben_(15)
map	spalten_dict	transzendentalien	16	künstlichesleben
map	spalten_dict	transzendentalien	17	grosseki
map	spalten_dict	transzendentalien	18	Software-Lizenzen_akademische_Grade
map	spalten_dict	transzendentalien	19	softwarelizenz
map	spalten_dict	transzendentalien	20	akademischeGrade
map	spalten_dict	transzendentalien	21	Strategie_Taktik_(15m8)
map	spalten_dict	transzendentalien	22	strategie
map	spalten_dict	transzendentalien	23	taktik
map	spalten_dict	transzendentalien	24	Universelles_Verhältnis_gleicher_Zahlen
map	spalten_dict	transzendentalien	25	verhaeltnisgleicherzahl
map	spalten_dict	transzendentalien	26	universelles_Recht
map	spalten_dict	transzendentalien	27	recht
map	spalten_dict	transzendentalien	28	jura
map	spalten_dict	transzendentalien	29	sowas_wie_Kombinieren_Verknüpfen
map	spalten_dict	transzendentalien	30	kombinierenetc
map	spalten_dict	transzendentalien	31	Hochzüchten
map	spalten_dict	transzendentalien	32	hochzüchten
map	spalten_dict	transzendentalien	33	hochzuechten
map	spalten_dict	transzendentalien	34	Teilchen-Meta-Physik
map	spalten_dict	transzendentalien	35	keine_Nur-Paradigma-Religionen
map	spalten_dict	transzendentalien	36	metaparadigmareligion
map	spalten_dict	transzendentalien	37	Kugeln_Kreise
map	spalten_dict	transzendentalien	38	kugelnkreise
map	spalten_dict	transzendentalien	39	kugeln
map	spalten_dict	transzendentalien	40	kreise
map	spalten_dict	transzendentalien	41	analytische_Ontologie
map	spalten_dict	transzendentalien	42	analytischeontologie
map	spalten_dict	transzendentalien	43	ontologie
map	spalten_dict	transzendentalien	44	Gegentranszendentalien
map	spalten_dict	transzendentalien	45	gegentranszendentalien
map	spalten_dict	transzendentalien	46	gegentranszendentalie
map	spalten_dict	transzendentalien	47	gegenstrukturalien
map	spalten_dict	transzendentalien	48	gegenalien
map	spalten_dict	transzendentalien	49	gegenuniversalien
map	spalten_dict	transzendentalien	50	Systemsachen
map	spalten_dict	transzendentalien	51	systemsachen
map	spalten_dict	transzendentalien	52	Transzendentalien
map	spalten_dict	transzendentalien	53	transzendentalien
map	spalten_dict	transzendentalien	54	transzendentalie
map	spalten_dict	transzendentalien	55	strukturalien
map	spalten_dict	transzendentalien	56	alien
map	spalten_dict	transzendentalien	57	universalien
map	spalten_dict	transzendentalien	58	Reziproke_von_Transzendentalien
map	spalten_dict	transzendentalien	59	transzendentalienreziproke
map	spalten_dict	transzendentalien	60	transzendentaliereziproke
map	spalten_dict	transzendentalien	61	strukturalienreziproke
map	spalten_dict	transzendentalien	62	alienreziproke
map	spalten_dict	transzendentalien	63	universalienreziproke
map	spalten_dict	transzendentalien	64	Netzwerk
map	spalten_dict	transzendentalien	65	netzwerk
map	spalten_dict	transzendentalien	66	warum_Transzendentalie_=_Strukturgroesse_=_Charakter
map	spalten_dict	transzendentalien	67	warumtranszendentaliezustrukturgroesseundcharakter
map	spalten_dict	transzendentalien	68	Kategorie
map	spalten_dict	transzendentalien	69	kategorie
map	spalten_dict	transzendentalien	70	Raum-Missionen
map	spalten_dict	transzendentalien	71	weltall
map	spalten_dict	transzendentalien	72	Programmier-Paradigmen
map	spalten_dict	transzendentalien	73	programmierparadigmen
map	spalten_dict	transzendentalien	74	Geist__(15)
map	spalten_dict	transzendentalien	75	geist
map	spalten_dict	transzendentalien	76	warum_Transzendentalie_=_Komplexität_von_Michael_Commons
map	spalten_dict	transzendentalien	77	warumtranszendentaliegleichkomplexitaet
map	spalten_dict	transzendentalien	78	Model_of_Hierarchical_Complexity
map	spalten_dict	transzendentalien	79	modelofhierarchicalcomplexity
map	spalten_dict	transzendentalien	80	komplex
map	spalten_dict	transzendentalien	81	komplexität
map	spalten_dict	transzendentalien	82	komplexitaet
map	spalten_dict	transzendentalien	83	complexity
map	spalten_dict	transzendentalien	84	model
map	spalten_dict	transzendentalien	85	abstraktion
map	spalten_dict	transzendentalien	86	Spezies_Typofikation
map	spalten_dict	transzendentalien	87	spezies
map	spalten_dict	transzendentalien	88	Biologischer_Baum_(15)
map	spalten_dict	transzendentalien	89	Morphismen
map	spalten_dict	transzendentalien	90	morphismus
map	spalten_dict	strukturalien	0	Winkel
map	spalten_dict	strukturalien	1	winkel
map	spalten_dict	strukturalien	2	Logik
map	spalten_dict	strukturalien	3	logik
map	spalten_dict	strukturalien	4	Objekte
map	spalten_dict	strukturalien	5	objekt
map	spalten_dict	strukturalien	6	Evolution_vs_Design_intelligent
map	spalten_dict	strukturalien	7	Entwicklungs_Stadium_Spezies
map	spalten_dict	strukturalien	8	Spezies_Entwicklung
map	spalten_dict	strukturalien	9	Teilchen_anderes_Universum
map	spalten_dict	strukturalien	10	Zusammenhang_Gehirn_Kosmos_Universum
map	spalten_dict	strukturalien	11	Zahlenarten
map	spalten_dict	strukturalien	12	zahlen
map	spalten_dict	strukturalien	13	nummern
map	spalten_dict	strukturalien	14	Farben
map	spalten_dict	strukturalien	15	künstliches_Leben_(15)
map	spalten_dict	strukturalien	16	künstlichesleben
map	spalten_dict	strukturalien	17	grosseki
map	spalten_dict	strukturalien	18	Software-Lizenzen_akademische_Grade
map	spalten_dict	strukturalien	19	softwarelizenz
map	spalten_dict	strukturalien	20	akademischeGrade
map	spalten_dict	strukturalien	21	Strategie_Taktik_(15m8)
map	spalten_dict	strukturalien	22	strategie
map	spalten_dict	strukturalien	23	taktik
map	spalten_dict	strukturalien	24	Universelles_Verhältnis_gleicher_Zahlen
map	spalten_dict	strukturalien	25	verhaeltnisgleicherzahl
map	spalten_dict	strukturalien	26	universelles_Recht
map	spalten_dict	strukturalien	27	recht
map	spalten_dict	strukturalien	28	jura
map	spalten_dict	strukturalien	29	sowas_wie_Kombinieren_Verknüpfen
map	spalten_dict	strukturalien	30	kombinierenetc
map	spalten_dict	strukturalien	31	Hochzüchten
map	spalten_dict	strukturalien	32	hochzüchten
map	spalten_dict	strukturalien	33	hochzuechten
map	spalten_dict	strukturalien	34	Teilchen-Meta-Physik
map	spalten_dict	strukturalien	35	keine_Nur-Paradigma-Religionen
map	spalten_dict	strukturalien	36	metaparadigmareligion
map	spalten_dict	strukturalien	37	Kugeln_Kreise
map	spalten_dict	strukturalien	38	kugelnkreise
map	spalten_dict	strukturalien	39	kugeln
map	spalten_dict	strukturalien	40	kreise
map	spalten_dict	strukturalien	41	analytische_Ontologie
map	spalten_dict	strukturalien	42	analytischeontologie
map	spalten_dict	strukturalien	43	ontologie
map	spalten_dict	strukturalien	44	Gegentranszendentalien
map	spalten_dict	strukturalien	45	gegentranszendentalien
map	spalten_dict	strukturalien	46	gegentranszendentalie
map	spalten_dict	strukturalien	47	gegenstrukturalien
map	spalten_dict	strukturalien	48	gegenalien
map	spalten_dict	strukturalien	49	gegenuniversalien
map	spalten_dict	strukturalien	50	Systemsachen
map	spalten_dict	strukturalien	51	systemsachen
map	spalten_dict	strukturalien	52	Transzendentalien
map	spalten_dict	strukturalien	53	transzendentalien
map	spalten_dict	strukturalien	54	transzendentalie
map	spalten_dict	strukturalien	55	strukturalien
map	spalten_dict	strukturalien	56	alien
map	spalten_dict	strukturalien	57	universalien
map	spalten_dict	strukturalien	58	Reziproke_von_Transzendentalien
map	spalten_dict	strukturalien	59	transzendentalienreziproke
map	spalten_dict	strukturalien	60	transzendentaliereziproke
map	spalten_dict	strukturalien	61	strukturalienreziproke
map	spalten_dict	strukturalien	62	alienreziproke
map	spalten_dict	strukturalien	63	universalienreziproke
map	spalten_dict	strukturalien	64	Netzwerk
map	spalten_dict	strukturalien	65	netzwerk
map	spalten_dict	strukturalien	66	warum_Transzendentalie_=_Strukturgroesse_=_Charakter
map	spalten_dict	strukturalien	67	warumtranszendentaliezustrukturgroesseundcharakter
map	spalten_dict	strukturalien	68	Kategorie
map	spalten_dict	strukturalien	69	kategorie
map	spalten_dict	strukturalien	70	Raum-Missionen
map	spalten_dict	strukturalien	71	weltall
map	spalten_dict	strukturalien	72	Programmier-Paradigmen
map	spalten_dict	strukturalien	73	programmierparadigmen
map	spalten_dict	strukturalien	74	Geist__(15)
map	spalten_dict	strukturalien	75	geist
map	spalten_dict	strukturalien	76	warum_Transzendentalie_=_Komplexität_von_Michael_Commons
map	spalten_dict	strukturalien	77	warumtranszendentaliegleichkomplexitaet
map	spalten_dict	strukturalien	78	Model_of_Hierarchical_Complexity
map	spalten_dict	strukturalien	79	modelofhierarchicalcomplexity
map	spalten_dict	strukturalien	80	komplex
map	spalten_dict	strukturalien	81	komplexität
map	spalten_dict	strukturalien	82	komplexitaet
map	spalten_dict	strukturalien	83	complexity
map	spalten_dict	strukturalien	84	model
map	spalten_dict	strukturalien	85	abstraktion
map	spalten_dict	strukturalien	86	Spezies_Typofikation
map	spalten_dict	strukturalien	87	spezies
map	spalten_dict	strukturalien	88	Biologischer_Baum_(15)
map	spalten_dict	strukturalien	89	Morphismen
map	spalten_dict	strukturalien	90	morphismus
map	spalten_dict	kugel	0	Winkel
map	spalten_dict	kugel	1	winkel
map	spalten_dict	kugel	2	Logik
map	spalten_dict	kugel	3	logik
map	spalten_dict	kugel	4	Objekte
map	spalten_dict	kugel	5	objekt
map	spalten_dict	kugel	6	Evolution_vs_Design_intelligent
map	spalten_dict	kugel	7	Entwicklungs_Stadium_Spezies
map	spalten_dict	kugel	8	Spezies_Entwicklung
map	spalten_dict	kugel	9	Teilchen_anderes_Universum
map	spalten_dict	kugel	10	Zusammenhang_Gehirn_Kosmos_Universum
map	spalten_dict	kugel	11	Zahlenarten
map	spalten_dict	kugel	12	zahlen
map	spalten_dict	kugel	13	nummern
map	spalten_dict	kugel	14	Farben
map	spalten_dict	kugel	15	künstliches_Leben_(15)
map	spalten_dict	kugel	16	künstlichesleben
map	spalten_dict	kugel	17	grosseki
map	spalten_dict	kugel	18	Software-Lizenzen_akademische_Grade
map	spalten_dict	kugel	19	softwarelizenz
map	spalten_dict	kugel	20	akademischeGrade
map	spalten_dict	kugel	21	Strategie_Taktik_(15m8)
map	spalten_dict	kugel	22	strategie
map	spalten_dict	kugel	23	taktik
map	spalten_dict	kugel	24	Universelles_Verhältnis_gleicher_Zahlen
map	spalten_dict	kugel	25	verhaeltnisgleicherzahl
map	spalten_dict	kugel	26	universelles_Recht
map	spalten_dict	kugel	27	recht
map	spalten_dict	kugel	28	jura
map	spalten_dict	kugel	29	sowas_wie_Kombinieren_Verknüpfen
map	spalten_dict	kugel	30	kombinierenetc
map	spalten_dict	kugel	31	Hochzüchten
map	spalten_dict	kugel	32	hochzüchten
map	spalten_dict	kugel	33	hochzuechten
map	spalten_dict	kugel	34	Teilchen-Meta-Physik
map	spalten_dict	kugel	35	keine_Nur-Paradigma-Religionen
map	spalten_dict	kugel	36	metaparadigmareligion
map	spalten_dict	kugel	37	Kugeln_Kreise
map	spalten_dict	kugel	38	kugelnkreise
map	spalten_dict	kugel	39	kugeln
map	spalten_dict	kugel	40	kreise
map	spalten_dict	kugel	41	analytische_Ontologie
map	spalten_dict	kugel	42	analytischeontologie
map	spalten_dict	kugel	43	ontologie
map	spalten_dict	kugel	44	Gegentranszendentalien
map	spalten_dict	kugel	45	gegentranszendentalien
map	spalten_dict	kugel	46	gegentranszendentalie
map	spalten_dict	kugel	47	gegenstrukturalien
map	spalten_dict	kugel	48	gegenalien
map	spalten_dict	kugel	49	gegenuniversalien
map	spalten_dict	kugel	50	Systemsachen
map	spalten_dict	kugel	51	systemsachen
map	spalten_dict	kugel	52	Transzendentalien
map	spalten_dict	kugel	53	transzendentalien
map	spalten_dict	kugel	54	transzendentalie
map	spalten_dict	kugel	55	strukturalien
map	spalten_dict	kugel	56	alien
map	spalten_dict	kugel	57	universalien
map	spalten_dict	kugel	58	Reziproke_von_Transzendentalien
map	spalten_dict	kugel	59	transzendentalienreziproke
map	spalten_dict	kugel	60	transzendentaliereziproke
map	spalten_dict	kugel	61	strukturalienreziproke
map	spalten_dict	kugel	62	alienreziproke
map	spalten_dict	kugel	63	universalienreziproke
map	spalten_dict	kugel	64	Netzwerk
map	spalten_dict	kugel	65	netzwerk
map	spalten_dict	kugel	66	warum_Transzendentalie_=_Strukturgroesse_=_Charakter
map	spalten_dict	kugel	67	warumtranszendentaliezustrukturgroesseundcharakter
map	spalten_dict	kugel	68	Kategorie
map	spalten_dict	kugel	69	kategorie
map	spalten_dict	kugel	70	Raum-Missionen
map	spalten_dict	kugel	71	weltall
map	spalten_dict	kugel	72	Programmier-Paradigmen
map	spalten_dict	kugel	73	programmierparadigmen
map	spalten_dict	kugel	74	Geist__(15)
map	spalten_dict	kugel	75	geist
map	spalten_dict	kugel	76	warum_Transzendentalie_=_Komplexität_von_Michael_Commons
map	spalten_dict	kugel	77	warumtranszendentaliegleichkomplexitaet
map	spalten_dict	kugel	78	Model_of_Hierarchical_Complexity
map	spalten_dict	kugel	79	modelofhierarchicalcomplexity
map	spalten_dict	kugel	80	komplex
map	spalten_dict	kugel	81	komplexität
map	spalten_dict	kugel	82	komplexitaet
map	spalten_dict	kugel	83	complexity
map	spalten_dict	kugel	84	model
map	spalten_dict	kugel	85	abstraktion
map	spalten_dict	kugel	86	Spezies_Typofikation
map	spalten_dict	kugel	87	spezies
map	spalten_dict	kugel	88	Biologischer_Baum_(15)
map	spalten_dict	kugel	89	Morphismen
map	spalten_dict	kugel	90	morphismus
map	spalten_dict	kugeln	0	Winkel
map	spalten_dict	kugeln	1	winkel
map	spalten_dict	kugeln	2	Logik
map	spalten_dict	kugeln	3	logik
map	spalten_dict	kugeln	4	Objekte
map	spalten_dict	kugeln	5	objekt
map	spalten_dict	kugeln	6	Evolution_vs_Design_intelligent
map	spalten_dict	kugeln	7	Entwicklungs_Stadium_Spezies
map	spalten_dict	kugeln	8	Spezies_Entwicklung
map	spalten_dict	kugeln	9	Teilchen_anderes_Universum
map	spalten_dict	kugeln	10	Zusammenhang_Gehirn_Kosmos_Universum
map	spalten_dict	kugeln	11	Zahlenarten
map	spalten_dict	kugeln	12	zahlen
map	spalten_dict	kugeln	13	nummern
map	spalten_dict	kugeln	14	Farben
map	spalten_dict	kugeln	15	künstliches_Leben_(15)
map	spalten_dict	kugeln	16	künstlichesleben
map	spalten_dict	kugeln	17	grosseki
map	spalten_dict	kugeln	18	Software-Lizenzen_akademische_Grade
map	spalten_dict	kugeln	19	softwarelizenz
map	spalten_dict	kugeln	20	akademischeGrade
map	spalten_dict	kugeln	21	Strategie_Taktik_(15m8)
map	spalten_dict	kugeln	22	strategie
map	spalten_dict	kugeln	23	taktik
map	spalten_dict	kugeln	24	Universelles_Verhältnis_gleicher_Zahlen
map	spalten_dict	kugeln	25	verhaeltnisgleicherzahl
map	spalten_dict	kugeln	26	universelles_Recht
map	spalten_dict	kugeln	27	recht
map	spalten_dict	kugeln	28	jura
map	spalten_dict	kugeln	29	sowas_wie_Kombinieren_Verknüpfen
map	spalten_dict	kugeln	30	kombinierenetc
map	spalten_dict	kugeln	31	Hochzüchten
map	spalten_dict	kugeln	32	hochzüchten
map	spalten_dict	kugeln	33	hochzuechten
map	spalten_dict	kugeln	34	Teilchen-Meta-Physik
map	spalten_dict	kugeln	35	keine_Nur-Paradigma-Religionen
map	spalten_dict	kugeln	36	metaparadigmareligion
map	spalten_dict	kugeln	37	Kugeln_Kreise
map	spalten_dict	kugeln	38	kugelnkreise
map	spalten_dict	kugeln	39	kugeln
map	spalten_dict	kugeln	40	kreise
map	spalten_dict	kugeln	41	analytische_Ontologie
map	spalten_dict	kugeln	42	analytischeontologie
map	spalten_dict	kugeln	43	ontologie
map	spalten_dict	kugeln	44	Gegentranszendentalien
map	spalten_dict	kugeln	45	gegentranszendentalien
map	spalten_dict	kugeln	46	gegentranszendentalie
map	spalten_dict	kugeln	47	gegenstrukturalien
map	spalten_dict	kugeln	48	gegenalien
map	spalten_dict	kugeln	49	gegenuniversalien
map	spalten_dict	kugeln	50	Systemsachen
map	spalten_dict	kugeln	51	systemsachen
map	spalten_dict	kugeln	52	Transzendentalien
map	spalten_dict	kugeln	53	transzendentalien
map	spalten_dict	kugeln	54	transzendentalie
map	spalten_dict	kugeln	55	strukturalien
map	spalten_dict	kugeln	56	alien
map	spalten_dict	kugeln	57	universalien
map	spalten_dict	kugeln	58	Reziproke_von_Transzendentalien
map	spalten_dict	kugeln	59	transzendentalienreziproke
map	spalten_dict	kugeln	60	transzendentaliereziproke
map	spalten_dict	kugeln	61	strukturalienreziproke
map	spalten_dict	kugeln	62	alienreziproke
map	spalten_dict	kugeln	63	universalienreziproke
map	spalten_dict	kugeln	64	Netzwerk
map	spalten_dict	kugeln	65	netzwerk
map	spalten_dict	kugeln	66	warum_Transzendentalie_=_Strukturgroesse_=_Charakter
map	spalten_dict	kugeln	67	warumtranszendentaliezustrukturgroesseundcharakter
map	spalten_dict	kugeln	68	Kategorie
map	spalten_dict	kugeln	69	kategorie
map	spalten_dict	kugeln	70	Raum-Missionen
map	spalten_dict	kugeln	71	weltall
map	spalten_dict	kugeln	72	Programmier-Paradigmen
map	spalten_dict	kugeln	73	programmierparadigmen
map	spalten_dict	kugeln	74	Geist__(15)
map	spalten_dict	kugeln	75	geist
map	spalten_dict	kugeln	76	warum_Transzendentalie_=_Komplexität_von_Michael_Commons
map	spalten_dict	kugeln	77	warumtranszendentaliegleichkomplexitaet
map	spalten_dict	kugeln	78	Model_of_Hierarchical_Complexity
map	spalten_dict	kugeln	79	modelofhierarchicalcomplexity
map	spalten_dict	kugeln	80	komplex
map	spalten_dict	kugeln	81	komplexität
map	spalten_dict	kugeln	82	komplexitaet
map	spalten_dict	kugeln	83	complexity
map	spalten_dict	kugeln	84	model
map	spalten_dict	kugeln	85	abstraktion
map	spalten_dict	kugeln	86	Spezies_Typofikation
map	spalten_dict	kugeln	87	spezies
map	spalten_dict	kugeln	88	Biologischer_Baum_(15)
map	spalten_dict	kugeln	89	Morphismen
map	spalten_dict	kugeln	90	morphismus
map	spalten_dict	ball	0	Winkel
map	spalten_dict	ball	1	winkel
map	spalten_dict	ball	2	Logik
map	spalten_dict	ball	3	logik
map	spalten_dict	ball	4	Objekte
map	spalten_dict	ball	5	objekt
map	spalten_dict	ball	6	Evolution_vs_Design_intelligent
map	spalten_dict	ball	7	Entwicklungs_Stadium_Spezies
map	spalten_dict	ball	8	Spezies_Entwicklung
map	spalten_dict	ball	9	Teilchen_anderes_Universum
map	spalten_dict	ball	10	Zusammenhang_Gehirn_Kosmos_Universum
map	spalten_dict	ball	11	Zahlenarten
map	spalten_dict	ball	12	zahlen
map	spalten_dict	ball	13	nummern
map	spalten_dict	ball	14	Farben
map	spalten_dict	ball	15	künstliches_Leben_(15)
map	spalten_dict	ball	16	künstlichesleben
map	spalten_dict	ball	17	grosseki
map	spalten_dict	ball	18	Software-Lizenzen_akademische_Grade
map	spalten_dict	ball	19	softwarelizenz
map	spalten_dict	ball	20	akademischeGrade
map	spalten_dict	ball	21	Strategie_Taktik_(15m8)
map	spalten_dict	ball	22	strategie
map	spalten_dict	ball	23	taktik
map	spalten_dict	ball	24	Universelles_Verhältnis_gleicher_Zahlen
map	spalten_dict	ball	25	verhaeltnisgleicherzahl
map	spalten_dict	ball	26	universelles_Recht
map	spalten_dict	ball	27	recht
map	spalten_dict	ball	28	jura
map	spalten_dict	ball	29	sowas_wie_Kombinieren_Verknüpfen
map	spalten_dict	ball	30	kombinierenetc
map	spalten_dict	ball	31	Hochzüchten
map	spalten_dict	ball	32	hochzüchten
map	spalten_dict	ball	33	hochzuechten
map	spalten_dict	ball	34	Teilchen-Meta-Physik
map	spalten_dict	ball	35	keine_Nur-Paradigma-Religionen
map	spalten_dict	ball	36	metaparadigmareligion
map	spalten_dict	ball	37	Kugeln_Kreise
map	spalten_dict	ball	38	kugelnkreise
map	spalten_dict	ball	39	kugeln
map	spalten_dict	ball	40	kreise
map	spalten_dict	ball	41	analytische_Ontologie
map	spalten_dict	ball	42	analytischeontologie
map	spalten_dict	ball	43	ontologie
map	spalten_dict	ball	44	Gegentranszendentalien
map	spalten_dict	ball	45	gegentranszendentalien
map	spalten_dict	ball	46	gegentranszendentalie
map	spalten_dict	ball	47	gegenstrukturalien
map	spalten_dict	ball	48	gegenalien
map	spalten_dict	ball	49	gegenuniversalien
map	spalten_dict	ball	50	Systemsachen
map	spalten_dict	ball	51	systemsachen
map	spalten_dict	ball	52	Transzendentalien
map	spalten_dict	ball	53	transzendentalien
map	spalten_dict	ball	54	transzendentalie
map	spalten_dict	ball	55	strukturalien
map	spalten_dict	ball	56	alien
map	spalten_dict	ball	57	universalien
map	spalten_dict	ball	58	Reziproke_von_Transzendentalien
map	spalten_dict	ball	59	transzendentalienreziproke
map	spalten_dict	ball	60	transzendentaliereziproke
map	spalten_dict	ball	61	strukturalienreziproke
map	spalten_dict	ball	62	alienreziproke
map	spalten_dict	ball	63	universalienreziproke
map	spalten_dict	ball	64	Netzwerk
map	spalten_dict	ball	65	netzwerk
map	spalten_dict	ball	66	warum_Transzendentalie_=_Strukturgroesse_=_Charakter
map	spalten_dict	ball	67	warumtranszendentaliezustrukturgroesseundcharakter
map	spalten_dict	ball	68	Kategorie
map	spalten_dict	ball	69	kategorie
map	spalten_dict	ball	70	Raum-Missionen
map	spalten_dict	ball	71	weltall
map	spalten_dict	ball	72	Programmier-Paradigmen
map	spalten_dict	ball	73	programmierparadigmen
map	spalten_dict	ball	74	Geist__(15)
map	spalten_dict	ball	75	geist
map	spalten_dict	ball	76	warum_Transzendentalie_=_Komplexität_von_Michael_Commons
map	spalten_dict	ball	77	warumtranszendentaliegleichkomplexitaet
map	spalten_dict	ball	78	Model_of_Hierarchical_Complexity
map	spalten_dict	ball	79	modelofhierarchicalcomplexity
map	spalten_dict	ball	80	komplex
map	spalten_dict	ball	81	komplexität
map	spalten_dict	ball	82	komplexitaet
map	spalten_dict	ball	83	complexity
map	spalten_dict	ball	84	model
map	spalten_dict	ball	85	abstraktion
map	spalten_dict	ball	86	Spezies_Typofikation
map	spalten_dict	ball	87	spezies
map	spalten_dict	ball	88	Biologischer_Baum_(15)
map	spalten_dict	ball	89	Morphismen
map	spalten_dict	ball	90	morphismus
map	spalten_dict	baelle	0	Winkel
map	spalten_dict	baelle	1	winkel
map	spalten_dict	baelle	2	Logik
map	spalten_dict	baelle	3	logik
map	spalten_dict	baelle	4	Objekte
map	spalten_dict	baelle	5	objekt
map	spalten_dict	baelle	6	Evolution_vs_Design_intelligent
map	spalten_dict	baelle	7	Entwicklungs_Stadium_Spezies
map	spalten_dict	baelle	8	Spezies_Entwicklung
map	spalten_dict	baelle	9	Teilchen_anderes_Universum
map	spalten_dict	baelle	10	Zusammenhang_Gehirn_Kosmos_Universum
map	spalten_dict	baelle	11	Zahlenarten
map	spalten_dict	baelle	12	zahlen
map	spalten_dict	baelle	13	nummern
map	spalten_dict	baelle	14	Farben
map	spalten_dict	baelle	15	künstliches_Leben_(15)
map	spalten_dict	baelle	16	künstlichesleben
map	spalten_dict	baelle	17	grosseki
map	spalten_dict	baelle	18	Software-Lizenzen_akademische_Grade
map	spalten_dict	baelle	19	softwarelizenz
map	spalten_dict	baelle	20	akademischeGrade
map	spalten_dict	baelle	21	Strategie_Taktik_(15m8)
map	spalten_dict	baelle	22	strategie
map	spalten_dict	baelle	23	taktik
map	spalten_dict	baelle	24	Universelles_Verhältnis_gleicher_Zahlen
map	spalten_dict	baelle	25	verhaeltnisgleicherzahl
map	spalten_dict	baelle	26	universelles_Recht
map	spalten_dict	baelle	27	recht
map	spalten_dict	baelle	28	jura
map	spalten_dict	baelle	29	sowas_wie_Kombinieren_Verknüpfen
map	spalten_dict	baelle	30	kombinierenetc
map	spalten_dict	baelle	31	Hochzüchten
map	spalten_dict	baelle	32	hochzüchten
map	spalten_dict	baelle	33	hochzuechten
map	spalten_dict	baelle	34	Teilchen-Meta-Physik
map	spalten_dict	baelle	35	keine_Nur-Paradigma-Religionen
map	spalten_dict	baelle	36	metaparadigmareligion
map	spalten_dict	baelle	37	Kugeln_Kreise
map	spalten_dict	baelle	38	kugelnkreise
map	spalten_dict	baelle	39	kugeln
map	spalten_dict	baelle	40	kreise
map	spalten_dict	baelle	41	analytische_Ontologie
map	spalten_dict	baelle	42	analytischeontologie
map	spalten_dict	baelle	43	ontologie
map	spalten_dict	baelle	44	Gegentranszendentalien
map	spalten_dict	baelle	45	gegentranszendentalien
map	spalten_dict	baelle	46	gegentranszendentalie
map	spalten_dict	baelle	47	gegenstrukturalien
map	spalten_dict	baelle	48	gegenalien
map	spalten_dict	baelle	49	gegenuniversalien
map	spalten_dict	baelle	50	Systemsachen
map	spalten_dict	baelle	51	systemsachen
map	spalten_dict	baelle	52	Transzendentalien
map	spalten_dict	baelle	53	transzendentalien
map	spalten_dict	baelle	54	transzendentalie
map	spalten_dict	baelle	55	strukturalien
map	spalten_dict	baelle	56	alien
map	spalten_dict	baelle	57	universalien
map	spalten_dict	baelle	58	Reziproke_von_Transzendentalien
map	spalten_dict	baelle	59	transzendentalienreziproke
map	spalten_dict	baelle	60	transzendentaliereziproke
map	spalten_dict	baelle	61	strukturalienreziproke
map	spalten_dict	baelle	62	alienreziproke
map	spalten_dict	baelle	63	universalienreziproke
map	spalten_dict	baelle	64	Netzwerk
map	spalten_dict	baelle	65	netzwerk
map	spalten_dict	baelle	66	warum_Transzendentalie_=_Strukturgroesse_=_Charakter
map	spalten_dict	baelle	67	warumtranszendentaliezustrukturgroesseundcharakter
map	spalten_dict	baelle	68	Kategorie
map	spalten_dict	baelle	69	kategorie
map	spalten_dict	baelle	70	Raum-Missionen
map	spalten_dict	baelle	71	weltall
map	spalten_dict	baelle	72	Programmier-Paradigmen
map	spalten_dict	baelle	73	programmierparadigmen
map	spalten_dict	baelle	74	Geist__(15)
map	spalten_dict	baelle	75	geist
map	spalten_dict	baelle	76	warum_Transzendentalie_=_Komplexität_von_Michael_Commons
map	spalten_dict	baelle	77	warumtranszendentaliegleichkomplexitaet
map	spalten_dict	baelle	78	Model_of_Hierarchical_Complexity
map	spalten_dict	baelle	79	modelofhierarchicalcomplexity
map	spalten_dict	baelle	80	komplex
map	spalten_dict	baelle	81	komplexität
map	spalten_dict	baelle	82	komplexitaet
map	spalten_dict	baelle	83	complexity
map	spalten_dict	baelle	84	model
map	spalten_dict	baelle	85	abstraktion
map	spalten_dict	baelle	86	Spezies_Typofikation
map	spalten_dict	baelle	87	spezies
map	spalten_dict	baelle	88	Biologischer_Baum_(15)
map	spalten_dict	baelle	89	Morphismen
map	spalten_dict	baelle	90	morphismus
map	spalten_dict	bälle	0	Winkel
map	spalten_dict	bälle	1	winkel
map	spalten_dict	bälle	2	Logik
map	spalten_dict	bälle	3	logik
map	spalten_dict	bälle	4	Objekte
map	spalten_dict	bälle	5	objekt
map	spalten_dict	bälle	6	Evolution_vs_Design_intelligent
map	spalten_dict	bälle	7	Entwicklungs_Stadium_Spezies
map	spalten_dict	bälle	8	Spezies_Entwicklung
map	spalten_dict	bälle	9	Teilchen_anderes_Universum
map	spalten_dict	bälle	10	Zusammenhang_Gehirn_Kosmos_Universum
map	spalten_dict	bälle	11	Zahlenarten
map	spalten_dict	bälle	12	zahlen
map	spalten_dict	bälle	13	nummern
map	spalten_dict	bälle	14	Farben
map	spalten_dict	bälle	15	künstliches_Leben_(15)
map	spalten_dict	bälle	16	künstlichesleben
map	spalten_dict	bälle	17	grosseki
map	spalten_dict	bälle	18	Software-Lizenzen_akademische_Grade
map	spalten_dict	bälle	19	softwarelizenz
map	spalten_dict	bälle	20	akademischeGrade
map	spalten_dict	bälle	21	Strategie_Taktik_(15m8)
map	spalten_dict	bälle	22	strategie
map	spalten_dict	bälle	23	taktik
map	spalten_dict	bälle	24	Universelles_Verhältnis_gleicher_Zahlen
map	spalten_dict	bälle	25	verhaeltnisgleicherzahl
map	spalten_dict	bälle	26	universelles_Recht
map	spalten_dict	bälle	27	recht
map	spalten_dict	bälle	28	jura
map	spalten_dict	bälle	29	sowas_wie_Kombinieren_Verknüpfen
map	spalten_dict	bälle	30	kombinierenetc
map	spalten_dict	bälle	31	Hochzüchten
map	spalten_dict	bälle	32	hochzüchten
map	spalten_dict	bälle	33	hochzuechten
map	spalten_dict	bälle	34	Teilchen-Meta-Physik
map	spalten_dict	bälle	35	keine_Nur-Paradigma-Religionen
map	spalten_dict	bälle	36	metaparadigmareligion
map	spalten_dict	bälle	37	Kugeln_Kreise
map	spalten_dict	bälle	38	kugelnkreise
map	spalten_dict	bälle	39	kugeln
map	spalten_dict	bälle	40	kreise
map	spalten_dict	bälle	41	analytische_Ontologie
map	spalten_dict	bälle	42	analytischeontologie
map	spalten_dict	bälle	43	ontologie
map	spalten_dict	bälle	44	Gegentranszendentalien
map	spalten_dict	bälle	45	gegentranszendentalien
map	spalten_dict	bälle	46	gegentranszendentalie
map	spalten_dict	bälle	47	gegenstrukturalien
map	spalten_dict	bälle	48	gegenalien
map	spalten_dict	bälle	49	gegenuniversalien
map	spalten_dict	bälle	50	Systemsachen
map	spalten_dict	bälle	51	systemsachen
map	spalten_dict	bälle	52	Transzendentalien
map	spalten_dict	bälle	53	transzendentalien
map	spalten_dict	bälle	54	transzendentalie
map	spalten_dict	bälle	55	strukturalien
map	spalten_dict	bälle	56	alien
map	spalten_dict	bälle	57	universalien
map	spalten_dict	bälle	58	Reziproke_von_Transzendentalien
map	spalten_dict	bälle	59	transzendentalienreziproke
map	spalten_dict	bälle	60	transzendentaliereziproke
map	spalten_dict	bälle	61	strukturalienreziproke
map	spalten_dict	bälle	62	alienreziproke
map	spalten_dict	bälle	63	universalienreziproke
map	spalten_dict	bälle	64	Netzwerk
map	spalten_dict	bälle	65	netzwerk
map	spalten_dict	bälle	66	warum_Transzendentalie_=_Strukturgroesse_=_Charakter
map	spalten_dict	bälle	67	warumtranszendentaliezustrukturgroesseundcharakter
map	spalten_dict	bälle	68	Kategorie
map	spalten_dict	bälle	69	kategorie
map	spalten_dict	bälle	70	Raum-Missionen
map	spalten_dict	bälle	71	weltall
map	spalten_dict	bälle	72	Programmier-Paradigmen
map	spalten_dict	bälle	73	programmierparadigmen
map	spalten_dict	bälle	74	Geist__(15)
map	spalten_dict	bälle	75	geist
map	spalten_dict	bälle	76	warum_Transzendentalie_=_Komplexität_von_Michael_Commons
map	spalten_dict	bälle	77	warumtranszendentaliegleichkomplexitaet
map	spalten_dict	bälle	78	Model_of_Hierarchical_Complexity
map	spalten_dict	bälle	79	modelofhierarchicalcomplexity
map	spalten_dict	bälle	80	komplex
map	spalten_dict	bälle	81	komplexität
map	spalten_dict	bälle	82	komplexitaet
map	spalten_dict	bälle	83	complexity
map	spalten_dict	bälle	84	model
map	spalten_dict	bälle	85	abstraktion
map	spalten_dict	bälle	86	Spezies_Typofikation
map	spalten_dict	bälle	87	spezies
map	spalten_dict	bälle	88	Biologischer_Baum_(15)
map	spalten_dict	bälle	89	Morphismen
map	spalten_dict	bälle	90	morphismus
map	spalten_dict	Planet_(10_und_oder_12)	0	Logik
map	spalten_dict	Planet_(10_und_oder_12)	1	logik
map	spalten_dict	Planet_(10_und_oder_12)	2	Kreislaufwirtschaft
map	spalten_dict	Planet_(10_und_oder_12)	3	kreislauf
map	spalten_dict	Planet_(10_und_oder_12)	4	Kreislauf
map	spalten_dict	Planet_(10_und_oder_12)	5	Planetenherrschaft
map	spalten_dict	Planet_(10_und_oder_12)	6	herrschaft
map	spalten_dict	Planet_(10_und_oder_12)	7	Planetenkorrekturherrschaft
map	spalten_dict	Planet_(10_und_oder_12)	8	Wirklichkeiten_(10)
map	spalten_dict	Planet_(10_und_oder_12)	9	wirklichkeit
map	spalten_dict	Planet_(10_und_oder_12)	10	wirklichkeiten
map	spalten_dict	Planet_(10_und_oder_12)	11	Meta-Systeme_(12)
map	spalten_dict	Planet_(10_und_oder_12)	12	metasysteme
map	spalten_dict	Planet_(10_und_oder_12)	13	metasystem
map	spalten_dict	Planet_(10_und_oder_12)	14	meta-systeme
map	spalten_dict	Planet_(10_und_oder_12)	15	meta-system
map	spalten_dict	Planet_(10_und_oder_12)	16	Intelligenz
map	spalten_dict	Planet_(10_und_oder_12)	17	intelligenz
map	spalten_dict	Planet_(10_und_oder_12)	18	Gleichheit_Freiheit_Ordnung
map	spalten_dict	Planet_(10_und_oder_12)	19	gleichheit
map	spalten_dict	Planet_(10_und_oder_12)	20	freiheit
map	spalten_dict	Planet_(10_und_oder_12)	21	gleichheit
map	spalten_dict	Planet_(10_und_oder_12)	22	Komplexität
map	spalten_dict	Planet_(10_und_oder_12)	23	komplexität
map	spalten_dict	Planet_(10_und_oder_12)	24	komplexitaet
map	spalten_dict	Planet_(10_und_oder_12)	25	Mechanismen
map	spalten_dict	Planet_(10_und_oder_12)	26	mechanismen
map	spalten_dict	Planet_(10_und_oder_12)	27	mechanismus
map	spalten_dict	planet	0	Logik
map	spalten_dict	planet	1	logik
map	spalten_dict	planet	2	Kreislaufwirtschaft
map	spalten_dict	planet	3	kreislauf
map	spalten_dict	planet	4	Kreislauf
map	spalten_dict	planet	5	Planetenherrschaft
map	spalten_dict	planet	6	herrschaft
map	spalten_dict	planet	7	Planetenkorrekturherrschaft
map	spalten_dict	planet	8	Wirklichkeiten_(10)
map	spalten_dict	planet	9	wirklichkeit
map	spalten_dict	planet	10	wirklichkeiten
map	spalten_dict	planet	11	Meta-Systeme_(12)
map	spalten_dict	planet	12	metasysteme
map	spalten_dict	planet	13	metasystem
map	spalten_dict	planet	14	meta-systeme
map	spalten_dict	planet	15	meta-system
map	spalten_dict	planet	16	Intelligenz
map	spalten_dict	planet	17	intelligenz
map	spalten_dict	planet	18	Gleichheit_Freiheit_Ordnung
map	spalten_dict	planet	19	gleichheit
map	spalten_dict	planet	20	freiheit
map	spalten_dict	planet	21	gleichheit
map	spalten_dict	planet	22	Komplexität
map	spalten_dict	planet	23	komplexität
map	spalten_dict	planet	24	komplexitaet
map	spalten_dict	planet	25	Mechanismen
map	spalten_dict	planet	26	mechanismen
map	spalten_dict	planet	27	mechanismus
map	spalten_dict	Religionen	0	Superkräfte
map	spalten_dict	Religionen	1	Superkraefte
map	spalten_dict	Religionen	2	Religions-Gründer-Typ
map	spalten_dict	Religionen	3	religionsgründertyp
map	spalten_dict	Religionen	4	prophet
map	spalten_dict	Religionen	5	archon
map	spalten_dict	Religionen	6	religionsgruendertyp
map	spalten_dict	Religionen	7	Satan_Teufel
map	spalten_dict	Religionen	8	Hinduismus
map	spalten_dict	Religionen	9	hinduismus
map	spalten_dict	Religionen	10	Sternpolygon
map	spalten_dict	Religionen	11	sternpolygon
map	spalten_dict	Religionen	12	der_Tierkreiszeichen
map	spalten_dict	Religionen	13	dertierkreiszeichen
map	spalten_dict	Religionen	14	babylon
map	spalten_dict	Religionen	15	Sternpolygon_vs_gleichförmiges
map	spalten_dict	Religionen	16	vergleich
map	spalten_dict	Religionen	17	sternpolygonvsgleichfoermiges
map	spalten_dict	Religionen	18	vergleichnvs1divn
map	spalten_dict	Religionen	19	Messias
map	spalten_dict	Religionen	20	messias
map	spalten_dict	Religionen	21	heptagramm
map	spalten_dict	Religionen	22	hund
map	spalten_dict	Religionen	23	messiase
map	spalten_dict	Religionen	24	messiasse
map	spalten_dict	Religionen	25	gleichförmiges_Polygon
map	spalten_dict	Religionen	26	gleichförmigespolygon
map	spalten_dict	Religionen	27	gleichfoermigespolygon
map	spalten_dict	Religionen	28	nichtsternpolygon
map	spalten_dict	Religionen	29	polygon
map	spalten_dict	Religionen	30	Vertreter_höherer_Konzepte
map	spalten_dict	Religionen	31	vertreterhoehererkonzepte
map	spalten_dict	Religionen	32	galaxien
map	spalten_dict	Religionen	33	galaxie
map	spalten_dict	Religionen	34	schwarzesonne
map	spalten_dict	Religionen	35	schwarzesonnen
map	spalten_dict	Religionen	36	universum
map	spalten_dict	Religionen	37	universen
map	spalten_dict	Religionen	38	kreis
map	spalten_dict	Religionen	39	kreise
map	spalten_dict	Religionen	40	kugel
map	spalten_dict	Religionen	41	kugeln
map	spalten_dict	religionen	0	Superkräfte
map	spalten_dict	religionen	1	Superkraefte
map	spalten_dict	religionen	2	Religions-Gründer-Typ
map	spalten_dict	religionen	3	religionsgründertyp
map	spalten_dict	religionen	4	prophet
map	spalten_dict	religionen	5	archon
map	spalten_dict	religionen	6	religionsgruendertyp
map	spalten_dict	religionen	7	Satan_Teufel
map	spalten_dict	religionen	8	Hinduismus
map	spalten_dict	religionen	9	hinduismus
map	spalten_dict	religionen	10	Sternpolygon
map	spalten_dict	religionen	11	sternpolygon
map	spalten_dict	religionen	12	der_Tierkreiszeichen
map	spalten_dict	religionen	13	dertierkreiszeichen
map	spalten_dict	religionen	14	babylon
map	spalten_dict	religionen	15	Sternpolygon_vs_gleichförmiges
map	spalten_dict	religionen	16	vergleich
map	spalten_dict	religionen	17	sternpolygonvsgleichfoermiges
map	spalten_dict	religionen	18	vergleichnvs1divn
map	spalten_dict	religionen	19	Messias
map	spalten_dict	religionen	20	messias
map	spalten_dict	religionen	21	heptagramm
map	spalten_dict	religionen	22	hund
map	spalten_dict	religionen	23	messiase
map	spalten_dict	religionen	24	messiasse
map	spalten_dict	religionen	25	gleichförmiges_Polygon
map	spalten_dict	religionen	26	gleichförmigespolygon
map	spalten_dict	religionen	27	gleichfoermigespolygon
map	spalten_dict	religionen	28	nichtsternpolygon
map	spalten_dict	religionen	29	polygon
map	spalten_dict	religionen	30	Vertreter_höherer_Konzepte
map	spalten_dict	religionen	31	vertreterhoehererkonzepte
map	spalten_dict	religionen	32	galaxien
map	spalten_dict	religionen	33	galaxie
map	spalten_dict	religionen	34	schwarzesonne
map	spalten_dict	religionen	35	schwarzesonnen
map	spalten_dict	religionen	36	universum
map	spalten_dict	religionen	37	universen
map	spalten_dict	religionen	38	kreis
map	spalten_dict	religionen	39	kreise
map	spalten_dict	religionen	40	kugel
map	spalten_dict	religionen	41	kugeln
map	spalten_dict	religion	0	Superkräfte
map	spalten_dict	religion	1	Superkraefte
map	spalten_dict	religion	2	Religions-Gründer-Typ
map	spalten_dict	religion	3	religionsgründertyp
map	spalten_dict	religion	4	prophet
map	spalten_dict	religion	5	archon
map	spalten_dict	religion	6	religionsgruendertyp
map	spalten_dict	religion	7	Satan_Teufel
map	spalten_dict	religion	8	Hinduismus
map	spalten_dict	religion	9	hinduismus
map	spalten_dict	religion	10	Sternpolygon
map	spalten_dict	religion	11	sternpolygon
map	spalten_dict	religion	12	der_Tierkreiszeichen
map	spalten_dict	religion	13	dertierkreiszeichen
map	spalten_dict	religion	14	babylon
map	spalten_dict	religion	15	Sternpolygon_vs_gleichförmiges
map	spalten_dict	religion	16	vergleich
map	spalten_dict	religion	17	sternpolygonvsgleichfoermiges
map	spalten_dict	religion	18	vergleichnvs1divn
map	spalten_dict	religion	19	Messias
map	spalten_dict	religion	20	messias
map	spalten_dict	religion	21	heptagramm
map	spalten_dict	religion	22	hund
map	spalten_dict	religion	23	messiase
map	spalten_dict	religion	24	messiasse
map	spalten_dict	religion	25	gleichförmiges_Polygon
map	spalten_dict	religion	26	gleichförmigespolygon
map	spalten_dict	religion	27	gleichfoermigespolygon
map	spalten_dict	religion	28	nichtsternpolygon
map	spalten_dict	religion	29	polygon
map	spalten_dict	religion	30	Vertreter_höherer_Konzepte
map	spalten_dict	religion	31	vertreterhoehererkonzepte
map	spalten_dict	religion	32	galaxien
map	spalten_dict	religion	33	galaxie
map	spalten_dict	religion	34	schwarzesonne
map	spalten_dict	religion	35	schwarzesonnen
map	spalten_dict	religion	36	universum
map	spalten_dict	religion	37	universen
map	spalten_dict	religion	38	kreis
map	spalten_dict	religion	39	kreise
map	spalten_dict	religion	40	kugel
map	spalten_dict	religion	41	kugeln
map	spalten_dict	Galaxie	0	Superkräfte
map	spalten_dict	Galaxie	1	Superkraefte
map	spalten_dict	Galaxie	2	Lebewesen_Galaxie_am_Besten
map	spalten_dict	Galaxie	3	Offenbarung_des_Johannes
map	spalten_dict	Galaxie	4	offenbarung
map	spalten_dict	Galaxie	5	offenbarungdesjohannes
map	spalten_dict	Galaxie	6	johannes
map	spalten_dict	Galaxie	7	bibel
map	spalten_dict	Galaxie	8	offenbarungjohannes
map	spalten_dict	Galaxie	9	Hochzüchten
map	spalten_dict	Galaxie	10	hochzüchten
map	spalten_dict	Galaxie	11	hochzuechten
map	spalten_dict	Galaxie	12	Kugeln_Kreise
map	spalten_dict	Galaxie	13	kugelnkreise
map	spalten_dict	Galaxie	14	kugeln
map	spalten_dict	Galaxie	15	kreise
map	spalten_dict	Galaxie	16	chinesisches_Horoskop
map	spalten_dict	Galaxie	17	chinesischeshoroskop
map	spalten_dict	Galaxie	18	china
map	spalten_dict	Galaxie	19	babylonische_Tierkreiszeichen
map	spalten_dict	Galaxie	20	tierkreiszeichen
map	spalten_dict	Galaxie	21	babylon
map	spalten_dict	Galaxie	22	Thomasevangelium
map	spalten_dict	Galaxie	23	thomasevangelium
map	spalten_dict	Galaxie	24	thomas
map	spalten_dict	Galaxie	25	analytische_Ontologie
map	spalten_dict	Galaxie	26	analytischeontologie
map	spalten_dict	Galaxie	27	ontologie
map	spalten_dict	Galaxie	28	Transzendentalien_innen_außen
map	spalten_dict	Galaxie	29	innenaussenstrukur
map	spalten_dict	Galaxie	30	strukturalieninnenaußen
map	spalten_dict	Galaxie	31	strukturalieninnenaussen
map	spalten_dict	Galaxie	32	innenaußenstrukur
map	spalten_dict	Galaxie	33	transzendentalieninnenaußen
map	spalten_dict	Galaxie	34	transzendentalieninnenaussen
map	spalten_dict	Galaxie	35	Modallogik
map	spalten_dict	Galaxie	36	modallogik
map	spalten_dict	Galaxie	37	ZergAliens_MenschenHumanoid_ProtosPraedatoren
map	spalten_dict	Galaxie	38	Raum-Missionen
map	spalten_dict	Galaxie	39	weltall
map	spalten_dict	galaxie	0	Superkräfte
map	spalten_dict	galaxie	1	Superkraefte
map	spalten_dict	galaxie	2	Lebewesen_Galaxie_am_Besten
map	spalten_dict	galaxie	3	Offenbarung_des_Johannes
map	spalten_dict	galaxie	4	offenbarung
map	spalten_dict	galaxie	5	offenbarungdesjohannes
map	spalten_dict	galaxie	6	johannes
map	spalten_dict	galaxie	7	bibel
map	spalten_dict	galaxie	8	offenbarungjohannes
map	spalten_dict	galaxie	9	Hochzüchten
map	spalten_dict	galaxie	10	hochzüchten
map	spalten_dict	galaxie	11	hochzuechten
map	spalten_dict	galaxie	12	Kugeln_Kreise
map	spalten_dict	galaxie	13	kugelnkreise
map	spalten_dict	galaxie	14	kugeln
map	spalten_dict	galaxie	15	kreise
map	spalten_dict	galaxie	16	chinesisches_Horoskop
map	spalten_dict	galaxie	17	chinesischeshoroskop
map	spalten_dict	galaxie	18	china
map	spalten_dict	galaxie	19	babylonische_Tierkreiszeichen
map	spalten_dict	galaxie	20	tierkreiszeichen
map	spalten_dict	galaxie	21	babylon
map	spalten_dict	galaxie	22	Thomasevangelium
map	spalten_dict	galaxie	23	thomasevangelium
map	spalten_dict	galaxie	24	thomas
map	spalten_dict	galaxie	25	analytische_Ontologie
map	spalten_dict	galaxie	26	analytischeontologie
map	spalten_dict	galaxie	27	ontologie
map	spalten_dict	galaxie	28	Transzendentalien_innen_außen
map	spalten_dict	galaxie	29	innenaussenstrukur
map	spalten_dict	galaxie	30	strukturalieninnenaußen
map	spalten_dict	galaxie	31	strukturalieninnenaussen
map	spalten_dict	galaxie	32	innenaußenstrukur
map	spalten_dict	galaxie	33	transzendentalieninnenaußen
map	spalten_dict	galaxie	34	transzendentalieninnenaussen
map	spalten_dict	galaxie	35	Modallogik
map	spalten_dict	galaxie	36	modallogik
map	spalten_dict	galaxie	37	ZergAliens_MenschenHumanoid_ProtosPraedatoren
map	spalten_dict	galaxie	38	Raum-Missionen
map	spalten_dict	galaxie	39	weltall
map	spalten_dict	alteschriften	0	Superkräfte
map	spalten_dict	alteschriften	1	Superkraefte
map	spalten_dict	alteschriften	2	Lebewesen_Galaxie_am_Besten
map	spalten_dict	alteschriften	3	Offenbarung_des_Johannes
map	spalten_dict	alteschriften	4	offenbarung
map	spalten_dict	alteschriften	5	offenbarungdesjohannes
map	spalten_dict	alteschriften	6	johannes
map	spalten_dict	alteschriften	7	bibel
map	spalten_dict	alteschriften	8	offenbarungjohannes
map	spalten_dict	alteschriften	9	Hochzüchten
map	spalten_dict	alteschriften	10	hochzüchten
map	spalten_dict	alteschriften	11	hochzuechten
map	spalten_dict	alteschriften	12	Kugeln_Kreise
map	spalten_dict	alteschriften	13	kugelnkreise
map	spalten_dict	alteschriften	14	kugeln
map	spalten_dict	alteschriften	15	kreise
map	spalten_dict	alteschriften	16	chinesisches_Horoskop
map	spalten_dict	alteschriften	17	chinesischeshoroskop
map	spalten_dict	alteschriften	18	china
map	spalten_dict	alteschriften	19	babylonische_Tierkreiszeichen
map	spalten_dict	alteschriften	20	tierkreiszeichen
map	spalten_dict	alteschriften	21	babylon
map	spalten_dict	alteschriften	22	Thomasevangelium
map	spalten_dict	alteschriften	23	thomasevangelium
map	spalten_dict	alteschriften	24	thomas
map	spalten_dict	alteschriften	25	analytische_Ontologie
map	spalten_dict	alteschriften	26	analytischeontologie
map	spalten_dict	alteschriften	27	ontologie
map	spalten_dict	alteschriften	28	Transzendentalien_innen_außen
map	spalten_dict	alteschriften	29	innenaussenstrukur
map	spalten_dict	alteschriften	30	strukturalieninnenaußen
map	spalten_dict	alteschriften	31	strukturalieninnenaussen
map	spalten_dict	alteschriften	32	innenaußenstrukur
map	spalten_dict	alteschriften	33	transzendentalieninnenaußen
map	spalten_dict	alteschriften	34	transzendentalieninnenaussen
map	spalten_dict	alteschriften	35	Modallogik
map	spalten_dict	alteschriften	36	modallogik
map	spalten_dict	alteschriften	37	ZergAliens_MenschenHumanoid_ProtosPraedatoren
map	spalten_dict	alteschriften	38	Raum-Missionen
map	spalten_dict	alteschriften	39	weltall
map	spalten_dict	kreis	0	Superkräfte
map	spalten_dict	kreis	1	Superkraefte
map	spalten_dict	kreis	2	Lebewesen_Galaxie_am_Besten
map	spalten_dict	kreis	3	Offenbarung_des_Johannes
map	spalten_dict	kreis	4	offenbarung
map	spalten_dict	kreis	5	offenbarungdesjohannes
map	spalten_dict	kreis	6	johannes
map	spalten_dict	kreis	7	bibel
map	spalten_dict	kreis	8	offenbarungjohannes
map	spalten_dict	kreis	9	Hochzüchten
map	spalten_dict	kreis	10	hochzüchten
map	spalten_dict	kreis	11	hochzuechten
map	spalten_dict	kreis	12	Kugeln_Kreise
map	spalten_dict	kreis	13	kugelnkreise
map	spalten_dict	kreis	14	kugeln
map	spalten_dict	kreis	15	kreise
map	spalten_dict	kreis	16	chinesisches_Horoskop
map	spalten_dict	kreis	17	chinesischeshoroskop
map	spalten_dict	kreis	18	china
map	spalten_dict	kreis	19	babylonische_Tierkreiszeichen
map	spalten_dict	kreis	20	tierkreiszeichen
map	spalten_dict	kreis	21	babylon
map	spalten_dict	kreis	22	Thomasevangelium
map	spalten_dict	kreis	23	thomasevangelium
map	spalten_dict	kreis	24	thomas
map	spalten_dict	kreis	25	analytische_Ontologie
map	spalten_dict	kreis	26	analytischeontologie
map	spalten_dict	kreis	27	ontologie
map	spalten_dict	kreis	28	Transzendentalien_innen_außen
map	spalten_dict	kreis	29	innenaussenstrukur
map	spalten_dict	kreis	30	strukturalieninnenaußen
map	spalten_dict	kreis	31	strukturalieninnenaussen
map	spalten_dict	kreis	32	innenaußenstrukur
map	spalten_dict	kreis	33	transzendentalieninnenaußen
map	spalten_dict	kreis	34	transzendentalieninnenaussen
map	spalten_dict	kreis	35	Modallogik
map	spalten_dict	kreis	36	modallogik
map	spalten_dict	kreis	37	ZergAliens_MenschenHumanoid_ProtosPraedatoren
map	spalten_dict	kreis	38	Raum-Missionen
map	spalten_dict	kreis	39	weltall
map	spalten_dict	galaxien	0	Superkräfte
map	spalten_dict	galaxien	1	Superkraefte
map	spalten_dict	galaxien	2	Lebewesen_Galaxie_am_Besten
map	spalten_dict	galaxien	3	Offenbarung_des_Johannes
map	spalten_dict	galaxien	4	offenbarung
map	spalten_dict	galaxien	5	offenbarungdesjohannes
map	spalten_dict	galaxien	6	johannes
map	spalten_dict	galaxien	7	bibel
map	spalten_dict	galaxien	8	offenbarungjohannes
map	spalten_dict	galaxien	9	Hochzüchten
map	spalten_dict	galaxien	10	hochzüchten
map	spalten_dict	galaxien	11	hochzuechten
map	spalten_dict	galaxien	12	Kugeln_Kreise
map	spalten_dict	galaxien	13	kugelnkreise
map	spalten_dict	galaxien	14	kugeln
map	spalten_dict	galaxien	15	kreise
map	spalten_dict	galaxien	16	chinesisches_Horoskop
map	spalten_dict	galaxien	17	chinesischeshoroskop
map	spalten_dict	galaxien	18	china
map	spalten_dict	galaxien	19	babylonische_Tierkreiszeichen
map	spalten_dict	galaxien	20	tierkreiszeichen
map	spalten_dict	galaxien	21	babylon
map	spalten_dict	galaxien	22	Thomasevangelium
map	spalten_dict	galaxien	23	thomasevangelium
map	spalten_dict	galaxien	24	thomas
map	spalten_dict	galaxien	25	analytische_Ontologie
map	spalten_dict	galaxien	26	analytischeontologie
map	spalten_dict	galaxien	27	ontologie
map	spalten_dict	galaxien	28	Transzendentalien_innen_außen
map	spalten_dict	galaxien	29	innenaussenstrukur
map	spalten_dict	galaxien	30	strukturalieninnenaußen
map	spalten_dict	galaxien	31	strukturalieninnenaussen
map	spalten_dict	galaxien	32	innenaußenstrukur
map	spalten_dict	galaxien	33	transzendentalieninnenaußen
map	spalten_dict	galaxien	34	transzendentalieninnenaussen
map	spalten_dict	galaxien	35	Modallogik
map	spalten_dict	galaxien	36	modallogik
map	spalten_dict	galaxien	37	ZergAliens_MenschenHumanoid_ProtosPraedatoren
map	spalten_dict	galaxien	38	Raum-Missionen
map	spalten_dict	galaxien	39	weltall
map	spalten_dict	kreise	0	Superkräfte
map	spalten_dict	kreise	1	Superkraefte
map	spalten_dict	kreise	2	Lebewesen_Galaxie_am_Besten
map	spalten_dict	kreise	3	Offenbarung_des_Johannes
map	spalten_dict	kreise	4	offenbarung
map	spalten_dict	kreise	5	offenbarungdesjohannes
map	spalten_dict	kreise	6	johannes
map	spalten_dict	kreise	7	bibel
map	spalten_dict	kreise	8	offenbarungjohannes
map	spalten_dict	kreise	9	Hochzüchten
map	spalten_dict	kreise	10	hochzüchten
map	spalten_dict	kreise	11	hochzuechten
map	spalten_dict	kreise	12	Kugeln_Kreise
map	spalten_dict	kreise	13	kugelnkreise
map	spalten_dict	kreise	14	kugeln
map	spalten_dict	kreise	15	kreise
map	spalten_dict	kreise	16	chinesisches_Horoskop
map	spalten_dict	kreise	17	chinesischeshoroskop
map	spalten_dict	kreise	18	china
map	spalten_dict	kreise	19	babylonische_Tierkreiszeichen
map	spalten_dict	kreise	20	tierkreiszeichen
map	spalten_dict	kreise	21	babylon
map	spalten_dict	kreise	22	Thomasevangelium
map	spalten_dict	kreise	23	thomasevangelium
map	spalten_dict	kreise	24	thomas
map	spalten_dict	kreise	25	analytische_Ontologie
map	spalten_dict	kreise	26	analytischeontologie
map	spalten_dict	kreise	27	ontologie
map	spalten_dict	kreise	28	Transzendentalien_innen_außen
map	spalten_dict	kreise	29	innenaussenstrukur
map	spalten_dict	kreise	30	strukturalieninnenaußen
map	spalten_dict	kreise	31	strukturalieninnenaussen
map	spalten_dict	kreise	32	innenaußenstrukur
map	spalten_dict	kreise	33	transzendentalieninnenaußen
map	spalten_dict	kreise	34	transzendentalieninnenaussen
map	spalten_dict	kreise	35	Modallogik
map	spalten_dict	kreise	36	modallogik
map	spalten_dict	kreise	37	ZergAliens_MenschenHumanoid_ProtosPraedatoren
map	spalten_dict	kreise	38	Raum-Missionen
map	spalten_dict	kreise	39	weltall
map	spalten_dict	Wichtigstes_zum_gedanklich_einordnen	0	Wichtigste
map	spalten_dict	Wichtigstes_zum_gedanklich_einordnen	1	wichtigstes
map	spalten_dict	Wichtigstes_zum_gedanklich_einordnen	2	Zweitwichtigste
map	spalten_dict	Wichtigstes_zum_gedanklich_einordnen	3	zweitwichtigste
map	spalten_dict	wichtigsteeinordnen	0	Wichtigste
map	spalten_dict	wichtigsteeinordnen	1	wichtigstes
map	spalten_dict	wichtigsteeinordnen	2	Zweitwichtigste
map	spalten_dict	wichtigsteeinordnen	3	zweitwichtigste
map	spalten_dict	Operationen	0	Halbierung
map	spalten_dict	Operationen	1	halbierung
map	spalten_dict	Operationen	2	halbierungen
map	spalten_dict	Operationen	3	5
map	spalten_dict	Operationen	4	fünf
map	spalten_dict	Operationen	5	fünfer
map	spalten_dict	Operationen	6	fünferstruktur
map	spalten_dict	Operationen	7	fuenf
map	spalten_dict	Operationen	8	fuenfer
map	spalten_dict	Operationen	9	fuenferstruktur
map	spalten_dict	Operationen	10	9
map	spalten_dict	Operationen	11	neun
map	spalten_dict	Operationen	12	neuner
map	spalten_dict	Operationen	13	neunerstruktur
map	spalten_dict	Operationen	14	3
map	spalten_dict	Operationen	15	drei
map	spalten_dict	Operationen	16	dreier
map	spalten_dict	Operationen	17	dreierstruktur
map	spalten_dict	Operationen	18	2
map	spalten_dict	Operationen	19	zwei
map	spalten_dict	Operationen	20	gerade
map	spalten_dict	Operationen	21	ungerade
map	spalten_dict	Operationen	22	alternierung
map	spalten_dict	Operationen	23	alternierend
map	spalten_dict	Operationen	24	zweierstruktur
map	spalten_dict	Operationen	25	Multiplikation
map	spalten_dict	Operationen	26	multiplikation
map	spalten_dict	Operationen	27	4
map	spalten_dict	Operationen	28	vier
map	spalten_dict	Operationen	29	viererstruktur
map	spalten_dict	Operationen	30	viererabfolgen
map	spalten_dict	operationen	0	Halbierung
map	spalten_dict	operationen	1	halbierung
map	spalten_dict	operationen	2	halbierungen
map	spalten_dict	operationen	3	5
map	spalten_dict	operationen	4	fünf
map	spalten_dict	operationen	5	fünfer
map	spalten_dict	operationen	6	fünferstruktur
map	spalten_dict	operationen	7	fuenf
map	spalten_dict	operationen	8	fuenfer
map	spalten_dict	operationen	9	fuenferstruktur
map	spalten_dict	operationen	10	9
map	spalten_dict	operationen	11	neun
map	spalten_dict	operationen	12	neuner
map	spalten_dict	operationen	13	neunerstruktur
map	spalten_dict	operationen	14	3
map	spalten_dict	operationen	15	drei
map	spalten_dict	operationen	16	dreier
map	spalten_dict	operationen	17	dreierstruktur
map	spalten_dict	operationen	18	2
map	spalten_dict	operationen	19	zwei
map	spalten_dict	operationen	20	gerade
map	spalten_dict	operationen	21	ungerade
map	spalten_dict	operationen	22	alternierung
map	spalten_dict	operationen	23	alternierend
map	spalten_dict	operationen	24	zweierstruktur
map	spalten_dict	operationen	25	Multiplikation
map	spalten_dict	operationen	26	multiplikation
map	spalten_dict	operationen	27	4
map	spalten_dict	operationen	28	vier
map	spalten_dict	operationen	29	viererstruktur
map	spalten_dict	operationen	30	viererabfolgen
map	spalten_dict	Inkrementieren	0	Teilchen-Meta-Physik
map	spalten_dict	Inkrementieren	1	addition
map	spalten_dict	Inkrementieren	2	identitaet
map	spalten_dict	Inkrementieren	3	Identität
map	spalten_dict	Inkrementieren	4	um1
map	spalten_dict	Inkrementieren	5	um2
map	spalten_dict	Inkrementieren	6	um3
map	spalten_dict	Inkrementieren	7	warum_Transzendentalie_=_Strukturgroesse_=_Charakter
map	spalten_dict	Inkrementieren	8	warumtranszendentaliezustrukturgroesseundcharakter
map	spalten_dict	Inkrementieren	9	warum_Transzendentalie_=_Komplexität_von_Michael_Commons
map	spalten_dict	Inkrementieren	10	warumtranszendentaliegleichkomplexitaet
map	spalten_dict	inkrementieren	0	Teilchen-Meta-Physik
map	spalten_dict	inkrementieren	1	addition
map	spalten_dict	inkrementieren	2	identitaet
map	spalten_dict	inkrementieren	3	Identität
map	spalten_dict	inkrementieren	4	um1
map	spalten_dict	inkrementieren	5	um2
map	spalten_dict	inkrementieren	6	um3
map	spalten_dict	inkrementieren	7	warum_Transzendentalie_=_Strukturgroesse_=_Charakter
map	spalten_dict	inkrementieren	8	warumtranszendentaliezustrukturgroesseundcharakter
map	spalten_dict	inkrementieren	9	warum_Transzendentalie_=_Komplexität_von_Michael_Commons
map	spalten_dict	inkrementieren	10	warumtranszendentaliegleichkomplexitaet
map	spalten_dict	Multiversum	0	Farben
map	spalten_dict	Multiversum	1	farbe
map	spalten_dict	Multiversum	2	Farben_Sind_Signale_Signale_sind_Dimension_Dreizehn
map	spalten_dict	Multiversum	3	Maschinen
map	spalten_dict	Multiversum	4	Computer
map	spalten_dict	Multiversum	5	computer
map	spalten_dict	Multiversum	6	maschinen
map	spalten_dict	Multiversum	7	Kybernetik_und_Meta_Chemie
map	spalten_dict	Multiversum	8	kybernetik
map	spalten_dict	Multiversum	9	metachemie
map	spalten_dict	Multiversum	10	Teilchen_anderes_Universum
map	spalten_dict	Multiversum	11	Raumzeit_Anordnung_mathematisch_universell
map	spalten_dict	Multiversum	12	Multiversalien_(16)
map	spalten_dict	Multiversum	13	multiversalien
map	spalten_dict	Multiversum	14	Meta-Physik-Teilchen_(1)
map	spalten_dict	Multiversum	15	teilchen
map	spalten_dict	Multiversum	16	Model_of_Hierarchical_Complexity
map	spalten_dict	Multiversum	17	modelofhierarchicalcomplexity
map	spalten_dict	Multiversum	18	komplex
map	spalten_dict	Multiversum	19	komplexität
map	spalten_dict	Multiversum	20	komplexitaet
map	spalten_dict	Multiversum	21	complexity
map	spalten_dict	Multiversum	22	model
map	spalten_dict	Multiversum	23	abstraktion
map	spalten_dict	Multiversum	24	Strukturalien_bzw_Meta-Paradigmen_bzw_Transzendentalien_(15)
map	spalten_dict	Multiversum	25	Transzendentalien
map	spalten_dict	Multiversum	26	transzendentalien
map	spalten_dict	Multiversum	27	transzendentalie
map	spalten_dict	Multiversum	28	strukturalien
map	spalten_dict	Multiversum	29	alien
map	spalten_dict	Multiversum	30	universalien
map	spalten_dict	Multiversum	31	meta-paradigmen
map	spalten_dict	Multiversum	32	Geist_(15)
map	spalten_dict	Multiversum	33	geist
map	spalten_dict	Multiversum	34	bewusstsein
map	spalten_dict	Multiversum	35	Struktur-Wissenschaften_(10)
map	spalten_dict	Multiversum	36	Muster-Wissenschaften_(20)
map	spalten_dict	Multiversum	37	Biologischer_Baum_(16_->_5)
map	spalten_dict	Multiversum	38	Religionen_Kraefte_Krieg_der_Sterne_Star_Wars
map	spalten_dict	Multiversum	39	P
map	spalten_dict	Multiversum	40	p
map	spalten_dict	Multiversum	41	Sechszehn
map	spalten_dict	Multiversum	42	Dimensionen
map	spalten_dict	Multiversum	43	Multiversum_sind_die_Dimensionen
map	spalten_dict	Multiversum	44	P5
map	spalten_dict	Multiversum	45	p5
map	spalten_dict	Multiversum	46	Sechszehn->Fünf
map	spalten_dict	multiversum	0	Farben
map	spalten_dict	multiversum	1	farbe
map	spalten_dict	multiversum	2	Farben_Sind_Signale_Signale_sind_Dimension_Dreizehn
map	spalten_dict	multiversum	3	Maschinen
map	spalten_dict	multiversum	4	Computer
map	spalten_dict	multiversum	5	computer
map	spalten_dict	multiversum	6	maschinen
map	spalten_dict	multiversum	7	Kybernetik_und_Meta_Chemie
map	spalten_dict	multiversum	8	kybernetik
map	spalten_dict	multiversum	9	metachemie
map	spalten_dict	multiversum	10	Teilchen_anderes_Universum
map	spalten_dict	multiversum	11	Raumzeit_Anordnung_mathematisch_universell
map	spalten_dict	multiversum	12	Multiversalien_(16)
map	spalten_dict	multiversum	13	multiversalien
map	spalten_dict	multiversum	14	Meta-Physik-Teilchen_(1)
map	spalten_dict	multiversum	15	teilchen
map	spalten_dict	multiversum	16	Model_of_Hierarchical_Complexity
map	spalten_dict	multiversum	17	modelofhierarchicalcomplexity
map	spalten_dict	multiversum	18	komplex
map	spalten_dict	multiversum	19	komplexität
map	spalten_dict	multiversum	20	komplexitaet
map	spalten_dict	multiversum	21	complexity
map	spalten_dict	multiversum	22	model
map	spalten_dict	multiversum	23	abstraktion
map	spalten_dict	multiversum	24	Strukturalien_bzw_Meta-Paradigmen_bzw_Transzendentalien_(15)
map	spalten_dict	multiversum	25	Transzendentalien
map	spalten_dict	multiversum	26	transzendentalien
map	spalten_dict	multiversum	27	transzendentalie
map	spalten_dict	multiversum	28	strukturalien
map	spalten_dict	multiversum	29	alien
map	spalten_dict	multiversum	30	universalien
map	spalten_dict	multiversum	31	meta-paradigmen
map	spalten_dict	multiversum	32	Geist_(15)
map	spalten_dict	multiversum	33	geist
map	spalten_dict	multiversum	34	bewusstsein
map	spalten_dict	multiversum	35	Struktur-Wissenschaften_(10)
map	spalten_dict	multiversum	36	Muster-Wissenschaften_(20)
map	spalten_dict	multiversum	37	Biologischer_Baum_(16_->_5)
map	spalten_dict	multiversum	38	Religionen_Kraefte_Krieg_der_Sterne_Star_Wars
map	spalten_dict	multiversum	39	P
map	spalten_dict	multiversum	40	p
map	spalten_dict	multiversum	41	Sechszehn
map	spalten_dict	multiversum	42	Dimensionen
map	spalten_dict	multiversum	43	Multiversum_sind_die_Dimensionen
map	spalten_dict	multiversum	44	P5
map	spalten_dict	multiversum	45	p5
map	spalten_dict	multiversum	46	Sechszehn->Fünf
map	spalten_dict	Grundstrukturen	0	Teilchen_anderes_Universum
map	spalten_dict	Grundstrukturen	1	Bestrafung
map	spalten_dict	Grundstrukturen	2	Erlösung
map	spalten_dict	Grundstrukturen	3	Erloesung
map	spalten_dict	Grundstrukturen	4	Gewalt
map	spalten_dict	Grundstrukturen	5	Netzwerk
map	spalten_dict	Grundstrukturen	6	netzwerk
map	spalten_dict	Grundstrukturen	7	Kontroverse_(51)
map	spalten_dict	Grundstrukturen	8	kontroverse
map	spalten_dict	Grundstrukturen	9	mathematisches_Design_(32)
map	spalten_dict	Grundstrukturen	10	mathematischesdesign
map	spalten_dict	Grundstrukturen	11	analytische_Ontologie
map	spalten_dict	Grundstrukturen	12	analytischeontologie
map	spalten_dict	Grundstrukturen	13	ontologie
map	spalten_dict	Grundstrukturen	14	Strukturgrösse
map	spalten_dict	Grundstrukturen	15	Größenordnung
map	spalten_dict	Grundstrukturen	16	größe
map	spalten_dict	Grundstrukturen	17	groesse
map	spalten_dict	Grundstrukturen	18	gross
map	spalten_dict	Grundstrukturen	19	strukturgroesse
map	spalten_dict	Grundstrukturen	20	strukturgroeße
map	spalten_dict	Grundstrukturen	21	strukturgrösse
map	spalten_dict	Grundstrukturen	22	strukturgröße
map	spalten_dict	Grundstrukturen	23	Model_of_Hierarchical_Complexity
map	spalten_dict	Grundstrukturen	24	modelofhierarchicalcomplexity
map	spalten_dict	Grundstrukturen	25	komplex
map	spalten_dict	Grundstrukturen	26	komplexität
map	spalten_dict	Grundstrukturen	27	komplexitaet
map	spalten_dict	Grundstrukturen	28	complexity
map	spalten_dict	Grundstrukturen	29	model
map	spalten_dict	Grundstrukturen	30	abstraktion
map	spalten_dict	Grundstrukturen	31	System
map	spalten_dict	Grundstrukturen	32	system
map	spalten_dict	Grundstrukturen	33	Strukturalien_bzw_Meta-Paradigmen_bzw_Transzendentalien_(15)
map	spalten_dict	Grundstrukturen	34	Transzendentalien
map	spalten_dict	Grundstrukturen	35	transzendentalien
map	spalten_dict	Grundstrukturen	36	transzendentalie
map	spalten_dict	Grundstrukturen	37	strukturalien
map	spalten_dict	Grundstrukturen	38	alien
map	spalten_dict	Grundstrukturen	39	universalien
map	spalten_dict	Grundstrukturen	40	meta-paradigmen
map	spalten_dict	Grundstrukturen	41	Bedingung_und_Auslöser_(1/3)
map	spalten_dict	Grundstrukturen	42	bedingung
map	spalten_dict	Grundstrukturen	43	bedingungen
map	spalten_dict	Grundstrukturen	44	auslöser
map	spalten_dict	Grundstrukturen	45	ausloeser
map	spalten_dict	Grundstrukturen	46	Lebensbereiche_Problemklassen_(28)
map	spalten_dict	Grundstrukturen	47	lebensbereiche
map	spalten_dict	Grundstrukturen	48	lebensfelder
map	spalten_dict	Grundstrukturen	49	problemklassen
map	spalten_dict	Grundstrukturen	50	Maßnahmen_(39)
map	spalten_dict	Grundstrukturen	51	massnahmen
map	spalten_dict	Grundstrukturen	52	Relation_zueinander_reziprok_Universellen_(18→n_vs._1/n)
map	spalten_dict	Grundstrukturen	53	relativreziprokuniversell
map	spalten_dict	Grundstrukturen	54	universeller_Komperativ_(18→15)
map	spalten_dict	Grundstrukturen	55	universellerkomperativ
map	spalten_dict	Grundstrukturen	56	Existenzialien_(3)
map	spalten_dict	Grundstrukturen	57	existenzialien
map	spalten_dict	Grundstrukturen	58	Extremalien_(19)
map	spalten_dict	Grundstrukturen	59	extremalien
map	spalten_dict	Grundstrukturen	60	Erwartungshaltungen_(26)
map	spalten_dict	Grundstrukturen	61	erwartungen
map	spalten_dict	Grundstrukturen	62	erwartungshaltungen
map	spalten_dict	Grundstrukturen	63	Leidenschaften_(21)
map	spalten_dict	Grundstrukturen	64	leidenschaft
map	spalten_dict	Grundstrukturen	65	leidenschaften
map	spalten_dict	Grundstrukturen	66	relativer_Zeit-Betrag_(15_10_4_18_6)
map	spalten_dict	Grundstrukturen	67	relativerzeitbetrag
map	spalten_dict	Grundstrukturen	68	Zahlenvergleich_(15_18_6)
map	spalten_dict	Grundstrukturen	69	zahlenvergleich
map	spalten_dict	Grundstrukturen	70	Bestrebungen(1/5)
map	spalten_dict	Grundstrukturen	71	bestrebung
map	spalten_dict	Grundstrukturen	72	bestrebungen
map	spalten_dict	Grundstrukturen	73	Prinzipien(1/8)
map	spalten_dict	Grundstrukturen	74	prinzipien
map	spalten_dict	Grundstrukturen	75	Attraktionen_(36)
map	spalten_dict	Grundstrukturen	76	attraktionen
map	spalten_dict	Grundstrukturen	77	Optimierung_(10)
map	spalten_dict	Grundstrukturen	78	optimierung
map	spalten_dict	Grundstrukturen	79	Themen_(6)
map	spalten_dict	Grundstrukturen	80	themen
map	spalten_dict	Grundstrukturen	81	thema
map	spalten_dict	Grundstrukturen	82	Bedeutung_(10)
map	spalten_dict	Grundstrukturen	83	bedeutung
map	spalten_dict	Grundstrukturen	84	Reziprokes
map	spalten_dict	Grundstrukturen	85	reziproke
map	spalten_dict	Grundstrukturen	86	reziprokes
map	spalten_dict	Grundstrukturen	87	Achtung_(4)
map	spalten_dict	Grundstrukturen	88	achtung
map	spalten_dict	Grundstrukturen	89	achten
map	spalten_dict	Grundstrukturen	90	Zeit_(4)_als_Wirklichkeit
map	spalten_dict	Grundstrukturen	91	zeit
map	spalten_dict	Grundstrukturen	92	Absicht_16_ist_zu_genügen
map	spalten_dict	Grundstrukturen	93	absicht16
map	spalten_dict	Grundstrukturen	94	Absicht_17_ist_zu_meinen
map	spalten_dict	Grundstrukturen	95	absicht17
map	spalten_dict	Grundstrukturen	96	Absicht_6_ist_Vorteilsmaximierung
map	spalten_dict	Grundstrukturen	97	absicht6
map	spalten_dict	Grundstrukturen	98	Absicht_7_ist_Selbstlosigkeit
map	spalten_dict	Grundstrukturen	99	absicht7
map	spalten_dict	Grundstrukturen	100	Bewusstheit_statt_Bewusstsein_(1)
map	spalten_dict	Grundstrukturen	101	bewusstheit
map	spalten_dict	Grundstrukturen	102	Verhalten_(11)
map	spalten_dict	Grundstrukturen	103	verhalten
map	spalten_dict	Grundstrukturen	104	Energie_und_universelle_Eigenschaften_(30)
map	spalten_dict	Grundstrukturen	105	energie
map	spalten_dict	Grundstrukturen	106	universelleeigenschaften
map	spalten_dict	Grundstrukturen	107	lebensenergie
map	spalten_dict	Grundstrukturen	108	Garben_und_Verhalten_nachfühlen(31)
map	spalten_dict	Grundstrukturen	109	garben
map	spalten_dict	Grundstrukturen	110	verhaltenfuehlen
map	spalten_dict	Grundstrukturen	111	verhaltenfühlen
map	spalten_dict	Grundstrukturen	112	nachvollziehen_emotional_oder_geistig_durch_Primzahl-Kreuz-Algorithmus_(15)
map	spalten_dict	Grundstrukturen	113	nachvollziehen
map	spalten_dict	Grundstrukturen	114	Empathie_(37)
map	spalten_dict	Grundstrukturen	115	empathie
map	spalten_dict	Grundstrukturen	116	mitgefuehl
map	spalten_dict	Grundstrukturen	117	Absicht_1/6_ist_Reinigung_und_Klarheit
map	spalten_dict	Grundstrukturen	118	absicht1/6
map	spalten_dict	Grundstrukturen	119	absicht1pro6
map	spalten_dict	Grundstrukturen	120	innere_Werte_1/6_der_Reinigung_und_Klarheit
map	spalten_dict	Grundstrukturen	121	innerewerte
map	spalten_dict	Grundstrukturen	122	Absicht_10_ist_Wirklichkeit_erkennen
map	spalten_dict	Grundstrukturen	123	absicht10
map	spalten_dict	Grundstrukturen	124	Wohlbefinden_(7mit6)
map	spalten_dict	Grundstrukturen	125	wohlbefinden
map	spalten_dict	Grundstrukturen	126	Geist_(15)
map	spalten_dict	Grundstrukturen	127	geist
map	spalten_dict	Grundstrukturen	128	bewusstsein
map	spalten_dict	Grundstrukturen	129	Reflexe_(3)
map	spalten_dict	Grundstrukturen	130	reflex
map	spalten_dict	Grundstrukturen	131	reflexe
map	spalten_dict	Grundstrukturen	132	Lust_(9)
map	spalten_dict	Grundstrukturen	133	lust
map	spalten_dict	Grundstrukturen	134	einheiten
map	spalten_dict	Grundstrukturen	135	Paradigmen_sind_Absichten_(13)
map	spalten_dict	Grundstrukturen	136	paradigmen
map	spalten_dict	Grundstrukturen	137	absichten
map	spalten_dict	Grundstrukturen	138	Wirklichkeiten_Wahrheit_Wahrnehmung_(10)
map	spalten_dict	Grundstrukturen	139	wirklichkeit
map	spalten_dict	Grundstrukturen	140	wirklichkeiten
map	spalten_dict	Grundstrukturen	141	wahrheit
map	spalten_dict	Grundstrukturen	142	wahrnehmung
map	spalten_dict	Grundstrukturen	143	Rechnen
map	spalten_dict	Grundstrukturen	144	rechnen
map	spalten_dict	Grundstrukturen	145	Stimmungen_Kombinationen_(14)
map	spalten_dict	Grundstrukturen	146	stimmung
map	spalten_dict	Grundstrukturen	147	stimmungen
map	spalten_dict	Grundstrukturen	148	kombination
map	spalten_dict	Grundstrukturen	149	kombinationen
map	spalten_dict	Grundstrukturen	150	Anführer_Arten_(7)
map	spalten_dict	Grundstrukturen	151	Klassen_(20)
map	spalten_dict	Grundstrukturen	152	klasse
map	spalten_dict	Grundstrukturen	153	klassen
map	spalten_dict	Grundstrukturen	154	Ordnung_und_Filterung_12_und_1pro12
map	spalten_dict	Grundstrukturen	155	ordnen
map	spalten_dict	Grundstrukturen	156	ordnenundfiltern
map	spalten_dict	Grundstrukturen	157	filtern
map	spalten_dict	Grundstrukturen	158	Meta-Systeme_(12)
map	spalten_dict	Grundstrukturen	159	metasysteme
map	spalten_dict	Grundstrukturen	160	metasystem
map	spalten_dict	Grundstrukturen	161	meta-systeme
map	spalten_dict	Grundstrukturen	162	meta-system
map	spalten_dict	Grundstrukturen	163	menge
map	spalten_dict	Grundstrukturen	164	mengen
map	spalten_dict	Grundstrukturen	165	Absicht_1/8
map	spalten_dict	Grundstrukturen	166	absicht1pro8
map	spalten_dict	Grundstrukturen	167	absicht1/8
map	spalten_dict	Grundstrukturen	168	Ziele_(19)
map	spalten_dict	Grundstrukturen	169	ziele
map	spalten_dict	Grundstrukturen	170	maxima
map	spalten_dict	Grundstrukturen	171	höhenvorstellungen
map	spalten_dict	Grundstrukturen	172	Konkreta_und_Focus_(2)
map	spalten_dict	Grundstrukturen	173	konkreta
map	spalten_dict	Grundstrukturen	174	focus
map	spalten_dict	Grundstrukturen	175	fokus
map	spalten_dict	Grundstrukturen	176	Gefühle_(7)
map	spalten_dict	Grundstrukturen	177	gefuehle
map	spalten_dict	Grundstrukturen	178	emotionen
map	spalten_dict	Grundstrukturen	179	emotion
map	spalten_dict	Grundstrukturen	180	gefühle
map	spalten_dict	Grundstrukturen	181	abhängige_Verbundenheit_(90)
map	spalten_dict	Grundstrukturen	182	abhaengigkeit
map	spalten_dict	Grundstrukturen	183	abhängigkeit
map	spalten_dict	Grundstrukturen	184	Karte_Filter_und_Unterscheidung_(1/12)
map	spalten_dict	Grundstrukturen	185	karte
map	spalten_dict	Grundstrukturen	186	filter
map	spalten_dict	Grundstrukturen	187	unterscheidung
map	spalten_dict	Grundstrukturen	188	Fundament_(1/19)
map	spalten_dict	Grundstrukturen	189	fundament
map	spalten_dict	Grundstrukturen	190	Gedanken_sind_Positionen_(17)
map	spalten_dict	Grundstrukturen	191	positionen
map	spalten_dict	Grundstrukturen	192	gedanken
map	spalten_dict	Grundstrukturen	193	Funktionen_Vorstellungen_(16)
map	spalten_dict	Grundstrukturen	194	vorstellungen
map	spalten_dict	Grundstrukturen	195	vorstellung
map	spalten_dict	Grundstrukturen	196	funktionen
map	spalten_dict	Grundstrukturen	197	Sollen_Frage_Vorgehensweise_(1/13)
map	spalten_dict	Grundstrukturen	198	sollen
map	spalten_dict	Grundstrukturen	199	frage
map	spalten_dict	Grundstrukturen	200	vorgehensweise
map	spalten_dict	Grundstrukturen	201	Ansichten_Standpunkte_(18_17)
map	spalten_dict	Grundstrukturen	202	ansichten
map	spalten_dict	Grundstrukturen	203	Verbundenheiten_(18)
map	spalten_dict	Grundstrukturen	204	verbundenheiten
map	spalten_dict	Grundstrukturen	205	Absicht_13_ist_Helfen
map	spalten_dict	Grundstrukturen	206	absicht13
map	spalten_dict	Grundstrukturen	207	helfen
map	spalten_dict	Grundstrukturen	208	Liebe_(7)
map	spalten_dict	Grundstrukturen	209	liebe
map	spalten_dict	Grundstrukturen	210	Koalitionen_(10)
map	spalten_dict	Grundstrukturen	211	koalitionen
map	spalten_dict	Grundstrukturen	212	gegen_5
map	spalten_dict	Grundstrukturen	213	Impulse_(5)
map	spalten_dict	Grundstrukturen	214	impulse
map	spalten_dict	Grundstrukturen	215	Triebe_und_Bedürfnisse_(6)
map	spalten_dict	Grundstrukturen	216	trieb
map	spalten_dict	Grundstrukturen	217	triebe
map	spalten_dict	Grundstrukturen	218	bedürfnis
map	spalten_dict	Grundstrukturen	219	bedürfnisse
map	spalten_dict	Grundstrukturen	220	werte
map	spalten_dict	Grundstrukturen	221	Taetigkeiten
map	spalten_dict	Grundstrukturen	222	tätigkeiten
map	spalten_dict	Grundstrukturen	223	taetigkeiten
map	spalten_dict	Grundstrukturen	224	Reflektion_und_Kategorien_(1/15)
map	spalten_dict	Grundstrukturen	225	reflektion
map	spalten_dict	Grundstrukturen	226	kategorien
map	spalten_dict	Grundstrukturen	227	Modus_und_Sein_(8)
map	spalten_dict	Grundstrukturen	228	zustaende
map	spalten_dict	Grundstrukturen	229	zustände
map	spalten_dict	Grundstrukturen	230	modus
map	spalten_dict	Grundstrukturen	231	modi
map	spalten_dict	Grundstrukturen	232	sein
map	spalten_dict	Grundstrukturen	233	Biologischer_Baum_(15)
map	spalten_dict	grundstrukturen	0	Teilchen_anderes_Universum
map	spalten_dict	grundstrukturen	1	Bestrafung
map	spalten_dict	grundstrukturen	2	Erlösung
map	spalten_dict	grundstrukturen	3	Erloesung
map	spalten_dict	grundstrukturen	4	Gewalt
map	spalten_dict	grundstrukturen	5	Netzwerk
map	spalten_dict	grundstrukturen	6	netzwerk
map	spalten_dict	grundstrukturen	7	Kontroverse_(51)
map	spalten_dict	grundstrukturen	8	kontroverse
map	spalten_dict	grundstrukturen	9	mathematisches_Design_(32)
map	spalten_dict	grundstrukturen	10	mathematischesdesign
map	spalten_dict	grundstrukturen	11	analytische_Ontologie
map	spalten_dict	grundstrukturen	12	analytischeontologie
map	spalten_dict	grundstrukturen	13	ontologie
map	spalten_dict	grundstrukturen	14	Strukturgrösse
map	spalten_dict	grundstrukturen	15	Größenordnung
map	spalten_dict	grundstrukturen	16	größe
map	spalten_dict	grundstrukturen	17	groesse
map	spalten_dict	grundstrukturen	18	gross
map	spalten_dict	grundstrukturen	19	strukturgroesse
map	spalten_dict	grundstrukturen	20	strukturgroeße
map	spalten_dict	grundstrukturen	21	strukturgrösse
map	spalten_dict	grundstrukturen	22	strukturgröße
map	spalten_dict	grundstrukturen	23	Model_of_Hierarchical_Complexity
map	spalten_dict	grundstrukturen	24	modelofhierarchicalcomplexity
map	spalten_dict	grundstrukturen	25	komplex
map	spalten_dict	grundstrukturen	26	komplexität
map	spalten_dict	grundstrukturen	27	komplexitaet
map	spalten_dict	grundstrukturen	28	complexity
map	spalten_dict	grundstrukturen	29	model
map	spalten_dict	grundstrukturen	30	abstraktion
map	spalten_dict	grundstrukturen	31	System
map	spalten_dict	grundstrukturen	32	system
map	spalten_dict	grundstrukturen	33	Strukturalien_bzw_Meta-Paradigmen_bzw_Transzendentalien_(15)
map	spalten_dict	grundstrukturen	34	Transzendentalien
map	spalten_dict	grundstrukturen	35	transzendentalien
map	spalten_dict	grundstrukturen	36	transzendentalie
map	spalten_dict	grundstrukturen	37	strukturalien
map	spalten_dict	grundstrukturen	38	alien
map	spalten_dict	grundstrukturen	39	universalien
map	spalten_dict	grundstrukturen	40	meta-paradigmen
map	spalten_dict	grundstrukturen	41	Bedingung_und_Auslöser_(1/3)
map	spalten_dict	grundstrukturen	42	bedingung
map	spalten_dict	grundstrukturen	43	bedingungen
map	spalten_dict	grundstrukturen	44	auslöser
map	spalten_dict	grundstrukturen	45	ausloeser
map	spalten_dict	grundstrukturen	46	Lebensbereiche_Problemklassen_(28)
map	spalten_dict	grundstrukturen	47	lebensbereiche
map	spalten_dict	grundstrukturen	48	lebensfelder
map	spalten_dict	grundstrukturen	49	problemklassen
map	spalten_dict	grundstrukturen	50	Maßnahmen_(39)
map	spalten_dict	grundstrukturen	51	massnahmen
map	spalten_dict	grundstrukturen	52	Relation_zueinander_reziprok_Universellen_(18→n_vs._1/n)
map	spalten_dict	grundstrukturen	53	relativreziprokuniversell
map	spalten_dict	grundstrukturen	54	universeller_Komperativ_(18→15)
map	spalten_dict	grundstrukturen	55	universellerkomperativ
map	spalten_dict	grundstrukturen	56	Existenzialien_(3)
map	spalten_dict	grundstrukturen	57	existenzialien
map	spalten_dict	grundstrukturen	58	Extremalien_(19)
map	spalten_dict	grundstrukturen	59	extremalien
map	spalten_dict	grundstrukturen	60	Erwartungshaltungen_(26)
map	spalten_dict	grundstrukturen	61	erwartungen
map	spalten_dict	grundstrukturen	62	erwartungshaltungen
map	spalten_dict	grundstrukturen	63	Leidenschaften_(21)
map	spalten_dict	grundstrukturen	64	leidenschaft
map	spalten_dict	grundstrukturen	65	leidenschaften
map	spalten_dict	grundstrukturen	66	relativer_Zeit-Betrag_(15_10_4_18_6)
map	spalten_dict	grundstrukturen	67	relativerzeitbetrag
map	spalten_dict	grundstrukturen	68	Zahlenvergleich_(15_18_6)
map	spalten_dict	grundstrukturen	69	zahlenvergleich
map	spalten_dict	grundstrukturen	70	Bestrebungen(1/5)
map	spalten_dict	grundstrukturen	71	bestrebung
map	spalten_dict	grundstrukturen	72	bestrebungen
map	spalten_dict	grundstrukturen	73	Prinzipien(1/8)
map	spalten_dict	grundstrukturen	74	prinzipien
map	spalten_dict	grundstrukturen	75	Attraktionen_(36)
map	spalten_dict	grundstrukturen	76	attraktionen
map	spalten_dict	grundstrukturen	77	Optimierung_(10)
map	spalten_dict	grundstrukturen	78	optimierung
map	spalten_dict	grundstrukturen	79	Themen_(6)
map	spalten_dict	grundstrukturen	80	themen
map	spalten_dict	grundstrukturen	81	thema
map	spalten_dict	grundstrukturen	82	Bedeutung_(10)
map	spalten_dict	grundstrukturen	83	bedeutung
map	spalten_dict	grundstrukturen	84	Reziprokes
map	spalten_dict	grundstrukturen	85	reziproke
map	spalten_dict	grundstrukturen	86	reziprokes
map	spalten_dict	grundstrukturen	87	Achtung_(4)
map	spalten_dict	grundstrukturen	88	achtung
map	spalten_dict	grundstrukturen	89	achten
map	spalten_dict	grundstrukturen	90	Zeit_(4)_als_Wirklichkeit
map	spalten_dict	grundstrukturen	91	zeit
map	spalten_dict	grundstrukturen	92	Absicht_16_ist_zu_genügen
map	spalten_dict	grundstrukturen	93	absicht16
map	spalten_dict	grundstrukturen	94	Absicht_17_ist_zu_meinen
map	spalten_dict	grundstrukturen	95	absicht17
map	spalten_dict	grundstrukturen	96	Absicht_6_ist_Vorteilsmaximierung
map	spalten_dict	grundstrukturen	97	absicht6
map	spalten_dict	grundstrukturen	98	Absicht_7_ist_Selbstlosigkeit
map	spalten_dict	grundstrukturen	99	absicht7
map	spalten_dict	grundstrukturen	100	Bewusstheit_statt_Bewusstsein_(1)
map	spalten_dict	grundstrukturen	101	bewusstheit
map	spalten_dict	grundstrukturen	102	Verhalten_(11)
map	spalten_dict	grundstrukturen	103	verhalten
map	spalten_dict	grundstrukturen	104	Energie_und_universelle_Eigenschaften_(30)
map	spalten_dict	grundstrukturen	105	energie
map	spalten_dict	grundstrukturen	106	universelleeigenschaften
map	spalten_dict	grundstrukturen	107	lebensenergie
map	spalten_dict	grundstrukturen	108	Garben_und_Verhalten_nachfühlen(31)
map	spalten_dict	grundstrukturen	109	garben
map	spalten_dict	grundstrukturen	110	verhaltenfuehlen
map	spalten_dict	grundstrukturen	111	verhaltenfühlen
map	spalten_dict	grundstrukturen	112	nachvollziehen_emotional_oder_geistig_durch_Primzahl-Kreuz-Algorithmus_(15)
map	spalten_dict	grundstrukturen	113	nachvollziehen
map	spalten_dict	grundstrukturen	114	Empathie_(37)
map	spalten_dict	grundstrukturen	115	empathie
map	spalten_dict	grundstrukturen	116	mitgefuehl
map	spalten_dict	grundstrukturen	117	Absicht_1/6_ist_Reinigung_und_Klarheit
map	spalten_dict	grundstrukturen	118	absicht1/6
map	spalten_dict	grundstrukturen	119	absicht1pro6
map	spalten_dict	grundstrukturen	120	innere_Werte_1/6_der_Reinigung_und_Klarheit
map	spalten_dict	grundstrukturen	121	innerewerte
map	spalten_dict	grundstrukturen	122	Absicht_10_ist_Wirklichkeit_erkennen
map	spalten_dict	grundstrukturen	123	absicht10
map	spalten_dict	grundstrukturen	124	Wohlbefinden_(7mit6)
map	spalten_dict	grundstrukturen	125	wohlbefinden
map	spalten_dict	grundstrukturen	126	Geist_(15)
map	spalten_dict	grundstrukturen	127	geist
map	spalten_dict	grundstrukturen	128	bewusstsein
map	spalten_dict	grundstrukturen	129	Reflexe_(3)
map	spalten_dict	grundstrukturen	130	reflex
map	spalten_dict	grundstrukturen	131	reflexe
map	spalten_dict	grundstrukturen	132	Lust_(9)
map	spalten_dict	grundstrukturen	133	lust
map	spalten_dict	grundstrukturen	134	einheiten
map	spalten_dict	grundstrukturen	135	Paradigmen_sind_Absichten_(13)
map	spalten_dict	grundstrukturen	136	paradigmen
map	spalten_dict	grundstrukturen	137	absichten
map	spalten_dict	grundstrukturen	138	Wirklichkeiten_Wahrheit_Wahrnehmung_(10)
map	spalten_dict	grundstrukturen	139	wirklichkeit
map	spalten_dict	grundstrukturen	140	wirklichkeiten
map	spalten_dict	grundstrukturen	141	wahrheit
map	spalten_dict	grundstrukturen	142	wahrnehmung
map	spalten_dict	grundstrukturen	143	Rechnen
map	spalten_dict	grundstrukturen	144	rechnen
map	spalten_dict	grundstrukturen	145	Stimmungen_Kombinationen_(14)
map	spalten_dict	grundstrukturen	146	stimmung
map	spalten_dict	grundstrukturen	147	stimmungen
map	spalten_dict	grundstrukturen	148	kombination
map	spalten_dict	grundstrukturen	149	kombinationen
map	spalten_dict	grundstrukturen	150	Anführer_Arten_(7)
map	spalten_dict	grundstrukturen	151	Klassen_(20)
map	spalten_dict	grundstrukturen	152	klasse
map	spalten_dict	grundstrukturen	153	klassen
map	spalten_dict	grundstrukturen	154	Ordnung_und_Filterung_12_und_1pro12
map	spalten_dict	grundstrukturen	155	ordnen
map	spalten_dict	grundstrukturen	156	ordnenundfiltern
map	spalten_dict	grundstrukturen	157	filtern
map	spalten_dict	grundstrukturen	158	Meta-Systeme_(12)
map	spalten_dict	grundstrukturen	159	metasysteme
map	spalten_dict	grundstrukturen	160	metasystem
map	spalten_dict	grundstrukturen	161	meta-systeme
map	spalten_dict	grundstrukturen	162	meta-system
map	spalten_dict	grundstrukturen	163	menge
map	spalten_dict	grundstrukturen	164	mengen
map	spalten_dict	grundstrukturen	165	Absicht_1/8
map	spalten_dict	grundstrukturen	166	absicht1pro8
map	spalten_dict	grundstrukturen	167	absicht1/8
map	spalten_dict	grundstrukturen	168	Ziele_(19)
map	spalten_dict	grundstrukturen	169	ziele
map	spalten_dict	grundstrukturen	170	maxima
map	spalten_dict	grundstrukturen	171	höhenvorstellungen
map	spalten_dict	grundstrukturen	172	Konkreta_und_Focus_(2)
map	spalten_dict	grundstrukturen	173	konkreta
map	spalten_dict	grundstrukturen	174	focus
map	spalten_dict	grundstrukturen	175	fokus
map	spalten_dict	grundstrukturen	176	Gefühle_(7)
map	spalten_dict	grundstrukturen	177	gefuehle
map	spalten_dict	grundstrukturen	178	emotionen
map	spalten_dict	grundstrukturen	179	emotion
map	spalten_dict	grundstrukturen	180	gefühle
map	spalten_dict	grundstrukturen	181	abhängige_Verbundenheit_(90)
map	spalten_dict	grundstrukturen	182	abhaengigkeit
map	spalten_dict	grundstrukturen	183	abhängigkeit
map	spalten_dict	grundstrukturen	184	Karte_Filter_und_Unterscheidung_(1/12)
map	spalten_dict	grundstrukturen	185	karte
map	spalten_dict	grundstrukturen	186	filter
map	spalten_dict	grundstrukturen	187	unterscheidung
map	spalten_dict	grundstrukturen	188	Fundament_(1/19)
map	spalten_dict	grundstrukturen	189	fundament
map	spalten_dict	grundstrukturen	190	Gedanken_sind_Positionen_(17)
map	spalten_dict	grundstrukturen	191	positionen
map	spalten_dict	grundstrukturen	192	gedanken
map	spalten_dict	grundstrukturen	193	Funktionen_Vorstellungen_(16)
map	spalten_dict	grundstrukturen	194	vorstellungen
map	spalten_dict	grundstrukturen	195	vorstellung
map	spalten_dict	grundstrukturen	196	funktionen
map	spalten_dict	grundstrukturen	197	Sollen_Frage_Vorgehensweise_(1/13)
map	spalten_dict	grundstrukturen	198	sollen
map	spalten_dict	grundstrukturen	199	frage
map	spalten_dict	grundstrukturen	200	vorgehensweise
map	spalten_dict	grundstrukturen	201	Ansichten_Standpunkte_(18_17)
map	spalten_dict	grundstrukturen	202	ansichten
map	spalten_dict	grundstrukturen	203	Verbundenheiten_(18)
map	spalten_dict	grundstrukturen	204	verbundenheiten
map	spalten_dict	grundstrukturen	205	Absicht_13_ist_Helfen
map	spalten_dict	grundstrukturen	206	absicht13
map	spalten_dict	grundstrukturen	207	helfen
map	spalten_dict	grundstrukturen	208	Liebe_(7)
map	spalten_dict	grundstrukturen	209	liebe
map	spalten_dict	grundstrukturen	210	Koalitionen_(10)
map	spalten_dict	grundstrukturen	211	koalitionen
map	spalten_dict	grundstrukturen	212	gegen_5
map	spalten_dict	grundstrukturen	213	Impulse_(5)
map	spalten_dict	grundstrukturen	214	impulse
map	spalten_dict	grundstrukturen	215	Triebe_und_Bedürfnisse_(6)
map	spalten_dict	grundstrukturen	216	trieb
map	spalten_dict	grundstrukturen	217	triebe
map	spalten_dict	grundstrukturen	218	bedürfnis
map	spalten_dict	grundstrukturen	219	bedürfnisse
map	spalten_dict	grundstrukturen	220	werte
map	spalten_dict	grundstrukturen	221	Taetigkeiten
map	spalten_dict	grundstrukturen	222	tätigkeiten
map	spalten_dict	grundstrukturen	223	taetigkeiten
map	spalten_dict	grundstrukturen	224	Reflektion_und_Kategorien_(1/15)
map	spalten_dict	grundstrukturen	225	reflektion
map	spalten_dict	grundstrukturen	226	kategorien
map	spalten_dict	grundstrukturen	227	Modus_und_Sein_(8)
map	spalten_dict	grundstrukturen	228	zustaende
map	spalten_dict	grundstrukturen	229	zustände
map	spalten_dict	grundstrukturen	230	modus
map	spalten_dict	grundstrukturen	231	modi
map	spalten_dict	grundstrukturen	232	sein
map	spalten_dict	grundstrukturen	233	Biologischer_Baum_(15)
map	spalten_dict	Teilchen-Meta-Physik	0	das_Universelle_(15)
map	spalten_dict	Teilchen-Meta-Physik	1	Wirklichkeiten_(10)
map	spalten_dict	Teilchen-Meta-Physik	2	wirklichkeit
map	spalten_dict	Teilchen-Meta-Physik	3	wirklichkeiten
map	spalten_dict	Teilchen-Meta-Physik	4	das_Galaktische_(14)
map	spalten_dict	Teilchen-Meta-Physik	5	das_Multiverselle_(16)
map	spalten_dict	Teilchen-Meta-Physik	6	die_Tugendsortierung_(13_mit_14)
map	spalten_dict	Teilchen-Meta-Physik	7	die_Galaxie_Unterbereiche_(13)
map	spalten_dict	Teilchen-Meta-Physik	8	das_Gute_die_Richtung_(7)
map	spalten_dict	Teilchen-Meta-Physik	9	Raum_und_Dimensionen_(8)
map	spalten_dict	teilchen	0	das_Universelle_(15)
map	spalten_dict	teilchen	1	Wirklichkeiten_(10)
map	spalten_dict	teilchen	2	wirklichkeit
map	spalten_dict	teilchen	3	wirklichkeiten
map	spalten_dict	teilchen	4	das_Galaktische_(14)
map	spalten_dict	teilchen	5	das_Multiverselle_(16)
map	spalten_dict	teilchen	6	die_Tugendsortierung_(13_mit_14)
map	spalten_dict	teilchen	7	die_Galaxie_Unterbereiche_(13)
map	spalten_dict	teilchen	8	das_Gute_die_Richtung_(7)
map	spalten_dict	teilchen	9	Raum_und_Dimensionen_(8)
map	spalten_dict	Größenordnung	0	Licht
map	spalten_dict	Größenordnung	1	licht
map	spalten_dict	Größenordnung	2	Strukturgrösse
map	spalten_dict	Größenordnung	3	Größenordnung
map	spalten_dict	Größenordnung	4	größe
map	spalten_dict	Größenordnung	5	groesse
map	spalten_dict	Größenordnung	6	gross
map	spalten_dict	Größenordnung	7	strukturgroesse
map	spalten_dict	Größenordnung	8	strukturgroeße
map	spalten_dict	Größenordnung	9	strukturgrösse
map	spalten_dict	Größenordnung	10	strukturgröße
map	spalten_dict	Größenordnung	11	Organisationen
map	spalten_dict	Größenordnung	12	organisationen
map	spalten_dict	Größenordnung	13	organisation
map	spalten_dict	Größenordnung	14	politische_Systeme
map	spalten_dict	Größenordnung	15	politischesysteme
map	spalten_dict	Größenordnung	16	politik
map	spalten_dict	groessenordnung	0	Licht
map	spalten_dict	groessenordnung	1	licht
map	spalten_dict	groessenordnung	2	Strukturgrösse
map	spalten_dict	groessenordnung	3	Größenordnung
map	spalten_dict	groessenordnung	4	größe
map	spalten_dict	groessenordnung	5	groesse
map	spalten_dict	groessenordnung	6	gross
map	spalten_dict	groessenordnung	7	strukturgroesse
map	spalten_dict	groessenordnung	8	strukturgroeße
map	spalten_dict	groessenordnung	9	strukturgrösse
map	spalten_dict	groessenordnung	10	strukturgröße
map	spalten_dict	groessenordnung	11	Organisationen
map	spalten_dict	groessenordnung	12	organisationen
map	spalten_dict	groessenordnung	13	organisation
map	spalten_dict	groessenordnung	14	politische_Systeme
map	spalten_dict	groessenordnung	15	politischesysteme
map	spalten_dict	groessenordnung	16	politik
map	spalten_dict	strukturgroesse	0	Licht
map	spalten_dict	strukturgroesse	1	licht
map	spalten_dict	strukturgroesse	2	Strukturgrösse
map	spalten_dict	strukturgroesse	3	Größenordnung
map	spalten_dict	strukturgroesse	4	größe
map	spalten_dict	strukturgroesse	5	groesse
map	spalten_dict	strukturgroesse	6	gross
map	spalten_dict	strukturgroesse	7	strukturgroesse
map	spalten_dict	strukturgroesse	8	strukturgroeße
map	spalten_dict	strukturgroesse	9	strukturgrösse
map	spalten_dict	strukturgroesse	10	strukturgröße
map	spalten_dict	strukturgroesse	11	Organisationen
map	spalten_dict	strukturgroesse	12	organisationen
map	spalten_dict	strukturgroesse	13	organisation
map	spalten_dict	strukturgroesse	14	politische_Systeme
map	spalten_dict	strukturgroesse	15	politischesysteme
map	spalten_dict	strukturgroesse	16	politik
map	spalten_dict	strukturgroeße	0	Licht
map	spalten_dict	strukturgroeße	1	licht
map	spalten_dict	strukturgroeße	2	Strukturgrösse
map	spalten_dict	strukturgroeße	3	Größenordnung
map	spalten_dict	strukturgroeße	4	größe
map	spalten_dict	strukturgroeße	5	groesse
map	spalten_dict	strukturgroeße	6	gross
map	spalten_dict	strukturgroeße	7	strukturgroesse
map	spalten_dict	strukturgroeße	8	strukturgroeße
map	spalten_dict	strukturgroeße	9	strukturgrösse
map	spalten_dict	strukturgroeße	10	strukturgröße
map	spalten_dict	strukturgroeße	11	Organisationen
map	spalten_dict	strukturgroeße	12	organisationen
map	spalten_dict	strukturgroeße	13	organisation
map	spalten_dict	strukturgroeße	14	politische_Systeme
map	spalten_dict	strukturgroeße	15	politischesysteme
map	spalten_dict	strukturgroeße	16	politik
map	spalten_dict	strukturgrösse	0	Licht
map	spalten_dict	strukturgrösse	1	licht
map	spalten_dict	strukturgrösse	2	Strukturgrösse
map	spalten_dict	strukturgrösse	3	Größenordnung
map	spalten_dict	strukturgrösse	4	größe
map	spalten_dict	strukturgrösse	5	groesse
map	spalten_dict	strukturgrösse	6	gross
map	spalten_dict	strukturgrösse	7	strukturgroesse
map	spalten_dict	strukturgrösse	8	strukturgroeße
map	spalten_dict	strukturgrösse	9	strukturgrösse
map	spalten_dict	strukturgrösse	10	strukturgröße
map	spalten_dict	strukturgrösse	11	Organisationen
map	spalten_dict	strukturgrösse	12	organisationen
map	spalten_dict	strukturgrösse	13	organisation
map	spalten_dict	strukturgrösse	14	politische_Systeme
map	spalten_dict	strukturgrösse	15	politischesysteme
map	spalten_dict	strukturgrösse	16	politik
map	spalten_dict	strukturgröße	0	Licht
map	spalten_dict	strukturgröße	1	licht
map	spalten_dict	strukturgröße	2	Strukturgrösse
map	spalten_dict	strukturgröße	3	Größenordnung
map	spalten_dict	strukturgröße	4	größe
map	spalten_dict	strukturgröße	5	groesse
map	spalten_dict	strukturgröße	6	gross
map	spalten_dict	strukturgröße	7	strukturgroesse
map	spalten_dict	strukturgröße	8	strukturgroeße
map	spalten_dict	strukturgröße	9	strukturgrösse
map	spalten_dict	strukturgröße	10	strukturgröße
map	spalten_dict	strukturgröße	11	Organisationen
map	spalten_dict	strukturgröße	12	organisationen
map	spalten_dict	strukturgröße	13	organisation
map	spalten_dict	strukturgröße	14	politische_Systeme
map	spalten_dict	strukturgröße	15	politischesysteme
map	spalten_dict	strukturgröße	16	politik
map	spalten_dict	groesse	0	Licht
map	spalten_dict	groesse	1	licht
map	spalten_dict	groesse	2	Strukturgrösse
map	spalten_dict	groesse	3	Größenordnung
map	spalten_dict	groesse	4	größe
map	spalten_dict	groesse	5	groesse
map	spalten_dict	groesse	6	gross
map	spalten_dict	groesse	7	strukturgroesse
map	spalten_dict	groesse	8	strukturgroeße
map	spalten_dict	groesse	9	strukturgrösse
map	spalten_dict	groesse	10	strukturgröße
map	spalten_dict	groesse	11	Organisationen
map	spalten_dict	groesse	12	organisationen
map	spalten_dict	groesse	13	organisation
map	spalten_dict	groesse	14	politische_Systeme
map	spalten_dict	groesse	15	politischesysteme
map	spalten_dict	groesse	16	politik
map	spalten_dict	stufe	0	Licht
map	spalten_dict	stufe	1	licht
map	spalten_dict	stufe	2	Strukturgrösse
map	spalten_dict	stufe	3	Größenordnung
map	spalten_dict	stufe	4	größe
map	spalten_dict	stufe	5	groesse
map	spalten_dict	stufe	6	gross
map	spalten_dict	stufe	7	strukturgroesse
map	spalten_dict	stufe	8	strukturgroeße
map	spalten_dict	stufe	9	strukturgrösse
map	spalten_dict	stufe	10	strukturgröße
map	spalten_dict	stufe	11	Organisationen
map	spalten_dict	stufe	12	organisationen
map	spalten_dict	stufe	13	organisation
map	spalten_dict	stufe	14	politische_Systeme
map	spalten_dict	stufe	15	politischesysteme
map	spalten_dict	stufe	16	politik
map	spalten_dict	organisationen	0	Licht
map	spalten_dict	organisationen	1	licht
map	spalten_dict	organisationen	2	Strukturgrösse
map	spalten_dict	organisationen	3	Größenordnung
map	spalten_dict	organisationen	4	größe
map	spalten_dict	organisationen	5	groesse
map	spalten_dict	organisationen	6	gross
map	spalten_dict	organisationen	7	strukturgroesse
map	spalten_dict	organisationen	8	strukturgroeße
map	spalten_dict	organisationen	9	strukturgrösse
map	spalten_dict	organisationen	10	strukturgröße
map	spalten_dict	organisationen	11	Organisationen
map	spalten_dict	organisationen	12	organisationen
map	spalten_dict	organisationen	13	organisation
map	spalten_dict	organisationen	14	politische_Systeme
map	spalten_dict	organisationen	15	politischesysteme
map	spalten_dict	organisationen	16	politik
map	spalten_dict	Meta_vs_Konkret_(Universum)	0	meta
map	spalten_dict	Meta_vs_Konkret_(Universum)	1	konkret
map	spalten_dict	Meta_vs_Konkret_(Universum)	2	Theorie
map	spalten_dict	Meta_vs_Konkret_(Universum)	3	theorie
map	spalten_dict	Meta_vs_Konkret_(Universum)	4	Praxis
map	spalten_dict	Meta_vs_Konkret_(Universum)	5	praxis
map	spalten_dict	Meta_vs_Konkret_(Universum)	6	Management
map	spalten_dict	Meta_vs_Konkret_(Universum)	7	management
map	spalten_dict	Meta_vs_Konkret_(Universum)	8	stau
map	spalten_dict	Meta_vs_Konkret_(Universum)	9	verändernd
map	spalten_dict	Meta_vs_Konkret_(Universum)	10	veraendernd
map	spalten_dict	Meta_vs_Konkret_(Universum)	11	fluss
map	spalten_dict	Meta_vs_Konkret_(Universum)	12	ganzheitlich
map	spalten_dict	Meta_vs_Konkret_(Universum)	13	mathematisch_diskret
map	spalten_dict	Meta_vs_Konkret_(Universum)	14	diskret
map	spalten_dict	Meta_vs_Konkret_(Universum)	15	darüber_hinausgehend
map	spalten_dict	Meta_vs_Konkret_(Universum)	16	hinausgehend
map	spalten_dict	Meta_vs_Konkret_(Universum)	17	kontinuierlich
map	spalten_dict	Meta_vs_Konkret_(Universum)	18	Unternehmung_Geschäft
map	spalten_dict	Meta_vs_Konkret_(Universum)	19	unternehmen
map	spalten_dict	Meta_vs_Konkret_(Universum)	20	unternehmung
map	spalten_dict	Meta_vs_Konkret_(Universum)	21	geschaeft
map	spalten_dict	Meta_vs_Konkret_(Universum)	22	geschäft
map	spalten_dict	Meta_vs_Konkret_(Universum)	23	wertvoll
map	spalten_dict	Meta_vs_Konkret_(Universum)	24	wert
map	spalten_dict	Meta_vs_Konkret_(Universum)	25	Beherrschen
map	spalten_dict	Meta_vs_Konkret_(Universum)	26	regieren
map	spalten_dict	Meta_vs_Konkret_(Universum)	27	beherrschen
map	spalten_dict	Meta_vs_Konkret_(Universum)	28	Richtung
map	spalten_dict	Meta_vs_Konkret_(Universum)	29	richtung
map	spalten_dict	Meta_vs_Konkret_(Universum)	30	gut
map	spalten_dict	universummetakonkret	0	meta
map	spalten_dict	universummetakonkret	1	konkret
map	spalten_dict	universummetakonkret	2	Theorie
map	spalten_dict	universummetakonkret	3	theorie
map	spalten_dict	universummetakonkret	4	Praxis
map	spalten_dict	universummetakonkret	5	praxis
map	spalten_dict	universummetakonkret	6	Management
map	spalten_dict	universummetakonkret	7	management
map	spalten_dict	universummetakonkret	8	stau
map	spalten_dict	universummetakonkret	9	verändernd
map	spalten_dict	universummetakonkret	10	veraendernd
map	spalten_dict	universummetakonkret	11	fluss
map	spalten_dict	universummetakonkret	12	ganzheitlich
map	spalten_dict	universummetakonkret	13	mathematisch_diskret
map	spalten_dict	universummetakonkret	14	diskret
map	spalten_dict	universummetakonkret	15	darüber_hinausgehend
map	spalten_dict	universummetakonkret	16	hinausgehend
map	spalten_dict	universummetakonkret	17	kontinuierlich
map	spalten_dict	universummetakonkret	18	Unternehmung_Geschäft
map	spalten_dict	universummetakonkret	19	unternehmen
map	spalten_dict	universummetakonkret	20	unternehmung
map	spalten_dict	universummetakonkret	21	geschaeft
map	spalten_dict	universummetakonkret	22	geschäft
map	spalten_dict	universummetakonkret	23	wertvoll
map	spalten_dict	universummetakonkret	24	wert
map	spalten_dict	universummetakonkret	25	Beherrschen
map	spalten_dict	universummetakonkret	26	regieren
map	spalten_dict	universummetakonkret	27	beherrschen
map	spalten_dict	universummetakonkret	28	Richtung
map	spalten_dict	universummetakonkret	29	richtung
map	spalten_dict	universummetakonkret	30	gut
map	spalten_dict	Primzahlwirkung	0	Universum_Strukturalien_Transzendentalien
map	spalten_dict	Primzahlwirkung	1	universum
map	spalten_dict	Primzahlwirkung	2	strukturalie
map	spalten_dict	Primzahlwirkung	3	strukturalien
map	spalten_dict	Primzahlwirkung	4	transzendentalien
map	spalten_dict	Primzahlwirkung	5	transzendentalie
map	spalten_dict	Primzahlwirkung	6	Richtung_als_Richtung
map	spalten_dict	Primzahlwirkung	7	richtungrichtung
map	spalten_dict	Primzahlwirkung	8	Galaxieabsicht
map	spalten_dict	Primzahlwirkung	9	absichtgalaxie
map	spalten_dict	Primzahlwirkung	10	absicht
map	spalten_dict	Primzahlwirkung	11	motive
map	spalten_dict	Primzahlwirkung	12	motiv
map	spalten_dict	Primzahlwirkung	13	absichten
map	spalten_dict	Primzahlwirkung	14	galaxie
map	spalten_dict	Primzahlwirkung	15	Absicht_Reziproke_Galaxie
map	spalten_dict	Primzahlwirkung	16	absichtgalaxiereziproke
map	spalten_dict	Primzahlwirkung	17	absichtreziproke
map	spalten_dict	Primzahlwirkung	18	motivereziproke
map	spalten_dict	Primzahlwirkung	19	motivreziproke
map	spalten_dict	Primzahlwirkung	20	absichtenreziproke
map	spalten_dict	Primzahlwirkung	21	galaxiereziproke
map	spalten_dict	Primzahlwirkung	22	Universum_Reziproke
map	spalten_dict	Primzahlwirkung	23	universumreziproke
map	spalten_dict	Primzahlwirkung	24	strukturaliereziproke
map	spalten_dict	Primzahlwirkung	25	strukturalienreziproke
map	spalten_dict	Primzahlwirkung	26	transzendentalienreziproke
map	spalten_dict	Primzahlwirkung	27	transzendentaliereziproke
map	spalten_dict	Primzahlwirkung	28	Dagegen-Gegentranszendentalie
map	spalten_dict	Primzahlwirkung	29	dagegengegentranszendentalie
map	spalten_dict	Primzahlwirkung	30	dagegengegentranszendentalien
map	spalten_dict	Primzahlwirkung	31	dagegengegenstrukturalien
map	spalten_dict	Primzahlwirkung	32	dagegengegenstrukturalie
map	spalten_dict	Primzahlwirkung	33	neutrale_Gegentranszendentalie
map	spalten_dict	Primzahlwirkung	34	neutralegegentranszendentalie
map	spalten_dict	Primzahlwirkung	35	neutralegegentranszendentalien
map	spalten_dict	Primzahlwirkung	36	neutralegegenstrukturalien
map	spalten_dict	Primzahlwirkung	37	neutralegegenstrukturalie
map	spalten_dict	primzahlwirkung	0	Universum_Strukturalien_Transzendentalien
map	spalten_dict	primzahlwirkung	1	universum
map	spalten_dict	primzahlwirkung	2	strukturalie
map	spalten_dict	primzahlwirkung	3	strukturalien
map	spalten_dict	primzahlwirkung	4	transzendentalien
map	spalten_dict	primzahlwirkung	5	transzendentalie
map	spalten_dict	primzahlwirkung	6	Richtung_als_Richtung
map	spalten_dict	primzahlwirkung	7	richtungrichtung
map	spalten_dict	primzahlwirkung	8	Galaxieabsicht
map	spalten_dict	primzahlwirkung	9	absichtgalaxie
map	spalten_dict	primzahlwirkung	10	absicht
map	spalten_dict	primzahlwirkung	11	motive
map	spalten_dict	primzahlwirkung	12	motiv
map	spalten_dict	primzahlwirkung	13	absichten
map	spalten_dict	primzahlwirkung	14	galaxie
map	spalten_dict	primzahlwirkung	15	Absicht_Reziproke_Galaxie
map	spalten_dict	primzahlwirkung	16	absichtgalaxiereziproke
map	spalten_dict	primzahlwirkung	17	absichtreziproke
map	spalten_dict	primzahlwirkung	18	motivereziproke
map	spalten_dict	primzahlwirkung	19	motivreziproke
map	spalten_dict	primzahlwirkung	20	absichtenreziproke
map	spalten_dict	primzahlwirkung	21	galaxiereziproke
map	spalten_dict	primzahlwirkung	22	Universum_Reziproke
map	spalten_dict	primzahlwirkung	23	universumreziproke
map	spalten_dict	primzahlwirkung	24	strukturaliereziproke
map	spalten_dict	primzahlwirkung	25	strukturalienreziproke
map	spalten_dict	primzahlwirkung	26	transzendentalienreziproke
map	spalten_dict	primzahlwirkung	27	transzendentaliereziproke
map	spalten_dict	primzahlwirkung	28	Dagegen-Gegentranszendentalie
map	spalten_dict	primzahlwirkung	29	dagegengegentranszendentalie
map	spalten_dict	primzahlwirkung	30	dagegengegentranszendentalien
map	spalten_dict	primzahlwirkung	31	dagegengegenstrukturalien
map	spalten_dict	primzahlwirkung	32	dagegengegenstrukturalie
map	spalten_dict	primzahlwirkung	33	neutrale_Gegentranszendentalie
map	spalten_dict	primzahlwirkung	34	neutralegegentranszendentalie
map	spalten_dict	primzahlwirkung	35	neutralegegentranszendentalien
map	spalten_dict	primzahlwirkung	36	neutralegegenstrukturalien
map	spalten_dict	primzahlwirkung	37	neutralegegenstrukturalie
map	spalten_dict	Wirtschaft	0	Fachgebiete
map	spalten_dict	Wirtschaft	1	fachgebiete
map	spalten_dict	Wirtschaft	2	fachbereiche
map	spalten_dict	Wirtschaft	3	themen
map	spalten_dict	Wirtschaft	4	Pflanzen
map	spalten_dict	Wirtschaft	5	pflanzen
map	spalten_dict	Wirtschaft	6	Maschinen
map	spalten_dict	Wirtschaft	7	maschinen
map	spalten_dict	Wirtschaft	8	maschine
map	spalten_dict	Wirtschaft	9	gerät
map	spalten_dict	Wirtschaft	10	geräte
map	spalten_dict	Wirtschaft	11	geraete
map	spalten_dict	Wirtschaft	12	geraet
map	spalten_dict	Wirtschaft	13	Organisationsform
map	spalten_dict	Wirtschaft	14	organisationsform
map	spalten_dict	Wirtschaft	15	organisationsart
map	spalten_dict	Wirtschaft	16	firma
map	spalten_dict	Wirtschaft	17	verein
map	spalten_dict	Wirtschaft	18	System
map	spalten_dict	Wirtschaft	19	system
map	spalten_dict	Wirtschaft	20	Erklärung
map	spalten_dict	Wirtschaft	21	erklärung
map	spalten_dict	Wirtschaft	22	erklaerung
map	spalten_dict	Wirtschaft	23	BWL
map	spalten_dict	Wirtschaft	24	bwl
map	spalten_dict	wirtschaft	0	Fachgebiete
map	spalten_dict	wirtschaft	1	fachgebiete
map	spalten_dict	wirtschaft	2	fachbereiche
map	spalten_dict	wirtschaft	3	themen
map	spalten_dict	wirtschaft	4	Pflanzen
map	spalten_dict	wirtschaft	5	pflanzen
map	spalten_dict	wirtschaft	6	Maschinen
map	spalten_dict	wirtschaft	7	maschinen
map	spalten_dict	wirtschaft	8	maschine
map	spalten_dict	wirtschaft	9	gerät
map	spalten_dict	wirtschaft	10	geräte
map	spalten_dict	wirtschaft	11	geraete
map	spalten_dict	wirtschaft	12	geraet
map	spalten_dict	wirtschaft	13	Organisationsform
map	spalten_dict	wirtschaft	14	organisationsform
map	spalten_dict	wirtschaft	15	organisationsart
map	spalten_dict	wirtschaft	16	firma
map	spalten_dict	wirtschaft	17	verein
map	spalten_dict	wirtschaft	18	System
map	spalten_dict	wirtschaft	19	system
map	spalten_dict	wirtschaft	20	Erklärung
map	spalten_dict	wirtschaft	21	erklärung
map	spalten_dict	wirtschaft	22	erklaerung
map	spalten_dict	wirtschaft	23	BWL
map	spalten_dict	wirtschaft	24	bwl
map	spalten_dict	Pro_Contra	0	ergibt_Sinn
map	spalten_dict	Pro_Contra	1	ergibtsinn
map	spalten_dict	Pro_Contra	2	machtsinn
map	spalten_dict	Pro_Contra	3	sinn
map	spalten_dict	Pro_Contra	4	Veränderung
map	spalten_dict	Pro_Contra	5	veraenderung
map	spalten_dict	Pro_Contra	6	veraendern
map	spalten_dict	Pro_Contra	7	veränderung
map	spalten_dict	Pro_Contra	8	verändern
map	spalten_dict	Pro_Contra	9	bändigen_kontrollieren
map	spalten_dict	Pro_Contra	10	baendigenkontrollieren
map	spalten_dict	Pro_Contra	11	kontrollieren
map	spalten_dict	Pro_Contra	12	baendigen
map	spalten_dict	Pro_Contra	13	bändigen
map	spalten_dict	Pro_Contra	14	vereinen
map	spalten_dict	Pro_Contra	15	einheit
map	spalten_dict	Pro_Contra	16	Vorteile
map	spalten_dict	Pro_Contra	17	vorteile
map	spalten_dict	Pro_Contra	18	veraenderungnutzen
map	spalten_dict	Pro_Contra	19	Gegenspieler
map	spalten_dict	Pro_Contra	20	gegenspieler
map	spalten_dict	Pro_Contra	21	antagonist
map	spalten_dict	Pro_Contra	22	nervig
map	spalten_dict	Pro_Contra	23	pro_nutzen
map	spalten_dict	Pro_Contra	24	pronutzen
map	spalten_dict	Pro_Contra	25	Gegenposition
map	spalten_dict	Pro_Contra	26	gegenposition
map	spalten_dict	Pro_Contra	27	Hilfe_erhalten
map	spalten_dict	Pro_Contra	28	hilfeerhalten
map	spalten_dict	Pro_Contra	29	Helfen
map	spalten_dict	Pro_Contra	30	helfen
map	spalten_dict	Pro_Contra	31	hilfe
map	spalten_dict	Pro_Contra	32	Pro
map	spalten_dict	Pro_Contra	33	pro
map	spalten_dict	Pro_Contra	34	dafür
map	spalten_dict	Pro_Contra	35	dafuer
map	spalten_dict	Pro_Contra	36	nicht_miteinander_auskommen
map	spalten_dict	Pro_Contra	37	nichtauskommen
map	spalten_dict	Pro_Contra	38	nicht_dagegen
map	spalten_dict	Pro_Contra	39	nichtdagegen
map	spalten_dict	Pro_Contra	40	kein_Gegenteil
map	spalten_dict	Pro_Contra	41	keingegenteil
map	spalten_dict	Pro_Contra	42	nicht_dafür
map	spalten_dict	Pro_Contra	43	nichtdafuer
map	spalten_dict	Pro_Contra	44	Hilfe_nicht_gebrauchen
map	spalten_dict	Pro_Contra	45	hilfenichtgebrauchen
map	spalten_dict	Pro_Contra	46	nicht_helfen_können
map	spalten_dict	Pro_Contra	47	nichthelfenkoennen
map	spalten_dict	Pro_Contra	48	nicht_abgeneigt
map	spalten_dict	Pro_Contra	49	nichtabgeneigt
map	spalten_dict	Pro_Contra	50	unmotivierbar
map	spalten_dict	Pro_Contra	51	contra
map	spalten_dict	Pro_Contra	52	dagegen
map	spalten_dict	Pro_Contra	53	Gegenteil
map	spalten_dict	Pro_Contra	54	gegenteil
map	spalten_dict	Pro_Contra	55	Harmonie
map	spalten_dict	Pro_Contra	56	harmonie
map	spalten_dict	Pro_Contra	57	Primzahlkreuz_pro_contra
map	spalten_dict	Pro_Contra	58	primzahlkreuz
map	spalten_dict	procontra	0	ergibt_Sinn
map	spalten_dict	procontra	1	ergibtsinn
map	spalten_dict	procontra	2	machtsinn
map	spalten_dict	procontra	3	sinn
map	spalten_dict	procontra	4	Veränderung
map	spalten_dict	procontra	5	veraenderung
map	spalten_dict	procontra	6	veraendern
map	spalten_dict	procontra	7	veränderung
map	spalten_dict	procontra	8	verändern
map	spalten_dict	procontra	9	bändigen_kontrollieren
map	spalten_dict	procontra	10	baendigenkontrollieren
map	spalten_dict	procontra	11	kontrollieren
map	spalten_dict	procontra	12	baendigen
map	spalten_dict	procontra	13	bändigen
map	spalten_dict	procontra	14	vereinen
map	spalten_dict	procontra	15	einheit
map	spalten_dict	procontra	16	Vorteile
map	spalten_dict	procontra	17	vorteile
map	spalten_dict	procontra	18	veraenderungnutzen
map	spalten_dict	procontra	19	Gegenspieler
map	spalten_dict	procontra	20	gegenspieler
map	spalten_dict	procontra	21	antagonist
map	spalten_dict	procontra	22	nervig
map	spalten_dict	procontra	23	pro_nutzen
map	spalten_dict	procontra	24	pronutzen
map	spalten_dict	procontra	25	Gegenposition
map	spalten_dict	procontra	26	gegenposition
map	spalten_dict	procontra	27	Hilfe_erhalten
map	spalten_dict	procontra	28	hilfeerhalten
map	spalten_dict	procontra	29	Helfen
map	spalten_dict	procontra	30	helfen
map	spalten_dict	procontra	31	hilfe
map	spalten_dict	procontra	32	Pro
map	spalten_dict	procontra	33	pro
map	spalten_dict	procontra	34	dafür
map	spalten_dict	procontra	35	dafuer
map	spalten_dict	procontra	36	nicht_miteinander_auskommen
map	spalten_dict	procontra	37	nichtauskommen
map	spalten_dict	procontra	38	nicht_dagegen
map	spalten_dict	procontra	39	nichtdagegen
map	spalten_dict	procontra	40	kein_Gegenteil
map	spalten_dict	procontra	41	keingegenteil
map	spalten_dict	procontra	42	nicht_dafür
map	spalten_dict	procontra	43	nichtdafuer
map	spalten_dict	procontra	44	Hilfe_nicht_gebrauchen
map	spalten_dict	procontra	45	hilfenichtgebrauchen
map	spalten_dict	procontra	46	nicht_helfen_können
map	spalten_dict	procontra	47	nichthelfenkoennen
map	spalten_dict	procontra	48	nicht_abgeneigt
map	spalten_dict	procontra	49	nichtabgeneigt
map	spalten_dict	procontra	50	unmotivierbar
map	spalten_dict	procontra	51	contra
map	spalten_dict	procontra	52	dagegen
map	spalten_dict	procontra	53	Gegenteil
map	spalten_dict	procontra	54	gegenteil
map	spalten_dict	procontra	55	Harmonie
map	spalten_dict	procontra	56	harmonie
map	spalten_dict	procontra	57	Primzahlkreuz_pro_contra
map	spalten_dict	procontra	58	primzahlkreuz
map	spalten_dict	dagegendafuer	0	ergibt_Sinn
map	spalten_dict	dagegendafuer	1	ergibtsinn
map	spalten_dict	dagegendafuer	2	machtsinn
map	spalten_dict	dagegendafuer	3	sinn
map	spalten_dict	dagegendafuer	4	Veränderung
map	spalten_dict	dagegendafuer	5	veraenderung
map	spalten_dict	dagegendafuer	6	veraendern
map	spalten_dict	dagegendafuer	7	veränderung
map	spalten_dict	dagegendafuer	8	verändern
map	spalten_dict	dagegendafuer	9	bändigen_kontrollieren
map	spalten_dict	dagegendafuer	10	baendigenkontrollieren
map	spalten_dict	dagegendafuer	11	kontrollieren
map	spalten_dict	dagegendafuer	12	baendigen
map	spalten_dict	dagegendafuer	13	bändigen
map	spalten_dict	dagegendafuer	14	vereinen
map	spalten_dict	dagegendafuer	15	einheit
map	spalten_dict	dagegendafuer	16	Vorteile
map	spalten_dict	dagegendafuer	17	vorteile
map	spalten_dict	dagegendafuer	18	veraenderungnutzen
map	spalten_dict	dagegendafuer	19	Gegenspieler
map	spalten_dict	dagegendafuer	20	gegenspieler
map	spalten_dict	dagegendafuer	21	antagonist
map	spalten_dict	dagegendafuer	22	nervig
map	spalten_dict	dagegendafuer	23	pro_nutzen
map	spalten_dict	dagegendafuer	24	pronutzen
map	spalten_dict	dagegendafuer	25	Gegenposition
map	spalten_dict	dagegendafuer	26	gegenposition
map	spalten_dict	dagegendafuer	27	Hilfe_erhalten
map	spalten_dict	dagegendafuer	28	hilfeerhalten
map	spalten_dict	dagegendafuer	29	Helfen
map	spalten_dict	dagegendafuer	30	helfen
map	spalten_dict	dagegendafuer	31	hilfe
map	spalten_dict	dagegendafuer	32	Pro
map	spalten_dict	dagegendafuer	33	pro
map	spalten_dict	dagegendafuer	34	dafür
map	spalten_dict	dagegendafuer	35	dafuer
map	spalten_dict	dagegendafuer	36	nicht_miteinander_auskommen
map	spalten_dict	dagegendafuer	37	nichtauskommen
map	spalten_dict	dagegendafuer	38	nicht_dagegen
map	spalten_dict	dagegendafuer	39	nichtdagegen
map	spalten_dict	dagegendafuer	40	kein_Gegenteil
map	spalten_dict	dagegendafuer	41	keingegenteil
map	spalten_dict	dagegendafuer	42	nicht_dafür
map	spalten_dict	dagegendafuer	43	nichtdafuer
map	spalten_dict	dagegendafuer	44	Hilfe_nicht_gebrauchen
map	spalten_dict	dagegendafuer	45	hilfenichtgebrauchen
map	spalten_dict	dagegendafuer	46	nicht_helfen_können
map	spalten_dict	dagegendafuer	47	nichthelfenkoennen
map	spalten_dict	dagegendafuer	48	nicht_abgeneigt
map	spalten_dict	dagegendafuer	49	nichtabgeneigt
map	spalten_dict	dagegendafuer	50	unmotivierbar
map	spalten_dict	dagegendafuer	51	contra
map	spalten_dict	dagegendafuer	52	dagegen
map	spalten_dict	dagegendafuer	53	Gegenteil
map	spalten_dict	dagegendafuer	54	gegenteil
map	spalten_dict	dagegendafuer	55	Harmonie
map	spalten_dict	dagegendafuer	56	harmonie
map	spalten_dict	dagegendafuer	57	Primzahlkreuz_pro_contra
map	spalten_dict	dagegendafuer	58	primzahlkreuz
map-empty	spalten_dict	Licht	0	-
map-empty	spalten_dict	licht	0	-
map	spalten_dict	Bedeutung	0	Primzahlkreuz_pro_contra
map	spalten_dict	Bedeutung	1	primzahlkreuz
map	spalten_dict	Bedeutung	2	in_ReTa
map	spalten_dict	Bedeutung	3	inreta
map	spalten_dict	Bedeutung	4	Vorzeichen
map	spalten_dict	Bedeutung	5	vorzeichen
map	spalten_dict	Bedeutung	6	Primzahlen
map	spalten_dict	Bedeutung	7	primzahlen
map	spalten_dict	Bedeutung	8	vielfache
map	spalten_dict	Bedeutung	9	vielfacher
map	spalten_dict	Bedeutung	10	Anwendung_der_Sonnen_und_Monde
map	spalten_dict	Bedeutung	11	anwendungdersonnenundmonde
map	spalten_dict	Bedeutung	12	anwendungdersonnen
map	spalten_dict	Bedeutung	13	anwendungenfuermonde
map	spalten_dict	Bedeutung	14	Zählungen
map	spalten_dict	Bedeutung	15	zählungen
map	spalten_dict	Bedeutung	16	zaehlung
map	spalten_dict	Bedeutung	17	zaehlungen
map	spalten_dict	Bedeutung	18	zählung
map	spalten_dict	Bedeutung	19	Jura
map	spalten_dict	Bedeutung	20	jura
map	spalten_dict	Bedeutung	21	gesetzeslehre
map	spalten_dict	Bedeutung	22	recht
map	spalten_dict	Bedeutung	23	Vollkommenheit_des_Geistes
map	spalten_dict	Bedeutung	24	vollkommenheit
map	spalten_dict	Bedeutung	25	geist
map	spalten_dict	Bedeutung	26	Gestirn
map	spalten_dict	Bedeutung	27	gestirn
map	spalten_dict	Bedeutung	28	mond
map	spalten_dict	Bedeutung	29	sonne
map	spalten_dict	Bedeutung	30	planet
map	spalten_dict	Bedeutung	31	Konjunktiv_Wurzelbildung
map	spalten_dict	Bedeutung	32	konjunktiv
map	spalten_dict	Bedeutung	33	wurzel
map	spalten_dict	Bedeutung	34	Mechanismen_der_Züchtung
map	spalten_dict	Bedeutung	35	mechanismen
map	spalten_dict	Bedeutung	36	wesen
map	spalten_dict	Bedeutung	37	zuechtung
map	spalten_dict	Bedeutung	38	züchtung
map	spalten_dict	Bedeutung	39	züchten
map	spalten_dict	Bedeutung	40	zuechten
map	spalten_dict	bedeutung	0	Primzahlkreuz_pro_contra
map	spalten_dict	bedeutung	1	primzahlkreuz
map	spalten_dict	bedeutung	2	in_ReTa
map	spalten_dict	bedeutung	3	inreta
map	spalten_dict	bedeutung	4	Vorzeichen
map	spalten_dict	bedeutung	5	vorzeichen
map	spalten_dict	bedeutung	6	Primzahlen
map	spalten_dict	bedeutung	7	primzahlen
map	spalten_dict	bedeutung	8	vielfache
map	spalten_dict	bedeutung	9	vielfacher
map	spalten_dict	bedeutung	10	Anwendung_der_Sonnen_und_Monde
map	spalten_dict	bedeutung	11	anwendungdersonnenundmonde
map	spalten_dict	bedeutung	12	anwendungdersonnen
map	spalten_dict	bedeutung	13	anwendungenfuermonde
map	spalten_dict	bedeutung	14	Zählungen
map	spalten_dict	bedeutung	15	zählungen
map	spalten_dict	bedeutung	16	zaehlung
map	spalten_dict	bedeutung	17	zaehlungen
map	spalten_dict	bedeutung	18	zählung
map	spalten_dict	bedeutung	19	Jura
map	spalten_dict	bedeutung	20	jura
map	spalten_dict	bedeutung	21	gesetzeslehre
map	spalten_dict	bedeutung	22	recht
map	spalten_dict	bedeutung	23	Vollkommenheit_des_Geistes
map	spalten_dict	bedeutung	24	vollkommenheit
map	spalten_dict	bedeutung	25	geist
map	spalten_dict	bedeutung	26	Gestirn
map	spalten_dict	bedeutung	27	gestirn
map	spalten_dict	bedeutung	28	mond
map	spalten_dict	bedeutung	29	sonne
map	spalten_dict	bedeutung	30	planet
map	spalten_dict	bedeutung	31	Konjunktiv_Wurzelbildung
map	spalten_dict	bedeutung	32	konjunktiv
map	spalten_dict	bedeutung	33	wurzel
map	spalten_dict	bedeutung	34	Mechanismen_der_Züchtung
map	spalten_dict	bedeutung	35	mechanismen
map	spalten_dict	bedeutung	36	wesen
map	spalten_dict	bedeutung	37	zuechtung
map	spalten_dict	bedeutung	38	züchtung
map	spalten_dict	bedeutung	39	züchten
map	spalten_dict	bedeutung	40	zuechten
map	spalten_dict	gebrochen-rational_Galaxie_n/m	0	9
map	spalten_dict	gebrochen-rational_Galaxie_n/m	1	23
map	spalten_dict	gebrochen-rational_Galaxie_n/m	2	8
map	spalten_dict	gebrochen-rational_Galaxie_n/m	3	5
map	spalten_dict	gebrochen-rational_Galaxie_n/m	4	10
map	spalten_dict	gebrochen-rational_Galaxie_n/m	5	15
map	spalten_dict	gebrochen-rational_Galaxie_n/m	6	17
map	spalten_dict	gebrochen-rational_Galaxie_n/m	7	7
map	spalten_dict	gebrochen-rational_Galaxie_n/m	8	11
map	spalten_dict	gebrochen-rational_Galaxie_n/m	9	22
map	spalten_dict	gebrochen-rational_Galaxie_n/m	10	14
map	spalten_dict	gebrochen-rational_Galaxie_n/m	11	4
map	spalten_dict	gebrochen-rational_Galaxie_n/m	12	16
map	spalten_dict	gebrochen-rational_Galaxie_n/m	13	12
map	spalten_dict	gebrochen-rational_Galaxie_n/m	14	2
map	spalten_dict	gebrochen-rational_Galaxie_n/m	15	13
map	spalten_dict	gebrochen-rational_Galaxie_n/m	16	21
map	spalten_dict	gebrochen-rational_Galaxie_n/m	17	6
map	spalten_dict	gebrochen-rational_Galaxie_n/m	18	3
map	spalten_dict	gebrochen-rational_Galaxie_n/m	19	20
map	spalten_dict	gebrochen-rational_Galaxie_n/m	20	18
map	spalten_dict	gebrochen-rational_Galaxie_n/m	21	19
map	spalten_dict	gebrochengalaxie	0	9
map	spalten_dict	gebrochengalaxie	1	23
map	spalten_dict	gebrochengalaxie	2	8
map	spalten_dict	gebrochengalaxie	3	5
map	spalten_dict	gebrochengalaxie	4	10
map	spalten_dict	gebrochengalaxie	5	15
map	spalten_dict	gebrochengalaxie	6	17
map	spalten_dict	gebrochengalaxie	7	7
map	spalten_dict	gebrochengalaxie	8	11
map	spalten_dict	gebrochengalaxie	9	22
map	spalten_dict	gebrochengalaxie	10	14
map	spalten_dict	gebrochengalaxie	11	4
map	spalten_dict	gebrochengalaxie	12	16
map	spalten_dict	gebrochengalaxie	13	12
map	spalten_dict	gebrochengalaxie	14	2
map	spalten_dict	gebrochengalaxie	15	13
map	spalten_dict	gebrochengalaxie	16	21
map	spalten_dict	gebrochengalaxie	17	6
map	spalten_dict	gebrochengalaxie	18	3
map	spalten_dict	gebrochengalaxie	19	20
map	spalten_dict	gebrochengalaxie	20	18
map	spalten_dict	gebrochengalaxie	21	19
map	spalten_dict	gebrochen-rational_Universum_n/m	0	9
map	spalten_dict	gebrochen-rational_Universum_n/m	1	23
map	spalten_dict	gebrochen-rational_Universum_n/m	2	8
map	spalten_dict	gebrochen-rational_Universum_n/m	3	5
map	spalten_dict	gebrochen-rational_Universum_n/m	4	10
map	spalten_dict	gebrochen-rational_Universum_n/m	5	15
map	spalten_dict	gebrochen-rational_Universum_n/m	6	17
map	spalten_dict	gebrochen-rational_Universum_n/m	7	7
map	spalten_dict	gebrochen-rational_Universum_n/m	8	11
map	spalten_dict	gebrochen-rational_Universum_n/m	9	22
map	spalten_dict	gebrochen-rational_Universum_n/m	10	14
map	spalten_dict	gebrochen-rational_Universum_n/m	11	4
map	spalten_dict	gebrochen-rational_Universum_n/m	12	16
map	spalten_dict	gebrochen-rational_Universum_n/m	13	12
map	spalten_dict	gebrochen-rational_Universum_n/m	14	2
map	spalten_dict	gebrochen-rational_Universum_n/m	15	13
map	spalten_dict	gebrochen-rational_Universum_n/m	16	21
map	spalten_dict	gebrochen-rational_Universum_n/m	17	6
map	spalten_dict	gebrochen-rational_Universum_n/m	18	3
map	spalten_dict	gebrochen-rational_Universum_n/m	19	20
map	spalten_dict	gebrochen-rational_Universum_n/m	20	18
map	spalten_dict	gebrochen-rational_Universum_n/m	21	19
map	spalten_dict	gebrochenuniversum	0	9
map	spalten_dict	gebrochenuniversum	1	23
map	spalten_dict	gebrochenuniversum	2	8
map	spalten_dict	gebrochenuniversum	3	5
map	spalten_dict	gebrochenuniversum	4	10
map	spalten_dict	gebrochenuniversum	5	15
map	spalten_dict	gebrochenuniversum	6	17
map	spalten_dict	gebrochenuniversum	7	7
map	spalten_dict	gebrochenuniversum	8	11
map	spalten_dict	gebrochenuniversum	9	22
map	spalten_dict	gebrochenuniversum	10	14
map	spalten_dict	gebrochenuniversum	11	4
map	spalten_dict	gebrochenuniversum	12	16
map	spalten_dict	gebrochenuniversum	13	12
map	spalten_dict	gebrochenuniversum	14	2
map	spalten_dict	gebrochenuniversum	15	13
map	spalten_dict	gebrochenuniversum	16	21
map	spalten_dict	gebrochenuniversum	17	6
map	spalten_dict	gebrochenuniversum	18	3
map	spalten_dict	gebrochenuniversum	19	20
map	spalten_dict	gebrochenuniversum	20	18
map	spalten_dict	gebrochenuniversum	21	19
map	spalten_dict	gebrochen-rational_Gefuehle_n/m	0	9
map	spalten_dict	gebrochen-rational_Gefuehle_n/m	1	23
map	spalten_dict	gebrochen-rational_Gefuehle_n/m	2	8
map	spalten_dict	gebrochen-rational_Gefuehle_n/m	3	5
map	spalten_dict	gebrochen-rational_Gefuehle_n/m	4	10
map	spalten_dict	gebrochen-rational_Gefuehle_n/m	5	15
map	spalten_dict	gebrochen-rational_Gefuehle_n/m	6	17
map	spalten_dict	gebrochen-rational_Gefuehle_n/m	7	7
map	spalten_dict	gebrochen-rational_Gefuehle_n/m	8	11
map	spalten_dict	gebrochen-rational_Gefuehle_n/m	9	22
map	spalten_dict	gebrochen-rational_Gefuehle_n/m	10	14
map	spalten_dict	gebrochen-rational_Gefuehle_n/m	11	4
map	spalten_dict	gebrochen-rational_Gefuehle_n/m	12	16
map	spalten_dict	gebrochen-rational_Gefuehle_n/m	13	12
map	spalten_dict	gebrochen-rational_Gefuehle_n/m	14	2
map	spalten_dict	gebrochen-rational_Gefuehle_n/m	15	13
map	spalten_dict	gebrochen-rational_Gefuehle_n/m	16	21
map	spalten_dict	gebrochen-rational_Gefuehle_n/m	17	6
map	spalten_dict	gebrochen-rational_Gefuehle_n/m	18	3
map	spalten_dict	gebrochen-rational_Gefuehle_n/m	19	20
map	spalten_dict	gebrochen-rational_Gefuehle_n/m	20	18
map	spalten_dict	gebrochen-rational_Gefuehle_n/m	21	19
map	spalten_dict	gebrochenemotion	0	9
map	spalten_dict	gebrochenemotion	1	23
map	spalten_dict	gebrochenemotion	2	8
map	spalten_dict	gebrochenemotion	3	5
map	spalten_dict	gebrochenemotion	4	10
map	spalten_dict	gebrochenemotion	5	15
map	spalten_dict	gebrochenemotion	6	17
map	spalten_dict	gebrochenemotion	7	7
map	spalten_dict	gebrochenemotion	8	11
map	spalten_dict	gebrochenemotion	9	22
map	spalten_dict	gebrochenemotion	10	14
map	spalten_dict	gebrochenemotion	11	4
map	spalten_dict	gebrochenemotion	12	16
map	spalten_dict	gebrochenemotion	13	12
map	spalten_dict	gebrochenemotion	14	2
map	spalten_dict	gebrochenemotion	15	13
map	spalten_dict	gebrochenemotion	16	21
map	spalten_dict	gebrochenemotion	17	6
map	spalten_dict	gebrochenemotion	18	3
map	spalten_dict	gebrochenemotion	19	20
map	spalten_dict	gebrochenemotion	20	18
map	spalten_dict	gebrochenemotion	21	19
map	spalten_dict	gebrochen-rational_Strukturgroesse_n/m	0	9
map	spalten_dict	gebrochen-rational_Strukturgroesse_n/m	1	23
map	spalten_dict	gebrochen-rational_Strukturgroesse_n/m	2	8
map	spalten_dict	gebrochen-rational_Strukturgroesse_n/m	3	5
map	spalten_dict	gebrochen-rational_Strukturgroesse_n/m	4	10
map	spalten_dict	gebrochen-rational_Strukturgroesse_n/m	5	15
map	spalten_dict	gebrochen-rational_Strukturgroesse_n/m	6	17
map	spalten_dict	gebrochen-rational_Strukturgroesse_n/m	7	7
map	spalten_dict	gebrochen-rational_Strukturgroesse_n/m	8	11
map	spalten_dict	gebrochen-rational_Strukturgroesse_n/m	9	22
map	spalten_dict	gebrochen-rational_Strukturgroesse_n/m	10	14
map	spalten_dict	gebrochen-rational_Strukturgroesse_n/m	11	4
map	spalten_dict	gebrochen-rational_Strukturgroesse_n/m	12	16
map	spalten_dict	gebrochen-rational_Strukturgroesse_n/m	13	12
map	spalten_dict	gebrochen-rational_Strukturgroesse_n/m	14	2
map	spalten_dict	gebrochen-rational_Strukturgroesse_n/m	15	13
map	spalten_dict	gebrochen-rational_Strukturgroesse_n/m	16	21
map	spalten_dict	gebrochen-rational_Strukturgroesse_n/m	17	6
map	spalten_dict	gebrochen-rational_Strukturgroesse_n/m	18	3
map	spalten_dict	gebrochen-rational_Strukturgroesse_n/m	19	20
map	spalten_dict	gebrochen-rational_Strukturgroesse_n/m	20	18
map	spalten_dict	gebrochen-rational_Strukturgroesse_n/m	21	19
map	spalten_dict	gebrochengroesse	0	9
map	spalten_dict	gebrochengroesse	1	23
map	spalten_dict	gebrochengroesse	2	8
map	spalten_dict	gebrochengroesse	3	5
map	spalten_dict	gebrochengroesse	4	10
map	spalten_dict	gebrochengroesse	5	15
map	spalten_dict	gebrochengroesse	6	17
map	spalten_dict	gebrochengroesse	7	7
map	spalten_dict	gebrochengroesse	8	11
map	spalten_dict	gebrochengroesse	9	22
map	spalten_dict	gebrochengroesse	10	14
map	spalten_dict	gebrochengroesse	11	4
map	spalten_dict	gebrochengroesse	12	16
map	spalten_dict	gebrochengroesse	13	12
map	spalten_dict	gebrochengroesse	14	2
map	spalten_dict	gebrochengroesse	15	13
map	spalten_dict	gebrochengroesse	16	21
map	spalten_dict	gebrochengroesse	17	6
map	spalten_dict	gebrochengroesse	18	3
map	spalten_dict	gebrochengroesse	19	20
map	spalten_dict	gebrochengroesse	20	18
map	spalten_dict	gebrochengroesse	21	19
map	spalten_dict	Symbole	0	Religionen
map	spalten_dict	Symbole	1	Drei
map	spalten_dict	Symbole	2	Vier
map	spalten_dict	Symbole	3	Fünf
map	spalten_dict	Symbole	4	Fuenf
map	spalten_dict	Symbole	5	Sechs
map	spalten_dict	Symbole	6	Sieben
map	spalten_dict	Symbole	7	Acht
map	spalten_dict	Symbole	8	Neun
map	spalten_dict	Symbole	9	Zehn
map	spalten_dict	Symbole	10	Zwölf
map	spalten_dict	Symbole	11	Zwoelf
map	spalten_dict	symbole	0	Religionen
map	spalten_dict	symbole	1	Drei
map	spalten_dict	symbole	2	Vier
map	spalten_dict	symbole	3	Fünf
map	spalten_dict	symbole	4	Fuenf
map	spalten_dict	symbole	5	Sechs
map	spalten_dict	symbole	6	Sieben
map	spalten_dict	symbole	7	Acht
map	spalten_dict	symbole	8	Neun
map	spalten_dict	symbole	9	Zehn
map	spalten_dict	symbole	10	Zwölf
map	spalten_dict	symbole	11	Zwoelf
map	spalten_dict	Eigenschaften_n	0	Weisheit_etc
map	spalten_dict	Eigenschaften_n	1	weisheit
map	spalten_dict	Eigenschaften_n	2	metaweisheit
map	spalten_dict	Eigenschaften_n	3	meta-weisheit
map	spalten_dict	Eigenschaften_n	4	idiot
map	spalten_dict	Eigenschaften_n	5	weise
map	spalten_dict	Eigenschaften_n	6	optimal
map	spalten_dict	Eigenschaften_n	7	optimum
map	spalten_dict	Eigenschaften_n	8	Dein_Recht_bekommen
map	spalten_dict	Eigenschaften_n	9	rechte
map	spalten_dict	Eigenschaften_n	10	recht
map	spalten_dict	Eigenschaften_n	11	selbstgerecht
map	spalten_dict	Eigenschaften_n	12	unterlegen_überlegen
map	spalten_dict	Eigenschaften_n	13	unterlegen
map	spalten_dict	Eigenschaften_n	14	ueberlegen
map	spalten_dict	Eigenschaften_n	15	Ehrlichkeit_und_Streit
map	spalten_dict	Eigenschaften_n	16	streit
map	spalten_dict	Eigenschaften_n	17	ehrlichkeit
map	spalten_dict	Eigenschaften_n	18	einklinken_vertrauen_anprangern
map	spalten_dict	Eigenschaften_n	19	einklinken
map	spalten_dict	Eigenschaften_n	20	vertrauenerhalten
map	spalten_dict	Eigenschaften_n	21	anprangern
map	spalten_dict	Eigenschaften_n	22	familiebrauchen
map	spalten_dict	Eigenschaften_n	23	ego
map	spalten_dict	Eigenschaften_n	24	bescheiden
map	spalten_dict	Eigenschaften_n	25	Selbstsucht_Ichsucht_etc
map	spalten_dict	Eigenschaften_n	26	selbstsucht
map	spalten_dict	Eigenschaften_n	27	ichsucht
map	spalten_dict	Eigenschaften_n	28	Forschen_Erfinden_Einklinken
map	spalten_dict	Eigenschaften_n	29	wissenschaft
map	spalten_dict	Eigenschaften_n	30	forschen
map	spalten_dict	Eigenschaften_n	31	einklinken
map	spalten_dict	Eigenschaften_n	32	erfinden
map	spalten_dict	Eigenschaften_n	33	Kooperation_vs_Arsch
map	spalten_dict	Eigenschaften_n	34	arschloch
map	spalten_dict	Eigenschaften_n	35	kooperation
map	spalten_dict	Eigenschaften_n	36	arsch
map	spalten_dict	Eigenschaften_n	37	Liebe_usw
map	spalten_dict	Eigenschaften_n	38	liebe
map	spalten_dict	Eigenschaften_n	39	zuneigung
map	spalten_dict	Eigenschaften_n	40	Selbstlosigkeit_Ichlosigkeit_etc
map	spalten_dict	Eigenschaften_n	41	selbstlos
map	spalten_dict	Eigenschaften_n	42	ichlos
map	spalten_dict	Eigenschaften_n	43	variationsreich_eintönig
map	spalten_dict	Eigenschaften_n	44	eintönig
map	spalten_dict	Eigenschaften_n	45	eintoenig
map	spalten_dict	Eigenschaften_n	46	variationsreich
map	spalten_dict	Eigenschaften_n	47	Zuneigung_Abneigung
map	spalten_dict	Eigenschaften_n	48	abgeneigt
map	spalten_dict	Eigenschaften_n	49	zugewandt
map	spalten_dict	Eigenschaften_n	50	reserviert
map	spalten_dict	Eigenschaften_n	51	zugeneigt
map	spalten_dict	Eigenschaften_n	52	ehrlich_vs_höflich
map	spalten_dict	Eigenschaften_n	53	ehrlich
map	spalten_dict	Eigenschaften_n	54	höflich
map	spalten_dict	Eigenschaften_n	55	hoeflich
map	spalten_dict	Eigenschaften_n	56	Tragweite
map	spalten_dict	Eigenschaften_n	57	tragweite
map	spalten_dict	Eigenschaften_n	58	wertvoll
map	spalten_dict	Eigenschaften_n	59	wertlos
map	spalten_dict	Eigenschaften_n	60	Götter_Propheten_Familien_Freunde
map	spalten_dict	Eigenschaften_n	61	familiaer
map	spalten_dict	Eigenschaften_n	62	goettlich
map	spalten_dict	Eigenschaften_n	63	freunde
map	spalten_dict	Eigenschaften_n	64	propheten
map	spalten_dict	Eigenschaften_n	65	sanft_vs_hart
map	spalten_dict	Eigenschaften_n	66	sanft
map	spalten_dict	Eigenschaften_n	67	hart
map	spalten_dict	Eigenschaften_n	68	vereinen_vs_verbinden
map	spalten_dict	Eigenschaften_n	69	vereinenverbinden
map	spalten_dict	Eigenschaften_n	70	vereinen
map	spalten_dict	Eigenschaften_n	71	verbinden
map	spalten_dict	Eigenschaften_n	72	einheit
map	spalten_dict	Eigenschaften_n	73	verbindung
map	spalten_dict	Eigenschaften_n	74	ähnlich
map	spalten_dict	Eigenschaften_n	75	aehnlich
map	spalten_dict	Eigenschaften_n	76	gut_böse_lieb_schlecht
map	spalten_dict	Eigenschaften_n	77	gut
map	spalten_dict	Eigenschaften_n	78	böse
map	spalten_dict	Eigenschaften_n	79	boese
map	spalten_dict	Eigenschaften_n	80	lieb
map	spalten_dict	Eigenschaften_n	81	schlecht
map	spalten_dict	Eigenschaften_n	82	Sinn_und_Zweck_des_Lebens
map	spalten_dict	Eigenschaften_n	83	sinn
map	spalten_dict	Eigenschaften_n	84	zweck
map	spalten_dict	Eigenschaften_n	85	bedeutung
map	spalten_dict	Eigenschaften_n	86	Zeit_vs_Raum
map	spalten_dict	Eigenschaften_n	87	zeit
map	spalten_dict	Eigenschaften_n	88	raum
map	spalten_dict	Eigenschaften_n	89	zeitlich
map	spalten_dict	Eigenschaften_n	90	räumlich
map	spalten_dict	Eigenschaften_n	91	egalitär_vs_autoritär
map	spalten_dict	Eigenschaften_n	92	egalitaerautoritaer
map	spalten_dict	Eigenschaften_n	93	egalitaer
map	spalten_dict	Eigenschaften_n	94	autoritaer
map	spalten_dict	Eigenschaften_n	95	egalitär
map	spalten_dict	Eigenschaften_n	96	autoritär
map	spalten_dict	Eigenschaften_n	97	Meinungen_und_Ruf
map	spalten_dict	Eigenschaften_n	98	meinungen
map	spalten_dict	Eigenschaften_n	99	anderemenschen
map	spalten_dict	Eigenschaften_n	100	ruf
map	spalten_dict	Eigenschaften_n	101	Meinungsintelligenz
map	spalten_dict	Eigenschaften_n	102	meinungsintelligenz
map	spalten_dict	Eigenschaften_n	103	ursprungsintelligenz
map	spalten_dict	Eigenschaften_n	104	Sittlichkeit
map	spalten_dict	Eigenschaften_n	105	sittlichkeit
map	spalten_dict	Eigenschaften_n	106	annaehrerung
map	spalten_dict	Eigenschaften_n	107	Führung
map	spalten_dict	Eigenschaften_n	108	führung
map	spalten_dict	Eigenschaften_n	109	fuehrung
map	spalten_dict	Eigenschaften_n	110	Durchleuchten
map	spalten_dict	Eigenschaften_n	111	durchleuchten
map	spalten_dict	Eigenschaften_n	112	erleuchten
map	spalten_dict	Eigenschaften_n	113	Fördern_Sensiblisieren_und_Gedeihen
map	spalten_dict	Eigenschaften_n	114	foerdern
map	spalten_dict	Eigenschaften_n	115	fördern
map	spalten_dict	Eigenschaften_n	116	begrenzen
map	spalten_dict	Eigenschaften_n	117	sensibilisieren
map	spalten_dict	Eigenschaften_n	118	gedeihen
map	spalten_dict	Eigenschaften_n	119	verderben
map	spalten_dict	Eigenschaften_n	120	Überheblichkeit
map	spalten_dict	Eigenschaften_n	121	überheblich
map	spalten_dict	Eigenschaften_n	122	ueberheblichkeit
map	spalten_dict	Eigenschaften_n	123	ueberheblich
map	spalten_dict	Eigenschaften_n	124	überheblichkeit
map	spalten_dict	Eigenschaften_n	125	Polung_der_Liebe
map	spalten_dict	Eigenschaften_n	126	liebepolung
map	spalten_dict	Eigenschaften_n	127	Egoismus_vs_Altruismus
map	spalten_dict	Eigenschaften_n	128	egoismus
map	spalten_dict	Eigenschaften_n	129	altruismus
map	spalten_dict	Eigenschaften_n	130	egoist
map	spalten_dict	Eigenschaften_n	131	altruist
map	spalten_dict	Eigenschaften_n	132	kausal
map	spalten_dict	Eigenschaften_n	133	geltung
map	spalten_dict	Eigenschaften_n	134	genese
map	spalten_dict	Eigenschaften_n	135	Gleichheit
map	spalten_dict	Eigenschaften_n	136	gleich
map	spalten_dict	Eigenschaften_n	137	Überleben
map	spalten_dict	Eigenschaften_n	138	ueberleben
map	spalten_dict	eigenschaften	0	Weisheit_etc
map	spalten_dict	eigenschaften	1	weisheit
map	spalten_dict	eigenschaften	2	metaweisheit
map	spalten_dict	eigenschaften	3	meta-weisheit
map	spalten_dict	eigenschaften	4	idiot
map	spalten_dict	eigenschaften	5	weise
map	spalten_dict	eigenschaften	6	optimal
map	spalten_dict	eigenschaften	7	optimum
map	spalten_dict	eigenschaften	8	Dein_Recht_bekommen
map	spalten_dict	eigenschaften	9	rechte
map	spalten_dict	eigenschaften	10	recht
map	spalten_dict	eigenschaften	11	selbstgerecht
map	spalten_dict	eigenschaften	12	unterlegen_überlegen
map	spalten_dict	eigenschaften	13	unterlegen
map	spalten_dict	eigenschaften	14	ueberlegen
map	spalten_dict	eigenschaften	15	Ehrlichkeit_und_Streit
map	spalten_dict	eigenschaften	16	streit
map	spalten_dict	eigenschaften	17	ehrlichkeit
map	spalten_dict	eigenschaften	18	einklinken_vertrauen_anprangern
map	spalten_dict	eigenschaften	19	einklinken
map	spalten_dict	eigenschaften	20	vertrauenerhalten
map	spalten_dict	eigenschaften	21	anprangern
map	spalten_dict	eigenschaften	22	familiebrauchen
map	spalten_dict	eigenschaften	23	ego
map	spalten_dict	eigenschaften	24	bescheiden
map	spalten_dict	eigenschaften	25	Selbstsucht_Ichsucht_etc
map	spalten_dict	eigenschaften	26	selbstsucht
map	spalten_dict	eigenschaften	27	ichsucht
map	spalten_dict	eigenschaften	28	Forschen_Erfinden_Einklinken
map	spalten_dict	eigenschaften	29	wissenschaft
map	spalten_dict	eigenschaften	30	forschen
map	spalten_dict	eigenschaften	31	einklinken
map	spalten_dict	eigenschaften	32	erfinden
map	spalten_dict	eigenschaften	33	Kooperation_vs_Arsch
map	spalten_dict	eigenschaften	34	arschloch
map	spalten_dict	eigenschaften	35	kooperation
map	spalten_dict	eigenschaften	36	arsch
map	spalten_dict	eigenschaften	37	Liebe_usw
map	spalten_dict	eigenschaften	38	liebe
map	spalten_dict	eigenschaften	39	zuneigung
map	spalten_dict	eigenschaften	40	Selbstlosigkeit_Ichlosigkeit_etc
map	spalten_dict	eigenschaften	41	selbstlos
map	spalten_dict	eigenschaften	42	ichlos
map	spalten_dict	eigenschaften	43	variationsreich_eintönig
map	spalten_dict	eigenschaften	44	eintönig
map	spalten_dict	eigenschaften	45	eintoenig
map	spalten_dict	eigenschaften	46	variationsreich
map	spalten_dict	eigenschaften	47	Zuneigung_Abneigung
map	spalten_dict	eigenschaften	48	abgeneigt
map	spalten_dict	eigenschaften	49	zugewandt
map	spalten_dict	eigenschaften	50	reserviert
map	spalten_dict	eigenschaften	51	zugeneigt
map	spalten_dict	eigenschaften	52	ehrlich_vs_höflich
map	spalten_dict	eigenschaften	53	ehrlich
map	spalten_dict	eigenschaften	54	höflich
map	spalten_dict	eigenschaften	55	hoeflich
map	spalten_dict	eigenschaften	56	Tragweite
map	spalten_dict	eigenschaften	57	tragweite
map	spalten_dict	eigenschaften	58	wertvoll
map	spalten_dict	eigenschaften	59	wertlos
map	spalten_dict	eigenschaften	60	Götter_Propheten_Familien_Freunde
map	spalten_dict	eigenschaften	61	familiaer
map	spalten_dict	eigenschaften	62	goettlich
map	spalten_dict	eigenschaften	63	freunde
map	spalten_dict	eigenschaften	64	propheten
map	spalten_dict	eigenschaften	65	sanft_vs_hart
map	spalten_dict	eigenschaften	66	sanft
map	spalten_dict	eigenschaften	67	hart
map	spalten_dict	eigenschaften	68	vereinen_vs_verbinden
map	spalten_dict	eigenschaften	69	vereinenverbinden
map	spalten_dict	eigenschaften	70	vereinen
map	spalten_dict	eigenschaften	71	verbinden
map	spalten_dict	eigenschaften	72	einheit
map	spalten_dict	eigenschaften	73	verbindung
map	spalten_dict	eigenschaften	74	ähnlich
map	spalten_dict	eigenschaften	75	aehnlich
map	spalten_dict	eigenschaften	76	gut_böse_lieb_schlecht
map	spalten_dict	eigenschaften	77	gut
map	spalten_dict	eigenschaften	78	böse
map	spalten_dict	eigenschaften	79	boese
map	spalten_dict	eigenschaften	80	lieb
map	spalten_dict	eigenschaften	81	schlecht
map	spalten_dict	eigenschaften	82	Sinn_und_Zweck_des_Lebens
map	spalten_dict	eigenschaften	83	sinn
map	spalten_dict	eigenschaften	84	zweck
map	spalten_dict	eigenschaften	85	bedeutung
map	spalten_dict	eigenschaften	86	Zeit_vs_Raum
map	spalten_dict	eigenschaften	87	zeit
map	spalten_dict	eigenschaften	88	raum
map	spalten_dict	eigenschaften	89	zeitlich
map	spalten_dict	eigenschaften	90	räumlich
map	spalten_dict	eigenschaften	91	egalitär_vs_autoritär
map	spalten_dict	eigenschaften	92	egalitaerautoritaer
map	spalten_dict	eigenschaften	93	egalitaer
map	spalten_dict	eigenschaften	94	autoritaer
map	spalten_dict	eigenschaften	95	egalitär
map	spalten_dict	eigenschaften	96	autoritär
map	spalten_dict	eigenschaften	97	Meinungen_und_Ruf
map	spalten_dict	eigenschaften	98	meinungen
map	spalten_dict	eigenschaften	99	anderemenschen
map	spalten_dict	eigenschaften	100	ruf
map	spalten_dict	eigenschaften	101	Meinungsintelligenz
map	spalten_dict	eigenschaften	102	meinungsintelligenz
map	spalten_dict	eigenschaften	103	ursprungsintelligenz
map	spalten_dict	eigenschaften	104	Sittlichkeit
map	spalten_dict	eigenschaften	105	sittlichkeit
map	spalten_dict	eigenschaften	106	annaehrerung
map	spalten_dict	eigenschaften	107	Führung
map	spalten_dict	eigenschaften	108	führung
map	spalten_dict	eigenschaften	109	fuehrung
map	spalten_dict	eigenschaften	110	Durchleuchten
map	spalten_dict	eigenschaften	111	durchleuchten
map	spalten_dict	eigenschaften	112	erleuchten
map	spalten_dict	eigenschaften	113	Fördern_Sensiblisieren_und_Gedeihen
map	spalten_dict	eigenschaften	114	foerdern
map	spalten_dict	eigenschaften	115	fördern
map	spalten_dict	eigenschaften	116	begrenzen
map	spalten_dict	eigenschaften	117	sensibilisieren
map	spalten_dict	eigenschaften	118	gedeihen
map	spalten_dict	eigenschaften	119	verderben
map	spalten_dict	eigenschaften	120	Überheblichkeit
map	spalten_dict	eigenschaften	121	überheblich
map	spalten_dict	eigenschaften	122	ueberheblichkeit
map	spalten_dict	eigenschaften	123	ueberheblich
map	spalten_dict	eigenschaften	124	überheblichkeit
map	spalten_dict	eigenschaften	125	Polung_der_Liebe
map	spalten_dict	eigenschaften	126	liebepolung
map	spalten_dict	eigenschaften	127	Egoismus_vs_Altruismus
map	spalten_dict	eigenschaften	128	egoismus
map	spalten_dict	eigenschaften	129	altruismus
map	spalten_dict	eigenschaften	130	egoist
map	spalten_dict	eigenschaften	131	altruist
map	spalten_dict	eigenschaften	132	kausal
map	spalten_dict	eigenschaften	133	geltung
map	spalten_dict	eigenschaften	134	genese
map	spalten_dict	eigenschaften	135	Gleichheit
map	spalten_dict	eigenschaften	136	gleich
map	spalten_dict	eigenschaften	137	Überleben
map	spalten_dict	eigenschaften	138	ueberleben
map	spalten_dict	eigenschaft	0	Weisheit_etc
map	spalten_dict	eigenschaft	1	weisheit
map	spalten_dict	eigenschaft	2	metaweisheit
map	spalten_dict	eigenschaft	3	meta-weisheit
map	spalten_dict	eigenschaft	4	idiot
map	spalten_dict	eigenschaft	5	weise
map	spalten_dict	eigenschaft	6	optimal
map	spalten_dict	eigenschaft	7	optimum
map	spalten_dict	eigenschaft	8	Dein_Recht_bekommen
map	spalten_dict	eigenschaft	9	rechte
map	spalten_dict	eigenschaft	10	recht
map	spalten_dict	eigenschaft	11	selbstgerecht
map	spalten_dict	eigenschaft	12	unterlegen_überlegen
map	spalten_dict	eigenschaft	13	unterlegen
map	spalten_dict	eigenschaft	14	ueberlegen
map	spalten_dict	eigenschaft	15	Ehrlichkeit_und_Streit
map	spalten_dict	eigenschaft	16	streit
map	spalten_dict	eigenschaft	17	ehrlichkeit
map	spalten_dict	eigenschaft	18	einklinken_vertrauen_anprangern
map	spalten_dict	eigenschaft	19	einklinken
map	spalten_dict	eigenschaft	20	vertrauenerhalten
map	spalten_dict	eigenschaft	21	anprangern
map	spalten_dict	eigenschaft	22	familiebrauchen
map	spalten_dict	eigenschaft	23	ego
map	spalten_dict	eigenschaft	24	bescheiden
map	spalten_dict	eigenschaft	25	Selbstsucht_Ichsucht_etc
map	spalten_dict	eigenschaft	26	selbstsucht
map	spalten_dict	eigenschaft	27	ichsucht
map	spalten_dict	eigenschaft	28	Forschen_Erfinden_Einklinken
map	spalten_dict	eigenschaft	29	wissenschaft
map	spalten_dict	eigenschaft	30	forschen
map	spalten_dict	eigenschaft	31	einklinken
map	spalten_dict	eigenschaft	32	erfinden
map	spalten_dict	eigenschaft	33	Kooperation_vs_Arsch
map	spalten_dict	eigenschaft	34	arschloch
map	spalten_dict	eigenschaft	35	kooperation
map	spalten_dict	eigenschaft	36	arsch
map	spalten_dict	eigenschaft	37	Liebe_usw
map	spalten_dict	eigenschaft	38	liebe
map	spalten_dict	eigenschaft	39	zuneigung
map	spalten_dict	eigenschaft	40	Selbstlosigkeit_Ichlosigkeit_etc
map	spalten_dict	eigenschaft	41	selbstlos
map	spalten_dict	eigenschaft	42	ichlos
map	spalten_dict	eigenschaft	43	variationsreich_eintönig
map	spalten_dict	eigenschaft	44	eintönig
map	spalten_dict	eigenschaft	45	eintoenig
map	spalten_dict	eigenschaft	46	variationsreich
map	spalten_dict	eigenschaft	47	Zuneigung_Abneigung
map	spalten_dict	eigenschaft	48	abgeneigt
map	spalten_dict	eigenschaft	49	zugewandt
map	spalten_dict	eigenschaft	50	reserviert
map	spalten_dict	eigenschaft	51	zugeneigt
map	spalten_dict	eigenschaft	52	ehrlich_vs_höflich
map	spalten_dict	eigenschaft	53	ehrlich
map	spalten_dict	eigenschaft	54	höflich
map	spalten_dict	eigenschaft	55	hoeflich
map	spalten_dict	eigenschaft	56	Tragweite
map	spalten_dict	eigenschaft	57	tragweite
map	spalten_dict	eigenschaft	58	wertvoll
map	spalten_dict	eigenschaft	59	wertlos
map	spalten_dict	eigenschaft	60	Götter_Propheten_Familien_Freunde
map	spalten_dict	eigenschaft	61	familiaer
map	spalten_dict	eigenschaft	62	goettlich
map	spalten_dict	eigenschaft	63	freunde
map	spalten_dict	eigenschaft	64	propheten
map	spalten_dict	eigenschaft	65	sanft_vs_hart
map	spalten_dict	eigenschaft	66	sanft
map	spalten_dict	eigenschaft	67	hart
map	spalten_dict	eigenschaft	68	vereinen_vs_verbinden
map	spalten_dict	eigenschaft	69	vereinenverbinden
map	spalten_dict	eigenschaft	70	vereinen
map	spalten_dict	eigenschaft	71	verbinden
map	spalten_dict	eigenschaft	72	einheit
map	spalten_dict	eigenschaft	73	verbindung
map	spalten_dict	eigenschaft	74	ähnlich
map	spalten_dict	eigenschaft	75	aehnlich
map	spalten_dict	eigenschaft	76	gut_böse_lieb_schlecht
map	spalten_dict	eigenschaft	77	gut
map	spalten_dict	eigenschaft	78	böse
map	spalten_dict	eigenschaft	79	boese
map	spalten_dict	eigenschaft	80	lieb
map	spalten_dict	eigenschaft	81	schlecht
map	spalten_dict	eigenschaft	82	Sinn_und_Zweck_des_Lebens
map	spalten_dict	eigenschaft	83	sinn
map	spalten_dict	eigenschaft	84	zweck
map	spalten_dict	eigenschaft	85	bedeutung
map	spalten_dict	eigenschaft	86	Zeit_vs_Raum
map	spalten_dict	eigenschaft	87	zeit
map	spalten_dict	eigenschaft	88	raum
map	spalten_dict	eigenschaft	89	zeitlich
map	spalten_dict	eigenschaft	90	räumlich
map	spalten_dict	eigenschaft	91	egalitär_vs_autoritär
map	spalten_dict	eigenschaft	92	egalitaerautoritaer
map	spalten_dict	eigenschaft	93	egalitaer
map	spalten_dict	eigenschaft	94	autoritaer
map	spalten_dict	eigenschaft	95	egalitär
map	spalten_dict	eigenschaft	96	autoritär
map	spalten_dict	eigenschaft	97	Meinungen_und_Ruf
map	spalten_dict	eigenschaft	98	meinungen
map	spalten_dict	eigenschaft	99	anderemenschen
map	spalten_dict	eigenschaft	100	ruf
map	spalten_dict	eigenschaft	101	Meinungsintelligenz
map	spalten_dict	eigenschaft	102	meinungsintelligenz
map	spalten_dict	eigenschaft	103	ursprungsintelligenz
map	spalten_dict	eigenschaft	104	Sittlichkeit
map	spalten_dict	eigenschaft	105	sittlichkeit
map	spalten_dict	eigenschaft	106	annaehrerung
map	spalten_dict	eigenschaft	107	Führung
map	spalten_dict	eigenschaft	108	führung
map	spalten_dict	eigenschaft	109	fuehrung
map	spalten_dict	eigenschaft	110	Durchleuchten
map	spalten_dict	eigenschaft	111	durchleuchten
map	spalten_dict	eigenschaft	112	erleuchten
map	spalten_dict	eigenschaft	113	Fördern_Sensiblisieren_und_Gedeihen
map	spalten_dict	eigenschaft	114	foerdern
map	spalten_dict	eigenschaft	115	fördern
map	spalten_dict	eigenschaft	116	begrenzen
map	spalten_dict	eigenschaft	117	sensibilisieren
map	spalten_dict	eigenschaft	118	gedeihen
map	spalten_dict	eigenschaft	119	verderben
map	spalten_dict	eigenschaft	120	Überheblichkeit
map	spalten_dict	eigenschaft	121	überheblich
map	spalten_dict	eigenschaft	122	ueberheblichkeit
map	spalten_dict	eigenschaft	123	ueberheblich
map	spalten_dict	eigenschaft	124	überheblichkeit
map	spalten_dict	eigenschaft	125	Polung_der_Liebe
map	spalten_dict	eigenschaft	126	liebepolung
map	spalten_dict	eigenschaft	127	Egoismus_vs_Altruismus
map	spalten_dict	eigenschaft	128	egoismus
map	spalten_dict	eigenschaft	129	altruismus
map	spalten_dict	eigenschaft	130	egoist
map	spalten_dict	eigenschaft	131	altruist
map	spalten_dict	eigenschaft	132	kausal
map	spalten_dict	eigenschaft	133	geltung
map	spalten_dict	eigenschaft	134	genese
map	spalten_dict	eigenschaft	135	Gleichheit
map	spalten_dict	eigenschaft	136	gleich
map	spalten_dict	eigenschaft	137	Überleben
map	spalten_dict	eigenschaft	138	ueberleben
map	spalten_dict	konzept	0	Weisheit_etc
map	spalten_dict	konzept	1	weisheit
map	spalten_dict	konzept	2	metaweisheit
map	spalten_dict	konzept	3	meta-weisheit
map	spalten_dict	konzept	4	idiot
map	spalten_dict	konzept	5	weise
map	spalten_dict	konzept	6	optimal
map	spalten_dict	konzept	7	optimum
map	spalten_dict	konzept	8	Dein_Recht_bekommen
map	spalten_dict	konzept	9	rechte
map	spalten_dict	konzept	10	recht
map	spalten_dict	konzept	11	selbstgerecht
map	spalten_dict	konzept	12	unterlegen_überlegen
map	spalten_dict	konzept	13	unterlegen
map	spalten_dict	konzept	14	ueberlegen
map	spalten_dict	konzept	15	Ehrlichkeit_und_Streit
map	spalten_dict	konzept	16	streit
map	spalten_dict	konzept	17	ehrlichkeit
map	spalten_dict	konzept	18	einklinken_vertrauen_anprangern
map	spalten_dict	konzept	19	einklinken
map	spalten_dict	konzept	20	vertrauenerhalten
map	spalten_dict	konzept	21	anprangern
map	spalten_dict	konzept	22	familiebrauchen
map	spalten_dict	konzept	23	ego
map	spalten_dict	konzept	24	bescheiden
map	spalten_dict	konzept	25	Selbstsucht_Ichsucht_etc
map	spalten_dict	konzept	26	selbstsucht
map	spalten_dict	konzept	27	ichsucht
map	spalten_dict	konzept	28	Forschen_Erfinden_Einklinken
map	spalten_dict	konzept	29	wissenschaft
map	spalten_dict	konzept	30	forschen
map	spalten_dict	konzept	31	einklinken
map	spalten_dict	konzept	32	erfinden
map	spalten_dict	konzept	33	Kooperation_vs_Arsch
map	spalten_dict	konzept	34	arschloch
map	spalten_dict	konzept	35	kooperation
map	spalten_dict	konzept	36	arsch
map	spalten_dict	konzept	37	Liebe_usw
map	spalten_dict	konzept	38	liebe
map	spalten_dict	konzept	39	zuneigung
map	spalten_dict	konzept	40	Selbstlosigkeit_Ichlosigkeit_etc
map	spalten_dict	konzept	41	selbstlos
map	spalten_dict	konzept	42	ichlos
map	spalten_dict	konzept	43	variationsreich_eintönig
map	spalten_dict	konzept	44	eintönig
map	spalten_dict	konzept	45	eintoenig
map	spalten_dict	konzept	46	variationsreich
map	spalten_dict	konzept	47	Zuneigung_Abneigung
map	spalten_dict	konzept	48	abgeneigt
map	spalten_dict	konzept	49	zugewandt
map	spalten_dict	konzept	50	reserviert
map	spalten_dict	konzept	51	zugeneigt
map	spalten_dict	konzept	52	ehrlich_vs_höflich
map	spalten_dict	konzept	53	ehrlich
map	spalten_dict	konzept	54	höflich
map	spalten_dict	konzept	55	hoeflich
map	spalten_dict	konzept	56	Tragweite
map	spalten_dict	konzept	57	tragweite
map	spalten_dict	konzept	58	wertvoll
map	spalten_dict	konzept	59	wertlos
map	spalten_dict	konzept	60	Götter_Propheten_Familien_Freunde
map	spalten_dict	konzept	61	familiaer
map	spalten_dict	konzept	62	goettlich
map	spalten_dict	konzept	63	freunde
map	spalten_dict	konzept	64	propheten
map	spalten_dict	konzept	65	sanft_vs_hart
map	spalten_dict	konzept	66	sanft
map	spalten_dict	konzept	67	hart
map	spalten_dict	konzept	68	vereinen_vs_verbinden
map	spalten_dict	konzept	69	vereinenverbinden
map	spalten_dict	konzept	70	vereinen
map	spalten_dict	konzept	71	verbinden
map	spalten_dict	konzept	72	einheit
map	spalten_dict	konzept	73	verbindung
map	spalten_dict	konzept	74	ähnlich
map	spalten_dict	konzept	75	aehnlich
map	spalten_dict	konzept	76	gut_böse_lieb_schlecht
map	spalten_dict	konzept	77	gut
map	spalten_dict	konzept	78	böse
map	spalten_dict	konzept	79	boese
map	spalten_dict	konzept	80	lieb
map	spalten_dict	konzept	81	schlecht
map	spalten_dict	konzept	82	Sinn_und_Zweck_des_Lebens
map	spalten_dict	konzept	83	sinn
map	spalten_dict	konzept	84	zweck
map	spalten_dict	konzept	85	bedeutung
map	spalten_dict	konzept	86	Zeit_vs_Raum
map	spalten_dict	konzept	87	zeit
map	spalten_dict	konzept	88	raum
map	spalten_dict	konzept	89	zeitlich
map	spalten_dict	konzept	90	räumlich
map	spalten_dict	konzept	91	egalitär_vs_autoritär
map	spalten_dict	konzept	92	egalitaerautoritaer
map	spalten_dict	konzept	93	egalitaer
map	spalten_dict	konzept	94	autoritaer
map	spalten_dict	konzept	95	egalitär
map	spalten_dict	konzept	96	autoritär
map	spalten_dict	konzept	97	Meinungen_und_Ruf
map	spalten_dict	konzept	98	meinungen
map	spalten_dict	konzept	99	anderemenschen
map	spalten_dict	konzept	100	ruf
map	spalten_dict	konzept	101	Meinungsintelligenz
map	spalten_dict	konzept	102	meinungsintelligenz
map	spalten_dict	konzept	103	ursprungsintelligenz
map	spalten_dict	konzept	104	Sittlichkeit
map	spalten_dict	konzept	105	sittlichkeit
map	spalten_dict	konzept	106	annaehrerung
map	spalten_dict	konzept	107	Führung
map	spalten_dict	konzept	108	führung
map	spalten_dict	konzept	109	fuehrung
map	spalten_dict	konzept	110	Durchleuchten
map	spalten_dict	konzept	111	durchleuchten
map	spalten_dict	konzept	112	erleuchten
map	spalten_dict	konzept	113	Fördern_Sensiblisieren_und_Gedeihen
map	spalten_dict	konzept	114	foerdern
map	spalten_dict	konzept	115	fördern
map	spalten_dict	konzept	116	begrenzen
map	spalten_dict	konzept	117	sensibilisieren
map	spalten_dict	konzept	118	gedeihen
map	spalten_dict	konzept	119	verderben
map	spalten_dict	konzept	120	Überheblichkeit
map	spalten_dict	konzept	121	überheblich
map	spalten_dict	konzept	122	ueberheblichkeit
map	spalten_dict	konzept	123	ueberheblich
map	spalten_dict	konzept	124	überheblichkeit
map	spalten_dict	konzept	125	Polung_der_Liebe
map	spalten_dict	konzept	126	liebepolung
map	spalten_dict	konzept	127	Egoismus_vs_Altruismus
map	spalten_dict	konzept	128	egoismus
map	spalten_dict	konzept	129	altruismus
map	spalten_dict	konzept	130	egoist
map	spalten_dict	konzept	131	altruist
map	spalten_dict	konzept	132	kausal
map	spalten_dict	konzept	133	geltung
map	spalten_dict	konzept	134	genese
map	spalten_dict	konzept	135	Gleichheit
map	spalten_dict	konzept	136	gleich
map	spalten_dict	konzept	137	Überleben
map	spalten_dict	konzept	138	ueberleben
map	spalten_dict	konzepte	0	Weisheit_etc
map	spalten_dict	konzepte	1	weisheit
map	spalten_dict	konzepte	2	metaweisheit
map	spalten_dict	konzepte	3	meta-weisheit
map	spalten_dict	konzepte	4	idiot
map	spalten_dict	konzepte	5	weise
map	spalten_dict	konzepte	6	optimal
map	spalten_dict	konzepte	7	optimum
map	spalten_dict	konzepte	8	Dein_Recht_bekommen
map	spalten_dict	konzepte	9	rechte
map	spalten_dict	konzepte	10	recht
map	spalten_dict	konzepte	11	selbstgerecht
map	spalten_dict	konzepte	12	unterlegen_überlegen
map	spalten_dict	konzepte	13	unterlegen
map	spalten_dict	konzepte	14	ueberlegen
map	spalten_dict	konzepte	15	Ehrlichkeit_und_Streit
map	spalten_dict	konzepte	16	streit
map	spalten_dict	konzepte	17	ehrlichkeit
map	spalten_dict	konzepte	18	einklinken_vertrauen_anprangern
map	spalten_dict	konzepte	19	einklinken
map	spalten_dict	konzepte	20	vertrauenerhalten
map	spalten_dict	konzepte	21	anprangern
map	spalten_dict	konzepte	22	familiebrauchen
map	spalten_dict	konzepte	23	ego
map	spalten_dict	konzepte	24	bescheiden
map	spalten_dict	konzepte	25	Selbstsucht_Ichsucht_etc
map	spalten_dict	konzepte	26	selbstsucht
map	spalten_dict	konzepte	27	ichsucht
map	spalten_dict	konzepte	28	Forschen_Erfinden_Einklinken
map	spalten_dict	konzepte	29	wissenschaft
map	spalten_dict	konzepte	30	forschen
map	spalten_dict	konzepte	31	einklinken
map	spalten_dict	konzepte	32	erfinden
map	spalten_dict	konzepte	33	Kooperation_vs_Arsch
map	spalten_dict	konzepte	34	arschloch
map	spalten_dict	konzepte	35	kooperation
map	spalten_dict	konzepte	36	arsch
map	spalten_dict	konzepte	37	Liebe_usw
map	spalten_dict	konzepte	38	liebe
map	spalten_dict	konzepte	39	zuneigung
map	spalten_dict	konzepte	40	Selbstlosigkeit_Ichlosigkeit_etc
map	spalten_dict	konzepte	41	selbstlos
map	spalten_dict	konzepte	42	ichlos
map	spalten_dict	konzepte	43	variationsreich_eintönig
map	spalten_dict	konzepte	44	eintönig
map	spalten_dict	konzepte	45	eintoenig
map	spalten_dict	konzepte	46	variationsreich
map	spalten_dict	konzepte	47	Zuneigung_Abneigung
map	spalten_dict	konzepte	48	abgeneigt
map	spalten_dict	konzepte	49	zugewandt
map	spalten_dict	konzepte	50	reserviert
map	spalten_dict	konzepte	51	zugeneigt
map	spalten_dict	konzepte	52	ehrlich_vs_höflich
map	spalten_dict	konzepte	53	ehrlich
map	spalten_dict	konzepte	54	höflich
map	spalten_dict	konzepte	55	hoeflich
map	spalten_dict	konzepte	56	Tragweite
map	spalten_dict	konzepte	57	tragweite
map	spalten_dict	konzepte	58	wertvoll
map	spalten_dict	konzepte	59	wertlos
map	spalten_dict	konzepte	60	Götter_Propheten_Familien_Freunde
map	spalten_dict	konzepte	61	familiaer
map	spalten_dict	konzepte	62	goettlich
map	spalten_dict	konzepte	63	freunde
map	spalten_dict	konzepte	64	propheten
map	spalten_dict	konzepte	65	sanft_vs_hart
map	spalten_dict	konzepte	66	sanft
map	spalten_dict	konzepte	67	hart
map	spalten_dict	konzepte	68	vereinen_vs_verbinden
map	spalten_dict	konzepte	69	vereinenverbinden
map	spalten_dict	konzepte	70	vereinen
map	spalten_dict	konzepte	71	verbinden
map	spalten_dict	konzepte	72	einheit
map	spalten_dict	konzepte	73	verbindung
map	spalten_dict	konzepte	74	ähnlich
map	spalten_dict	konzepte	75	aehnlich
map	spalten_dict	konzepte	76	gut_böse_lieb_schlecht
map	spalten_dict	konzepte	77	gut
map	spalten_dict	konzepte	78	böse
map	spalten_dict	konzepte	79	boese
map	spalten_dict	konzepte	80	lieb
map	spalten_dict	konzepte	81	schlecht
map	spalten_dict	konzepte	82	Sinn_und_Zweck_des_Lebens
map	spalten_dict	konzepte	83	sinn
map	spalten_dict	konzepte	84	zweck
map	spalten_dict	konzepte	85	bedeutung
map	spalten_dict	konzepte	86	Zeit_vs_Raum
map	spalten_dict	konzepte	87	zeit
map	spalten_dict	konzepte	88	raum
map	spalten_dict	konzepte	89	zeitlich
map	spalten_dict	konzepte	90	räumlich
map	spalten_dict	konzepte	91	egalitär_vs_autoritär
map	spalten_dict	konzepte	92	egalitaerautoritaer
map	spalten_dict	konzepte	93	egalitaer
map	spalten_dict	konzepte	94	autoritaer
map	spalten_dict	konzepte	95	egalitär
map	spalten_dict	konzepte	96	autoritär
map	spalten_dict	konzepte	97	Meinungen_und_Ruf
map	spalten_dict	konzepte	98	meinungen
map	spalten_dict	konzepte	99	anderemenschen
map	spalten_dict	konzepte	100	ruf
map	spalten_dict	konzepte	101	Meinungsintelligenz
map	spalten_dict	konzepte	102	meinungsintelligenz
map	spalten_dict	konzepte	103	ursprungsintelligenz
map	spalten_dict	konzepte	104	Sittlichkeit
map	spalten_dict	konzepte	105	sittlichkeit
map	spalten_dict	konzepte	106	annaehrerung
map	spalten_dict	konzepte	107	Führung
map	spalten_dict	konzepte	108	führung
map	spalten_dict	konzepte	109	fuehrung
map	spalten_dict	konzepte	110	Durchleuchten
map	spalten_dict	konzepte	111	durchleuchten
map	spalten_dict	konzepte	112	erleuchten
map	spalten_dict	konzepte	113	Fördern_Sensiblisieren_und_Gedeihen
map	spalten_dict	konzepte	114	foerdern
map	spalten_dict	konzepte	115	fördern
map	spalten_dict	konzepte	116	begrenzen
map	spalten_dict	konzepte	117	sensibilisieren
map	spalten_dict	konzepte	118	gedeihen
map	spalten_dict	konzepte	119	verderben
map	spalten_dict	konzepte	120	Überheblichkeit
map	spalten_dict	konzepte	121	überheblich
map	spalten_dict	konzepte	122	ueberheblichkeit
map	spalten_dict	konzepte	123	ueberheblich
map	spalten_dict	konzepte	124	überheblichkeit
map	spalten_dict	konzepte	125	Polung_der_Liebe
map	spalten_dict	konzepte	126	liebepolung
map	spalten_dict	konzepte	127	Egoismus_vs_Altruismus
map	spalten_dict	konzepte	128	egoismus
map	spalten_dict	konzepte	129	altruismus
map	spalten_dict	konzepte	130	egoist
map	spalten_dict	konzepte	131	altruist
map	spalten_dict	konzepte	132	kausal
map	spalten_dict	konzepte	133	geltung
map	spalten_dict	konzepte	134	genese
map	spalten_dict	konzepte	135	Gleichheit
map	spalten_dict	konzepte	136	gleich
map	spalten_dict	konzepte	137	Überleben
map	spalten_dict	konzepte	138	ueberleben
map	spalten_dict	Eigenschaften_1/n	0	Würdig
map	spalten_dict	Eigenschaften_1/n	1	wuerdig
map	spalten_dict	Eigenschaften_1/n	2	würdig
map	spalten_dict	Eigenschaften_1/n	3	Regel_vs_Ausnahme
map	spalten_dict	Eigenschaften_1/n	4	regel
map	spalten_dict	Eigenschaften_1/n	5	ausnahme
map	spalten_dict	Eigenschaften_1/n	6	Filterart_Widrigkeit
map	spalten_dict	Eigenschaften_1/n	7	filterart
map	spalten_dict	Eigenschaften_1/n	8	widrigkeit
map	spalten_dict	Eigenschaften_1/n	9	Werte
map	spalten_dict	Eigenschaften_1/n	10	werte
map	spalten_dict	Eigenschaften_1/n	11	Gutartigkeits-Egoismus
map	spalten_dict	Eigenschaften_1/n	12	position
map	spalten_dict	Eigenschaften_1/n	13	gutesreziprok
map	spalten_dict	Eigenschaften_1/n	14	Reflektieren_Erkenntnis-Erkennen
map	spalten_dict	Eigenschaften_1/n	15	reflektieren
map	spalten_dict	Eigenschaften_1/n	16	erkenntnis
map	spalten_dict	Eigenschaften_1/n	17	Vertrauen_wollen
map	spalten_dict	Eigenschaften_1/n	18	vertrauenwollen
map	spalten_dict	Eigenschaften_1/n	19	Ausrichten_Einrichten
map	spalten_dict	Eigenschaften_1/n	20	einrichten
map	spalten_dict	Eigenschaften_1/n	21	ausrichten
map	spalten_dict	Eigenschaften_1/n	22	Toleranz_Respekt_Akzeptanz_Willkommen
map	spalten_dict	Eigenschaften_1/n	23	toleranz
map	spalten_dict	Eigenschaften_1/n	24	respekt
map	spalten_dict	Eigenschaften_1/n	25	akzeptanz
map	spalten_dict	Eigenschaften_1/n	26	willkommen
map	spalten_dict	konzept2	0	Würdig
map	spalten_dict	konzept2	1	wuerdig
map	spalten_dict	konzept2	2	würdig
map	spalten_dict	konzept2	3	Regel_vs_Ausnahme
map	spalten_dict	konzept2	4	regel
map	spalten_dict	konzept2	5	ausnahme
map	spalten_dict	konzept2	6	Filterart_Widrigkeit
map	spalten_dict	konzept2	7	filterart
map	spalten_dict	konzept2	8	widrigkeit
map	spalten_dict	konzept2	9	Werte
map	spalten_dict	konzept2	10	werte
map	spalten_dict	konzept2	11	Gutartigkeits-Egoismus
map	spalten_dict	konzept2	12	position
map	spalten_dict	konzept2	13	gutesreziprok
map	spalten_dict	konzept2	14	Reflektieren_Erkenntnis-Erkennen
map	spalten_dict	konzept2	15	reflektieren
map	spalten_dict	konzept2	16	erkenntnis
map	spalten_dict	konzept2	17	Vertrauen_wollen
map	spalten_dict	konzept2	18	vertrauenwollen
map	spalten_dict	konzept2	19	Ausrichten_Einrichten
map	spalten_dict	konzept2	20	einrichten
map	spalten_dict	konzept2	21	ausrichten
map	spalten_dict	konzept2	22	Toleranz_Respekt_Akzeptanz_Willkommen
map	spalten_dict	konzept2	23	toleranz
map	spalten_dict	konzept2	24	respekt
map	spalten_dict	konzept2	25	akzeptanz
map	spalten_dict	konzept2	26	willkommen
map	spalten_dict	konzepte2	0	Würdig
map	spalten_dict	konzepte2	1	wuerdig
map	spalten_dict	konzepte2	2	würdig
map	spalten_dict	konzepte2	3	Regel_vs_Ausnahme
map	spalten_dict	konzepte2	4	regel
map	spalten_dict	konzepte2	5	ausnahme
map	spalten_dict	konzepte2	6	Filterart_Widrigkeit
map	spalten_dict	konzepte2	7	filterart
map	spalten_dict	konzepte2	8	widrigkeit
map	spalten_dict	konzepte2	9	Werte
map	spalten_dict	konzepte2	10	werte
map	spalten_dict	konzepte2	11	Gutartigkeits-Egoismus
map	spalten_dict	konzepte2	12	position
map	spalten_dict	konzepte2	13	gutesreziprok
map	spalten_dict	konzepte2	14	Reflektieren_Erkenntnis-Erkennen
map	spalten_dict	konzepte2	15	reflektieren
map	spalten_dict	konzepte2	16	erkenntnis
map	spalten_dict	konzepte2	17	Vertrauen_wollen
map	spalten_dict	konzepte2	18	vertrauenwollen
map	spalten_dict	konzepte2	19	Ausrichten_Einrichten
map	spalten_dict	konzepte2	20	einrichten
map	spalten_dict	konzepte2	21	ausrichten
map	spalten_dict	konzepte2	22	Toleranz_Respekt_Akzeptanz_Willkommen
map	spalten_dict	konzepte2	23	toleranz
map	spalten_dict	konzepte2	24	respekt
map	spalten_dict	konzepte2	25	akzeptanz
map	spalten_dict	konzepte2	26	willkommen
map	spalten_dict	Multiplikationen	0	Rahmen-Bedingungen
map	spalten_dict	Multiplikationen	1	rahmen
map	spalten_dict	Multiplikationen	2	Motive_gleichförmige_Polygone
map	spalten_dict	Multiplikationen	3	motivgleichfoermig
map	spalten_dict	Multiplikationen	4	Struktur_gleichförmige_Polygone
map	spalten_dict	Multiplikationen	5	strukturgleichfoermig
map	spalten_dict	Multiplikationen	6	Motive_Sternpolygone
map	spalten_dict	Multiplikationen	7	motivstern
map	spalten_dict	Multiplikationen	8	Struktur_Sternpolygone
map	spalten_dict	Multiplikationen	9	strukturstern
map	spalten_dict	Multiplikationen	10	Motiv_Sternpolygon_gebrochen-rational
map	spalten_dict	Multiplikationen	11	motivgebrstern
map	spalten_dict	Multiplikationen	12	Struktur_Sternpolyon_gebrochen-rational
map	spalten_dict	Multiplikationen	13	strukgebrstern
map	spalten_dict	Multiplikationen	14	Motiv_gleichförmige_Polygone_gebrochen-rational
map	spalten_dict	Multiplikationen	15	motivgebrgleichf
map	spalten_dict	Multiplikationen	16	Struktur_gleichförmige_Polygone_gebrochen-rational
map	spalten_dict	Multiplikationen	17	strukgebrgleichf
map	spalten_dict	Multiplikationen	18	beschrieben
map	spalten_dict	multiplikationen	0	Rahmen-Bedingungen
map	spalten_dict	multiplikationen	1	rahmen
map	spalten_dict	multiplikationen	2	Motive_gleichförmige_Polygone
map	spalten_dict	multiplikationen	3	motivgleichfoermig
map	spalten_dict	multiplikationen	4	Struktur_gleichförmige_Polygone
map	spalten_dict	multiplikationen	5	strukturgleichfoermig
map	spalten_dict	multiplikationen	6	Motive_Sternpolygone
map	spalten_dict	multiplikationen	7	motivstern
map	spalten_dict	multiplikationen	8	Struktur_Sternpolygone
map	spalten_dict	multiplikationen	9	strukturstern
map	spalten_dict	multiplikationen	10	Motiv_Sternpolygon_gebrochen-rational
map	spalten_dict	multiplikationen	11	motivgebrstern
map	spalten_dict	multiplikationen	12	Struktur_Sternpolyon_gebrochen-rational
map	spalten_dict	multiplikationen	13	strukgebrstern
map	spalten_dict	multiplikationen	14	Motiv_gleichförmige_Polygone_gebrochen-rational
map	spalten_dict	multiplikationen	15	motivgebrgleichf
map	spalten_dict	multiplikationen	16	Struktur_gleichförmige_Polygone_gebrochen-rational
map	spalten_dict	multiplikationen	17	strukgebrgleichf
map	spalten_dict	multiplikationen	18	beschrieben
map	spalten_dict	Kontinuum	0	Q
map	spalten_dict	Kontinuum	1	q
map	spalten_dict	Kontinuum	2	Siebzehn
map	spalten_dict	Kontinuum	3	AB
map	spalten_dict	Kontinuum	4	ab
map	spalten_dict	Kontinuum	5	Achtundzwanzig
map	spalten_dict	Kontinuum	6	Z
map	spalten_dict	Kontinuum	7	z
map	spalten_dict	Kontinuum	8	Sechsundzwanzig
map	spalten_dict	Kontinuum	9	AA
map	spalten_dict	Kontinuum	10	aa
map	spalten_dict	Kontinuum	11	Sechsundzwanzig
map	spalten_dict	Kontinuum	12	i
map	spalten_dict	Kontinuum	13	I
map	spalten_dict	Kontinuum	14	Neun
map	spalten_dict	Kontinuum	15	G
map	spalten_dict	Kontinuum	16	g
map	spalten_dict	Kontinuum	17	Sieben
map	spalten_dict	Kontinuum	18	J
map	spalten_dict	Kontinuum	19	j
map	spalten_dict	Kontinuum	20	Zehn
map	spalten_dict	Kontinuum	21	k
map	spalten_dict	Kontinuum	22	K
map	spalten_dict	Kontinuum	23	Elf
map	spalten_dict	Kontinuum	24	E
map	spalten_dict	Kontinuum	25	e
map	spalten_dict	Kontinuum	26	Fünf
map	spalten_dict	Kontinuum	27	L
map	spalten_dict	Kontinuum	28	l
map	spalten_dict	Kontinuum	29	Zwölf
map	spalten_dict	Kontinuum	30	AU
map	spalten_dict	Kontinuum	31	au
map	spalten_dict	Kontinuum	32	Siebenundvierzig
map	spalten_dict	Kontinuum	33	AK
map	spalten_dict	Kontinuum	34	ak
map	spalten_dict	Kontinuum	35	Siebenunddreissig
map	spalten_dict	Kontinuum	36	AE
map	spalten_dict	Kontinuum	37	ae
map	spalten_dict	Kontinuum	38	Einunddreissig
map	spalten_dict	Kontinuum	39	AD
map	spalten_dict	Kontinuum	40	ad
map	spalten_dict	Kontinuum	41	Dreissig
map	spalten_dict	Kontinuum	42	AC
map	spalten_dict	Kontinuum	43	ac
map	spalten_dict	Kontinuum	44	Neunundzwanzig
map	spalten_dict	Kontinuum	45	AT
map	spalten_dict	Kontinuum	46	at
map	spalten_dict	Kontinuum	47	Sechsundvierzig
map	spalten_dict	Kontinuum	48	W
map	spalten_dict	Kontinuum	49	w
map	spalten_dict	Kontinuum	50	Dreiundzwanzig
map	spalten_dict	Kontinuum	51	Y
map	spalten_dict	Kontinuum	52	y
map	spalten_dict	Kontinuum	53	Fünfundzwanzig
map	spalten_dict	Kontinuum	54	Kontinuen
map	spalten_dict	Kontinuum	55	F
map	spalten_dict	Kontinuum	56	f
map	spalten_dict	Kontinuum	57	Sechs
map	spalten_dict	Kontinuum	58	F
map	spalten_dict	Kontinuum	59	f
map	spalten_dict	Kontinuum	60	Sechs
map	spalten_dict	Kontinuum	61	Kontinuen
map	spalten_dict	Kontinuum	62	O
map	spalten_dict	Kontinuum	63	o
map	spalten_dict	Kontinuum	64	Fünfzehn
map	spalten_dict	Kontinuum	65	H
map	spalten_dict	Kontinuum	66	h
map	spalten_dict	Kontinuum	67	Acht
map	spalten_dict	Kontinuum	68	N
map	spalten_dict	Kontinuum	69	n
map	spalten_dict	Kontinuum	70	Vierzehn
map	spalten_dict	Kontinuum	71	M
map	spalten_dict	Kontinuum	72	m
map	spalten_dict	Kontinuum	73	Dreizehn
map	spalten_dict	Kontinuum	74	T
map	spalten_dict	Kontinuum	75	t
map	spalten_dict	Kontinuum	76	Zwanzig
map	spalten_dict	Kontinuum	77	P5
map	spalten_dict	Kontinuum	78	p5
map	spalten_dict	Kontinuum	79	Sechszehn->Fünf
map	spalten_dict	Kontinuum	80	P
map	spalten_dict	Kontinuum	81	p
map	spalten_dict	Kontinuum	82	Sechszehn
map	spalten_dict	Kontinuum	83	X
map	spalten_dict	Kontinuum	84	x
map	spalten_dict	Kontinuum	85	Vierundzwanzig
map	spalten_dict	Kontinuum	86	S
map	spalten_dict	Kontinuum	87	s
map	spalten_dict	Kontinuum	88	Neunzehn
map	spalten_dict	Kontinuum	89	R
map	spalten_dict	Kontinuum	90	r
map	spalten_dict	Kontinuum	91	Achtzehn
map	spalten_dict	Kontinuum	92	A
map	spalten_dict	Kontinuum	93	a
map	spalten_dict	Kontinuum	94	Eins
map	spalten_dict	Kontinuum	95	B
map	spalten_dict	Kontinuum	96	b
map	spalten_dict	Kontinuum	97	Zwei
map	spalten_dict	Kontinuum	98	C
map	spalten_dict	Kontinuum	99	c
map	spalten_dict	Kontinuum	100	Drei
map	spalten_dict	Kontinuum	101	D
map	spalten_dict	Kontinuum	102	d
map	spalten_dict	Kontinuum	103	Vier
map	spalten_dict	kontinuum	0	Q
map	spalten_dict	kontinuum	1	q
map	spalten_dict	kontinuum	2	Siebzehn
map	spalten_dict	kontinuum	3	AB
map	spalten_dict	kontinuum	4	ab
map	spalten_dict	kontinuum	5	Achtundzwanzig
map	spalten_dict	kontinuum	6	Z
map	spalten_dict	kontinuum	7	z
map	spalten_dict	kontinuum	8	Sechsundzwanzig
map	spalten_dict	kontinuum	9	AA
map	spalten_dict	kontinuum	10	aa
map	spalten_dict	kontinuum	11	Sechsundzwanzig
map	spalten_dict	kontinuum	12	i
map	spalten_dict	kontinuum	13	I
map	spalten_dict	kontinuum	14	Neun
map	spalten_dict	kontinuum	15	G
map	spalten_dict	kontinuum	16	g
map	spalten_dict	kontinuum	17	Sieben
map	spalten_dict	kontinuum	18	J
map	spalten_dict	kontinuum	19	j
map	spalten_dict	kontinuum	20	Zehn
map	spalten_dict	kontinuum	21	k
map	spalten_dict	kontinuum	22	K
map	spalten_dict	kontinuum	23	Elf
map	spalten_dict	kontinuum	24	E
map	spalten_dict	kontinuum	25	e
map	spalten_dict	kontinuum	26	Fünf
map	spalten_dict	kontinuum	27	L
map	spalten_dict	kontinuum	28	l
map	spalten_dict	kontinuum	29	Zwölf
map	spalten_dict	kontinuum	30	AU
map	spalten_dict	kontinuum	31	au
map	spalten_dict	kontinuum	32	Siebenundvierzig
map	spalten_dict	kontinuum	33	AK
map	spalten_dict	kontinuum	34	ak
map	spalten_dict	kontinuum	35	Siebenunddreissig
map	spalten_dict	kontinuum	36	AE
map	spalten_dict	kontinuum	37	ae
map	spalten_dict	kontinuum	38	Einunddreissig
map	spalten_dict	kontinuum	39	AD
map	spalten_dict	kontinuum	40	ad
map	spalten_dict	kontinuum	41	Dreissig
map	spalten_dict	kontinuum	42	AC
map	spalten_dict	kontinuum	43	ac
map	spalten_dict	kontinuum	44	Neunundzwanzig
map	spalten_dict	kontinuum	45	AT
map	spalten_dict	kontinuum	46	at
map	spalten_dict	kontinuum	47	Sechsundvierzig
map	spalten_dict	kontinuum	48	W
map	spalten_dict	kontinuum	49	w
map	spalten_dict	kontinuum	50	Dreiundzwanzig
map	spalten_dict	kontinuum	51	Y
map	spalten_dict	kontinuum	52	y
map	spalten_dict	kontinuum	53	Fünfundzwanzig
map	spalten_dict	kontinuum	54	Kontinuen
map	spalten_dict	kontinuum	55	F
map	spalten_dict	kontinuum	56	f
map	spalten_dict	kontinuum	57	Sechs
map	spalten_dict	kontinuum	58	F
map	spalten_dict	kontinuum	59	f
map	spalten_dict	kontinuum	60	Sechs
map	spalten_dict	kontinuum	61	Kontinuen
map	spalten_dict	kontinuum	62	O
map	spalten_dict	kontinuum	63	o
map	spalten_dict	kontinuum	64	Fünfzehn
map	spalten_dict	kontinuum	65	H
map	spalten_dict	kontinuum	66	h
map	spalten_dict	kontinuum	67	Acht
map	spalten_dict	kontinuum	68	N
map	spalten_dict	kontinuum	69	n
map	spalten_dict	kontinuum	70	Vierzehn
map	spalten_dict	kontinuum	71	M
map	spalten_dict	kontinuum	72	m
map	spalten_dict	kontinuum	73	Dreizehn
map	spalten_dict	kontinuum	74	T
map	spalten_dict	kontinuum	75	t
map	spalten_dict	kontinuum	76	Zwanzig
map	spalten_dict	kontinuum	77	P5
map	spalten_dict	kontinuum	78	p5
map	spalten_dict	kontinuum	79	Sechszehn->Fünf
map	spalten_dict	kontinuum	80	P
map	spalten_dict	kontinuum	81	p
map	spalten_dict	kontinuum	82	Sechszehn
map	spalten_dict	kontinuum	83	X
map	spalten_dict	kontinuum	84	x
map	spalten_dict	kontinuum	85	Vierundzwanzig
map	spalten_dict	kontinuum	86	S
map	spalten_dict	kontinuum	87	s
map	spalten_dict	kontinuum	88	Neunzehn
map	spalten_dict	kontinuum	89	R
map	spalten_dict	kontinuum	90	r
map	spalten_dict	kontinuum	91	Achtzehn
map	spalten_dict	kontinuum	92	A
map	spalten_dict	kontinuum	93	a
map	spalten_dict	kontinuum	94	Eins
map	spalten_dict	kontinuum	95	B
map	spalten_dict	kontinuum	96	b
map	spalten_dict	kontinuum	97	Zwei
map	spalten_dict	kontinuum	98	C
map	spalten_dict	kontinuum	99	c
map	spalten_dict	kontinuum	100	Drei
map	spalten_dict	kontinuum	101	D
map	spalten_dict	kontinuum	102	d
map	spalten_dict	kontinuum	103	Vier
