1	2,0
2	2,1
3	2,0;2,1
4	3,0
5	2,0;3,0
6	2,1;3,0
7	2,0;2,1;3,0
8	3,1
9	3,1;2,0
10	3,1;2,1
11	3,1;2,0;2,1
12	3,1;3,0
13	3,1;2,0;3,0
14	3,1;2,1;3,0
15	3,1;2,0;2,1;3,0
16	4,0
17	4,0;2,0
18	4,0;2,1
19	4,0;2,0;2,1
20	4,0;3,0
21	4,0;2,0;3,0
22	4,0;2,1;3,0
23	4,0;2,0;2,1;3,0
24	3,1;4,0
25	3,1;4,0;2,0
26	3,1;4,0;2,1
27	3,1;4,0;2,0;2,1
28	3,1;4,0;3,0
29	3,1;4,0;2,0;3,0
30	3,1;4,0;2,1;3,0
31	4,0;2,1;3,1;2,0;3,0
32	4,1
33	2,0;4,1
34	4,1;2,1
35	2,0;2,1;4,1
36	4,1;3,0
37	2,0;4,1;3,0
38	4,1;2,1;3,0
39	2,0;2,1;4,1;3,0
40	3,1;4,1
41	3,1;2,0;4,1
42	3,1;4,1;2,1
43	3,1;2,0;2,1;4,1
44	3,1;4,1;3,0
45	3,1;2,0;4,1;3,0
46	3,1;4,1;2,1;3,0
47	2,1;3,1;2,0;3,0;4,1
48	4,0;4,1
49	4,0;2,0;4,1
50	4,0;4,1;2,1
51	4,0;2,0;2,1;4,1
52	4,0;4,1;3,0
53	4,0;2,0;4,1;3,0
54	4,0;4,1;2,1;3,0
55	4,0;2,1;2,0;3,0;4,1
56	3,1;4,0;4,1
57	3,1;4,0;2,0;4,1
58	3,1;4,0;4,1;2,1
59	4,0;2,1;3,1;2,0;4,1
60	3,1;4,0;4,1;3,0
61	4,0;3,1;2,0;3,0;4,1
62	4,0;2,1;3,1;3,0;4,1
63	4,0;2,1;3,1;2,0;3,0;4,1
64	5,0
65	5,0;2,0
66	5,0;2,1
67	5,0;2,0;2,1
68	5,0;3,0
69	5,0;2,0;3,0
70	5,0;2,1;3,0
71	5,0;2,0;2,1;3,0
72	3,1;5,0
73	3,1;5,0;2,0
74	3,1;5,0;2,1
75	3,1;5,0;2,0;2,1
76	3,1;5,0;3,0
77	3,1;5,0;2,0;3,0
78	3,1;5,0;2,1;3,0
79	2,1;3,1;2,0;3,0;5,0
80	4,0;5,0
81	5,0;4,0;2,0
82	4,0;5,0;2,1
83	5,0;4,0;2,0;2,1
84	4,0;5,0;3,0
85	5,0;4,0;2,0;3,0
86	4,0;5,0;2,1;3,0
87	4,0;2,1;2,0;3,0;5,0
88	3,1;4,0;5,0
89	3,1;5,0;4,0;2,0
90	3,1;4,0;5,0;2,1
91	4,0;2,1;3,1;2,0;5,0
92	3,1;4,0;5,0;3,0
93	4,0;3,1;2,0;3,0;5,0
94	4,0;2,1;3,1;3,0;5,0
95	4,0;2,1;3,1;2,0;3,0;5,0
96	5,0;4,1
97	5,0;2,0;4,1
98	5,0;4,1;2,1
99	5,0;2,0;2,1;4,1
100	5,0;4,1;3,0
101	5,0;2,0;4,1;3,0
102	5,0;4,1;2,1;3,0
103	2,1;2,0;3,0;5,0;4,1
104	3,1;5,0;4,1
105	3,1;5,0;2,0;4,1
106	3,1;5,0;4,1;2,1
107	2,1;3,1;2,0;5,0;4,1
108	3,1;5,0;4,1;3,0
109	3,1;2,0;3,0;5,0;4,1
110	2,1;3,1;3,0;5,0;4,1
111	2,1;3,1;2,0;3,0;5,0;4,1
112	5,0;4,0;4,1
113	5,0;4,0;2,0;4,1
114	5,0;4,0;4,1;2,1
115	4,0;2,1;2,0;5,0;4,1
116	5,0;4,0;4,1;3,0
117	4,0;2,0;3,0;5,0;4,1
118	4,0;2,1;3,0;5,0;4,1
119	4,0;2,1;2,0;3,0;5,0;4,1
120	3,1;5,0;4,0;4,1
121	4,0;3,1;2,0;5,0;4,1
122	4,0;2,1;3,1;5,0;4,1
123	4,0;2,1;3,1;2,0;5,0;4,1
124	4,0;3,1;3,0;5,0;4,1
125	4,0;3,1;2,0;3,0;5,0;4,1
126	4,0;2,1;3,1;3,0;5,0;4,1
127	4,0;2,1;3,1;2,0;3,0;5,0;4,1
128	5,1
129	2,0;5,1
130	5,1;2,1
131	5,1;2,0;2,1
132	5,1;3,0
133	2,0;5,1;3,0
134	5,1;2,1;3,0
135	5,1;2,0;2,1;3,0
136	3,1;5,1
137	3,1;2,0;5,1
138	3,1;5,1;2,1
139	3,1;5,1;2,0;2,1
140	3,1;5,1;3,0
141	3,1;2,0;5,1;3,0
142	3,1;5,1;2,1;3,0
143	2,1;3,1;2,0;5,1;3,0
144	4,0;5,1
145	4,0;2,0;5,1
146	5,1;4,0;2,1
147	5,1;4,0;2,0;2,1
148	4,0;5,1;3,0
149	4,0;2,0;5,1;3,0
150	5,1;4,0;2,1;3,0
151	4,0;2,1;2,0;5,1;3,0
152	3,1;4,0;5,1
153	3,1;4,0;2,0;5,1
154	3,1;5,1;4,0;2,1
155	4,0;2,1;3,1;2,0;5,1
156	3,1;4,0;5,1;3,0
157	4,0;3,1;2,0;5,1;3,0
158	4,0;2,1;3,1;5,1;3,0
159	4,0;2,1;3,1;2,0;5,1;3,0
160	4,1;5,1
161	2,0;5,1;4,1
162	5,1;4,1;2,1
163	5,1;2,0;2,1;4,1
164	4,1;5,1;3,0
165	2,0;5,1;4,1;3,0
166	5,1;4,1;2,1;3,0
167	2,1;2,0;5,1;3,0;4,1
168	3,1;4,1;5,1
169	3,1;2,0;5,1;4,1
170	3,1;5,1;4,1;2,1
171	2,1;3,1;2,0;5,1;4,1
172	3,1;4,1;5,1;3,0
173	3,1;2,0;5,1;3,0;4,1
174	2,1;3,1;5,1;3,0;4,1
175	2,1;3,1;2,0;5,1;3,0;4,1
176	4,0;4,1;5,1
177	4,0;2,0;5,1;4,1
178	5,1;4,0;4,1;2,1
179	4,0;2,1;2,0;5,1;4,1
180	4,0;4,1;5,1;3,0
181	4,0;2,0;5,1;3,0;4,1
182	4,0;2,1;5,1;3,0;4,1
183	4,0;2,1;2,0;5,1;3,0;4,1
184	3,1;4,0;4,1;5,1
185	4,0;3,1;2,0;5,1;4,1
186	4,0;2,1;3,1;5,1;4,1
187	4,0;2,1;3,1;2,0;5,1;4,1
188	4,0;3,1;5,1;3,0;4,1
189	4,0;3,1;2,0;5,1;3,0;4,1
190	4,0;2,1;3,1;5,1;3,0;4,1
191	4,0;2,1;3,1;2,0;5,1;3,0;4,1
192	5,0;5,1
193	5,0;2,0;5,1
194	5,1;5,0;2,1
195	5,1;5,0;2,0;2,1
196	5,0;5,1;3,0
197	5,0;2,0;5,1;3,0
198	5,1;5,0;2,1;3,0
199	2,1;2,0;5,1;3,0;5,0
200	3,1;5,0;5,1
201	3,1;5,0;2,0;5,1
202	3,1;5,1;5,0;2,1
203	2,1;3,1;2,0;5,1;5,0
204	3,1;5,0;5,1;3,0
205	3,1;2,0;5,1;3,0;5,0
206	2,1;3,1;5,1;3,0;5,0
207	2,1;3,1;2,0;5,1;3,0;5,0
208	4,0;5,0;5,1
209	5,0;4,0;2,0;5,1
210	5,1;4,0;5,0;2,1
211	4,0;2,1;2,0;5,1;5,0
212	4,0;5,0;5,1;3,0
213	4,0;2,0;5,1;3,0;5,0
214	4,0;2,1;5,1;3,0;5,0
215	4,0;2,1;2,0;5,1;3,0;5,0
216	3,1;4,0;5,0;5,1
217	4,0;3,1;2,0;5,1;5,0
218	4,0;2,1;3,1;5,1;5,0
219	4,0;2,1;3,1;2,0;5,1;5,0
220	4,0;3,1;5,1;3,0;5,0
221	4,0;3,1;2,0;5,1;3,0;5,0
222	4,0;2,1;3,1;5,1;3,0;5,0
223	4,0;2,1;3,1;2,0;5,1;3,0;5,0
224	5,0;4,1;5,1
225	5,0;2,0;5,1;4,1
226	5,1;5,0;4,1;2,1
227	2,1;2,0;5,1;5,0;4,1
228	5,0;4,1;5,1;3,0
229	2,0;5,1;3,0;5,0;4,1
230	2,1;5,1;3,0;5,0;4,1
231	2,1;2,0;5,1;3,0;5,0;4,1
232	3,1;5,0;4,1;5,1
233	3,1;2,0;5,1;5,0;4,1
234	2,1;3,1;5,1;5,0;4,1
235	2,1;3,1;2,0;5,1;5,0;4,1
236	3,1;5,1;3,0;5,0;4,1
237	3,1;2,0;5,1;3,0;5,0;4,1
238	2,1;3,1;5,1;3,0;5,0;4,1
239	2,1;3,1;2,0;5,1;3,0;5,0;4,1
240	5,0;4,0;4,1;5,1
241	4,0;2,0;5,1;5,0;4,1
242	4,0;2,1;5,1;5,0;4,1
243	4,0;2,1;2,0;5,1;5,0;4,1
244	4,0;5,1;3,0;5,0;4,1
245	4,0;2,0;5,1;3,0;5,0;4,1
246	4,0;2,1;5,1;3,0;5,0;4,1
247	4,0;2,1;2,0;5,1;3,0;5,0;4,1
248	4,0;3,1;5,1;5,0;4,1
249	4,0;3,1;2,0;5,1;5,0;4,1
250	4,0;2,1;3,1;5,1;5,0;4,1
251	4,0;2,1;3,1;2,0;5,1;5,0;4,1
252	4,0;3,1;5,1;3,0;5,0;4,1
253	4,0;3,1;2,0;5,1;3,0;5,0;4,1
254	4,0;2,1;3,1;5,1;3,0;5,0;4,1
255	4,0;2,1;3,1;2,0;5,1;3,0;5,0;4,1
256	6,0
257	2,0;6,0
258	2,1;6,0
259	2,0;2,1;6,0
260	6,0;3,0
261	6,0;2,0;3,0
262	6,0;2,1;3,0
263	6,0;2,0;2,1;3,0
264	3,1;6,0
265	3,1;2,0;6,0
266	3,1;2,1;6,0
267	3,1;2,0;2,1;6,0
268	3,1;6,0;3,0
269	3,1;6,0;2,0;3,0
270	3,1;6,0;2,1;3,0
271	2,1;3,1;2,0;3,0;6,0
272	4,0;6,0
273	4,0;2,0;6,0
274	4,0;2,1;6,0
275	4,0;2,0;2,1;6,0
276	4,0;6,0;3,0
277	6,0;4,0;2,0;3,0
278	4,0;6,0;2,1;3,0
279	4,0;2,1;2,0;3,0;6,0
280	3,1;4,0;6,0
281	3,1;4,0;2,0;6,0
282	3,1;4,0;2,1;6,0
283	4,0;2,1;3,1;2,0;6,0
284	3,1;4,0;6,0;3,0
285	4,0;3,1;2,0;3,0;6,0
286	4,0;2,1;3,1;3,0;6,0
287	4,0;2,1;3,1;2,0;3,0;6,0
288	4,1;6,0
289	6,0;2,0;4,1
290	4,1;2,1;6,0
291	6,0;2,0;2,1;4,1
292	6,0;4,1;3,0
293	6,0;2,0;4,1;3,0
294	6,0;4,1;2,1;3,0
295	2,1;2,0;3,0;6,0;4,1
296	3,1;4,1;6,0
297	3,1;6,0;2,0;4,1
298	3,1;4,1;2,1;6,0
299	2,1;3,1;2,0;6,0;4,1
300	3,1;6,0;4,1;3,0
301	3,1;2,0;3,0;6,0;4,1
302	2,1;3,1;3,0;6,0;4,1
303	2,1;3,1;2,0;3,0;6,0;4,1
304	4,0;4,1;6,0
305	6,0;4,0;2,0;4,1
306	4,0;4,1;2,1;6,0
307	4,0;2,1;2,0;6,0;4,1
308	6,0;4,0;4,1;3,0
309	4,0;2,0;3,0;6,0;4,1
310	4,0;2,1;3,0;6,0;4,1
311	4,0;2,1;2,0;3,0;6,0;4,1
312	3,1;4,0;4,1;6,0
313	4,0;3,1;2,0;6,0;4,1
314	4,0;2,1;3,1;6,0;4,1
315	4,0;2,1;3,1;2,0;6,0;4,1
316	4,0;3,1;3,0;6,0;4,1
317	4,0;3,1;2,0;3,0;6,0;4,1
318	4,0;2,1;3,1;3,0;6,0;4,1
319	4,0;2,1;3,1;2,0;3,0;6,0;4,1
320	5,0;6,0
321	5,0;2,0;6,0
322	5,0;2,1;6,0
323	5,0;2,0;2,1;6,0
324	6,0;5,0;3,0
325	5,0;6,0;2,0;3,0
326	6,0;5,0;2,1;3,0
327	2,1;2,0;3,0;5,0;6,0
328	3,1;5,0;6,0
329	3,1;5,0;2,0;6,0
330	3,1;5,0;2,1;6,0
331	2,1;3,1;2,0;5,0;6,0
332	3,1;6,0;5,0;3,0
333	3,1;2,0;3,0;5,0;6,0
334	2,1;3,1;3,0;5,0;6,0
335	2,1;3,1;2,0;3,0;5,0;6,0
336	4,0;5,0;6,0
337	5,0;4,0;2,0;6,0
338	4,0;5,0;2,1;6,0
339	4,0;2,1;2,0;5,0;6,0
340	6,0;4,0;5,0;3,0
341	4,0;2,0;3,0;5,0;6,0
342	4,0;2,1;3,0;5,0;6,0
343	4,0;2,1;2,0;3,0;5,0;6,0
344	3,1;4,0;5,0;6,0
345	4,0;3,1;2,0;5,0;6,0
346	4,0;2,1;3,1;5,0;6,0
347	4,0;2,1;3,1;2,0;5,0;6,0
348	4,0;3,1;3,0;5,0;6,0
349	4,0;3,1;2,0;3,0;5,0;6,0
350	4,0;2,1;3,1;3,0;5,0;6,0
351	4,0;2,1;3,1;2,0;3,0;5,0;6,0
352	5,0;4,1;6,0
353	5,0;6,0;2,0;4,1
354	5,0;4,1;2,1;6,0
355	2,1;2,0;5,0;6,0;4,1
356	5,0;6,0;4,1;3,0
357	2,0;3,0;5,0;6,0;4,1
358	2,1;3,0;5,0;6,0;4,1
359	2,1;2,0;3,0;5,0;6,0;4,1
360	3,1;5,0;4,1;6,0
361	3,1;2,0;5,0;6,0;4,1
362	2,1;3,1;5,0;6,0;4,1
363	2,1;3,1;2,0;5,0;6,0;4,1
364	3,1;3,0;5,0;6,0;4,1
365	3,1;2,0;3,0;5,0;6,0;4,1
366	2,1;3,1;3,0;5,0;6,0;4,1
367	2,1;3,1;2,0;3,0;5,0;6,0;4,1
368	5,0;4,0;4,1;6,0
369	4,0;2,0;5,0;6,0;4,1
370	4,0;2,1;5,0;6,0;4,1
371	4,0;2,1;2,0;5,0;6,0;4,1
372	4,0;3,0;5,0;6,0;4,1
373	4,0;2,0;3,0;5,0;6,0;4,1
374	4,0;2,1;3,0;5,0;6,0;4,1
375	4,0;2,1;2,0;3,0;5,0;6,0;4,1
376	4,0;3,1;5,0;6,0;4,1
377	4,0;3,1;2,0;5,0;6,0;4,1
378	4,0;2,1;3,1;5,0;6,0;4,1
379	4,0;2,1;3,1;2,0;5,0;6,0;4,1
380	4,0;3,1;3,0;5,0;6,0;4,1
381	4,0;3,1;2,0;3,0;5,0;6,0;4,1
382	4,0;2,1;3,1;3,0;5,0;6,0;4,1
383	4,0;2,1;3,1;2,0;3,0;5,0;6,0;4,1
384	5,1;6,0
385	2,0;5,1;6,0
386	5,1;2,1;6,0
387	5,1;2,0;2,1;6,0
388	6,0;5,1;3,0
389	6,0;2,0;5,1;3,0
390	5,1;6,0;2,1;3,0
391	2,1;2,0;5,1;3,0;6,0
392	3,1;5,1;6,0
393	3,1;2,0;5,1;6,0
394	3,1;5,1;2,1;6,0
395	2,1;3,1;2,0;5,1;6,0
396	3,1;6,0;5,1;3,0
397	3,1;2,0;5,1;3,0;6,0
398	2,1;3,1;5,1;3,0;6,0
399	2,1;3,1;2,0;5,1;3,0;6,0
400	4,0;5,1;6,0
401	4,0;2,0;5,1;6,0
402	5,1;4,0;2,1;6,0
403	4,0;2,1;2,0;5,1;6,0
404	4,0;6,0;5,1;3,0
405	4,0;2,0;5,1;3,0;6,0
406	4,0;2,1;5,1;3,0;6,0
407	4,0;2,1;2,0;5,1;3,0;6,0
408	3,1;4,0;5,1;6,0
409	4,0;3,1;2,0;5,1;6,0
410	4,0;2,1;3,1;5,1;6,0
411	4,0;2,1;3,1;2,0;5,1;6,0
412	4,0;3,1;5,1;3,0;6,0
413	4,0;3,1;2,0;5,1;3,0;6,0
414	4,0;2,1;3,1;5,1;3,0;6,0
415	4,0;2,1;3,1;2,0;5,1;3,0;6,0
416	4,1;5,1;6,0
417	6,0;2,0;5,1;4,1
418	5,1;4,1;2,1;6,0
419	2,1;2,0;5,1;6,0;4,1
420	6,0;4,1;5,1;3,0
421	2,0;5,1;3,0;6,0;4,1
422	2,1;5,1;3,0;6,0;4,1
423	2,1;2,0;5,1;3,0;6,0;4,1
424	3,1;4,1;5,1;6,0
425	3,1;2,0;5,1;6,0;4,1
426	2,1;3,1;5,1;6,0;4,1
427	2,1;3,1;2,0;5,1;6,0;4,1
428	3,1;5,1;3,0;6,0;4,1
429	3,1;2,0;5,1;3,0;6,0;4,1
430	2,1;3,1;5,1;3,0;6,0;4,1
431	2,1;3,1;2,0;5,1;3,0;6,0;4,1
432	4,0;4,1;5,1;6,0
433	4,0;2,0;5,1;6,0;4,1
434	4,0;2,1;5,1;6,0;4,1
435	4,0;2,1;2,0;5,1;6,0;4,1
436	4,0;5,1;3,0;6,0;4,1
437	4,0;2,0;5,1;3,0;6,0;4,1
438	4,0;2,1;5,1;3,0;6,0;4,1
439	4,0;2,1;2,0;5,1;3,0;6,0;4,1
440	4,0;3,1;5,1;6,0;4,1
441	4,0;3,1;2,0;5,1;6,0;4,1
442	4,0;2,1;3,1;5,1;6,0;4,1
443	4,0;2,1;3,1;2,0;5,1;6,0;4,1
444	4,0;3,1;5,1;3,0;6,0;4,1
445	4,0;3,1;2,0;5,1;3,0;6,0;4,1
446	4,0;2,1;3,1;5,1;3,0;6,0;4,1
447	4,0;2,1;3,1;2,0;5,1;3,0;6,0;4,1
448	5,0;5,1;6,0
449	5,0;2,0;5,1;6,0
450	5,1;5,0;2,1;6,0
451	2,1;2,0;5,1;5,0;6,0
452	6,0;5,0;5,1;3,0
453	2,0;5,1;3,0;5,0;6,0
454	2,1;5,1;3,0;5,0;6,0
455	2,1;2,0;5,1;3,0;5,0;6,0
456	3,1;5,0;5,1;6,0
457	3,1;2,0;5,1;5,0;6,0
458	2,1;3,1;5,1;5,0;6,0
459	2,1;3,1;2,0;5,1;5,0;6,0
460	3,1;5,1;3,0;5,0;6,0
461	3,1;2,0;5,1;3,0;5,0;6,0
462	2,1;3,1;5,1;3,0;5,0;6,0
463	2,1;3,1;2,0;5,1;3,0;5,0;6,0
464	4,0;5,0;5,1;6,0
465	4,0;2,0;5,1;5,0;6,0
466	4,0;2,1;5,1;5,0;6,0
467	4,0;2,1;2,0;5,1;5,0;6,0
468	4,0;5,1;3,0;5,0;6,0
469	4,0;2,0;5,1;3,0;5,0;6,0
470	4,0;2,1;5,1;3,0;5,0;6,0
471	4,0;2,1;2,0;5,1;3,0;5,0;6,0
472	4,0;3,1;5,1;5,0;6,0
473	4,0;3,1;2,0;5,1;5,0;6,0
474	4,0;2,1;3,1;5,1;5,0;6,0
475	4,0;2,1;3,1;2,0;5,1;5,0;6,0
476	4,0;3,1;5,1;3,0;5,0;6,0
477	4,0;3,1;2,0;5,1;3,0;5,0;6,0
478	4,0;2,1;3,1;5,1;3,0;5,0;6,0
479	4,0;2,1;3,1;2,0;5,1;3,0;5,0;6,0
480	5,0;4,1;5,1;6,0
481	2,0;5,1;5,0;6,0;4,1
482	2,1;5,1;5,0;6,0;4,1
483	2,1;2,0;5,1;5,0;6,0;4,1
484	5,1;3,0;5,0;6,0;4,1
485	2,0;5,1;3,0;5,0;6,0;4,1
486	2,1;5,1;3,0;5,0;6,0;4,1
487	2,1;2,0;5,1;3,0;5,0;6,0;4,1
488	3,1;5,1;5,0;6,0;4,1
489	3,1;2,0;5,1;5,0;6,0;4,1
490	2,1;3,1;5,1;5,0;6,0;4,1
491	2,1;3,1;2,0;5,1;5,0;6,0;4,1
492	3,1;5,1;3,0;5,0;6,0;4,1
493	3,1;2,0;5,1;3,0;5,0;6,0;4,1
494	2,1;3,1;5,1;3,0;5,0;6,0;4,1
495	2,1;3,1;2,0;5,1;3,0;5,0;6,0;4,1
496	4,0;5,1;5,0;6,0;4,1
497	4,0;2,0;5,1;5,0;6,0;4,1
498	4,0;2,1;5,1;5,0;6,0;4,1
499	4,0;2,1;2,0;5,1;5,0;6,0;4,1
500	4,0;5,1;3,0;5,0;6,0;4,1
501	4,0;2,0;5,1;3,0;5,0;6,0;4,1
502	4,0;2,1;5,1;3,0;5,0;6,0;4,1
503	4,0;2,1;2,0;5,1;3,0;5,0;6,0;4,1
504	4,0;3,1;5,1;5,0;6,0;4,1
505	4,0;3,1;2,0;5,1;5,0;6,0;4,1
506	4,0;2,1;3,1;5,1;5,0;6,0;4,1
507	4,0;2,1;3,1;2,0;5,1;5,0;6,0;4,1
508	4,0;3,1;5,1;3,0;5,0;6,0;4,1
509	4,0;3,1;2,0;5,1;3,0;5,0;6,0;4,1
510	4,0;2,1;3,1;5,1;3,0;5,0;6,0;4,1
511	4,0;2,1;3,1;2,0;5,1;3,0;5,0;6,0;4,1
512	6,1
513	6,1;2,0
514	6,1;2,1
515	6,1;2,0;2,1
516	6,1;3,0
517	6,1;2,0;3,0
518	6,1;2,1;3,0
519	6,1;2,0;2,1;3,0
520	3,1;6,1
521	3,1;6,1;2,0
522	3,1;6,1;2,1
523	3,1;6,1;2,0;2,1
524	3,1;6,1;3,0
525	3,1;6,1;2,0;3,0
526	3,1;6,1;2,1;3,0
527	2,1;3,1;6,1;2,0;3,0
528	6,1;4,0
529	6,1;4,0;2,0
530	6,1;4,0;2,1
531	6,1;4,0;2,0;2,1
532	6,1;4,0;3,0
533	6,1;4,0;2,0;3,0
534	6,1;4,0;2,1;3,0
535	4,0;2,1;6,1;2,0;3,0
536	3,1;6,1;4,0
537	3,1;6,1;4,0;2,0
538	3,1;6,1;4,0;2,1
539	4,0;2,1;3,1;6,1;2,0
540	3,1;6,1;4,0;3,0
541	4,0;3,1;6,1;2,0;3,0
542	4,0;2,1;3,1;6,1;3,0
543	4,0;2,1;3,1;6,1;2,0;3,0
544	6,1;4,1
545	6,1;2,0;4,1
546	6,1;4,1;2,1
547	6,1;2,0;2,1;4,1
548	6,1;4,1;3,0
549	6,1;2,0;4,1;3,0
550	6,1;4,1;2,1;3,0
551	2,1;6,1;2,0;3,0;4,1
552	3,1;6,1;4,1
553	3,1;6,1;2,0;4,1
554	3,1;6,1;4,1;2,1
555	2,1;3,1;6,1;2,0;4,1
556	3,1;6,1;4,1;3,0
557	3,1;6,1;2,0;3,0;4,1
558	2,1;3,1;6,1;3,0;4,1
559	2,1;3,1;6,1;2,0;3,0;4,1
560	6,1;4,0;4,1
561	6,1;4,0;2,0;4,1
562	6,1;4,0;4,1;2,1
563	4,0;2,1;6,1;2,0;4,1
564	6,1;4,0;4,1;3,0
565	4,0;6,1;2,0;3,0;4,1
566	4,0;2,1;6,1;3,0;4,1
567	4,0;2,1;6,1;2,0;3,0;4,1
568	3,1;6,1;4,0;4,1
569	4,0;3,1;6,1;2,0;4,1
570	4,0;2,1;3,1;6,1;4,1
571	4,0;2,1;3,1;6,1;2,0;4,1
572	4,0;3,1;6,1;3,0;4,1
573	4,0;3,1;6,1;2,0;3,0;4,1
574	4,0;2,1;3,1;6,1;3,0;4,1
575	4,0;2,1;3,1;6,1;2,0;3,0;4,1
576	6,1;5,0
577	6,1;5,0;2,0
578	6,1;5,0;2,1
579	6,1;5,0;2,0;2,1
580	6,1;5,0;3,0
581	6,1;5,0;2,0;3,0
582	6,1;5,0;2,1;3,0
583	2,1;6,1;2,0;3,0;5,0
584	3,1;6,1;5,0
585	3,1;6,1;5,0;2,0
586	3,1;6,1;5,0;2,1
587	2,1;3,1;6,1;2,0;5,0
588	3,1;6,1;5,0;3,0
589	3,1;6,1;2,0;3,0;5,0
590	2,1;3,1;6,1;3,0;5,0
591	2,1;3,1;6,1;2,0;3,0;5,0
592	6,1;4,0;5,0
593	6,1;5,0;4,0;2,0
594	6,1;4,0;5,0;2,1
595	4,0;2,1;6,1;2,0;5,0
596	6,1;4,0;5,0;3,0
597	4,0;6,1;2,0;3,0;5,0
598	4,0;2,1;6,1;3,0;5,0
599	4,0;2,1;6,1;2,0;3,0;5,0
600	3,1;6,1;4,0;5,0
601	4,0;3,1;6,1;2,0;5,0
602	4,0;2,1;3,1;6,1;5,0
603	4,0;2,1;3,1;6,1;2,0;5,0
604	4,0;3,1;6,1;3,0;5,0
605	4,0;3,1;6,1;2,0;3,0;5,0
606	4,0;2,1;3,1;6,1;3,0;5,0
607	4,0;2,1;3,1;6,1;2,0;3,0;5,0
608	6,1;5,0;4,1
609	6,1;5,0;2,0;4,1
610	6,1;5,0;4,1;2,1
611	2,1;6,1;2,0;5,0;4,1
612	6,1;5,0;4,1;3,0
613	6,1;2,0;3,0;5,0;4,1
614	2,1;6,1;3,0;5,0;4,1
615	2,1;6,1;2,0;3,0;5,0;4,1
616	3,1;6,1;5,0;4,1
617	3,1;6,1;2,0;5,0;4,1
618	2,1;3,1;6,1;5,0;4,1
619	2,1;3,1;6,1;2,0;5,0;4,1
620	3,1;6,1;3,0;5,0;4,1
621	3,1;6,1;2,0;3,0;5,0;4,1
622	2,1;3,1;6,1;3,0;5,0;4,1
623	2,1;3,1;6,1;2,0;3,0;5,0;4,1
624	6,1;5,0;4,0;4,1
625	4,0;6,1;2,0;5,0;4,1
626	4,0;2,1;6,1;5,0;4,1
627	4,0;2,1;6,1;2,0;5,0;4,1
628	4,0;6,1;3,0;5,0;4,1
629	4,0;6,1;2,0;3,0;5,0;4,1
630	4,0;2,1;6,1;3,0;5,0;4,1
631	4,0;2,1;6,1;2,0;3,0;5,0;4,1
632	4,0;3,1;6,1;5,0;4,1
633	4,0;3,1;6,1;2,0;5,0;4,1
634	4,0;2,1;3,1;6,1;5,0;4,1
635	4,0;2,1;3,1;6,1;2,0;5,0;4,1
636	4,0;3,1;6,1;3,0;5,0;4,1
637	4,0;3,1;6,1;2,0;3,0;5,0;4,1
638	4,0;2,1;3,1;6,1;3,0;5,0;4,1
639	4,0;2,1;3,1;6,1;2,0;3,0;5,0;4,1
640	6,1;5,1
641	6,1;2,0;5,1
642	6,1;5,1;2,1
643	6,1;5,1;2,0;2,1
644	6,1;5,1;3,0
645	6,1;2,0;5,1;3,0
646	6,1;5,1;2,1;3,0
647	2,1;6,1;2,0;5,1;3,0
648	3,1;6,1;5,1
649	3,1;6,1;2,0;5,1
650	3,1;6,1;5,1;2,1
651	2,1;3,1;6,1;2,0;5,1
652	3,1;6,1;5,1;3,0
653	3,1;6,1;2,0;5,1;3,0
654	2,1;3,1;6,1;5,1;3,0
655	2,1;3,1;6,1;2,0;5,1;3,0
656	6,1;4,0;5,1
657	6,1;4,0;2,0;5,1
658	6,1;5,1;4,0;2,1
659	4,0;2,1;6,1;2,0;5,1
660	6,1;4,0;5,1;3,0
661	4,0;6,1;2,0;5,1;3,0
662	4,0;2,1;6,1;5,1;3,0
663	4,0;2,1;6,1;2,0;5,1;3,0
664	3,1;6,1;4,0;5,1
665	4,0;3,1;6,1;2,0;5,1
666	4,0;2,1;3,1;6,1;5,1
667	4,0;2,1;3,1;6,1;2,0;5,1
668	4,0;3,1;6,1;5,1;3,0
669	4,0;3,1;6,1;2,0;5,1;3,0
670	4,0;2,1;3,1;6,1;5,1;3,0
671	4,0;2,1;3,1;6,1;2,0;5,1;3,0
672	6,1;4,1;5,1
673	6,1;2,0;5,1;4,1
674	6,1;5,1;4,1;2,1
675	2,1;6,1;2,0;5,1;4,1
676	6,1;4,1;5,1;3,0
677	6,1;2,0;5,1;3,0;4,1
678	2,1;6,1;5,1;3,0;4,1
679	2,1;6,1;2,0;5,1;3,0;4,1
680	3,1;6,1;4,1;5,1
681	3,1;6,1;2,0;5,1;4,1
682	2,1;3,1;6,1;5,1;4,1
683	2,1;3,1;6,1;2,0;5,1;4,1
684	3,1;6,1;5,1;3,0;4,1
685	3,1;6,1;2,0;5,1;3,0;4,1
686	2,1;3,1;6,1;5,1;3,0;4,1
687	2,1;3,1;6,1;2,0;5,1;3,0;4,1
688	6,1;4,0;4,1;5,1
689	4,0;6,1;2,0;5,1;4,1
690	4,0;2,1;6,1;5,1;4,1
691	4,0;2,1;6,1;2,0;5,1;4,1
692	4,0;6,1;5,1;3,0;4,1
693	4,0;6,1;2,0;5,1;3,0;4,1
694	4,0;2,1;6,1;5,1;3,0;4,1
695	4,0;2,1;6,1;2,0;5,1;3,0;4,1
696	4,0;3,1;6,1;5,1;4,1
697	4,0;3,1;6,1;2,0;5,1;4,1
698	4,0;2,1;3,1;6,1;5,1;4,1
699	4,0;2,1;3,1;6,1;2,0;5,1;4,1
700	4,0;3,1;6,1;5,1;3,0;4,1
701	4,0;3,1;6,1;2,0;5,1;3,0;4,1
702	4,0;2,1;3,1;6,1;5,1;3,0;4,1
703	4,0;2,1;3,1;6,1;2,0;5,1;3,0;4,1
704	6,1;5,0;5,1
705	6,1;5,0;2,0;5,1
706	6,1;5,1;5,0;2,1
707	2,1;6,1;2,0;5,1;5,0
708	6,1;5,0;5,1;3,0
709	6,1;2,0;5,1;3,0;5,0
710	2,1;6,1;5,1;3,0;5,0
711	2,1;6,1;2,0;5,1;3,0;5,0
712	3,1;6,1;5,0;5,1
713	3,1;6,1;2,0;5,1;5,0
714	2,1;3,1;6,1;5,1;5,0
715	2,1;3,1;6,1;2,0;5,1;5,0
716	3,1;6,1;5,1;3,0;5,0
717	3,1;6,1;2,0;5,1;3,0;5,0
718	2,1;3,1;6,1;5,1;3,0;5,0
719	2,1;3,1;6,1;2,0;5,1;3,0;5,0
720	6,1;4,0;5,0;5,1
721	4,0;6,1;2,0;5,1;5,0
722	4,0;2,1;6,1;5,1;5,0
723	4,0;2,1;6,1;2,0;5,1;5,0
724	4,0;6,1;5,1;3,0;5,0
725	4,0;6,1;2,0;5,1;3,0;5,0
726	4,0;2,1;6,1;5,1;3,0;5,0
727	4,0;2,1;6,1;2,0;5,1;3,0;5,0
728	4,0;3,1;6,1;5,1;5,0
729	4,0;3,1;6,1;2,0;5,1;5,0
730	4,0;2,1;3,1;6,1;5,1;5,0
731	4,0;2,1;3,1;6,1;2,0;5,1;5,0
732	4,0;3,1;6,1;5,1;3,0;5,0
733	4,0;3,1;6,1;2,0;5,1;3,0;5,0
734	4,0;2,1;3,1;6,1;5,1;3,0;5,0
735	4,0;2,1;3,1;6,1;2,0;5,1;3,0;5,0
736	6,1;5,0;4,1;5,1
737	6,1;2,0;5,1;5,0;4,1
738	2,1;6,1;5,1;5,0;4,1
739	2,1;6,1;2,0;5,1;5,0;4,1
740	6,1;5,1;3,0;5,0;4,1
741	6,1;2,0;5,1;3,0;5,0;4,1
742	2,1;6,1;5,1;3,0;5,0;4,1
743	2,1;6,1;2,0;5,1;3,0;5,0;4,1
744	3,1;6,1;5,1;5,0;4,1
745	3,1;6,1;2,0;5,1;5,0;4,1
746	2,1;3,1;6,1;5,1;5,0;4,1
747	2,1;3,1;6,1;2,0;5,1;5,0;4,1
748	3,1;6,1;5,1;3,0;5,0;4,1
749	3,1;6,1;2,0;5,1;3,0;5,0;4,1
750	2,1;3,1;6,1;5,1;3,0;5,0;4,1
751	2,1;3,1;6,1;2,0;5,1;3,0;5,0;4,1
752	4,0;6,1;5,1;5,0;4,1
753	4,0;6,1;2,0;5,1;5,0;4,1
754	4,0;2,1;6,1;5,1;5,0;4,1
755	4,0;2,1;6,1;2,0;5,1;5,0;4,1
756	4,0;6,1;5,1;3,0;5,0;4,1
757	4,0;6,1;2,0;5,1;3,0;5,0;4,1
758	4,0;2,1;6,1;5,1;3,0;5,0;4,1
759	4,0;2,1;6,1;2,0;5,1;3,0;5,0;4,1
760	4,0;3,1;6,1;5,1;5,0;4,1
761	4,0;3,1;6,1;2,0;5,1;5,0;4,1
762	4,0;2,1;3,1;6,1;5,1;5,0;4,1
763	4,0;2,1;3,1;6,1;2,0;5,1;5,0;4,1
764	4,0;3,1;6,1;5,1;3,0;5,0;4,1
765	4,0;3,1;6,1;2,0;5,1;3,0;5,0;4,1
766	4,0;2,1;3,1;6,1;5,1;3,0;5,0;4,1
767	4,0;2,1;3,1;6,1;2,0;5,1;3,0;5,0;4,1
768	6,1;6,0
769	6,1;2,0;6,0
770	6,1;2,1;6,0
771	6,1;2,0;2,1;6,0
772	6,1;6,0;3,0
773	6,1;6,0;2,0;3,0
774	6,1;6,0;2,1;3,0
775	2,1;6,1;2,0;3,0;6,0
776	3,1;6,1;6,0
777	3,1;6,1;2,0;6,0
778	3,1;6,1;2,1;6,0
779	2,1;3,1;6,1;2,0;6,0
780	3,1;6,1;6,0;3,0
781	3,1;6,1;2,0;3,0;6,0
782	2,1;3,1;6,1;3,0;6,0
783	2,1;3,1;6,1;2,0;3,0;6,0
784	6,1;4,0;6,0
785	6,1;4,0;2,0;6,0
786	6,1;4,0;2,1;6,0
787	4,0;2,1;6,1;2,0;6,0
788	6,1;4,0;6,0;3,0
789	4,0;6,1;2,0;3,0;6,0
790	4,0;2,1;6,1;3,0;6,0
791	4,0;2,1;6,1;2,0;3,0;6,0
792	3,1;6,1;4,0;6,0
793	4,0;3,1;6,1;2,0;6,0
794	4,0;2,1;3,1;6,1;6,0
795	4,0;2,1;3,1;6,1;2,0;6,0
796	4,0;3,1;6,1;3,0;6,0
797	4,0;3,1;6,1;2,0;3,0;6,0
798	4,0;2,1;3,1;6,1;3,0;6,0
799	4,0;2,1;3,1;6,1;2,0;3,0;6,0
800	6,1;4,1;6,0
801	6,1;6,0;2,0;4,1
802	6,1;4,1;2,1;6,0
803	2,1;6,1;2,0;6,0;4,1
804	6,1;6,0;4,1;3,0
805	6,1;2,0;3,0;6,0;4,1
806	2,1;6,1;3,0;6,0;4,1
807	2,1;6,1;2,0;3,0;6,0;4,1
808	3,1;6,1;4,1;6,0
809	3,1;6,1;2,0;6,0;4,1
810	2,1;3,1;6,1;6,0;4,1
811	2,1;3,1;6,1;2,0;6,0;4,1
812	3,1;6,1;3,0;6,0;4,1
813	3,1;6,1;2,0;3,0;6,0;4,1
814	2,1;3,1;6,1;3,0;6,0;4,1
815	2,1;3,1;6,1;2,0;3,0;6,0;4,1
816	6,1;4,0;4,1;6,0
817	4,0;6,1;2,0;6,0;4,1
818	4,0;2,1;6,1;6,0;4,1
819	4,0;2,1;6,1;2,0;6,0;4,1
820	4,0;6,1;3,0;6,0;4,1
821	4,0;6,1;2,0;3,0;6,0;4,1
822	4,0;2,1;6,1;3,0;6,0;4,1
823	4,0;2,1;6,1;2,0;3,0;6,0;4,1
824	4,0;3,1;6,1;6,0;4,1
825	4,0;3,1;6,1;2,0;6,0;4,1
826	4,0;2,1;3,1;6,1;6,0;4,1
827	4,0;2,1;3,1;6,1;2,0;6,0;4,1
828	4,0;3,1;6,1;3,0;6,0;4,1
829	4,0;3,1;6,1;2,0;3,0;6,0;4,1
830	4,0;2,1;3,1;6,1;3,0;6,0;4,1
831	4,0;2,1;3,1;6,1;2,0;3,0;6,0;4,1
832	6,1;5,0;6,0
833	6,1;5,0;2,0;6,0
834	6,1;5,0;2,1;6,0
835	2,1;6,1;2,0;5,0;6,0
836	6,1;6,0;5,0;3,0
837	6,1;2,0;3,0;5,0;6,0
838	2,1;6,1;3,0;5,0;6,0
839	2,1;6,1;2,0;3,0;5,0;6,0
840	3,1;6,1;5,0;6,0
841	3,1;6,1;2,0;5,0;6,0
842	2,1;3,1;6,1;5,0;6,0
843	2,1;3,1;6,1;2,0;5,0;6,0
844	3,1;6,1;3,0;5,0;6,0
845	3,1;6,1;2,0;3,0;5,0;6,0
846	2,1;3,1;6,1;3,0;5,0;6,0
847	2,1;3,1;6,1;2,0;3,0;5,0;6,0
848	6,1;4,0;5,0;6,0
849	4,0;6,1;2,0;5,0;6,0
850	4,0;2,1;6,1;5,0;6,0
851	4,0;2,1;6,1;2,0;5,0;6,0
852	4,0;6,1;3,0;5,0;6,0
853	4,0;6,1;2,0;3,0;5,0;6,0
854	4,0;2,1;6,1;3,0;5,0;6,0
855	4,0;2,1;6,1;2,0;3,0;5,0;6,0
856	4,0;3,1;6,1;5,0;6,0
857	4,0;3,1;6,1;2,0;5,0;6,0
858	4,0;2,1;3,1;6,1;5,0;6,0
859	4,0;2,1;3,1;6,1;2,0;5,0;6,0
860	4,0;3,1;6,1;3,0;5,0;6,0
861	4,0;3,1;6,1;2,0;3,0;5,0;6,0
862	4,0;2,1;3,1;6,1;3,0;5,0;6,0
863	4,0;2,1;3,1;6,1;2,0;3,0;5,0;6,0
864	6,1;5,0;4,1;6,0
865	6,1;2,0;5,0;6,0;4,1
866	2,1;6,1;5,0;6,0;4,1
867	2,1;6,1;2,0;5,0;6,0;4,1
868	6,1;3,0;5,0;6,0;4,1
869	6,1;2,0;3,0;5,0;6,0;4,1
870	2,1;6,1;3,0;5,0;6,0;4,1
871	2,1;6,1;2,0;3,0;5,0;6,0;4,1
872	3,1;6,1;5,0;6,0;4,1
873	3,1;6,1;2,0;5,0;6,0;4,1
874	2,1;3,1;6,1;5,0;6,0;4,1
875	2,1;3,1;6,1;2,0;5,0;6,0;4,1
876	3,1;6,1;3,0;5,0;6,0;4,1
877	3,1;6,1;2,0;3,0;5,0;6,0;4,1
878	2,1;3,1;6,1;3,0;5,0;6,0;4,1
879	2,1;3,1;6,1;2,0;3,0;5,0;6,0;4,1
880	4,0;6,1;5,0;6,0;4,1
881	4,0;6,1;2,0;5,0;6,0;4,1
882	4,0;2,1;6,1;5,0;6,0;4,1
883	4,0;2,1;6,1;2,0;5,0;6,0;4,1
884	4,0;6,1;3,0;5,0;6,0;4,1
885	4,0;6,1;2,0;3,0;5,0;6,0;4,1
886	4,0;2,1;6,1;3,0;5,0;6,0;4,1
887	4,0;2,1;6,1;2,0;3,0;5,0;6,0;4,1
888	4,0;3,1;6,1;5,0;6,0;4,1
889	4,0;3,1;6,1;2,0;5,0;6,0;4,1
890	4,0;2,1;3,1;6,1;5,0;6,0;4,1
891	4,0;2,1;3,1;6,1;2,0;5,0;6,0;4,1
892	4,0;3,1;6,1;3,0;5,0;6,0;4,1
893	4,0;3,1;6,1;2,0;3,0;5,0;6,0;4,1
894	4,0;2,1;3,1;6,1;3,0;5,0;6,0;4,1
895	4,0;2,1;3,1;6,1;2,0;3,0;5,0;6,0;4,1
896	6,1;5,1;6,0
897	6,1;2,0;5,1;6,0
898	6,1;5,1;2,1;6,0
899	2,1;6,1;2,0;5,1;6,0
900	6,1;6,0;5,1;3,0
901	6,1;2,0;5,1;3,0;6,0
902	2,1;6,1;5,1;3,0;6,0
903	2,1;6,1;2,0;5,1;3,0;6,0
904	3,1;6,1;5,1;6,0
905	3,1;6,1;2,0;5,1;6,0
906	2,1;3,1;6,1;5,1;6,0
907	2,1;3,1;6,1;2,0;5,1;6,0
908	3,1;6,1;5,1;3,0;6,0
909	3,1;6,1;2,0;5,1;3,0;6,0
910	2,1;3,1;6,1;5,1;3,0;6,0
911	2,1;3,1;6,1;2,0;5,1;3,0;6,0
912	6,1;4,0;5,1;6,0
913	4,0;6,1;2,0;5,1;6,0
914	4,0;2,1;6,1;5,1;6,0
915	4,0;2,1;6,1;2,0;5,1;6,0
916	4,0;6,1;5,1;3,0;6,0
917	4,0;6,1;2,0;5,1;3,0;6,0
918	4,0;2,1;6,1;5,1;3,0;6,0
919	4,0;2,1;6,1;2,0;5,1;3,0;6,0
920	4,0;3,1;6,1;5,1;6,0
921	4,0;3,1;6,1;2,0;5,1;6,0
922	4,0;2,1;3,1;6,1;5,1;6,0
923	4,0;2,1;3,1;6,1;2,0;5,1;6,0
924	4,0;3,1;6,1;5,1;3,0;6,0
925	4,0;3,1;6,1;2,0;5,1;3,0;6,0
926	4,0;2,1;3,1;6,1;5,1;3,0;6,0
927	4,0;2,1;3,1;6,1;2,0;5,1;3,0;6,0
928	6,1;4,1;5,1;6,0
929	6,1;2,0;5,1;6,0;4,1
930	2,1;6,1;5,1;6,0;4,1
931	2,1;6,1;2,0;5,1;6,0;4,1
932	6,1;5,1;3,0;6,0;4,1
933	6,1;2,0;5,1;3,0;6,0;4,1
934	2,1;6,1;5,1;3,0;6,0;4,1
935	2,1;6,1;2,0;5,1;3,0;6,0;4,1
936	3,1;6,1;5,1;6,0;4,1
937	3,1;6,1;2,0;5,1;6,0;4,1
938	2,1;3,1;6,1;5,1;6,0;4,1
939	2,1;3,1;6,1;2,0;5,1;6,0;4,1
940	3,1;6,1;5,1;3,0;6,0;4,1
941	3,1;6,1;2,0;5,1;3,0;6,0;4,1
942	2,1;3,1;6,1;5,1;3,0;6,0;4,1
943	2,1;3,1;6,1;2,0;5,1;3,0;6,0;4,1
944	4,0;6,1;5,1;6,0;4,1
945	4,0;6,1;2,0;5,1;6,0;4,1
946	4,0;2,1;6,1;5,1;6,0;4,1
947	4,0;2,1;6,1;2,0;5,1;6,0;4,1
948	4,0;6,1;5,1;3,0;6,0;4,1
949	4,0;6,1;2,0;5,1;3,0;6,0;4,1
950	4,0;2,1;6,1;5,1;3,0;6,0;4,1
951	4,0;2,1;6,1;2,0;5,1;3,0;6,0;4,1
952	4,0;3,1;6,1;5,1;6,0;4,1
953	4,0;3,1;6,1;2,0;5,1;6,0;4,1
954	4,0;2,1;3,1;6,1;5,1;6,0;4,1
955	4,0;2,1;3,1;6,1;2,0;5,1;6,0;4,1
956	4,0;3,1;6,1;5,1;3,0;6,0;4,1
957	4,0;3,1;6,1;2,0;5,1;3,0;6,0;4,1
958	4,0;2,1;3,1;6,1;5,1;3,0;6,0;4,1
959	4,0;2,1;3,1;6,1;2,0;5,1;3,0;6,0;4,1
960	6,1;5,0;5,1;6,0
961	6,1;2,0;5,1;5,0;6,0
962	2,1;6,1;5,1;5,0;6,0
963	2,1;6,1;2,0;5,1;5,0;6,0
964	6,1;5,1;3,0;5,0;6,0
965	6,1;2,0;5,1;3,0;5,0;6,0
966	2,1;6,1;5,1;3,0;5,0;6,0
967	2,1;6,1;2,0;5,1;3,0;5,0;6,0
968	3,1;6,1;5,1;5,0;6,0
969	3,1;6,1;2,0;5,1;5,0;6,0
970	2,1;3,1;6,1;5,1;5,0;6,0
971	2,1;3,1;6,1;2,0;5,1;5,0;6,0
972	3,1;6,1;5,1;3,0;5,0;6,0
973	3,1;6,1;2,0;5,1;3,0;5,0;6,0
974	2,1;3,1;6,1;5,1;3,0;5,0;6,0
975	2,1;3,1;6,1;2,0;5,1;3,0;5,0;6,0
976	4,0;6,1;5,1;5,0;6,0
977	4,0;6,1;2,0;5,1;5,0;6,0
978	4,0;2,1;6,1;5,1;5,0;6,0
979	4,0;2,1;6,1;2,0;5,1;5,0;6,0
980	4,0;6,1;5,1;3,0;5,0;6,0
981	4,0;6,1;2,0;5,1;3,0;5,0;6,0
982	4,0;2,1;6,1;5,1;3,0;5,0;6,0
983	4,0;2,1;6,1;2,0;5,1;3,0;5,0;6,0
984	4,0;3,1;6,1;5,1;5,0;6,0
985	4,0;3,1;6,1;2,0;5,1;5,0;6,0
986	4,0;2,1;3,1;6,1;5,1;5,0;6,0
987	4,0;2,1;3,1;6,1;2,0;5,1;5,0;6,0
988	4,0;3,1;6,1;5,1;3,0;5,0;6,0
989	4,0;3,1;6,1;2,0;5,1;3,0;5,0;6,0
990	4,0;2,1;3,1;6,1;5,1;3,0;5,0;6,0
991	4,0;2,1;3,1;6,1;2,0;5,1;3,0;5,0;6,0
992	6,1;5,1;5,0;6,0;4,1
993	6,1;2,0;5,1;5,0;6,0;4,1
994	2,1;6,1;5,1;5,0;6,0;4,1
995	2,1;6,1;2,0;5,1;5,0;6,0;4,1
996	6,1;5,1;3,0;5,0;6,0;4,1
997	6,1;2,0;5,1;3,0;5,0;6,0;4,1
998	2,1;6,1;5,1;3,0;5,0;6,0;4,1
999	2,1;6,1;2,0;5,1;3,0;5,0;6,0;4,1
1000	3,1;6,1;5,1;5,0;6,0;4,1
1001	3,1;6,1;2,0;5,1;5,0;6,0;4,1
1002	2,1;3,1;6,1;5,1;5,0;6,0;4,1
1003	2,1;3,1;6,1;2,0;5,1;5,0;6,0;4,1
1004	3,1;6,1;5,1;3,0;5,0;6,0;4,1
1005	3,1;6,1;2,0;5,1;3,0;5,0;6,0;4,1
1006	2,1;3,1;6,1;5,1;3,0;5,0;6,0;4,1
1007	2,1;3,1;6,1;2,0;5,1;3,0;5,0;6,0;4,1
1008	4,0;6,1;5,1;5,0;6,0;4,1
1009	4,0;6,1;2,0;5,1;5,0;6,0;4,1
1010	4,0;2,1;6,1;5,1;5,0;6,0;4,1
1011	4,0;2,1;6,1;2,0;5,1;5,0;6,0;4,1
1012	4,0;6,1;5,1;3,0;5,0;6,0;4,1
1013	4,0;6,1;2,0;5,1;3,0;5,0;6,0;4,1
1014	4,0;2,1;6,1;5,1;3,0;5,0;6,0;4,1
1015	4,0;2,1;6,1;2,0;5,1;3,0;5,0;6,0;4,1
1016	4,0;3,1;6,1;5,1;5,0;6,0;4,1
1017	4,0;3,1;6,1;2,0;5,1;5,0;6,0;4,1
1018	4,0;2,1;3,1;6,1;5,1;5,0;6,0;4,1
1019	4,0;2,1;3,1;6,1;2,0;5,1;5,0;6,0;4,1
1020	4,0;3,1;6,1;5,1;3,0;5,0;6,0;4,1
1021	4,0;3,1;6,1;2,0;5,1;3,0;5,0;6,0;4,1
1022	4,0;2,1;3,1;6,1;5,1;3,0;5,0;6,0;4,1
1023	4,0;2,1;3,1;6,1;2,0;5,1;3,0;5,0;6,0;4,1
1024	7,0
1025	7,0;2,0
1026	7,0;2,1
1027	7,0;2,0;2,1
1028	7,0;3,0
1029	7,0;2,0;3,0
1030	7,0;2,1;3,0
1031	7,0;2,0;2,1;3,0
1032	3,1;7,0
1033	3,1;7,0;2,0
1034	3,1;7,0;2,1
1035	3,1;7,0;2,0;2,1
1036	3,1;7,0;3,0
1037	3,1;7,0;2,0;3,0
1038	3,1;7,0;2,1;3,0
1039	2,1;3,1;7,0;2,0;3,0
1040	4,0;7,0
1041	4,0;2,0;7,0
1042	4,0;2,1;7,0
1043	4,0;2,0;2,1;7,0
1044	4,0;7,0;3,0
1045	4,0;2,0;7,0;3,0
1046	4,0;2,1;7,0;3,0
1047	4,0;2,1;7,0;2,0;3,0
1048	3,1;4,0;7,0
1049	3,1;4,0;2,0;7,0
1050	3,1;4,0;2,1;7,0
1051	4,0;2,1;3,1;7,0;2,0
1052	3,1;4,0;7,0;3,0
1053	4,0;3,1;7,0;2,0;3,0
1054	4,0;2,1;3,1;7,0;3,0
1055	4,0;2,1;3,1;7,0;2,0;3,0
1056	7,0;4,1
1057	7,0;2,0;4,1
1058	7,0;4,1;2,1
1059	7,0;2,0;2,1;4,1
1060	7,0;4,1;3,0
1061	7,0;2,0;4,1;3,0
1062	7,0;4,1;2,1;3,0
1063	2,1;7,0;2,0;3,0;4,1
1064	3,1;7,0;4,1
1065	3,1;7,0;2,0;4,1
1066	3,1;7,0;4,1;2,1
1067	2,1;3,1;7,0;2,0;4,1
1068	3,1;7,0;4,1;3,0
1069	3,1;7,0;2,0;3,0;4,1
1070	2,1;3,1;7,0;3,0;4,1
1071	2,1;3,1;7,0;2,0;3,0;4,1
1072	4,0;4,1;7,0
1073	4,0;2,0;7,0;4,1
1074	4,0;4,1;2,1;7,0
1075	4,0;2,1;7,0;2,0;4,1
1076	4,0;4,1;7,0;3,0
1077	4,0;7,0;2,0;3,0;4,1
1078	4,0;2,1;7,0;3,0;4,1
1079	4,0;2,1;7,0;2,0;3,0;4,1
1080	3,1;4,0;4,1;7,0
1081	4,0;3,1;7,0;2,0;4,1
1082	4,0;2,1;3,1;7,0;4,1
1083	4,0;2,1;3,1;7,0;2,0;4,1
1084	4,0;3,1;7,0;3,0;4,1
1085	4,0;3,1;7,0;2,0;3,0;4,1
1086	4,0;2,1;3,1;7,0;3,0;4,1
1087	4,0;2,1;3,1;7,0;2,0;3,0;4,1
1088	7,0;5,0
1089	5,0;7,0;2,0
1090	7,0;5,0;2,1
1091	5,0;7,0;2,0;2,1
1092	7,0;5,0;3,0
1093	5,0;7,0;2,0;3,0
1094	7,0;5,0;2,1;3,0
1095	2,1;7,0;2,0;3,0;5,0
1096	3,1;7,0;5,0
1097	3,1;5,0;7,0;2,0
1098	3,1;7,0;5,0;2,1
1099	2,1;3,1;7,0;2,0;5,0
1100	3,1;7,0;5,0;3,0
1101	3,1;7,0;2,0;3,0;5,0
1102	2,1;3,1;7,0;3,0;5,0
1103	2,1;3,1;7,0;2,0;3,0;5,0
1104	4,0;5,0;7,0
1105	5,0;4,0;2,0;7,0
1106	4,0;5,0;2,1;7,0
1107	4,0;2,1;7,0;2,0;5,0
1108	4,0;5,0;7,0;3,0
1109	4,0;7,0;2,0;3,0;5,0
1110	4,0;2,1;7,0;3,0;5,0
1111	4,0;2,1;7,0;2,0;3,0;5,0
1112	3,1;4,0;5,0;7,0
1113	4,0;3,1;7,0;2,0;5,0
1114	4,0;2,1;3,1;7,0;5,0
1115	4,0;2,1;3,1;7,0;2,0;5,0
1116	4,0;3,1;7,0;3,0;5,0
1117	4,0;3,1;7,0;2,0;3,0;5,0
1118	4,0;2,1;3,1;7,0;3,0;5,0
1119	4,0;2,1;3,1;7,0;2,0;3,0;5,0
1120	5,0;7,0;4,1
1121	5,0;7,0;2,0;4,1
1122	5,0;7,0;4,1;2,1
1123	2,1;7,0;2,0;5,0;4,1
1124	5,0;7,0;4,1;3,0
1125	7,0;2,0;3,0;5,0;4,1
1126	2,1;7,0;3,0;5,0;4,1
1127	2,1;7,0;2,0;3,0;5,0;4,1
1128	3,1;5,0;7,0;4,1
1129	3,1;7,0;2,0;5,0;4,1
1130	2,1;3,1;7,0;5,0;4,1
1131	2,1;3,1;7,0;2,0;5,0;4,1
1132	3,1;7,0;3,0;5,0;4,1
1133	3,1;7,0;2,0;3,0;5,0;4,1
1134	2,1;3,1;7,0;3,0;5,0;4,1
1135	2,1;3,1;7,0;2,0;3,0;5,0;4,1
1136	5,0;4,0;4,1;7,0
1137	4,0;7,0;2,0;5,0;4,1
1138	4,0;2,1;7,0;5,0;4,1
1139	4,0;2,1;7,0;2,0;5,0;4,1
1140	4,0;7,0;3,0;5,0;4,1
1141	4,0;7,0;2,0;3,0;5,0;4,1
1142	4,0;2,1;7,0;3,0;5,0;4,1
1143	4,0;2,1;7,0;2,0;3,0;5,0;4,1
1144	4,0;3,1;7,0;5,0;4,1
1145	4,0;3,1;7,0;2,0;5,0;4,1
1146	4,0;2,1;3,1;7,0;5,0;4,1
1147	4,0;2,1;3,1;7,0;2,0;5,0;4,1
1148	4,0;3,1;7,0;3,0;5,0;4,1
1149	4,0;3,1;7,0;2,0;3,0;5,0;4,1
1150	4,0;2,1;3,1;7,0;3,0;5,0;4,1
1151	4,0;2,1;3,1;7,0;2,0;3,0;5,0;4,1
1152	7,0;5,1
1153	7,0;2,0;5,1
1154	5,1;7,0;2,1
1155	5,1;7,0;2,0;2,1
1156	7,0;5,1;3,0
1157	7,0;2,0;5,1;3,0
1158	5,1;7,0;2,1;3,0
1159	2,1;7,0;2,0;5,1;3,0
1160	3,1;7,0;5,1
1161	3,1;7,0;2,0;5,1
1162	3,1;5,1;7,0;2,1
1163	2,1;3,1;7,0;2,0;5,1
1164	3,1;7,0;5,1;3,0
1165	3,1;7,0;2,0;5,1;3,0
1166	2,1;3,1;7,0;5,1;3,0
1167	2,1;3,1;7,0;2,0;5,1;3,0
1168	4,0;5,1;7,0
1169	4,0;2,0;5,1;7,0
1170	5,1;4,0;2,1;7,0
1171	4,0;2,1;7,0;2,0;5,1
1172	4,0;5,1;7,0;3,0
1173	4,0;7,0;2,0;5,1;3,0
1174	4,0;2,1;7,0;5,1;3,0
1175	4,0;2,1;7,0;2,0;5,1;3,0
1176	3,1;4,0;5,1;7,0
1177	4,0;3,1;7,0;2,0;5,1
1178	4,0;2,1;3,1;7,0;5,1
1179	4,0;2,1;3,1;7,0;2,0;5,1
1180	4,0;3,1;7,0;5,1;3,0
1181	4,0;3,1;7,0;2,0;5,1;3,0
1182	4,0;2,1;3,1;7,0;5,1;3,0
1183	4,0;2,1;3,1;7,0;2,0;5,1;3,0
1184	7,0;4,1;5,1
1185	7,0;2,0;5,1;4,1
1186	5,1;7,0;4,1;2,1
1187	2,1;7,0;2,0;5,1;4,1
1188	7,0;4,1;5,1;3,0
1189	7,0;2,0;5,1;3,0;4,1
1190	2,1;7,0;5,1;3,0;4,1
1191	2,1;7,0;2,0;5,1;3,0;4,1
1192	3,1;7,0;4,1;5,1
1193	3,1;7,0;2,0;5,1;4,1
1194	2,1;3,1;7,0;5,1;4,1
1195	2,1;3,1;7,0;2,0;5,1;4,1
1196	3,1;7,0;5,1;3,0;4,1
1197	3,1;7,0;2,0;5,1;3,0;4,1
1198	2,1;3,1;7,0;5,1;3,0;4,1
1199	2,1;3,1;7,0;2,0;5,1;3,0;4,1
1200	4,0;4,1;5,1;7,0
1201	4,0;7,0;2,0;5,1;4,1
1202	4,0;2,1;7,0;5,1;4,1
1203	4,0;2,1;7,0;2,0;5,1;4,1
1204	4,0;7,0;5,1;3,0;4,1
1205	4,0;7,0;2,0;5,1;3,0;4,1
1206	4,0;2,1;7,0;5,1;3,0;4,1
1207	4,0;2,1;7,0;2,0;5,1;3,0;4,1
1208	4,0;3,1;7,0;5,1;4,1
1209	4,0;3,1;7,0;2,0;5,1;4,1
1210	4,0;2,1;3,1;7,0;5,1;4,1
1211	4,0;2,1;3,1;7,0;2,0;5,1;4,1
1212	4,0;3,1;7,0;5,1;3,0;4,1
1213	4,0;3,1;7,0;2,0;5,1;3,0;4,1
1214	4,0;2,1;3,1;7,0;5,1;3,0;4,1
1215	4,0;2,1;3,1;7,0;2,0;5,1;3,0;4,1
1216	7,0;5,0;5,1
1217	5,0;7,0;2,0;5,1
1218	5,1;7,0;5,0;2,1
1219	2,1;7,0;2,0;5,1;5,0
1220	7,0;5,0;5,1;3,0
1221	7,0;2,0;5,1;3,0;5,0
1222	2,1;7,0;5,1;3,0;5,0
1223	2,1;7,0;2,0;5,1;3,0;5,0
1224	3,1;7,0;5,0;5,1
1225	3,1;7,0;2,0;5,1;5,0
1226	2,1;3,1;7,0;5,1;5,0
1227	2,1;3,1;7,0;2,0;5,1;5,0
1228	3,1;7,0;5,1;3,0;5,0
1229	3,1;7,0;2,0;5,1;3,0;5,0
1230	2,1;3,1;7,0;5,1;3,0;5,0
1231	2,1;3,1;7,0;2,0;5,1;3,0;5,0
1232	4,0;5,0;5,1;7,0
1233	4,0;7,0;2,0;5,1;5,0
1234	4,0;2,1;7,0;5,1;5,0
1235	4,0;2,1;7,0;2,0;5,1;5,0
1236	4,0;7,0;5,1;3,0;5,0
1237	4,0;7,0;2,0;5,1;3,0;5,0
1238	4,0;2,1;7,0;5,1;3,0;5,0
1239	4,0;2,1;7,0;2,0;5,1;3,0;5,0
1240	4,0;3,1;7,0;5,1;5,0
1241	4,0;3,1;7,0;2,0;5,1;5,0
1242	4,0;2,1;3,1;7,0;5,1;5,0
1243	4,0;2,1;3,1;7,0;2,0;5,1;5,0
1244	4,0;3,1;7,0;5,1;3,0;5,0
1245	4,0;3,1;7,0;2,0;5,1;3,0;5,0
1246	4,0;2,1;3,1;7,0;5,1;3,0;5,0
1247	4,0;2,1;3,1;7,0;2,0;5,1;3,0;5,0
1248	5,0;7,0;4,1;5,1
1249	7,0;2,0;5,1;5,0;4,1
1250	2,1;7,0;5,1;5,0;4,1
1251	2,1;7,0;2,0;5,1;5,0;4,1
1252	7,0;5,1;3,0;5,0;4,1
1253	7,0;2,0;5,1;3,0;5,0;4,1
1254	2,1;7,0;5,1;3,0;5,0;4,1
1255	2,1;7,0;2,0;5,1;3,0;5,0;4,1
1256	3,1;7,0;5,1;5,0;4,1
1257	3,1;7,0;2,0;5,1;5,0;4,1
1258	2,1;3,1;7,0;5,1;5,0;4,1
1259	2,1;3,1;7,0;2,0;5,1;5,0;4,1
1260	3,1;7,0;5,1;3,0;5,0;4,1
1261	3,1;7,0;2,0;5,1;3,0;5,0;4,1
1262	2,1;3,1;7,0;5,1;3,0;5,0;4,1
1263	2,1;3,1;7,0;2,0;5,1;3,0;5,0;4,1
1264	4,0;7,0;5,1;5,0;4,1
1265	4,0;7,0;2,0;5,1;5,0;4,1
1266	4,0;2,1;7,0;5,1;5,0;4,1
1267	4,0;2,1;7,0;2,0;5,1;5,0;4,1
1268	4,0;7,0;5,1;3,0;5,0;4,1
1269	4,0;7,0;2,0;5,1;3,0;5,0;4,1
1270	4,0;2,1;7,0;5,1;3,0;5,0;4,1
1271	4,0;2,1;7,0;2,0;5,1;3,0;5,0;4,1
1272	4,0;3,1;7,0;5,1;5,0;4,1
1273	4,0;3,1;7,0;2,0;5,1;5,0;4,1
1274	4,0;2,1;3,1;7,0;5,1;5,0;4,1
1275	4,0;2,1;3,1;7,0;2,0;5,1;5,0;4,1
1276	4,0;3,1;7,0;5,1;3,0;5,0;4,1
1277	4,0;3,1;7,0;2,0;5,1;3,0;5,0;4,1
1278	4,0;2,1;3,1;7,0;5,1;3,0;5,0;4,1
1279	4,0;2,1;3,1;7,0;2,0;5,1;3,0;5,0;4,1
1280	7,0;6,0
1281	7,0;2,0;6,0
1282	7,0;2,1;6,0
1283	7,0;2,0;2,1;6,0
1284	6,0;7,0;3,0
1285	6,0;2,0;7,0;3,0
1286	6,0;2,1;7,0;3,0
1287	2,1;7,0;2,0;3,0;6,0
1288	3,1;7,0;6,0
1289	3,1;7,0;2,0;6,0
1290	3,1;7,0;2,1;6,0
1291	2,1;3,1;7,0;2,0;6,0
1292	3,1;6,0;7,0;3,0
1293	3,1;7,0;2,0;3,0;6,0
1294	2,1;3,1;7,0;3,0;6,0
1295	2,1;3,1;7,0;2,0;3,0;6,0
1296	4,0;7,0;6,0
1297	4,0;2,0;7,0;6,0
1298	4,0;2,1;7,0;6,0
1299	4,0;2,1;7,0;2,0;6,0
1300	4,0;6,0;7,0;3,0
1301	4,0;7,0;2,0;3,0;6,0
1302	4,0;2,1;7,0;3,0;6,0
1303	4,0;2,1;7,0;2,0;3,0;6,0
1304	3,1;4,0;7,0;6,0
1305	4,0;3,1;7,0;2,0;6,0
1306	4,0;2,1;3,1;7,0;6,0
1307	4,0;2,1;3,1;7,0;2,0;6,0
1308	4,0;3,1;7,0;3,0;6,0
1309	4,0;3,1;7,0;2,0;3,0;6,0
1310	4,0;2,1;3,1;7,0;3,0;6,0
1311	4,0;2,1;3,1;7,0;2,0;3,0;6,0
1312	7,0;4,1;6,0
1313	6,0;2,0;7,0;4,1
1314	7,0;4,1;2,1;6,0
1315	2,1;7,0;2,0;6,0;4,1
1316	6,0;4,1;7,0;3,0
1317	7,0;2,0;3,0;6,0;4,1
1318	2,1;7,0;3,0;6,0;4,1
1319	2,1;7,0;2,0;3,0;6,0;4,1
1320	3,1;7,0;4,1;6,0
1321	3,1;7,0;2,0;6,0;4,1
1322	2,1;3,1;7,0;6,0;4,1
1323	2,1;3,1;7,0;2,0;6,0;4,1
1324	3,1;7,0;3,0;6,0;4,1
1325	3,1;7,0;2,0;3,0;6,0;4,1
1326	2,1;3,1;7,0;3,0;6,0;4,1
1327	2,1;3,1;7,0;2,0;3,0;6,0;4,1
1328	4,0;4,1;7,0;6,0
1329	4,0;7,0;2,0;6,0;4,1
1330	4,0;2,1;7,0;6,0;4,1
1331	4,0;2,1;7,0;2,0;6,0;4,1
1332	4,0;7,0;3,0;6,0;4,1
1333	4,0;7,0;2,0;3,0;6,0;4,1
1334	4,0;2,1;7,0;3,0;6,0;4,1
1335	4,0;2,1;7,0;2,0;3,0;6,0;4,1
1336	4,0;3,1;7,0;6,0;4,1
1337	4,0;3,1;7,0;2,0;6,0;4,1
1338	4,0;2,1;3,1;7,0;6,0;4,1
1339	4,0;2,1;3,1;7,0;2,0;6,0;4,1
1340	4,0;3,1;7,0;3,0;6,0;4,1
1341	4,0;3,1;7,0;2,0;3,0;6,0;4,1
1342	4,0;2,1;3,1;7,0;3,0;6,0;4,1
1343	4,0;2,1;3,1;7,0;2,0;3,0;6,0;4,1
1344	7,0;5,0;6,0
1345	5,0;7,0;2,0;6,0
1346	7,0;5,0;2,1;6,0
1347	2,1;7,0;2,0;5,0;6,0
1348	6,0;5,0;7,0;3,0
1349	7,0;2,0;3,0;5,0;6,0
1350	2,1;7,0;3,0;5,0;6,0
1351	2,1;7,0;2,0;3,0;5,0;6,0
1352	3,1;7,0;5,0;6,0
1353	3,1;7,0;2,0;5,0;6,0
1354	2,1;3,1;7,0;5,0;6,0
1355	2,1;3,1;7,0;2,0;5,0;6,0
1356	3,1;7,0;3,0;5,0;6,0
1357	3,1;7,0;2,0;3,0;5,0;6,0
1358	2,1;3,1;7,0;3,0;5,0;6,0
1359	2,1;3,1;7,0;2,0;3,0;5,0;6,0
1360	4,0;5,0;7,0;6,0
1361	4,0;7,0;2,0;5,0;6,0
1362	4,0;2,1;7,0;5,0;6,0
1363	4,0;2,1;7,0;2,0;5,0;6,0
1364	4,0;7,0;3,0;5,0;6,0
1365	4,0;7,0;2,0;3,0;5,0;6,0
1366	4,0;2,1;7,0;3,0;5,0;6,0
1367	4,0;2,1;7,0;2,0;3,0;5,0;6,0
1368	4,0;3,1;7,0;5,0;6,0
1369	4,0;3,1;7,0;2,0;5,0;6,0
1370	4,0;2,1;3,1;7,0;5,0;6,0
1371	4,0;2,1;3,1;7,0;2,0;5,0;6,0
1372	4,0;3,1;7,0;3,0;5,0;6,0
1373	4,0;3,1;7,0;2,0;3,0;5,0;6,0
1374	4,0;2,1;3,1;7,0;3,0;5,0;6,0
1375	4,0;2,1;3,1;7,0;2,0;3,0;5,0;6,0
1376	5,0;7,0;4,1;6,0
1377	7,0;2,0;5,0;6,0;4,1
1378	2,1;7,0;5,0;6,0;4,1
1379	2,1;7,0;2,0;5,0;6,0;4,1
1380	7,0;3,0;5,0;6,0;4,1
1381	7,0;2,0;3,0;5,0;6,0;4,1
1382	2,1;7,0;3,0;5,0;6,0;4,1
1383	2,1;7,0;2,0;3,0;5,0;6,0;4,1
1384	3,1;7,0;5,0;6,0;4,1
1385	3,1;7,0;2,0;5,0;6,0;4,1
1386	2,1;3,1;7,0;5,0;6,0;4,1
1387	2,1;3,1;7,0;2,0;5,0;6,0;4,1
1388	3,1;7,0;3,0;5,0;6,0;4,1
1389	3,1;7,0;2,0;3,0;5,0;6,0;4,1
1390	2,1;3,1;7,0;3,0;5,0;6,0;4,1
1391	2,1;3,1;7,0;2,0;3,0;5,0;6,0;4,1
1392	4,0;7,0;5,0;6,0;4,1
1393	4,0;7,0;2,0;5,0;6,0;4,1
1394	4,0;2,1;7,0;5,0;6,0;4,1
1395	4,0;2,1;7,0;2,0;5,0;6,0;4,1
1396	4,0;7,0;3,0;5,0;6,0;4,1
1397	4,0;7,0;2,0;3,0;5,0;6,0;4,1
1398	4,0;2,1;7,0;3,0;5,0;6,0;4,1
1399	4,0;2,1;7,0;2,0;3,0;5,0;6,0;4,1
1400	4,0;3,1;7,0;5,0;6,0;4,1
1401	4,0;3,1;7,0;2,0;5,0;6,0;4,1
1402	4,0;2,1;3,1;7,0;5,0;6,0;4,1
1403	4,0;2,1;3,1;7,0;2,0;5,0;6,0;4,1
1404	4,0;3,1;7,0;3,0;5,0;6,0;4,1
1405	4,0;3,1;7,0;2,0;3,0;5,0;6,0;4,1
1406	4,0;2,1;3,1;7,0;3,0;5,0;6,0;4,1
1407	4,0;2,1;3,1;7,0;2,0;3,0;5,0;6,0;4,1
1408	7,0;5,1;6,0
1409	7,0;2,0;5,1;6,0
1410	5,1;7,0;2,1;6,0
1411	2,1;7,0;2,0;5,1;6,0
1412	6,0;5,1;7,0;3,0
1413	7,0;2,0;5,1;3,0;6,0
1414	2,1;7,0;5,1;3,0;6,0
1415	2,1;7,0;2,0;5,1;3,0;6,0
1416	3,1;7,0;5,1;6,0
1417	3,1;7,0;2,0;5,1;6,0
1418	2,1;3,1;7,0;5,1;6,0
1419	2,1;3,1;7,0;2,0;5,1;6,0
1420	3,1;7,0;5,1;3,0;6,0
1421	3,1;7,0;2,0;5,1;3,0;6,0
1422	2,1;3,1;7,0;5,1;3,0;6,0
1423	2,1;3,1;7,0;2,0;5,1;3,0;6,0
1424	4,0;5,1;7,0;6,0
1425	4,0;7,0;2,0;5,1;6,0
1426	4,0;2,1;7,0;5,1;6,0
1427	4,0;2,1;7,0;2,0;5,1;6,0
1428	4,0;7,0;5,1;3,0;6,0
1429	4,0;7,0;2,0;5,1;3,0;6,0
1430	4,0;2,1;7,0;5,1;3,0;6,0
1431	4,0;2,1;7,0;2,0;5,1;3,0;6,0
1432	4,0;3,1;7,0;5,1;6,0
1433	4,0;3,1;7,0;2,0;5,1;6,0
1434	4,0;2,1;3,1;7,0;5,1;6,0
1435	4,0;2,1;3,1;7,0;2,0;5,1;6,0
1436	4,0;3,1;7,0;5,1;3,0;6,0
1437	4,0;3,1;7,0;2,0;5,1;3,0;6,0
1438	4,0;2,1;3,1;7,0;5,1;3,0;6,0
1439	4,0;2,1;3,1;7,0;2,0;5,1;3,0;6,0
1440	7,0;4,1;5,1;6,0
1441	7,0;2,0;5,1;6,0;4,1
1442	2,1;7,0;5,1;6,0;4,1
1443	2,1;7,0;2,0;5,1;6,0;4,1
1444	7,0;5,1;3,0;6,0;4,1
1445	7,0;2,0;5,1;3,0;6,0;4,1
1446	2,1;7,0;5,1;3,0;6,0;4,1
1447	2,1;7,0;2,0;5,1;3,0;6,0;4,1
1448	3,1;7,0;5,1;6,0;4,1
1449	3,1;7,0;2,0;5,1;6,0;4,1
1450	2,1;3,1;7,0;5,1;6,0;4,1
1451	2,1;3,1;7,0;2,0;5,1;6,0;4,1
1452	3,1;7,0;5,1;3,0;6,0;4,1
1453	3,1;7,0;2,0;5,1;3,0;6,0;4,1
1454	2,1;3,1;7,0;5,1;3,0;6,0;4,1
1455	2,1;3,1;7,0;2,0;5,1;3,0;6,0;4,1
1456	4,0;7,0;5,1;6,0;4,1
1457	4,0;7,0;2,0;5,1;6,0;4,1
1458	4,0;2,1;7,0;5,1;6,0;4,1
1459	4,0;2,1;7,0;2,0;5,1;6,0;4,1
1460	4,0;7,0;5,1;3,0;6,0;4,1
1461	4,0;7,0;2,0;5,1;3,0;6,0;4,1
1462	4,0;2,1;7,0;5,1;3,0;6,0;4,1
1463	4,0;2,1;7,0;2,0;5,1;3,0;6,0;4,1
1464	4,0;3,1;7,0;5,1;6,0;4,1
1465	4,0;3,1;7,0;2,0;5,1;6,0;4,1
1466	4,0;2,1;3,1;7,0;5,1;6,0;4,1
1467	4,0;2,1;3,1;7,0;2,0;5,1;6,0;4,1
1468	4,0;3,1;7,0;5,1;3,0;6,0;4,1
1469	4,0;3,1;7,0;2,0;5,1;3,0;6,0;4,1
1470	4,0;2,1;3,1;7,0;5,1;3,0;6,0;4,1
1471	4,0;2,1;3,1;7,0;2,0;5,1;3,0;6,0;4,1
1472	7,0;5,0;5,1;6,0
1473	7,0;2,0;5,1;5,0;6,0
1474	2,1;7,0;5,1;5,0;6,0
1475	2,1;7,0;2,0;5,1;5,0;6,0
1476	7,0;5,1;3,0;5,0;6,0
1477	7,0;2,0;5,1;3,0;5,0;6,0
1478	2,1;7,0;5,1;3,0;5,0;6,0
1479	2,1;7,0;2,0;5,1;3,0;5,0;6,0
1480	3,1;7,0;5,1;5,0;6,0
1481	3,1;7,0;2,0;5,1;5,0;6,0
1482	2,1;3,1;7,0;5,1;5,0;6,0
1483	2,1;3,1;7,0;2,0;5,1;5,0;6,0
1484	3,1;7,0;5,1;3,0;5,0;6,0
1485	3,1;7,0;2,0;5,1;3,0;5,0;6,0
1486	2,1;3,1;7,0;5,1;3,0;5,0;6,0
1487	2,1;3,1;7,0;2,0;5,1;3,0;5,0;6,0
1488	4,0;7,0;5,1;5,0;6,0
1489	4,0;7,0;2,0;5,1;5,0;6,0
1490	4,0;2,1;7,0;5,1;5,0;6,0
1491	4,0;2,1;7,0;2,0;5,1;5,0;6,0
1492	4,0;7,0;5,1;3,0;5,0;6,0
1493	4,0;7,0;2,0;5,1;3,0;5,0;6,0
1494	4,0;2,1;7,0;5,1;3,0;5,0;6,0
1495	4,0;2,1;7,0;2,0;5,1;3,0;5,0;6,0
1496	4,0;3,1;7,0;5,1;5,0;6,0
1497	4,0;3,1;7,0;2,0;5,1;5,0;6,0
1498	4,0;2,1;3,1;7,0;5,1;5,0;6,0
1499	4,0;2,1;3,1;7,0;2,0;5,1;5,0;6,0
1500	4,0;3,1;7,0;5,1;3,0;5,0;6,0
1501	4,0;3,1;7,0;2,0;5,1;3,0;5,0;6,0
1502	4,0;2,1;3,1;7,0;5,1;3,0;5,0;6,0
1503	4,0;2,1;3,1;7,0;2,0;5,1;3,0;5,0;6,0
1504	7,0;5,1;5,0;6,0;4,1
1505	7,0;2,0;5,1;5,0;6,0;4,1
1506	2,1;7,0;5,1;5,0;6,0;4,1
1507	2,1;7,0;2,0;5,1;5,0;6,0;4,1
1508	7,0;5,1;3,0;5,0;6,0;4,1
1509	7,0;2,0;5,1;3,0;5,0;6,0;4,1
1510	2,1;7,0;5,1;3,0;5,0;6,0;4,1
1511	2,1;7,0;2,0;5,1;3,0;5,0;6,0;4,1
1512	3,1;7,0;5,1;5,0;6,0;4,1
1513	3,1;7,0;2,0;5,1;5,0;6,0;4,1
1514	2,1;3,1;7,0;5,1;5,0;6,0;4,1
1515	2,1;3,1;7,0;2,0;5,1;5,0;6,0;4,1
1516	3,1;7,0;5,1;3,0;5,0;6,0;4,1
1517	3,1;7,0;2,0;5,1;3,0;5,0;6,0;4,1
1518	2,1;3,1;7,0;5,1;3,0;5,0;6,0;4,1
1519	2,1;3,1;7,0;2,0;5,1;3,0;5,0;6,0;4,1
1520	4,0;7,0;5,1;5,0;6,0;4,1
1521	4,0;7,0;2,0;5,1;5,0;6,0;4,1
1522	4,0;2,1;7,0;5,1;5,0;6,0;4,1
1523	4,0;2,1;7,0;2,0;5,1;5,0;6,0;4,1
1524	4,0;7,0;5,1;3,0;5,0;6,0;4,1
1525	4,0;7,0;2,0;5,1;3,0;5,0;6,0;4,1
1526	4,0;2,1;7,0;5,1;3,0;5,0;6,0;4,1
1527	4,0;2,1;7,0;2,0;5,1;3,0;5,0;6,0;4,1
1528	4,0;3,1;7,0;5,1;5,0;6,0;4,1
1529	4,0;3,1;7,0;2,0;5,1;5,0;6,0;4,1
1530	4,0;2,1;3,1;7,0;5,1;5,0;6,0;4,1
1531	4,0;2,1;3,1;7,0;2,0;5,1;5,0;6,0;4,1
1532	4,0;3,1;7,0;5,1;3,0;5,0;6,0;4,1
1533	4,0;3,1;7,0;2,0;5,1;3,0;5,0;6,0;4,1
1534	4,0;2,1;3,1;7,0;5,1;3,0;5,0;6,0;4,1
1535	4,0;2,1;3,1;7,0;2,0;5,1;3,0;5,0;6,0;4,1
1536	6,1;7,0
1537	6,1;7,0;2,0
1538	6,1;7,0;2,1
1539	6,1;7,0;2,0;2,1
1540	6,1;7,0;3,0
1541	6,1;7,0;2,0;3,0
1542	6,1;7,0;2,1;3,0
1543	2,1;6,1;7,0;2,0;3,0
1544	3,1;6,1;7,0
1545	3,1;6,1;7,0;2,0
1546	3,1;6,1;7,0;2,1
1547	2,1;3,1;6,1;7,0;2,0
1548	3,1;6,1;7,0;3,0
1549	3,1;6,1;7,0;2,0;3,0
1550	2,1;3,1;6,1;7,0;3,0
1551	2,1;3,1;6,1;7,0;2,0;3,0
1552	6,1;4,0;7,0
1553	6,1;4,0;2,0;7,0
1554	6,1;4,0;2,1;7,0
1555	4,0;2,1;6,1;7,0;2,0
1556	6,1;4,0;7,0;3,0
1557	4,0;6,1;7,0;2,0;3,0
1558	4,0;2,1;6,1;7,0;3,0
1559	4,0;2,1;6,1;7,0;2,0;3,0
1560	3,1;6,1;4,0;7,0
1561	4,0;3,1;6,1;7,0;2,0
1562	4,0;2,1;3,1;6,1;7,0
1563	4,0;2,1;3,1;6,1;7,0;2,0
1564	4,0;3,1;6,1;7,0;3,0
1565	4,0;3,1;6,1;7,0;2,0;3,0
1566	4,0;2,1;3,1;6,1;7,0;3,0
1567	4,0;2,1;3,1;6,1;7,0;2,0;3,0
1568	6,1;7,0;4,1
1569	6,1;7,0;2,0;4,1
1570	6,1;7,0;4,1;2,1
1571	2,1;6,1;7,0;2,0;4,1
1572	6,1;7,0;4,1;3,0
1573	6,1;7,0;2,0;3,0;4,1
1574	2,1;6,1;7,0;3,0;4,1
1575	2,1;6,1;7,0;2,0;3,0;4,1
1576	3,1;6,1;7,0;4,1
1577	3,1;6,1;7,0;2,0;4,1
1578	2,1;3,1;6,1;7,0;4,1
1579	2,1;3,1;6,1;7,0;2,0;4,1
1580	3,1;6,1;7,0;3,0;4,1
1581	3,1;6,1;7,0;2,0;3,0;4,1
1582	2,1;3,1;6,1;7,0;3,0;4,1
1583	2,1;3,1;6,1;7,0;2,0;3,0;4,1
1584	6,1;4,0;4,1;7,0
1585	4,0;6,1;7,0;2,0;4,1
1586	4,0;2,1;6,1;7,0;4,1
1587	4,0;2,1;6,1;7,0;2,0;4,1
1588	4,0;6,1;7,0;3,0;4,1
1589	4,0;6,1;7,0;2,0;3,0;4,1
1590	4,0;2,1;6,1;7,0;3,0;4,1
1591	4,0;2,1;6,1;7,0;2,0;3,0;4,1
1592	4,0;3,1;6,1;7,0;4,1
1593	4,0;3,1;6,1;7,0;2,0;4,1
1594	4,0;2,1;3,1;6,1;7,0;4,1
1595	4,0;2,1;3,1;6,1;7,0;2,0;4,1
1596	4,0;3,1;6,1;7,0;3,0;4,1
1597	4,0;3,1;6,1;7,0;2,0;3,0;4,1
1598	4,0;2,1;3,1;6,1;7,0;3,0;4,1
1599	4,0;2,1;3,1;6,1;7,0;2,0;3,0;4,1
1600	6,1;7,0;5,0
1601	6,1;5,0;7,0;2,0
1602	6,1;7,0;5,0;2,1
1603	2,1;6,1;7,0;2,0;5,0
1604	6,1;7,0;5,0;3,0
1605	6,1;7,0;2,0;3,0;5,0
1606	2,1;6,1;7,0;3,0;5,0
1607	2,1;6,1;7,0;2,0;3,0;5,0
1608	3,1;6,1;7,0;5,0
1609	3,1;6,1;7,0;2,0;5,0
1610	2,1;3,1;6,1;7,0;5,0
1611	2,1;3,1;6,1;7,0;2,0;5,0
1612	3,1;6,1;7,0;3,0;5,0
1613	3,1;6,1;7,0;2,0;3,0;5,0
1614	2,1;3,1;6,1;7,0;3,0;5,0
1615	2,1;3,1;6,1;7,0;2,0;3,0;5,0
1616	6,1;4,0;5,0;7,0
1617	4,0;6,1;7,0;2,0;5,0
1618	4,0;2,1;6,1;7,0;5,0
1619	4,0;2,1;6,1;7,0;2,0;5,0
1620	4,0;6,1;7,0;3,0;5,0
1621	4,0;6,1;7,0;2,0;3,0;5,0
1622	4,0;2,1;6,1;7,0;3,0;5,0
1623	4,0;2,1;6,1;7,0;2,0;3,0;5,0
1624	4,0;3,1;6,1;7,0;5,0
1625	4,0;3,1;6,1;7,0;2,0;5,0
1626	4,0;2,1;3,1;6,1;7,0;5,0
1627	4,0;2,1;3,1;6,1;7,0;2,0;5,0
1628	4,0;3,1;6,1;7,0;3,0;5,0
1629	4,0;3,1;6,1;7,0;2,0;3,0;5,0
1630	4,0;2,1;3,1;6,1;7,0;3,0;5,0
1631	4,0;2,1;3,1;6,1;7,0;2,0;3,0;5,0
1632	6,1;5,0;7,0;4,1
1633	6,1;7,0;2,0;5,0;4,1
1634	2,1;6,1;7,0;5,0;4,1
1635	2,1;6,1;7,0;2,0;5,0;4,1
1636	6,1;7,0;3,0;5,0;4,1
1637	6,1;7,0;2,0;3,0;5,0;4,1
1638	2,1;6,1;7,0;3,0;5,0;4,1
1639	2,1;6,1;7,0;2,0;3,0;5,0;4,1
1640	3,1;6,1;7,0;5,0;4,1
1641	3,1;6,1;7,0;2,0;5,0;4,1
1642	2,1;3,1;6,1;7,0;5,0;4,1
1643	2,1;3,1;6,1;7,0;2,0;5,0;4,1
1644	3,1;6,1;7,0;3,0;5,0;4,1
1645	3,1;6,1;7,0;2,0;3,0;5,0;4,1
1646	2,1;3,1;6,1;7,0;3,0;5,0;4,1
1647	2,1;3,1;6,1;7,0;2,0;3,0;5,0;4,1
1648	4,0;6,1;7,0;5,0;4,1
1649	4,0;6,1;7,0;2,0;5,0;4,1
1650	4,0;2,1;6,1;7,0;5,0;4,1
1651	4,0;2,1;6,1;7,0;2,0;5,0;4,1
1652	4,0;6,1;7,0;3,0;5,0;4,1
1653	4,0;6,1;7,0;2,0;3,0;5,0;4,1
1654	4,0;2,1;6,1;7,0;3,0;5,0;4,1
1655	4,0;2,1;6,1;7,0;2,0;3,0;5,0;4,1
1656	4,0;3,1;6,1;7,0;5,0;4,1
1657	4,0;3,1;6,1;7,0;2,0;5,0;4,1
1658	4,0;2,1;3,1;6,1;7,0;5,0;4,1
1659	4,0;2,1;3,1;6,1;7,0;2,0;5,0;4,1
1660	4,0;3,1;6,1;7,0;3,0;5,0;4,1
1661	4,0;3,1;6,1;7,0;2,0;3,0;5,0;4,1
1662	4,0;2,1;3,1;6,1;7,0;3,0;5,0;4,1
1663	4,0;2,1;3,1;6,1;7,0;2,0;3,0;5,0;4,1
1664	6,1;7,0;5,1
1665	6,1;7,0;2,0;5,1
1666	6,1;5,1;7,0;2,1
1667	2,1;6,1;7,0;2,0;5,1
1668	6,1;7,0;5,1;3,0
1669	6,1;7,0;2,0;5,1;3,0
1670	2,1;6,1;7,0;5,1;3,0
1671	2,1;6,1;7,0;2,0;5,1;3,0
1672	3,1;6,1;7,0;5,1
1673	3,1;6,1;7,0;2,0;5,1
1674	2,1;3,1;6,1;7,0;5,1
1675	2,1;3,1;6,1;7,0;2,0;5,1
1676	3,1;6,1;7,0;5,1;3,0
1677	3,1;6,1;7,0;2,0;5,1;3,0
1678	2,1;3,1;6,1;7,0;5,1;3,0
1679	2,1;3,1;6,1;7,0;2,0;5,1;3,0
1680	6,1;4,0;5,1;7,0
1681	4,0;6,1;7,0;2,0;5,1
1682	4,0;2,1;6,1;7,0;5,1
1683	4,0;2,1;6,1;7,0;2,0;5,1
1684	4,0;6,1;7,0;5,1;3,0
1685	4,0;6,1;7,0;2,0;5,1;3,0
1686	4,0;2,1;6,1;7,0;5,1;3,0
1687	4,0;2,1;6,1;7,0;2,0;5,1;3,0
1688	4,0;3,1;6,1;7,0;5,1
1689	4,0;3,1;6,1;7,0;2,0;5,1
1690	4,0;2,1;3,1;6,1;7,0;5,1
1691	4,0;2,1;3,1;6,1;7,0;2,0;5,1
1692	4,0;3,1;6,1;7,0;5,1;3,0
1693	4,0;3,1;6,1;7,0;2,0;5,1;3,0
1694	4,0;2,1;3,1;6,1;7,0;5,1;3,0
1695	4,0;2,1;3,1;6,1;7,0;2,0;5,1;3,0
1696	6,1;7,0;4,1;5,1
1697	6,1;7,0;2,0;5,1;4,1
1698	2,1;6,1;7,0;5,1;4,1
1699	2,1;6,1;7,0;2,0;5,1;4,1
1700	6,1;7,0;5,1;3,0;4,1
1701	6,1;7,0;2,0;5,1;3,0;4,1
1702	2,1;6,1;7,0;5,1;3,0;4,1
1703	2,1;6,1;7,0;2,0;5,1;3,0;4,1
1704	3,1;6,1;7,0;5,1;4,1
1705	3,1;6,1;7,0;2,0;5,1;4,1
1706	2,1;3,1;6,1;7,0;5,1;4,1
1707	2,1;3,1;6,1;7,0;2,0;5,1;4,1
1708	3,1;6,1;7,0;5,1;3,0;4,1
1709	3,1;6,1;7,0;2,0;5,1;3,0;4,1
1710	2,1;3,1;6,1;7,0;5,1;3,0;4,1
1711	2,1;3,1;6,1;7,0;2,0;5,1;3,0;4,1
1712	4,0;6,1;7,0;5,1;4,1
1713	4,0;6,1;7,0;2,0;5,1;4,1
1714	4,0;2,1;6,1;7,0;5,1;4,1
1715	4,0;2,1;6,1;7,0;2,0;5,1;4,1
1716	4,0;6,1;7,0;5,1;3,0;4,1
1717	4,0;6,1;7,0;2,0;5,1;3,0;4,1
1718	4,0;2,1;6,1;7,0;5,1;3,0;4,1
1719	4,0;2,1;6,1;7,0;2,0;5,1;3,0;4,1
1720	4,0;3,1;6,1;7,0;5,1;4,1
1721	4,0;3,1;6,1;7,0;2,0;5,1;4,1
1722	4,0;2,1;3,1;6,1;7,0;5,1;4,1
1723	4,0;2,1;3,1;6,1;7,0;2,0;5,1;4,1
1724	4,0;3,1;6,1;7,0;5,1;3,0;4,1
1725	4,0;3,1;6,1;7,0;2,0;5,1;3,0;4,1
1726	4,0;2,1;3,1;6,1;7,0;5,1;3,0;4,1
1727	4,0;2,1;3,1;6,1;7,0;2,0;5,1;3,0;4,1
1728	6,1;7,0;5,0;5,1
1729	6,1;7,0;2,0;5,1;5,0
1730	2,1;6,1;7,0;5,1;5,0
1731	2,1;6,1;7,0;2,0;5,1;5,0
1732	6,1;7,0;5,1;3,0;5,0
1733	6,1;7,0;2,0;5,1;3,0;5,0
1734	2,1;6,1;7,0;5,1;3,0;5,0
1735	2,1;6,1;7,0;2,0;5,1;3,0;5,0
1736	3,1;6,1;7,0;5,1;5,0
1737	3,1;6,1;7,0;2,0;5,1;5,0
1738	2,1;3,1;6,1;7,0;5,1;5,0
1739	2,1;3,1;6,1;7,0;2,0;5,1;5,0
1740	3,1;6,1;7,0;5,1;3,0;5,0
1741	3,1;6,1;7,0;2,0;5,1;3,0;5,0
1742	2,1;3,1;6,1;7,0;5,1;3,0;5,0
1743	2,1;3,1;6,1;7,0;2,0;5,1;3,0;5,0
1744	4,0;6,1;7,0;5,1;5,0
1745	4,0;6,1;7,0;2,0;5,1;5,0
1746	4,0;2,1;6,1;7,0;5,1;5,0
1747	4,0;2,1;6,1;7,0;2,0;5,1;5,0
1748	4,0;6,1;7,0;5,1;3,0;5,0
1749	4,0;6,1;7,0;2,0;5,1;3,0;5,0
1750	4,0;2,1;6,1;7,0;5,1;3,0;5,0
1751	4,0;2,1;6,1;7,0;2,0;5,1;3,0;5,0
1752	4,0;3,1;6,1;7,0;5,1;5,0
1753	4,0;3,1;6,1;7,0;2,0;5,1;5,0
1754	4,0;2,1;3,1;6,1;7,0;5,1;5,0
1755	4,0;2,1;3,1;6,1;7,0;2,0;5,1;5,0
1756	4,0;3,1;6,1;7,0;5,1;3,0;5,0
1757	4,0;3,1;6,1;7,0;2,0;5,1;3,0;5,0
1758	4,0;2,1;3,1;6,1;7,0;5,1;3,0;5,0
1759	4,0;2,1;3,1;6,1;7,0;2,0;5,1;3,0;5,0
1760	6,1;7,0;5,1;5,0;4,1
1761	6,1;7,0;2,0;5,1;5,0;4,1
1762	2,1;6,1;7,0;5,1;5,0;4,1
1763	2,1;6,1;7,0;2,0;5,1;5,0;4,1
1764	6,1;7,0;5,1;3,0;5,0;4,1
1765	6,1;7,0;2,0;5,1;3,0;5,0;4,1
1766	2,1;6,1;7,0;5,1;3,0;5,0;4,1
1767	2,1;6,1;7,0;2,0;5,1;3,0;5,0;4,1
1768	3,1;6,1;7,0;5,1;5,0;4,1
1769	3,1;6,1;7,0;2,0;5,1;5,0;4,1
1770	2,1;3,1;6,1;7,0;5,1;5,0;4,1
1771	2,1;3,1;6,1;7,0;2,0;5,1;5,0;4,1
1772	3,1;6,1;7,0;5,1;3,0;5,0;4,1
1773	3,1;6,1;7,0;2,0;5,1;3,0;5,0;4,1
1774	2,1;3,1;6,1;7,0;5,1;3,0;5,0;4,1
1775	2,1;3,1;6,1;7,0;2,0;5,1;3,0;5,0;4,1
1776	4,0;6,1;7,0;5,1;5,0;4,1
1777	4,0;6,1;7,0;2,0;5,1;5,0;4,1
1778	4,0;2,1;6,1;7,0;5,1;5,0;4,1
1779	4,0;2,1;6,1;7,0;2,0;5,1;5,0;4,1
1780	4,0;6,1;7,0;5,1;3,0;5,0;4,1
1781	4,0;6,1;7,0;2,0;5,1;3,0;5,0;4,1
1782	4,0;2,1;6,1;7,0;5,1;3,0;5,0;4,1
1783	4,0;2,1;6,1;7,0;2,0;5,1;3,0;5,0;4,1
1784	4,0;3,1;6,1;7,0;5,1;5,0;4,1
1785	4,0;3,1;6,1;7,0;2,0;5,1;5,0;4,1
1786	4,0;2,1;3,1;6,1;7,0;5,1;5,0;4,1
1787	4,0;2,1;3,1;6,1;7,0;2,0;5,1;5,0;4,1
1788	4,0;3,1;6,1;7,0;5,1;3,0;5,0;4,1
1789	4,0;3,1;6,1;7,0;2,0;5,1;3,0;5,0;4,1
1790	4,0;2,1;3,1;6,1;7,0;5,1;3,0;5,0;4,1
1791	4,0;2,1;3,1;6,1;7,0;2,0;5,1;3,0;5,0;4,1
1792	6,1;7,0;6,0
1793	6,1;7,0;2,0;6,0
1794	6,1;7,0;2,1;6,0
1795	2,1;6,1;7,0;2,0;6,0
1796	6,1;6,0;7,0;3,0
1797	6,1;7,0;2,0;3,0;6,0
1798	2,1;6,1;7,0;3,0;6,0
1799	2,1;6,1;7,0;2,0;3,0;6,0
1800	3,1;6,1;7,0;6,0
1801	3,1;6,1;7,0;2,0;6,0
1802	2,1;3,1;6,1;7,0;6,0
1803	2,1;3,1;6,1;7,0;2,0;6,0
1804	3,1;6,1;7,0;3,0;6,0
1805	3,1;6,1;7,0;2,0;3,0;6,0
1806	2,1;3,1;6,1;7,0;3,0;6,0
1807	2,1;3,1;6,1;7,0;2,0;3,0;6,0
1808	6,1;4,0;7,0;6,0
1809	4,0;6,1;7,0;2,0;6,0
1810	4,0;2,1;6,1;7,0;6,0
1811	4,0;2,1;6,1;7,0;2,0;6,0
1812	4,0;6,1;7,0;3,0;6,0
1813	4,0;6,1;7,0;2,0;3,0;6,0
1814	4,0;2,1;6,1;7,0;3,0;6,0
1815	4,0;2,1;6,1;7,0;2,0;3,0;6,0
1816	4,0;3,1;6,1;7,0;6,0
1817	4,0;3,1;6,1;7,0;2,0;6,0
1818	4,0;2,1;3,1;6,1;7,0;6,0
1819	4,0;2,1;3,1;6,1;7,0;2,0;6,0
1820	4,0;3,1;6,1;7,0;3,0;6,0
1821	4,0;3,1;6,1;7,0;2,0;3,0;6,0
1822	4,0;2,1;3,1;6,1;7,0;3,0;6,0
1823	4,0;2,1;3,1;6,1;7,0;2,0;3,0;6,0
1824	6,1;7,0;4,1;6,0
1825	6,1;7,0;2,0;6,0;4,1
1826	2,1;6,1;7,0;6,0;4,1
1827	2,1;6,1;7,0;2,0;6,0;4,1
1828	6,1;7,0;3,0;6,0;4,1
1829	6,1;7,0;2,0;3,0;6,0;4,1
1830	2,1;6,1;7,0;3,0;6,0;4,1
1831	2,1;6,1;7,0;2,0;3,0;6,0;4,1
1832	3,1;6,1;7,0;6,0;4,1
1833	3,1;6,1;7,0;2,0;6,0;4,1
1834	2,1;3,1;6,1;7,0;6,0;4,1
1835	2,1;3,1;6,1;7,0;2,0;6,0;4,1
1836	3,1;6,1;7,0;3,0;6,0;4,1
1837	3,1;6,1;7,0;2,0;3,0;6,0;4,1
1838	2,1;3,1;6,1;7,0;3,0;6,0;4,1
1839	2,1;3,1;6,1;7,0;2,0;3,0;6,0;4,1
1840	4,0;6,1;7,0;6,0;4,1
1841	4,0;6,1;7,0;2,0;6,0;4,1
1842	4,0;2,1;6,1;7,0;6,0;4,1
1843	4,0;2,1;6,1;7,0;2,0;6,0;4,1
1844	4,0;6,1;7,0;3,0;6,0;4,1
1845	4,0;6,1;7,0;2,0;3,0;6,0;4,1
1846	4,0;2,1;6,1;7,0;3,0;6,0;4,1
1847	4,0;2,1;6,1;7,0;2,0;3,0;6,0;4,1
1848	4,0;3,1;6,1;7,0;6,0;4,1
1849	4,0;3,1;6,1;7,0;2,0;6,0;4,1
1850	4,0;2,1;3,1;6,1;7,0;6,0;4,1
1851	4,0;2,1;3,1;6,1;7,0;2,0;6,0;4,1
1852	4,0;3,1;6,1;7,0;3,0;6,0;4,1
1853	4,0;3,1;6,1;7,0;2,0;3,0;6,0;4,1
1854	4,0;2,1;3,1;6,1;7,0;3,0;6,0;4,1
1855	4,0;2,1;3,1;6,1;7,0;2,0;3,0;6,0;4,1
1856	6,1;7,0;5,0;6,0
1857	6,1;7,0;2,0;5,0;6,0
1858	2,1;6,1;7,0;5,0;6,0
1859	2,1;6,1;7,0;2,0;5,0;6,0
1860	6,1;7,0;3,0;5,0;6,0
1861	6,1;7,0;2,0;3,0;5,0;6,0
1862	2,1;6,1;7,0;3,0;5,0;6,0
1863	2,1;6,1;7,0;2,0;3,0;5,0;6,0
1864	3,1;6,1;7,0;5,0;6,0
1865	3,1;6,1;7,0;2,0;5,0;6,0
1866	2,1;3,1;6,1;7,0;5,0;6,0
1867	2,1;3,1;6,1;7,0;2,0;5,0;6,0
1868	3,1;6,1;7,0;3,0;5,0;6,0
1869	3,1;6,1;7,0;2,0;3,0;5,0;6,0
1870	2,1;3,1;6,1;7,0;3,0;5,0;6,0
1871	2,1;3,1;6,1;7,0;2,0;3,0;5,0;6,0
1872	4,0;6,1;7,0;5,0;6,0
1873	4,0;6,1;7,0;2,0;5,0;6,0
1874	4,0;2,1;6,1;7,0;5,0;6,0
1875	4,0;2,1;6,1;7,0;2,0;5,0;6,0
1876	4,0;6,1;7,0;3,0;5,0;6,0
1877	4,0;6,1;7,0;2,0;3,0;5,0;6,0
1878	4,0;2,1;6,1;7,0;3,0;5,0;6,0
1879	4,0;2,1;6,1;7,0;2,0;3,0;5,0;6,0
1880	4,0;3,1;6,1;7,0;5,0;6,0
1881	4,0;3,1;6,1;7,0;2,0;5,0;6,0
1882	4,0;2,1;3,1;6,1;7,0;5,0;6,0
1883	4,0;2,1;3,1;6,1;7,0;2,0;5,0;6,0
1884	4,0;3,1;6,1;7,0;3,0;5,0;6,0
1885	4,0;3,1;6,1;7,0;2,0;3,0;5,0;6,0
1886	4,0;2,1;3,1;6,1;7,0;3,0;5,0;6,0
1887	4,0;2,1;3,1;6,1;7,0;2,0;3,0;5,0;6,0
1888	6,1;7,0;5,0;6,0;4,1
1889	6,1;7,0;2,0;5,0;6,0;4,1
1890	2,1;6,1;7,0;5,0;6,0;4,1
1891	2,1;6,1;7,0;2,0;5,0;6,0;4,1
1892	6,1;7,0;3,0;5,0;6,0;4,1
1893	6,1;7,0;2,0;3,0;5,0;6,0;4,1
1894	2,1;6,1;7,0;3,0;5,0;6,0;4,1
1895	2,1;6,1;7,0;2,0;3,0;5,0;6,0;4,1
1896	3,1;6,1;7,0;5,0;6,0;4,1
1897	3,1;6,1;7,0;2,0;5,0;6,0;4,1
1898	2,1;3,1;6,1;7,0;5,0;6,0;4,1
1899	2,1;3,1;6,1;7,0;2,0;5,0;6,0;4,1
1900	3,1;6,1;7,0;3,0;5,0;6,0;4,1
1901	3,1;6,1;7,0;2,0;3,0;5,0;6,0;4,1
1902	2,1;3,1;6,1;7,0;3,0;5,0;6,0;4,1
1903	2,1;3,1;6,1;7,0;2,0;3,0;5,0;6,0;4,1
1904	4,0;6,1;7,0;5,0;6,0;4,1
1905	4,0;6,1;7,0;2,0;5,0;6,0;4,1
1906	4,0;2,1;6,1;7,0;5,0;6,0;4,1
1907	4,0;2,1;6,1;7,0;2,0;5,0;6,0;4,1
1908	4,0;6,1;7,0;3,0;5,0;6,0;4,1
1909	4,0;6,1;7,0;2,0;3,0;5,0;6,0;4,1
1910	4,0;2,1;6,1;7,0;3,0;5,0;6,0;4,1
1911	4,0;2,1;6,1;7,0;2,0;3,0;5,0;6,0;4,1
1912	4,0;3,1;6,1;7,0;5,0;6,0;4,1
1913	4,0;3,1;6,1;7,0;2,0;5,0;6,0;4,1
1914	4,0;2,1;3,1;6,1;7,0;5,0;6,0;4,1
1915	4,0;2,1;3,1;6,1;7,0;2,0;5,0;6,0;4,1
1916	4,0;3,1;6,1;7,0;3,0;5,0;6,0;4,1
1917	4,0;3,1;6,1;7,0;2,0;3,0;5,0;6,0;4,1
1918	4,0;2,1;3,1;6,1;7,0;3,0;5,0;6,0;4,1
1919	4,0;2,1;3,1;6,1;7,0;2,0;3,0;5,0;6,0;4,1
1920	6,1;7,0;5,1;6,0
1921	6,1;7,0;2,0;5,1;6,0
1922	2,1;6,1;7,0;5,1;6,0
1923	2,1;6,1;7,0;2,0;5,1;6,0
1924	6,1;7,0;5,1;3,0;6,0
1925	6,1;7,0;2,0;5,1;3,0;6,0
1926	2,1;6,1;7,0;5,1;3,0;6,0
1927	2,1;6,1;7,0;2,0;5,1;3,0;6,0
1928	3,1;6,1;7,0;5,1;6,0
1929	3,1;6,1;7,0;2,0;5,1;6,0
1930	2,1;3,1;6,1;7,0;5,1;6,0
1931	2,1;3,1;6,1;7,0;2,0;5,1;6,0
1932	3,1;6,1;7,0;5,1;3,0;6,0
1933	3,1;6,1;7,0;2,0;5,1;3,0;6,0
1934	2,1;3,1;6,1;7,0;5,1;3,0;6,0
1935	2,1;3,1;6,1;7,0;2,0;5,1;3,0;6,0
1936	4,0;6,1;7,0;5,1;6,0
1937	4,0;6,1;7,0;2,0;5,1;6,0
1938	4,0;2,1;6,1;7,0;5,1;6,0
1939	4,0;2,1;6,1;7,0;2,0;5,1;6,0
1940	4,0;6,1;7,0;5,1;3,0;6,0
1941	4,0;6,1;7,0;2,0;5,1;3,0;6,0
1942	4,0;2,1;6,1;7,0;5,1;3,0;6,0
1943	4,0;2,1;6,1;7,0;2,0;5,1;3,0;6,0
1944	4,0;3,1;6,1;7,0;5,1;6,0
1945	4,0;3,1;6,1;7,0;2,0;5,1;6,0
1946	4,0;2,1;3,1;6,1;7,0;5,1;6,0
1947	4,0;2,1;3,1;6,1;7,0;2,0;5,1;6,0
1948	4,0;3,1;6,1;7,0;5,1;3,0;6,0
1949	4,0;3,1;6,1;7,0;2,0;5,1;3,0;6,0
1950	4,0;2,1;3,1;6,1;7,0;5,1;3,0;6,0
1951	4,0;2,1;3,1;6,1;7,0;2,0;5,1;3,0;6,0
1952	6,1;7,0;5,1;6,0;4,1
1953	6,1;7,0;2,0;5,1;6,0;4,1
1954	2,1;6,1;7,0;5,1;6,0;4,1
1955	2,1;6,1;7,0;2,0;5,1;6,0;4,1
1956	6,1;7,0;5,1;3,0;6,0;4,1
1957	6,1;7,0;2,0;5,1;3,0;6,0;4,1
1958	2,1;6,1;7,0;5,1;3,0;6,0;4,1
1959	2,1;6,1;7,0;2,0;5,1;3,0;6,0;4,1
1960	3,1;6,1;7,0;5,1;6,0;4,1
1961	3,1;6,1;7,0;2,0;5,1;6,0;4,1
1962	2,1;3,1;6,1;7,0;5,1;6,0;4,1
1963	2,1;3,1;6,1;7,0;2,0;5,1;6,0;4,1
1964	3,1;6,1;7,0;5,1;3,0;6,0;4,1
1965	3,1;6,1;7,0;2,0;5,1;3,0;6,0;4,1
1966	2,1;3,1;6,1;7,0;5,1;3,0;6,0;4,1
1967	2,1;3,1;6,1;7,0;2,0;5,1;3,0;6,0;4,1
1968	4,0;6,1;7,0;5,1;6,0;4,1
1969	4,0;6,1;7,0;2,0;5,1;6,0;4,1
1970	4,0;2,1;6,1;7,0;5,1;6,0;4,1
1971	4,0;2,1;6,1;7,0;2,0;5,1;6,0;4,1
1972	4,0;6,1;7,0;5,1;3,0;6,0;4,1
1973	4,0;6,1;7,0;2,0;5,1;3,0;6,0;4,1
1974	4,0;2,1;6,1;7,0;5,1;3,0;6,0;4,1
1975	4,0;2,1;6,1;7,0;2,0;5,1;3,0;6,0;4,1
1976	4,0;3,1;6,1;7,0;5,1;6,0;4,1
1977	4,0;3,1;6,1;7,0;2,0;5,1;6,0;4,1
1978	4,0;2,1;3,1;6,1;7,0;5,1;6,0;4,1
1979	4,0;2,1;3,1;6,1;7,0;2,0;5,1;6,0;4,1
1980	4,0;3,1;6,1;7,0;5,1;3,0;6,0;4,1
1981	4,0;3,1;6,1;7,0;2,0;5,1;3,0;6,0;4,1
1982	4,0;2,1;3,1;6,1;7,0;5,1;3,0;6,0;4,1
1983	4,0;2,1;3,1;6,1;7,0;2,0;5,1;3,0;6,0;4,1
1984	6,1;7,0;5,1;5,0;6,0
1985	6,1;7,0;2,0;5,1;5,0;6,0
1986	2,1;6,1;7,0;5,1;5,0;6,0
1987	2,1;6,1;7,0;2,0;5,1;5,0;6,0
1988	6,1;7,0;5,1;3,0;5,0;6,0
1989	6,1;7,0;2,0;5,1;3,0;5,0;6,0
1990	2,1;6,1;7,0;5,1;3,0;5,0;6,0
1991	2,1;6,1;7,0;2,0;5,1;3,0;5,0;6,0
1992	3,1;6,1;7,0;5,1;5,0;6,0
1993	3,1;6,1;7,0;2,0;5,1;5,0;6,0
1994	2,1;3,1;6,1;7,0;5,1;5,0;6,0
1995	2,1;3,1;6,1;7,0;2,0;5,1;5,0;6,0
1996	3,1;6,1;7,0;5,1;3,0;5,0;6,0
1997	3,1;6,1;7,0;2,0;5,1;3,0;5,0;6,0
1998	2,1;3,1;6,1;7,0;5,1;3,0;5,0;6,0
1999	2,1;3,1;6,1;7,0;2,0;5,1;3,0;5,0;6,0
2000	4,0;6,1;7,0;5,1;5,0;6,0
2001	4,0;6,1;7,0;2,0;5,1;5,0;6,0
2002	4,0;2,1;6,1;7,0;5,1;5,0;6,0
2003	4,0;2,1;6,1;7,0;2,0;5,1;5,0;6,0
2004	4,0;6,1;7,0;5,1;3,0;5,0;6,0
2005	4,0;6,1;7,0;2,0;5,1;3,0;5,0;6,0
2006	4,0;2,1;6,1;7,0;5,1;3,0;5,0;6,0
2007	4,0;2,1;6,1;7,0;2,0;5,1;3,0;5,0;6,0
2008	4,0;3,1;6,1;7,0;5,1;5,0;6,0
2009	4,0;3,1;6,1;7,0;2,0;5,1;5,0;6,0
2010	4,0;2,1;3,1;6,1;7,0;5,1;5,0;6,0
2011	4,0;2,1;3,1;6,1;7,0;2,0;5,1;5,0;6,0
2012	4,0;3,1;6,1;7,0;5,1;3,0;5,0;6,0
2013	4,0;3,1;6,1;7,0;2,0;5,1;3,0;5,0;6,0
2014	4,0;2,1;3,1;6,1;7,0;5,1;3,0;5,0;6,0
2015	4,0;2,1;3,1;6,1;7,0;2,0;5,1;3,0;5,0;6,0
2016	6,1;7,0;5,1;5,0;6,0;4,1
2017	6,1;7,0;2,0;5,1;5,0;6,0;4,1
2018	2,1;6,1;7,0;5,1;5,0;6,0;4,1
2019	2,1;6,1;7,0;2,0;5,1;5,0;6,0;4,1
2020	6,1;7,0;5,1;3,0;5,0;6,0;4,1
2021	6,1;7,0;2,0;5,1;3,0;5,0;6,0;4,1
2022	2,1;6,1;7,0;5,1;3,0;5,0;6,0;4,1
2023	2,1;6,1;7,0;2,0;5,1;3,0;5,0;6,0;4,1
2024	3,1;6,1;7,0;5,1;5,0;6,0;4,1
2025	3,1;6,1;7,0;2,0;5,1;5,0;6,0;4,1
2026	2,1;3,1;6,1;7,0;5,1;5,0;6,0;4,1
2027	2,1;3,1;6,1;7,0;2,0;5,1;5,0;6,0;4,1
2028	3,1;6,1;7,0;5,1;3,0;5,0;6,0;4,1
2029	3,1;6,1;7,0;2,0;5,1;3,0;5,0;6,0;4,1
2030	2,1;3,1;6,1;7,0;5,1;3,0;5,0;6,0;4,1
2031	2,1;3,1;6,1;7,0;2,0;5,1;3,0;5,0;6,0;4,1
2032	4,0;6,1;7,0;5,1;5,0;6,0;4,1
2033	4,0;6,1;7,0;2,0;5,1;5,0;6,0;4,1
2034	4,0;2,1;6,1;7,0;5,1;5,0;6,0;4,1
2035	4,0;2,1;6,1;7,0;2,0;5,1;5,0;6,0;4,1
2036	4,0;6,1;7,0;5,1;3,0;5,0;6,0;4,1
2037	4,0;6,1;7,0;2,0;5,1;3,0;5,0;6,0;4,1
2038	4,0;2,1;6,1;7,0;5,1;3,0;5,0;6,0;4,1
2039	4,0;2,1;6,1;7,0;2,0;5,1;3,0;5,0;6,0;4,1
2040	4,0;3,1;6,1;7,0;5,1;5,0;6,0;4,1
2041	4,0;3,1;6,1;7,0;2,0;5,1;5,0;6,0;4,1
2042	4,0;2,1;3,1;6,1;7,0;5,1;5,0;6,0;4,1
2043	4,0;2,1;3,1;6,1;7,0;2,0;5,1;5,0;6,0;4,1
2044	4,0;3,1;6,1;7,0;5,1;3,0;5,0;6,0;4,1
2045	4,0;3,1;6,1;7,0;2,0;5,1;3,0;5,0;6,0;4,1
2046	4,0;2,1;3,1;6,1;7,0;5,1;3,0;5,0;6,0;4,1
2047	4,0;2,1;3,1;6,1;7,0;2,0;5,1;3,0;5,0;6,0;4,1
2048	7,1
2049	2,0;7,1
2050	7,1;2,1
2051	2,0;2,1;7,1
2052	7,1;3,0
2053	2,0;7,1;3,0
2054	7,1;2,1;3,0
2055	2,0;2,1;7,1;3,0
2056	3,1;7,1
2057	3,1;2,0;7,1
2058	3,1;7,1;2,1
2059	3,1;2,0;2,1;7,1
2060	3,1;7,1;3,0
2061	3,1;2,0;7,1;3,0
2062	3,1;7,1;2,1;3,0
2063	7,1;2,1;3,1;2,0;3,0
2064	4,0;7,1
2065	4,0;2,0;7,1
2066	4,0;7,1;2,1
2067	4,0;2,0;2,1;7,1
2068	4,0;7,1;3,0
2069	4,0;2,0;7,1;3,0
2070	4,0;7,1;2,1;3,0
2071	4,0;7,1;2,1;2,0;3,0
2072	3,1;4,0;7,1
2073	3,1;4,0;2,0;7,1
2074	3,1;4,0;7,1;2,1
2075	4,0;7,1;2,1;3,1;2,0
2076	3,1;4,0;7,1;3,0
2077	4,0;7,1;3,1;2,0;3,0
2078	4,0;7,1;2,1;3,1;3,0
2079	4,0;7,1;2,1;3,1;2,0;3,0
2080	4,1;7,1
2081	2,0;7,1;4,1
2082	4,1;2,1;7,1
2083	2,0;2,1;7,1;4,1
2084	4,1;7,1;3,0
2085	7,1;2,0;4,1;3,0
2086	4,1;2,1;7,1;3,0
2087	7,1;2,1;2,0;3,0;4,1
2088	3,1;4,1;7,1
2089	3,1;2,0;7,1;4,1
2090	3,1;4,1;2,1;7,1
2091	7,1;2,1;3,1;2,0;4,1
2092	3,1;4,1;7,1;3,0
2093	7,1;3,1;2,0;3,0;4,1
2094	7,1;2,1;3,1;3,0;4,1
2095	7,1;2,1;3,1;2,0;3,0;4,1
2096	4,0;4,1;7,1
2097	4,0;2,0;7,1;4,1
2098	4,0;4,1;2,1;7,1
2099	4,0;7,1;2,1;2,0;4,1
2100	4,0;4,1;7,1;3,0
2101	4,0;7,1;2,0;3,0;4,1
2102	4,0;7,1;2,1;3,0;4,1
2103	4,0;7,1;2,1;2,0;3,0;4,1
2104	3,1;4,0;4,1;7,1
2105	4,0;7,1;3,1;2,0;4,1
2106	4,0;7,1;2,1;3,1;4,1
2107	4,0;7,1;2,1;3,1;2,0;4,1
2108	4,0;7,1;3,1;3,0;4,1
2109	4,0;7,1;3,1;2,0;3,0;4,1
2110	4,0;7,1;2,1;3,1;3,0;4,1
2111	4,0;7,1;2,1;3,1;2,0;3,0;4,1
2112	5,0;7,1
2113	5,0;2,0;7,1
2114	5,0;2,1;7,1
2115	5,0;2,0;2,1;7,1
2116	5,0;7,1;3,0
2117	5,0;2,0;7,1;3,0
2118	5,0;2,1;7,1;3,0
2119	7,1;2,1;2,0;3,0;5,0
2120	3,1;5,0;7,1
2121	3,1;5,0;2,0;7,1
2122	3,1;5,0;2,1;7,1
2123	7,1;2,1;3,1;2,0;5,0
2124	3,1;5,0;7,1;3,0
2125	7,1;3,1;2,0;3,0;5,0
2126	7,1;2,1;3,1;3,0;5,0
2127	7,1;2,1;3,1;2,0;3,0;5,0
2128	4,0;5,0;7,1
2129	5,0;4,0;2,0;7,1
2130	4,0;5,0;2,1;7,1
2131	4,0;7,1;2,1;2,0;5,0
2132	4,0;5,0;7,1;3,0
2133	4,0;7,1;2,0;3,0;5,0
2134	4,0;7,1;2,1;3,0;5,0
2135	4,0;7,1;2,1;2,0;3,0;5,0
2136	3,1;4,0;5,0;7,1
2137	4,0;7,1;3,1;2,0;5,0
2138	4,0;7,1;2,1;3,1;5,0
2139	4,0;7,1;2,1;3,1;2,0;5,0
2140	4,0;7,1;3,1;3,0;5,0
2141	4,0;7,1;3,1;2,0;3,0;5,0
2142	4,0;7,1;2,1;3,1;3,0;5,0
2143	4,0;7,1;2,1;3,1;2,0;3,0;5,0
2144	5,0;4,1;7,1
2145	5,0;2,0;7,1;4,1
2146	5,0;4,1;2,1;7,1
2147	7,1;2,1;2,0;5,0;4,1
2148	5,0;4,1;7,1;3,0
2149	7,1;2,0;3,0;5,0;4,1
2150	7,1;2,1;3,0;5,0;4,1
2151	7,1;2,1;2,0;3,0;5,0;4,1
2152	3,1;5,0;4,1;7,1
2153	7,1;3,1;2,0;5,0;4,1
2154	7,1;2,1;3,1;5,0;4,1
2155	7,1;2,1;3,1;2,0;5,0;4,1
2156	7,1;3,1;3,0;5,0;4,1
2157	7,1;3,1;2,0;3,0;5,0;4,1
2158	7,1;2,1;3,1;3,0;5,0;4,1
2159	7,1;2,1;3,1;2,0;3,0;5,0;4,1
2160	5,0;4,0;4,1;7,1
2161	4,0;7,1;2,0;5,0;4,1
2162	4,0;7,1;2,1;5,0;4,1
2163	4,0;7,1;2,1;2,0;5,0;4,1
2164	4,0;7,1;3,0;5,0;4,1
2165	4,0;7,1;2,0;3,0;5,0;4,1
2166	4,0;7,1;2,1;3,0;5,0;4,1
2167	4,0;7,1;2,1;2,0;3,0;5,0;4,1
2168	4,0;7,1;3,1;5,0;4,1
2169	4,0;7,1;3,1;2,0;5,0;4,1
2170	4,0;7,1;2,1;3,1;5,0;4,1
2171	4,0;7,1;2,1;3,1;2,0;5,0;4,1
2172	4,0;7,1;3,1;3,0;5,0;4,1
2173	4,0;7,1;3,1;2,0;3,0;5,0;4,1
2174	4,0;7,1;2,1;3,1;3,0;5,0;4,1
2175	4,0;7,1;2,1;3,1;2,0;3,0;5,0;4,1
2176	7,1;5,1
2177	2,0;5,1;7,1
2178	5,1;7,1;2,1
2179	5,1;2,0;2,1;7,1
2180	7,1;5,1;3,0
2181	2,0;5,1;7,1;3,0
2182	5,1;7,1;2,1;3,0
2183	7,1;2,1;2,0;5,1;3,0
2184	3,1;7,1;5,1
2185	3,1;2,0;5,1;7,1
2186	3,1;5,1;7,1;2,1
2187	7,1;2,1;3,1;2,0;5,1
2188	3,1;7,1;5,1;3,0
2189	7,1;3,1;2,0;5,1;3,0
2190	7,1;2,1;3,1;5,1;3,0
2191	7,1;2,1;3,1;2,0;5,1;3,0
2192	4,0;7,1;5,1
2193	4,0;2,0;5,1;7,1
2194	5,1;4,0;7,1;2,1
2195	4,0;7,1;2,1;2,0;5,1
2196	4,0;7,1;5,1;3,0
2197	4,0;7,1;2,0;5,1;3,0
2198	4,0;7,1;2,1;5,1;3,0
2199	4,0;7,1;2,1;2,0;5,1;3,0
2200	3,1;4,0;7,1;5,1
2201	4,0;7,1;3,1;2,0;5,1
2202	4,0;7,1;2,1;3,1;5,1
2203	4,0;7,1;2,1;3,1;2,0;5,1
2204	4,0;7,1;3,1;5,1;3,0
2205	4,0;7,1;3,1;2,0;5,1;3,0
2206	4,0;7,1;2,1;3,1;5,1;3,0
2207	4,0;7,1;2,1;3,1;2,0;5,1;3,0
2208	4,1;5,1;7,1
2209	2,0;5,1;7,1;4,1
2210	5,1;4,1;2,1;7,1
2211	7,1;2,1;2,0;5,1;4,1
2212	4,1;5,1;7,1;3,0
2213	7,1;2,0;5,1;3,0;4,1
2214	7,1;2,1;5,1;3,0;4,1
2215	7,1;2,1;2,0;5,1;3,0;4,1
2216	3,1;4,1;5,1;7,1
2217	7,1;3,1;2,0;5,1;4,1
2218	7,1;2,1;3,1;5,1;4,1
2219	7,1;2,1;3,1;2,0;5,1;4,1
2220	7,1;3,1;5,1;3,0;4,1
2221	7,1;3,1;2,0;5,1;3,0;4,1
2222	7,1;2,1;3,1;5,1;3,0;4,1
2223	7,1;2,1;3,1;2,0;5,1;3,0;4,1
2224	4,0;4,1;5,1;7,1
2225	4,0;7,1;2,0;5,1;4,1
2226	4,0;7,1;2,1;5,1;4,1
2227	4,0;7,1;2,1;2,0;5,1;4,1
2228	4,0;7,1;5,1;3,0;4,1
2229	4,0;7,1;2,0;5,1;3,0;4,1
2230	4,0;7,1;2,1;5,1;3,0;4,1
2231	4,0;7,1;2,1;2,0;5,1;3,0;4,1
2232	4,0;7,1;3,1;5,1;4,1
2233	4,0;7,1;3,1;2,0;5,1;4,1
2234	4,0;7,1;2,1;3,1;5,1;4,1
2235	4,0;7,1;2,1;3,1;2,0;5,1;4,1
2236	4,0;7,1;3,1;5,1;3,0;4,1
2237	4,0;7,1;3,1;2,0;5,1;3,0;4,1
2238	4,0;7,1;2,1;3,1;5,1;3,0;4,1
2239	4,0;7,1;2,1;3,1;2,0;5,1;3,0;4,1
2240	5,0;5,1;7,1
2241	5,0;2,0;5,1;7,1
2242	5,1;5,0;2,1;7,1
2243	7,1;2,1;2,0;5,1;5,0
2244	5,0;5,1;7,1;3,0
2245	7,1;2,0;5,1;3,0;5,0
2246	7,1;2,1;5,1;3,0;5,0
2247	7,1;2,1;2,0;5,1;3,0;5,0
2248	3,1;5,0;5,1;7,1
2249	7,1;3,1;2,0;5,1;5,0
2250	7,1;2,1;3,1;5,1;5,0
2251	7,1;2,1;3,1;2,0;5,1;5,0
2252	7,1;3,1;5,1;3,0;5,0
2253	7,1;3,1;2,0;5,1;3,0;5,0
2254	7,1;2,1;3,1;5,1;3,0;5,0
2255	7,1;2,1;3,1;2,0;5,1;3,0;5,0
2256	4,0;5,0;5,1;7,1
2257	4,0;7,1;2,0;5,1;5,0
2258	4,0;7,1;2,1;5,1;5,0
2259	4,0;7,1;2,1;2,0;5,1;5,0
2260	4,0;7,1;5,1;3,0;5,0
2261	4,0;7,1;2,0;5,1;3,0;5,0
2262	4,0;7,1;2,1;5,1;3,0;5,0
2263	4,0;7,1;2,1;2,0;5,1;3,0;5,0
2264	4,0;7,1;3,1;5,1;5,0
2265	4,0;7,1;3,1;2,0;5,1;5,0
2266	4,0;7,1;2,1;3,1;5,1;5,0
2267	4,0;7,1;2,1;3,1;2,0;5,1;5,0
2268	4,0;7,1;3,1;5,1;3,0;5,0
2269	4,0;7,1;3,1;2,0;5,1;3,0;5,0
2270	4,0;7,1;2,1;3,1;5,1;3,0;5,0
2271	4,0;7,1;2,1;3,1;2,0;5,1;3,0;5,0
2272	5,0;4,1;5,1;7,1
2273	7,1;2,0;5,1;5,0;4,1
2274	7,1;2,1;5,1;5,0;4,1
2275	7,1;2,1;2,0;5,1;5,0;4,1
2276	7,1;5,1;3,0;5,0;4,1
2277	7,1;2,0;5,1;3,0;5,0;4,1
2278	7,1;2,1;5,1;3,0;5,0;4,1
2279	7,1;2,1;2,0;5,1;3,0;5,0;4,1
2280	7,1;3,1;5,1;5,0;4,1
2281	7,1;3,1;2,0;5,1;5,0;4,1
2282	7,1;2,1;3,1;5,1;5,0;4,1
2283	7,1;2,1;3,1;2,0;5,1;5,0;4,1
2284	7,1;3,1;5,1;3,0;5,0;4,1
2285	7,1;3,1;2,0;5,1;3,0;5,0;4,1
2286	7,1;2,1;3,1;5,1;3,0;5,0;4,1
2287	7,1;2,1;3,1;2,0;5,1;3,0;5,0;4,1
2288	4,0;7,1;5,1;5,0;4,1
2289	4,0;7,1;2,0;5,1;5,0;4,1
2290	4,0;7,1;2,1;5,1;5,0;4,1
2291	4,0;7,1;2,1;2,0;5,1;5,0;4,1
2292	4,0;7,1;5,1;3,0;5,0;4,1
2293	4,0;7,1;2,0;5,1;3,0;5,0;4,1
2294	4,0;7,1;2,1;5,1;3,0;5,0;4,1
2295	4,0;7,1;2,1;2,0;5,1;3,0;5,0;4,1
2296	4,0;7,1;3,1;5,1;5,0;4,1
2297	4,0;7,1;3,1;2,0;5,1;5,0;4,1
2298	4,0;7,1;2,1;3,1;5,1;5,0;4,1
2299	4,0;7,1;2,1;3,1;2,0;5,1;5,0;4,1
2300	4,0;7,1;3,1;5,1;3,0;5,0;4,1
2301	4,0;7,1;3,1;2,0;5,1;3,0;5,0;4,1
2302	4,0;7,1;2,1;3,1;5,1;3,0;5,0;4,1
2303	4,0;7,1;2,1;3,1;2,0;5,1;3,0;5,0;4,1
2304	7,1;6,0
2305	2,0;7,1;6,0
2306	7,1;2,1;6,0
2307	2,0;2,1;7,1;6,0
2308	6,0;7,1;3,0
2309	6,0;2,0;7,1;3,0
2310	6,0;7,1;2,1;3,0
2311	7,1;2,1;2,0;3,0;6,0
2312	3,1;7,1;6,0
2313	3,1;2,0;7,1;6,0
2314	3,1;7,1;2,1;6,0
2315	7,1;2,1;3,1;2,0;6,0
2316	3,1;6,0;7,1;3,0
2317	7,1;3,1;2,0;3,0;6,0
2318	7,1;2,1;3,1;3,0;6,0
2319	7,1;2,1;3,1;2,0;3,0;6,0
2320	4,0;7,1;6,0
2321	4,0;2,0;7,1;6,0
2322	4,0;7,1;2,1;6,0
2323	4,0;7,1;2,1;2,0;6,0
2324	4,0;6,0;7,1;3,0
2325	4,0;7,1;2,0;3,0;6,0
2326	4,0;7,1;2,1;3,0;6,0
2327	4,0;7,1;2,1;2,0;3,0;6,0
2328	3,1;4,0;7,1;6,0
2329	4,0;7,1;3,1;2,0;6,0
2330	4,0;7,1;2,1;3,1;6,0
2331	4,0;7,1;2,1;3,1;2,0;6,0
2332	4,0;7,1;3,1;3,0;6,0
2333	4,0;7,1;3,1;2,0;3,0;6,0
2334	4,0;7,1;2,1;3,1;3,0;6,0
2335	4,0;7,1;2,1;3,1;2,0;3,0;6,0
2336	4,1;7,1;6,0
2337	6,0;2,0;7,1;4,1
2338	4,1;2,1;7,1;6,0
2339	7,1;2,1;2,0;6,0;4,1
2340	6,0;4,1;7,1;3,0
2341	7,1;2,0;3,0;6,0;4,1
2342	7,1;2,1;3,0;6,0;4,1
2343	7,1;2,1;2,0;3,0;6,0;4,1
2344	3,1;4,1;7,1;6,0
2345	7,1;3,1;2,0;6,0;4,1
2346	7,1;2,1;3,1;6,0;4,1
2347	7,1;2,1;3,1;2,0;6,0;4,1
2348	7,1;3,1;3,0;6,0;4,1
2349	7,1;3,1;2,0;3,0;6,0;4,1
2350	7,1;2,1;3,1;3,0;6,0;4,1
2351	7,1;2,1;3,1;2,0;3,0;6,0;4,1
2352	4,0;4,1;7,1;6,0
2353	4,0;7,1;2,0;6,0;4,1
2354	4,0;7,1;2,1;6,0;4,1
2355	4,0;7,1;2,1;2,0;6,0;4,1
2356	4,0;7,1;3,0;6,0;4,1
2357	4,0;7,1;2,0;3,0;6,0;4,1
2358	4,0;7,1;2,1;3,0;6,0;4,1
2359	4,0;7,1;2,1;2,0;3,0;6,0;4,1
2360	4,0;7,1;3,1;6,0;4,1
2361	4,0;7,1;3,1;2,0;6,0;4,1
2362	4,0;7,1;2,1;3,1;6,0;4,1
2363	4,0;7,1;2,1;3,1;2,0;6,0;4,1
2364	4,0;7,1;3,1;3,0;6,0;4,1
2365	4,0;7,1;3,1;2,0;3,0;6,0;4,1
2366	4,0;7,1;2,1;3,1;3,0;6,0;4,1
2367	4,0;7,1;2,1;3,1;2,0;3,0;6,0;4,1
2368	5,0;7,1;6,0
2369	5,0;2,0;7,1;6,0
2370	5,0;2,1;7,1;6,0
2371	7,1;2,1;2,0;5,0;6,0
2372	6,0;5,0;7,1;3,0
2373	7,1;2,0;3,0;5,0;6,0
2374	7,1;2,1;3,0;5,0;6,0
2375	7,1;2,1;2,0;3,0;5,0;6,0
2376	3,1;5,0;7,1;6,0
2377	7,1;3,1;2,0;5,0;6,0
2378	7,1;2,1;3,1;5,0;6,0
2379	7,1;2,1;3,1;2,0;5,0;6,0
2380	7,1;3,1;3,0;5,0;6,0
2381	7,1;3,1;2,0;3,0;5,0;6,0
2382	7,1;2,1;3,1;3,0;5,0;6,0
2383	7,1;2,1;3,1;2,0;3,0;5,0;6,0
2384	4,0;5,0;7,1;6,0
2385	4,0;7,1;2,0;5,0;6,0
2386	4,0;7,1;2,1;5,0;6,0
2387	4,0;7,1;2,1;2,0;5,0;6,0
2388	4,0;7,1;3,0;5,0;6,0
2389	4,0;7,1;2,0;3,0;5,0;6,0
2390	4,0;7,1;2,1;3,0;5,0;6,0
2391	4,0;7,1;2,1;2,0;3,0;5,0;6,0
2392	4,0;7,1;3,1;5,0;6,0
2393	4,0;7,1;3,1;2,0;5,0;6,0
2394	4,0;7,1;2,1;3,1;5,0;6,0
2395	4,0;7,1;2,1;3,1;2,0;5,0;6,0
2396	4,0;7,1;3,1;3,0;5,0;6,0
2397	4,0;7,1;3,1;2,0;3,0;5,0;6,0
2398	4,0;7,1;2,1;3,1;3,0;5,0;6,0
2399	4,0;7,1;2,1;3,1;2,0;3,0;5,0;6,0
2400	5,0;4,1;7,1;6,0
2401	7,1;2,0;5,0;6,0;4,1
2402	7,1;2,1;5,0;6,0;4,1
2403	7,1;2,1;2,0;5,0;6,0;4,1
2404	7,1;3,0;5,0;6,0;4,1
2405	7,1;2,0;3,0;5,0;6,0;4,1
2406	7,1;2,1;3,0;5,0;6,0;4,1
2407	7,1;2,1;2,0;3,0;5,0;6,0;4,1
2408	7,1;3,1;5,0;6,0;4,1
2409	7,1;3,1;2,0;5,0;6,0;4,1
2410	7,1;2,1;3,1;5,0;6,0;4,1
2411	7,1;2,1;3,1;2,0;5,0;6,0;4,1
2412	7,1;3,1;3,0;5,0;6,0;4,1
2413	7,1;3,1;2,0;3,0;5,0;6,0;4,1
2414	7,1;2,1;3,1;3,0;5,0;6,0;4,1
2415	7,1;2,1;3,1;2,0;3,0;5,0;6,0;4,1
2416	4,0;7,1;5,0;6,0;4,1
2417	4,0;7,1;2,0;5,0;6,0;4,1
2418	4,0;7,1;2,1;5,0;6,0;4,1
2419	4,0;7,1;2,1;2,0;5,0;6,0;4,1
2420	4,0;7,1;3,0;5,0;6,0;4,1
2421	4,0;7,1;2,0;3,0;5,0;6,0;4,1
2422	4,0;7,1;2,1;3,0;5,0;6,0;4,1
2423	4,0;7,1;2,1;2,0;3,0;5,0;6,0;4,1
2424	4,0;7,1;3,1;5,0;6,0;4,1
2425	4,0;7,1;3,1;2,0;5,0;6,0;4,1
2426	4,0;7,1;2,1;3,1;5,0;6,0;4,1
2427	4,0;7,1;2,1;3,1;2,0;5,0;6,0;4,1
2428	4,0;7,1;3,1;3,0;5,0;6,0;4,1
2429	4,0;7,1;3,1;2,0;3,0;5,0;6,0;4,1
2430	4,0;7,1;2,1;3,1;3,0;5,0;6,0;4,1
2431	4,0;7,1;2,1;3,1;2,0;3,0;5,0;6,0;4,1
2432	7,1;5,1;6,0
2433	2,0;5,1;7,1;6,0
2434	5,1;7,1;2,1;6,0
2435	7,1;2,1;2,0;5,1;6,0
2436	6,0;7,1;5,1;3,0
2437	7,1;2,0;5,1;3,0;6,0
2438	7,1;2,1;5,1;3,0;6,0
2439	7,1;2,1;2,0;5,1;3,0;6,0
2440	3,1;7,1;5,1;6,0
2441	7,1;3,1;2,0;5,1;6,0
2442	7,1;2,1;3,1;5,1;6,0
2443	7,1;2,1;3,1;2,0;5,1;6,0
2444	7,1;3,1;5,1;3,0;6,0
2445	7,1;3,1;2,0;5,1;3,0;6,0
2446	7,1;2,1;3,1;5,1;3,0;6,0
2447	7,1;2,1;3,1;2,0;5,1;3,0;6,0
2448	4,0;7,1;5,1;6,0
2449	4,0;7,1;2,0;5,1;6,0
2450	4,0;7,1;2,1;5,1;6,0
2451	4,0;7,1;2,1;2,0;5,1;6,0
2452	4,0;7,1;5,1;3,0;6,0
2453	4,0;7,1;2,0;5,1;3,0;6,0
2454	4,0;7,1;2,1;5,1;3,0;6,0
2455	4,0;7,1;2,1;2,0;5,1;3,0;6,0
2456	4,0;7,1;3,1;5,1;6,0
2457	4,0;7,1;3,1;2,0;5,1;6,0
2458	4,0;7,1;2,1;3,1;5,1;6,0
2459	4,0;7,1;2,1;3,1;2,0;5,1;6,0
2460	4,0;7,1;3,1;5,1;3,0;6,0
2461	4,0;7,1;3,1;2,0;5,1;3,0;6,0
2462	4,0;7,1;2,1;3,1;5,1;3,0;6,0
2463	4,0;7,1;2,1;3,1;2,0;5,1;3,0;6,0
2464	4,1;5,1;7,1;6,0
2465	7,1;2,0;5,1;6,0;4,1
2466	7,1;2,1;5,1;6,0;4,1
2467	7,1;2,1;2,0;5,1;6,0;4,1
2468	7,1;5,1;3,0;6,0;4,1
2469	7,1;2,0;5,1;3,0;6,0;4,1
2470	7,1;2,1;5,1;3,0;6,0;4,1
2471	7,1;2,1;2,0;5,1;3,0;6,0;4,1
2472	7,1;3,1;5,1;6,0;4,1
2473	7,1;3,1;2,0;5,1;6,0;4,1
2474	7,1;2,1;3,1;5,1;6,0;4,1
2475	7,1;2,1;3,1;2,0;5,1;6,0;4,1
2476	7,1;3,1;5,1;3,0;6,0;4,1
2477	7,1;3,1;2,0;5,1;3,0;6,0;4,1
2478	7,1;2,1;3,1;5,1;3,0;6,0;4,1
2479	7,1;2,1;3,1;2,0;5,1;3,0;6,0;4,1
2480	4,0;7,1;5,1;6,0;4,1
2481	4,0;7,1;2,0;5,1;6,0;4,1
2482	4,0;7,1;2,1;5,1;6,0;4,1
2483	4,0;7,1;2,1;2,0;5,1;6,0;4,1
2484	4,0;7,1;5,1;3,0;6,0;4,1
2485	4,0;7,1;2,0;5,1;3,0;6,0;4,1
2486	4,0;7,1;2,1;5,1;3,0;6,0;4,1
2487	4,0;7,1;2,1;2,0;5,1;3,0;6,0;4,1
2488	4,0;7,1;3,1;5,1;6,0;4,1
2489	4,0;7,1;3,1;2,0;5,1;6,0;4,1
2490	4,0;7,1;2,1;3,1;5,1;6,0;4,1
2491	4,0;7,1;2,1;3,1;2,0;5,1;6,0;4,1
2492	4,0;7,1;3,1;5,1;3,0;6,0;4,1
2493	4,0;7,1;3,1;2,0;5,1;3,0;6,0;4,1
2494	4,0;7,1;2,1;3,1;5,1;3,0;6,0;4,1
2495	4,0;7,1;2,1;3,1;2,0;5,1;3,0;6,0;4,1
2496	5,0;5,1;7,1;6,0
2497	7,1;2,0;5,1;5,0;6,0
2498	7,1;2,1;5,1;5,0;6,0
2499	7,1;2,1;2,0;5,1;5,0;6,0
2500	7,1;5,1;3,0;5,0;6,0
2501	7,1;2,0;5,1;3,0;5,0;6,0
2502	7,1;2,1;5,1;3,0;5,0;6,0
2503	7,1;2,1;2,0;5,1;3,0;5,0;6,0
2504	7,1;3,1;5,1;5,0;6,0
2505	7,1;3,1;2,0;5,1;5,0;6,0
2506	7,1;2,1;3,1;5,1;5,0;6,0
2507	7,1;2,1;3,1;2,0;5,1;5,0;6,0
2508	7,1;3,1;5,1;3,0;5,0;6,0
2509	7,1;3,1;2,0;5,1;3,0;5,0;6,0
2510	7,1;2,1;3,1;5,1;3,0;5,0;6,0
2511	7,1;2,1;3,1;2,0;5,1;3,0;5,0;6,0
2512	4,0;7,1;5,1;5,0;6,0
2513	4,0;7,1;2,0;5,1;5,0;6,0
2514	4,0;7,1;2,1;5,1;5,0;6,0
2515	4,0;7,1;2,1;2,0;5,1;5,0;6,0
2516	4,0;7,1;5,1;3,0;5,0;6,0
2517	4,0;7,1;2,0;5,1;3,0;5,0;6,0
2518	4,0;7,1;2,1;5,1;3,0;5,0;6,0
2519	4,0;7,1;2,1;2,0;5,1;3,0;5,0;6,0
2520	4,0;7,1;3,1;5,1;5,0;6,0
2521	4,0;7,1;3,1;2,0;5,1;5,0;6,0
2522	4,0;7,1;2,1;3,1;5,1;5,0;6,0
2523	4,0;7,1;2,1;3,1;2,0;5,1;5,0;6,0
2524	4,0;7,1;3,1;5,1;3,0;5,0;6,0
2525	4,0;7,1;3,1;2,0;5,1;3,0;5,0;6,0
2526	4,0;7,1;2,1;3,1;5,1;3,0;5,0;6,0
2527	4,0;7,1;2,1;3,1;2,0;5,1;3,0;5,0;6,0
2528	7,1;5,1;5,0;6,0;4,1
2529	7,1;2,0;5,1;5,0;6,0;4,1
2530	7,1;2,1;5,1;5,0;6,0;4,1
2531	7,1;2,1;2,0;5,1;5,0;6,0;4,1
2532	7,1;5,1;3,0;5,0;6,0;4,1
2533	7,1;2,0;5,1;3,0;5,0;6,0;4,1
2534	7,1;2,1;5,1;3,0;5,0;6,0;4,1
2535	7,1;2,1;2,0;5,1;3,0;5,0;6,0;4,1
2536	7,1;3,1;5,1;5,0;6,0;4,1
2537	7,1;3,1;2,0;5,1;5,0;6,0;4,1
2538	7,1;2,1;3,1;5,1;5,0;6,0;4,1
2539	7,1;2,1;3,1;2,0;5,1;5,0;6,0;4,1
2540	7,1;3,1;5,1;3,0;5,0;6,0;4,1
2541	7,1;3,1;2,0;5,1;3,0;5,0;6,0;4,1
2542	7,1;2,1;3,1;5,1;3,0;5,0;6,0;4,1
2543	7,1;2,1;3,1;2,0;5,1;3,0;5,0;6,0;4,1
2544	4,0;7,1;5,1;5,0;6,0;4,1
2545	4,0;7,1;2,0;5,1;5,0;6,0;4,1
2546	4,0;7,1;2,1;5,1;5,0;6,0;4,1
2547	4,0;7,1;2,1;2,0;5,1;5,0;6,0;4,1
2548	4,0;7,1;5,1;3,0;5,0;6,0;4,1
2549	4,0;7,1;2,0;5,1;3,0;5,0;6,0;4,1
2550	4,0;7,1;2,1;5,1;3,0;5,0;6,0;4,1
2551	4,0;7,1;2,1;2,0;5,1;3,0;5,0;6,0;4,1
2552	4,0;7,1;3,1;5,1;5,0;6,0;4,1
2553	4,0;7,1;3,1;2,0;5,1;5,0;6,0;4,1
2554	4,0;7,1;2,1;3,1;5,1;5,0;6,0;4,1
2555	4,0;7,1;2,1;3,1;2,0;5,1;5,0;6,0;4,1
2556	4,0;7,1;3,1;5,1;3,0;5,0;6,0;4,1
2557	4,0;7,1;3,1;2,0;5,1;3,0;5,0;6,0;4,1
2558	4,0;7,1;2,1;3,1;5,1;3,0;5,0;6,0;4,1
2559	4,0;7,1;2,1;3,1;2,0;5,1;3,0;5,0;6,0;4,1
2560	6,1;7,1
2561	6,1;2,0;7,1
2562	6,1;7,1;2,1
2563	6,1;2,0;2,1;7,1
2564	6,1;7,1;3,0
2565	6,1;2,0;7,1;3,0
2566	6,1;7,1;2,1;3,0
2567	7,1;2,1;6,1;2,0;3,0
2568	3,1;6,1;7,1
2569	3,1;6,1;2,0;7,1
2570	3,1;6,1;7,1;2,1
2571	7,1;2,1;3,1;6,1;2,0
2572	3,1;6,1;7,1;3,0
2573	7,1;3,1;6,1;2,0;3,0
2574	7,1;2,1;3,1;6,1;3,0
2575	7,1;2,1;3,1;6,1;2,0;3,0
2576	6,1;4,0;7,1
2577	6,1;4,0;2,0;7,1
2578	6,1;4,0;7,1;2,1
2579	4,0;7,1;2,1;6,1;2,0
2580	6,1;4,0;7,1;3,0
2581	4,0;7,1;6,1;2,0;3,0
2582	4,0;7,1;2,1;6,1;3,0
2583	4,0;7,1;2,1;6,1;2,0;3,0
2584	3,1;6,1;4,0;7,1
2585	4,0;7,1;3,1;6,1;2,0
2586	4,0;7,1;2,1;3,1;6,1
2587	4,0;7,1;2,1;3,1;6,1;2,0
2588	4,0;7,1;3,1;6,1;3,0
2589	4,0;7,1;3,1;6,1;2,0;3,0
2590	4,0;7,1;2,1;3,1;6,1;3,0
2591	4,0;7,1;2,1;3,1;6,1;2,0;3,0
2592	6,1;4,1;7,1
2593	6,1;2,0;7,1;4,1
2594	6,1;4,1;2,1;7,1
2595	7,1;2,1;6,1;2,0;4,1
2596	6,1;4,1;7,1;3,0
2597	7,1;6,1;2,0;3,0;4,1
2598	7,1;2,1;6,1;3,0;4,1
2599	7,1;2,1;6,1;2,0;3,0;4,1
2600	3,1;6,1;4,1;7,1
2601	7,1;3,1;6,1;2,0;4,1
2602	7,1;2,1;3,1;6,1;4,1
2603	7,1;2,1;3,1;6,1;2,0;4,1
2604	7,1;3,1;6,1;3,0;4,1
2605	7,1;3,1;6,1;2,0;3,0;4,1
2606	7,1;2,1;3,1;6,1;3,0;4,1
2607	7,1;2,1;3,1;6,1;2,0;3,0;4,1
2608	6,1;4,0;4,1;7,1
2609	4,0;7,1;6,1;2,0;4,1
2610	4,0;7,1;2,1;6,1;4,1
2611	4,0;7,1;2,1;6,1;2,0;4,1
2612	4,0;7,1;6,1;3,0;4,1
2613	4,0;7,1;6,1;2,0;3,0;4,1
2614	4,0;7,1;2,1;6,1;3,0;4,1
2615	4,0;7,1;2,1;6,1;2,0;3,0;4,1
2616	4,0;7,1;3,1;6,1;4,1
2617	4,0;7,1;3,1;6,1;2,0;4,1
2618	4,0;7,1;2,1;3,1;6,1;4,1
2619	4,0;7,1;2,1;3,1;6,1;2,0;4,1
2620	4,0;7,1;3,1;6,1;3,0;4,1
2621	4,0;7,1;3,1;6,1;2,0;3,0;4,1
2622	4,0;7,1;2,1;3,1;6,1;3,0;4,1
2623	4,0;7,1;2,1;3,1;6,1;2,0;3,0;4,1
2624	6,1;5,0;7,1
2625	6,1;5,0;2,0;7,1
2626	6,1;5,0;2,1;7,1
2627	7,1;2,1;6,1;2,0;5,0
2628	6,1;5,0;7,1;3,0
2629	7,1;6,1;2,0;3,0;5,0
2630	7,1;2,1;6,1;3,0;5,0
2631	7,1;2,1;6,1;2,0;3,0;5,0
2632	3,1;6,1;5,0;7,1
2633	7,1;3,1;6,1;2,0;5,0
2634	7,1;2,1;3,1;6,1;5,0
2635	7,1;2,1;3,1;6,1;2,0;5,0
2636	7,1;3,1;6,1;3,0;5,0
2637	7,1;3,1;6,1;2,0;3,0;5,0
2638	7,1;2,1;3,1;6,1;3,0;5,0
2639	7,1;2,1;3,1;6,1;2,0;3,0;5,0
2640	6,1;4,0;5,0;7,1
2641	4,0;7,1;6,1;2,0;5,0
2642	4,0;7,1;2,1;6,1;5,0
2643	4,0;7,1;2,1;6,1;2,0;5,0
2644	4,0;7,1;6,1;3,0;5,0
2645	4,0;7,1;6,1;2,0;3,0;5,0
2646	4,0;7,1;2,1;6,1;3,0;5,0
2647	4,0;7,1;2,1;6,1;2,0;3,0;5,0
2648	4,0;7,1;3,1;6,1;5,0
2649	4,0;7,1;3,1;6,1;2,0;5,0
2650	4,0;7,1;2,1;3,1;6,1;5,0
2651	4,0;7,1;2,1;3,1;6,1;2,0;5,0
2652	4,0;7,1;3,1;6,1;3,0;5,0
2653	4,0;7,1;3,1;6,1;2,0;3,0;5,0
2654	4,0;7,1;2,1;3,1;6,1;3,0;5,0
2655	4,0;7,1;2,1;3,1;6,1;2,0;3,0;5,0
2656	6,1;5,0;4,1;7,1
2657	7,1;6,1;2,0;5,0;4,1
2658	7,1;2,1;6,1;5,0;4,1
2659	7,1;2,1;6,1;2,0;5,0;4,1
2660	7,1;6,1;3,0;5,0;4,1
2661	7,1;6,1;2,0;3,0;5,0;4,1
2662	7,1;2,1;6,1;3,0;5,0;4,1
2663	7,1;2,1;6,1;2,0;3,0;5,0;4,1
2664	7,1;3,1;6,1;5,0;4,1
2665	7,1;3,1;6,1;2,0;5,0;4,1
2666	7,1;2,1;3,1;6,1;5,0;4,1
2667	7,1;2,1;3,1;6,1;2,0;5,0;4,1
2668	7,1;3,1;6,1;3,0;5,0;4,1
2669	7,1;3,1;6,1;2,0;3,0;5,0;4,1
2670	7,1;2,1;3,1;6,1;3,0;5,0;4,1
2671	7,1;2,1;3,1;6,1;2,0;3,0;5,0;4,1
2672	4,0;7,1;6,1;5,0;4,1
2673	4,0;7,1;6,1;2,0;5,0;4,1
2674	4,0;7,1;2,1;6,1;5,0;4,1
2675	4,0;7,1;2,1;6,1;2,0;5,0;4,1
2676	4,0;7,1;6,1;3,0;5,0;4,1
2677	4,0;7,1;6,1;2,0;3,0;5,0;4,1
2678	4,0;7,1;2,1;6,1;3,0;5,0;4,1
2679	4,0;7,1;2,1;6,1;2,0;3,0;5,0;4,1
2680	4,0;7,1;3,1;6,1;5,0;4,1
2681	4,0;7,1;3,1;6,1;2,0;5,0;4,1
2682	4,0;7,1;2,1;3,1;6,1;5,0;4,1
2683	4,0;7,1;2,1;3,1;6,1;2,0;5,0;4,1
2684	4,0;7,1;3,1;6,1;3,0;5,0;4,1
2685	4,0;7,1;3,1;6,1;2,0;3,0;5,0;4,1
2686	4,0;7,1;2,1;3,1;6,1;3,0;5,0;4,1
2687	4,0;7,1;2,1;3,1;6,1;2,0;3,0;5,0;4,1
2688	6,1;7,1;5,1
2689	6,1;2,0;5,1;7,1
2690	6,1;5,1;7,1;2,1
2691	7,1;2,1;6,1;2,0;5,1
2692	6,1;7,1;5,1;3,0
2693	7,1;6,1;2,0;5,1;3,0
2694	7,1;2,1;6,1;5,1;3,0
2695	7,1;2,1;6,1;2,0;5,1;3,0
2696	3,1;6,1;7,1;5,1
2697	7,1;3,1;6,1;2,0;5,1
2698	7,1;2,1;3,1;6,1;5,1
2699	7,1;2,1;3,1;6,1;2,0;5,1
2700	7,1;3,1;6,1;5,1;3,0
2701	7,1;3,1;6,1;2,0;5,1;3,0
2702	7,1;2,1;3,1;6,1;5,1;3,0
2703	7,1;2,1;3,1;6,1;2,0;5,1;3,0
2704	6,1;4,0;7,1;5,1
2705	4,0;7,1;6,1;2,0;5,1
2706	4,0;7,1;2,1;6,1;5,1
2707	4,0;7,1;2,1;6,1;2,0;5,1
2708	4,0;7,1;6,1;5,1;3,0
2709	4,0;7,1;6,1;2,0;5,1;3,0
2710	4,0;7,1;2,1;6,1;5,1;3,0
2711	4,0;7,1;2,1;6,1;2,0;5,1;3,0
2712	4,0;7,1;3,1;6,1;5,1
2713	4,0;7,1;3,1;6,1;2,0;5,1
2714	4,0;7,1;2,1;3,1;6,1;5,1
2715	4,0;7,1;2,1;3,1;6,1;2,0;5,1
2716	4,0;7,1;3,1;6,1;5,1;3,0
2717	4,0;7,1;3,1;6,1;2,0;5,1;3,0
2718	4,0;7,1;2,1;3,1;6,1;5,1;3,0
2719	4,0;7,1;2,1;3,1;6,1;2,0;5,1;3,0
2720	6,1;4,1;5,1;7,1
2721	7,1;6,1;2,0;5,1;4,1
2722	7,1;2,1;6,1;5,1;4,1
2723	7,1;2,1;6,1;2,0;5,1;4,1
2724	7,1;6,1;5,1;3,0;4,1
2725	7,1;6,1;2,0;5,1;3,0;4,1
2726	7,1;2,1;6,1;5,1;3,0;4,1
2727	7,1;2,1;6,1;2,0;5,1;3,0;4,1
2728	7,1;3,1;6,1;5,1;4,1
2729	7,1;3,1;6,1;2,0;5,1;4,1
2730	7,1;2,1;3,1;6,1;5,1;4,1
2731	7,1;2,1;3,1;6,1;2,0;5,1;4,1
2732	7,1;3,1;6,1;5,1;3,0;4,1
2733	7,1;3,1;6,1;2,0;5,1;3,0;4,1
2734	7,1;2,1;3,1;6,1;5,1;3,0;4,1
2735	7,1;2,1;3,1;6,1;2,0;5,1;3,0;4,1
2736	4,0;7,1;6,1;5,1;4,1
2737	4,0;7,1;6,1;2,0;5,1;4,1
2738	4,0;7,1;2,1;6,1;5,1;4,1
2739	4,0;7,1;2,1;6,1;2,0;5,1;4,1
2740	4,0;7,1;6,1;5,1;3,0;4,1
2741	4,0;7,1;6,1;2,0;5,1;3,0;4,1
2742	4,0;7,1;2,1;6,1;5,1;3,0;4,1
2743	4,0;7,1;2,1;6,1;2,0;5,1;3,0;4,1
2744	4,0;7,1;3,1;6,1;5,1;4,1
2745	4,0;7,1;3,1;6,1;2,0;5,1;4,1
2746	4,0;7,1;2,1;3,1;6,1;5,1;4,1
2747	4,0;7,1;2,1;3,1;6,1;2,0;5,1;4,1
2748	4,0;7,1;3,1;6,1;5,1;3,0;4,1
2749	4,0;7,1;3,1;6,1;2,0;5,1;3,0;4,1
2750	4,0;7,1;2,1;3,1;6,1;5,1;3,0;4,1
2751	4,0;7,1;2,1;3,1;6,1;2,0;5,1;3,0;4,1
2752	6,1;5,0;5,1;7,1
2753	7,1;6,1;2,0;5,1;5,0
2754	7,1;2,1;6,1;5,1;5,0
2755	7,1;2,1;6,1;2,0;5,1;5,0
2756	7,1;6,1;5,1;3,0;5,0
2757	7,1;6,1;2,0;5,1;3,0;5,0
2758	7,1;2,1;6,1;5,1;3,0;5,0
2759	7,1;2,1;6,1;2,0;5,1;3,0;5,0
2760	7,1;3,1;6,1;5,1;5,0
2761	7,1;3,1;6,1;2,0;5,1;5,0
2762	7,1;2,1;3,1;6,1;5,1;5,0
2763	7,1;2,1;3,1;6,1;2,0;5,1;5,0
2764	7,1;3,1;6,1;5,1;3,0;5,0
2765	7,1;3,1;6,1;2,0;5,1;3,0;5,0
2766	7,1;2,1;3,1;6,1;5,1;3,0;5,0
2767	7,1;2,1;3,1;6,1;2,0;5,1;3,0;5,0
2768	4,0;7,1;6,1;5,1;5,0
2769	4,0;7,1;6,1;2,0;5,1;5,0
2770	4,0;7,1;2,1;6,1;5,1;5,0
2771	4,0;7,1;2,1;6,1;2,0;5,1;5,0
2772	4,0;7,1;6,1;5,1;3,0;5,0
2773	4,0;7,1;6,1;2,0;5,1;3,0;5,0
2774	4,0;7,1;2,1;6,1;5,1;3,0;5,0
2775	4,0;7,1;2,1;6,1;2,0;5,1;3,0;5,0
2776	4,0;7,1;3,1;6,1;5,1;5,0
2777	4,0;7,1;3,1;6,1;2,0;5,1;5,0
2778	4,0;7,1;2,1;3,1;6,1;5,1;5,0
2779	4,0;7,1;2,1;3,1;6,1;2,0;5,1;5,0
2780	4,0;7,1;3,1;6,1;5,1;3,0;5,0
2781	4,0;7,1;3,1;6,1;2,0;5,1;3,0;5,0
2782	4,0;7,1;2,1;3,1;6,1;5,1;3,0;5,0
2783	4,0;7,1;2,1;3,1;6,1;2,0;5,1;3,0;5,0
2784	7,1;6,1;5,1;5,0;4,1
2785	7,1;6,1;2,0;5,1;5,0;4,1
2786	7,1;2,1;6,1;5,1;5,0;4,1
2787	7,1;2,1;6,1;2,0;5,1;5,0;4,1
2788	7,1;6,1;5,1;3,0;5,0;4,1
2789	7,1;6,1;2,0;5,1;3,0;5,0;4,1
2790	7,1;2,1;6,1;5,1;3,0;5,0;4,1
2791	7,1;2,1;6,1;2,0;5,1;3,0;5,0;4,1
2792	7,1;3,1;6,1;5,1;5,0;4,1
2793	7,1;3,1;6,1;2,0;5,1;5,0;4,1
2794	7,1;2,1;3,1;6,1;5,1;5,0;4,1
2795	7,1;2,1;3,1;6,1;2,0;5,1;5,0;4,1
2796	7,1;3,1;6,1;5,1;3,0;5,0;4,1
2797	7,1;3,1;6,1;2,0;5,1;3,0;5,0;4,1
2798	7,1;2,1;3,1;6,1;5,1;3,0;5,0;4,1
2799	7,1;2,1;3,1;6,1;2,0;5,1;3,0;5,0;4,1
2800	4,0;7,1;6,1;5,1;5,0;4,1
2801	4,0;7,1;6,1;2,0;5,1;5,0;4,1
2802	4,0;7,1;2,1;6,1;5,1;5,0;4,1
2803	4,0;7,1;2,1;6,1;2,0;5,1;5,0;4,1
2804	4,0;7,1;6,1;5,1;3,0;5,0;4,1
2805	4,0;7,1;6,1;2,0;5,1;3,0;5,0;4,1
2806	4,0;7,1;2,1;6,1;5,1;3,0;5,0;4,1
2807	4,0;7,1;2,1;6,1;2,0;5,1;3,0;5,0;4,1
2808	4,0;7,1;3,1;6,1;5,1;5,0;4,1
2809	4,0;7,1;3,1;6,1;2,0;5,1;5,0;4,1
2810	4,0;7,1;2,1;3,1;6,1;5,1;5,0;4,1
2811	4,0;7,1;2,1;3,1;6,1;2,0;5,1;5,0;4,1
2812	4,0;7,1;3,1;6,1;5,1;3,0;5,0;4,1
2813	4,0;7,1;3,1;6,1;2,0;5,1;3,0;5,0;4,1
2814	4,0;7,1;2,1;3,1;6,1;5,1;3,0;5,0;4,1
2815	4,0;7,1;2,1;3,1;6,1;2,0;5,1;3,0;5,0;4,1
2816	6,1;7,1;6,0
2817	6,1;2,0;7,1;6,0
2818	6,1;7,1;2,1;6,0
2819	7,1;2,1;6,1;2,0;6,0
2820	6,1;6,0;7,1;3,0
2821	7,1;6,1;2,0;3,0;6,0
2822	7,1;2,1;6,1;3,0;6,0
2823	7,1;2,1;6,1;2,0;3,0;6,0
2824	3,1;6,1;7,1;6,0
2825	7,1;3,1;6,1;2,0;6,0
2826	7,1;2,1;3,1;6,1;6,0
2827	7,1;2,1;3,1;6,1;2,0;6,0
2828	7,1;3,1;6,1;3,0;6,0
2829	7,1;3,1;6,1;2,0;3,0;6,0
2830	7,1;2,1;3,1;6,1;3,0;6,0
2831	7,1;2,1;3,1;6,1;2,0;3,0;6,0
2832	6,1;4,0;7,1;6,0
2833	4,0;7,1;6,1;2,0;6,0
2834	4,0;7,1;2,1;6,1;6,0
2835	4,0;7,1;2,1;6,1;2,0;6,0
2836	4,0;7,1;6,1;3,0;6,0
2837	4,0;7,1;6,1;2,0;3,0;6,0
2838	4,0;7,1;2,1;6,1;3,0;6,0
2839	4,0;7,1;2,1;6,1;2,0;3,0;6,0
2840	4,0;7,1;3,1;6,1;6,0
2841	4,0;7,1;3,1;6,1;2,0;6,0
2842	4,0;7,1;2,1;3,1;6,1;6,0
2843	4,0;7,1;2,1;3,1;6,1;2,0;6,0
2844	4,0;7,1;3,1;6,1;3,0;6,0
2845	4,0;7,1;3,1;6,1;2,0;3,0;6,0
2846	4,0;7,1;2,1;3,1;6,1;3,0;6,0
2847	4,0;7,1;2,1;3,1;6,1;2,0;3,0;6,0
2848	6,1;4,1;7,1;6,0
2849	7,1;6,1;2,0;6,0;4,1
2850	7,1;2,1;6,1;6,0;4,1
2851	7,1;2,1;6,1;2,0;6,0;4,1
2852	7,1;6,1;3,0;6,0;4,1
2853	7,1;6,1;2,0;3,0;6,0;4,1
2854	7,1;2,1;6,1;3,0;6,0;4,1
2855	7,1;2,1;6,1;2,0;3,0;6,0;4,1
2856	7,1;3,1;6,1;6,0;4,1
2857	7,1;3,1;6,1;2,0;6,0;4,1
2858	7,1;2,1;3,1;6,1;6,0;4,1
2859	7,1;2,1;3,1;6,1;2,0;6,0;4,1
2860	7,1;3,1;6,1;3,0;6,0;4,1
2861	7,1;3,1;6,1;2,0;3,0;6,0;4,1
2862	7,1;2,1;3,1;6,1;3,0;6,0;4,1
2863	7,1;2,1;3,1;6,1;2,0;3,0;6,0;4,1
2864	4,0;7,1;6,1;6,0;4,1
2865	4,0;7,1;6,1;2,0;6,0;4,1
2866	4,0;7,1;2,1;6,1;6,0;4,1
2867	4,0;7,1;2,1;6,1;2,0;6,0;4,1
2868	4,0;7,1;6,1;3,0;6,0;4,1
2869	4,0;7,1;6,1;2,0;3,0;6,0;4,1
2870	4,0;7,1;2,1;6,1;3,0;6,0;4,1
2871	4,0;7,1;2,1;6,1;2,0;3,0;6,0;4,1
2872	4,0;7,1;3,1;6,1;6,0;4,1
2873	4,0;7,1;3,1;6,1;2,0;6,0;4,1
2874	4,0;7,1;2,1;3,1;6,1;6,0;4,1
2875	4,0;7,1;2,1;3,1;6,1;2,0;6,0;4,1
2876	4,0;7,1;3,1;6,1;3,0;6,0;4,1
2877	4,0;7,1;3,1;6,1;2,0;3,0;6,0;4,1
2878	4,0;7,1;2,1;3,1;6,1;3,0;6,0;4,1
2879	4,0;7,1;2,1;3,1;6,1;2,0;3,0;6,0;4,1
2880	6,1;5,0;7,1;6,0
2881	7,1;6,1;2,0;5,0;6,0
2882	7,1;2,1;6,1;5,0;6,0
2883	7,1;2,1;6,1;2,0;5,0;6,0
2884	7,1;6,1;3,0;5,0;6,0
2885	7,1;6,1;2,0;3,0;5,0;6,0
2886	7,1;2,1;6,1;3,0;5,0;6,0
2887	7,1;2,1;6,1;2,0;3,0;5,0;6,0
2888	7,1;3,1;6,1;5,0;6,0
2889	7,1;3,1;6,1;2,0;5,0;6,0
2890	7,1;2,1;3,1;6,1;5,0;6,0
2891	7,1;2,1;3,1;6,1;2,0;5,0;6,0
2892	7,1;3,1;6,1;3,0;5,0;6,0
2893	7,1;3,1;6,1;2,0;3,0;5,0;6,0
2894	7,1;2,1;3,1;6,1;3,0;5,0;6,0
2895	7,1;2,1;3,1;6,1;2,0;3,0;5,0;6,0
2896	4,0;7,1;6,1;5,0;6,0
2897	4,0;7,1;6,1;2,0;5,0;6,0
2898	4,0;7,1;2,1;6,1;5,0;6,0
2899	4,0;7,1;2,1;6,1;2,0;5,0;6,0
2900	4,0;7,1;6,1;3,0;5,0;6,0
2901	4,0;7,1;6,1;2,0;3,0;5,0;6,0
2902	4,0;7,1;2,1;6,1;3,0;5,0;6,0
2903	4,0;7,1;2,1;6,1;2,0;3,0;5,0;6,0
2904	4,0;7,1;3,1;6,1;5,0;6,0
2905	4,0;7,1;3,1;6,1;2,0;5,0;6,0
2906	4,0;7,1;2,1;3,1;6,1;5,0;6,0
2907	4,0;7,1;2,1;3,1;6,1;2,0;5,0;6,0
2908	4,0;7,1;3,1;6,1;3,0;5,0;6,0
2909	4,0;7,1;3,1;6,1;2,0;3,0;5,0;6,0
2910	4,0;7,1;2,1;3,1;6,1;3,0;5,0;6,0
2911	4,0;7,1;2,1;3,1;6,1;2,0;3,0;5,0;6,0
2912	7,1;6,1;5,0;6,0;4,1
2913	7,1;6,1;2,0;5,0;6,0;4,1
2914	7,1;2,1;6,1;5,0;6,0;4,1
2915	7,1;2,1;6,1;2,0;5,0;6,0;4,1
2916	7,1;6,1;3,0;5,0;6,0;4,1
2917	7,1;6,1;2,0;3,0;5,0;6,0;4,1
2918	7,1;2,1;6,1;3,0;5,0;6,0;4,1
2919	7,1;2,1;6,1;2,0;3,0;5,0;6,0;4,1
2920	7,1;3,1;6,1;5,0;6,0;4,1
2921	7,1;3,1;6,1;2,0;5,0;6,0;4,1
2922	7,1;2,1;3,1;6,1;5,0;6,0;4,1
2923	7,1;2,1;3,1;6,1;2,0;5,0;6,0;4,1
2924	7,1;3,1;6,1;3,0;5,0;6,0;4,1
2925	7,1;3,1;6,1;2,0;3,0;5,0;6,0;4,1
2926	7,1;2,1;3,1;6,1;3,0;5,0;6,0;4,1
2927	7,1;2,1;3,1;6,1;2,0;3,0;5,0;6,0;4,1
2928	4,0;7,1;6,1;5,0;6,0;4,1
2929	4,0;7,1;6,1;2,0;5,0;6,0;4,1
2930	4,0;7,1;2,1;6,1;5,0;6,0;4,1
2931	4,0;7,1;2,1;6,1;2,0;5,0;6,0;4,1
2932	4,0;7,1;6,1;3,0;5,0;6,0;4,1
2933	4,0;7,1;6,1;2,0;3,0;5,0;6,0;4,1
2934	4,0;7,1;2,1;6,1;3,0;5,0;6,0;4,1
2935	4,0;7,1;2,1;6,1;2,0;3,0;5,0;6,0;4,1
2936	4,0;7,1;3,1;6,1;5,0;6,0;4,1
2937	4,0;7,1;3,1;6,1;2,0;5,0;6,0;4,1
2938	4,0;7,1;2,1;3,1;6,1;5,0;6,0;4,1
2939	4,0;7,1;2,1;3,1;6,1;2,0;5,0;6,0;4,1
2940	4,0;7,1;3,1;6,1;3,0;5,0;6,0;4,1
2941	4,0;7,1;3,1;6,1;2,0;3,0;5,0;6,0;4,1
2942	4,0;7,1;2,1;3,1;6,1;3,0;5,0;6,0;4,1
2943	4,0;7,1;2,1;3,1;6,1;2,0;3,0;5,0;6,0;4,1
2944	6,1;7,1;5,1;6,0
2945	7,1;6,1;2,0;5,1;6,0
2946	7,1;2,1;6,1;5,1;6,0
2947	7,1;2,1;6,1;2,0;5,1;6,0
2948	7,1;6,1;5,1;3,0;6,0
2949	7,1;6,1;2,0;5,1;3,0;6,0
2950	7,1;2,1;6,1;5,1;3,0;6,0
2951	7,1;2,1;6,1;2,0;5,1;3,0;6,0
2952	7,1;3,1;6,1;5,1;6,0
2953	7,1;3,1;6,1;2,0;5,1;6,0
2954	7,1;2,1;3,1;6,1;5,1;6,0
2955	7,1;2,1;3,1;6,1;2,0;5,1;6,0
2956	7,1;3,1;6,1;5,1;3,0;6,0
2957	7,1;3,1;6,1;2,0;5,1;3,0;6,0
2958	7,1;2,1;3,1;6,1;5,1;3,0;6,0
2959	7,1;2,1;3,1;6,1;2,0;5,1;3,0;6,0
2960	4,0;7,1;6,1;5,1;6,0
2961	4,0;7,1;6,1;2,0;5,1;6,0
2962	4,0;7,1;2,1;6,1;5,1;6,0
2963	4,0;7,1;2,1;6,1;2,0;5,1;6,0
2964	4,0;7,1;6,1;5,1;3,0;6,0
2965	4,0;7,1;6,1;2,0;5,1;3,0;6,0
2966	4,0;7,1;2,1;6,1;5,1;3,0;6,0
2967	4,0;7,1;2,1;6,1;2,0;5,1;3,0;6,0
2968	4,0;7,1;3,1;6,1;5,1;6,0
2969	4,0;7,1;3,1;6,1;2,0;5,1;6,0
2970	4,0;7,1;2,1;3,1;6,1;5,1;6,0
2971	4,0;7,1;2,1;3,1;6,1;2,0;5,1;6,0
2972	4,0;7,1;3,1;6,1;5,1;3,0;6,0
2973	4,0;7,1;3,1;6,1;2,0;5,1;3,0;6,0
2974	4,0;7,1;2,1;3,1;6,1;5,1;3,0;6,0
2975	4,0;7,1;2,1;3,1;6,1;2,0;5,1;3,0;6,0
2976	7,1;6,1;5,1;6,0;4,1
2977	7,1;6,1;2,0;5,1;6,0;4,1
2978	7,1;2,1;6,1;5,1;6,0;4,1
2979	7,1;2,1;6,1;2,0;5,1;6,0;4,1
2980	7,1;6,1;5,1;3,0;6,0;4,1
2981	7,1;6,1;2,0;5,1;3,0;6,0;4,1
2982	7,1;2,1;6,1;5,1;3,0;6,0;4,1
2983	7,1;2,1;6,1;2,0;5,1;3,0;6,0;4,1
2984	7,1;3,1;6,1;5,1;6,0;4,1
2985	7,1;3,1;6,1;2,0;5,1;6,0;4,1
2986	7,1;2,1;3,1;6,1;5,1;6,0;4,1
2987	7,1;2,1;3,1;6,1;2,0;5,1;6,0;4,1
2988	7,1;3,1;6,1;5,1;3,0;6,0;4,1
2989	7,1;3,1;6,1;2,0;5,1;3,0;6,0;4,1
2990	7,1;2,1;3,1;6,1;5,1;3,0;6,0;4,1
2991	7,1;2,1;3,1;6,1;2,0;5,1;3,0;6,0;4,1
2992	4,0;7,1;6,1;5,1;6,0;4,1
2993	4,0;7,1;6,1;2,0;5,1;6,0;4,1
2994	4,0;7,1;2,1;6,1;5,1;6,0;4,1
2995	4,0;7,1;2,1;6,1;2,0;5,1;6,0;4,1
2996	4,0;7,1;6,1;5,1;3,0;6,0;4,1
2997	4,0;7,1;6,1;2,0;5,1;3,0;6,0;4,1
2998	4,0;7,1;2,1;6,1;5,1;3,0;6,0;4,1
2999	4,0;7,1;2,1;6,1;2,0;5,1;3,0;6,0;4,1
3000	4,0;7,1;3,1;6,1;5,1;6,0;4,1
3001	4,0;7,1;3,1;6,1;2,0;5,1;6,0;4,1
3002	4,0;7,1;2,1;3,1;6,1;5,1;6,0;4,1
3003	4,0;7,1;2,1;3,1;6,1;2,0;5,1;6,0;4,1
3004	4,0;7,1;3,1;6,1;5,1;3,0;6,0;4,1
3005	4,0;7,1;3,1;6,1;2,0;5,1;3,0;6,0;4,1
3006	4,0;7,1;2,1;3,1;6,1;5,1;3,0;6,0;4,1
3007	4,0;7,1;2,1;3,1;6,1;2,0;5,1;3,0;6,0;4,1
3008	7,1;6,1;5,1;5,0;6,0
3009	7,1;6,1;2,0;5,1;5,0;6,0
3010	7,1;2,1;6,1;5,1;5,0;6,0
3011	7,1;2,1;6,1;2,0;5,1;5,0;6,0
3012	7,1;6,1;5,1;3,0;5,0;6,0
3013	7,1;6,1;2,0;5,1;3,0;5,0;6,0
3014	7,1;2,1;6,1;5,1;3,0;5,0;6,0
3015	7,1;2,1;6,1;2,0;5,1;3,0;5,0;6,0
3016	7,1;3,1;6,1;5,1;5,0;6,0
3017	7,1;3,1;6,1;2,0;5,1;5,0;6,0
3018	7,1;2,1;3,1;6,1;5,1;5,0;6,0
3019	7,1;2,1;3,1;6,1;2,0;5,1;5,0;6,0
3020	7,1;3,1;6,1;5,1;3,0;5,0;6,0
3021	7,1;3,1;6,1;2,0;5,1;3,0;5,0;6,0
3022	7,1;2,1;3,1;6,1;5,1;3,0;5,0;6,0
3023	7,1;2,1;3,1;6,1;2,0;5,1;3,0;5,0;6,0
3024	4,0;7,1;6,1;5,1;5,0;6,0
3025	4,0;7,1;6,1;2,0;5,1;5,0;6,0
3026	4,0;7,1;2,1;6,1;5,1;5,0;6,0
3027	4,0;7,1;2,1;6,1;2,0;5,1;5,0;6,0
3028	4,0;7,1;6,1;5,1;3,0;5,0;6,0
3029	4,0;7,1;6,1;2,0;5,1;3,0;5,0;6,0
3030	4,0;7,1;2,1;6,1;5,1;3,0;5,0;6,0
3031	4,0;7,1;2,1;6,1;2,0;5,1;3,0;5,0;6,0
3032	4,0;7,1;3,1;6,1;5,1;5,0;6,0
3033	4,0;7,1;3,1;6,1;2,0;5,1;5,0;6,0
3034	4,0;7,1;2,1;3,1;6,1;5,1;5,0;6,0
3035	4,0;7,1;2,1;3,1;6,1;2,0;5,1;5,0;6,0
3036	4,0;7,1;3,1;6,1;5,1;3,0;5,0;6,0
3037	4,0;7,1;3,1;6,1;2,0;5,1;3,0;5,0;6,0
3038	4,0;7,1;2,1;3,1;6,1;5,1;3,0;5,0;6,0
3039	4,0;7,1;2,1;3,1;6,1;2,0;5,1;3,0;5,0;6,0
3040	7,1;6,1;5,1;5,0;6,0;4,1
3041	7,1;6,1;2,0;5,1;5,0;6,0;4,1
3042	7,1;2,1;6,1;5,1;5,0;6,0;4,1
3043	7,1;2,1;6,1;2,0;5,1;5,0;6,0;4,1
3044	7,1;6,1;5,1;3,0;5,0;6,0;4,1
3045	7,1;6,1;2,0;5,1;3,0;5,0;6,0;4,1
3046	7,1;2,1;6,1;5,1;3,0;5,0;6,0;4,1
3047	7,1;2,1;6,1;2,0;5,1;3,0;5,0;6,0;4,1
3048	7,1;3,1;6,1;5,1;5,0;6,0;4,1
3049	7,1;3,1;6,1;2,0;5,1;5,0;6,0;4,1
3050	7,1;2,1;3,1;6,1;5,1;5,0;6,0;4,1
3051	7,1;2,1;3,1;6,1;2,0;5,1;5,0;6,0;4,1
3052	7,1;3,1;6,1;5,1;3,0;5,0;6,0;4,1
3053	7,1;3,1;6,1;2,0;5,1;3,0;5,0;6,0;4,1
3054	7,1;2,1;3,1;6,1;5,1;3,0;5,0;6,0;4,1
3055	7,1;2,1;3,1;6,1;2,0;5,1;3,0;5,0;6,0;4,1
3056	4,0;7,1;6,1;5,1;5,0;6,0;4,1
3057	4,0;7,1;6,1;2,0;5,1;5,0;6,0;4,1
3058	4,0;7,1;2,1;6,1;5,1;5,0;6,0;4,1
3059	4,0;7,1;2,1;6,1;2,0;5,1;5,0;6,0;4,1
3060	4,0;7,1;6,1;5,1;3,0;5,0;6,0;4,1
3061	4,0;7,1;6,1;2,0;5,1;3,0;5,0;6,0;4,1
3062	4,0;7,1;2,1;6,1;5,1;3,0;5,0;6,0;4,1
3063	4,0;7,1;2,1;6,1;2,0;5,1;3,0;5,0;6,0;4,1
3064	4,0;7,1;3,1;6,1;5,1;5,0;6,0;4,1
3065	4,0;7,1;3,1;6,1;2,0;5,1;5,0;6,0;4,1
3066	4,0;7,1;2,1;3,1;6,1;5,1;5,0;6,0;4,1
3067	4,0;7,1;2,1;3,1;6,1;2,0;5,1;5,0;6,0;4,1
3068	4,0;7,1;3,1;6,1;5,1;3,0;5,0;6,0;4,1
3069	4,0;7,1;3,1;6,1;2,0;5,1;3,0;5,0;6,0;4,1
3070	4,0;7,1;2,1;3,1;6,1;5,1;3,0;5,0;6,0;4,1
3071	4,0;7,1;2,1;3,1;6,1;2,0;5,1;3,0;5,0;6,0;4,1
3072	7,0;7,1
3073	7,0;2,0;7,1
3074	7,0;7,1;2,1
3075	7,0;2,0;2,1;7,1
3076	7,0;7,1;3,0
3077	7,0;2,0;7,1;3,0
3078	7,0;7,1;2,1;3,0
3079	7,1;2,1;7,0;2,0;3,0
3080	3,1;7,0;7,1
3081	3,1;7,0;2,0;7,1
3082	3,1;7,0;7,1;2,1
3083	7,1;2,1;3,1;7,0;2,0
3084	3,1;7,0;7,1;3,0
3085	7,1;3,1;7,0;2,0;3,0
3086	7,1;2,1;3,1;7,0;3,0
3087	7,1;2,1;3,1;7,0;2,0;3,0
3088	4,0;7,1;7,0
3089	7,1;4,0;2,0;7,0
3090	4,0;7,1;2,1;7,0
3091	4,0;7,1;2,1;7,0;2,0
3092	4,0;7,1;7,0;3,0
3093	4,0;7,1;7,0;2,0;3,0
3094	4,0;7,1;2,1;7,0;3,0
3095	4,0;7,1;2,1;7,0;2,0;3,0
3096	3,1;4,0;7,1;7,0
3097	4,0;7,1;3,1;7,0;2,0
3098	4,0;7,1;2,1;3,1;7,0
3099	4,0;7,1;2,1;3,1;7,0;2,0
3100	4,0;7,1;3,1;7,0;3,0
3101	4,0;7,1;3,1;7,0;2,0;3,0
3102	4,0;7,1;2,1;3,1;7,0;3,0
3103	4,0;7,1;2,1;3,1;7,0;2,0;3,0
3104	7,0;4,1;7,1
3105	7,0;2,0;7,1;4,1
3106	7,0;4,1;2,1;7,1
3107	7,1;2,1;7,0;2,0;4,1
3108	7,0;4,1;7,1;3,0
3109	7,1;7,0;2,0;3,0;4,1
3110	7,1;2,1;7,0;3,0;4,1
3111	7,1;2,1;7,0;2,0;3,0;4,1
3112	3,1;7,0;4,1;7,1
3113	7,1;3,1;7,0;2,0;4,1
3114	7,1;2,1;3,1;7,0;4,1
3115	7,1;2,1;3,1;7,0;2,0;4,1
3116	7,1;3,1;7,0;3,0;4,1
3117	7,1;3,1;7,0;2,0;3,0;4,1
3118	7,1;2,1;3,1;7,0;3,0;4,1
3119	7,1;2,1;3,1;7,0;2,0;3,0;4,1
3120	7,1;4,0;4,1;7,0
3121	4,0;7,1;7,0;2,0;4,1
3122	4,0;7,1;2,1;7,0;4,1
3123	4,0;7,1;2,1;7,0;2,0;4,1
3124	4,0;7,1;7,0;3,0;4,1
3125	4,0;7,1;7,0;2,0;3,0;4,1
3126	4,0;7,1;2,1;7,0;3,0;4,1
3127	4,0;7,1;2,1;7,0;2,0;3,0;4,1
3128	4,0;7,1;3,1;7,0;4,1
3129	4,0;7,1;3,1;7,0;2,0;4,1
3130	4,0;7,1;2,1;3,1;7,0;4,1
3131	4,0;7,1;2,1;3,1;7,0;2,0;4,1
3132	4,0;7,1;3,1;7,0;3,0;4,1
3133	4,0;7,1;3,1;7,0;2,0;3,0;4,1
3134	4,0;7,1;2,1;3,1;7,0;3,0;4,1
3135	4,0;7,1;2,1;3,1;7,0;2,0;3,0;4,1
3136	7,0;5,0;7,1
3137	5,0;7,0;2,0;7,1
3138	7,0;5,0;2,1;7,1
3139	7,1;2,1;7,0;2,0;5,0
3140	7,0;5,0;7,1;3,0
3141	7,1;7,0;2,0;3,0;5,0
3142	7,1;2,1;7,0;3,0;5,0
3143	7,1;2,1;7,0;2,0;3,0;5,0
3144	3,1;7,0;5,0;7,1
3145	7,1;3,1;7,0;2,0;5,0
3146	7,1;2,1;3,1;7,0;5,0
3147	7,1;2,1;3,1;7,0;2,0;5,0
3148	7,1;3,1;7,0;3,0;5,0
3149	7,1;3,1;7,0;2,0;3,0;5,0
3150	7,1;2,1;3,1;7,0;3,0;5,0
3151	7,1;2,1;3,1;7,0;2,0;3,0;5,0
3152	7,1;4,0;5,0;7,0
3153	4,0;7,1;7,0;2,0;5,0
3154	4,0;7,1;2,1;7,0;5,0
3155	4,0;7,1;2,1;7,0;2,0;5,0
3156	4,0;7,1;7,0;3,0;5,0
3157	4,0;7,1;7,0;2,0;3,0;5,0
3158	4,0;7,1;2,1;7,0;3,0;5,0
3159	4,0;7,1;2,1;7,0;2,0;3,0;5,0
3160	4,0;7,1;3,1;7,0;5,0
3161	4,0;7,1;3,1;7,0;2,0;5,0
3162	4,0;7,1;2,1;3,1;7,0;5,0
3163	4,0;7,1;2,1;3,1;7,0;2,0;5,0
3164	4,0;7,1;3,1;7,0;3,0;5,0
3165	4,0;7,1;3,1;7,0;2,0;3,0;5,0
3166	4,0;7,1;2,1;3,1;7,0;3,0;5,0
3167	4,0;7,1;2,1;3,1;7,0;2,0;3,0;5,0
3168	5,0;7,0;4,1;7,1
3169	7,1;7,0;2,0;5,0;4,1
3170	7,1;2,1;7,0;5,0;4,1
3171	7,1;2,1;7,0;2,0;5,0;4,1
3172	7,1;7,0;3,0;5,0;4,1
3173	7,1;7,0;2,0;3,0;5,0;4,1
3174	7,1;2,1;7,0;3,0;5,0;4,1
3175	7,1;2,1;7,0;2,0;3,0;5,0;4,1
3176	7,1;3,1;7,0;5,0;4,1
3177	7,1;3,1;7,0;2,0;5,0;4,1
3178	7,1;2,1;3,1;7,0;5,0;4,1
3179	7,1;2,1;3,1;7,0;2,0;5,0;4,1
3180	7,1;3,1;7,0;3,0;5,0;4,1
3181	7,1;3,1;7,0;2,0;3,0;5,0;4,1
3182	7,1;2,1;3,1;7,0;3,0;5,0;4,1
3183	7,1;2,1;3,1;7,0;2,0;3,0;5,0;4,1
3184	4,0;7,1;7,0;5,0;4,1
3185	4,0;7,1;7,0;2,0;5,0;4,1
3186	4,0;7,1;2,1;7,0;5,0;4,1
3187	4,0;7,1;2,1;7,0;2,0;5,0;4,1
3188	4,0;7,1;7,0;3,0;5,0;4,1
3189	4,0;7,1;7,0;2,0;3,0;5,0;4,1
3190	4,0;7,1;2,1;7,0;3,0;5,0;4,1
3191	4,0;7,1;2,1;7,0;2,0;3,0;5,0;4,1
3192	4,0;7,1;3,1;7,0;5,0;4,1
3193	4,0;7,1;3,1;7,0;2,0;5,0;4,1
3194	4,0;7,1;2,1;3,1;7,0;5,0;4,1
3195	4,0;7,1;2,1;3,1;7,0;2,0;5,0;4,1
3196	4,0;7,1;3,1;7,0;3,0;5,0;4,1
3197	4,0;7,1;3,1;7,0;2,0;3,0;5,0;4,1
3198	4,0;7,1;2,1;3,1;7,0;3,0;5,0;4,1
3199	4,0;7,1;2,1;3,1;7,0;2,0;3,0;5,0;4,1
3200	7,0;7,1;5,1
3201	7,0;2,0;5,1;7,1
3202	5,1;7,0;7,1;2,1
3203	7,1;2,1;7,0;2,0;5,1
3204	7,0;7,1;5,1;3,0
3205	7,1;7,0;2,0;5,1;3,0
3206	7,1;2,1;7,0;5,1;3,0
3207	7,1;2,1;7,0;2,0;5,1;3,0
3208	3,1;7,0;7,1;5,1
3209	7,1;3,1;7,0;2,0;5,1
3210	7,1;2,1;3,1;7,0;5,1
3211	7,1;2,1;3,1;7,0;2,0;5,1
3212	7,1;3,1;7,0;5,1;3,0
3213	7,1;3,1;7,0;2,0;5,1;3,0
3214	7,1;2,1;3,1;7,0;5,1;3,0
3215	7,1;2,1;3,1;7,0;2,0;5,1;3,0
3216	4,0;7,1;5,1;7,0
3217	4,0;7,1;7,0;2,0;5,1
3218	4,0;7,1;2,1;7,0;5,1
3219	4,0;7,1;2,1;7,0;2,0;5,1
3220	4,0;7,1;7,0;5,1;3,0
3221	4,0;7,1;7,0;2,0;5,1;3,0
3222	4,0;7,1;2,1;7,0;5,1;3,0
3223	4,0;7,1;2,1;7,0;2,0;5,1;3,0
3224	4,0;7,1;3,1;7,0;5,1
3225	4,0;7,1;3,1;7,0;2,0;5,1
3226	4,0;7,1;2,1;3,1;7,0;5,1
3227	4,0;7,1;2,1;3,1;7,0;2,0;5,1
3228	4,0;7,1;3,1;7,0;5,1;3,0
3229	4,0;7,1;3,1;7,0;2,0;5,1;3,0
3230	4,0;7,1;2,1;3,1;7,0;5,1;3,0
3231	4,0;7,1;2,1;3,1;7,0;2,0;5,1;3,0
3232	7,0;4,1;5,1;7,1
3233	7,1;7,0;2,0;5,1;4,1
3234	7,1;2,1;7,0;5,1;4,1
3235	7,1;2,1;7,0;2,0;5,1;4,1
3236	7,1;7,0;5,1;3,0;4,1
3237	7,1;7,0;2,0;5,1;3,0;4,1
3238	7,1;2,1;7,0;5,1;3,0;4,1
3239	7,1;2,1;7,0;2,0;5,1;3,0;4,1
3240	7,1;3,1;7,0;5,1;4,1
3241	7,1;3,1;7,0;2,0;5,1;4,1
3242	7,1;2,1;3,1;7,0;5,1;4,1
3243	7,1;2,1;3,1;7,0;2,0;5,1;4,1
3244	7,1;3,1;7,0;5,1;3,0;4,1
3245	7,1;3,1;7,0;2,0;5,1;3,0;4,1
3246	7,1;2,1;3,1;7,0;5,1;3,0;4,1
3247	7,1;2,1;3,1;7,0;2,0;5,1;3,0;4,1
3248	4,0;7,1;7,0;5,1;4,1
3249	4,0;7,1;7,0;2,0;5,1;4,1
3250	4,0;7,1;2,1;7,0;5,1;4,1
3251	4,0;7,1;2,1;7,0;2,0;5,1;4,1
3252	4,0;7,1;7,0;5,1;3,0;4,1
3253	4,0;7,1;7,0;2,0;5,1;3,0;4,1
3254	4,0;7,1;2,1;7,0;5,1;3,0;4,1
3255	4,0;7,1;2,1;7,0;2,0;5,1;3,0;4,1
3256	4,0;7,1;3,1;7,0;5,1;4,1
3257	4,0;7,1;3,1;7,0;2,0;5,1;4,1
3258	4,0;7,1;2,1;3,1;7,0;5,1;4,1
3259	4,0;7,1;2,1;3,1;7,0;2,0;5,1;4,1
3260	4,0;7,1;3,1;7,0;5,1;3,0;4,1
3261	4,0;7,1;3,1;7,0;2,0;5,1;3,0;4,1
3262	4,0;7,1;2,1;3,1;7,0;5,1;3,0;4,1
3263	4,0;7,1;2,1;3,1;7,0;2,0;5,1;3,0;4,1
3264	7,0;5,0;5,1;7,1
3265	7,1;7,0;2,0;5,1;5,0
3266	7,1;2,1;7,0;5,1;5,0
3267	7,1;2,1;7,0;2,0;5,1;5,0
3268	7,1;7,0;5,1;3,0;5,0
3269	7,1;7,0;2,0;5,1;3,0;5,0
3270	7,1;2,1;7,0;5,1;3,0;5,0
3271	7,1;2,1;7,0;2,0;5,1;3,0;5,0
3272	7,1;3,1;7,0;5,1;5,0
3273	7,1;3,1;7,0;2,0;5,1;5,0
3274	7,1;2,1;3,1;7,0;5,1;5,0
3275	7,1;2,1;3,1;7,0;2,0;5,1;5,0
3276	7,1;3,1;7,0;5,1;3,0;5,0
3277	7,1;3,1;7,0;2,0;5,1;3,0;5,0
3278	7,1;2,1;3,1;7,0;5,1;3,0;5,0
3279	7,1;2,1;3,1;7,0;2,0;5,1;3,0;5,0
3280	4,0;7,1;7,0;5,1;5,0
3281	4,0;7,1;7,0;2,0;5,1;5,0
3282	4,0;7,1;2,1;7,0;5,1;5,0
3283	4,0;7,1;2,1;7,0;2,0;5,1;5,0
3284	4,0;7,1;7,0;5,1;3,0;5,0
3285	4,0;7,1;7,0;2,0;5,1;3,0;5,0
3286	4,0;7,1;2,1;7,0;5,1;3,0;5,0
3287	4,0;7,1;2,1;7,0;2,0;5,1;3,0;5,0
3288	4,0;7,1;3,1;7,0;5,1;5,0
3289	4,0;7,1;3,1;7,0;2,0;5,1;5,0
3290	4,0;7,1;2,1;3,1;7,0;5,1;5,0
3291	4,0;7,1;2,1;3,1;7,0;2,0;5,1;5,0
3292	4,0;7,1;3,1;7,0;5,1;3,0;5,0
3293	4,0;7,1;3,1;7,0;2,0;5,1;3,0;5,0
3294	4,0;7,1;2,1;3,1;7,0;5,1;3,0;5,0
3295	4,0;7,1;2,1;3,1;7,0;2,0;5,1;3,0;5,0
3296	7,1;7,0;5,1;5,0;4,1
3297	7,1;7,0;2,0;5,1;5,0;4,1
3298	7,1;2,1;7,0;5,1;5,0;4,1
3299	7,1;2,1;7,0;2,0;5,1;5,0;4,1
3300	7,1;7,0;5,1;3,0;5,0;4,1
3301	7,1;7,0;2,0;5,1;3,0;5,0;4,1
3302	7,1;2,1;7,0;5,1;3,0;5,0;4,1
3303	7,1;2,1;7,0;2,0;5,1;3,0;5,0;4,1
3304	7,1;3,1;7,0;5,1;5,0;4,1
3305	7,1;3,1;7,0;2,0;5,1;5,0;4,1
3306	7,1;2,1;3,1;7,0;5,1;5,0;4,1
3307	7,1;2,1;3,1;7,0;2,0;5,1;5,0;4,1
3308	7,1;3,1;7,0;5,1;3,0;5,0;4,1
3309	7,1;3,1;7,0;2,0;5,1;3,0;5,0;4,1
3310	7,1;2,1;3,1;7,0;5,1;3,0;5,0;4,1
3311	7,1;2,1;3,1;7,0;2,0;5,1;3,0;5,0;4,1
3312	4,0;7,1;7,0;5,1;5,0;4,1
3313	4,0;7,1;7,0;2,0;5,1;5,0;4,1
3314	4,0;7,1;2,1;7,0;5,1;5,0;4,1
3315	4,0;7,1;2,1;7,0;2,0;5,1;5,0;4,1
3316	4,0;7,1;7,0;5,1;3,0;5,0;4,1
3317	4,0;7,1;7,0;2,0;5,1;3,0;5,0;4,1
3318	4,0;7,1;2,1;7,0;5,1;3,0;5,0;4,1
3319	4,0;7,1;2,1;7,0;2,0;5,1;3,0;5,0;4,1
3320	4,0;7,1;3,1;7,0;5,1;5,0;4,1
3321	4,0;7,1;3,1;7,0;2,0;5,1;5,0;4,1
3322	4,0;7,1;2,1;3,1;7,0;5,1;5,0;4,1
3323	4,0;7,1;2,1;3,1;7,0;2,0;5,1;5,0;4,1
3324	4,0;7,1;3,1;7,0;5,1;3,0;5,0;4,1
3325	4,0;7,1;3,1;7,0;2,0;5,1;3,0;5,0;4,1
3326	4,0;7,1;2,1;3,1;7,0;5,1;3,0;5,0;4,1
3327	4,0;7,1;2,1;3,1;7,0;2,0;5,1;3,0;5,0;4,1
3328	7,0;7,1;6,0
3329	7,0;2,0;7,1;6,0
3330	7,0;7,1;2,1;6,0
3331	7,1;2,1;7,0;2,0;6,0
3332	6,0;7,1;7,0;3,0
3333	7,1;7,0;2,0;3,0;6,0
3334	7,1;2,1;7,0;3,0;6,0
3335	7,1;2,1;7,0;2,0;3,0;6,0
3336	3,1;7,0;7,1;6,0
3337	7,1;3,1;7,0;2,0;6,0
3338	7,1;2,1;3,1;7,0;6,0
3339	7,1;2,1;3,1;7,0;2,0;6,0
3340	7,1;3,1;7,0;3,0;6,0
3341	7,1;3,1;7,0;2,0;3,0;6,0
3342	7,1;2,1;3,1;7,0;3,0;6,0
3343	7,1;2,1;3,1;7,0;2,0;3,0;6,0
3344	4,0;7,1;7,0;6,0
3345	4,0;7,1;7,0;2,0;6,0
3346	4,0;7,1;2,1;7,0;6,0
3347	4,0;7,1;2,1;7,0;2,0;6,0
3348	4,0;7,1;7,0;3,0;6,0
3349	4,0;7,1;7,0;2,0;3,0;6,0
3350	4,0;7,1;2,1;7,0;3,0;6,0
3351	4,0;7,1;2,1;7,0;2,0;3,0;6,0
3352	4,0;7,1;3,1;7,0;6,0
3353	4,0;7,1;3,1;7,0;2,0;6,0
3354	4,0;7,1;2,1;3,1;7,0;6,0
3355	4,0;7,1;2,1;3,1;7,0;2,0;6,0
3356	4,0;7,1;3,1;7,0;3,0;6,0
3357	4,0;7,1;3,1;7,0;2,0;3,0;6,0
3358	4,0;7,1;2,1;3,1;7,0;3,0;6,0
3359	4,0;7,1;2,1;3,1;7,0;2,0;3,0;6,0
3360	7,0;4,1;7,1;6,0
3361	7,1;7,0;2,0;6,0;4,1
3362	7,1;2,1;7,0;6,0;4,1
3363	7,1;2,1;7,0;2,0;6,0;4,1
3364	7,1;7,0;3,0;6,0;4,1
3365	7,1;7,0;2,0;3,0;6,0;4,1
3366	7,1;2,1;7,0;3,0;6,0;4,1
3367	7,1;2,1;7,0;2,0;3,0;6,0;4,1
3368	7,1;3,1;7,0;6,0;4,1
3369	7,1;3,1;7,0;2,0;6,0;4,1
3370	7,1;2,1;3,1;7,0;6,0;4,1
3371	7,1;2,1;3,1;7,0;2,0;6,0;4,1
3372	7,1;3,1;7,0;3,0;6,0;4,1
3373	7,1;3,1;7,0;2,0;3,0;6,0;4,1
3374	7,1;2,1;3,1;7,0;3,0;6,0;4,1
3375	7,1;2,1;3,1;7,0;2,0;3,0;6,0;4,1
3376	4,0;7,1;7,0;6,0;4,1
3377	4,0;7,1;7,0;2,0;6,0;4,1
3378	4,0;7,1;2,1;7,0;6,0;4,1
3379	4,0;7,1;2,1;7,0;2,0;6,0;4,1
3380	4,0;7,1;7,0;3,0;6,0;4,1
3381	4,0;7,1;7,0;2,0;3,0;6,0;4,1
3382	4,0;7,1;2,1;7,0;3,0;6,0;4,1
3383	4,0;7,1;2,1;7,0;2,0;3,0;6,0;4,1
3384	4,0;7,1;3,1;7,0;6,0;4,1
3385	4,0;7,1;3,1;7,0;2,0;6,0;4,1
3386	4,0;7,1;2,1;3,1;7,0;6,0;4,1
3387	4,0;7,1;2,1;3,1;7,0;2,0;6,0;4,1
3388	4,0;7,1;3,1;7,0;3,0;6,0;4,1
3389	4,0;7,1;3,1;7,0;2,0;3,0;6,0;4,1
3390	4,0;7,1;2,1;3,1;7,0;3,0;6,0;4,1
3391	4,0;7,1;2,1;3,1;7,0;2,0;3,0;6,0;4,1
3392	7,0;5,0;7,1;6,0
3393	7,1;7,0;2,0;5,0;6,0
3394	7,1;2,1;7,0;5,0;6,0
3395	7,1;2,1;7,0;2,0;5,0;6,0
3396	7,1;7,0;3,0;5,0;6,0
3397	7,1;7,0;2,0;3,0;5,0;6,0
3398	7,1;2,1;7,0;3,0;5,0;6,0
3399	7,1;2,1;7,0;2,0;3,0;5,0;6,0
3400	7,1;3,1;7,0;5,0;6,0
3401	7,1;3,1;7,0;2,0;5,0;6,0
3402	7,1;2,1;3,1;7,0;5,0;6,0
3403	7,1;2,1;3,1;7,0;2,0;5,0;6,0
3404	7,1;3,1;7,0;3,0;5,0;6,0
3405	7,1;3,1;7,0;2,0;3,0;5,0;6,0
3406	7,1;2,1;3,1;7,0;3,0;5,0;6,0
3407	7,1;2,1;3,1;7,0;2,0;3,0;5,0;6,0
3408	4,0;7,1;7,0;5,0;6,0
3409	4,0;7,1;7,0;2,0;5,0;6,0
3410	4,0;7,1;2,1;7,0;5,0;6,0
3411	4,0;7,1;2,1;7,0;2,0;5,0;6,0
3412	4,0;7,1;7,0;3,0;5,0;6,0
3413	4,0;7,1;7,0;2,0;3,0;5,0;6,0
3414	4,0;7,1;2,1;7,0;3,0;5,0;6,0
3415	4,0;7,1;2,1;7,0;2,0;3,0;5,0;6,0
3416	4,0;7,1;3,1;7,0;5,0;6,0
3417	4,0;7,1;3,1;7,0;2,0;5,0;6,0
3418	4,0;7,1;2,1;3,1;7,0;5,0;6,0
3419	4,0;7,1;2,1;3,1;7,0;2,0;5,0;6,0
3420	4,0;7,1;3,1;7,0;3,0;5,0;6,0
3421	4,0;7,1;3,1;7,0;2,0;3,0;5,0;6,0
3422	4,0;7,1;2,1;3,1;7,0;3,0;5,0;6,0
3423	4,0;7,1;2,1;3,1;7,0;2,0;3,0;5,0;6,0
3424	7,1;7,0;5,0;6,0;4,1
3425	7,1;7,0;2,0;5,0;6,0;4,1
3426	7,1;2,1;7,0;5,0;6,0;4,1
3427	7,1;2,1;7,0;2,0;5,0;6,0;4,1
3428	7,1;7,0;3,0;5,0;6,0;4,1
3429	7,1;7,0;2,0;3,0;5,0;6,0;4,1
3430	7,1;2,1;7,0;3,0;5,0;6,0;4,1
3431	7,1;2,1;7,0;2,0;3,0;5,0;6,0;4,1
3432	7,1;3,1;7,0;5,0;6,0;4,1
3433	7,1;3,1;7,0;2,0;5,0;6,0;4,1
3434	7,1;2,1;3,1;7,0;5,0;6,0;4,1
3435	7,1;2,1;3,1;7,0;2,0;5,0;6,0;4,1
3436	7,1;3,1;7,0;3,0;5,0;6,0;4,1
3437	7,1;3,1;7,0;2,0;3,0;5,0;6,0;4,1
3438	7,1;2,1;3,1;7,0;3,0;5,0;6,0;4,1
3439	7,1;2,1;3,1;7,0;2,0;3,0;5,0;6,0;4,1
3440	4,0;7,1;7,0;5,0;6,0;4,1
3441	4,0;7,1;7,0;2,0;5,0;6,0;4,1
3442	4,0;7,1;2,1;7,0;5,0;6,0;4,1
3443	4,0;7,1;2,1;7,0;2,0;5,0;6,0;4,1
3444	4,0;7,1;7,0;3,0;5,0;6,0;4,1
3445	4,0;7,1;7,0;2,0;3,0;5,0;6,0;4,1
3446	4,0;7,1;2,1;7,0;3,0;5,0;6,0;4,1
3447	4,0;7,1;2,1;7,0;2,0;3,0;5,0;6,0;4,1
3448	4,0;7,1;3,1;7,0;5,0;6,0;4,1
3449	4,0;7,1;3,1;7,0;2,0;5,0;6,0;4,1
3450	4,0;7,1;2,1;3,1;7,0;5,0;6,0;4,1
3451	4,0;7,1;2,1;3,1;7,0;2,0;5,0;6,0;4,1
3452	4,0;7,1;3,1;7,0;3,0;5,0;6,0;4,1
3453	4,0;7,1;3,1;7,0;2,0;3,0;5,0;6,0;4,1
3454	4,0;7,1;2,1;3,1;7,0;3,0;5,0;6,0;4,1
3455	4,0;7,1;2,1;3,1;7,0;2,0;3,0;5,0;6,0;4,1
3456	7,0;7,1;5,1;6,0
3457	7,1;7,0;2,0;5,1;6,0
3458	7,1;2,1;7,0;5,1;6,0
3459	7,1;2,1;7,0;2,0;5,1;6,0
3460	7,1;7,0;5,1;3,0;6,0
3461	7,1;7,0;2,0;5,1;3,0;6,0
3462	7,1;2,1;7,0;5,1;3,0;6,0
3463	7,1;2,1;7,0;2,0;5,1;3,0;6,0
3464	7,1;3,1;7,0;5,1;6,0
3465	7,1;3,1;7,0;2,0;5,1;6,0
3466	7,1;2,1;3,1;7,0;5,1;6,0
3467	7,1;2,1;3,1;7,0;2,0;5,1;6,0
3468	7,1;3,1;7,0;5,1;3,0;6,0
3469	7,1;3,1;7,0;2,0;5,1;3,0;6,0
3470	7,1;2,1;3,1;7,0;5,1;3,0;6,0
3471	7,1;2,1;3,1;7,0;2,0;5,1;3,0;6,0
3472	4,0;7,1;7,0;5,1;6,0
3473	4,0;7,1;7,0;2,0;5,1;6,0
3474	4,0;7,1;2,1;7,0;5,1;6,0
3475	4,0;7,1;2,1;7,0;2,0;5,1;6,0
3476	4,0;7,1;7,0;5,1;3,0;6,0
3477	4,0;7,1;7,0;2,0;5,1;3,0;6,0
3478	4,0;7,1;2,1;7,0;5,1;3,0;6,0
3479	4,0;7,1;2,1;7,0;2,0;5,1;3,0;6,0
3480	4,0;7,1;3,1;7,0;5,1;6,0
3481	4,0;7,1;3,1;7,0;2,0;5,1;6,0
3482	4,0;7,1;2,1;3,1;7,0;5,1;6,0
3483	4,0;7,1;2,1;3,1;7,0;2,0;5,1;6,0
3484	4,0;7,1;3,1;7,0;5,1;3,0;6,0
3485	4,0;7,1;3,1;7,0;2,0;5,1;3,0;6,0
3486	4,0;7,1;2,1;3,1;7,0;5,1;3,0;6,0
3487	4,0;7,1;2,1;3,1;7,0;2,0;5,1;3,0;6,0
3488	7,1;7,0;5,1;6,0;4,1
3489	7,1;7,0;2,0;5,1;6,0;4,1
3490	7,1;2,1;7,0;5,1;6,0;4,1
3491	7,1;2,1;7,0;2,0;5,1;6,0;4,1
3492	7,1;7,0;5,1;3,0;6,0;4,1
3493	7,1;7,0;2,0;5,1;3,0;6,0;4,1
3494	7,1;2,1;7,0;5,1;3,0;6,0;4,1
3495	7,1;2,1;7,0;2,0;5,1;3,0;6,0;4,1
3496	7,1;3,1;7,0;5,1;6,0;4,1
3497	7,1;3,1;7,0;2,0;5,1;6,0;4,1
3498	7,1;2,1;3,1;7,0;5,1;6,0;4,1
3499	7,1;2,1;3,1;7,0;2,0;5,1;6,0;4,1
3500	7,1;3,1;7,0;5,1;3,0;6,0;4,1
3501	7,1;3,1;7,0;2,0;5,1;3,0;6,0;4,1
3502	7,1;2,1;3,1;7,0;5,1;3,0;6,0;4,1
3503	7,1;2,1;3,1;7,0;2,0;5,1;3,0;6,0;4,1
3504	4,0;7,1;7,0;5,1;6,0;4,1
3505	4,0;7,1;7,0;2,0;5,1;6,0;4,1
3506	4,0;7,1;2,1;7,0;5,1;6,0;4,1
3507	4,0;7,1;2,1;7,0;2,0;5,1;6,0;4,1
3508	4,0;7,1;7,0;5,1;3,0;6,0;4,1
3509	4,0;7,1;7,0;2,0;5,1;3,0;6,0;4,1
3510	4,0;7,1;2,1;7,0;5,1;3,0;6,0;4,1
3511	4,0;7,1;2,1;7,0;2,0;5,1;3,0;6,0;4,1
3512	4,0;7,1;3,1;7,0;5,1;6,0;4,1
3513	4,0;7,1;3,1;7,0;2,0;5,1;6,0;4,1
3514	4,0;7,1;2,1;3,1;7,0;5,1;6,0;4,1
3515	4,0;7,1;2,1;3,1;7,0;2,0;5,1;6,0;4,1
3516	4,0;7,1;3,1;7,0;5,1;3,0;6,0;4,1
3517	4,0;7,1;3,1;7,0;2,0;5,1;3,0;6,0;4,1
3518	4,0;7,1;2,1;3,1;7,0;5,1;3,0;6,0;4,1
3519	4,0;7,1;2,1;3,1;7,0;2,0;5,1;3,0;6,0;4,1
3520	7,1;7,0;5,1;5,0;6,0
3521	7,1;7,0;2,0;5,1;5,0;6,0
3522	7,1;2,1;7,0;5,1;5,0;6,0
3523	7,1;2,1;7,0;2,0;5,1;5,0;6,0
3524	7,1;7,0;5,1;3,0;5,0;6,0
3525	7,1;7,0;2,0;5,1;3,0;5,0;6,0
3526	7,1;2,1;7,0;5,1;3,0;5,0;6,0
3527	7,1;2,1;7,0;2,0;5,1;3,0;5,0;6,0
3528	7,1;3,1;7,0;5,1;5,0;6,0
3529	7,1;3,1;7,0;2,0;5,1;5,0;6,0
3530	7,1;2,1;3,1;7,0;5,1;5,0;6,0
3531	7,1;2,1;3,1;7,0;2,0;5,1;5,0;6,0
3532	7,1;3,1;7,0;5,1;3,0;5,0;6,0
3533	7,1;3,1;7,0;2,0;5,1;3,0;5,0;6,0
3534	7,1;2,1;3,1;7,0;5,1;3,0;5,0;6,0
3535	7,1;2,1;3,1;7,0;2,0;5,1;3,0;5,0;6,0
3536	4,0;7,1;7,0;5,1;5,0;6,0
3537	4,0;7,1;7,0;2,0;5,1;5,0;6,0
3538	4,0;7,1;2,1;7,0;5,1;5,0;6,0
3539	4,0;7,1;2,1;7,0;2,0;5,1;5,0;6,0
3540	4,0;7,1;7,0;5,1;3,0;5,0;6,0
3541	4,0;7,1;7,0;2,0;5,1;3,0;5,0;6,0
3542	4,0;7,1;2,1;7,0;5,1;3,0;5,0;6,0
3543	4,0;7,1;2,1;7,0;2,0;5,1;3,0;5,0;6,0
3544	4,0;7,1;3,1;7,0;5,1;5,0;6,0
3545	4,0;7,1;3,1;7,0;2,0;5,1;5,0;6,0
3546	4,0;7,1;2,1;3,1;7,0;5,1;5,0;6,0
3547	4,0;7,1;2,1;3,1;7,0;2,0;5,1;5,0;6,0
3548	4,0;7,1;3,1;7,0;5,1;3,0;5,0;6,0
3549	4,0;7,1;3,1;7,0;2,0;5,1;3,0;5,0;6,0
3550	4,0;7,1;2,1;3,1;7,0;5,1;3,0;5,0;6,0
3551	4,0;7,1;2,1;3,1;7,0;2,0;5,1;3,0;5,0;6,0
3552	7,1;7,0;5,1;5,0;6,0;4,1
3553	7,1;7,0;2,0;5,1;5,0;6,0;4,1
3554	7,1;2,1;7,0;5,1;5,0;6,0;4,1
3555	7,1;2,1;7,0;2,0;5,1;5,0;6,0;4,1
3556	7,1;7,0;5,1;3,0;5,0;6,0;4,1
3557	7,1;7,0;2,0;5,1;3,0;5,0;6,0;4,1
3558	7,1;2,1;7,0;5,1;3,0;5,0;6,0;4,1
3559	7,1;2,1;7,0;2,0;5,1;3,0;5,0;6,0;4,1
3560	7,1;3,1;7,0;5,1;5,0;6,0;4,1
3561	7,1;3,1;7,0;2,0;5,1;5,0;6,0;4,1
3562	7,1;2,1;3,1;7,0;5,1;5,0;6,0;4,1
3563	7,1;2,1;3,1;7,0;2,0;5,1;5,0;6,0;4,1
3564	7,1;3,1;7,0;5,1;3,0;5,0;6,0;4,1
3565	7,1;3,1;7,0;2,0;5,1;3,0;5,0;6,0;4,1
3566	7,1;2,1;3,1;7,0;5,1;3,0;5,0;6,0;4,1
3567	7,1;2,1;3,1;7,0;2,0;5,1;3,0;5,0;6,0;4,1
3568	4,0;7,1;7,0;5,1;5,0;6,0;4,1
3569	4,0;7,1;7,0;2,0;5,1;5,0;6,0;4,1
3570	4,0;7,1;2,1;7,0;5,1;5,0;6,0;4,1
3571	4,0;7,1;2,1;7,0;2,0;5,1;5,0;6,0;4,1
3572	4,0;7,1;7,0;5,1;3,0;5,0;6,0;4,1
3573	4,0;7,1;7,0;2,0;5,1;3,0;5,0;6,0;4,1
3574	4,0;7,1;2,1;7,0;5,1;3,0;5,0;6,0;4,1
3575	4,0;7,1;2,1;7,0;2,0;5,1;3,0;5,0;6,0;4,1
3576	4,0;7,1;3,1;7,0;5,1;5,0;6,0;4,1
3577	4,0;7,1;3,1;7,0;2,0;5,1;5,0;6,0;4,1
3578	4,0;7,1;2,1;3,1;7,0;5,1;5,0;6,0;4,1
3579	4,0;7,1;2,1;3,1;7,0;2,0;5,1;5,0;6,0;4,1
3580	4,0;7,1;3,1;7,0;5,1;3,0;5,0;6,0;4,1
3581	4,0;7,1;3,1;7,0;2,0;5,1;3,0;5,0;6,0;4,1
3582	4,0;7,1;2,1;3,1;7,0;5,1;3,0;5,0;6,0;4,1
3583	4,0;7,1;2,1;3,1;7,0;2,0;5,1;3,0;5,0;6,0;4,1
3584	6,1;7,0;7,1
3585	6,1;7,0;2,0;7,1
3586	6,1;7,0;7,1;2,1
3587	7,1;2,1;6,1;7,0;2,0
3588	6,1;7,0;7,1;3,0
3589	7,1;6,1;7,0;2,0;3,0
3590	7,1;2,1;6,1;7,0;3,0
3591	7,1;2,1;6,1;7,0;2,0;3,0
3592	3,1;6,1;7,0;7,1
3593	7,1;3,1;6,1;7,0;2,0
3594	7,1;2,1;3,1;6,1;7,0
3595	7,1;2,1;3,1;6,1;7,0;2,0
3596	7,1;3,1;6,1;7,0;3,0
3597	7,1;3,1;6,1;7,0;2,0;3,0
3598	7,1;2,1;3,1;6,1;7,0;3,0
3599	7,1;2,1;3,1;6,1;7,0;2,0;3,0
3600	6,1;4,0;7,1;7,0
3601	4,0;7,1;6,1;7,0;2,0
3602	4,0;7,1;2,1;6,1;7,0
3603	4,0;7,1;2,1;6,1;7,0;2,0
3604	4,0;7,1;6,1;7,0;3,0
3605	4,0;7,1;6,1;7,0;2,0;3,0
3606	4,0;7,1;2,1;6,1;7,0;3,0
3607	4,0;7,1;2,1;6,1;7,0;2,0;3,0
3608	4,0;7,1;3,1;6,1;7,0
3609	4,0;7,1;3,1;6,1;7,0;2,0
3610	4,0;7,1;2,1;3,1;6,1;7,0
3611	4,0;7,1;2,1;3,1;6,1;7,0;2,0
3612	4,0;7,1;3,1;6,1;7,0;3,0
3613	4,0;7,1;3,1;6,1;7,0;2,0;3,0
3614	4,0;7,1;2,1;3,1;6,1;7,0;3,0
3615	4,0;7,1;2,1;3,1;6,1;7,0;2,0;3,0
3616	6,1;7,0;4,1;7,1
3617	7,1;6,1;7,0;2,0;4,1
3618	7,1;2,1;6,1;7,0;4,1
3619	7,1;2,1;6,1;7,0;2,0;4,1
3620	7,1;6,1;7,0;3,0;4,1
3621	7,1;6,1;7,0;2,0;3,0;4,1
3622	7,1;2,1;6,1;7,0;3,0;4,1
3623	7,1;2,1;6,1;7,0;2,0;3,0;4,1
3624	7,1;3,1;6,1;7,0;4,1
3625	7,1;3,1;6,1;7,0;2,0;4,1
3626	7,1;2,1;3,1;6,1;7,0;4,1
3627	7,1;2,1;3,1;6,1;7,0;2,0;4,1
3628	7,1;3,1;6,1;7,0;3,0;4,1
3629	7,1;3,1;6,1;7,0;2,0;3,0;4,1
3630	7,1;2,1;3,1;6,1;7,0;3,0;4,1
3631	7,1;2,1;3,1;6,1;7,0;2,0;3,0;4,1
3632	4,0;7,1;6,1;7,0;4,1
3633	4,0;7,1;6,1;7,0;2,0;4,1
3634	4,0;7,1;2,1;6,1;7,0;4,1
3635	4,0;7,1;2,1;6,1;7,0;2,0;4,1
3636	4,0;7,1;6,1;7,0;3,0;4,1
3637	4,0;7,1;6,1;7,0;2,0;3,0;4,1
3638	4,0;7,1;2,1;6,1;7,0;3,0;4,1
3639	4,0;7,1;2,1;6,1;7,0;2,0;3,0;4,1
3640	4,0;7,1;3,1;6,1;7,0;4,1
3641	4,0;7,1;3,1;6,1;7,0;2,0;4,1
3642	4,0;7,1;2,1;3,1;6,1;7,0;4,1
3643	4,0;7,1;2,1;3,1;6,1;7,0;2,0;4,1
3644	4,0;7,1;3,1;6,1;7,0;3,0;4,1
3645	4,0;7,1;3,1;6,1;7,0;2,0;3,0;4,1
3646	4,0;7,1;2,1;3,1;6,1;7,0;3,0;4,1
3647	4,0;7,1;2,1;3,1;6,1;7,0;2,0;3,0;4,1
3648	6,1;7,0;5,0;7,1
3649	7,1;6,1;7,0;2,0;5,0
3650	7,1;2,1;6,1;7,0;5,0
3651	7,1;2,1;6,1;7,0;2,0;5,0
3652	7,1;6,1;7,0;3,0;5,0
3653	7,1;6,1;7,0;2,0;3,0;5,0
3654	7,1;2,1;6,1;7,0;3,0;5,0
3655	7,1;2,1;6,1;7,0;2,0;3,0;5,0
3656	7,1;3,1;6,1;7,0;5,0
3657	7,1;3,1;6,1;7,0;2,0;5,0
3658	7,1;2,1;3,1;6,1;7,0;5,0
3659	7,1;2,1;3,1;6,1;7,0;2,0;5,0
3660	7,1;3,1;6,1;7,0;3,0;5,0
3661	7,1;3,1;6,1;7,0;2,0;3,0;5,0
3662	7,1;2,1;3,1;6,1;7,0;3,0;5,0
3663	7,1;2,1;3,1;6,1;7,0;2,0;3,0;5,0
3664	4,0;7,1;6,1;7,0;5,0
3665	4,0;7,1;6,1;7,0;2,0;5,0
3666	4,0;7,1;2,1;6,1;7,0;5,0
3667	4,0;7,1;2,1;6,1;7,0;2,0;5,0
3668	4,0;7,1;6,1;7,0;3,0;5,0
3669	4,0;7,1;6,1;7,0;2,0;3,0;5,0
3670	4,0;7,1;2,1;6,1;7,0;3,0;5,0
3671	4,0;7,1;2,1;6,1;7,0;2,0;3,0;5,0
3672	4,0;7,1;3,1;6,1;7,0;5,0
3673	4,0;7,1;3,1;6,1;7,0;2,0;5,0
3674	4,0;7,1;2,1;3,1;6,1;7,0;5,0
3675	4,0;7,1;2,1;3,1;6,1;7,0;2,0;5,0
3676	4,0;7,1;3,1;6,1;7,0;3,0;5,0
3677	4,0;7,1;3,1;6,1;7,0;2,0;3,0;5,0
3678	4,0;7,1;2,1;3,1;6,1;7,0;3,0;5,0
3679	4,0;7,1;2,1;3,1;6,1;7,0;2,0;3,0;5,0
3680	7,1;6,1;7,0;5,0;4,1
3681	7,1;6,1;7,0;2,0;5,0;4,1
3682	7,1;2,1;6,1;7,0;5,0;4,1
3683	7,1;2,1;6,1;7,0;2,0;5,0;4,1
3684	7,1;6,1;7,0;3,0;5,0;4,1
3685	7,1;6,1;7,0;2,0;3,0;5,0;4,1
3686	7,1;2,1;6,1;7,0;3,0;5,0;4,1
3687	7,1;2,1;6,1;7,0;2,0;3,0;5,0;4,1
3688	7,1;3,1;6,1;7,0;5,0;4,1
3689	7,1;3,1;6,1;7,0;2,0;5,0;4,1
3690	7,1;2,1;3,1;6,1;7,0;5,0;4,1
3691	7,1;2,1;3,1;6,1;7,0;2,0;5,0;4,1
3692	7,1;3,1;6,1;7,0;3,0;5,0;4,1
3693	7,1;3,1;6,1;7,0;2,0;3,0;5,0;4,1
3694	7,1;2,1;3,1;6,1;7,0;3,0;5,0;4,1
3695	7,1;2,1;3,1;6,1;7,0;2,0;3,0;5,0;4,1
3696	4,0;7,1;6,1;7,0;5,0;4,1
3697	4,0;7,1;6,1;7,0;2,0;5,0;4,1
3698	4,0;7,1;2,1;6,1;7,0;5,0;4,1
3699	4,0;7,1;2,1;6,1;7,0;2,0;5,0;4,1
3700	4,0;7,1;6,1;7,0;3,0;5,0;4,1
3701	4,0;7,1;6,1;7,0;2,0;3,0;5,0;4,1
3702	4,0;7,1;2,1;6,1;7,0;3,0;5,0;4,1
3703	4,0;7,1;2,1;6,1;7,0;2,0;3,0;5,0;4,1
3704	4,0;7,1;3,1;6,1;7,0;5,0;4,1
3705	4,0;7,1;3,1;6,1;7,0;2,0;5,0;4,1
3706	4,0;7,1;2,1;3,1;6,1;7,0;5,0;4,1
3707	4,0;7,1;2,1;3,1;6,1;7,0;2,0;5,0;4,1
3708	4,0;7,1;3,1;6,1;7,0;3,0;5,0;4,1
3709	4,0;7,1;3,1;6,1;7,0;2,0;3,0;5,0;4,1
3710	4,0;7,1;2,1;3,1;6,1;7,0;3,0;5,0;4,1
3711	4,0;7,1;2,1;3,1;6,1;7,0;2,0;3,0;5,0;4,1
3712	6,1;7,0;7,1;5,1
3713	7,1;6,1;7,0;2,0;5,1
3714	7,1;2,1;6,1;7,0;5,1
3715	7,1;2,1;6,1;7,0;2,0;5,1
3716	7,1;6,1;7,0;5,1;3,0
3717	7,1;6,1;7,0;2,0;5,1;3,0
3718	7,1;2,1;6,1;7,0;5,1;3,0
3719	7,1;2,1;6,1;7,0;2,0;5,1;3,0
3720	7,1;3,1;6,1;7,0;5,1
3721	7,1;3,1;6,1;7,0;2,0;5,1
3722	7,1;2,1;3,1;6,1;7,0;5,1
3723	7,1;2,1;3,1;6,1;7,0;2,0;5,1
3724	7,1;3,1;6,1;7,0;5,1;3,0
3725	7,1;3,1;6,1;7,0;2,0;5,1;3,0
3726	7,1;2,1;3,1;6,1;7,0;5,1;3,0
3727	7,1;2,1;3,1;6,1;7,0;2,0;5,1;3,0
3728	4,0;7,1;6,1;7,0;5,1
3729	4,0;7,1;6,1;7,0;2,0;5,1
3730	4,0;7,1;2,1;6,1;7,0;5,1
3731	4,0;7,1;2,1;6,1;7,0;2,0;5,1
3732	4,0;7,1;6,1;7,0;5,1;3,0
3733	4,0;7,1;6,1;7,0;2,0;5,1;3,0
3734	4,0;7,1;2,1;6,1;7,0;5,1;3,0
3735	4,0;7,1;2,1;6,1;7,0;2,0;5,1;3,0
3736	4,0;7,1;3,1;6,1;7,0;5,1
3737	4,0;7,1;3,1;6,1;7,0;2,0;5,1
3738	4,0;7,1;2,1;3,1;6,1;7,0;5,1
3739	4,0;7,1;2,1;3,1;6,1;7,0;2,0;5,1
3740	4,0;7,1;3,1;6,1;7,0;5,1;3,0
3741	4,0;7,1;3,1;6,1;7,0;2,0;5,1;3,0
3742	4,0;7,1;2,1;3,1;6,1;7,0;5,1;3,0
3743	4,0;7,1;2,1;3,1;6,1;7,0;2,0;5,1;3,0
3744	7,1;6,1;7,0;5,1;4,1
3745	7,1;6,1;7,0;2,0;5,1;4,1
3746	7,1;2,1;6,1;7,0;5,1;4,1
3747	7,1;2,1;6,1;7,0;2,0;5,1;4,1
3748	7,1;6,1;7,0;5,1;3,0;4,1
3749	7,1;6,1;7,0;2,0;5,1;3,0;4,1
3750	7,1;2,1;6,1;7,0;5,1;3,0;4,1
3751	7,1;2,1;6,1;7,0;2,0;5,1;3,0;4,1
3752	7,1;3,1;6,1;7,0;5,1;4,1
3753	7,1;3,1;6,1;7,0;2,0;5,1;4,1
3754	7,1;2,1;3,1;6,1;7,0;5,1;4,1
3755	7,1;2,1;3,1;6,1;7,0;2,0;5,1;4,1
3756	7,1;3,1;6,1;7,0;5,1;3,0;4,1
3757	7,1;3,1;6,1;7,0;2,0;5,1;3,0;4,1
3758	7,1;2,1;3,1;6,1;7,0;5,1;3,0;4,1
3759	7,1;2,1;3,1;6,1;7,0;2,0;5,1;3,0;4,1
3760	4,0;7,1;6,1;7,0;5,1;4,1
3761	4,0;7,1;6,1;7,0;2,0;5,1;4,1
3762	4,0;7,1;2,1;6,1;7,0;5,1;4,1
3763	4,0;7,1;2,1;6,1;7,0;2,0;5,1;4,1
3764	4,0;7,1;6,1;7,0;5,1;3,0;4,1
3765	4,0;7,1;6,1;7,0;2,0;5,1;3,0;4,1
3766	4,0;7,1;2,1;6,1;7,0;5,1;3,0;4,1
3767	4,0;7,1;2,1;6,1;7,0;2,0;5,1;3,0;4,1
3768	4,0;7,1;3,1;6,1;7,0;5,1;4,1
3769	4,0;7,1;3,1;6,1;7,0;2,0;5,1;4,1
3770	4,0;7,1;2,1;3,1;6,1;7,0;5,1;4,1
3771	4,0;7,1;2,1;3,1;6,1;7,0;2,0;5,1;4,1
3772	4,0;7,1;3,1;6,1;7,0;5,1;3,0;4,1
3773	4,0;7,1;3,1;6,1;7,0;2,0;5,1;3,0;4,1
3774	4,0;7,1;2,1;3,1;6,1;7,0;5,1;3,0;4,1
3775	4,0;7,1;2,1;3,1;6,1;7,0;2,0;5,1;3,0;4,1
3776	7,1;6,1;7,0;5,1;5,0
3777	7,1;6,1;7,0;2,0;5,1;5,0
3778	7,1;2,1;6,1;7,0;5,1;5,0
3779	7,1;2,1;6,1;7,0;2,0;5,1;5,0
3780	7,1;6,1;7,0;5,1;3,0;5,0
3781	7,1;6,1;7,0;2,0;5,1;3,0;5,0
3782	7,1;2,1;6,1;7,0;5,1;3,0;5,0
3783	7,1;2,1;6,1;7,0;2,0;5,1;3,0;5,0
3784	7,1;3,1;6,1;7,0;5,1;5,0
3785	7,1;3,1;6,1;7,0;2,0;5,1;5,0
3786	7,1;2,1;3,1;6,1;7,0;5,1;5,0
3787	7,1;2,1;3,1;6,1;7,0;2,0;5,1;5,0
3788	7,1;3,1;6,1;7,0;5,1;3,0;5,0
3789	7,1;3,1;6,1;7,0;2,0;5,1;3,0;5,0
3790	7,1;2,1;3,1;6,1;7,0;5,1;3,0;5,0
3791	7,1;2,1;3,1;6,1;7,0;2,0;5,1;3,0;5,0
3792	4,0;7,1;6,1;7,0;5,1;5,0
3793	4,0;7,1;6,1;7,0;2,0;5,1;5,0
3794	4,0;7,1;2,1;6,1;7,0;5,1;5,0
3795	4,0;7,1;2,1;6,1;7,0;2,0;5,1;5,0
3796	4,0;7,1;6,1;7,0;5,1;3,0;5,0
3797	4,0;7,1;6,1;7,0;2,0;5,1;3,0;5,0
3798	4,0;7,1;2,1;6,1;7,0;5,1;3,0;5,0
3799	4,0;7,1;2,1;6,1;7,0;2,0;5,1;3,0;5,0
3800	4,0;7,1;3,1;6,1;7,0;5,1;5,0
3801	4,0;7,1;3,1;6,1;7,0;2,0;5,1;5,0
3802	4,0;7,1;2,1;3,1;6,1;7,0;5,1;5,0
3803	4,0;7,1;2,1;3,1;6,1;7,0;2,0;5,1;5,0
3804	4,0;7,1;3,1;6,1;7,0;5,1;3,0;5,0
3805	4,0;7,1;3,1;6,1;7,0;2,0;5,1;3,0;5,0
3806	4,0;7,1;2,1;3,1;6,1;7,0;5,1;3,0;5,0
3807	4,0;7,1;2,1;3,1;6,1;7,0;2,0;5,1;3,0;5,0
3808	7,1;6,1;7,0;5,1;5,0;4,1
3809	7,1;6,1;7,0;2,0;5,1;5,0;4,1
3810	7,1;2,1;6,1;7,0;5,1;5,0;4,1
3811	7,1;2,1;6,1;7,0;2,0;5,1;5,0;4,1
3812	7,1;6,1;7,0;5,1;3,0;5,0;4,1
3813	7,1;6,1;7,0;2,0;5,1;3,0;5,0;4,1
3814	7,1;2,1;6,1;7,0;5,1;3,0;5,0;4,1
3815	7,1;2,1;6,1;7,0;2,0;5,1;3,0;5,0;4,1
3816	7,1;3,1;6,1;7,0;5,1;5,0;4,1
3817	7,1;3,1;6,1;7,0;2,0;5,1;5,0;4,1
3818	7,1;2,1;3,1;6,1;7,0;5,1;5,0;4,1
3819	7,1;2,1;3,1;6,1;7,0;2,0;5,1;5,0;4,1
3820	7,1;3,1;6,1;7,0;5,1;3,0;5,0;4,1
3821	7,1;3,1;6,1;7,0;2,0;5,1;3,0;5,0;4,1
3822	7,1;2,1;3,1;6,1;7,0;5,1;3,0;5,0;4,1
3823	7,1;2,1;3,1;6,1;7,0;2,0;5,1;3,0;5,0;4,1
3824	4,0;7,1;6,1;7,0;5,1;5,0;4,1
3825	4,0;7,1;6,1;7,0;2,0;5,1;5,0;4,1
3826	4,0;7,1;2,1;6,1;7,0;5,1;5,0;4,1
3827	4,0;7,1;2,1;6,1;7,0;2,0;5,1;5,0;4,1
3828	4,0;7,1;6,1;7,0;5,1;3,0;5,0;4,1
3829	4,0;7,1;6,1;7,0;2,0;5,1;3,0;5,0;4,1
3830	4,0;7,1;2,1;6,1;7,0;5,1;3,0;5,0;4,1
3831	4,0;7,1;2,1;6,1;7,0;2,0;5,1;3,0;5,0;4,1
3832	4,0;7,1;3,1;6,1;7,0;5,1;5,0;4,1
3833	4,0;7,1;3,1;6,1;7,0;2,0;5,1;5,0;4,1
3834	4,0;7,1;2,1;3,1;6,1;7,0;5,1;5,0;4,1
3835	4,0;7,1;2,1;3,1;6,1;7,0;2,0;5,1;5,0;4,1
3836	4,0;7,1;3,1;6,1;7,0;5,1;3,0;5,0;4,1
3837	4,0;7,1;3,1;6,1;7,0;2,0;5,1;3,0;5,0;4,1
3838	4,0;7,1;2,1;3,1;6,1;7,0;5,1;3,0;5,0;4,1
3839	4,0;7,1;2,1;3,1;6,1;7,0;2,0;5,1;3,0;5,0;4,1
3840	6,1;7,0;7,1;6,0
3841	7,1;6,1;7,0;2,0;6,0
3842	7,1;2,1;6,1;7,0;6,0
3843	7,1;2,1;6,1;7,0;2,0;6,0
3844	7,1;6,1;7,0;3,0;6,0
3845	7,1;6,1;7,0;2,0;3,0;6,0
3846	7,1;2,1;6,1;7,0;3,0;6,0
3847	7,1;2,1;6,1;7,0;2,0;3,0;6,0
3848	7,1;3,1;6,1;7,0;6,0
3849	7,1;3,1;6,1;7,0;2,0;6,0
3850	7,1;2,1;3,1;6,1;7,0;6,0
3851	7,1;2,1;3,1;6,1;7,0;2,0;6,0
3852	7,1;3,1;6,1;7,0;3,0;6,0
3853	7,1;3,1;6,1;7,0;2,0;3,0;6,0
3854	7,1;2,1;3,1;6,1;7,0;3,0;6,0
3855	7,1;2,1;3,1;6,1;7,0;2,0;3,0;6,0
3856	4,0;7,1;6,1;7,0;6,0
3857	4,0;7,1;6,1;7,0;2,0;6,0
3858	4,0;7,1;2,1;6,1;7,0;6,0
3859	4,0;7,1;2,1;6,1;7,0;2,0;6,0
3860	4,0;7,1;6,1;7,0;3,0;6,0
3861	4,0;7,1;6,1;7,0;2,0;3,0;6,0
3862	4,0;7,1;2,1;6,1;7,0;3,0;6,0
3863	4,0;7,1;2,1;6,1;7,0;2,0;3,0;6,0
3864	4,0;7,1;3,1;6,1;7,0;6,0
3865	4,0;7,1;3,1;6,1;7,0;2,0;6,0
3866	4,0;7,1;2,1;3,1;6,1;7,0;6,0
3867	4,0;7,1;2,1;3,1;6,1;7,0;2,0;6,0
3868	4,0;7,1;3,1;6,1;7,0;3,0;6,0
3869	4,0;7,1;3,1;6,1;7,0;2,0;3,0;6,0
3870	4,0;7,1;2,1;3,1;6,1;7,0;3,0;6,0
3871	4,0;7,1;2,1;3,1;6,1;7,0;2,0;3,0;6,0
3872	7,1;6,1;7,0;6,0;4,1
3873	7,1;6,1;7,0;2,0;6,0;4,1
3874	7,1;2,1;6,1;7,0;6,0;4,1
3875	7,1;2,1;6,1;7,0;2,0;6,0;4,1
3876	7,1;6,1;7,0;3,0;6,0;4,1
3877	7,1;6,1;7,0;2,0;3,0;6,0;4,1
3878	7,1;2,1;6,1;7,0;3,0;6,0;4,1
3879	7,1;2,1;6,1;7,0;2,0;3,0;6,0;4,1
3880	7,1;3,1;6,1;7,0;6,0;4,1
3881	7,1;3,1;6,1;7,0;2,0;6,0;4,1
3882	7,1;2,1;3,1;6,1;7,0;6,0;4,1
3883	7,1;2,1;3,1;6,1;7,0;2,0;6,0;4,1
3884	7,1;3,1;6,1;7,0;3,0;6,0;4,1
3885	7,1;3,1;6,1;7,0;2,0;3,0;6,0;4,1
3886	7,1;2,1;3,1;6,1;7,0;3,0;6,0;4,1
3887	7,1;2,1;3,1;6,1;7,0;2,0;3,0;6,0;4,1
3888	4,0;7,1;6,1;7,0;6,0;4,1
3889	4,0;7,1;6,1;7,0;2,0;6,0;4,1
3890	4,0;7,1;2,1;6,1;7,0;6,0;4,1
3891	4,0;7,1;2,1;6,1;7,0;2,0;6,0;4,1
3892	4,0;7,1;6,1;7,0;3,0;6,0;4,1
3893	4,0;7,1;6,1;7,0;2,0;3,0;6,0;4,1
3894	4,0;7,1;2,1;6,1;7,0;3,0;6,0;4,1
3895	4,0;7,1;2,1;6,1;7,0;2,0;3,0;6,0;4,1
3896	4,0;7,1;3,1;6,1;7,0;6,0;4,1
3897	4,0;7,1;3,1;6,1;7,0;2,0;6,0;4,1
3898	4,0;7,1;2,1;3,1;6,1;7,0;6,0;4,1
3899	4,0;7,1;2,1;3,1;6,1;7,0;2,0;6,0;4,1
3900	4,0;7,1;3,1;6,1;7,0;3,0;6,0;4,1
3901	4,0;7,1;3,1;6,1;7,0;2,0;3,0;6,0;4,1
3902	4,0;7,1;2,1;3,1;6,1;7,0;3,0;6,0;4,1
3903	4,0;7,1;2,1;3,1;6,1;7,0;2,0;3,0;6,0;4,1
3904	7,1;6,1;7,0;5,0;6,0
3905	7,1;6,1;7,0;2,0;5,0;6,0
3906	7,1;2,1;6,1;7,0;5,0;6,0
3907	7,1;2,1;6,1;7,0;2,0;5,0;6,0
3908	7,1;6,1;7,0;3,0;5,0;6,0
3909	7,1;6,1;7,0;2,0;3,0;5,0;6,0
3910	7,1;2,1;6,1;7,0;3,0;5,0;6,0
3911	7,1;2,1;6,1;7,0;2,0;3,0;5,0;6,0
3912	7,1;3,1;6,1;7,0;5,0;6,0
3913	7,1;3,1;6,1;7,0;2,0;5,0;6,0
3914	7,1;2,1;3,1;6,1;7,0;5,0;6,0
3915	7,1;2,1;3,1;6,1;7,0;2,0;5,0;6,0
3916	7,1;3,1;6,1;7,0;3,0;5,0;6,0
3917	7,1;3,1;6,1;7,0;2,0;3,0;5,0;6,0
3918	7,1;2,1;3,1;6,1;7,0;3,0;5,0;6,0
3919	7,1;2,1;3,1;6,1;7,0;2,0;3,0;5,0;6,0
3920	4,0;7,1;6,1;7,0;5,0;6,0
3921	4,0;7,1;6,1;7,0;2,0;5,0;6,0
3922	4,0;7,1;2,1;6,1;7,0;5,0;6,0
3923	4,0;7,1;2,1;6,1;7,0;2,0;5,0;6,0
3924	4,0;7,1;6,1;7,0;3,0;5,0;6,0
3925	4,0;7,1;6,1;7,0;2,0;3,0;5,0;6,0
3926	4,0;7,1;2,1;6,1;7,0;3,0;5,0;6,0
3927	4,0;7,1;2,1;6,1;7,0;2,0;3,0;5,0;6,0
3928	4,0;7,1;3,1;6,1;7,0;5,0;6,0
3929	4,0;7,1;3,1;6,1;7,0;2,0;5,0;6,0
3930	4,0;7,1;2,1;3,1;6,1;7,0;5,0;6,0
3931	4,0;7,1;2,1;3,1;6,1;7,0;2,0;5,0;6,0
3932	4,0;7,1;3,1;6,1;7,0;3,0;5,0;6,0
3933	4,0;7,1;3,1;6,1;7,0;2,0;3,0;5,0;6,0
3934	4,0;7,1;2,1;3,1;6,1;7,0;3,0;5,0;6,0
3935	4,0;7,1;2,1;3,1;6,1;7,0;2,0;3,0;5,0;6,0
3936	7,1;6,1;7,0;5,0;6,0;4,1
3937	7,1;6,1;7,0;2,0;5,0;6,0;4,1
3938	7,1;2,1;6,1;7,0;5,0;6,0;4,1
3939	7,1;2,1;6,1;7,0;2,0;5,0;6,0;4,1
3940	7,1;6,1;7,0;3,0;5,0;6,0;4,1
3941	7,1;6,1;7,0;2,0;3,0;5,0;6,0;4,1
3942	7,1;2,1;6,1;7,0;3,0;5,0;6,0;4,1
3943	7,1;2,1;6,1;7,0;2,0;3,0;5,0;6,0;4,1
3944	7,1;3,1;6,1;7,0;5,0;6,0;4,1
3945	7,1;3,1;6,1;7,0;2,0;5,0;6,0;4,1
3946	7,1;2,1;3,1;6,1;7,0;5,0;6,0;4,1
3947	7,1;2,1;3,1;6,1;7,0;2,0;5,0;6,0;4,1
3948	7,1;3,1;6,1;7,0;3,0;5,0;6,0;4,1
3949	7,1;3,1;6,1;7,0;2,0;3,0;5,0;6,0;4,1
3950	7,1;2,1;3,1;6,1;7,0;3,0;5,0;6,0;4,1
3951	7,1;2,1;3,1;6,1;7,0;2,0;3,0;5,0;6,0;4,1
3952	4,0;7,1;6,1;7,0;5,0;6,0;4,1
3953	4,0;7,1;6,1;7,0;2,0;5,0;6,0;4,1
3954	4,0;7,1;2,1;6,1;7,0;5,0;6,0;4,1
3955	4,0;7,1;2,1;6,1;7,0;2,0;5,0;6,0;4,1
3956	4,0;7,1;6,1;7,0;3,0;5,0;6,0;4,1
3957	4,0;7,1;6,1;7,0;2,0;3,0;5,0;6,0;4,1
3958	4,0;7,1;2,1;6,1;7,0;3,0;5,0;6,0;4,1
3959	4,0;7,1;2,1;6,1;7,0;2,0;3,0;5,0;6,0;4,1
3960	4,0;7,1;3,1;6,1;7,0;5,0;6,0;4,1
3961	4,0;7,1;3,1;6,1;7,0;2,0;5,0;6,0;4,1
3962	4,0;7,1;2,1;3,1;6,1;7,0;5,0;6,0;4,1
3963	4,0;7,1;2,1;3,1;6,1;7,0;2,0;5,0;6,0;4,1
3964	4,0;7,1;3,1;6,1;7,0;3,0;5,0;6,0;4,1
3965	4,0;7,1;3,1;6,1;7,0;2,0;3,0;5,0;6,0;4,1
3966	4,0;7,1;2,1;3,1;6,1;7,0;3,0;5,0;6,0;4,1
3967	4,0;7,1;2,1;3,1;6,1;7,0;2,0;3,0;5,0;6,0;4,1
3968	7,1;6,1;7,0;5,1;6,0
3969	7,1;6,1;7,0;2,0;5,1;6,0
3970	7,1;2,1;6,1;7,0;5,1;6,0
3971	7,1;2,1;6,1;7,0;2,0;5,1;6,0
3972	7,1;6,1;7,0;5,1;3,0;6,0
3973	7,1;6,1;7,0;2,0;5,1;3,0;6,0
3974	7,1;2,1;6,1;7,0;5,1;3,0;6,0
3975	7,1;2,1;6,1;7,0;2,0;5,1;3,0;6,0
3976	7,1;3,1;6,1;7,0;5,1;6,0
3977	7,1;3,1;6,1;7,0;2,0;5,1;6,0
3978	7,1;2,1;3,1;6,1;7,0;5,1;6,0
3979	7,1;2,1;3,1;6,1;7,0;2,0;5,1;6,0
3980	7,1;3,1;6,1;7,0;5,1;3,0;6,0
3981	7,1;3,1;6,1;7,0;2,0;5,1;3,0;6,0
3982	7,1;2,1;3,1;6,1;7,0;5,1;3,0;6,0
3983	7,1;2,1;3,1;6,1;7,0;2,0;5,1;3,0;6,0
3984	4,0;7,1;6,1;7,0;5,1;6,0
3985	4,0;7,1;6,1;7,0;2,0;5,1;6,0
3986	4,0;7,1;2,1;6,1;7,0;5,1;6,0
3987	4,0;7,1;2,1;6,1;7,0;2,0;5,1;6,0
3988	4,0;7,1;6,1;7,0;5,1;3,0;6,0
3989	4,0;7,1;6,1;7,0;2,0;5,1;3,0;6,0
3990	4,0;7,1;2,1;6,1;7,0;5,1;3,0;6,0
3991	4,0;7,1;2,1;6,1;7,0;2,0;5,1;3,0;6,0
3992	4,0;7,1;3,1;6,1;7,0;5,1;6,0
3993	4,0;7,1;3,1;6,1;7,0;2,0;5,1;6,0
3994	4,0;7,1;2,1;3,1;6,1;7,0;5,1;6,0
3995	4,0;7,1;2,1;3,1;6,1;7,0;2,0;5,1;6,0
3996	4,0;7,1;3,1;6,1;7,0;5,1;3,0;6,0
3997	4,0;7,1;3,1;6,1;7,0;2,0;5,1;3,0;6,0
3998	4,0;7,1;2,1;3,1;6,1;7,0;5,1;3,0;6,0
3999	4,0;7,1;2,1;3,1;6,1;7,0;2,0;5,1;3,0;6,0
4000	7,1;6,1;7,0;5,1;6,0;4,1
4001	7,1;6,1;7,0;2,0;5,1;6,0;4,1
4002	7,1;2,1;6,1;7,0;5,1;6,0;4,1
4003	7,1;2,1;6,1;7,0;2,0;5,1;6,0;4,1
4004	7,1;6,1;7,0;5,1;3,0;6,0;4,1
4005	7,1;6,1;7,0;2,0;5,1;3,0;6,0;4,1
4006	7,1;2,1;6,1;7,0;5,1;3,0;6,0;4,1
4007	7,1;2,1;6,1;7,0;2,0;5,1;3,0;6,0;4,1
4008	7,1;3,1;6,1;7,0;5,1;6,0;4,1
4009	7,1;3,1;6,1;7,0;2,0;5,1;6,0;4,1
4010	7,1;2,1;3,1;6,1;7,0;5,1;6,0;4,1
4011	7,1;2,1;3,1;6,1;7,0;2,0;5,1;6,0;4,1
4012	7,1;3,1;6,1;7,0;5,1;3,0;6,0;4,1
4013	7,1;3,1;6,1;7,0;2,0;5,1;3,0;6,0;4,1
4014	7,1;2,1;3,1;6,1;7,0;5,1;3,0;6,0;4,1
4015	7,1;2,1;3,1;6,1;7,0;2,0;5,1;3,0;6,0;4,1
4016	4,0;7,1;6,1;7,0;5,1;6,0;4,1
4017	4,0;7,1;6,1;7,0;2,0;5,1;6,0;4,1
4018	4,0;7,1;2,1;6,1;7,0;5,1;6,0;4,1
4019	4,0;7,1;2,1;6,1;7,0;2,0;5,1;6,0;4,1
4020	4,0;7,1;6,1;7,0;5,1;3,0;6,0;4,1
4021	4,0;7,1;6,1;7,0;2,0;5,1;3,0;6,0;4,1
4022	4,0;7,1;2,1;6,1;7,0;5,1;3,0;6,0;4,1
4023	4,0;7,1;2,1;6,1;7,0;2,0;5,1;3,0;6,0;4,1
4024	4,0;7,1;3,1;6,1;7,0;5,1;6,0;4,1
4025	4,0;7,1;3,1;6,1;7,0;2,0;5,1;6,0;4,1
4026	4,0;7,1;2,1;3,1;6,1;7,0;5,1;6,0;4,1
4027	4,0;7,1;2,1;3,1;6,1;7,0;2,0;5,1;6,0;4,1
4028	4,0;7,1;3,1;6,1;7,0;5,1;3,0;6,0;4,1
4029	4,0;7,1;3,1;6,1;7,0;2,0;5,1;3,0;6,0;4,1
4030	4,0;7,1;2,1;3,1;6,1;7,0;5,1;3,0;6,0;4,1
4031	4,0;7,1;2,1;3,1;6,1;7,0;2,0;5,1;3,0;6,0;4,1
4032	7,1;6,1;7,0;5,1;5,0;6,0
4033	7,1;6,1;7,0;2,0;5,1;5,0;6,0
4034	7,1;2,1;6,1;7,0;5,1;5,0;6,0
4035	7,1;2,1;6,1;7,0;2,0;5,1;5,0;6,0
4036	7,1;6,1;7,0;5,1;3,0;5,0;6,0
4037	7,1;6,1;7,0;2,0;5,1;3,0;5,0;6,0
4038	7,1;2,1;6,1;7,0;5,1;3,0;5,0;6,0
4039	7,1;2,1;6,1;7,0;2,0;5,1;3,0;5,0;6,0
4040	7,1;3,1;6,1;7,0;5,1;5,0;6,0
4041	7,1;3,1;6,1;7,0;2,0;5,1;5,0;6,0
4042	7,1;2,1;3,1;6,1;7,0;5,1;5,0;6,0
4043	7,1;2,1;3,1;6,1;7,0;2,0;5,1;5,0;6,0
4044	7,1;3,1;6,1;7,0;5,1;3,0;5,0;6,0
4045	7,1;3,1;6,1;7,0;2,0;5,1;3,0;5,0;6,0
4046	7,1;2,1;3,1;6,1;7,0;5,1;3,0;5,0;6,0
4047	7,1;2,1;3,1;6,1;7,0;2,0;5,1;3,0;5,0;6,0
4048	4,0;7,1;6,1;7,0;5,1;5,0;6,0
4049	4,0;7,1;6,1;7,0;2,0;5,1;5,0;6,0
4050	4,0;7,1;2,1;6,1;7,0;5,1;5,0;6,0
4051	4,0;7,1;2,1;6,1;7,0;2,0;5,1;5,0;6,0
4052	4,0;7,1;6,1;7,0;5,1;3,0;5,0;6,0
4053	4,0;7,1;6,1;7,0;2,0;5,1;3,0;5,0;6,0
4054	4,0;7,1;2,1;6,1;7,0;5,1;3,0;5,0;6,0
4055	4,0;7,1;2,1;6,1;7,0;2,0;5,1;3,0;5,0;6,0
4056	4,0;7,1;3,1;6,1;7,0;5,1;5,0;6,0
4057	4,0;7,1;3,1;6,1;7,0;2,0;5,1;5,0;6,0
4058	4,0;7,1;2,1;3,1;6,1;7,0;5,1;5,0;6,0
4059	4,0;7,1;2,1;3,1;6,1;7,0;2,0;5,1;5,0;6,0
4060	4,0;7,1;3,1;6,1;7,0;5,1;3,0;5,0;6,0
4061	4,0;7,1;3,1;6,1;7,0;2,0;5,1;3,0;5,0;6,0
4062	4,0;7,1;2,1;3,1;6,1;7,0;5,1;3,0;5,0;6,0
4063	4,0;7,1;2,1;3,1;6,1;7,0;2,0;5,1;3,0;5,0;6,0
4064	7,1;6,1;7,0;5,1;5,0;6,0;4,1
4065	7,1;6,1;7,0;2,0;5,1;5,0;6,0;4,1
4066	7,1;2,1;6,1;7,0;5,1;5,0;6,0;4,1
4067	7,1;2,1;6,1;7,0;2,0;5,1;5,0;6,0;4,1
4068	7,1;6,1;7,0;5,1;3,0;5,0;6,0;4,1
4069	7,1;6,1;7,0;2,0;5,1;3,0;5,0;6,0;4,1
4070	7,1;2,1;6,1;7,0;5,1;3,0;5,0;6,0;4,1
4071	7,1;2,1;6,1;7,0;2,0;5,1;3,0;5,0;6,0;4,1
4072	7,1;3,1;6,1;7,0;5,1;5,0;6,0;4,1
4073	7,1;3,1;6,1;7,0;2,0;5,1;5,0;6,0;4,1
4074	7,1;2,1;3,1;6,1;7,0;5,1;5,0;6,0;4,1
4075	7,1;2,1;3,1;6,1;7,0;2,0;5,1;5,0;6,0;4,1
4076	7,1;3,1;6,1;7,0;5,1;3,0;5,0;6,0;4,1
4077	7,1;3,1;6,1;7,0;2,0;5,1;3,0;5,0;6,0;4,1
4078	7,1;2,1;3,1;6,1;7,0;5,1;3,0;5,0;6,0;4,1
4079	7,1;2,1;3,1;6,1;7,0;2,0;5,1;3,0;5,0;6,0;4,1
4080	4,0;7,1;6,1;7,0;5,1;5,0;6,0;4,1
4081	4,0;7,1;6,1;7,0;2,0;5,1;5,0;6,0;4,1
4082	4,0;7,1;2,1;6,1;7,0;5,1;5,0;6,0;4,1
4083	4,0;7,1;2,1;6,1;7,0;2,0;5,1;5,0;6,0;4,1
4084	4,0;7,1;6,1;7,0;5,1;3,0;5,0;6,0;4,1
4085	4,0;7,1;6,1;7,0;2,0;5,1;3,0;5,0;6,0;4,1
4086	4,0;7,1;2,1;6,1;7,0;5,1;3,0;5,0;6,0;4,1
4087	4,0;7,1;2,1;6,1;7,0;2,0;5,1;3,0;5,0;6,0;4,1
4088	4,0;7,1;3,1;6,1;7,0;5,1;5,0;6,0;4,1
4089	4,0;7,1;3,1;6,1;7,0;2,0;5,1;5,0;6,0;4,1
4090	4,0;7,1;2,1;3,1;6,1;7,0;5,1;5,0;6,0;4,1
4091	4,0;7,1;2,1;3,1;6,1;7,0;2,0;5,1;5,0;6,0;4,1
4092	4,0;7,1;3,1;6,1;7,0;5,1;3,0;5,0;6,0;4,1
4093	4,0;7,1;3,1;6,1;7,0;2,0;5,1;3,0;5,0;6,0;4,1
4094	4,0;7,1;2,1;3,1;6,1;7,0;5,1;3,0;5,0;6,0;4,1
4095	4,0;7,1;2,1;3,1;6,1;7,0;2,0;5,1;3,0;5,0;6,0;4,1
