Bedeutung	Anwendung_der_Sonnen_und_Monde	22
Bedeutung	Gestirn	64,154
Bedeutung	Jura	34
Bedeutung	Konjunktiv_Wurzelbildung	106
Bedeutung	Mechanismen_der_Züchtung	107,108,109
Bedeutung	Primzahlen	19
Bedeutung	Vollkommenheit_des_Geistes	35
Bedeutung	Vorzeichen	118,119
Bedeutung	Zählungen	25,45,169,188,386,390
Bedeutung	anwendungdersonnen	22
Bedeutung	anwendungdersonnenundmonde	22
Bedeutung	anwendungenfuermonde	22
Bedeutung	geist	35
Bedeutung	gesetzeslehre	34
Bedeutung	gestirn	64,154
Bedeutung	in_ReTa	209,210,474,475
Bedeutung	inreta	209,210,474,475
Bedeutung	jura	34
Bedeutung	konjunktiv	106
Bedeutung	mechanismen	107,108,109
Bedeutung	mond	64,154
Bedeutung	planet	64,154
Bedeutung	primzahlen	19
Bedeutung	recht	34
Bedeutung	sonne	64,154
Bedeutung	vielfache	19
Bedeutung	vielfacher	19
Bedeutung	vollkommenheit	35
Bedeutung	vorzeichen	118,119
Bedeutung	wesen	107,108,109
Bedeutung	wurzel	106
Bedeutung	zaehlung	25,45,169,188,386,390
Bedeutung	zaehlungen	25,45,169,188,386,390
Bedeutung	zuechten	107,108,109
Bedeutung	zuechtung	107,108,109
Bedeutung	zählung	25,45,169,188,386,390
Bedeutung	zählungen	25,45,169,188,386,390
Bedeutung	züchten	107,108,109
Bedeutung	züchtung	107,108,109
Eigenschaften_1/n	Filterart_Widrigkeit	331,335
Eigenschaften_1/n	filterart	331,335
Eigenschaften_1/n	widrigkeit	331,335
Eigenschaften_n	Egoismus_vs_Altruismus	136
Eigenschaften_n	Sinn_und_Zweck_des_Lebens	88,189
Eigenschaften_n	Weisheit_etc	112
Eigenschaften_n	aehnlich	220
Eigenschaften_n	altruismus	136
Eigenschaften_n	altruist	136
Eigenschaften_n	bedeutung	88,189
Eigenschaften_n	boese	52,53
Eigenschaften_n	böse	52,53
Eigenschaften_n	egoismus	136
Eigenschaften_n	egoist	136
Eigenschaften_n	gut	52,53
Eigenschaften_n	gut_böse_lieb_schlecht	52,53
Eigenschaften_n	idiot	112
Eigenschaften_n	lieb	52,53
Eigenschaften_n	meta-weisheit	112
Eigenschaften_n	metaweisheit	112
Eigenschaften_n	optimal	112
Eigenschaften_n	optimum	112
Eigenschaften_n	schlecht	52,53
Eigenschaften_n	sinn	88,189
Eigenschaften_n	weise	112
Eigenschaften_n	weisheit	112
Eigenschaften_n	zweck	88,189
Eigenschaften_n	ähnlich	220
Galaxie	Hochzüchten	318,319
Galaxie	Kugeln_Kreise	77,145
Galaxie	Lebewesen_Galaxie_am_Besten	470,471,473
Galaxie	Modallogik	148
Galaxie	Offenbarung_des_Johannes	90
Galaxie	Raum-Missionen	218
Galaxie	Superkraefte	444,494,496
Galaxie	Superkräfte	444,494,496
Galaxie	Thomasevangelium	0,3,303
Galaxie	Transzendentalien_innen_außen	149
Galaxie	ZergAliens_MenschenHumanoid_ProtosPraedatoren	521
Galaxie	analytische_Ontologie	84
Galaxie	analytischeontologie	84
Galaxie	babylon	1,2
Galaxie	babylonische_Tierkreiszeichen	1,2
Galaxie	bibel	90
Galaxie	china	91
Galaxie	chinesisches_Horoskop	91
Galaxie	chinesischeshoroskop	91
Galaxie	hochzuechten	318,319
Galaxie	hochzüchten	318,319
Galaxie	innenaussenstrukur	149
Galaxie	innenaußenstrukur	149
Galaxie	johannes	90
Galaxie	kreise	77,145
Galaxie	kugeln	77,145
Galaxie	kugelnkreise	77,145
Galaxie	modallogik	148
Galaxie	offenbarung	90
Galaxie	offenbarungdesjohannes	90
Galaxie	offenbarungjohannes	90
Galaxie	ontologie	84
Galaxie	strukturalieninnenaussen	149
Galaxie	strukturalieninnenaußen	149
Galaxie	thomas	0,3,303
Galaxie	thomasevangelium	0,3,303
Galaxie	tierkreiszeichen	1,2
Galaxie	transzendentalieninnenaussen	149
Galaxie	transzendentalieninnenaußen	149
Galaxie	weltall	218
Grundstrukturen	Absicht_1/6_ist_Reinigung_und_Klarheit	298
Grundstrukturen	Absicht_1/8	272,379
Grundstrukturen	Absicht_10_ist_Wirklichkeit_erkennen	260
Grundstrukturen	Absicht_13_ist_Helfen	370
Grundstrukturen	Absicht_16_ist_zu_genügen	312
Grundstrukturen	Absicht_17_ist_zu_meinen	263
Grundstrukturen	Absicht_6_ist_Vorteilsmaximierung	262
Grundstrukturen	Absicht_7_ist_Selbstlosigkeit	261
Grundstrukturen	Achtung_(4)	270,393
Grundstrukturen	Anführer_Arten_(7)	429,455,481,482,490,497,498,499,502,509
Grundstrukturen	Ansichten_Standpunkte_(18_17)	240,346
Grundstrukturen	Attraktionen_(36)	311
Grundstrukturen	Bedeutung_(10)	306
Grundstrukturen	Bedingung_und_Auslöser_(1/3)	338
Grundstrukturen	Bestrafung	463
Grundstrukturen	Bestrebungen(1/5)	332,414
Grundstrukturen	Bewusstheit_statt_Bewusstsein_(1)	282
Grundstrukturen	Biologischer_Baum_(15)	500
Grundstrukturen	Empathie_(37)	294
Grundstrukturen	Energie_und_universelle_Eigenschaften_(30)	287,293
Grundstrukturen	Erloesung	465
Grundstrukturen	Erlösung	465
Grundstrukturen	Erwartungshaltungen_(26)	344
Grundstrukturen	Existenzialien_(3)	348
Grundstrukturen	Extremalien_(19)	347,352
Grundstrukturen	Fundament_(1/19)	356
Grundstrukturen	Funktionen_Vorstellungen_(16)	264,345,388,418
Grundstrukturen	Garben_und_Verhalten_nachfühlen(31)	295
Grundstrukturen	Gedanken_sind_Positionen_(17)	249,317,323
Grundstrukturen	Gefühle_(7)	29,243,283,284,285,286,305
Grundstrukturen	Geist_(15)	229,231,242,273,297,304,426
Grundstrukturen	Gewalt	466,479
Grundstrukturen	Größenordnung	4,21,54,197,425,745
Grundstrukturen	Impulse_(5)	251,253,257,341
Grundstrukturen	Karte_Filter_und_Unterscheidung_(1/12)	377
Grundstrukturen	Klassen_(20)	241,289,394,395,485,516,697
Grundstrukturen	Koalitionen_(10)	321
Grundstrukturen	Konkreta_und_Focus_(2)	250,253,269
Grundstrukturen	Kontroverse_(51)	421
Grundstrukturen	Lebensbereiche_Problemklassen_(28)	405,415,416
Grundstrukturen	Leidenschaften_(21)	343
Grundstrukturen	Liebe_(7)	8,9,28,208,221,330,580
Grundstrukturen	Lust_(9)	255,391
Grundstrukturen	Maßnahmen_(39)	384
Grundstrukturen	Meta-Systeme_(12)	79,80,232,288,334,410,411,483,497,498,499
Grundstrukturen	Model_of_Hierarchical_Complexity	65,75,203,483
Grundstrukturen	Modus_und_Sein_(8)	234,337,385,387,491
Grundstrukturen	Netzwerk	417,436
Grundstrukturen	Optimierung_(10)	310
Grundstrukturen	Ordnung_und_Filterung_12_und_1pro12	132,328,331,335
Grundstrukturen	Paradigmen_sind_Absichten_(13)	10,42,410,411,493,494
Grundstrukturen	Prinzipien(1/8)	329,378
Grundstrukturen	Rechnen	404
Grundstrukturen	Reflektion_und_Kategorien_(1/15)	204,205,281
Grundstrukturen	Reflexe_(3)	256
Grundstrukturen	Relation_zueinander_reziprok_Universellen_(18→n_vs._1/n)	350
Grundstrukturen	Reziprokes	42,131,204,205,231,257,273,281,284,285,326,327,328,329,330,331,332,334,335,338,416
Grundstrukturen	Sollen_Frage_Vorgehensweise_(1/13)	353,354
Grundstrukturen	Stimmungen_Kombinationen_(14)	33,290,296,325,326,327,402,403,406,407,408,430,492
Grundstrukturen	Strukturalien_bzw_Meta-Paradigmen_bzw_Transzendentalien_(15)	5,131,229
Grundstrukturen	Strukturgrösse	4,21,54,197,425,745
Grundstrukturen	System	69,70,440,455,476,513
Grundstrukturen	Taetigkeiten	424
Grundstrukturen	Teilchen_anderes_Universum	512
Grundstrukturen	Themen_(6)	309
Grundstrukturen	Transzendentalien	5,131,229
Grundstrukturen	Triebe_und_Bedürfnisse_(6)	254,392,396,397,423
Grundstrukturen	Verbundenheiten_(18)	252,299,300,336,580
Grundstrukturen	Verhalten_(11)	301,302,413
Grundstrukturen	Wirklichkeiten_Wahrheit_Wahrnehmung_(10)	233,265,268,322,342,480
Grundstrukturen	Wohlbefinden_(7mit6)	427,428
Grundstrukturen	Zahlenvergleich_(15_18_6)	340
Grundstrukturen	Zeit_(4)_als_Wirklichkeit	266,267
Grundstrukturen	Ziele_(19)	271
Grundstrukturen	abhaengigkeit	357
Grundstrukturen	abhängige_Verbundenheit_(90)	357
Grundstrukturen	abhängigkeit	357
Grundstrukturen	absicht1/6	298
Grundstrukturen	absicht1/8	272,379
Grundstrukturen	absicht10	260
Grundstrukturen	absicht13	370
Grundstrukturen	absicht16	312
Grundstrukturen	absicht17	263
Grundstrukturen	absicht1pro6	298
Grundstrukturen	absicht1pro8	272,379
Grundstrukturen	absicht6	262
Grundstrukturen	absicht7	261
Grundstrukturen	absichten	10,42,410,411,493,494
Grundstrukturen	abstraktion	65,75,203,483
Grundstrukturen	achten	270,393
Grundstrukturen	achtung	270,393
Grundstrukturen	alien	5,131,229
Grundstrukturen	analytische_Ontologie	84
Grundstrukturen	analytischeontologie	84
Grundstrukturen	ansichten	240,346
Grundstrukturen	attraktionen	311
Grundstrukturen	ausloeser	338
Grundstrukturen	auslöser	338
Grundstrukturen	bedeutung	306
Grundstrukturen	bedingung	338
Grundstrukturen	bedingungen	338
Grundstrukturen	bedürfnis	254,392,396,397,423
Grundstrukturen	bedürfnisse	254,392,396,397,423
Grundstrukturen	bestrebung	332,414
Grundstrukturen	bestrebungen	332,414
Grundstrukturen	bewusstheit	282
Grundstrukturen	bewusstsein	229,231,242,273,297,304,426
Grundstrukturen	complexity	65,75,203,483
Grundstrukturen	einheiten	255,391
Grundstrukturen	emotion	29,243,283,284,285,286,305
Grundstrukturen	emotionen	29,243,283,284,285,286,305
Grundstrukturen	empathie	294
Grundstrukturen	energie	287,293
Grundstrukturen	erwartungen	344
Grundstrukturen	erwartungshaltungen	344
Grundstrukturen	existenzialien	348
Grundstrukturen	extremalien	347,352
Grundstrukturen	filter	377
Grundstrukturen	filtern	132,328,331,335
Grundstrukturen	focus	250,253,269
Grundstrukturen	fokus	250,253,269
Grundstrukturen	frage	353,354
Grundstrukturen	fundament	356
Grundstrukturen	funktionen	264,345,388,418
Grundstrukturen	garben	295
Grundstrukturen	gedanken	249,317,323
Grundstrukturen	gefuehle	29,243,283,284,285,286,305
Grundstrukturen	gefühle	29,243,283,284,285,286,305
Grundstrukturen	gegen_5	24
Grundstrukturen	geist	229,231,242,273,297,304,426
Grundstrukturen	groesse	4,21,54,197,425,745
Grundstrukturen	gross	4,21,54,197,425,745
Grundstrukturen	größe	4,21,54,197,425,745
Grundstrukturen	helfen	370
Grundstrukturen	höhenvorstellungen	271
Grundstrukturen	impulse	251,253,257,341
Grundstrukturen	innere_Werte_1/6_der_Reinigung_und_Klarheit	398,399,400,401
Grundstrukturen	innerewerte	398,399,400,401
Grundstrukturen	karte	377
Grundstrukturen	kategorien	204,205,281
Grundstrukturen	klasse	241,289,394,395,485,516,697
Grundstrukturen	klassen	241,289,394,395,485,516,697
Grundstrukturen	koalitionen	321
Grundstrukturen	kombination	33,290,296,325,326,327,402,403,406,407,408,430,492
Grundstrukturen	kombinationen	33,290,296,325,326,327,402,403,406,407,408,430,492
Grundstrukturen	komplex	65,75,203,483
Grundstrukturen	komplexitaet	65,75,203,483
Grundstrukturen	komplexität	65,75,203,483
Grundstrukturen	konkreta	250,253,269
Grundstrukturen	kontroverse	421
Grundstrukturen	lebensbereiche	405,415,416
Grundstrukturen	lebensenergie	287,293
Grundstrukturen	lebensfelder	405,415,416
Grundstrukturen	leidenschaft	343
Grundstrukturen	leidenschaften	343
Grundstrukturen	liebe	8,9,28,208,221,330,580
Grundstrukturen	lust	255,391
Grundstrukturen	massnahmen	384
Grundstrukturen	mathematisches_Design_(32)	419
Grundstrukturen	mathematischesdesign	419
Grundstrukturen	maxima	271
Grundstrukturen	menge	79,80,232,288,334,410,411,483,497,498,499
Grundstrukturen	mengen	79,80,232,288,334,410,411,483,497,498,499
Grundstrukturen	meta-paradigmen	5,131,229
Grundstrukturen	meta-system	79,80,232,288,334,410,411,483,497,498,499
Grundstrukturen	meta-systeme	79,80,232,288,334,410,411,483,497,498,499
Grundstrukturen	metasystem	79,80,232,288,334,410,411,483,497,498,499
Grundstrukturen	metasysteme	79,80,232,288,334,410,411,483,497,498,499
Grundstrukturen	mitgefuehl	294
Grundstrukturen	model	65,75,203,483
Grundstrukturen	modelofhierarchicalcomplexity	65,75,203,483
Grundstrukturen	modi	234,337,385,387,491
Grundstrukturen	modus	234,337,385,387,491
Grundstrukturen	nachvollziehen	242,297
Grundstrukturen	nachvollziehen_emotional_oder_geistig_durch_Primzahl-Kreuz-Algorithmus_(15)	242,297
Grundstrukturen	netzwerk	417,436
Grundstrukturen	ontologie	84
Grundstrukturen	optimierung	310
Grundstrukturen	ordnen	132,328,331,335
Grundstrukturen	ordnenundfiltern	132,328,331,335
Grundstrukturen	paradigmen	10,42,410,411,493,494
Grundstrukturen	positionen	249,317,323
Grundstrukturen	prinzipien	329,378
Grundstrukturen	problemklassen	405,415,416
Grundstrukturen	rechnen	404
Grundstrukturen	reflektion	204,205,281
Grundstrukturen	reflex	256
Grundstrukturen	reflexe	256
Grundstrukturen	relativer_Zeit-Betrag_(15_10_4_18_6)	339
Grundstrukturen	relativerzeitbetrag	339
Grundstrukturen	relativreziprokuniversell	350
Grundstrukturen	reziproke	42,131,204,205,231,257,273,281,284,285,326,327,328,329,330,331,332,334,335,338,416
Grundstrukturen	reziprokes	42,131,204,205,231,257,273,281,284,285,326,327,328,329,330,331,332,334,335,338,416
Grundstrukturen	sein	234,337,385,387,491
Grundstrukturen	sollen	353,354
Grundstrukturen	stimmung	33,290,296,325,326,327,402,403,406,407,408,430,492
Grundstrukturen	stimmungen	33,290,296,325,326,327,402,403,406,407,408,430,492
Grundstrukturen	strukturalien	5,131,229
Grundstrukturen	strukturgroesse	4,21,54,197,425,745
Grundstrukturen	strukturgroeße	4,21,54,197,425,745
Grundstrukturen	strukturgrösse	4,21,54,197,425,745
Grundstrukturen	strukturgröße	4,21,54,197,425,745
Grundstrukturen	system	69,70,440,455,476,513
Grundstrukturen	taetigkeiten	424
Grundstrukturen	thema	309
Grundstrukturen	themen	309
Grundstrukturen	transzendentalie	5,131,229
Grundstrukturen	transzendentalien	5,131,229
Grundstrukturen	trieb	254,392,396,397,423
Grundstrukturen	triebe	254,392,396,397,423
Grundstrukturen	tätigkeiten	424
Grundstrukturen	universalien	5,131,229
Grundstrukturen	universelleeigenschaften	287,293
Grundstrukturen	universeller_Komperativ_(18→15)	349
Grundstrukturen	universellerkomperativ	349
Grundstrukturen	unterscheidung	377
Grundstrukturen	verbundenheiten	252,299,300,336,580
Grundstrukturen	verhalten	301,302,413
Grundstrukturen	verhaltenfuehlen	295
Grundstrukturen	verhaltenfühlen	295
Grundstrukturen	vorgehensweise	353,354
Grundstrukturen	vorstellung	264,345,388,418
Grundstrukturen	vorstellungen	264,345,388,418
Grundstrukturen	wahrheit	233,265,268,322,342,480
Grundstrukturen	wahrnehmung	233,265,268,322,342,480
Grundstrukturen	werte	254,392,396,397,423
Grundstrukturen	wirklichkeit	233,265,268,322,342,480
Grundstrukturen	wirklichkeiten	233,265,268,322,342,480
Grundstrukturen	wohlbefinden	427,428
Grundstrukturen	zahlenvergleich	340
Grundstrukturen	zeit	266,267
Grundstrukturen	ziele	271
Grundstrukturen	zustaende	234,337,385,387,491
Grundstrukturen	zustände	234,337,385,387,491
Größenordnung	Größenordnung	4,21,54,197,425,745
Größenordnung	Licht	20,27,313
Größenordnung	Organisationen	30,82,425,745
Größenordnung	Strukturgrösse	4,21,54,197,425,745
Größenordnung	groesse	4,21,54,197,425,745
Größenordnung	gross	4,21,54,197,425,745
Größenordnung	größe	4,21,54,197,425,745
Größenordnung	licht	20,27,313
Größenordnung	organisation	30,82,425,745
Größenordnung	organisationen	30,82,425,745
Größenordnung	politik	83
Größenordnung	politische_Systeme	83
Größenordnung	politischesysteme	83
Größenordnung	strukturgroesse	4,21,54,197,425,745
Größenordnung	strukturgroeße	4,21,54,197,425,745
Größenordnung	strukturgrösse	4,21,54,197,425,745
Größenordnung	strukturgröße	4,21,54,197,425,745
Herrschaft	Galaxie	537,604
Herrschaft	Galaxieherrschaft	537,604
Herrschaft	Galaxienclusterherrschaft	538
Herrschaft	Größe	603,617
Herrschaft	Herrschafts_Datenstruktur	541,544
Herrschaft	Herrschaftsformen	603,617
Herrschaft	Massenmedien	548
Herrschaft	Orbit-Herrschafts	548
Herrschaft	Planetenherrschaft	536,542,562,588,664
Herrschaft	Planetenkorrektur	536,542,562,588,664
Herrschaft	Satelliten	548
Herrschaft	Spezies	668,669
Herrschaft	Speziesherrschaftsformen	668,669
Herrschaft	Sternen_System	545
Herrschaft	Strukturgroesse	603,617
Herrschaft	abstrakt	564,573
Herrschaft	abstrakte_Herrschaft	564,573
Herrschaft	cluster	538
Herrschaft	formen	603,617
Herrschaft	galaxie	537,604
Herrschaft	galaxy	537,604
Herrschaft	groesse	603,617
Herrschaft	interglaktisch	538
Herrschaft	orbit	548
Herrschaft	planet	536,542,562,588,664
Herrschaft	size	603,617
Herrschaft	sonne	545
Herrschaft	structuresize	603,617
Herrschaft	struktur	541,544
Herrschaft	sun	545
Inkrementieren	Identität	219,223,307,308,333,387,388,406
Inkrementieren	Teilchen-Meta-Physik	219,223,307,308,333,387,388,406
Inkrementieren	addition	219,223,307,308,333,387,388,406
Inkrementieren	identitaet	219,223,307,308,333,387,388,406
Inkrementieren	um1	155
Inkrementieren	um2	156
Inkrementieren	um3	157
Inkrementieren	warum_Transzendentalie_=_Komplexität_von_Michael_Commons	5,65,166
Inkrementieren	warum_Transzendentalie_=_Strukturgroesse_=_Charakter	4,5,54,165
Inkrementieren	warumtranszendentaliegleichkomplexitaet	5,65,166
Inkrementieren	warumtranszendentaliezustrukturgroesseundcharakter	4,5,54,165
Kontinuum	A	446
Kontinuum	AA	558,559,560
Kontinuum	AB	583,587
Kontinuum	AC	528,586,727
Kontinuum	AD	529,547,614
Kontinuum	AE	530,612,613
Kontinuum	AK	531
Kontinuum	AT	568
Kontinuum	AU	532
Kontinuum	Acht	491
Kontinuum	Achtundzwanzig	583,587
Kontinuum	Achtzehn	436,451,556,618
Kontinuum	B	447
Kontinuum	C	448
Kontinuum	D	449,585
Kontinuum	Drei	448
Kontinuum	Dreissig	529,547,614
Kontinuum	Dreiundzwanzig	527,567
Kontinuum	Dreizehn	493,744
Kontinuum	E	511
Kontinuum	Eins	446
Kontinuum	Einunddreissig	530,612,613
Kontinuum	Elf	515,577,578,705,706,707
Kontinuum	F	508
Kontinuum	Fünf	511
Kontinuum	Fünfundzwanzig	507,510
Kontinuum	Fünfzehn	5
Kontinuum	G	518
Kontinuum	H	491
Kontinuum	I	517,565,681
Kontinuum	J	514
Kontinuum	K	515,577,578,705,706,707
Kontinuum	Kontinuen	508
Kontinuum	L	506
Kontinuum	M	493,744
Kontinuum	N	492
Kontinuum	Neun	517,565,681
Kontinuum	Neunundzwanzig	528,586,727
Kontinuum	Neunzehn	504,575
Kontinuum	O	5
Kontinuum	P	435,569,605,637,663,691
Kontinuum	P5	501
Kontinuum	Q	431,432,433,434,437,441,442,443,445,450,467,468,469,487,488,544,570,590,616,700
Kontinuum	R	436,451,556,618
Kontinuum	S	504,575
Kontinuum	Sechs	508
Kontinuum	Sechsundvierzig	568
Kontinuum	Sechsundzwanzig	543
Kontinuum	Sechsundzwanzig	558,559,560
Kontinuum	Sechszehn	435,569,605,637,663,691
Kontinuum	Sechszehn->Fünf	501
Kontinuum	Sieben	518
Kontinuum	Siebenunddreissig	531
Kontinuum	Siebenundvierzig	532
Kontinuum	Siebzehn	431,432,433,434,437,441,442,443,445,450,467,468,469,487,488,544,570,590,616,700
Kontinuum	T	486,571,572
Kontinuum	Vier	449,585
Kontinuum	Vierundzwanzig	25,55,386,436,549,554,565,566,591,618,619,681
Kontinuum	Vierzehn	492
Kontinuum	W	527,567
Kontinuum	X	25,55,386,436,549,554,565,566,591,618,619,681
Kontinuum	Y	507,510
Kontinuum	Z	543
Kontinuum	Zehn	514
Kontinuum	Zwanzig	486,571,572
Kontinuum	Zwei	447
Kontinuum	Zwölf	506
Kontinuum	a	446
Kontinuum	aa	558,559,560
Kontinuum	ab	583,587
Kontinuum	ac	528,586,727
Kontinuum	ad	529,547,614
Kontinuum	ae	530,612,613
Kontinuum	ak	531
Kontinuum	at	568
Kontinuum	au	532
Kontinuum	b	447
Kontinuum	c	448
Kontinuum	d	449,585
Kontinuum	e	511
Kontinuum	f	508
Kontinuum	g	518
Kontinuum	h	491
Kontinuum	i	517,565,681
Kontinuum	j	514
Kontinuum	k	515,577,578,705,706,707
Kontinuum	l	506
Kontinuum	m	493,744
Kontinuum	n	492
Kontinuum	o	5
Kontinuum	p	435,569,605,637,663,691
Kontinuum	p5	501
Kontinuum	q	431,432,433,434,437,441,442,443,445,450,467,468,469,487,488,544,570,590,616,700
Kontinuum	r	436,451,556,618
Kontinuum	s	504,575
Kontinuum	t	486,571,572
Kontinuum	w	527,567
Kontinuum	x	25,55,386,436,549,554,565,566,591,618,619,681
Kontinuum	y	507,510
Kontinuum	z	543
Menschliches	(politische)_Richtungen_(7)	235
Menschliches	Anführer_und_Chef	29,170,429,455,490,502,509,708
Menschliches	Angreifbarkeit	57,58
Menschliches	Ansichten_Standpunkte_(18_17)	240,346
Menschliches	Berufe	30
Menschliches	Bestrafung	463,636
Menschliches	Bewusstsein_und_Wahrnehmung	229,231,265,281,304,342
Menschliches	Biologischer_Baum_(15)	500
Menschliches	Denkweise_von_Lebewesen	146
Menschliches	Diplomatie	523,594
Menschliches	Egoismus	136
Menschliches	Eliten	585
Menschliches	Erloesung	465
Menschliches	Erlösung	465
Menschliches	Errungenschaften	11,251,257
Menschliches	Evolution	657
Menschliches	Fachgebiete	183
Menschliches	Formationen	461
Menschliches	Gedanken_sind_Positionen_(17)	249,276
Menschliches	Gefühle	105,230,243,283,284,285,286,305
Menschliches	Gegentranszendentalien	138,139,202
Menschliches	Gesellschaftsschicht	241,551,555,697
Menschliches	Gewalt	466
Menschliches	Glaube_Erkenntnis	59,621
Menschliches	Gleichheit_Freiheit	132,328,331,335
Menschliches	Gott_und_Prophet	534,550,552,553,557
Menschliches	Himmel_Hoelle_Kettenmolekuele	526
Menschliches	INCELs	68
Menschliches	Intelligenzprobleme	147
Menschliches	Karriere	595,597,712,713,714,715
Menschliches	Konservativismus	651,652,653,654,655,656
Menschliches	Krankheit	24
Menschliches	Land_Laender-Dach-Organisation	524
Menschliches	Liebe	8,9,28,208,330,580
Menschliches	Lösungen	31
Menschliches	Management	658
Menschliches	Manipulation	153
Menschliches	Meisterschaft	596
Menschliches	Mensch-zu-Tier	314
Menschliches	Moral	215,216
Menschliches	Motive	10,18,42,149,167,168,229,230,561,607
Menschliches	Musik	33,523
Menschliches	Professioneller	596
Menschliches	Psychopath_Soziopath	581,602
Menschliches	Ränge	520,535
Menschliches	Satan_Teufel	495
Menschliches	Sinn_des_Lebens	88,189
Menschliches	Sinne	533
Menschliches	Spiele-Genre	525
Menschliches	Superkraefte	444,494,496
Menschliches	Superkräfte	444,494,496
Menschliches	Verbrechen_und_Bestrafung	539,540
Menschliches	Verbundenheiten_(18)	252,299,300,336,580
Menschliches	Weltordnung	522
Menschliches	Wirkung	135
Menschliches	Zeitalter	522
Menschliches	absicht	10,18,42,149,167,168,229,230,561,607
Menschliches	absichten	10,18,42,149,167,168,229,230,561,607
Menschliches	alpha	46
Menschliches	alpha_beta	46
Menschliches	alphabeta	46
Menschliches	altruismus	136
Menschliches	anfuehrer_und_boss	29,170,429,455,490,502,509,708
Menschliches	angreifbar	57,58
Menschliches	angreifbarkeit	57,58
Menschliches	ansichten	240,346
Menschliches	ausgangslage	73
Menschliches	benoetigen	13,14
Menschliches	benötigen	13,14
Menschliches	beruf	30
Menschliches	berufe	30
Menschliches	bestrafen	463,636
Menschliches	bestrafen	539,540
Menschliches	beta	46
Menschliches	bewusstsein	229,231,265,281,304,342
Menschliches	brauchen	13,14
Menschliches	denkweise	146
Menschliches	diplomatie	523,594
Menschliches	dominieren	132,328,331,335
Menschliches	dominierendes_Geschlecht	51
Menschliches	dominierendesgeschlecht	51
Menschliches	egoismus	136
Menschliches	elite	585
Menschliches	emotion	105,230,243,283,284,285,286,305
Menschliches	emotionen	105,230,243,283,284,285,286,305
Menschliches	erhalten	11,251,257
Menschliches	erkenntnis	59,621
Menschliches	erlernen	12,13,27,32,47
Menschliches	errungenschaften	11,251,257
Menschliches	erwerben	12,13,27,32,47
Menschliches	ethik	8,9,28,208,330,580
Menschliches	evolutionaer	12,13,27,32,47
Menschliches	evolutionär	12,13,27,32,47
Menschliches	evolutionär_erwerben_und_Intelligenz_Kreativität	12,13,27,32,47
Menschliches	evolutionärerwerbenundintelligenz	12,13,27,32,47
Menschliches	fachbereiche	183
Menschliches	fachgebiete	183
Menschliches	freiheit	132,328,331,335
Menschliches	gedanken	249,276
Menschliches	gefuehl	105,230,243,283,284,285,286,305
Menschliches	gefuehle	105,230,243,283,284,285,286,305
Menschliches	gefühl	105,230,243,283,284,285,286,305
Menschliches	gegenstrukturalien	138,139,202
Menschliches	gegentranszendentalien	138,139,202
Menschliches	glaube	59,621
Menschliches	glauben	59,621
Menschliches	gleichheit	132,328,331,335
Menschliches	gleichheitfreiheit	132,328,331,335
Menschliches	goetter	534,550,552,553,557
Menschliches	handhaben	658
Menschliches	incel	68
Menschliches	incels	68
Menschliches	intelligent_Design	657
Menschliches	intelligenz	12,13,27,32,47
Menschliches	intelligenzmaengel	147
Menschliches	intelligenzmängel	147
Menschliches	intelligenzprobleme	147
Menschliches	irrationale_Zahlen_durch_Wurzelbildung	73
Menschliches	irrationalezahlendurchwurzelbildung	73
Menschliches	karriere	595,597,712,713,714,715
Menschliches	klasse	241,551,555,697
Menschliches	klassen	241,551,555,697
Menschliches	konservativ	651,652,653,654,655,656
Menschliches	krankheit	24
Menschliches	krankheiten	24
Menschliches	kreativ	12,13,27,32,47
Menschliches	kreativitaet	12,13,27,32,47
Menschliches	kreativität	12,13,27,32,47
Menschliches	kriminell	539,540
Menschliches	lateral	523,594
Menschliches	lebenssinn	88,189
Menschliches	lebewesendenkweise	146
Menschliches	lernen	12,13,27,32,47
Menschliches	liebe	8,9,28,208,330,580
Menschliches	loesung	31
Menschliches	loesungen	31
Menschliches	lösungen	31
Menschliches	maennlich	51
Menschliches	managen	658
Menschliches	manipulation	153
Menschliches	meister	596
Menschliches	menschtier	314
Menschliches	moral	215,216
Menschliches	motiv	10,18,42,149,167,168,229,230,561,607
Menschliches	motivation	10,18,42,149,167,168,229,230,561,607
Menschliches	motive	10,18,42,149,167,168,229,230,561,607
Menschliches	musik	33,523
Menschliches	männlich	51
Menschliches	notwendig	13,14
Menschliches	omega	46
Menschliches	pathologie	24
Menschliches	pathologisch	24
Menschliches	politische	235
Menschliches	positionen	249,276
Menschliches	profi	596
Menschliches	psychiatrisch	24
Menschliches	psychopath	581,602
Menschliches	raenge	520,535
Menschliches	richtungen	235
Menschliches	sadist	581,602
Menschliches	selbstlosigkeit	136
Menschliches	sigma	46
Menschliches	sinn	88,189
Menschliches	sinndeslebens	88,189
Menschliches	sinnsuche	88,189
Menschliches	soziopath	581,602
Menschliches	themen	183
Menschliches	tiermensch	314
Menschliches	ungleichheit	132,328,331,335
Menschliches	verbundenheiten	252,299,300,336,580
Menschliches	wahrnehmung	229,231,265,281,304,342
Menschliches	warummoral	215,216
Menschliches	weiblich	51
Menschliches	weniger_am_Menschen	464
Menschliches	wirkung	135
Menschliches	ziele	11,251,257
MetaMetaPhysik_und_MetaChemie	Kybernetik_und_Meta_Chemie	606
MetaMetaPhysik_und_MetaChemie	Meta_Meta_Physik_Einteilungen	670,671,672,673,674,675
MetaMetaPhysik_und_MetaChemie	kybernetik	606
MetaMetaPhysik_und_MetaChemie	metachemie	606
Multiplikationen	Rahmen-Bedingungen	226
Multiplikationen	rahmen	226
Multiversum	Biologischer_Baum_(16_->_5)	500
Multiversum	Computer	89,592,593,685,686,687
Multiversum	Dimensionen	435,569,605,637,663,691
Multiversum	Farben	624,659
Multiversum	Farben_Sind_Signale_Signale_sind_Dimension_Dreizehn	624,659
Multiversum	Geist_(15)	229,231,242,273,297,304,426
Multiversum	Kybernetik_und_Meta_Chemie	606
Multiversum	Maschinen	89,592,593,685,686,687
Multiversum	Meta-Physik-Teilchen_(1)	388
Multiversum	Model_of_Hierarchical_Complexity	65,75,203
Multiversum	Multiversalien_(16)	389
Multiversum	Multiversum_sind_die_Dimensionen	435,569,605,637,663,691
Multiversum	Muster-Wissenschaften_(20)	439,484
Multiversum	P	435,569,605,637,663,691
Multiversum	P5	501
Multiversum	Raumzeit_Anordnung_mathematisch_universell	472
Multiversum	Religionen_Kraefte_Krieg_der_Sterne_Star_Wars	584,623
Multiversum	Sechszehn	435,569,605,637,663,691
Multiversum	Sechszehn->Fünf	501
Multiversum	Struktur-Wissenschaften_(10)	438
Multiversum	Strukturalien_bzw_Meta-Paradigmen_bzw_Transzendentalien_(15)	5,131,229
Multiversum	Teilchen_anderes_Universum	512
Multiversum	Transzendentalien	5,131,229
Multiversum	abstraktion	65,75,203
Multiversum	alien	5,131,229
Multiversum	bewusstsein	229,231,242,273,297,304,426
Multiversum	complexity	65,75,203
Multiversum	computer	89,592,593,685,686,687
Multiversum	farbe	624,659
Multiversum	geist	229,231,242,273,297,304,426
Multiversum	komplex	65,75,203
Multiversum	komplexitaet	65,75,203
Multiversum	komplexität	65,75,203
Multiversum	kybernetik	606
Multiversum	maschinen	89,592,593,685,686,687
Multiversum	meta-paradigmen	5,131,229
Multiversum	metachemie	606
Multiversum	model	65,75,203
Multiversum	modelofhierarchicalcomplexity	65,75,203
Multiversum	multiversalien	389
Multiversum	p	435,569,605,637,663,691
Multiversum	p5	501
Multiversum	strukturalien	5,131,229
Multiversum	teilchen	388
Multiversum	transzendentalie	5,131,229
Multiversum	transzendentalien	5,131,229
Multiversum	universalien	5,131,229
Operationen	2	78,79,80,331,497,498,499
Operationen	3	92,93,315,316
Operationen	4	76,77,81,104,145
Operationen	5	96
Operationen	9	94
Operationen	Halbierung	86
Operationen	Multiplikation	158
Operationen	alternierend	78,79,80,331,497,498,499
Operationen	alternierung	78,79,80,331,497,498,499
Operationen	drei	92,93,315,316
Operationen	dreier	92,93,315,316
Operationen	dreierstruktur	92,93,315,316
Operationen	fuenf	96
Operationen	fuenfer	96
Operationen	fuenferstruktur	96
Operationen	fünf	96
Operationen	fünfer	96
Operationen	fünferstruktur	96
Operationen	gerade	78,79,80,331,497,498,499
Operationen	halbierung	86
Operationen	halbierungen	86
Operationen	multiplikation	158
Operationen	neun	94
Operationen	neuner	94
Operationen	neunerstruktur	94
Operationen	ungerade	78,79,80,331,497,498,499
Operationen	vier	76,77,81,104,145
Operationen	viererabfolgen	76,77,81,104,145
Operationen	viererstruktur	76,77,81,104,145
Operationen	zwei	78,79,80,331,497,498,499
Operationen	zweierstruktur	78,79,80,331,497,498,499
Planet_(10_und_oder_12)	Gleichheit_Freiheit_Ordnung	79,80,132,324,328,331,335,497,498,499
Planet_(10_und_oder_12)	Intelligenz	214
Planet_(10_und_oder_12)	Komplexität	213
Planet_(10_und_oder_12)	Kreislauf	610
Planet_(10_und_oder_12)	Kreislaufwirtschaft	610
Planet_(10_und_oder_12)	Logik	725
Planet_(10_und_oder_12)	Mechanismen	107
Planet_(10_und_oder_12)	Meta-Systeme_(12)	79,80,232,288,334,410,411,483,497,498,499
Planet_(10_und_oder_12)	Planetenherrschaft	536,542,562,588,664
Planet_(10_und_oder_12)	Planetenkorrekturherrschaft	536,542,562,588,664
Planet_(10_und_oder_12)	Wirklichkeiten_(10)	233,265,268,322,420
Planet_(10_und_oder_12)	freiheit	79,80,132,324,328,331,335,497,498,499
Planet_(10_und_oder_12)	gleichheit	79,80,132,324,328,331,335,497,498,499
Planet_(10_und_oder_12)	herrschaft	536,542,562,588,664
Planet_(10_und_oder_12)	intelligenz	214
Planet_(10_und_oder_12)	komplexitaet	213
Planet_(10_und_oder_12)	komplexität	213
Planet_(10_und_oder_12)	kreislauf	610
Planet_(10_und_oder_12)	logik	725
Planet_(10_und_oder_12)	mechanismen	107
Planet_(10_und_oder_12)	mechanismus	107
Planet_(10_und_oder_12)	meta-system	79,80,232,288,334,410,411,483,497,498,499
Planet_(10_und_oder_12)	meta-systeme	79,80,232,288,334,410,411,483,497,498,499
Planet_(10_und_oder_12)	metasystem	79,80,232,288,334,410,411,483,497,498,499
Planet_(10_und_oder_12)	metasysteme	79,80,232,288,334,410,411,483,497,498,499
Planet_(10_und_oder_12)	wirklichkeit	233,265,268,322,420
Planet_(10_und_oder_12)	wirklichkeiten	233,265,268,322,420
Pro_Contra	Gegenposition	116
Pro_Contra	Gegenspieler	137
Pro_Contra	Gegenteil	100,101,222
Pro_Contra	Harmonie	102,103
Pro_Contra	Helfen	115
Pro_Contra	Hilfe_erhalten	114
Pro_Contra	Hilfe_nicht_gebrauchen	127
Pro_Contra	Pro	17,48
Pro_Contra	Veränderung	142
Pro_Contra	Vorteile	141
Pro_Contra	antagonist	137
Pro_Contra	baendigen	143
Pro_Contra	baendigenkontrollieren	143
Pro_Contra	bändigen	143
Pro_Contra	bändigen_kontrollieren	143
Pro_Contra	contra	15,26
Pro_Contra	dafuer	17,48
Pro_Contra	dafür	17,48
Pro_Contra	dagegen	15,26
Pro_Contra	einheit	144
Pro_Contra	ergibt_Sinn	140
Pro_Contra	ergibtsinn	140
Pro_Contra	gegenposition	116
Pro_Contra	gegenspieler	137
Pro_Contra	gegenteil	100,101,222
Pro_Contra	harmonie	102,103
Pro_Contra	helfen	115
Pro_Contra	hilfe	115
Pro_Contra	hilfeerhalten	114
Pro_Contra	hilfenichtgebrauchen	127
Pro_Contra	kein_Gegenteil	125
Pro_Contra	keingegenteil	125
Pro_Contra	kontrollieren	143
Pro_Contra	machtsinn	140
Pro_Contra	nervig	120
Pro_Contra	nicht_abgeneigt	129
Pro_Contra	nicht_dafür	126
Pro_Contra	nicht_dagegen	124
Pro_Contra	nicht_helfen_können	128
Pro_Contra	nicht_miteinander_auskommen	123
Pro_Contra	nichtabgeneigt	129
Pro_Contra	nichtauskommen	123
Pro_Contra	nichtdafuer	126
Pro_Contra	nichtdagegen	124
Pro_Contra	nichthelfenkoennen	128
Pro_Contra	pro	17,48
Pro_Contra	pro_nutzen	117
Pro_Contra	pronutzen	117
Pro_Contra	sinn	140
Pro_Contra	unmotivierbar	130
Pro_Contra	veraendern	142
Pro_Contra	veraenderung	142
Pro_Contra	veraenderungnutzen	141
Pro_Contra	vereinen	144
Pro_Contra	verändern	142
Pro_Contra	veränderung	142
Pro_Contra	vorteile	141
Religionen	Hinduismus	217
Religionen	Messias	7,503
Religionen	Religions-Gründer-Typ	72,503
Religionen	Satan_Teufel	495
Religionen	Sternpolygon	0,6,36
Religionen	Sternpolygon_vs_gleichförmiges	87
Religionen	Superkraefte	444,494,496,503
Religionen	Superkräfte	444,494,496,503
Religionen	Vertreter_höherer_Konzepte	23
Religionen	archon	72,503
Religionen	babylon	0,36,207,477,478
Religionen	der_Tierkreiszeichen	0,36,207,477,478
Religionen	dertierkreiszeichen	0,36,207,477,478
Religionen	galaxie	23
Religionen	galaxien	23
Religionen	gleichfoermigespolygon	16,37
Religionen	gleichförmiges_Polygon	16,37
Religionen	gleichförmigespolygon	16,37
Religionen	heptagramm	7,503
Religionen	hinduismus	217
Religionen	hund	7,503
Religionen	kreis	23
Religionen	kreise	23
Religionen	kugel	23
Religionen	kugeln	23
Religionen	messias	7,503
Religionen	messiase	7,503
Religionen	messiasse	7,503
Religionen	nichtsternpolygon	16,37
Religionen	polygon	16,37
Religionen	prophet	72,503
Religionen	religionsgruendertyp	72,503
Religionen	religionsgründertyp	72,503
Religionen	schwarzesonne	23
Religionen	schwarzesonnen	23
Religionen	sternpolygon	0,6,36
Religionen	sternpolygonvsgleichfoermiges	87
Religionen	universen	23
Religionen	universum	23
Religionen	vergleich	87
Religionen	vergleichnvs1divn	87
Religionen	vertreterhoehererkonzepte	23
Symbole	Acht	458
Symbole	Drei	452,460
Symbole	Fuenf	454
Symbole	Fünf	454
Symbole	Neun	459
Symbole	Religionen	36,37
Symbole	Sechs	457
Symbole	Sieben	457
Symbole	Vier	453
Symbole	Zehn	456
Symbole	Zwoelf	456
Symbole	Zwölf	456
Teilchen-Meta-Physik	Raum_und_Dimensionen_(8)	387
Teilchen-Meta-Physik	Wirklichkeiten_(10)	420
Teilchen-Meta-Physik	das_Galaktische_(14)	406
Teilchen-Meta-Physik	das_Gute_die_Richtung_(7)	333
Teilchen-Meta-Physik	das_Multiverselle_(16)	388,418
Teilchen-Meta-Physik	das_Universelle_(15)	219,308
Teilchen-Meta-Physik	die_Galaxie_Unterbereiche_(13)	223,307,412
Teilchen-Meta-Physik	die_Tugendsortierung_(13_mit_14)	411
Teilchen-Meta-Physik	wirklichkeit	420
Teilchen-Meta-Physik	wirklichkeiten	420
Universum	Biologischer_Baum_(15)	500
Universum	Entwicklungs_Stadium_Spezies	661
Universum	Evolution_vs_Design_intelligent	519
Universum	Farben	444
Universum	Gegentranszendentalien	138,202
Universum	Geist__(15)	242,426
Universum	Hochzüchten	318,319
Universum	Kategorie	204,205,281
Universum	Kugeln_Kreise	77,145
Universum	Logik	725
Universum	Model_of_Hierarchical_Complexity	65,75,203
Universum	Morphismen	727
Universum	Netzwerk	25,55,386,390
Universum	Objekte	546
Universum	Programmier-Paradigmen	351
Universum	Raum-Missionen	218
Universum	Reziproke_von_Transzendentalien	131,201
Universum	Software-Lizenzen_akademische_Grade	422
Universum	Spezies_Entwicklung	661
Universum	Spezies_Typofikation	582
Universum	Strategie_Taktik_(15m8)	385
Universum	Systemsachen	150
Universum	Teilchen-Meta-Physik	219,308
Universum	Teilchen_anderes_Universum	512
Universum	Transzendentalien	5,54,55,198,390
Universum	Universelles_Verhältnis_gleicher_Zahlen	383
Universum	Winkel	726
Universum	Zahlenarten	462,563,704,717,724,728
Universum	Zusammenhang_Gehirn_Kosmos_Universum	489
Universum	abstraktion	65,75,203
Universum	akademischeGrade	422
Universum	alien	5,54,55,198,390
Universum	alienreziproke	131,201
Universum	analytische_Ontologie	84
Universum	analytischeontologie	84
Universum	complexity	65,75,203
Universum	gegenalien	138,202
Universum	gegenstrukturalien	138,202
Universum	gegentranszendentalie	138,202
Universum	gegentranszendentalien	138,202
Universum	gegenuniversalien	138,202
Universum	geist	242,426
Universum	grosseki	409
Universum	hochzuechten	318,319
Universum	hochzüchten	318,319
Universum	jura	34,65,382
Universum	kategorie	204,205,281
Universum	keine_Nur-Paradigma-Religionen	190,191,196
Universum	kombinierenetc	320
Universum	komplex	65,75,203
Universum	komplexitaet	65,75,203
Universum	komplexität	65,75,203
Universum	kreise	77,145
Universum	kugeln	77,145
Universum	kugelnkreise	77,145
Universum	künstliches_Leben_(15)	409
Universum	künstlichesleben	409
Universum	logik	725
Universum	metaparadigmareligion	190,191,196
Universum	model	65,75,203
Universum	modelofhierarchicalcomplexity	65,75,203
Universum	morphismus	727
Universum	netzwerk	25,55,386,390
Universum	nummern	462,563,704,717,724,728
Universum	objekt	546
Universum	ontologie	84
Universum	programmierparadigmen	351
Universum	recht	34,65,382
Universum	softwarelizenz	422
Universum	sowas_wie_Kombinieren_Verknüpfen	320
Universum	spezies	582
Universum	strategie	385
Universum	strukturalien	5,54,55,198,390
Universum	strukturalienreziproke	131,201
Universum	systemsachen	150
Universum	taktik	385
Universum	transzendentalie	5,54,55,198,390
Universum	transzendentalien	5,54,55,198,390
Universum	transzendentalienreziproke	131,201
Universum	transzendentaliereziproke	131,201
Universum	universalien	5,54,55,198,390
Universum	universalienreziproke	131,201
Universum	universelles_Recht	34,65,382
Universum	verhaeltnisgleicherzahl	383
Universum	warum_Transzendentalie_=_Komplexität_von_Michael_Commons	5,65,166
Universum	warum_Transzendentalie_=_Strukturgroesse_=_Charakter	4,5,54,165
Universum	warumtranszendentaliegleichkomplexitaet	5,65,166
Universum	warumtranszendentaliezustrukturgroesseundcharakter	4,5,54,165
Universum	weltall	218
Universum	winkel	726
Universum	zahlen	462,563,704,717,724,728
Wichtigstes_zum_gedanklich_einordnen	Wichtigste	0,1,2,36,37,207
Wichtigstes_zum_gedanklich_einordnen	Zweitwichtigste	30
Wichtigstes_zum_gedanklich_einordnen	wichtigstes	0,1,2,36,37,207
Wichtigstes_zum_gedanklich_einordnen	zweitwichtigste	30
Wichtigstes_zum_verstehen	Drittwichtigste	64
Wichtigstes_zum_verstehen	Wichtigste	4,5,8,10
Wichtigstes_zum_verstehen	Zweitwichtigste	19,65,183
Wichtigstes_zum_verstehen	drittwichtigste	64
Wichtigstes_zum_verstehen	wichtigste	4,5,8,10
Wichtigstes_zum_verstehen	zweitwichtigste	19,65,183
Wirtschaft	BWL	109
Wirtschaft	Erklärung	71
Wirtschaft	Fachgebiete	183
Wirtschaft	Maschinen	89,592,593,685,686,687
Wirtschaft	Organisationsform	99
Wirtschaft	Pflanzen	113
Wirtschaft	System	69,70,440,455,476,513
Wirtschaft	bwl	109
Wirtschaft	erklaerung	71
Wirtschaft	erklärung	71
Wirtschaft	fachbereiche	183
Wirtschaft	fachgebiete	183
Wirtschaft	firma	99
Wirtschaft	geraet	89,592,593,685,686,687
Wirtschaft	geraete	89,592,593,685,686,687
Wirtschaft	gerät	89,592,593,685,686,687
Wirtschaft	geräte	89,592,593,685,686,687
Wirtschaft	maschine	89,592,593,685,686,687
Wirtschaft	maschinen	89,592,593,685,686,687
Wirtschaft	organisationsart	99
Wirtschaft	organisationsform	99
Wirtschaft	pflanzen	113
Wirtschaft	system	69,70,440,455,476,513
Wirtschaft	themen	183
Wirtschaft	verein	99
alteschriften	Hochzüchten	318,319
alteschriften	Kugeln_Kreise	77,145
alteschriften	Lebewesen_Galaxie_am_Besten	470,471,473
alteschriften	Modallogik	148
alteschriften	Offenbarung_des_Johannes	90
alteschriften	Raum-Missionen	218
alteschriften	Superkraefte	444,494,496
alteschriften	Superkräfte	444,494,496
alteschriften	Thomasevangelium	0,3,303
alteschriften	Transzendentalien_innen_außen	149
alteschriften	ZergAliens_MenschenHumanoid_ProtosPraedatoren	521
alteschriften	analytische_Ontologie	84
alteschriften	analytischeontologie	84
alteschriften	babylon	1,2
alteschriften	babylonische_Tierkreiszeichen	1,2
alteschriften	bibel	90
alteschriften	china	91
alteschriften	chinesisches_Horoskop	91
alteschriften	chinesischeshoroskop	91
alteschriften	hochzuechten	318,319
alteschriften	hochzüchten	318,319
alteschriften	innenaussenstrukur	149
alteschriften	innenaußenstrukur	149
alteschriften	johannes	90
alteschriften	kreise	77,145
alteschriften	kugeln	77,145
alteschriften	kugelnkreise	77,145
alteschriften	modallogik	148
alteschriften	offenbarung	90
alteschriften	offenbarungdesjohannes	90
alteschriften	offenbarungjohannes	90
alteschriften	ontologie	84
alteschriften	strukturalieninnenaussen	149
alteschriften	strukturalieninnenaußen	149
alteschriften	thomas	0,3,303
alteschriften	thomasevangelium	0,3,303
alteschriften	tierkreiszeichen	1,2
alteschriften	transzendentalieninnenaussen	149
alteschriften	transzendentalieninnenaußen	149
alteschriften	weltall	218
ancientscripts	GospelofThomas	0,3,303
ancientscripts	Revelation_of_John	90
ancientscripts	Superpowers	444,494,496
ancientscripts	ZergAliens_MenschenHumanoid_ProtosPraedatoren	521
ancientscripts	analytic_ontology	84
ancientscripts	analyticontology	84
ancientscripts	babylon	1,2
ancientscripts	babylonian_zodiac	1,2
ancientscripts	bible	90
ancientscripts	breedingUp	318,319
ancientscripts	breedingup	318,319
ancientscripts	china	91
ancientscripts	chinese_horoscope	91
ancientscripts	chinesehoroscope	91
ancientscripts	circles	77,145
ancientscripts	gospelofthomas	0,3,303
ancientscripts	insideOutsideStructure	149
ancientscripts	interiorexteriorstructure	149
ancientscripts	john	90
ancientscripts	living_creatures_galaxy_best_at	470,471,473
ancientscripts	modallogic	148
ancientscripts	ontology	84
ancientscripts	revelation	90
ancientscripts	revelationofjohn	90
ancientscripts	space	218
ancientscripts	space-missions	218
ancientscripts	spheres	77,145
ancientscripts	spheres_circles	77,145
ancientscripts	spherescircles	77,145
ancientscripts	structurealiasInsideOutside	149
ancientscripts	structurealieninsideoutside	149
ancientscripts	structureinsideoutside	149
ancientscripts	thomas	0,3,303
ancientscripts	transcendentalieninsideoutside	149
ancientscripts	transcendentals_inside_outside	149
ancientscripts	zodiacsigns	1,2
baelle	Biologischer_Baum_(15)	500
baelle	Entwicklungs_Stadium_Spezies	661
baelle	Evolution_vs_Design_intelligent	519
baelle	Farben	444
baelle	Gegentranszendentalien	138,202
baelle	Geist__(15)	242,426
baelle	Hochzüchten	318,319
baelle	Kategorie	204,205,281
baelle	Kugeln_Kreise	77,145
baelle	Logik	725
baelle	Model_of_Hierarchical_Complexity	65,75,203
baelle	Morphismen	727
baelle	Netzwerk	25,55,386,390
baelle	Objekte	546
baelle	Programmier-Paradigmen	351
baelle	Raum-Missionen	218
baelle	Reziproke_von_Transzendentalien	131,201
baelle	Software-Lizenzen_akademische_Grade	422
baelle	Spezies_Entwicklung	661
baelle	Spezies_Typofikation	582
baelle	Strategie_Taktik_(15m8)	385
baelle	Systemsachen	150
baelle	Teilchen-Meta-Physik	219,308
baelle	Teilchen_anderes_Universum	512
baelle	Transzendentalien	5,54,55,198,390
baelle	Universelles_Verhältnis_gleicher_Zahlen	383
baelle	Winkel	726
baelle	Zahlenarten	462,563,704,717,724,728
baelle	Zusammenhang_Gehirn_Kosmos_Universum	489
baelle	abstraktion	65,75,203
baelle	akademischeGrade	422
baelle	alien	5,54,55,198,390
baelle	alienreziproke	131,201
baelle	analytische_Ontologie	84
baelle	analytischeontologie	84
baelle	complexity	65,75,203
baelle	gegenalien	138,202
baelle	gegenstrukturalien	138,202
baelle	gegentranszendentalie	138,202
baelle	gegentranszendentalien	138,202
baelle	gegenuniversalien	138,202
baelle	geist	242,426
baelle	grosseki	409
baelle	hochzuechten	318,319
baelle	hochzüchten	318,319
baelle	jura	34,65,382
baelle	kategorie	204,205,281
baelle	keine_Nur-Paradigma-Religionen	190,191,196
baelle	kombinierenetc	320
baelle	komplex	65,75,203
baelle	komplexitaet	65,75,203
baelle	komplexität	65,75,203
baelle	kreise	77,145
baelle	kugeln	77,145
baelle	kugelnkreise	77,145
baelle	künstliches_Leben_(15)	409
baelle	künstlichesleben	409
baelle	logik	725
baelle	metaparadigmareligion	190,191,196
baelle	model	65,75,203
baelle	modelofhierarchicalcomplexity	65,75,203
baelle	morphismus	727
baelle	netzwerk	25,55,386,390
baelle	nummern	462,563,704,717,724,728
baelle	objekt	546
baelle	ontologie	84
baelle	programmierparadigmen	351
baelle	recht	34,65,382
baelle	softwarelizenz	422
baelle	sowas_wie_Kombinieren_Verknüpfen	320
baelle	spezies	582
baelle	strategie	385
baelle	strukturalien	5,54,55,198,390
baelle	strukturalienreziproke	131,201
baelle	systemsachen	150
baelle	taktik	385
baelle	transzendentalie	5,54,55,198,390
baelle	transzendentalien	5,54,55,198,390
baelle	transzendentalienreziproke	131,201
baelle	transzendentaliereziproke	131,201
baelle	universalien	5,54,55,198,390
baelle	universalienreziproke	131,201
baelle	universelles_Recht	34,65,382
baelle	verhaeltnisgleicherzahl	383
baelle	warum_Transzendentalie_=_Komplexität_von_Michael_Commons	5,65,166
baelle	warum_Transzendentalie_=_Strukturgroesse_=_Charakter	4,5,54,165
baelle	warumtranszendentaliegleichkomplexitaet	5,65,166
baelle	warumtranszendentaliezustrukturgroesseundcharakter	4,5,54,165
baelle	weltall	218
baelle	winkel	726
baelle	zahlen	462,563,704,717,724,728
ball	Biologischer_Baum_(15)	500
ball	Entwicklungs_Stadium_Spezies	661
ball	Evolution_vs_Design_intelligent	519
ball	Farben	444
ball	Gegentranszendentalien	138,202
ball	Geist__(15)	242,426
ball	Hochzüchten	318,319
ball	Kategorie	204,205,281
ball	Kugeln_Kreise	77,145
ball	Logik	725
ball	Model_of_Hierarchical_Complexity	65,75,203
ball	Morphismen	727
ball	Netzwerk	25,55,386,390
ball	Objekte	546
ball	Programmier-Paradigmen	351
ball	Raum-Missionen	218
ball	Reziproke_von_Transzendentalien	131,201
ball	Software-Lizenzen_akademische_Grade	422
ball	Spezies_Entwicklung	661
ball	Spezies_Typofikation	582
ball	Strategie_Taktik_(15m8)	385
ball	Systemsachen	150
ball	Teilchen-Meta-Physik	219,308
ball	Teilchen_anderes_Universum	512
ball	Transzendentalien	5,54,55,198,390
ball	Universal_ratio_of_equal_numbers	383
ball	Universelles_Verhältnis_gleicher_Zahlen	383
ball	Winkel	726
ball	Zahlenarten	462,563,704,717,724,728
ball	Zusammenhang_Gehirn_Kosmos_Universum	489
ball	abstraction	65,75,203
ball	abstraktion	65,75,203
ball	academic_degrees	422
ball	akademischeGrade	422
ball	alien	5,54,55,198,390
ball	alienreziproke	131,201
ball	analytic_ontology	84
ball	analyticontology	84
ball	analytische_Ontologie	84
ball	analytischeontologie	84
ball	artificial_life_(15)	409
ball	artificiallife	409
ball	bigAI	409
ball	biological_tree_(15)	500
ball	breedingUp	318,319
ball	breedingup	318,319
ball	category	204,205,281
ball	colors	444
ball	combineetc	320
ball	complex	65,75,203
ball	complexity	65,75,203
ball	context_brain_cosmos_universe	489
ball	counter-philoalias	138,202
ball	counter-structuralias	138,202
ball	counter-transcendental	138,202
ball	countertranscendentals	138,202
ball	counteruniversals	138,202
ball	evolution_vs_design_intelligent	519
ball	gegenalien	138,202
ball	gegenstrukturalien	138,202
ball	gegentranszendentalie	138,202
ball	gegentranszendentalien	138,202
ball	gegenuniversalien	138,202
ball	geist	242,426
ball	grosseki	409
ball	hochzuechten	318,319
ball	hochzüchten	318,319
ball	jura	34,65,382
ball	kategorie	204,205,281
ball	keine_Nur-Paradigma-Religionen	190,191,196
ball	kombinierenetc	320
ball	komplex	65,75,203
ball	komplexitaet	65,75,203
ball	komplexität	65,75,203
ball	kreise	77,145
ball	kugeln	77,145
ball	kugelnkreise	77,145
ball	künstliches_Leben_(15)	409
ball	künstlichesleben	409
ball	law	34,65,382
ball	logik	725
ball	metaparadigmareligion	190,191,196
ball	metaparadigmreligion	190,191,196
ball	mind	242,426
ball	mind__(15)	242,426
ball	model	65,75,203
ball	model_of_Hierarchical_Complexity	65,75,203
ball	modelofhierarchicalcomplexity	65,75,203
ball	morphismus	727
ball	network	25,55,386,390
ball	netzwerk	25,55,386,390
ball	no_only_paradigm_religions	190,191,196
ball	nummern	462,563,704,717,724,728
ball	objekt	546
ball	ontologie	84
ball	ontology	84
ball	particle-meta-physics	219,308
ball	particles_other_universe	512
ball	philoalias	5,54,55,198,390
ball	philoalienreciprocal	131,201
ball	programmierparadigmen	351
ball	programming-paradigms	351
ball	programmingparadigms	351
ball	ratioSameNumber	383
ball	recht	34,65,382
ball	reciprocal_of_transcendentalia	131,201
ball	software_licences_and_academic_degrees	422
ball	software_license	422
ball	softwarelizenz	422
ball	sowas_wie_Kombinieren_Verknüpfen	320
ball	space	218
ball	space-missions	218
ball	spezies	582
ball	spheres_circles	77,145
ball	spherescircles	77,145
ball	strategie	385
ball	strategy	385
ball	strategy_tactics_(15m8)	385
ball	structuralreciprocal	131,201
ball	structurals	5,54,55,198,390
ball	strukturalien	5,54,55,198,390
ball	strukturalienreziproke	131,201
ball	such_as_combining_linking	320
ball	systemsachen	150
ball	systemthings	150
ball	tactics	385
ball	taktik	385
ball	transcendentalia	5,54,55,198,390
ball	transcendentalreciprocal	131,201
ball	transcendentals	5,54,55,198,390
ball	transzendentalie	5,54,55,198,390
ball	transzendentalien	5,54,55,198,390
ball	transzendentalienreziproke	131,201
ball	transzendentaliereziproke	131,201
ball	types_numbers	462,563,704,717,724,728
ball	universal_right	34,65,382
ball	universalien	5,54,55,198,390
ball	universalienreziproke	131,201
ball	universals	5,54,55,198,390
ball	universalsReciprocal	131,201
ball	universelles_Recht	34,65,382
ball	verhaeltnisgleicherzahl	383
ball	warum_Transzendentalie_=_Komplexität_von_Michael_Commons	5,65,166
ball	warum_Transzendentalie_=_Strukturgroesse_=_Charakter	4,5,54,165
ball	warumtranszendentaliegleichkomplexitaet	5,65,166
ball	warumtranszendentaliezustrukturgroesseundcharakter	4,5,54,165
ball	weltall	218
ball	whyTranscendentalEqualsComplexity	5,65,166
ball	why_transcendental_=_complexity_by_Michael_Commons	5,65,166
ball	why_transcendental_=_structure_size_=_character	4,5,54,165
ball	whytranscendentalstructuralsizeandcharacter	4,5,54,165
ball	winkel	726
ball	zahlen	462,563,704,717,724,728
balls	Entwicklungs_Stadium_Spezies	661
balls	Logik	725
balls	Morphismen	727
balls	Objekte	546
balls	Spezies_Entwicklung	661
balls	Spezies_Typofikation	582
balls	Universal_ratio_of_equal_numbers	383
balls	Winkel	726
balls	abstraction	65,75,203
balls	academic_degrees	422
balls	analytic_ontology	84
balls	analyticontology	84
balls	artificial_life_(15)	409
balls	artificiallife	409
balls	bigAI	409
balls	biological_tree_(15)	500
balls	breedingUp	318,319
balls	breedingup	318,319
balls	category	204,205,281
balls	colors	444
balls	combineetc	320
balls	complex	65,75,203
balls	complexity	65,75,203
balls	context_brain_cosmos_universe	489
balls	counter-philoalias	138,202
balls	counter-structuralias	138,202
balls	counter-transcendental	138,202
balls	countertranscendentals	138,202
balls	counteruniversals	138,202
balls	evolution_vs_design_intelligent	519
balls	kreise	77,145
balls	kugeln	77,145
balls	law	34,65,382
balls	logik	725
balls	metaparadigmreligion	190,191,196
balls	mind	242,426
balls	mind__(15)	242,426
balls	model	65,75,203
balls	model_of_Hierarchical_Complexity	65,75,203
balls	modelofhierarchicalcomplexity	65,75,203
balls	morphismus	727
balls	network	25,55,386,390
balls	no_only_paradigm_religions	190,191,196
balls	nummern	462,563,704,717,724,728
balls	objekt	546
balls	ontology	84
balls	particle-meta-physics	219,308
balls	particles_other_universe	512
balls	philoalias	5,54,55,198,390
balls	philoalienreciprocal	131,201
balls	programming-paradigms	351
balls	programmingparadigms	351
balls	ratioSameNumber	383
balls	reciprocal_of_transcendentalia	131,201
balls	software_licences_and_academic_degrees	422
balls	software_license	422
balls	space	218
balls	space-missions	218
balls	spezies	582
balls	spheres_circles	77,145
balls	spherescircles	77,145
balls	strategy	385
balls	strategy_tactics_(15m8)	385
balls	structuralreciprocal	131,201
balls	structurals	5,54,55,198,390
balls	such_as_combining_linking	320
balls	systemthings	150
balls	tactics	385
balls	transcendentalia	5,54,55,198,390
balls	transcendentalreciprocal	131,201
balls	transcendentals	5,54,55,198,390
balls	types_numbers	462,563,704,717,724,728
balls	universal_right	34,65,382
balls	universals	5,54,55,198,390
balls	universalsReciprocal	131,201
balls	whyTranscendentalEqualsComplexity	5,65,166
balls	why_transcendental_=_complexity_by_Michael_Commons	5,65,166
balls	why_transcendental_=_structure_size_=_character	4,5,54,165
balls	whytranscendentalstructuralsizeandcharacter	4,5,54,165
balls	winkel	726
balls	zahlen	462,563,704,717,724,728
basic_structures	Salvation	465
basic_structures	abstraction	65,75,203,483
basic_structures	actions	424
basic_structures	affiliations	252,299,300,336,580
basic_structures	against_5	24
basic_structures	altitudes	271
basic_structures	analytic_ontology	84
basic_structures	analyticontology	84
basic_structures	areas_of_life	405,415,416
basic_structures	areas_of_life_and_classes_of_problems(28)	405,415,416
basic_structures	aspiration	332,414
basic_structures	aspirations	332,414
basic_structures	aspirations(1/5)	332,414
basic_structures	attention	270,393
basic_structures	attentionOrRespect	270,393
basic_structures	attention_(4)	270,393
basic_structures	attractions	311
basic_structures	attractions_(36)	311
basic_structures	awareness	282
basic_structures	awareness_instead_of_consciousness_(1)	282
basic_structures	be	234,337,385,387,491
basic_structures	behavefeel	295
basic_structures	behavior	301,302,413
basic_structures	behavior_(11)	301,302,413
basic_structures	behavioralandfeels	295
basic_structures	biological_tree_(15)	500
basic_structures	calculate	404
basic_structures	categories	204,205,281
basic_structures	class	241,289,394,395,485,516,697
basic_structures	classes	241,289,394,395,485,516,697
basic_structures	classes_(20)	241,289,394,395,485,516,697
basic_structures	classes_of_problems	405,415,416
basic_structures	coalitions	321
basic_structures	coalitions_(10)	321
basic_structures	combination	33,290,296,325,326,327,402,403,406,407,408,430,492
basic_structures	combinations	33,290,296,325,326,327,402,403,406,407,408,430,492
basic_structures	comparision_of_numbers_(15_18_6)	340
basic_structures	complex	65,75,203,483
basic_structures	complexity	65,75,203,483
basic_structures	comprehend	242,297
basic_structures	comprehend_emotionally_or_mentally_by_prime_cross_algorithm_(15)	242,297
basic_structures	concreta	250,253,269
basic_structures	concretes_and_Focus_(2)	250,253,269
basic_structures	condition	338
basic_structures	condition_and_trigger_(1/3)	338
basic_structures	conditions	338
basic_structures	connections_(18)	252,299,300,336,580
basic_structures	consciousness	229,231,242,273,297,304,426
basic_structures	controversy	421
basic_structures	controversy_(51)	421
basic_structures	dependence	357
basic_structures	dependent_connectedness_(90)	357
basic_structures	distinction	377
basic_structures	domains_of_life	405,415,416
basic_structures	drive	254,392,396,397,423
basic_structures	drives_and_needs_(6)	254,392,396,397,423
basic_structures	emotions	29,243,283,284,285,286,305
basic_structures	empathy	294
basic_structures	empathy_(37)	294
basic_structures	energy	287,293
basic_structures	energy_and_universal_properties_(30)	287,293
basic_structures	energyoflife	287,293
basic_structures	existentials	348
basic_structures	existentials_(3)	348
basic_structures	expectations	344
basic_structures	expectations_(26)	344
basic_structures	extremalia	347,352
basic_structures	extremalias_(19)	347,352
basic_structures	fcous	250,253,269
basic_structures	feelings	29,243,283,284,285,286,305
basic_structures	feelings_(7)	29,243,283,284,285,286,305
basic_structures	filter	132,328,331,335
basic_structures	filter	377
basic_structures	focus	250,253,269
basic_structures	foundation	356
basic_structures	foundation_(1/19)	356
basic_structures	functions	264,345,388,418
basic_structures	functions_Conceptions_(16)	264,345,388,418
basic_structures	goals	271
basic_structures	goals_(19)	271
basic_structures	help	370
basic_structures	imagination	264,345,388,418
basic_structures	imaginations	264,345,388,418
basic_structures	impulses	251,253,257,341
basic_structures	impulses_(5)	251,253,257,341
basic_structures	inner-values_1/6_of_cleaning_and_clarity	398,399,400,401
basic_structures	innervalues	398,399,400,401
basic_structures	intention1/6	298
basic_structures	intention1/8	272,379
basic_structures	intention10	260
basic_structures	intention13	370
basic_structures	intention16	312
basic_structures	intention17	263
basic_structures	intention1pro6	298
basic_structures	intention1pro8	272,379
basic_structures	intention6	262
basic_structures	intention7	261
basic_structures	intention_1/6_is_cleaning_and_clarity	298
basic_structures	intention_1/8	272,379
basic_structures	intention_10_is_recognition_of_reality	260
basic_structures	intention_13_is_helping	370
basic_structures	intention_16_is_to_be_enough	312
basic_structures	intention_17_is_to_mean_opionions	263
basic_structures	intention_6_is_advantage_maximization.	262
basic_structures	intention_7_is_selflessness	261
basic_structures	intentions	10,42,410,411,493,494
basic_structures	leadership_types_(7)	429,455,481,482,490,497,498,499,502,509
basic_structures	love	8,9,28,208,221,330,580
basic_structures	love_(7)	8,9,28,208,221,330,580
basic_structures	lust	255,391
basic_structures	lust_(9)	255,391
basic_structures	map	377
basic_structures	map_filter_and_distinction_(1/12)	377
basic_structures	mathematical_design_(32)	419
basic_structures	mathematicaldesign	419
basic_structures	maxima	271
basic_structures	meaning	306
basic_structures	meaning_(10)	306
basic_structures	measures	384
basic_structures	measures_(39)	384
basic_structures	meta-paradigms	5,131,229
basic_structures	meta-systems_(12)	79,80,232,288,334,410,411,483,497,498,499
basic_structures	metasystem	79,80,232,288,334,410,411,483,497,498,499
basic_structures	metasystems	79,80,232,288,334,410,411,483,497,498,499
basic_structures	mind	229,231,242,273,297,304,426
basic_structures	mind_(15)	229,231,242,273,297,304,426
basic_structures	mode	234,337,385,387,491
basic_structures	mode_and_being_(8)	234,337,385,387,491
basic_structures	model	65,75,203,483
basic_structures	model_of_Hierarchical_Complexity	65,75,203,483
basic_structures	modelofhierarchicalcomplexity	65,75,203,483
basic_structures	modes	234,337,385,387,491
basic_structures	mood	33,290,296,325,326,327,402,403,406,407,408,430,492
basic_structures	moods	33,290,296,325,326,327,402,403,406,407,408,430,492
basic_structures	moods_combinations_(14)	33,290,296,325,326,327,402,403,406,407,408,430,492
basic_structures	need	254,392,396,397,423
basic_structures	needs	254,392,396,397,423
basic_structures	network	417,436
basic_structures	numericalcomparison	340
basic_structures	ontology	84
basic_structures	optimization	310
basic_structures	optimization_(10)	310
basic_structures	order	132,328,331,335
basic_structures	order_and_Filtering_12_and_1pro12	132,328,331,335
basic_structures	orderandfilter	132,328,331,335
basic_structures	paradigms	10,42,410,411,493,494
basic_structures	paradigms_are_intentions_(13)	10,42,410,411,493,494
basic_structures	particles_other_universe	512
basic_structures	passion	343
basic_structures	passions	343
basic_structures	passions_(21)	343
basic_structures	perception	233,265,268,322,342,480
basic_structures	philoalias	5,131,229
basic_structures	positions	249,317,323
basic_structures	principles	329,378
basic_structures	principles(1/8)	329,378
basic_structures	procedure	353,354
basic_structures	punishment	463
basic_structures	question	353,354
basic_structures	realities_truth_perception_(10)	233,265,268,322,342,480
basic_structures	reciprocal	42,131,204,205,231,257,273,281,284,285,326,327,328,329,330,331,332,334,335,338,416
basic_structures	reflection	204,205,281
basic_structures	reflection_and_Categories_(1/15)	204,205,281
basic_structures	reflex	256
basic_structures	reflexes	256
basic_structures	reflexes_(3)	256
basic_structures	relation_to_each_other_reciprocal_universal_(18→n_vs._1/n)	350
basic_structures	relative_time_amount_(15_10_4_18_6)	339
basic_structures	relativereciprocal	350
basic_structures	relativetimeamount	339
basic_structures	salvation	465
basic_structures	scale	4,21,54,197,425,745
basic_structures	set	79,80,232,288,334,410,411,483,497,498,499
basic_structures	sets	79,80,232,288,334,410,411,483,497,498,499
basic_structures	shall	353,354
basic_structures	shall_question_procedure_(1/13)	353,354
basic_structures	sheaf_and_behavior_empathy_(31)	295
basic_structures	sheafs	295
basic_structures	size	4,21,54,197,425,745
basic_structures	states	234,337,385,387,491
basic_structures	structural_paradigms_or_meta-paradigms_or_transcendental_(15)	5,131,229
basic_structures	structurals	5,131,229
basic_structures	structureSize	4,21,54,197,425,745
basic_structures	structuresize	4,21,54,197,425,745
basic_structures	system	69,70,440,455,476,513
basic_structures	thoughts	249,317,323
basic_structures	thoughts_are_positions_(17)	249,317,323
basic_structures	time	266,267
basic_structures	time_(4)_as_reality	266,267
basic_structures	topic	309
basic_structures	topics	309
basic_structures	topics_(6)	309
basic_structures	transcendentalia	5,131,229
basic_structures	transcendentals	5,131,229
basic_structures	trigger	338
basic_structures	truth	233,265,268,322,342,480
basic_structures	truthRealities	233,265,268,322,342,480
basic_structures	units	255,391
basic_structures	universal_comperative_(18→15)	349
basic_structures	universalcomparative	349
basic_structures	universalproperties	287,293
basic_structures	universals	5,131,229
basic_structures	values	254,392,396,397,423
basic_structures	views	240,346
basic_structures	views_Stances_(18_17)	240,346
basic_structures	violence	466,479
basic_structures	well-being	427,428
basic_structures	well-being_(7with6)	427,428
bedeutung	Anwendung_der_Sonnen_und_Monde	22
bedeutung	Gestirn	64,154
bedeutung	Jura	34
bedeutung	Konjunktiv_Wurzelbildung	106
bedeutung	Mechanismen_der_Züchtung	107,108,109
bedeutung	Primzahlen	19
bedeutung	Vollkommenheit_des_Geistes	35
bedeutung	Vorzeichen	118,119
bedeutung	Zählungen	25,45,169,188,386,390
bedeutung	anwendungdersonnen	22
bedeutung	anwendungdersonnenundmonde	22
bedeutung	anwendungenfuermonde	22
bedeutung	geist	35
bedeutung	gesetzeslehre	34
bedeutung	gestirn	64,154
bedeutung	in_ReTa	209,210,474,475
bedeutung	inreta	209,210,474,475
bedeutung	jura	34
bedeutung	konjunktiv	106
bedeutung	mechanismen	107,108,109
bedeutung	mond	64,154
bedeutung	planet	64,154
bedeutung	primzahlen	19
bedeutung	recht	34
bedeutung	sonne	64,154
bedeutung	vielfache	19
bedeutung	vielfacher	19
bedeutung	vollkommenheit	35
bedeutung	vorzeichen	118,119
bedeutung	wesen	107,108,109
bedeutung	wurzel	106
bedeutung	zaehlung	25,45,169,188,386,390
bedeutung	zaehlungen	25,45,169,188,386,390
bedeutung	zuechten	107,108,109
bedeutung	zuechtung	107,108,109
bedeutung	zählung	25,45,169,188,386,390
bedeutung	zählungen	25,45,169,188,386,390
bedeutung	züchten	107,108,109
bedeutung	züchtung	107,108,109
bälle	Biologischer_Baum_(15)	500
bälle	Entwicklungs_Stadium_Spezies	661
bälle	Evolution_vs_Design_intelligent	519
bälle	Farben	444
bälle	Gegentranszendentalien	138,202
bälle	Geist__(15)	242,426
bälle	Hochzüchten	318,319
bälle	Kategorie	204,205,281
bälle	Kugeln_Kreise	77,145
bälle	Logik	725
bälle	Model_of_Hierarchical_Complexity	65,75,203
bälle	Morphismen	727
bälle	Netzwerk	25,55,386,390
bälle	Objekte	546
bälle	Programmier-Paradigmen	351
bälle	Raum-Missionen	218
bälle	Reziproke_von_Transzendentalien	131,201
bälle	Software-Lizenzen_akademische_Grade	422
bälle	Spezies_Entwicklung	661
bälle	Spezies_Typofikation	582
bälle	Strategie_Taktik_(15m8)	385
bälle	Systemsachen	150
bälle	Teilchen-Meta-Physik	219,308
bälle	Teilchen_anderes_Universum	512
bälle	Transzendentalien	5,54,55,198,390
bälle	Universelles_Verhältnis_gleicher_Zahlen	383
bälle	Winkel	726
bälle	Zahlenarten	462,563,704,717,724,728
bälle	Zusammenhang_Gehirn_Kosmos_Universum	489
bälle	abstraktion	65,75,203
bälle	akademischeGrade	422
bälle	alien	5,54,55,198,390
bälle	alienreziproke	131,201
bälle	analytische_Ontologie	84
bälle	analytischeontologie	84
bälle	complexity	65,75,203
bälle	gegenalien	138,202
bälle	gegenstrukturalien	138,202
bälle	gegentranszendentalie	138,202
bälle	gegentranszendentalien	138,202
bälle	gegenuniversalien	138,202
bälle	geist	242,426
bälle	grosseki	409
bälle	hochzuechten	318,319
bälle	hochzüchten	318,319
bälle	jura	34,65,382
bälle	kategorie	204,205,281
bälle	keine_Nur-Paradigma-Religionen	190,191,196
bälle	kombinierenetc	320
bälle	komplex	65,75,203
bälle	komplexitaet	65,75,203
bälle	komplexität	65,75,203
bälle	kreise	77,145
bälle	kugeln	77,145
bälle	kugelnkreise	77,145
bälle	künstliches_Leben_(15)	409
bälle	künstlichesleben	409
bälle	logik	725
bälle	metaparadigmareligion	190,191,196
bälle	model	65,75,203
bälle	modelofhierarchicalcomplexity	65,75,203
bälle	morphismus	727
bälle	netzwerk	25,55,386,390
bälle	nummern	462,563,704,717,724,728
bälle	objekt	546
bälle	ontologie	84
bälle	programmierparadigmen	351
bälle	recht	34,65,382
bälle	softwarelizenz	422
bälle	sowas_wie_Kombinieren_Verknüpfen	320
bälle	spezies	582
bälle	strategie	385
bälle	strukturalien	5,54,55,198,390
bälle	strukturalienreziproke	131,201
bälle	systemsachen	150
bälle	taktik	385
bälle	transzendentalie	5,54,55,198,390
bälle	transzendentalien	5,54,55,198,390
bälle	transzendentalienreziproke	131,201
bälle	transzendentaliereziproke	131,201
bälle	universalien	5,54,55,198,390
bälle	universalienreziproke	131,201
bälle	universelles_Recht	34,65,382
bälle	verhaeltnisgleicherzahl	383
bälle	warum_Transzendentalie_=_Komplexität_von_Michael_Commons	5,65,166
bälle	warum_Transzendentalie_=_Strukturgroesse_=_Charakter	4,5,54,165
bälle	warumtranszendentaliegleichkomplexitaet	5,65,166
bälle	warumtranszendentaliezustrukturgroesseundcharakter	4,5,54,165
bälle	weltall	218
bälle	winkel	726
bälle	zahlen	462,563,704,717,724,728
circle	GospelofThomas	0,3,303
circle	Revelation_of_John	90
circle	Superpowers	444,494,496
circle	ZergAliens_MenschenHumanoid_ProtosPraedatoren	521
circle	analytic_ontology	84
circle	analyticontology	84
circle	babylon	1,2
circle	babylonian_zodiac	1,2
circle	bible	90
circle	breedingUp	318,319
circle	breedingup	318,319
circle	china	91
circle	chinese_horoscope	91
circle	chinesehoroscope	91
circle	circles	77,145
circle	gospelofthomas	0,3,303
circle	insideOutsideStructure	149
circle	interiorexteriorstructure	149
circle	john	90
circle	living_creatures_galaxy_best_at	470,471,473
circle	modallogic	148
circle	ontology	84
circle	revelation	90
circle	revelationofjohn	90
circle	space	218
circle	space-missions	218
circle	spheres	77,145
circle	spheres_circles	77,145
circle	spherescircles	77,145
circle	structurealiasInsideOutside	149
circle	structurealieninsideoutside	149
circle	structureinsideoutside	149
circle	thomas	0,3,303
circle	transcendentalieninsideoutside	149
circle	transcendentals_inside_outside	149
circle	zodiacsigns	1,2
circles	GospelofThomas	0,3,303
circles	Revelation_of_John	90
circles	Superpowers	444,494,496
circles	ZergAliens_MenschenHumanoid_ProtosPraedatoren	521
circles	analytic_ontology	84
circles	analyticontology	84
circles	babylon	1,2
circles	babylonian_zodiac	1,2
circles	bible	90
circles	breedingUp	318,319
circles	breedingup	318,319
circles	china	91
circles	chinese_horoscope	91
circles	chinesehoroscope	91
circles	circles	77,145
circles	gospelofthomas	0,3,303
circles	insideOutsideStructure	149
circles	interiorexteriorstructure	149
circles	john	90
circles	living_creatures_galaxy_best_at	470,471,473
circles	modallogic	148
circles	ontology	84
circles	revelation	90
circles	revelationofjohn	90
circles	space	218
circles	space-missions	218
circles	spheres	77,145
circles	spheres_circles	77,145
circles	spherescircles	77,145
circles	structurealiasInsideOutside	149
circles	structurealieninsideoutside	149
circles	structureinsideoutside	149
circles	thomas	0,3,303
circles	transcendentalieninsideoutside	149
circles	transcendentals_inside_outside	149
circles	zodiacsigns	1,2
concept	altruism	136
concept	altruist	136
concept	bad	52,53
concept	egoism	136
concept	egoism_vs_altruism	136
concept	egoist	136
concept	evil	52,53
concept	good	52,53
concept	good_evil_love_bad	52,53
concept	idiot	112
concept	kind	52,53
concept	meaning	88,189
concept	meaning_and_purpose_of_life	88,189
concept	meta-wisdom	112
concept	metawisdom	112
concept	optimal	112
concept	optimum	112
concept	purpose	88,189
concept	senseAndMeaning	88,189
concept	similar	220
concept	wisdom	112
concept	wisdom_etc	112
concept	wise	112
concept2	adversity	331,335
concept2	filterType	331,335
concept2	filter_type_and_violation	331,335
concepts	altruism	136
concepts	altruist	136
concepts	bad	52,53
concepts	egoism	136
concepts	egoism_vs_altruism	136
concepts	egoist	136
concepts	evil	52,53
concepts	good	52,53
concepts	good_evil_love_bad	52,53
concepts	idiot	112
concepts	kind	52,53
concepts	meaning	88,189
concepts	meaning_and_purpose_of_life	88,189
concepts	meta-wisdom	112
concepts	metawisdom	112
concepts	optimal	112
concepts	optimum	112
concepts	purpose	88,189
concepts	senseAndMeaning	88,189
concepts	similar	220
concepts	wisdom	112
concepts	wisdom_etc	112
concepts	wise	112
concepts2	adversity	331,335
concepts2	filterType	331,335
concepts2	filter_type_and_violation	331,335
continuum	A	446
continuum	AA	558,559,560
continuum	AB	583,587
continuum	AC	528,586,727
continuum	AD	529,547,614
continuum	AE	530,612,613
continuum	AK	531
continuum	AT	568
continuum	AU	532
continuum	Achtundzwanzig	583,587
continuum	B	447
continuum	C	448
continuum	D	449,585
continuum	Dreissig	529,547,614
continuum	Dreiundzwanzig	527,567
continuum	E	511
continuum	Eight	491
continuum	Eighteen	436,451,556,618
continuum	Einunddreissig	530,612,613
continuum	F	508
continuum	Fife	511
continuum	Four	449,585
continuum	G	518
continuum	H	491
continuum	I	517,565,681
continuum	J	514
continuum	K	515,577,578,705,706,707
continuum	L	506
continuum	M	493,744
continuum	N	492
continuum	Neunundzwanzig	528,586,727
continuum	Nine	517,565,681
continuum	O	5
continuum	P	435,569,605,637,663,691
continuum	P5	501
continuum	Q	431,432,433,434,437,441,442,443,445,450,467,468,469,487,488,544,570,590,616,700
continuum	R	436,451,556,618
continuum	S	504,575
continuum	Sechs	508
continuum	Sechsundvierzig	568
continuum	Sechsundzwanzig	543
continuum	Sechsundzwanzig	558,559,560
continuum	Seven	518
continuum	Seventeen	431,432,433,434,437,441,442,443,445,450,467,468,469,487,488,544,570,590,616,700
continuum	Siebenunddreissig	531
continuum	Siebenundvierzig	532
continuum	Sixteen	435,569,605,637,663,691
continuum	T	486,571,572
continuum	Ten	514
continuum	Three	448
continuum	Twelve	506
continuum	Twentyfour	25,55,386,436,549,554,565,566,591,618,619,681
continuum	W	527,567
continuum	X	25,55,386,436,549,554,565,566,591,618,619,681
continuum	Y	507,510
continuum	Z	543
continuum	a	446
continuum	aa	558,559,560
continuum	ab	583,587
continuum	ac	528,586,727
continuum	ad	529,547,614
continuum	ae	530,612,613
continuum	ak	531
continuum	at	568
continuum	au	532
continuum	b	447
continuum	c	448
continuum	continuums	508
continuum	d	449,585
continuum	e	511
continuum	eleven	515,577,578,705,706,707
continuum	f	508
continuum	fifeteen	5
continuum	fifetyfife	507,510
continuum	fourteen	492
continuum	g	518
continuum	h	491
continuum	i	517,565,681
continuum	j	514
continuum	k	515,577,578,705,706,707
continuum	l	506
continuum	m	493,744
continuum	n	492
continuum	nineteen	504,575
continuum	o	5
continuum	one	446
continuum	p	435,569,605,637,663,691
continuum	p5	501
continuum	q	431,432,433,434,437,441,442,443,445,450,467,468,469,487,488,544,570,590,616,700
continuum	r	436,451,556,618
continuum	s	504,575
continuum	sixteen->fife	501
continuum	t	486,571,572
continuum	thirteen	493,744
continuum	twenty	486,571,572
continuum	two	447
continuum	w	527,567
continuum	x	25,55,386,436,549,554,565,566,591,618,619,681
continuum	y	507,510
continuum	z	543
dagegendafuer	Gegenposition	116
dagegendafuer	Gegenspieler	137
dagegendafuer	Gegenteil	100,101,222
dagegendafuer	Harmonie	102,103
dagegendafuer	Helfen	115
dagegendafuer	Hilfe_erhalten	114
dagegendafuer	Hilfe_nicht_gebrauchen	127
dagegendafuer	Pro	17,48
dagegendafuer	Veränderung	142
dagegendafuer	Vorteile	141
dagegendafuer	antagonist	137
dagegendafuer	baendigen	143
dagegendafuer	baendigenkontrollieren	143
dagegendafuer	bändigen	143
dagegendafuer	bändigen_kontrollieren	143
dagegendafuer	contra	15,26
dagegendafuer	dafuer	17,48
dagegendafuer	dafür	17,48
dagegendafuer	dagegen	15,26
dagegendafuer	einheit	144
dagegendafuer	ergibt_Sinn	140
dagegendafuer	ergibtsinn	140
dagegendafuer	gegenposition	116
dagegendafuer	gegenspieler	137
dagegendafuer	gegenteil	100,101,222
dagegendafuer	harmonie	102,103
dagegendafuer	helfen	115
dagegendafuer	hilfe	115
dagegendafuer	hilfeerhalten	114
dagegendafuer	hilfenichtgebrauchen	127
dagegendafuer	kein_Gegenteil	125
dagegendafuer	keingegenteil	125
dagegendafuer	kontrollieren	143
dagegendafuer	machtsinn	140
dagegendafuer	nervig	120
dagegendafuer	nicht_abgeneigt	129
dagegendafuer	nicht_dafür	126
dagegendafuer	nicht_dagegen	124
dagegendafuer	nicht_helfen_können	128
dagegendafuer	nicht_miteinander_auskommen	123
dagegendafuer	nichtabgeneigt	129
dagegendafuer	nichtauskommen	123
dagegendafuer	nichtdafuer	126
dagegendafuer	nichtdagegen	124
dagegendafuer	nichthelfenkoennen	128
dagegendafuer	pro	17,48
dagegendafuer	pro_nutzen	117
dagegendafuer	pronutzen	117
dagegendafuer	sinn	140
dagegendafuer	unmotivierbar	130
dagegendafuer	veraendern	142
dagegendafuer	veraenderung	142
dagegendafuer	veraenderungnutzen	141
dagegendafuer	vereinen	144
dagegendafuer	verändern	142
dagegendafuer	veränderung	142
dagegendafuer	vorteile	141
economy	association	99
economy	businessAdministration	109
economy	businessadministration	109
economy	company	99
economy	device	89,592,593,685,686,687
economy	devices	89,592,593,685,686,687
economy	equipment	89,592,593,685,686,687
economy	explanation	71
economy	machine	89,592,593,685,686,687
economy	machines	89,592,593,685,686,687
economy	plants	113
economy	specialties	183
economy	system	69,70,440,455,476,513
economy	topics	183
economy	typeOfOrganization	99
economy	typeoforganization	99
eigenschaft	Egoismus_vs_Altruismus	136
eigenschaft	Sinn_und_Zweck_des_Lebens	88,189
eigenschaft	Weisheit_etc	112
eigenschaft	aehnlich	220
eigenschaft	altruismus	136
eigenschaft	altruist	136
eigenschaft	bedeutung	88,189
eigenschaft	boese	52,53
eigenschaft	böse	52,53
eigenschaft	egoismus	136
eigenschaft	egoist	136
eigenschaft	gut	52,53
eigenschaft	gut_böse_lieb_schlecht	52,53
eigenschaft	idiot	112
eigenschaft	lieb	52,53
eigenschaft	meta-weisheit	112
eigenschaft	metaweisheit	112
eigenschaft	optimal	112
eigenschaft	optimum	112
eigenschaft	schlecht	52,53
eigenschaft	sinn	88,189
eigenschaft	weise	112
eigenschaft	weisheit	112
eigenschaft	zweck	88,189
eigenschaft	ähnlich	220
eigenschaften	Egoismus_vs_Altruismus	136
eigenschaften	Sinn_und_Zweck_des_Lebens	88,189
eigenschaften	Weisheit_etc	112
eigenschaften	aehnlich	220
eigenschaften	altruismus	136
eigenschaften	altruist	136
eigenschaften	bedeutung	88,189
eigenschaften	boese	52,53
eigenschaften	böse	52,53
eigenschaften	egoismus	136
eigenschaften	egoist	136
eigenschaften	gut	52,53
eigenschaften	gut_böse_lieb_schlecht	52,53
eigenschaften	idiot	112
eigenschaften	lieb	52,53
eigenschaften	meta-weisheit	112
eigenschaften	metaweisheit	112
eigenschaften	optimal	112
eigenschaften	optimum	112
eigenschaften	schlecht	52,53
eigenschaften	sinn	88,189
eigenschaften	weise	112
eigenschaften	weisheit	112
eigenschaften	zweck	88,189
eigenschaften	ähnlich	220
galaxie	Hochzüchten	318,319
galaxie	Kugeln_Kreise	77,145
galaxie	Lebewesen_Galaxie_am_Besten	470,471,473
galaxie	Modallogik	148
galaxie	Offenbarung_des_Johannes	90
galaxie	Raum-Missionen	218
galaxie	Superkraefte	444,494,496
galaxie	Superkräfte	444,494,496
galaxie	Thomasevangelium	0,3,303
galaxie	Transzendentalien_innen_außen	149
galaxie	ZergAliens_MenschenHumanoid_ProtosPraedatoren	521
galaxie	analytische_Ontologie	84
galaxie	analytischeontologie	84
galaxie	babylon	1,2
galaxie	babylonische_Tierkreiszeichen	1,2
galaxie	bibel	90
galaxie	china	91
galaxie	chinesisches_Horoskop	91
galaxie	chinesischeshoroskop	91
galaxie	hochzuechten	318,319
galaxie	hochzüchten	318,319
galaxie	innenaussenstrukur	149
galaxie	innenaußenstrukur	149
galaxie	johannes	90
galaxie	kreise	77,145
galaxie	kugeln	77,145
galaxie	kugelnkreise	77,145
galaxie	modallogik	148
galaxie	offenbarung	90
galaxie	offenbarungdesjohannes	90
galaxie	offenbarungjohannes	90
galaxie	ontologie	84
galaxie	strukturalieninnenaussen	149
galaxie	strukturalieninnenaußen	149
galaxie	thomas	0,3,303
galaxie	thomasevangelium	0,3,303
galaxie	tierkreiszeichen	1,2
galaxie	transzendentalieninnenaussen	149
galaxie	transzendentalieninnenaußen	149
galaxie	weltall	218
galaxien	Hochzüchten	318,319
galaxien	Kugeln_Kreise	77,145
galaxien	Lebewesen_Galaxie_am_Besten	470,471,473
galaxien	Modallogik	148
galaxien	Offenbarung_des_Johannes	90
galaxien	Raum-Missionen	218
galaxien	Superkraefte	444,494,496
galaxien	Superkräfte	444,494,496
galaxien	Thomasevangelium	0,3,303
galaxien	Transzendentalien_innen_außen	149
galaxien	ZergAliens_MenschenHumanoid_ProtosPraedatoren	521
galaxien	analytische_Ontologie	84
galaxien	analytischeontologie	84
galaxien	babylon	1,2
galaxien	babylonische_Tierkreiszeichen	1,2
galaxien	bibel	90
galaxien	china	91
galaxien	chinesisches_Horoskop	91
galaxien	chinesischeshoroskop	91
galaxien	hochzuechten	318,319
galaxien	hochzüchten	318,319
galaxien	innenaussenstrukur	149
galaxien	innenaußenstrukur	149
galaxien	johannes	90
galaxien	kreise	77,145
galaxien	kugeln	77,145
galaxien	kugelnkreise	77,145
galaxien	modallogik	148
galaxien	offenbarung	90
galaxien	offenbarungdesjohannes	90
galaxien	offenbarungjohannes	90
galaxien	ontologie	84
galaxien	strukturalieninnenaussen	149
galaxien	strukturalieninnenaußen	149
galaxien	thomas	0,3,303
galaxien	thomasevangelium	0,3,303
galaxien	tierkreiszeichen	1,2
galaxien	transzendentalieninnenaussen	149
galaxien	transzendentalieninnenaußen	149
galaxien	weltall	218
galaxies	GospelofThomas	0,3,303
galaxies	Revelation_of_John	90
galaxies	Superpowers	444,494,496
galaxies	ZergAliens_MenschenHumanoid_ProtosPraedatoren	521
galaxies	analytic_ontology	84
galaxies	analyticontology	84
galaxies	babylon	1,2
galaxies	babylonian_zodiac	1,2
galaxies	bible	90
galaxies	breedingUp	318,319
galaxies	breedingup	318,319
galaxies	china	91
galaxies	chinese_horoscope	91
galaxies	chinesehoroscope	91
galaxies	circles	77,145
galaxies	gospelofthomas	0,3,303
galaxies	insideOutsideStructure	149
galaxies	interiorexteriorstructure	149
galaxies	john	90
galaxies	living_creatures_galaxy_best_at	470,471,473
galaxies	modallogic	148
galaxies	ontology	84
galaxies	revelation	90
galaxies	revelationofjohn	90
galaxies	space	218
galaxies	space-missions	218
galaxies	spheres	77,145
galaxies	spheres_circles	77,145
galaxies	spherescircles	77,145
galaxies	structurealiasInsideOutside	149
galaxies	structurealieninsideoutside	149
galaxies	structureinsideoutside	149
galaxies	thomas	0,3,303
galaxies	transcendentalieninsideoutside	149
galaxies	transcendentals_inside_outside	149
galaxies	zodiacsigns	1,2
galaxy	GospelofThomas	0,3,303
galaxy	Revelation_of_John	90
galaxy	Superpowers	444,494,496
galaxy	ZergAliens_MenschenHumanoid_ProtosPraedatoren	521
galaxy	analytic_ontology	84
galaxy	analyticontology	84
galaxy	babylon	1,2
galaxy	babylonian_zodiac	1,2
galaxy	bible	90
galaxy	breedingUp	318,319
galaxy	breedingup	318,319
galaxy	china	91
galaxy	chinese_horoscope	91
galaxy	chinesehoroscope	91
galaxy	circles	77,145
galaxy	gospelofthomas	0,3,303
galaxy	insideOutsideStructure	149
galaxy	interiorexteriorstructure	149
galaxy	john	90
galaxy	living_creatures_galaxy_best_at	470,471,473
galaxy	modallogic	148
galaxy	ontology	84
galaxy	revelation	90
galaxy	revelationofjohn	90
galaxy	space	218
galaxy	space-missions	218
galaxy	spheres	77,145
galaxy	spheres_circles	77,145
galaxy	spherescircles	77,145
galaxy	structurealiasInsideOutside	149
galaxy	structurealieninsideoutside	149
galaxy	structureinsideoutside	149
galaxy	thomas	0,3,303
galaxy	transcendentalieninsideoutside	149
galaxy	transcendentals_inside_outside	149
galaxy	zodiacsigns	1,2
groesse	Größenordnung	4,21,54,197,425,745
groesse	Licht	20,27,313
groesse	Organisationen	30,82,425,745
groesse	Strukturgrösse	4,21,54,197,425,745
groesse	groesse	4,21,54,197,425,745
groesse	gross	4,21,54,197,425,745
groesse	größe	4,21,54,197,425,745
groesse	licht	20,27,313
groesse	organisation	30,82,425,745
groesse	organisationen	30,82,425,745
groesse	politik	83
groesse	politische_Systeme	83
groesse	politischesysteme	83
groesse	strukturgroesse	4,21,54,197,425,745
groesse	strukturgroeße	4,21,54,197,425,745
groesse	strukturgrösse	4,21,54,197,425,745
groesse	strukturgröße	4,21,54,197,425,745
groessenordnung	Größenordnung	4,21,54,197,425,745
groessenordnung	Licht	20,27,313
groessenordnung	Organisationen	30,82,425,745
groessenordnung	Strukturgrösse	4,21,54,197,425,745
groessenordnung	groesse	4,21,54,197,425,745
groessenordnung	gross	4,21,54,197,425,745
groessenordnung	größe	4,21,54,197,425,745
groessenordnung	licht	20,27,313
groessenordnung	organisation	30,82,425,745
groessenordnung	organisationen	30,82,425,745
groessenordnung	politik	83
groessenordnung	politische_Systeme	83
groessenordnung	politischesysteme	83
groessenordnung	strukturgroesse	4,21,54,197,425,745
groessenordnung	strukturgroeße	4,21,54,197,425,745
groessenordnung	strukturgrösse	4,21,54,197,425,745
groessenordnung	strukturgröße	4,21,54,197,425,745
grundstrukturen	Absicht_1/6_ist_Reinigung_und_Klarheit	298
grundstrukturen	Absicht_1/8	272,379
grundstrukturen	Absicht_10_ist_Wirklichkeit_erkennen	260
grundstrukturen	Absicht_13_ist_Helfen	370
grundstrukturen	Absicht_16_ist_zu_genügen	312
grundstrukturen	Absicht_17_ist_zu_meinen	263
grundstrukturen	Absicht_6_ist_Vorteilsmaximierung	262
grundstrukturen	Absicht_7_ist_Selbstlosigkeit	261
grundstrukturen	Achtung_(4)	270,393
grundstrukturen	Anführer_Arten_(7)	429,455,481,482,490,497,498,499,502,509
grundstrukturen	Ansichten_Standpunkte_(18_17)	240,346
grundstrukturen	Attraktionen_(36)	311
grundstrukturen	Bedeutung_(10)	306
grundstrukturen	Bedingung_und_Auslöser_(1/3)	338
grundstrukturen	Bestrafung	463
grundstrukturen	Bestrebungen(1/5)	332,414
grundstrukturen	Bewusstheit_statt_Bewusstsein_(1)	282
grundstrukturen	Biologischer_Baum_(15)	500
grundstrukturen	Empathie_(37)	294
grundstrukturen	Energie_und_universelle_Eigenschaften_(30)	287,293
grundstrukturen	Erloesung	465
grundstrukturen	Erlösung	465
grundstrukturen	Erwartungshaltungen_(26)	344
grundstrukturen	Existenzialien_(3)	348
grundstrukturen	Extremalien_(19)	347,352
grundstrukturen	Fundament_(1/19)	356
grundstrukturen	Funktionen_Vorstellungen_(16)	264,345,388,418
grundstrukturen	Garben_und_Verhalten_nachfühlen(31)	295
grundstrukturen	Gedanken_sind_Positionen_(17)	249,317,323
grundstrukturen	Gefühle_(7)	29,243,283,284,285,286,305
grundstrukturen	Geist_(15)	229,231,242,273,297,304,426
grundstrukturen	Gewalt	466,479
grundstrukturen	Größenordnung	4,21,54,197,425,745
grundstrukturen	Impulse_(5)	251,253,257,341
grundstrukturen	Karte_Filter_und_Unterscheidung_(1/12)	377
grundstrukturen	Klassen_(20)	241,289,394,395,485,516,697
grundstrukturen	Koalitionen_(10)	321
grundstrukturen	Konkreta_und_Focus_(2)	250,253,269
grundstrukturen	Kontroverse_(51)	421
grundstrukturen	Lebensbereiche_Problemklassen_(28)	405,415,416
grundstrukturen	Leidenschaften_(21)	343
grundstrukturen	Liebe_(7)	8,9,28,208,221,330,580
grundstrukturen	Lust_(9)	255,391
grundstrukturen	Maßnahmen_(39)	384
grundstrukturen	Meta-Systeme_(12)	79,80,232,288,334,410,411,483,497,498,499
grundstrukturen	Model_of_Hierarchical_Complexity	65,75,203,483
grundstrukturen	Modus_und_Sein_(8)	234,337,385,387,491
grundstrukturen	Netzwerk	417,436
grundstrukturen	Optimierung_(10)	310
grundstrukturen	Ordnung_und_Filterung_12_und_1pro12	132,328,331,335
grundstrukturen	Paradigmen_sind_Absichten_(13)	10,42,410,411,493,494
grundstrukturen	Prinzipien(1/8)	329,378
grundstrukturen	Rechnen	404
grundstrukturen	Reflektion_und_Kategorien_(1/15)	204,205,281
grundstrukturen	Reflexe_(3)	256
grundstrukturen	Relation_zueinander_reziprok_Universellen_(18→n_vs._1/n)	350
grundstrukturen	Reziprokes	42,131,204,205,231,257,273,281,284,285,326,327,328,329,330,331,332,334,335,338,416
grundstrukturen	Sollen_Frage_Vorgehensweise_(1/13)	353,354
grundstrukturen	Stimmungen_Kombinationen_(14)	33,290,296,325,326,327,402,403,406,407,408,430,492
grundstrukturen	Strukturalien_bzw_Meta-Paradigmen_bzw_Transzendentalien_(15)	5,131,229
grundstrukturen	Strukturgrösse	4,21,54,197,425,745
grundstrukturen	System	69,70,440,455,476,513
grundstrukturen	Taetigkeiten	424
grundstrukturen	Teilchen_anderes_Universum	512
grundstrukturen	Themen_(6)	309
grundstrukturen	Transzendentalien	5,131,229
grundstrukturen	Triebe_und_Bedürfnisse_(6)	254,392,396,397,423
grundstrukturen	Verbundenheiten_(18)	252,299,300,336,580
grundstrukturen	Verhalten_(11)	301,302,413
grundstrukturen	Wirklichkeiten_Wahrheit_Wahrnehmung_(10)	233,265,268,322,342,480
grundstrukturen	Wohlbefinden_(7mit6)	427,428
grundstrukturen	Zahlenvergleich_(15_18_6)	340
grundstrukturen	Zeit_(4)_als_Wirklichkeit	266,267
grundstrukturen	Ziele_(19)	271
grundstrukturen	abhaengigkeit	357
grundstrukturen	abhängige_Verbundenheit_(90)	357
grundstrukturen	abhängigkeit	357
grundstrukturen	absicht1/6	298
grundstrukturen	absicht1/8	272,379
grundstrukturen	absicht10	260
grundstrukturen	absicht13	370
grundstrukturen	absicht16	312
grundstrukturen	absicht17	263
grundstrukturen	absicht1pro6	298
grundstrukturen	absicht1pro8	272,379
grundstrukturen	absicht6	262
grundstrukturen	absicht7	261
grundstrukturen	absichten	10,42,410,411,493,494
grundstrukturen	abstraktion	65,75,203,483
grundstrukturen	achten	270,393
grundstrukturen	achtung	270,393
grundstrukturen	alien	5,131,229
grundstrukturen	analytische_Ontologie	84
grundstrukturen	analytischeontologie	84
grundstrukturen	ansichten	240,346
grundstrukturen	attraktionen	311
grundstrukturen	ausloeser	338
grundstrukturen	auslöser	338
grundstrukturen	bedeutung	306
grundstrukturen	bedingung	338
grundstrukturen	bedingungen	338
grundstrukturen	bedürfnis	254,392,396,397,423
grundstrukturen	bedürfnisse	254,392,396,397,423
grundstrukturen	bestrebung	332,414
grundstrukturen	bestrebungen	332,414
grundstrukturen	bewusstheit	282
grundstrukturen	bewusstsein	229,231,242,273,297,304,426
grundstrukturen	complexity	65,75,203,483
grundstrukturen	einheiten	255,391
grundstrukturen	emotion	29,243,283,284,285,286,305
grundstrukturen	emotionen	29,243,283,284,285,286,305
grundstrukturen	empathie	294
grundstrukturen	energie	287,293
grundstrukturen	erwartungen	344
grundstrukturen	erwartungshaltungen	344
grundstrukturen	existenzialien	348
grundstrukturen	extremalien	347,352
grundstrukturen	filter	377
grundstrukturen	filtern	132,328,331,335
grundstrukturen	focus	250,253,269
grundstrukturen	fokus	250,253,269
grundstrukturen	frage	353,354
grundstrukturen	fundament	356
grundstrukturen	funktionen	264,345,388,418
grundstrukturen	garben	295
grundstrukturen	gedanken	249,317,323
grundstrukturen	gefuehle	29,243,283,284,285,286,305
grundstrukturen	gefühle	29,243,283,284,285,286,305
grundstrukturen	gegen_5	24
grundstrukturen	geist	229,231,242,273,297,304,426
grundstrukturen	groesse	4,21,54,197,425,745
grundstrukturen	gross	4,21,54,197,425,745
grundstrukturen	größe	4,21,54,197,425,745
grundstrukturen	helfen	370
grundstrukturen	höhenvorstellungen	271
grundstrukturen	impulse	251,253,257,341
grundstrukturen	innere_Werte_1/6_der_Reinigung_und_Klarheit	398,399,400,401
grundstrukturen	innerewerte	398,399,400,401
grundstrukturen	karte	377
grundstrukturen	kategorien	204,205,281
grundstrukturen	klasse	241,289,394,395,485,516,697
grundstrukturen	klassen	241,289,394,395,485,516,697
grundstrukturen	koalitionen	321
grundstrukturen	kombination	33,290,296,325,326,327,402,403,406,407,408,430,492
grundstrukturen	kombinationen	33,290,296,325,326,327,402,403,406,407,408,430,492
grundstrukturen	komplex	65,75,203,483
grundstrukturen	komplexitaet	65,75,203,483
grundstrukturen	komplexität	65,75,203,483
grundstrukturen	konkreta	250,253,269
grundstrukturen	kontroverse	421
grundstrukturen	lebensbereiche	405,415,416
grundstrukturen	lebensenergie	287,293
grundstrukturen	lebensfelder	405,415,416
grundstrukturen	leidenschaft	343
grundstrukturen	leidenschaften	343
grundstrukturen	liebe	8,9,28,208,221,330,580
grundstrukturen	lust	255,391
grundstrukturen	massnahmen	384
grundstrukturen	mathematisches_Design_(32)	419
grundstrukturen	mathematischesdesign	419
grundstrukturen	maxima	271
grundstrukturen	menge	79,80,232,288,334,410,411,483,497,498,499
grundstrukturen	mengen	79,80,232,288,334,410,411,483,497,498,499
grundstrukturen	meta-paradigmen	5,131,229
grundstrukturen	meta-system	79,80,232,288,334,410,411,483,497,498,499
grundstrukturen	meta-systeme	79,80,232,288,334,410,411,483,497,498,499
grundstrukturen	metasystem	79,80,232,288,334,410,411,483,497,498,499
grundstrukturen	metasysteme	79,80,232,288,334,410,411,483,497,498,499
grundstrukturen	mitgefuehl	294
grundstrukturen	model	65,75,203,483
grundstrukturen	modelofhierarchicalcomplexity	65,75,203,483
grundstrukturen	modi	234,337,385,387,491
grundstrukturen	modus	234,337,385,387,491
grundstrukturen	nachvollziehen	242,297
grundstrukturen	nachvollziehen_emotional_oder_geistig_durch_Primzahl-Kreuz-Algorithmus_(15)	242,297
grundstrukturen	netzwerk	417,436
grundstrukturen	ontologie	84
grundstrukturen	optimierung	310
grundstrukturen	ordnen	132,328,331,335
grundstrukturen	ordnenundfiltern	132,328,331,335
grundstrukturen	paradigmen	10,42,410,411,493,494
grundstrukturen	positionen	249,317,323
grundstrukturen	prinzipien	329,378
grundstrukturen	problemklassen	405,415,416
grundstrukturen	rechnen	404
grundstrukturen	reflektion	204,205,281
grundstrukturen	reflex	256
grundstrukturen	reflexe	256
grundstrukturen	relativer_Zeit-Betrag_(15_10_4_18_6)	339
grundstrukturen	relativerzeitbetrag	339
grundstrukturen	relativreziprokuniversell	350
grundstrukturen	reziproke	42,131,204,205,231,257,273,281,284,285,326,327,328,329,330,331,332,334,335,338,416
grundstrukturen	reziprokes	42,131,204,205,231,257,273,281,284,285,326,327,328,329,330,331,332,334,335,338,416
grundstrukturen	sein	234,337,385,387,491
grundstrukturen	sollen	353,354
grundstrukturen	stimmung	33,290,296,325,326,327,402,403,406,407,408,430,492
grundstrukturen	stimmungen	33,290,296,325,326,327,402,403,406,407,408,430,492
grundstrukturen	strukturalien	5,131,229
grundstrukturen	strukturgroesse	4,21,54,197,425,745
grundstrukturen	strukturgroeße	4,21,54,197,425,745
grundstrukturen	strukturgrösse	4,21,54,197,425,745
grundstrukturen	strukturgröße	4,21,54,197,425,745
grundstrukturen	system	69,70,440,455,476,513
grundstrukturen	taetigkeiten	424
grundstrukturen	thema	309
grundstrukturen	themen	309
grundstrukturen	transzendentalie	5,131,229
grundstrukturen	transzendentalien	5,131,229
grundstrukturen	trieb	254,392,396,397,423
grundstrukturen	triebe	254,392,396,397,423
grundstrukturen	tätigkeiten	424
grundstrukturen	universalien	5,131,229
grundstrukturen	universelleeigenschaften	287,293
grundstrukturen	universeller_Komperativ_(18→15)	349
grundstrukturen	universellerkomperativ	349
grundstrukturen	unterscheidung	377
grundstrukturen	verbundenheiten	252,299,300,336,580
grundstrukturen	verhalten	301,302,413
grundstrukturen	verhaltenfuehlen	295
grundstrukturen	verhaltenfühlen	295
grundstrukturen	vorgehensweise	353,354
grundstrukturen	vorstellung	264,345,388,418
grundstrukturen	vorstellungen	264,345,388,418
grundstrukturen	wahrheit	233,265,268,322,342,480
grundstrukturen	wahrnehmung	233,265,268,322,342,480
grundstrukturen	werte	254,392,396,397,423
grundstrukturen	wirklichkeit	233,265,268,322,342,480
grundstrukturen	wirklichkeiten	233,265,268,322,342,480
grundstrukturen	wohlbefinden	427,428
grundstrukturen	zahlenvergleich	340
grundstrukturen	zeit	266,267
grundstrukturen	ziele	271
grundstrukturen	zustaende	234,337,385,387,491
grundstrukturen	zustände	234,337,385,387,491
human	(political)_directions_(7)	235
human	Anführer_und_Chef	29,170,429,455,490,502,509,708
human	Diplomatie	523,594
human	Eliten	585
human	Evolution	657
human	Gott_und_Prophet	534,550,552,553,557
human	Himmel_Hoelle_Kettenmolekuele	526
human	INCELs	68
human	Karriere	595,597,712,713,714,715
human	Konservativismus	651,652,653,654,655,656
human	Land_Laender-Dach-Organisation	524
human	Meisterschaft	596
human	Morale	215,216
human	Professioneller	596
human	Psychopath_Soziopath	581,602
human	Ränge	520,535
human	Salvation	465
human	Satan_Devil	495
human	Sinne	533
human	Spiele-Genre	525
human	Superpowers	444,494,496
human	Verbrechen_und_Bestrafung	539,540
human	Weltordnung	522
human	Zeitalter	522
human	achievements	11,251,257
human	acquire	12,13,27,32,47
human	affiliations	252,299,300,336,580
human	alpha	46
human	alpha_beta	46
human	alphabeta	46
human	altruism	136
human	anfuehrer_und_boss	29,170,429,455,490,502,509,708
human	bestrafen	463,636
human	bestrafen	539,540
human	beta	46
human	biological_tree_(15)	500
human	class	241,551,555,697
human	classes	241,551,555,697
human	connections_(18)	252,299,300,336,580
human	consciousness	229,231,265,281,304,342
human	consciousness_and_perception	229,231,265,281,304,342
human	counter-structuralias	138,139,202
human	countertranscendentals	138,139,202
human	creative	12,13,27,32,47
human	creativity	12,13,27,32,47
human	diplomatie	523,594
human	directions	235
human	disease	24
human	diseases	24
human	dominant_gender	51
human	dominantgender	51
human	dominate	132,328,331,335
human	effect	135
human	egoism	136
human	elite	585
human	emotion	105,230,243,283,284,285,286,305
human	emotions	105,230,243,283,284,285,286,305
human	epistemology	59,621
human	equality	132,328,331,335
human	equality_freedom	132,328,331,335
human	equalityfreedom	132,328,331,335
human	ethics	8,9,28,208,330,580
human	evolutionary	12,13,27,32,47
human	evolutionary_acquire_and_intelligence	12,13,27,32,47
human	evolutionary_acquisition_and_intelligence_creativity	12,13,27,32,47
human	faith	59,621
human	faith_and_epistemology	59,621
human	feel	105,230,243,283,284,285,286,305
human	feelings	105,230,243,283,284,285,286,305
human	female	51
human	formations	461
human	freedom	132,328,331,335
human	goals	11,251,257
human	goetter	534,550,552,553,557
human	handhaben	658
human	human-animal	314
human	human-to-animal	314
human	illness	24
human	incel	68
human	incels	68
human	inequality	132,328,331,335
human	initialposition	73
human	intelligence	12,13,27,32,47
human	intelligencedeficiencies	147
human	intelligenceproblems	147
human	intelligent_Design	657
human	intent	10,18,42,149,167,168,229,230,561,607
human	intentions	10,18,42,149,167,168,229,230,561,607
human	irrationalNumbersbyrooting	73
human	irrational_numbers_by_rooting	73
human	job	30
human	jobs	30
human	karriere	595,597,712,713,714,715
human	konservativ	651,652,653,654,655,656
human	kriminell	539,540
human	lateral	523,594
human	learn	12,13,27,32,47
human	less_at_human	464
human	love	8,9,28,208,330,580
human	male	51
human	management	658
human	managen	658
human	manipulation	153
human	meister	596
human	morality	215,216
human	motifs	10,18,42,149,167,168,229,230,561,607
human	motivation	10,18,42,149,167,168,229,230,561,607
human	motive	10,18,42,149,167,168,229,230,561,607
human	music	33,523
human	necessary	13,14
human	need	13,14
human	obtained	11,251,257
human	omega	46
human	pathological	24
human	perception	229,231,265,281,304,342
human	political	235
human	positions	249,276
human	profi	596
human	psychiatric	24
human	psychopath	581,602
human	punishment	463,636
human	raenge	520,535
human	sadist	581,602
human	salvation	465
human	searchformeaning	88,189
human	selflessness	136
human	senseAndMeaning	88,189
human	senseAndMeaningOfLife	88,189
human	sense_and_meaning_of_life	88,189
human	senseandmeaningoflife	88,189
human	sigma	46
human	socialclass	241,551,555,697
human	solution	31
human	solutions	31
human	soziopath	581,602
human	specialties	183
human	thoughts	249,276
human	thoughts_are_positions_(17)	249,276
human	topics	183
human	views	240,346
human	views_Stances_(18_17)	240,346
human	violence	466
human	vulnerability	57,58
human	vulnerable	57,58
human	way_of_thinking	146
human	way_of_thinking_of_living_beings	146
human	wayofthinking	146
human	whymorals	215,216
increment	addition	219,223,307,308,333,387,388,406
increment	identity	219,223,307,308,333,387,388,406
increment	of1	155
increment	of2	156
increment	of3	157
increment	particle-meta-physics	219,223,307,308,333,387,388,406
increment	whyTranscendentalEqualsComplexity	5,65,166
increment	why_transcendental_=_complexity_by_Michael_Commons	5,65,166
increment	why_transcendental_=_structure_size_=_character	4,5,54,165
increment	whytranscendentalstructuralsizeandcharacter	4,5,54,165
inkrementieren	Identität	219,223,307,308,333,387,388,406
inkrementieren	Teilchen-Meta-Physik	219,223,307,308,333,387,388,406
inkrementieren	addition	219,223,307,308,333,387,388,406
inkrementieren	identitaet	219,223,307,308,333,387,388,406
inkrementieren	um1	155
inkrementieren	um2	156
inkrementieren	um3	157
inkrementieren	warum_Transzendentalie_=_Komplexität_von_Michael_Commons	5,65,166
inkrementieren	warum_Transzendentalie_=_Strukturgroesse_=_Charakter	4,5,54,165
inkrementieren	warumtranszendentaliegleichkomplexitaet	5,65,166
inkrementieren	warumtranszendentaliezustrukturgroesseundcharakter	4,5,54,165
kontinuum	A	446
kontinuum	AA	558,559,560
kontinuum	AB	583,587
kontinuum	AC	528,586,727
kontinuum	AD	529,547,614
kontinuum	AE	530,612,613
kontinuum	AK	531
kontinuum	AT	568
kontinuum	AU	532
kontinuum	Acht	491
kontinuum	Achtundzwanzig	583,587
kontinuum	Achtzehn	436,451,556,618
kontinuum	B	447
kontinuum	C	448
kontinuum	D	449,585
kontinuum	Drei	448
kontinuum	Dreissig	529,547,614
kontinuum	Dreiundzwanzig	527,567
kontinuum	Dreizehn	493,744
kontinuum	E	511
kontinuum	Eins	446
kontinuum	Einunddreissig	530,612,613
kontinuum	Elf	515,577,578,705,706,707
kontinuum	F	508
kontinuum	Fünf	511
kontinuum	Fünfundzwanzig	507,510
kontinuum	Fünfzehn	5
kontinuum	G	518
kontinuum	H	491
kontinuum	I	517,565,681
kontinuum	J	514
kontinuum	K	515,577,578,705,706,707
kontinuum	Kontinuen	508
kontinuum	L	506
kontinuum	M	493,744
kontinuum	N	492
kontinuum	Neun	517,565,681
kontinuum	Neunundzwanzig	528,586,727
kontinuum	Neunzehn	504,575
kontinuum	O	5
kontinuum	P	435,569,605,637,663,691
kontinuum	P5	501
kontinuum	Q	431,432,433,434,437,441,442,443,445,450,467,468,469,487,488,544,570,590,616,700
kontinuum	R	436,451,556,618
kontinuum	S	504,575
kontinuum	Sechs	508
kontinuum	Sechsundvierzig	568
kontinuum	Sechsundzwanzig	543
kontinuum	Sechsundzwanzig	558,559,560
kontinuum	Sechszehn	435,569,605,637,663,691
kontinuum	Sechszehn->Fünf	501
kontinuum	Sieben	518
kontinuum	Siebenunddreissig	531
kontinuum	Siebenundvierzig	532
kontinuum	Siebzehn	431,432,433,434,437,441,442,443,445,450,467,468,469,487,488,544,570,590,616,700
kontinuum	T	486,571,572
kontinuum	Vier	449,585
kontinuum	Vierundzwanzig	25,55,386,436,549,554,565,566,591,618,619,681
kontinuum	Vierzehn	492
kontinuum	W	527,567
kontinuum	X	25,55,386,436,549,554,565,566,591,618,619,681
kontinuum	Y	507,510
kontinuum	Z	543
kontinuum	Zehn	514
kontinuum	Zwanzig	486,571,572
kontinuum	Zwei	447
kontinuum	Zwölf	506
kontinuum	a	446
kontinuum	aa	558,559,560
kontinuum	ab	583,587
kontinuum	ac	528,586,727
kontinuum	ad	529,547,614
kontinuum	ae	530,612,613
kontinuum	ak	531
kontinuum	at	568
kontinuum	au	532
kontinuum	b	447
kontinuum	c	448
kontinuum	d	449,585
kontinuum	e	511
kontinuum	f	508
kontinuum	g	518
kontinuum	h	491
kontinuum	i	517,565,681
kontinuum	j	514
kontinuum	k	515,577,578,705,706,707
kontinuum	l	506
kontinuum	m	493,744
kontinuum	n	492
kontinuum	o	5
kontinuum	p	435,569,605,637,663,691
kontinuum	p5	501
kontinuum	q	431,432,433,434,437,441,442,443,445,450,467,468,469,487,488,544,570,590,616,700
kontinuum	r	436,451,556,618
kontinuum	s	504,575
kontinuum	t	486,571,572
kontinuum	w	527,567
kontinuum	x	25,55,386,436,549,554,565,566,591,618,619,681
kontinuum	y	507,510
kontinuum	z	543
konzept	Egoismus_vs_Altruismus	136
konzept	Sinn_und_Zweck_des_Lebens	88,189
konzept	Weisheit_etc	112
konzept	aehnlich	220
konzept	altruismus	136
konzept	altruist	136
konzept	bedeutung	88,189
konzept	boese	52,53
konzept	böse	52,53
konzept	egoismus	136
konzept	egoist	136
konzept	gut	52,53
konzept	gut_böse_lieb_schlecht	52,53
konzept	idiot	112
konzept	lieb	52,53
konzept	meta-weisheit	112
konzept	metaweisheit	112
konzept	optimal	112
konzept	optimum	112
konzept	schlecht	52,53
konzept	sinn	88,189
konzept	weise	112
konzept	weisheit	112
konzept	zweck	88,189
konzept	ähnlich	220
konzept2	Filterart_Widrigkeit	331,335
konzept2	filterart	331,335
konzept2	widrigkeit	331,335
konzepte	Egoismus_vs_Altruismus	136
konzepte	Sinn_und_Zweck_des_Lebens	88,189
konzepte	Weisheit_etc	112
konzepte	aehnlich	220
konzepte	altruismus	136
konzepte	altruist	136
konzepte	bedeutung	88,189
konzepte	boese	52,53
konzepte	böse	52,53
konzepte	egoismus	136
konzepte	egoist	136
konzepte	gut	52,53
konzepte	gut_böse_lieb_schlecht	52,53
konzepte	idiot	112
konzepte	lieb	52,53
konzepte	meta-weisheit	112
konzepte	metaweisheit	112
konzepte	optimal	112
konzepte	optimum	112
konzepte	schlecht	52,53
konzepte	sinn	88,189
konzepte	weise	112
konzepte	weisheit	112
konzepte	zweck	88,189
konzepte	ähnlich	220
konzepte2	Filterart_Widrigkeit	331,335
konzepte2	filterart	331,335
konzepte2	widrigkeit	331,335
kreis	Hochzüchten	318,319
kreis	Kugeln_Kreise	77,145
kreis	Lebewesen_Galaxie_am_Besten	470,471,473
kreis	Modallogik	148
kreis	Offenbarung_des_Johannes	90
kreis	Raum-Missionen	218
kreis	Superkraefte	444,494,496
kreis	Superkräfte	444,494,496
kreis	Thomasevangelium	0,3,303
kreis	Transzendentalien_innen_außen	149
kreis	ZergAliens_MenschenHumanoid_ProtosPraedatoren	521
kreis	analytische_Ontologie	84
kreis	analytischeontologie	84
kreis	babylon	1,2
kreis	babylonische_Tierkreiszeichen	1,2
kreis	bibel	90
kreis	china	91
kreis	chinesisches_Horoskop	91
kreis	chinesischeshoroskop	91
kreis	hochzuechten	318,319
kreis	hochzüchten	318,319
kreis	innenaussenstrukur	149
kreis	innenaußenstrukur	149
kreis	johannes	90
kreis	kreise	77,145
kreis	kugeln	77,145
kreis	kugelnkreise	77,145
kreis	modallogik	148
kreis	offenbarung	90
kreis	offenbarungdesjohannes	90
kreis	offenbarungjohannes	90
kreis	ontologie	84
kreis	strukturalieninnenaussen	149
kreis	strukturalieninnenaußen	149
kreis	thomas	0,3,303
kreis	thomasevangelium	0,3,303
kreis	tierkreiszeichen	1,2
kreis	transzendentalieninnenaussen	149
kreis	transzendentalieninnenaußen	149
kreis	weltall	218
kreise	Hochzüchten	318,319
kreise	Kugeln_Kreise	77,145
kreise	Lebewesen_Galaxie_am_Besten	470,471,473
kreise	Modallogik	148
kreise	Offenbarung_des_Johannes	90
kreise	Raum-Missionen	218
kreise	Superkraefte	444,494,496
kreise	Superkräfte	444,494,496
kreise	Thomasevangelium	0,3,303
kreise	Transzendentalien_innen_außen	149
kreise	ZergAliens_MenschenHumanoid_ProtosPraedatoren	521
kreise	analytische_Ontologie	84
kreise	analytischeontologie	84
kreise	babylon	1,2
kreise	babylonische_Tierkreiszeichen	1,2
kreise	bibel	90
kreise	china	91
kreise	chinesisches_Horoskop	91
kreise	chinesischeshoroskop	91
kreise	hochzuechten	318,319
kreise	hochzüchten	318,319
kreise	innenaussenstrukur	149
kreise	innenaußenstrukur	149
kreise	johannes	90
kreise	kreise	77,145
kreise	kugeln	77,145
kreise	kugelnkreise	77,145
kreise	modallogik	148
kreise	offenbarung	90
kreise	offenbarungdesjohannes	90
kreise	offenbarungjohannes	90
kreise	ontologie	84
kreise	strukturalieninnenaussen	149
kreise	strukturalieninnenaußen	149
kreise	thomas	0,3,303
kreise	thomasevangelium	0,3,303
kreise	tierkreiszeichen	1,2
kreise	transzendentalieninnenaussen	149
kreise	transzendentalieninnenaußen	149
kreise	weltall	218
kugel	Biologischer_Baum_(15)	500
kugel	Entwicklungs_Stadium_Spezies	661
kugel	Evolution_vs_Design_intelligent	519
kugel	Farben	444
kugel	Gegentranszendentalien	138,202
kugel	Geist__(15)	242,426
kugel	Hochzüchten	318,319
kugel	Kategorie	204,205,281
kugel	Kugeln_Kreise	77,145
kugel	Logik	725
kugel	Model_of_Hierarchical_Complexity	65,75,203
kugel	Morphismen	727
kugel	Netzwerk	25,55,386,390
kugel	Objekte	546
kugel	Programmier-Paradigmen	351
kugel	Raum-Missionen	218
kugel	Reziproke_von_Transzendentalien	131,201
kugel	Software-Lizenzen_akademische_Grade	422
kugel	Spezies_Entwicklung	661
kugel	Spezies_Typofikation	582
kugel	Strategie_Taktik_(15m8)	385
kugel	Systemsachen	150
kugel	Teilchen-Meta-Physik	219,308
kugel	Teilchen_anderes_Universum	512
kugel	Transzendentalien	5,54,55,198,390
kugel	Universelles_Verhältnis_gleicher_Zahlen	383
kugel	Winkel	726
kugel	Zahlenarten	462,563,704,717,724,728
kugel	Zusammenhang_Gehirn_Kosmos_Universum	489
kugel	abstraktion	65,75,203
kugel	akademischeGrade	422
kugel	alien	5,54,55,198,390
kugel	alienreziproke	131,201
kugel	analytische_Ontologie	84
kugel	analytischeontologie	84
kugel	complexity	65,75,203
kugel	gegenalien	138,202
kugel	gegenstrukturalien	138,202
kugel	gegentranszendentalie	138,202
kugel	gegentranszendentalien	138,202
kugel	gegenuniversalien	138,202
kugel	geist	242,426
kugel	grosseki	409
kugel	hochzuechten	318,319
kugel	hochzüchten	318,319
kugel	jura	34,65,382
kugel	kategorie	204,205,281
kugel	keine_Nur-Paradigma-Religionen	190,191,196
kugel	kombinierenetc	320
kugel	komplex	65,75,203
kugel	komplexitaet	65,75,203
kugel	komplexität	65,75,203
kugel	kreise	77,145
kugel	kugeln	77,145
kugel	kugelnkreise	77,145
kugel	künstliches_Leben_(15)	409
kugel	künstlichesleben	409
kugel	logik	725
kugel	metaparadigmareligion	190,191,196
kugel	model	65,75,203
kugel	modelofhierarchicalcomplexity	65,75,203
kugel	morphismus	727
kugel	netzwerk	25,55,386,390
kugel	nummern	462,563,704,717,724,728
kugel	objekt	546
kugel	ontologie	84
kugel	programmierparadigmen	351
kugel	recht	34,65,382
kugel	softwarelizenz	422
kugel	sowas_wie_Kombinieren_Verknüpfen	320
kugel	spezies	582
kugel	strategie	385
kugel	strukturalien	5,54,55,198,390
kugel	strukturalienreziproke	131,201
kugel	systemsachen	150
kugel	taktik	385
kugel	transzendentalie	5,54,55,198,390
kugel	transzendentalien	5,54,55,198,390
kugel	transzendentalienreziproke	131,201
kugel	transzendentaliereziproke	131,201
kugel	universalien	5,54,55,198,390
kugel	universalienreziproke	131,201
kugel	universelles_Recht	34,65,382
kugel	verhaeltnisgleicherzahl	383
kugel	warum_Transzendentalie_=_Komplexität_von_Michael_Commons	5,65,166
kugel	warum_Transzendentalie_=_Strukturgroesse_=_Charakter	4,5,54,165
kugel	warumtranszendentaliegleichkomplexitaet	5,65,166
kugel	warumtranszendentaliezustrukturgroesseundcharakter	4,5,54,165
kugel	weltall	218
kugel	winkel	726
kugel	zahlen	462,563,704,717,724,728
kugeln	Biologischer_Baum_(15)	500
kugeln	Entwicklungs_Stadium_Spezies	661
kugeln	Evolution_vs_Design_intelligent	519
kugeln	Farben	444
kugeln	Gegentranszendentalien	138,202
kugeln	Geist__(15)	242,426
kugeln	Hochzüchten	318,319
kugeln	Kategorie	204,205,281
kugeln	Kugeln_Kreise	77,145
kugeln	Logik	725
kugeln	Model_of_Hierarchical_Complexity	65,75,203
kugeln	Morphismen	727
kugeln	Netzwerk	25,55,386,390
kugeln	Objekte	546
kugeln	Programmier-Paradigmen	351
kugeln	Raum-Missionen	218
kugeln	Reziproke_von_Transzendentalien	131,201
kugeln	Software-Lizenzen_akademische_Grade	422
kugeln	Spezies_Entwicklung	661
kugeln	Spezies_Typofikation	582
kugeln	Strategie_Taktik_(15m8)	385
kugeln	Systemsachen	150
kugeln	Teilchen-Meta-Physik	219,308
kugeln	Teilchen_anderes_Universum	512
kugeln	Transzendentalien	5,54,55,198,390
kugeln	Universelles_Verhältnis_gleicher_Zahlen	383
kugeln	Winkel	726
kugeln	Zahlenarten	462,563,704,717,724,728
kugeln	Zusammenhang_Gehirn_Kosmos_Universum	489
kugeln	abstraktion	65,75,203
kugeln	akademischeGrade	422
kugeln	alien	5,54,55,198,390
kugeln	alienreziproke	131,201
kugeln	analytische_Ontologie	84
kugeln	analytischeontologie	84
kugeln	complexity	65,75,203
kugeln	gegenalien	138,202
kugeln	gegenstrukturalien	138,202
kugeln	gegentranszendentalie	138,202
kugeln	gegentranszendentalien	138,202
kugeln	gegenuniversalien	138,202
kugeln	geist	242,426
kugeln	grosseki	409
kugeln	hochzuechten	318,319
kugeln	hochzüchten	318,319
kugeln	jura	34,65,382
kugeln	kategorie	204,205,281
kugeln	keine_Nur-Paradigma-Religionen	190,191,196
kugeln	kombinierenetc	320
kugeln	komplex	65,75,203
kugeln	komplexitaet	65,75,203
kugeln	komplexität	65,75,203
kugeln	kreise	77,145
kugeln	kugeln	77,145
kugeln	kugelnkreise	77,145
kugeln	künstliches_Leben_(15)	409
kugeln	künstlichesleben	409
kugeln	logik	725
kugeln	metaparadigmareligion	190,191,196
kugeln	model	65,75,203
kugeln	modelofhierarchicalcomplexity	65,75,203
kugeln	morphismus	727
kugeln	netzwerk	25,55,386,390
kugeln	nummern	462,563,704,717,724,728
kugeln	objekt	546
kugeln	ontologie	84
kugeln	programmierparadigmen	351
kugeln	recht	34,65,382
kugeln	softwarelizenz	422
kugeln	sowas_wie_Kombinieren_Verknüpfen	320
kugeln	spezies	582
kugeln	strategie	385
kugeln	strukturalien	5,54,55,198,390
kugeln	strukturalienreziproke	131,201
kugeln	systemsachen	150
kugeln	taktik	385
kugeln	transzendentalie	5,54,55,198,390
kugeln	transzendentalien	5,54,55,198,390
kugeln	transzendentalienreziproke	131,201
kugeln	transzendentaliereziproke	131,201
kugeln	universalien	5,54,55,198,390
kugeln	universalienreziproke	131,201
kugeln	universelles_Recht	34,65,382
kugeln	verhaeltnisgleicherzahl	383
kugeln	warum_Transzendentalie_=_Komplexität_von_Michael_Commons	5,65,166
kugeln	warum_Transzendentalie_=_Strukturgroesse_=_Charakter	4,5,54,165
kugeln	warumtranszendentaliegleichkomplexitaet	5,65,166
kugeln	warumtranszendentaliezustrukturgroesseundcharakter	4,5,54,165
kugeln	weltall	218
kugeln	winkel	726
kugeln	zahlen	462,563,704,717,724,728
level	light	20,27,313
level	organization	30,82,425,745
level	organizations	30,82,425,745
level	political_systems	83
level	politicalsystems	83
level	politics	83
level	scale	4,21,54,197,425,745
level	size	4,21,54,197,425,745
level	structureSize	4,21,54,197,425,745
level	structuresize	4,21,54,197,425,745
macht	Galaxie	537,604
macht	Galaxieherrschaft	537,604
macht	Galaxienclusterherrschaft	538
macht	Größe	603,617
macht	Herrschafts_Datenstruktur	541,544
macht	Herrschaftsformen	603,617
macht	Massenmedien	548
macht	Orbit-Herrschafts	548
macht	Planetenherrschaft	536,542,562,588,664
macht	Planetenkorrektur	536,542,562,588,664
macht	Satelliten	548
macht	Spezies	668,669
macht	Speziesherrschaftsformen	668,669
macht	Sternen_System	545
macht	Strukturgroesse	603,617
macht	abstrakt	564,573
macht	abstrakte_Herrschaft	564,573
macht	cluster	538
macht	formen	603,617
macht	galaxie	537,604
macht	galaxy	537,604
macht	groesse	603,617
macht	interglaktisch	538
macht	orbit	548
macht	planet	536,542,562,588,664
macht	size	603,617
macht	sonne	545
macht	structuresize	603,617
macht	struktur	541,544
macht	sun	545
meaning	application_of_suns_and_moons	22
meaning	applicationofsunsandmoons	22
meaning	applicationsmoons	22
meaning	applicationssuns	22
meaning	breed	107,108,109
meaning	breeding	107,108,109
meaning	essence	107,108,109
meaning	in_ReTa	209,210,474,475
meaning	inreta	209,210,474,475
meaning	law	34
meaning	mechanisms	107,108,109
meaning	mechanisms_of_breeding	107,108,109
meaning	mind	35
meaning	moon	64,154
meaning	multiple	19
meaning	multiples	19
meaning	perfection	35
meaning	perfection_of_the_spirit	35
meaning	planet	64,154
meaning	primenumbers	19
meaning	range	25,45,169,188,386,390
meaning	ranges	25,45,169,188,386,390
meaning	root	106
meaning	signbefore	118,119
meaning	spaceObject	64,154
meaning	subjunctive	106
meaning	subjunctive_root	106
meaning	sun	64,154
menschliches	(politische)_Richtungen_(7)	235
menschliches	Anführer_und_Chef	29,170,429,455,490,502,509,708
menschliches	Angreifbarkeit	57,58
menschliches	Ansichten_Standpunkte_(18_17)	240,346
menschliches	Berufe	30
menschliches	Bestrafung	463,636
menschliches	Bewusstsein_und_Wahrnehmung	229,231,265,281,304,342
menschliches	Biologischer_Baum_(15)	500
menschliches	Denkweise_von_Lebewesen	146
menschliches	Diplomatie	523,594
menschliches	Egoismus	136
menschliches	Eliten	585
menschliches	Erloesung	465
menschliches	Erlösung	465
menschliches	Errungenschaften	11,251,257
menschliches	Evolution	657
menschliches	Fachgebiete	183
menschliches	Formationen	461
menschliches	Gedanken_sind_Positionen_(17)	249,276
menschliches	Gefühle	105,230,243,283,284,285,286,305
menschliches	Gegentranszendentalien	138,139,202
menschliches	Gesellschaftsschicht	241,551,555,697
menschliches	Gewalt	466
menschliches	Glaube_Erkenntnis	59,621
menschliches	Gleichheit_Freiheit	132,328,331,335
menschliches	Gott_und_Prophet	534,550,552,553,557
menschliches	Himmel_Hoelle_Kettenmolekuele	526
menschliches	INCELs	68
menschliches	Intelligenzprobleme	147
menschliches	Karriere	595,597,712,713,714,715
menschliches	Konservativismus	651,652,653,654,655,656
menschliches	Krankheit	24
menschliches	Land_Laender-Dach-Organisation	524
menschliches	Liebe	8,9,28,208,330,580
menschliches	Lösungen	31
menschliches	Management	658
menschliches	Manipulation	153
menschliches	Meisterschaft	596
menschliches	Mensch-zu-Tier	314
menschliches	Moral	215,216
menschliches	Motive	10,18,42,149,167,168,229,230,561,607
menschliches	Musik	33,523
menschliches	Professioneller	596
menschliches	Psychopath_Soziopath	581,602
menschliches	Ränge	520,535
menschliches	Satan_Teufel	495
menschliches	Sinn_des_Lebens	88,189
menschliches	Sinne	533
menschliches	Spiele-Genre	525
menschliches	Superkraefte	444,494,496
menschliches	Superkräfte	444,494,496
menschliches	Verbrechen_und_Bestrafung	539,540
menschliches	Verbundenheiten_(18)	252,299,300,336,580
menschliches	Weltordnung	522
menschliches	Wirkung	135
menschliches	Zeitalter	522
menschliches	absicht	10,18,42,149,167,168,229,230,561,607
menschliches	absichten	10,18,42,149,167,168,229,230,561,607
menschliches	alpha	46
menschliches	alpha_beta	46
menschliches	alphabeta	46
menschliches	altruismus	136
menschliches	anfuehrer_und_boss	29,170,429,455,490,502,509,708
menschliches	angreifbar	57,58
menschliches	angreifbarkeit	57,58
menschliches	ansichten	240,346
menschliches	ausgangslage	73
menschliches	benoetigen	13,14
menschliches	benötigen	13,14
menschliches	beruf	30
menschliches	berufe	30
menschliches	bestrafen	463,636
menschliches	bestrafen	539,540
menschliches	beta	46
menschliches	bewusstsein	229,231,265,281,304,342
menschliches	brauchen	13,14
menschliches	denkweise	146
menschliches	diplomatie	523,594
menschliches	dominieren	132,328,331,335
menschliches	dominierendes_Geschlecht	51
menschliches	dominierendesgeschlecht	51
menschliches	egoismus	136
menschliches	elite	585
menschliches	emotion	105,230,243,283,284,285,286,305
menschliches	emotionen	105,230,243,283,284,285,286,305
menschliches	erhalten	11,251,257
menschliches	erkenntnis	59,621
menschliches	erlernen	12,13,27,32,47
menschliches	errungenschaften	11,251,257
menschliches	erwerben	12,13,27,32,47
menschliches	ethik	8,9,28,208,330,580
menschliches	evolutionaer	12,13,27,32,47
menschliches	evolutionär	12,13,27,32,47
menschliches	evolutionär_erwerben_und_Intelligenz_Kreativität	12,13,27,32,47
menschliches	evolutionärerwerbenundintelligenz	12,13,27,32,47
menschliches	fachbereiche	183
menschliches	fachgebiete	183
menschliches	freiheit	132,328,331,335
menschliches	gedanken	249,276
menschliches	gefuehl	105,230,243,283,284,285,286,305
menschliches	gefuehle	105,230,243,283,284,285,286,305
menschliches	gefühl	105,230,243,283,284,285,286,305
menschliches	gegenstrukturalien	138,139,202
menschliches	gegentranszendentalien	138,139,202
menschliches	glaube	59,621
menschliches	glauben	59,621
menschliches	gleichheit	132,328,331,335
menschliches	gleichheitfreiheit	132,328,331,335
menschliches	goetter	534,550,552,553,557
menschliches	handhaben	658
menschliches	incel	68
menschliches	incels	68
menschliches	intelligent_Design	657
menschliches	intelligenz	12,13,27,32,47
menschliches	intelligenzmaengel	147
menschliches	intelligenzmängel	147
menschliches	intelligenzprobleme	147
menschliches	irrationale_Zahlen_durch_Wurzelbildung	73
menschliches	irrationalezahlendurchwurzelbildung	73
menschliches	karriere	595,597,712,713,714,715
menschliches	klasse	241,551,555,697
menschliches	klassen	241,551,555,697
menschliches	konservativ	651,652,653,654,655,656
menschliches	krankheit	24
menschliches	krankheiten	24
menschliches	kreativ	12,13,27,32,47
menschliches	kreativitaet	12,13,27,32,47
menschliches	kreativität	12,13,27,32,47
menschliches	kriminell	539,540
menschliches	lateral	523,594
menschliches	lebenssinn	88,189
menschliches	lebewesendenkweise	146
menschliches	lernen	12,13,27,32,47
menschliches	liebe	8,9,28,208,330,580
menschliches	loesung	31
menschliches	loesungen	31
menschliches	lösungen	31
menschliches	maennlich	51
menschliches	managen	658
menschliches	manipulation	153
menschliches	meister	596
menschliches	menschtier	314
menschliches	moral	215,216
menschliches	motiv	10,18,42,149,167,168,229,230,561,607
menschliches	motivation	10,18,42,149,167,168,229,230,561,607
menschliches	motive	10,18,42,149,167,168,229,230,561,607
menschliches	musik	33,523
menschliches	männlich	51
menschliches	notwendig	13,14
menschliches	omega	46
menschliches	pathologie	24
menschliches	pathologisch	24
menschliches	politische	235
menschliches	positionen	249,276
menschliches	profi	596
menschliches	psychiatrisch	24
menschliches	psychopath	581,602
menschliches	raenge	520,535
menschliches	richtungen	235
menschliches	sadist	581,602
menschliches	selbstlosigkeit	136
menschliches	sigma	46
menschliches	sinn	88,189
menschliches	sinndeslebens	88,189
menschliches	sinnsuche	88,189
menschliches	soziopath	581,602
menschliches	themen	183
menschliches	tiermensch	314
menschliches	ungleichheit	132,328,331,335
menschliches	verbundenheiten	252,299,300,336,580
menschliches	wahrnehmung	229,231,265,281,304,342
menschliches	warummoral	215,216
menschliches	weiblich	51
menschliches	weniger_am_Menschen	464
menschliches	wirkung	135
menschliches	ziele	11,251,257
mostImportantToClassify	mostimportant	0,1,2,36,37,207
mostImportantToClassify	secondmostimportant	30
most_important_to_think_about	mostimportant	0,1,2,36,37,207
most_important_to_think_about	secondmostimportant	30
most_important_to_understand	mostimportant	4,5,8,10
most_important_to_understand	secondmostimportant	19,65,183
most_important_to_understand	thirdmostimportant	64
mostimportanttounderstand	mostimportant	4,5,8,10
mostimportanttounderstand	secondmostimportant	19,65,183
mostimportanttounderstand	thirdmostimportant	64
multiplications	Framework-conditions	226
multiplications	frame	226
multiplikationen	Rahmen-Bedingungen	226
multiplikationen	rahmen	226
multiverse	Computer	89,592,593,685,686,687
multiverse	Dimensionen	435,569,605,637,663,691
multiverse	Farben_Sind_Signale_Signale_sind_Dimension_Dreizehn	624,659
multiverse	Kybernetik_und_Meta_Chemie	606
multiverse	Multiversum_sind_die_Dimensionen	435,569,605,637,663,691
multiverse	P	435,569,605,637,663,691
multiverse	P5	501
multiverse	Religionen_Kraefte_Krieg_der_Sterne_Star_Wars	584,623
multiverse	Sixteen	435,569,605,637,663,691
multiverse	abstraction	65,75,203
multiverse	biological_tree_(16_->_15)	500
multiverse	colors	624,659
multiverse	complex	65,75,203
multiverse	complexity	65,75,203
multiverse	computer	89,592,593,685,686,687
multiverse	consciousness	229,231,242,273,297,304,426
multiverse	farbe	624,659
multiverse	kybernetik	606
multiverse	machines	89,592,593,685,686,687
multiverse	meta-paradigms	5,131,229
multiverse	meta_physic_particles_(1)	388
multiverse	metachemie	606
multiverse	mind	229,231,242,273,297,304,426
multiverse	mind_(15)	229,231,242,273,297,304,426
multiverse	model	65,75,203
multiverse	model_of_Hierarchical_Complexity	65,75,203
multiverse	modelofhierarchicalcomplexity	65,75,203
multiverse	multiversalias	389
multiverse	multiversalias_(16)	389
multiverse	p	435,569,605,637,663,691
multiverse	p5	501
multiverse	particles	388
multiverse	particles_other_universe	512
multiverse	pattern_sciences_(20)	439,484
multiverse	philoalias	5,131,229
multiverse	sixteen->fife	501
multiverse	space_time_arrangement_mathematically_universal	472
multiverse	structural_paradigms_or_meta-paradigms_or_transcendental_(15)	5,131,229
multiverse	structurals	5,131,229
multiverse	structure_sciences_(10)	438
multiverse	transcendentalia	5,131,229
multiverse	transcendentals	5,131,229
multiverse	universals	5,131,229
multiversum	Biologischer_Baum_(16_->_5)	500
multiversum	Computer	89,592,593,685,686,687
multiversum	Dimensionen	435,569,605,637,663,691
multiversum	Farben	624,659
multiversum	Farben_Sind_Signale_Signale_sind_Dimension_Dreizehn	624,659
multiversum	Geist_(15)	229,231,242,273,297,304,426
multiversum	Kybernetik_und_Meta_Chemie	606
multiversum	Maschinen	89,592,593,685,686,687
multiversum	Meta-Physik-Teilchen_(1)	388
multiversum	Model_of_Hierarchical_Complexity	65,75,203
multiversum	Multiversalien_(16)	389
multiversum	Multiversum_sind_die_Dimensionen	435,569,605,637,663,691
multiversum	Muster-Wissenschaften_(20)	439,484
multiversum	P	435,569,605,637,663,691
multiversum	P5	501
multiversum	Raumzeit_Anordnung_mathematisch_universell	472
multiversum	Religionen_Kraefte_Krieg_der_Sterne_Star_Wars	584,623
multiversum	Sechszehn	435,569,605,637,663,691
multiversum	Sechszehn->Fünf	501
multiversum	Struktur-Wissenschaften_(10)	438
multiversum	Strukturalien_bzw_Meta-Paradigmen_bzw_Transzendentalien_(15)	5,131,229
multiversum	Teilchen_anderes_Universum	512
multiversum	Transzendentalien	5,131,229
multiversum	abstraktion	65,75,203
multiversum	alien	5,131,229
multiversum	bewusstsein	229,231,242,273,297,304,426
multiversum	complexity	65,75,203
multiversum	computer	89,592,593,685,686,687
multiversum	farbe	624,659
multiversum	geist	229,231,242,273,297,304,426
multiversum	komplex	65,75,203
multiversum	komplexitaet	65,75,203
multiversum	komplexität	65,75,203
multiversum	kybernetik	606
multiversum	maschinen	89,592,593,685,686,687
multiversum	meta-paradigmen	5,131,229
multiversum	metachemie	606
multiversum	model	65,75,203
multiversum	modelofhierarchicalcomplexity	65,75,203
multiversum	multiversalien	389
multiversum	p	435,569,605,637,663,691
multiversum	p5	501
multiversum	strukturalien	5,131,229
multiversum	teilchen	388
multiversum	transzendentalie	5,131,229
multiversum	transzendentalien	5,131,229
multiversum	universalien	5,131,229
operationen	2	78,79,80,331,497,498,499
operationen	3	92,93,315,316
operationen	4	76,77,81,104,145
operationen	5	96
operationen	9	94
operationen	Halbierung	86
operationen	Multiplikation	158
operationen	alternierend	78,79,80,331,497,498,499
operationen	alternierung	78,79,80,331,497,498,499
operationen	drei	92,93,315,316
operationen	dreier	92,93,315,316
operationen	dreierstruktur	92,93,315,316
operationen	fuenf	96
operationen	fuenfer	96
operationen	fuenferstruktur	96
operationen	fünf	96
operationen	fünfer	96
operationen	fünferstruktur	96
operationen	gerade	78,79,80,331,497,498,499
operationen	halbierung	86
operationen	halbierungen	86
operationen	multiplikation	158
operationen	neun	94
operationen	neuner	94
operationen	neunerstruktur	94
operationen	ungerade	78,79,80,331,497,498,499
operationen	vier	76,77,81,104,145
operationen	viererabfolgen	76,77,81,104,145
operationen	viererstruktur	76,77,81,104,145
operationen	zwei	78,79,80,331,497,498,499
operationen	zweierstruktur	78,79,80,331,497,498,499
operations	2	78,79,80,331,497,498,499
operations	3	92,93,315,316
operations	4	76,77,81,104,145
operations	5	96
operations	9	94
operations	alternating	78,79,80,331,497,498,499
operations	alternation	78,79,80,331,497,498,499
operations	dualstructure	78,79,80,331,497,498,499
operations	even	78,79,80,331,497,498,499
operations	five	96
operations	four	76,77,81,104,145
operations	fourstructure	76,77,81,104,145
operations	halving	86
operations	multiplication	158
operations	nine	94
operations	nineStructure	94
operations	odd	78,79,80,331,497,498,499
operations	sequencesoffour	76,77,81,104,145
operations	structureOfFive	96
operations	structureoffive	96
operations	three	92,93,315,316
operations	threeStructure	92,93,315,316
operations	two	78,79,80,331,497,498,499
organisationen	Größenordnung	4,21,54,197,425,745
organisationen	Licht	20,27,313
organisationen	Organisationen	30,82,425,745
organisationen	Strukturgrösse	4,21,54,197,425,745
organisationen	groesse	4,21,54,197,425,745
organisationen	gross	4,21,54,197,425,745
organisationen	größe	4,21,54,197,425,745
organisationen	licht	20,27,313
organisationen	organisation	30,82,425,745
organisationen	organisationen	30,82,425,745
organisationen	politik	83
organisationen	politische_Systeme	83
organisationen	politischesysteme	83
organisationen	strukturgroesse	4,21,54,197,425,745
organisationen	strukturgroeße	4,21,54,197,425,745
organisationen	strukturgrösse	4,21,54,197,425,745
organisationen	strukturgröße	4,21,54,197,425,745
organizations	light	20,27,313
organizations	organization	30,82,425,745
organizations	organizations	30,82,425,745
organizations	political_systems	83
organizations	politicalsystems	83
organizations	politics	83
organizations	scale	4,21,54,197,425,745
organizations	size	4,21,54,197,425,745
organizations	structureSize	4,21,54,197,425,745
organizations	structuresize	4,21,54,197,425,745
particle-meta-physics	galactic_(14)	406
particle-meta-physics	galaxy_sub_areas_(13)	223,307,412
particle-meta-physics	goodness_and_direction_(7)	333
particle-meta-physics	multiverse_(16)	388,418
particle-meta-physics	non_value_virtue_sorting_(13_with_14)	411
particle-meta-physics	space_and_dimension_(8)	387
particle-meta-physics	truthRealities	420
particle-meta-physics	truthRealities_(10)	420
particle-meta-physics	universal_(16)	219,308
particles	galactic_(14)	406
particles	galaxy_sub_areas_(13)	223,307,412
particles	goodness_and_direction_(7)	333
particles	multiverse_(16)	388,418
particles	non_value_virtue_sorting_(13_with_14)	411
particles	space_and_dimension_(8)	387
particles	truthRealities	420
particles	truthRealities_(10)	420
particles	universal_(16)	219,308
planet	Gleichheit_Freiheit_Ordnung	79,80,132,324,328,331,335,497,498,499
planet	Intelligenz	214
planet	Komplexität	213
planet	Kreislauf	610
planet	Kreislaufwirtschaft	610
planet	Logik	725
planet	Mechanismen	107
planet	Meta-Systeme_(12)	79,80,232,288,334,410,411,483,497,498,499
planet	Planetenherrschaft	536,542,562,588,664
planet	Planetenkorrekturherrschaft	536,542,562,588,664
planet	Wirklichkeiten_(10)	233,265,268,322,420
planet	complexity	213
planet	equality	79,80,132,324,328,331,335,497,498,499
planet	equality_freedom_order	79,80,132,324,328,331,335,497,498,499
planet	freedom	79,80,132,324,328,331,335,497,498,499
planet	freiheit	79,80,132,324,328,331,335,497,498,499
planet	gleichheit	79,80,132,324,328,331,335,497,498,499
planet	herrschaft	536,542,562,588,664
planet	intelligence	214
planet	intelligenz	214
planet	komplexitaet	213
planet	komplexität	213
planet	kreislauf	610
planet	logik	725
planet	mechanism	107
planet	mechanismen	107
planet	mechanisms	107
planet	mechanismus	107
planet	meta-system	79,80,232,288,334,410,411,483,497,498,499
planet	meta-systeme	79,80,232,288,334,410,411,483,497,498,499
planet	meta-systems_(12)	79,80,232,288,334,410,411,483,497,498,499
planet	metasystem	79,80,232,288,334,410,411,483,497,498,499
planet	metasysteme	79,80,232,288,334,410,411,483,497,498,499
planet	metasystems	79,80,232,288,334,410,411,483,497,498,499
planet	truthRealities	233,265,268,322,420
planet	truthRealities_(10)	233,265,268,322,420
planet	wirklichkeit	233,265,268,322,420
planet	wirklichkeiten	233,265,268,322,420
planet_(10_and_or_12)	Kreislauf	610
planet_(10_and_or_12)	Kreislaufwirtschaft	610
planet_(10_and_or_12)	Logik	725
planet_(10_and_or_12)	Planetenherrschaft	536,542,562,588,664
planet_(10_and_or_12)	Planetenkorrekturherrschaft	536,542,562,588,664
planet_(10_and_or_12)	complexity	213
planet_(10_and_or_12)	equality	79,80,132,324,328,331,335,497,498,499
planet_(10_and_or_12)	equality_freedom_order	79,80,132,324,328,331,335,497,498,499
planet_(10_and_or_12)	freedom	79,80,132,324,328,331,335,497,498,499
planet_(10_and_or_12)	herrschaft	536,542,562,588,664
planet_(10_and_or_12)	intelligence	214
planet_(10_and_or_12)	kreislauf	610
planet_(10_and_or_12)	logik	725
planet_(10_and_or_12)	mechanism	107
planet_(10_and_or_12)	mechanisms	107
planet_(10_and_or_12)	meta-systems_(12)	79,80,232,288,334,410,411,483,497,498,499
planet_(10_and_or_12)	metasystem	79,80,232,288,334,410,411,483,497,498,499
planet_(10_and_or_12)	metasystems	79,80,232,288,334,410,411,483,497,498,499
planet_(10_and_or_12)	truthRealities	233,265,268,322,420
planet_(10_and_or_12)	truthRealities_(10)	233,265,268,322,420
pro_contra	advantages	141
pro_contra	against	15,26
pro_contra	annoying	120
pro_contra	antagonist	137
pro_contra	cannot_help	128
pro_contra	cannothelp	128
pro_contra	change	142
pro_contra	contra	15,26
pro_contra	control	143
pro_contra	counterposition	116
pro_contra	forit	17,48
pro_contra	harmony	102,103
pro_contra	help	115
pro_contra	help_not_need	127
pro_contra	help_receive	114
pro_contra	helpnotneed	127
pro_contra	helpreceive	114
pro_contra	makes_sense	140
pro_contra	no_opposite	125
pro_contra	noopposite	125
pro_contra	notAgainst	124
pro_contra	notGettingAlong	123
pro_contra	not_against	124
pro_contra	not_disposed	129
pro_contra	not_for	126
pro_contra	not_getting_along_with_another	123
pro_contra	notdisposed	129
pro_contra	notfor	126
pro_contra	opponent	137
pro_contra	opposite	100,101,222
pro_contra	pro	17,48
pro_contra	pro_benefit	117
pro_contra	probenefit	117
pro_contra	resultsSense	140
pro_contra	senseAndMeaning	140
pro_contra	tame	143
pro_contra	tame_control	143
pro_contra	tamecontrol	143
pro_contra	unite	144
pro_contra	unity	144
pro_contra	unmotivated	130
pro_contra	usechange	141
pro_contra	yieldsSense	140
procontra	Gegenposition	116
procontra	Gegenspieler	137
procontra	Gegenteil	100,101,222
procontra	Harmonie	102,103
procontra	Helfen	115
procontra	Hilfe_erhalten	114
procontra	Hilfe_nicht_gebrauchen	127
procontra	Pro	17,48
procontra	Veränderung	142
procontra	Vorteile	141
procontra	advantages	141
procontra	against	15,26
procontra	annoying	120
procontra	antagonist	137
procontra	baendigen	143
procontra	baendigenkontrollieren	143
procontra	bändigen	143
procontra	bändigen_kontrollieren	143
procontra	cannot_help	128
procontra	cannothelp	128
procontra	change	142
procontra	contra	15,26
procontra	control	143
procontra	counterposition	116
procontra	dafuer	17,48
procontra	dafür	17,48
procontra	dagegen	15,26
procontra	einheit	144
procontra	ergibt_Sinn	140
procontra	ergibtsinn	140
procontra	forit	17,48
procontra	gegenposition	116
procontra	gegenspieler	137
procontra	gegenteil	100,101,222
procontra	harmonie	102,103
procontra	harmony	102,103
procontra	helfen	115
procontra	help	115
procontra	help_not_need	127
procontra	help_receive	114
procontra	helpnotneed	127
procontra	helpreceive	114
procontra	hilfe	115
procontra	hilfeerhalten	114
procontra	hilfenichtgebrauchen	127
procontra	kein_Gegenteil	125
procontra	keingegenteil	125
procontra	kontrollieren	143
procontra	machtsinn	140
procontra	makes_sense	140
procontra	nervig	120
procontra	nicht_abgeneigt	129
procontra	nicht_dafür	126
procontra	nicht_dagegen	124
procontra	nicht_helfen_können	128
procontra	nicht_miteinander_auskommen	123
procontra	nichtabgeneigt	129
procontra	nichtauskommen	123
procontra	nichtdafuer	126
procontra	nichtdagegen	124
procontra	nichthelfenkoennen	128
procontra	no_opposite	125
procontra	noopposite	125
procontra	notAgainst	124
procontra	notGettingAlong	123
procontra	not_against	124
procontra	not_disposed	129
procontra	not_for	126
procontra	not_getting_along_with_another	123
procontra	notdisposed	129
procontra	notfor	126
procontra	opponent	137
procontra	opposite	100,101,222
procontra	pro	17,48
procontra	pro_benefit	117
procontra	pro_nutzen	117
procontra	probenefit	117
procontra	pronutzen	117
procontra	resultsSense	140
procontra	senseAndMeaning	140
procontra	sinn	140
procontra	tame	143
procontra	tame_control	143
procontra	tamecontrol	143
procontra	unite	144
procontra	unity	144
procontra	unmotivated	130
procontra	unmotivierbar	130
procontra	usechange	141
procontra	veraendern	142
procontra	veraenderung	142
procontra	veraenderungnutzen	141
procontra	vereinen	144
procontra	verändern	142
procontra	veränderung	142
procontra	vorteile	141
procontra	yieldsSense	140
properties	altruism	136
properties	altruist	136
properties	bad	52,53
properties	egoism	136
properties	egoism_vs_altruism	136
properties	egoist	136
properties	evil	52,53
properties	good	52,53
properties	good_evil_love_bad	52,53
properties	idiot	112
properties	kind	52,53
properties	meaning	88,189
properties	meaning_and_purpose_of_life	88,189
properties	meta-wisdom	112
properties	metawisdom	112
properties	optimal	112
properties	optimum	112
properties	purpose	88,189
properties	senseAndMeaning	88,189
properties	similar	220
properties	wisdom	112
properties	wisdom_etc	112
properties	wise	112
properties_1/n	adversity	331,335
properties_1/n	filterType	331,335
properties_1/n	filter_type_and_violation	331,335
properties_n	altruism	136
properties_n	altruist	136
properties_n	bad	52,53
properties_n	egoism	136
properties_n	egoism_vs_altruism	136
properties_n	egoist	136
properties_n	evil	52,53
properties_n	good	52,53
properties_n	good_evil_love_bad	52,53
properties_n	idiot	112
properties_n	kind	52,53
properties_n	meaning	88,189
properties_n	meaning_and_purpose_of_life	88,189
properties_n	meta-wisdom	112
properties_n	metawisdom	112
properties_n	optimal	112
properties_n	optimum	112
properties_n	purpose	88,189
properties_n	senseAndMeaning	88,189
properties_n	similar	220
properties_n	wisdom	112
properties_n	wisdom_etc	112
properties_n	wise	112
property	altruism	136
property	altruist	136
property	bad	52,53
property	egoism	136
property	egoism_vs_altruism	136
property	egoist	136
property	evil	52,53
property	good	52,53
property	good_evil_love_bad	52,53
property	idiot	112
property	kind	52,53
property	meaning	88,189
property	meaning_and_purpose_of_life	88,189
property	meta-wisdom	112
property	metawisdom	112
property	optimal	112
property	optimum	112
property	purpose	88,189
property	senseAndMeaning	88,189
property	similar	220
property	wisdom	112
property	wisdom_etc	112
property	wise	112
religion	Archon	72,503
religion	Hinduism	217
religion	Hinduismus	217
religion	Messiah	7,503
religion	Messias	7,503
religion	Prophet	72,503
religion	Religions-Gründer-Typ	72,503
religion	Satan_Devil	495
religion	Satan_Teufel	495
religion	Starpolygon	0,6,36
religion	Sternpolygon	0,6,36
religion	Sternpolygon_vs_gleichförmiges	87
religion	Superkraefte	444,494,496,503
religion	Superkräfte	444,494,496,503
religion	Superpowers	444,494,496,503
religion	Vertreter_höherer_Konzepte	23
religion	archon	72,503
religion	babylon	0,36,207,477,478
religion	blackSuns	23
religion	blacksun	23
religion	circle	23
religion	circles	23
religion	compare	87
religion	comparevs1divn	87
religion	der_Tierkreiszeichen	0,36,207,477,478
religion	dertierkreiszeichen	0,36,207,477,478
religion	dog	7,503
religion	galaxie	23
religion	galaxien	23
religion	galaxies	23
religion	galaxy	23
religion	gleichfoermigespolygon	16,37
religion	gleichförmiges_Polygon	16,37
religion	gleichförmigespolygon	16,37
religion	heptagram	7,503
religion	heptagramm	7,503
religion	hinduism	217
religion	hinduismus	217
religion	hund	7,503
religion	kreis	23
religion	kreise	23
religion	kugel	23
religion	kugeln	23
religion	messiah	7,503
religion	messias	7,503
religion	messiase	7,503
religion	messiases	7,503
religion	messiasse	7,503
religion	nichtsternpolygon	16,37
religion	nonstarpolygon	16,37
religion	of_the_zodiac	0,36,207,477,478
religion	ofthezodiac	0,36,207,477,478
religion	polygon	16,37
religion	prophet	72,503
religion	religion-founder-type	72,503
religion	religionfoundertype	72,503
religion	religionsgruendertyp	72,503
religion	religionsgründertyp	72,503
religion	representative_higher_concepts	23
religion	representativehigherconcepts	23
religion	schwarzesonne	23
religion	schwarzesonnen	23
religion	sphere	23
religion	spheres	23
religion	star_polygon_vs_uniform_polygon	87
religion	starpolygon	0,6,36
religion	starpolygonvsuniformpolygon	87
religion	sternpolygon	0,6,36
religion	sternpolygonvsgleichfoermiges	87
religion	uniform_polygon	16,37
religion	uniformpolygon	16,37
religion	universe	23
religion	universen	23
religion	universes	23
religion	universum	23
religion	vergleich	87
religion	vergleichnvs1divn	87
religion	vertreterhoehererkonzepte	23
religionen	Hinduismus	217
religionen	Messias	7,503
religionen	Religions-Gründer-Typ	72,503
religionen	Satan_Teufel	495
religionen	Sternpolygon	0,6,36
religionen	Sternpolygon_vs_gleichförmiges	87
religionen	Superkraefte	444,494,496,503
religionen	Superkräfte	444,494,496,503
religionen	Vertreter_höherer_Konzepte	23
religionen	archon	72,503
religionen	babylon	0,36,207,477,478
religionen	der_Tierkreiszeichen	0,36,207,477,478
religionen	dertierkreiszeichen	0,36,207,477,478
religionen	galaxie	23
religionen	galaxien	23
religionen	gleichfoermigespolygon	16,37
religionen	gleichförmiges_Polygon	16,37
religionen	gleichförmigespolygon	16,37
religionen	heptagramm	7,503
religionen	hinduismus	217
religionen	hund	7,503
religionen	kreis	23
religionen	kreise	23
religionen	kugel	23
religionen	kugeln	23
religionen	messias	7,503
religionen	messiase	7,503
religionen	messiasse	7,503
religionen	nichtsternpolygon	16,37
religionen	polygon	16,37
religionen	prophet	72,503
religionen	religionsgruendertyp	72,503
religionen	religionsgründertyp	72,503
religionen	schwarzesonne	23
religionen	schwarzesonnen	23
religionen	sternpolygon	0,6,36
religionen	sternpolygonvsgleichfoermiges	87
religionen	universen	23
religionen	universum	23
religionen	vergleich	87
religionen	vergleichnvs1divn	87
religionen	vertreterhoehererkonzepte	23
religions	Archon	72,503
religions	Hinduism	217
religions	Messiah	7,503
religions	Prophet	72,503
religions	Satan_Devil	495
religions	Starpolygon	0,6,36
religions	Superpowers	444,494,496,503
religions	babylon	0,36,207,477,478
religions	blackSuns	23
religions	blacksun	23
religions	circle	23
religions	circles	23
religions	compare	87
religions	comparevs1divn	87
religions	dog	7,503
religions	galaxies	23
religions	galaxy	23
religions	heptagram	7,503
religions	hinduism	217
religions	messiah	7,503
religions	messiases	7,503
religions	nonstarpolygon	16,37
religions	of_the_zodiac	0,36,207,477,478
religions	ofthezodiac	0,36,207,477,478
religions	polygon	16,37
religions	religion-founder-type	72,503
religions	religionfoundertype	72,503
religions	representative_higher_concepts	23
religions	representativehigherconcepts	23
religions	sphere	23
religions	spheres	23
religions	star_polygon_vs_uniform_polygon	87
religions	starpolygon	0,6,36
religions	starpolygonvsuniformpolygon	87
religions	uniform_polygon	16,37
religions	uniformpolygon	16,37
religions	universe	23
religions	universes	23
scale	light	20,27,313
scale	organization	30,82,425,745
scale	organizations	30,82,425,745
scale	political_systems	83
scale	politicalsystems	83
scale	politics	83
scale	scale	4,21,54,197,425,745
scale	size	4,21,54,197,425,745
scale	structureSize	4,21,54,197,425,745
scale	structuresize	4,21,54,197,425,745
size	light	20,27,313
size	organization	30,82,425,745
size	organizations	30,82,425,745
size	political_systems	83
size	politicalsystems	83
size	politics	83
size	scale	4,21,54,197,425,745
size	size	4,21,54,197,425,745
size	structureSize	4,21,54,197,425,745
size	structuresize	4,21,54,197,425,745
sphere	Entwicklungs_Stadium_Spezies	661
sphere	Logik	725
sphere	Morphismen	727
sphere	Objekte	546
sphere	Spezies_Entwicklung	661
sphere	Spezies_Typofikation	582
sphere	Universal_ratio_of_equal_numbers	383
sphere	Winkel	726
sphere	abstraction	65,75,203
sphere	academic_degrees	422
sphere	analytic_ontology	84
sphere	analyticontology	84
sphere	artificial_life_(15)	409
sphere	artificiallife	409
sphere	bigAI	409
sphere	biological_tree_(15)	500
sphere	breedingUp	318,319
sphere	breedingup	318,319
sphere	category	204,205,281
sphere	colors	444
sphere	combineetc	320
sphere	complex	65,75,203
sphere	complexity	65,75,203
sphere	context_brain_cosmos_universe	489
sphere	counter-philoalias	138,202
sphere	counter-structuralias	138,202
sphere	counter-transcendental	138,202
sphere	countertranscendentals	138,202
sphere	counteruniversals	138,202
sphere	evolution_vs_design_intelligent	519
sphere	kreise	77,145
sphere	kugeln	77,145
sphere	law	34,65,382
sphere	logik	725
sphere	metaparadigmreligion	190,191,196
sphere	mind	242,426
sphere	mind__(15)	242,426
sphere	model	65,75,203
sphere	model_of_Hierarchical_Complexity	65,75,203
sphere	modelofhierarchicalcomplexity	65,75,203
sphere	morphismus	727
sphere	network	25,55,386,390
sphere	no_only_paradigm_religions	190,191,196
sphere	nummern	462,563,704,717,724,728
sphere	objekt	546
sphere	ontology	84
sphere	particle-meta-physics	219,308
sphere	particles_other_universe	512
sphere	philoalias	5,54,55,198,390
sphere	philoalienreciprocal	131,201
sphere	programming-paradigms	351
sphere	programmingparadigms	351
sphere	ratioSameNumber	383
sphere	reciprocal_of_transcendentalia	131,201
sphere	software_licences_and_academic_degrees	422
sphere	software_license	422
sphere	space	218
sphere	space-missions	218
sphere	spezies	582
sphere	spheres_circles	77,145
sphere	spherescircles	77,145
sphere	strategy	385
sphere	strategy_tactics_(15m8)	385
sphere	structuralreciprocal	131,201
sphere	structurals	5,54,55,198,390
sphere	such_as_combining_linking	320
sphere	systemthings	150
sphere	tactics	385
sphere	transcendentalia	5,54,55,198,390
sphere	transcendentalreciprocal	131,201
sphere	transcendentals	5,54,55,198,390
sphere	types_numbers	462,563,704,717,724,728
sphere	universal_right	34,65,382
sphere	universals	5,54,55,198,390
sphere	universalsReciprocal	131,201
sphere	whyTranscendentalEqualsComplexity	5,65,166
sphere	why_transcendental_=_complexity_by_Michael_Commons	5,65,166
sphere	why_transcendental_=_structure_size_=_character	4,5,54,165
sphere	whytranscendentalstructuralsizeandcharacter	4,5,54,165
sphere	winkel	726
sphere	zahlen	462,563,704,717,724,728
spheres	Entwicklungs_Stadium_Spezies	661
spheres	Logik	725
spheres	Morphismen	727
spheres	Objekte	546
spheres	Spezies_Entwicklung	661
spheres	Spezies_Typofikation	582
spheres	Universal_ratio_of_equal_numbers	383
spheres	Winkel	726
spheres	abstraction	65,75,203
spheres	academic_degrees	422
spheres	analytic_ontology	84
spheres	analyticontology	84
spheres	artificial_life_(15)	409
spheres	artificiallife	409
spheres	bigAI	409
spheres	biological_tree_(15)	500
spheres	breedingUp	318,319
spheres	breedingup	318,319
spheres	category	204,205,281
spheres	colors	444
spheres	combineetc	320
spheres	complex	65,75,203
spheres	complexity	65,75,203
spheres	context_brain_cosmos_universe	489
spheres	counter-philoalias	138,202
spheres	counter-structuralias	138,202
spheres	counter-transcendental	138,202
spheres	countertranscendentals	138,202
spheres	counteruniversals	138,202
spheres	evolution_vs_design_intelligent	519
spheres	kreise	77,145
spheres	kugeln	77,145
spheres	law	34,65,382
spheres	logik	725
spheres	metaparadigmreligion	190,191,196
spheres	mind	242,426
spheres	mind__(15)	242,426
spheres	model	65,75,203
spheres	model_of_Hierarchical_Complexity	65,75,203
spheres	modelofhierarchicalcomplexity	65,75,203
spheres	morphismus	727
spheres	network	25,55,386,390
spheres	no_only_paradigm_religions	190,191,196
spheres	nummern	462,563,704,717,724,728
spheres	objekt	546
spheres	ontology	84
spheres	particle-meta-physics	219,308
spheres	particles_other_universe	512
spheres	philoalias	5,54,55,198,390
spheres	philoalienreciprocal	131,201
spheres	programming-paradigms	351
spheres	programmingparadigms	351
spheres	ratioSameNumber	383
spheres	reciprocal_of_transcendentalia	131,201
spheres	software_licences_and_academic_degrees	422
spheres	software_license	422
spheres	space	218
spheres	space-missions	218
spheres	spezies	582
spheres	spheres_circles	77,145
spheres	spherescircles	77,145
spheres	strategy	385
spheres	strategy_tactics_(15m8)	385
spheres	structuralreciprocal	131,201
spheres	structurals	5,54,55,198,390
spheres	such_as_combining_linking	320
spheres	systemthings	150
spheres	tactics	385
spheres	transcendentalia	5,54,55,198,390
spheres	transcendentalreciprocal	131,201
spheres	transcendentals	5,54,55,198,390
spheres	types_numbers	462,563,704,717,724,728
spheres	universal_right	34,65,382
spheres	universals	5,54,55,198,390
spheres	universalsReciprocal	131,201
spheres	whyTranscendentalEqualsComplexity	5,65,166
spheres	why_transcendental_=_complexity_by_Michael_Commons	5,65,166
spheres	why_transcendental_=_structure_size_=_character	4,5,54,165
spheres	whytranscendentalstructuralsizeandcharacter	4,5,54,165
spheres	winkel	726
spheres	zahlen	462,563,704,717,724,728
structurals	Entwicklungs_Stadium_Spezies	661
structurals	Logik	725
structurals	Morphismen	727
structurals	Objekte	546
structurals	Spezies_Entwicklung	661
structurals	Spezies_Typofikation	582
structurals	Universal_ratio_of_equal_numbers	383
structurals	Winkel	726
structurals	abstraction	65,75,203
structurals	academic_degrees	422
structurals	analytic_ontology	84
structurals	analyticontology	84
structurals	artificial_life_(15)	409
structurals	artificiallife	409
structurals	bigAI	409
structurals	biological_tree_(15)	500
structurals	breedingUp	318,319
structurals	breedingup	318,319
structurals	category	204,205,281
structurals	colors	444
structurals	combineetc	320
structurals	complex	65,75,203
structurals	complexity	65,75,203
structurals	context_brain_cosmos_universe	489
structurals	counter-philoalias	138,202
structurals	counter-structuralias	138,202
structurals	counter-transcendental	138,202
structurals	countertranscendentals	138,202
structurals	counteruniversals	138,202
structurals	evolution_vs_design_intelligent	519
structurals	kreise	77,145
structurals	kugeln	77,145
structurals	law	34,65,382
structurals	logik	725
structurals	metaparadigmreligion	190,191,196
structurals	mind	242,426
structurals	mind__(15)	242,426
structurals	model	65,75,203
structurals	model_of_Hierarchical_Complexity	65,75,203
structurals	modelofhierarchicalcomplexity	65,75,203
structurals	morphismus	727
structurals	network	25,55,386,390
structurals	no_only_paradigm_religions	190,191,196
structurals	nummern	462,563,704,717,724,728
structurals	objekt	546
structurals	ontology	84
structurals	particle-meta-physics	219,308
structurals	particles_other_universe	512
structurals	philoalias	5,54,55,198,390
structurals	philoalienreciprocal	131,201
structurals	programming-paradigms	351
structurals	programmingparadigms	351
structurals	ratioSameNumber	383
structurals	reciprocal_of_transcendentalia	131,201
structurals	software_licences_and_academic_degrees	422
structurals	software_license	422
structurals	space	218
structurals	space-missions	218
structurals	spezies	582
structurals	spheres_circles	77,145
structurals	spherescircles	77,145
structurals	strategy	385
structurals	strategy_tactics_(15m8)	385
structurals	structuralreciprocal	131,201
structurals	structurals	5,54,55,198,390
structurals	such_as_combining_linking	320
structurals	systemthings	150
structurals	tactics	385
structurals	transcendentalia	5,54,55,198,390
structurals	transcendentalreciprocal	131,201
structurals	transcendentals	5,54,55,198,390
structurals	types_numbers	462,563,704,717,724,728
structurals	universal_right	34,65,382
structurals	universals	5,54,55,198,390
structurals	universalsReciprocal	131,201
structurals	whyTranscendentalEqualsComplexity	5,65,166
structurals	why_transcendental_=_complexity_by_Michael_Commons	5,65,166
structurals	why_transcendental_=_structure_size_=_character	4,5,54,165
structurals	whytranscendentalstructuralsizeandcharacter	4,5,54,165
structurals	winkel	726
structurals	zahlen	462,563,704,717,724,728
structuresize	light	20,27,313
structuresize	organization	30,82,425,745
structuresize	organizations	30,82,425,745
structuresize	political_systems	83
structuresize	politicalsystems	83
structuresize	politics	83
structuresize	scale	4,21,54,197,425,745
structuresize	size	4,21,54,197,425,745
structuresize	structureSize	4,21,54,197,425,745
structuresize	structuresize	4,21,54,197,425,745
strukturalien	Biologischer_Baum_(15)	500
strukturalien	Entwicklungs_Stadium_Spezies	661
strukturalien	Evolution_vs_Design_intelligent	519
strukturalien	Farben	444
strukturalien	Gegentranszendentalien	138,202
strukturalien	Geist__(15)	242,426
strukturalien	Hochzüchten	318,319
strukturalien	Kategorie	204,205,281
strukturalien	Kugeln_Kreise	77,145
strukturalien	Logik	725
strukturalien	Model_of_Hierarchical_Complexity	65,75,203
strukturalien	Morphismen	727
strukturalien	Netzwerk	25,55,386,390
strukturalien	Objekte	546
strukturalien	Programmier-Paradigmen	351
strukturalien	Raum-Missionen	218
strukturalien	Reziproke_von_Transzendentalien	131,201
strukturalien	Software-Lizenzen_akademische_Grade	422
strukturalien	Spezies_Entwicklung	661
strukturalien	Spezies_Typofikation	582
strukturalien	Strategie_Taktik_(15m8)	385
strukturalien	Systemsachen	150
strukturalien	Teilchen-Meta-Physik	219,308
strukturalien	Teilchen_anderes_Universum	512
strukturalien	Transzendentalien	5,54,55,198,390
strukturalien	Universelles_Verhältnis_gleicher_Zahlen	383
strukturalien	Winkel	726
strukturalien	Zahlenarten	462,563,704,717,724,728
strukturalien	Zusammenhang_Gehirn_Kosmos_Universum	489
strukturalien	abstraktion	65,75,203
strukturalien	akademischeGrade	422
strukturalien	alien	5,54,55,198,390
strukturalien	alienreziproke	131,201
strukturalien	analytische_Ontologie	84
strukturalien	analytischeontologie	84
strukturalien	complexity	65,75,203
strukturalien	gegenalien	138,202
strukturalien	gegenstrukturalien	138,202
strukturalien	gegentranszendentalie	138,202
strukturalien	gegentranszendentalien	138,202
strukturalien	gegenuniversalien	138,202
strukturalien	geist	242,426
strukturalien	grosseki	409
strukturalien	hochzuechten	318,319
strukturalien	hochzüchten	318,319
strukturalien	jura	34,65,382
strukturalien	kategorie	204,205,281
strukturalien	keine_Nur-Paradigma-Religionen	190,191,196
strukturalien	kombinierenetc	320
strukturalien	komplex	65,75,203
strukturalien	komplexitaet	65,75,203
strukturalien	komplexität	65,75,203
strukturalien	kreise	77,145
strukturalien	kugeln	77,145
strukturalien	kugelnkreise	77,145
strukturalien	künstliches_Leben_(15)	409
strukturalien	künstlichesleben	409
strukturalien	logik	725
strukturalien	metaparadigmareligion	190,191,196
strukturalien	model	65,75,203
strukturalien	modelofhierarchicalcomplexity	65,75,203
strukturalien	morphismus	727
strukturalien	netzwerk	25,55,386,390
strukturalien	nummern	462,563,704,717,724,728
strukturalien	objekt	546
strukturalien	ontologie	84
strukturalien	programmierparadigmen	351
strukturalien	recht	34,65,382
strukturalien	softwarelizenz	422
strukturalien	sowas_wie_Kombinieren_Verknüpfen	320
strukturalien	spezies	582
strukturalien	strategie	385
strukturalien	strukturalien	5,54,55,198,390
strukturalien	strukturalienreziproke	131,201
strukturalien	systemsachen	150
strukturalien	taktik	385
strukturalien	transzendentalie	5,54,55,198,390
strukturalien	transzendentalien	5,54,55,198,390
strukturalien	transzendentalienreziproke	131,201
strukturalien	transzendentaliereziproke	131,201
strukturalien	universalien	5,54,55,198,390
strukturalien	universalienreziproke	131,201
strukturalien	universelles_Recht	34,65,382
strukturalien	verhaeltnisgleicherzahl	383
strukturalien	warum_Transzendentalie_=_Komplexität_von_Michael_Commons	5,65,166
strukturalien	warum_Transzendentalie_=_Strukturgroesse_=_Charakter	4,5,54,165
strukturalien	warumtranszendentaliegleichkomplexitaet	5,65,166
strukturalien	warumtranszendentaliezustrukturgroesseundcharakter	4,5,54,165
strukturalien	weltall	218
strukturalien	winkel	726
strukturalien	zahlen	462,563,704,717,724,728
strukturgroesse	Größenordnung	4,21,54,197,425,745
strukturgroesse	Licht	20,27,313
strukturgroesse	Organisationen	30,82,425,745
strukturgroesse	Strukturgrösse	4,21,54,197,425,745
strukturgroesse	groesse	4,21,54,197,425,745
strukturgroesse	gross	4,21,54,197,425,745
strukturgroesse	größe	4,21,54,197,425,745
strukturgroesse	licht	20,27,313
strukturgroesse	organisation	30,82,425,745
strukturgroesse	organisationen	30,82,425,745
strukturgroesse	politik	83
strukturgroesse	politische_Systeme	83
strukturgroesse	politischesysteme	83
strukturgroesse	strukturgroesse	4,21,54,197,425,745
strukturgroesse	strukturgroeße	4,21,54,197,425,745
strukturgroesse	strukturgrösse	4,21,54,197,425,745
strukturgroesse	strukturgröße	4,21,54,197,425,745
strukturgroeße	Größenordnung	4,21,54,197,425,745
strukturgroeße	Licht	20,27,313
strukturgroeße	Organisationen	30,82,425,745
strukturgroeße	Strukturgrösse	4,21,54,197,425,745
strukturgroeße	groesse	4,21,54,197,425,745
strukturgroeße	gross	4,21,54,197,425,745
strukturgroeße	größe	4,21,54,197,425,745
strukturgroeße	licht	20,27,313
strukturgroeße	organisation	30,82,425,745
strukturgroeße	organisationen	30,82,425,745
strukturgroeße	politik	83
strukturgroeße	politische_Systeme	83
strukturgroeße	politischesysteme	83
strukturgroeße	strukturgroesse	4,21,54,197,425,745
strukturgroeße	strukturgroeße	4,21,54,197,425,745
strukturgroeße	strukturgrösse	4,21,54,197,425,745
strukturgroeße	strukturgröße	4,21,54,197,425,745
strukturgrösse	Größenordnung	4,21,54,197,425,745
strukturgrösse	Licht	20,27,313
strukturgrösse	Organisationen	30,82,425,745
strukturgrösse	Strukturgrösse	4,21,54,197,425,745
strukturgrösse	groesse	4,21,54,197,425,745
strukturgrösse	gross	4,21,54,197,425,745
strukturgrösse	größe	4,21,54,197,425,745
strukturgrösse	licht	20,27,313
strukturgrösse	organisation	30,82,425,745
strukturgrösse	organisationen	30,82,425,745
strukturgrösse	politik	83
strukturgrösse	politische_Systeme	83
strukturgrösse	politischesysteme	83
strukturgrösse	strukturgroesse	4,21,54,197,425,745
strukturgrösse	strukturgroeße	4,21,54,197,425,745
strukturgrösse	strukturgrösse	4,21,54,197,425,745
strukturgrösse	strukturgröße	4,21,54,197,425,745
strukturgröße	Größenordnung	4,21,54,197,425,745
strukturgröße	Licht	20,27,313
strukturgröße	Organisationen	30,82,425,745
strukturgröße	Strukturgrösse	4,21,54,197,425,745
strukturgröße	groesse	4,21,54,197,425,745
strukturgröße	gross	4,21,54,197,425,745
strukturgröße	größe	4,21,54,197,425,745
strukturgröße	licht	20,27,313
strukturgröße	organisation	30,82,425,745
strukturgröße	organisationen	30,82,425,745
strukturgröße	politik	83
strukturgröße	politische_Systeme	83
strukturgröße	politischesysteme	83
strukturgröße	strukturgroesse	4,21,54,197,425,745
strukturgröße	strukturgroeße	4,21,54,197,425,745
strukturgröße	strukturgrösse	4,21,54,197,425,745
strukturgröße	strukturgröße	4,21,54,197,425,745
stufe	Größenordnung	4,21,54,197,425,745
stufe	Licht	20,27,313
stufe	Organisationen	30,82,425,745
stufe	Strukturgrösse	4,21,54,197,425,745
stufe	groesse	4,21,54,197,425,745
stufe	gross	4,21,54,197,425,745
stufe	größe	4,21,54,197,425,745
stufe	licht	20,27,313
stufe	organisation	30,82,425,745
stufe	organisationen	30,82,425,745
stufe	politik	83
stufe	politische_Systeme	83
stufe	politischesysteme	83
stufe	strukturgroesse	4,21,54,197,425,745
stufe	strukturgroeße	4,21,54,197,425,745
stufe	strukturgrösse	4,21,54,197,425,745
stufe	strukturgröße	4,21,54,197,425,745
symbole	Acht	458
symbole	Drei	452,460
symbole	Fuenf	454
symbole	Fünf	454
symbole	Neun	459
symbole	Religionen	36,37
symbole	Sechs	457
symbole	Sieben	457
symbole	Vier	453
symbole	Zehn	456
symbole	Zwoelf	456
symbole	Zwölf	456
symbols	Eight	458
symbols	Fife	454
symbols	Four	453
symbols	Nine	459
symbols	Seven	457
symbols	Six	457
symbols	Ten	456
symbols	Three	452,460
symbols	Twelve	456
symbols	religions	36,37
teilchen	Raum_und_Dimensionen_(8)	387
teilchen	Wirklichkeiten_(10)	420
teilchen	das_Galaktische_(14)	406
teilchen	das_Gute_die_Richtung_(7)	333
teilchen	das_Multiverselle_(16)	388,418
teilchen	das_Universelle_(15)	219,308
teilchen	die_Galaxie_Unterbereiche_(13)	223,307,412
teilchen	die_Tugendsortierung_(13_mit_14)	411
teilchen	wirklichkeit	420
teilchen	wirklichkeiten	420
transcendentals	Entwicklungs_Stadium_Spezies	661
transcendentals	Logik	725
transcendentals	Morphismen	727
transcendentals	Objekte	546
transcendentals	Spezies_Entwicklung	661
transcendentals	Spezies_Typofikation	582
transcendentals	Universal_ratio_of_equal_numbers	383
transcendentals	Winkel	726
transcendentals	abstraction	65,75,203
transcendentals	academic_degrees	422
transcendentals	analytic_ontology	84
transcendentals	analyticontology	84
transcendentals	artificial_life_(15)	409
transcendentals	artificiallife	409
transcendentals	bigAI	409
transcendentals	biological_tree_(15)	500
transcendentals	breedingUp	318,319
transcendentals	breedingup	318,319
transcendentals	category	204,205,281
transcendentals	colors	444
transcendentals	combineetc	320
transcendentals	complex	65,75,203
transcendentals	complexity	65,75,203
transcendentals	context_brain_cosmos_universe	489
transcendentals	counter-philoalias	138,202
transcendentals	counter-structuralias	138,202
transcendentals	counter-transcendental	138,202
transcendentals	countertranscendentals	138,202
transcendentals	counteruniversals	138,202
transcendentals	evolution_vs_design_intelligent	519
transcendentals	kreise	77,145
transcendentals	kugeln	77,145
transcendentals	law	34,65,382
transcendentals	logik	725
transcendentals	metaparadigmreligion	190,191,196
transcendentals	mind	242,426
transcendentals	mind__(15)	242,426
transcendentals	model	65,75,203
transcendentals	model_of_Hierarchical_Complexity	65,75,203
transcendentals	modelofhierarchicalcomplexity	65,75,203
transcendentals	morphismus	727
transcendentals	network	25,55,386,390
transcendentals	no_only_paradigm_religions	190,191,196
transcendentals	nummern	462,563,704,717,724,728
transcendentals	objekt	546
transcendentals	ontology	84
transcendentals	particle-meta-physics	219,308
transcendentals	particles_other_universe	512
transcendentals	philoalias	5,54,55,198,390
transcendentals	philoalienreciprocal	131,201
transcendentals	programming-paradigms	351
transcendentals	programmingparadigms	351
transcendentals	ratioSameNumber	383
transcendentals	reciprocal_of_transcendentalia	131,201
transcendentals	software_licences_and_academic_degrees	422
transcendentals	software_license	422
transcendentals	space	218
transcendentals	space-missions	218
transcendentals	spezies	582
transcendentals	spheres_circles	77,145
transcendentals	spherescircles	77,145
transcendentals	strategy	385
transcendentals	strategy_tactics_(15m8)	385
transcendentals	structuralreciprocal	131,201
transcendentals	structurals	5,54,55,198,390
transcendentals	such_as_combining_linking	320
transcendentals	systemthings	150
transcendentals	tactics	385
transcendentals	transcendentalia	5,54,55,198,390
transcendentals	transcendentalreciprocal	131,201
transcendentals	transcendentals	5,54,55,198,390
transcendentals	types_numbers	462,563,704,717,724,728
transcendentals	universal_right	34,65,382
transcendentals	universals	5,54,55,198,390
transcendentals	universalsReciprocal	131,201
transcendentals	whyTranscendentalEqualsComplexity	5,65,166
transcendentals	why_transcendental_=_complexity_by_Michael_Commons	5,65,166
transcendentals	why_transcendental_=_structure_size_=_character	4,5,54,165
transcendentals	whytranscendentalstructuralsizeandcharacter	4,5,54,165
transcendentals	winkel	726
transcendentals	zahlen	462,563,704,717,724,728
transzendentalien	Biologischer_Baum_(15)	500
transzendentalien	Entwicklungs_Stadium_Spezies	661
transzendentalien	Evolution_vs_Design_intelligent	519
transzendentalien	Farben	444
transzendentalien	Gegentranszendentalien	138,202
transzendentalien	Geist__(15)	242,426
transzendentalien	Hochzüchten	318,319
transzendentalien	Kategorie	204,205,281
transzendentalien	Kugeln_Kreise	77,145
transzendentalien	Logik	725
transzendentalien	Model_of_Hierarchical_Complexity	65,75,203
transzendentalien	Morphismen	727
transzendentalien	Netzwerk	25,55,386,390
transzendentalien	Objekte	546
transzendentalien	Programmier-Paradigmen	351
transzendentalien	Raum-Missionen	218
transzendentalien	Reziproke_von_Transzendentalien	131,201
transzendentalien	Software-Lizenzen_akademische_Grade	422
transzendentalien	Spezies_Entwicklung	661
transzendentalien	Spezies_Typofikation	582
transzendentalien	Strategie_Taktik_(15m8)	385
transzendentalien	Systemsachen	150
transzendentalien	Teilchen-Meta-Physik	219,308
transzendentalien	Teilchen_anderes_Universum	512
transzendentalien	Transzendentalien	5,54,55,198,390
transzendentalien	Universelles_Verhältnis_gleicher_Zahlen	383
transzendentalien	Winkel	726
transzendentalien	Zahlenarten	462,563,704,717,724,728
transzendentalien	Zusammenhang_Gehirn_Kosmos_Universum	489
transzendentalien	abstraktion	65,75,203
transzendentalien	akademischeGrade	422
transzendentalien	alien	5,54,55,198,390
transzendentalien	alienreziproke	131,201
transzendentalien	analytische_Ontologie	84
transzendentalien	analytischeontologie	84
transzendentalien	complexity	65,75,203
transzendentalien	gegenalien	138,202
transzendentalien	gegenstrukturalien	138,202
transzendentalien	gegentranszendentalie	138,202
transzendentalien	gegentranszendentalien	138,202
transzendentalien	gegenuniversalien	138,202
transzendentalien	geist	242,426
transzendentalien	grosseki	409
transzendentalien	hochzuechten	318,319
transzendentalien	hochzüchten	318,319
transzendentalien	jura	34,65,382
transzendentalien	kategorie	204,205,281
transzendentalien	keine_Nur-Paradigma-Religionen	190,191,196
transzendentalien	kombinierenetc	320
transzendentalien	komplex	65,75,203
transzendentalien	komplexitaet	65,75,203
transzendentalien	komplexität	65,75,203
transzendentalien	kreise	77,145
transzendentalien	kugeln	77,145
transzendentalien	kugelnkreise	77,145
transzendentalien	künstliches_Leben_(15)	409
transzendentalien	künstlichesleben	409
transzendentalien	logik	725
transzendentalien	metaparadigmareligion	190,191,196
transzendentalien	model	65,75,203
transzendentalien	modelofhierarchicalcomplexity	65,75,203
transzendentalien	morphismus	727
transzendentalien	netzwerk	25,55,386,390
transzendentalien	nummern	462,563,704,717,724,728
transzendentalien	objekt	546
transzendentalien	ontologie	84
transzendentalien	programmierparadigmen	351
transzendentalien	recht	34,65,382
transzendentalien	softwarelizenz	422
transzendentalien	sowas_wie_Kombinieren_Verknüpfen	320
transzendentalien	spezies	582
transzendentalien	strategie	385
transzendentalien	strukturalien	5,54,55,198,390
transzendentalien	strukturalienreziproke	131,201
transzendentalien	systemsachen	150
transzendentalien	taktik	385
transzendentalien	transzendentalie	5,54,55,198,390
transzendentalien	transzendentalien	5,54,55,198,390
transzendentalien	transzendentalienreziproke	131,201
transzendentalien	transzendentaliereziproke	131,201
transzendentalien	universalien	5,54,55,198,390
transzendentalien	universalienreziproke	131,201
transzendentalien	universelles_Recht	34,65,382
transzendentalien	verhaeltnisgleicherzahl	383
transzendentalien	warum_Transzendentalie_=_Komplexität_von_Michael_Commons	5,65,166
transzendentalien	warum_Transzendentalie_=_Strukturgroesse_=_Charakter	4,5,54,165
transzendentalien	warumtranszendentaliegleichkomplexitaet	5,65,166
transzendentalien	warumtranszendentaliezustrukturgroesseundcharakter	4,5,54,165
transzendentalien	weltall	218
transzendentalien	winkel	726
transzendentalien	zahlen	462,563,704,717,724,728
universe	Entwicklungs_Stadium_Spezies	661
universe	Logik	725
universe	Morphismen	727
universe	Objekte	546
universe	Spezies_Entwicklung	661
universe	Spezies_Typofikation	582
universe	Universal_ratio_of_equal_numbers	383
universe	Winkel	726
universe	abstraction	65,75,203
universe	academic_degrees	422
universe	analytic_ontology	84
universe	analyticontology	84
universe	artificial_life_(15)	409
universe	artificiallife	409
universe	bigAI	409
universe	biological_tree_(15)	500
universe	breedingUp	318,319
universe	breedingup	318,319
universe	category	204,205,281
universe	colors	444
universe	combineetc	320
universe	complex	65,75,203
universe	complexity	65,75,203
universe	context_brain_cosmos_universe	489
universe	counter-philoalias	138,202
universe	counter-structuralias	138,202
universe	counter-transcendental	138,202
universe	countertranscendentals	138,202
universe	counteruniversals	138,202
universe	evolution_vs_design_intelligent	519
universe	kreise	77,145
universe	kugeln	77,145
universe	law	34,65,382
universe	logik	725
universe	metaparadigmreligion	190,191,196
universe	mind	242,426
universe	mind__(15)	242,426
universe	model	65,75,203
universe	model_of_Hierarchical_Complexity	65,75,203
universe	modelofhierarchicalcomplexity	65,75,203
universe	morphismus	727
universe	network	25,55,386,390
universe	no_only_paradigm_religions	190,191,196
universe	nummern	462,563,704,717,724,728
universe	objekt	546
universe	ontology	84
universe	particle-meta-physics	219,308
universe	particles_other_universe	512
universe	philoalias	5,54,55,198,390
universe	philoalienreciprocal	131,201
universe	programming-paradigms	351
universe	programmingparadigms	351
universe	ratioSameNumber	383
universe	reciprocal_of_transcendentalia	131,201
universe	software_licences_and_academic_degrees	422
universe	software_license	422
universe	space	218
universe	space-missions	218
universe	spezies	582
universe	spheres_circles	77,145
universe	spherescircles	77,145
universe	strategy	385
universe	strategy_tactics_(15m8)	385
universe	structuralreciprocal	131,201
universe	structurals	5,54,55,198,390
universe	such_as_combining_linking	320
universe	systemthings	150
universe	tactics	385
universe	transcendentalia	5,54,55,198,390
universe	transcendentalreciprocal	131,201
universe	transcendentals	5,54,55,198,390
universe	types_numbers	462,563,704,717,724,728
universe	universal_right	34,65,382
universe	universals	5,54,55,198,390
universe	universalsReciprocal	131,201
universe	whyTranscendentalEqualsComplexity	5,65,166
universe	why_transcendental_=_complexity_by_Michael_Commons	5,65,166
universe	why_transcendental_=_structure_size_=_character	4,5,54,165
universe	whytranscendentalstructuralsizeandcharacter	4,5,54,165
universe	winkel	726
universe	zahlen	462,563,704,717,724,728
universum	Biologischer_Baum_(15)	500
universum	Entwicklungs_Stadium_Spezies	661
universum	Evolution_vs_Design_intelligent	519
universum	Farben	444
universum	Gegentranszendentalien	138,202
universum	Geist__(15)	242,426
universum	Hochzüchten	318,319
universum	Kategorie	204,205,281
universum	Kugeln_Kreise	77,145
universum	Logik	725
universum	Model_of_Hierarchical_Complexity	65,75,203
universum	Morphismen	727
universum	Netzwerk	25,55,386,390
universum	Objekte	546
universum	Programmier-Paradigmen	351
universum	Raum-Missionen	218
universum	Reziproke_von_Transzendentalien	131,201
universum	Software-Lizenzen_akademische_Grade	422
universum	Spezies_Entwicklung	661
universum	Spezies_Typofikation	582
universum	Strategie_Taktik_(15m8)	385
universum	Systemsachen	150
universum	Teilchen-Meta-Physik	219,308
universum	Teilchen_anderes_Universum	512
universum	Transzendentalien	5,54,55,198,390
universum	Universelles_Verhältnis_gleicher_Zahlen	383
universum	Winkel	726
universum	Zahlenarten	462,563,704,717,724,728
universum	Zusammenhang_Gehirn_Kosmos_Universum	489
universum	abstraktion	65,75,203
universum	akademischeGrade	422
universum	alien	5,54,55,198,390
universum	alienreziproke	131,201
universum	analytische_Ontologie	84
universum	analytischeontologie	84
universum	complexity	65,75,203
universum	gegenalien	138,202
universum	gegenstrukturalien	138,202
universum	gegentranszendentalie	138,202
universum	gegentranszendentalien	138,202
universum	gegenuniversalien	138,202
universum	geist	242,426
universum	grosseki	409
universum	hochzuechten	318,319
universum	hochzüchten	318,319
universum	jura	34,65,382
universum	kategorie	204,205,281
universum	keine_Nur-Paradigma-Religionen	190,191,196
universum	kombinierenetc	320
universum	komplex	65,75,203
universum	komplexitaet	65,75,203
universum	komplexität	65,75,203
universum	kreise	77,145
universum	kugeln	77,145
universum	kugelnkreise	77,145
universum	künstliches_Leben_(15)	409
universum	künstlichesleben	409
universum	logik	725
universum	metaparadigmareligion	190,191,196
universum	model	65,75,203
universum	modelofhierarchicalcomplexity	65,75,203
universum	morphismus	727
universum	netzwerk	25,55,386,390
universum	nummern	462,563,704,717,724,728
universum	objekt	546
universum	ontologie	84
universum	programmierparadigmen	351
universum	recht	34,65,382
universum	softwarelizenz	422
universum	sowas_wie_Kombinieren_Verknüpfen	320
universum	spezies	582
universum	strategie	385
universum	strukturalien	5,54,55,198,390
universum	strukturalienreziproke	131,201
universum	systemsachen	150
universum	taktik	385
universum	transzendentalie	5,54,55,198,390
universum	transzendentalien	5,54,55,198,390
universum	transzendentalienreziproke	131,201
universum	transzendentaliereziproke	131,201
universum	universalien	5,54,55,198,390
universum	universalienreziproke	131,201
universum	universelles_Recht	34,65,382
universum	verhaeltnisgleicherzahl	383
universum	warum_Transzendentalie_=_Komplexität_von_Michael_Commons	5,65,166
universum	warum_Transzendentalie_=_Strukturgroesse_=_Charakter	4,5,54,165
universum	warumtranszendentaliegleichkomplexitaet	5,65,166
universum	warumtranszendentaliezustrukturgroesseundcharakter	4,5,54,165
universum	weltall	218
universum	winkel	726
universum	zahlen	462,563,704,717,724,728
wichtigsteeinordnen	Wichtigste	0,1,2,36,37,207
wichtigsteeinordnen	Zweitwichtigste	30
wichtigsteeinordnen	wichtigstes	0,1,2,36,37,207
wichtigsteeinordnen	zweitwichtigste	30
wichtigsteverstehen	Drittwichtigste	64
wichtigsteverstehen	Wichtigste	4,5,8,10
wichtigsteverstehen	Zweitwichtigste	19,65,183
wichtigsteverstehen	drittwichtigste	64
wichtigsteverstehen	wichtigste	4,5,8,10
wichtigsteverstehen	zweitwichtigste	19,65,183
wirtschaft	BWL	109
wirtschaft	Erklärung	71
wirtschaft	Fachgebiete	183
wirtschaft	Maschinen	89,592,593,685,686,687
wirtschaft	Organisationsform	99
wirtschaft	Pflanzen	113
wirtschaft	System	69,70,440,455,476,513
wirtschaft	bwl	109
wirtschaft	erklaerung	71
wirtschaft	erklärung	71
wirtschaft	fachbereiche	183
wirtschaft	fachgebiete	183
wirtschaft	firma	99
wirtschaft	geraet	89,592,593,685,686,687
wirtschaft	geraete	89,592,593,685,686,687
wirtschaft	gerät	89,592,593,685,686,687
wirtschaft	geräte	89,592,593,685,686,687
wirtschaft	maschine	89,592,593,685,686,687
wirtschaft	maschinen	89,592,593,685,686,687
wirtschaft	organisationsart	99
wirtschaft	organisationsform	99
wirtschaft	pflanzen	113
wirtschaft	system	69,70,440,455,476,513
wirtschaft	themen	183
wirtschaft	verein	99
