deutsch	zeilen	alles	
deutsch	zeilen	gestern	
deutsch	zeilen	heute	
deutsch	zeilen	hoehemaximal	
deutsch	zeilen	mond	
deutsch	zeilen	morgen	
deutsch	zeilen	nachtraeglichneuabzaehlung	
deutsch	zeilen	nachtraeglichneuabzaehlungvielfache	
deutsch	zeilen	oberesmaximum	
deutsch	zeilen	planet	
deutsch	zeilen	potenzenvonzahlen	
deutsch	zeilen	primzahlvielfache	
deutsch	zeilen	schwarzesonne	
deutsch	zeilen	sonne	
deutsch	zeilen	typ	schwarzesonneplanetmondsonneSonneMitMondanteil
deutsch	zeilen	vielfachevonzahlen	
deutsch	zeilen	vorhervonausschnitt	
deutsch	zeilen	vorhervonausschnittteiler	
deutsch	zeilen	zaehlung	
deutsch	zeilen	zeit	gesternheutemorgen
deutsch	zeilen	primzahlen	aussenalleinnenalleaussenersteinnenerste
deutsch	zeilen	aussenerste	
deutsch	zeilen	innenerste	
deutsch	zeilen	aussenalle	
deutsch	zeilen	innenalle	
deutsch	zeilen	invertieren	
deutsch	zeilen	SonneMitMondanteil	
deutsch	spalten	Wichtigstes_zum_verstehen	DrittwichtigstewichtigsteWichtigstezweitwichtigsteZweitwichtigstedrittwichtigste
deutsch	spalten	wichtigsteverstehen	DrittwichtigstewichtigsteWichtigstezweitwichtigsteZweitwichtigstedrittwichtigste
deutsch	spalten	Menschliches	wahrnehmungweiblichmännlichgleichheitrichtungenalpha_betamotiveSatan_TeufelerhaltensadistSinneintelligent_DesignkreativitaetselbstlosigkeitevolutionärerwerbenundintelligenzklassenmanagenerrungenschaftenbestrafenangreifbarkeitemotionenDiplomatieklasseKrankheitkriminellHimmel_Hoelle_KettenmolekuelebenoetigenlebenssinngefuehlGesellschaftsschichtBiologischer_Baum_(15)notwendigLösungenberufintelligenzproblemeIntelligenzproblemeManipulationloesungLand_Laender-Dach-OrganisationaltruismuslernenzieleGedanken_sind_Positionen_(17)sigmaraengeirrationale_Zahlen_durch_WurzelbildungloesungendenkweiseMensch-zu-TierINCELserwerbenomegaweniger_am_MenschengegentranszendentalienlösungenkrankheitpolitischepositionenGlaube_ErkenntnisBestrafungangreifbarintelligenz(politische)_Richtungen_(7)berufebrauchenManagementBerufemaennlichGott_und_ProphetmoralirrationalezahlendurchwurzelbildungBewusstsein_und_WahrnehmungKonservativismusErrungenschaftenGewaltkonservativElitenintelligenzmaengelkarriereEvolutionGegentranszendentalienLiebeVerbrechen_und_BestrafungfachgebieteErlösungalphabetaerkenntnisAnführer_und_Chefethikbetaanfuehrer_und_bossMoralincelmotivKarriereintelligenzmängelevolutionär_erwerben_und_Intelligenz_KreativitätbenötigenmusikwarummoralbewusstseinPsychopath_SoziopathmotivationZeitalterevolutionärkreativitätgleichheitfreiheitMusikkreativWirkungdominierendesgeschlechtGleichheit_FreiheitliebepathologischalphadominierengegenstrukturalienegoismussinnsucheverbundenheitenabsichtenincelstiermenschgedankenevolutionaerlateralgoetterRängediplomatiegefuehledominierendes_GeschlechtansichtensoziopathabsichtEgoismusmanipulationMeisterschaftSuperkräfteSuperkraefteglaubemeisteremotionSpiele-GenremenschtierAngreifbarkeitFachgebietelebewesendenkweiseMotivethemenerlernenGefühleFormationenErloesungkrankheitenhandhabenpathologiepsychopathsinnelitegefühlSinn_des_LebensfreiheitWeltordnungProfessionellerprofifachbereichewirkungpsychiatrischglaubensinndeslebensDenkweise_von_LebewesenausgangslageVerbundenheiten_(18)ungleichheitAnsichten_Standpunkte_(18_17)
deutsch	spalten	menschliches	wahrnehmungweiblichmännlichgleichheitrichtungenalpha_betamotiveSatan_TeufelerhaltensadistSinneintelligent_DesignkreativitaetselbstlosigkeitevolutionärerwerbenundintelligenzklassenmanagenerrungenschaftenbestrafenangreifbarkeitemotionenDiplomatieklasseKrankheitkriminellHimmel_Hoelle_KettenmolekuelebenoetigenlebenssinngefuehlGesellschaftsschichtBiologischer_Baum_(15)notwendigLösungenberufintelligenzproblemeIntelligenzproblemeManipulationloesungLand_Laender-Dach-OrganisationaltruismuslernenzieleGedanken_sind_Positionen_(17)sigmaraengeirrationale_Zahlen_durch_WurzelbildungloesungendenkweiseMensch-zu-TierINCELserwerbenomegaweniger_am_MenschengegentranszendentalienlösungenkrankheitpolitischepositionenGlaube_ErkenntnisBestrafungangreifbarintelligenz(politische)_Richtungen_(7)berufebrauchenManagementBerufemaennlichGott_und_ProphetmoralirrationalezahlendurchwurzelbildungBewusstsein_und_WahrnehmungKonservativismusErrungenschaftenGewaltkonservativElitenintelligenzmaengelkarriereEvolutionGegentranszendentalienLiebeVerbrechen_und_BestrafungfachgebieteErlösungalphabetaerkenntnisAnführer_und_Chefethikbetaanfuehrer_und_bossMoralincelmotivKarriereintelligenzmängelevolutionär_erwerben_und_Intelligenz_KreativitätbenötigenmusikwarummoralbewusstseinPsychopath_SoziopathmotivationZeitalterevolutionärkreativitätgleichheitfreiheitMusikkreativWirkungdominierendesgeschlechtGleichheit_FreiheitliebepathologischalphadominierengegenstrukturalienegoismussinnsucheverbundenheitenabsichtenincelstiermenschgedankenevolutionaerlateralgoetterRängediplomatiegefuehledominierendes_GeschlechtansichtensoziopathabsichtEgoismusmanipulationMeisterschaftSuperkräfteSuperkraefteglaubemeisteremotionSpiele-GenremenschtierAngreifbarkeitFachgebietelebewesendenkweiseMotivethemenerlernenGefühleFormationenErloesungkrankheitenhandhabenpathologiepsychopathsinnelitegefühlSinn_des_LebensfreiheitWeltordnungProfessionellerprofifachbereichewirkungpsychiatrischglaubensinndeslebensDenkweise_von_LebewesenausgangslageVerbundenheiten_(18)ungleichheitAnsichten_Standpunkte_(18_17)
deutsch	spalten	Grundstrukturen	wahrnehmungabsicht10TaetigkeitensystemseinerwartungenbedingungenbewusstheitreflexeAbsicht_6_ist_VorteilsmaximierungklassenGefühle_(7)Model_of_Hierarchical_Complexityabsicht17garbenfundamentmengenMaßnahmen_(39)absicht1pro6höhenvorstellungenstimmungemotionenstimmungenWirklichkeiten_Wahrheit_Wahrnehmung_(10)mengeklasseexistenzialienStrukturgrösseKontroverse_(51)Ziele_(19)energieanalytischeontologiewirklichkeitennetzwerkinnere_Werte_1/6_der_Reinigung_und_KlarheitBiologischer_Baum_(15)Impulse_(5)Modus_und_Sein_(8)universalienTeilchen_anderes_UniversumErwartungshaltungen_(26)gegen_5zieleprinzipienGedanken_sind_Positionen_(17)abhaengigkeithelfenRechnenOrdnung_und_Filterung_12_und_1pro12bedürfnisserelativreziprokuniversellStimmungen_Kombinationen_(14)ordnennachvollziehen_emotional_oder_geistig_durch_Primzahl-Kreuz-Algorithmus_(15)Achtung_(4)taetigkeitenAttraktionen_(36)Liebe_(7)achtungcomplexityimpulsepositionenzahlenvergleichBestrafungmetasystemkombinationalienrechnenunterscheidungmodimeta-systemeachtentätigkeitenausloeserLust_(9)meta-paradigmenvorgehensweiseAbsicht_16_ist_zu_genügenParadigmen_sind_Absichten_(13)bedürfnisfrageGewaltuniverselleeigenschaftentriebBedingung_und_Auslöser_(1/3)wirklichkeitMeta-Systeme_(12)Bewusstheit_statt_Bewusstsein_(1)empathieattraktionenTriebe_und_Bedürfnisse_(6)abhängige_Verbundenheit_(90)ordnenundfilternanalytische_OntologiebedingungkonkretareflexkontroversemodusauslöserAbsicht_1/8Zahlenvergleich_(15_18_6)wohlbefindenabhängigkeitzeitlustverhaltenfühlenreziprokeStrukturalien_bzw_Meta-Paradigmen_bzw_Transzendentalien_(15)metasystemeErlösungZeit_(4)_als_WirklichkeitkomplexitätoptimierungstrukturgrösseSollen_Frage_Vorgehensweise_(1/13)Größenordnungkartezustaendevorstellungfokusabsicht1/8Reflektion_und_Kategorien_(1/15)nachvollziehenbestrebungenbewusstseinontologieAbsicht_10_ist_Wirklichkeit_erkennenmaximazuständestrukturalienuniverseller_Komperativ_(18→15)Fundament_(1/19)meta-systemthemaproblemklassenliebeLebensbereiche_Problemklassen_(28)absicht1/6absicht13Bestrebungen(1/5)Bedeutung_(10)leidenschaftenNetzwerkstrukturgroeßestrukturgroesseabsicht16verbundenheitenKarte_Filter_und_Unterscheidung_(1/12)absichtenextremalienThemen_(6)Extremalien_(19)absicht1pro8gedankenwertefilterabsicht7abstraktionstrukturgrößeOptimierung_(10)paradigmengefuehleAbsicht_7_ist_SelbstlosigkeitmitgefuehlansichtenbedeutungKonkreta_und_Focus_(2)koalitionengroesseExistenzialien_(3)bestrebungKlassen_(20)Reflexe_(3)Leidenschaften_(21)transzendentalienAnführer_Arten_(7)massnahmenVerhalten_(11)erwartungshaltungenReziprokesmodelemotionleidenschaftAbsicht_1/6_ist_Reinigung_und_KlarheitsollenKoalitionen_(10)absicht6Empathie_(37)gefühlemodelofhierarchicalcomplexitykategorienSystemWohlbefinden_(7mit6)thementriebekomplexitaetAbsicht_17_ist_zu_meineneinheitenkomplexverhaltenfuehlentranszendentalieErloesunglebensfelderRelation_zueinander_reziprok_Universellen_(18→n_vs._1/n)verhaltenTranszendentaliengrossGarben_und_Verhalten_nachfühlen(31)mathematisches_Design_(32)größefunktionenrelativerzeitbetraglebensenergiemathematischesdesignvorstellungenfilternwahrheitrelativer_Zeit-Betrag_(15_10_4_18_6)reziprokesEnergie_und_universelle_Eigenschaften_(30)Prinzipien(1/8)kombinationenGeist_(15)reflektioninnerewertelebensbereichefocusgeistVerbundenheiten_(18)universellerkomperativAbsicht_13_ist_HelfenAnsichten_Standpunkte_(18_17)Funktionen_Vorstellungen_(16)
deutsch	spalten	grundstrukturen	wahrnehmungabsicht10TaetigkeitensystemseinerwartungenbedingungenbewusstheitreflexeAbsicht_6_ist_VorteilsmaximierungklassenGefühle_(7)Model_of_Hierarchical_Complexityabsicht17garbenfundamentmengenMaßnahmen_(39)absicht1pro6höhenvorstellungenstimmungemotionenstimmungenWirklichkeiten_Wahrheit_Wahrnehmung_(10)mengeklasseexistenzialienStrukturgrösseKontroverse_(51)Ziele_(19)energieanalytischeontologiewirklichkeitennetzwerkinnere_Werte_1/6_der_Reinigung_und_KlarheitBiologischer_Baum_(15)Impulse_(5)Modus_und_Sein_(8)universalienTeilchen_anderes_UniversumErwartungshaltungen_(26)gegen_5zieleprinzipienGedanken_sind_Positionen_(17)abhaengigkeithelfenRechnenOrdnung_und_Filterung_12_und_1pro12bedürfnisserelativreziprokuniversellStimmungen_Kombinationen_(14)ordnennachvollziehen_emotional_oder_geistig_durch_Primzahl-Kreuz-Algorithmus_(15)Achtung_(4)taetigkeitenAttraktionen_(36)Liebe_(7)achtungcomplexityimpulsepositionenzahlenvergleichBestrafungmetasystemkombinationalienrechnenunterscheidungmodimeta-systemeachtentätigkeitenausloeserLust_(9)meta-paradigmenvorgehensweiseAbsicht_16_ist_zu_genügenParadigmen_sind_Absichten_(13)bedürfnisfrageGewaltuniverselleeigenschaftentriebBedingung_und_Auslöser_(1/3)wirklichkeitMeta-Systeme_(12)Bewusstheit_statt_Bewusstsein_(1)empathieattraktionenTriebe_und_Bedürfnisse_(6)abhängige_Verbundenheit_(90)ordnenundfilternanalytische_OntologiebedingungkonkretareflexkontroversemodusauslöserAbsicht_1/8Zahlenvergleich_(15_18_6)wohlbefindenabhängigkeitzeitlustverhaltenfühlenreziprokeStrukturalien_bzw_Meta-Paradigmen_bzw_Transzendentalien_(15)metasystemeErlösungZeit_(4)_als_WirklichkeitkomplexitätoptimierungstrukturgrösseSollen_Frage_Vorgehensweise_(1/13)Größenordnungkartezustaendevorstellungfokusabsicht1/8Reflektion_und_Kategorien_(1/15)nachvollziehenbestrebungenbewusstseinontologieAbsicht_10_ist_Wirklichkeit_erkennenmaximazuständestrukturalienuniverseller_Komperativ_(18→15)Fundament_(1/19)meta-systemthemaproblemklassenliebeLebensbereiche_Problemklassen_(28)absicht1/6absicht13Bestrebungen(1/5)Bedeutung_(10)leidenschaftenNetzwerkstrukturgroeßestrukturgroesseabsicht16verbundenheitenKarte_Filter_und_Unterscheidung_(1/12)absichtenextremalienThemen_(6)Extremalien_(19)absicht1pro8gedankenwertefilterabsicht7abstraktionstrukturgrößeOptimierung_(10)paradigmengefuehleAbsicht_7_ist_SelbstlosigkeitmitgefuehlansichtenbedeutungKonkreta_und_Focus_(2)koalitionengroesseExistenzialien_(3)bestrebungKlassen_(20)Reflexe_(3)Leidenschaften_(21)transzendentalienAnführer_Arten_(7)massnahmenVerhalten_(11)erwartungshaltungenReziprokesmodelemotionleidenschaftAbsicht_1/6_ist_Reinigung_und_KlarheitsollenKoalitionen_(10)absicht6Empathie_(37)gefühlemodelofhierarchicalcomplexitykategorienSystemWohlbefinden_(7mit6)thementriebekomplexitaetAbsicht_17_ist_zu_meineneinheitenkomplexverhaltenfuehlentranszendentalieErloesunglebensfelderRelation_zueinander_reziprok_Universellen_(18→n_vs._1/n)verhaltenTranszendentaliengrossGarben_und_Verhalten_nachfühlen(31)mathematisches_Design_(32)größefunktionenrelativerzeitbetraglebensenergiemathematischesdesignvorstellungenfilternwahrheitrelativer_Zeit-Betrag_(15_10_4_18_6)reziprokesEnergie_und_universelle_Eigenschaften_(30)Prinzipien(1/8)kombinationenGeist_(15)reflektioninnerewertelebensbereichefocusgeistVerbundenheiten_(18)universellerkomperativAbsicht_13_ist_HelfenAnsichten_Standpunkte_(18_17)Funktionen_Vorstellungen_(16)
deutsch	spalten	alles	
deutsch	spalten	Größenordnung	strukturgrössestrukturgrößeGrößenordnungpolitischesystemepolitikstrukturgroeßeStrukturgrössestrukturgroesseorganisationpolitische_SystemegrossOrganisationengrößegroesseorganisationenLichtlicht
deutsch	spalten	groessenordnung	strukturgrössestrukturgrößeGrößenordnungpolitischesystemepolitikstrukturgroeßeStrukturgrössestrukturgroesseorganisationpolitische_SystemegrossOrganisationengrößegroesseorganisationenLichtlicht
deutsch	spalten	strukturgroesse	strukturgrössestrukturgrößeGrößenordnungpolitischesystemepolitikstrukturgroeßeStrukturgrössestrukturgroesseorganisationpolitische_SystemegrossOrganisationengrößegroesseorganisationenLichtlicht
deutsch	spalten	strukturgroeße	strukturgrössestrukturgrößeGrößenordnungpolitischesystemepolitikstrukturgroeßeStrukturgrössestrukturgroesseorganisationpolitische_SystemegrossOrganisationengrößegroesseorganisationenLichtlicht
deutsch	spalten	strukturgrösse	strukturgrössestrukturgrößeGrößenordnungpolitischesystemepolitikstrukturgroeßeStrukturgrössestrukturgroesseorganisationpolitische_SystemegrossOrganisationengrößegroesseorganisationenLichtlicht
deutsch	spalten	strukturgröße	strukturgrössestrukturgrößeGrößenordnungpolitischesystemepolitikstrukturgroeßeStrukturgrössestrukturgroesseorganisationpolitische_SystemegrossOrganisationengrößegroesseorganisationenLichtlicht
deutsch	spalten	groesse	strukturgrössestrukturgrößeGrößenordnungpolitischesystemepolitikstrukturgroeßeStrukturgrössestrukturgroesseorganisationpolitische_SystemegrossOrganisationengrößegroesseorganisationenLichtlicht
deutsch	spalten	stufe	strukturgrössestrukturgrößeGrößenordnungpolitischesystemepolitikstrukturgroeßeStrukturgrössestrukturgroesseorganisationpolitische_SystemegrossOrganisationengrößegroesseorganisationenLichtlicht
deutsch	spalten	organisationen	strukturgrössestrukturgrößeGrößenordnungpolitischesystemepolitikstrukturgroeßeStrukturgrössestrukturgroesseorganisationpolitische_SystemegrossOrganisationengrößegroesseorganisationenLichtlicht
deutsch	spalten	Universum	strategiespeziesmetaparadigmareligionProgrammier-ParadigmenkombinierenetckugelnkreiseObjekteontologieuniverselles_RechtgegenalienverhaeltnisgleicherzahlakademischeGradestrukturalienHochzüchtenlogikwarum_Transzendentalie_=_Komplexität_von_Michael_CommonsModel_of_Hierarchical_ComplexitygegentranszendentalieuniversalienreziprokeLogikwarum_Transzendentalie_=_Strukturgroesse_=_Charakterkategoriesowas_wie_Kombinieren_VerknüpfenSoftware-Lizenzen_akademische_GradesoftwarelizenzWinkelgegenstrukturalienNetzwerkSpezies_EntwicklunganalytischeontologiegrossekinetzwerkBiologischer_Baum_(15)abstraktionzahlenuniversalienTeilchen_anderes_UniversumgegenuniversalienTeilchen-Meta-PhysikrechtjurawinkelmorphismusReziproke_von_Transzendentalienstrukturalienreziprokekeine_Nur-Paradigma-ReligionenhochzuechtenalienreziproketranszendentalienFarbentranszendentaliereziprokekreisegegentranszendentalienkugelnmodelEntwicklungs_Stadium_SpeziescomplexitywarumtranszendentaliezustrukturgroesseundcharakterSystemsachentaktiktranszendentalienreziprokealiensystemsachenmodelofhierarchicalcomplexitykomplexitaetkomplexKugeln_KreisetranszendentalieRaum-MissionenSpezies_Typofikationkünstliches_Leben_(15)künstlicheslebenTranszendentalienKategorieEvolution_vs_Design_intelligentZusammenhang_Gehirn_Kosmos_UniversumMorphismenanalytische_OntologieobjektnummernweltallStrategie_Taktik_(15m8)warumtranszendentaliegleichkomplexitaetGegentranszendentalienhochzüchtenZahlenartenUniverselles_Verhältnis_gleicher_ZahlenGeist__(15)geistprogrammierparadigmenkomplexität
deutsch	spalten	universum	strategiespeziesmetaparadigmareligionProgrammier-ParadigmenkombinierenetckugelnkreiseObjekteontologieuniverselles_RechtgegenalienverhaeltnisgleicherzahlakademischeGradestrukturalienHochzüchtenlogikwarum_Transzendentalie_=_Komplexität_von_Michael_CommonsModel_of_Hierarchical_ComplexitygegentranszendentalieuniversalienreziprokeLogikwarum_Transzendentalie_=_Strukturgroesse_=_Charakterkategoriesowas_wie_Kombinieren_VerknüpfenSoftware-Lizenzen_akademische_GradesoftwarelizenzWinkelgegenstrukturalienNetzwerkSpezies_EntwicklunganalytischeontologiegrossekinetzwerkBiologischer_Baum_(15)abstraktionzahlenuniversalienTeilchen_anderes_UniversumgegenuniversalienTeilchen-Meta-PhysikrechtjurawinkelmorphismusReziproke_von_Transzendentalienstrukturalienreziprokekeine_Nur-Paradigma-ReligionenhochzuechtenalienreziproketranszendentalienFarbentranszendentaliereziprokekreisegegentranszendentalienkugelnmodelEntwicklungs_Stadium_SpeziescomplexitywarumtranszendentaliezustrukturgroesseundcharakterSystemsachentaktiktranszendentalienreziprokealiensystemsachenmodelofhierarchicalcomplexitykomplexitaetkomplexKugeln_KreisetranszendentalieRaum-MissionenSpezies_Typofikationkünstliches_Leben_(15)künstlicheslebenTranszendentalienKategorieEvolution_vs_Design_intelligentZusammenhang_Gehirn_Kosmos_UniversumMorphismenanalytische_OntologieobjektnummernweltallStrategie_Taktik_(15m8)warumtranszendentaliegleichkomplexitaetGegentranszendentalienhochzüchtenZahlenartenUniverselles_Verhältnis_gleicher_ZahlenGeist__(15)geistprogrammierparadigmenkomplexität
deutsch	spalten	transzendentalien	strategiespeziesmetaparadigmareligionProgrammier-ParadigmenkombinierenetckugelnkreiseObjekteontologieuniverselles_RechtgegenalienverhaeltnisgleicherzahlakademischeGradestrukturalienHochzüchtenlogikwarum_Transzendentalie_=_Komplexität_von_Michael_CommonsModel_of_Hierarchical_ComplexitygegentranszendentalieuniversalienreziprokeLogikwarum_Transzendentalie_=_Strukturgroesse_=_Charakterkategoriesowas_wie_Kombinieren_VerknüpfenSoftware-Lizenzen_akademische_GradesoftwarelizenzWinkelgegenstrukturalienNetzwerkSpezies_EntwicklunganalytischeontologiegrossekinetzwerkBiologischer_Baum_(15)abstraktionzahlenuniversalienTeilchen_anderes_UniversumgegenuniversalienTeilchen-Meta-PhysikrechtjurawinkelmorphismusReziproke_von_Transzendentalienstrukturalienreziprokekeine_Nur-Paradigma-ReligionenhochzuechtenalienreziproketranszendentalienFarbentranszendentaliereziprokekreisegegentranszendentalienkugelnmodelEntwicklungs_Stadium_SpeziescomplexitywarumtranszendentaliezustrukturgroesseundcharakterSystemsachentaktiktranszendentalienreziprokealiensystemsachenmodelofhierarchicalcomplexitykomplexitaetkomplexKugeln_KreisetranszendentalieRaum-MissionenSpezies_Typofikationkünstliches_Leben_(15)künstlicheslebenTranszendentalienKategorieEvolution_vs_Design_intelligentZusammenhang_Gehirn_Kosmos_UniversumMorphismenanalytische_OntologieobjektnummernweltallStrategie_Taktik_(15m8)warumtranszendentaliegleichkomplexitaetGegentranszendentalienhochzüchtenZahlenartenUniverselles_Verhältnis_gleicher_ZahlenGeist__(15)geistprogrammierparadigmenkomplexität
deutsch	spalten	strukturalien	strategiespeziesmetaparadigmareligionProgrammier-ParadigmenkombinierenetckugelnkreiseObjekteontologieuniverselles_RechtgegenalienverhaeltnisgleicherzahlakademischeGradestrukturalienHochzüchtenlogikwarum_Transzendentalie_=_Komplexität_von_Michael_CommonsModel_of_Hierarchical_ComplexitygegentranszendentalieuniversalienreziprokeLogikwarum_Transzendentalie_=_Strukturgroesse_=_Charakterkategoriesowas_wie_Kombinieren_VerknüpfenSoftware-Lizenzen_akademische_GradesoftwarelizenzWinkelgegenstrukturalienNetzwerkSpezies_EntwicklunganalytischeontologiegrossekinetzwerkBiologischer_Baum_(15)abstraktionzahlenuniversalienTeilchen_anderes_UniversumgegenuniversalienTeilchen-Meta-PhysikrechtjurawinkelmorphismusReziproke_von_Transzendentalienstrukturalienreziprokekeine_Nur-Paradigma-ReligionenhochzuechtenalienreziproketranszendentalienFarbentranszendentaliereziprokekreisegegentranszendentalienkugelnmodelEntwicklungs_Stadium_SpeziescomplexitywarumtranszendentaliezustrukturgroesseundcharakterSystemsachentaktiktranszendentalienreziprokealiensystemsachenmodelofhierarchicalcomplexitykomplexitaetkomplexKugeln_KreisetranszendentalieRaum-MissionenSpezies_Typofikationkünstliches_Leben_(15)künstlicheslebenTranszendentalienKategorieEvolution_vs_Design_intelligentZusammenhang_Gehirn_Kosmos_UniversumMorphismenanalytische_OntologieobjektnummernweltallStrategie_Taktik_(15m8)warumtranszendentaliegleichkomplexitaetGegentranszendentalienhochzüchtenZahlenartenUniverselles_Verhältnis_gleicher_ZahlenGeist__(15)geistprogrammierparadigmenkomplexität
deutsch	spalten	kugel	strategiespeziesmetaparadigmareligionProgrammier-ParadigmenkombinierenetckugelnkreiseObjekteontologieuniverselles_RechtgegenalienverhaeltnisgleicherzahlakademischeGradestrukturalienHochzüchtenlogikwarum_Transzendentalie_=_Komplexität_von_Michael_CommonsModel_of_Hierarchical_ComplexitygegentranszendentalieuniversalienreziprokeLogikwarum_Transzendentalie_=_Strukturgroesse_=_Charakterkategoriesowas_wie_Kombinieren_VerknüpfenSoftware-Lizenzen_akademische_GradesoftwarelizenzWinkelgegenstrukturalienNetzwerkSpezies_EntwicklunganalytischeontologiegrossekinetzwerkBiologischer_Baum_(15)abstraktionzahlenuniversalienTeilchen_anderes_UniversumgegenuniversalienTeilchen-Meta-PhysikrechtjurawinkelmorphismusReziproke_von_Transzendentalienstrukturalienreziprokekeine_Nur-Paradigma-ReligionenhochzuechtenalienreziproketranszendentalienFarbentranszendentaliereziprokekreisegegentranszendentalienkugelnmodelEntwicklungs_Stadium_SpeziescomplexitywarumtranszendentaliezustrukturgroesseundcharakterSystemsachentaktiktranszendentalienreziprokealiensystemsachenmodelofhierarchicalcomplexitykomplexitaetkomplexKugeln_KreisetranszendentalieRaum-MissionenSpezies_Typofikationkünstliches_Leben_(15)künstlicheslebenTranszendentalienKategorieEvolution_vs_Design_intelligentZusammenhang_Gehirn_Kosmos_UniversumMorphismenanalytische_OntologieobjektnummernweltallStrategie_Taktik_(15m8)warumtranszendentaliegleichkomplexitaetGegentranszendentalienhochzüchtenZahlenartenUniverselles_Verhältnis_gleicher_ZahlenGeist__(15)geistprogrammierparadigmenkomplexität
deutsch	spalten	kugeln	strategiespeziesmetaparadigmareligionProgrammier-ParadigmenkombinierenetckugelnkreiseObjekteontologieuniverselles_RechtgegenalienverhaeltnisgleicherzahlakademischeGradestrukturalienHochzüchtenlogikwarum_Transzendentalie_=_Komplexität_von_Michael_CommonsModel_of_Hierarchical_ComplexitygegentranszendentalieuniversalienreziprokeLogikwarum_Transzendentalie_=_Strukturgroesse_=_Charakterkategoriesowas_wie_Kombinieren_VerknüpfenSoftware-Lizenzen_akademische_GradesoftwarelizenzWinkelgegenstrukturalienNetzwerkSpezies_EntwicklunganalytischeontologiegrossekinetzwerkBiologischer_Baum_(15)abstraktionzahlenuniversalienTeilchen_anderes_UniversumgegenuniversalienTeilchen-Meta-PhysikrechtjurawinkelmorphismusReziproke_von_Transzendentalienstrukturalienreziprokekeine_Nur-Paradigma-ReligionenhochzuechtenalienreziproketranszendentalienFarbentranszendentaliereziprokekreisegegentranszendentalienkugelnmodelEntwicklungs_Stadium_SpeziescomplexitywarumtranszendentaliezustrukturgroesseundcharakterSystemsachentaktiktranszendentalienreziprokealiensystemsachenmodelofhierarchicalcomplexitykomplexitaetkomplexKugeln_KreisetranszendentalieRaum-MissionenSpezies_Typofikationkünstliches_Leben_(15)künstlicheslebenTranszendentalienKategorieEvolution_vs_Design_intelligentZusammenhang_Gehirn_Kosmos_UniversumMorphismenanalytische_OntologieobjektnummernweltallStrategie_Taktik_(15m8)warumtranszendentaliegleichkomplexitaetGegentranszendentalienhochzüchtenZahlenartenUniverselles_Verhältnis_gleicher_ZahlenGeist__(15)geistprogrammierparadigmenkomplexität
deutsch	spalten	ball	strategiespeziesmetaparadigmareligionProgrammier-ParadigmenkombinierenetckugelnkreiseObjekteontologieuniverselles_RechtgegenalienverhaeltnisgleicherzahlakademischeGradestrukturalienHochzüchtenlogikwarum_Transzendentalie_=_Komplexität_von_Michael_CommonsModel_of_Hierarchical_ComplexitygegentranszendentalieuniversalienreziprokeLogikwarum_Transzendentalie_=_Strukturgroesse_=_Charakterkategoriesowas_wie_Kombinieren_VerknüpfenSoftware-Lizenzen_akademische_GradesoftwarelizenzWinkelgegenstrukturalienNetzwerkSpezies_EntwicklunganalytischeontologiegrossekinetzwerkBiologischer_Baum_(15)abstraktionzahlenuniversalienTeilchen_anderes_UniversumgegenuniversalienTeilchen-Meta-PhysikrechtjurawinkelmorphismusReziproke_von_Transzendentalienstrukturalienreziprokekeine_Nur-Paradigma-ReligionenhochzuechtenalienreziproketranszendentalienFarbentranszendentaliereziprokekreisegegentranszendentalienkugelnmodelEntwicklungs_Stadium_SpeziescomplexitywarumtranszendentaliezustrukturgroesseundcharakterSystemsachentaktiktranszendentalienreziprokealiensystemsachenmodelofhierarchicalcomplexitykomplexitaetkomplexKugeln_KreisetranszendentalieRaum-MissionenSpezies_Typofikationkünstliches_Leben_(15)künstlicheslebenTranszendentalienKategorieEvolution_vs_Design_intelligentZusammenhang_Gehirn_Kosmos_UniversumMorphismenanalytische_OntologieobjektnummernweltallStrategie_Taktik_(15m8)warumtranszendentaliegleichkomplexitaetGegentranszendentalienhochzüchtenZahlenartenUniverselles_Verhältnis_gleicher_ZahlenGeist__(15)geistprogrammierparadigmenkomplexität
deutsch	spalten	baelle	strategiespeziesmetaparadigmareligionProgrammier-ParadigmenkombinierenetckugelnkreiseObjekteontologieuniverselles_RechtgegenalienverhaeltnisgleicherzahlakademischeGradestrukturalienHochzüchtenlogikwarum_Transzendentalie_=_Komplexität_von_Michael_CommonsModel_of_Hierarchical_ComplexitygegentranszendentalieuniversalienreziprokeLogikwarum_Transzendentalie_=_Strukturgroesse_=_Charakterkategoriesowas_wie_Kombinieren_VerknüpfenSoftware-Lizenzen_akademische_GradesoftwarelizenzWinkelgegenstrukturalienNetzwerkSpezies_EntwicklunganalytischeontologiegrossekinetzwerkBiologischer_Baum_(15)abstraktionzahlenuniversalienTeilchen_anderes_UniversumgegenuniversalienTeilchen-Meta-PhysikrechtjurawinkelmorphismusReziproke_von_Transzendentalienstrukturalienreziprokekeine_Nur-Paradigma-ReligionenhochzuechtenalienreziproketranszendentalienFarbentranszendentaliereziprokekreisegegentranszendentalienkugelnmodelEntwicklungs_Stadium_SpeziescomplexitywarumtranszendentaliezustrukturgroesseundcharakterSystemsachentaktiktranszendentalienreziprokealiensystemsachenmodelofhierarchicalcomplexitykomplexitaetkomplexKugeln_KreisetranszendentalieRaum-MissionenSpezies_Typofikationkünstliches_Leben_(15)künstlicheslebenTranszendentalienKategorieEvolution_vs_Design_intelligentZusammenhang_Gehirn_Kosmos_UniversumMorphismenanalytische_OntologieobjektnummernweltallStrategie_Taktik_(15m8)warumtranszendentaliegleichkomplexitaetGegentranszendentalienhochzüchtenZahlenartenUniverselles_Verhältnis_gleicher_ZahlenGeist__(15)geistprogrammierparadigmenkomplexität
deutsch	spalten	bälle	strategiespeziesmetaparadigmareligionProgrammier-ParadigmenkombinierenetckugelnkreiseObjekteontologieuniverselles_RechtgegenalienverhaeltnisgleicherzahlakademischeGradestrukturalienHochzüchtenlogikwarum_Transzendentalie_=_Komplexität_von_Michael_CommonsModel_of_Hierarchical_ComplexitygegentranszendentalieuniversalienreziprokeLogikwarum_Transzendentalie_=_Strukturgroesse_=_Charakterkategoriesowas_wie_Kombinieren_VerknüpfenSoftware-Lizenzen_akademische_GradesoftwarelizenzWinkelgegenstrukturalienNetzwerkSpezies_EntwicklunganalytischeontologiegrossekinetzwerkBiologischer_Baum_(15)abstraktionzahlenuniversalienTeilchen_anderes_UniversumgegenuniversalienTeilchen-Meta-PhysikrechtjurawinkelmorphismusReziproke_von_Transzendentalienstrukturalienreziprokekeine_Nur-Paradigma-ReligionenhochzuechtenalienreziproketranszendentalienFarbentranszendentaliereziprokekreisegegentranszendentalienkugelnmodelEntwicklungs_Stadium_SpeziescomplexitywarumtranszendentaliezustrukturgroesseundcharakterSystemsachentaktiktranszendentalienreziprokealiensystemsachenmodelofhierarchicalcomplexitykomplexitaetkomplexKugeln_KreisetranszendentalieRaum-MissionenSpezies_Typofikationkünstliches_Leben_(15)künstlicheslebenTranszendentalienKategorieEvolution_vs_Design_intelligentZusammenhang_Gehirn_Kosmos_UniversumMorphismenanalytische_OntologieobjektnummernweltallStrategie_Taktik_(15m8)warumtranszendentaliegleichkomplexitaetGegentranszendentalienhochzüchtenZahlenartenUniverselles_Verhältnis_gleicher_ZahlenGeist__(15)geistprogrammierparadigmenkomplexität
deutsch	spalten	Inkrementieren	warumtranszendentaliegleichkomplexitaetTeilchen-Meta-Physikwarum_Transzendentalie_=_Komplexität_von_Michael_Commonsum3warum_Transzendentalie_=_Strukturgroesse_=_CharakterIdentitätidentitaetum1warumtranszendentaliezustrukturgroesseundcharakterum2addition
deutsch	spalten	inkrementieren	warumtranszendentaliegleichkomplexitaetTeilchen-Meta-Physikwarum_Transzendentalie_=_Komplexität_von_Michael_Commonsum3warum_Transzendentalie_=_Strukturgroesse_=_CharakterIdentitätidentitaetum1warumtranszendentaliezustrukturgroesseundcharakterum2addition
deutsch	spalten	Multiversum	p5transzendentalienFarbenDimensionenMuster-Wissenschaften_(20)modelteilchenfarbemetachemieStruktur-Wissenschaften_(10)complexitybewusstseinKybernetik_und_Meta_ChemiekybernetikRaumzeit_Anordnung_mathematisch_universellalienMultiversalien_(16)strukturalienmodelofhierarchicalcomplexityBiologischer_Baum_(16_->_5)Model_of_Hierarchical_ComplexitykomplexitaetkomplextranszendentalieReligionen_Kraefte_Krieg_der_Sterne_Star_WarspComputermeta-paradigmenFarben_Sind_Signale_Signale_sind_Dimension_DreizehnP5multiversalienTranszendentalienMeta-Physik-Teilchen_(1)maschinenSechszehn->FünfSechszehnabstraktionMaschinenuniversaliencomputerTeilchen_anderes_UniversumMultiversum_sind_die_DimensionenGeist_(15)Strukturalien_bzw_Meta-Paradigmen_bzw_Transzendentalien_(15)geistkomplexitätP
deutsch	spalten	multiversum	p5transzendentalienFarbenDimensionenMuster-Wissenschaften_(20)modelteilchenfarbemetachemieStruktur-Wissenschaften_(10)complexitybewusstseinKybernetik_und_Meta_ChemiekybernetikRaumzeit_Anordnung_mathematisch_universellalienMultiversalien_(16)strukturalienmodelofhierarchicalcomplexityBiologischer_Baum_(16_->_5)Model_of_Hierarchical_ComplexitykomplexitaetkomplextranszendentalieReligionen_Kraefte_Krieg_der_Sterne_Star_WarspComputermeta-paradigmenFarben_Sind_Signale_Signale_sind_Dimension_DreizehnP5multiversalienTranszendentalienMeta-Physik-Teilchen_(1)maschinenSechszehn->FünfSechszehnabstraktionMaschinenuniversaliencomputerTeilchen_anderes_UniversumMultiversum_sind_die_DimensionenGeist_(15)Strukturalien_bzw_Meta-Paradigmen_bzw_Transzendentalien_(15)geistkomplexitätP
deutsch	spalten	Kontinuum	KontinuenAchtzehnzrMYLZweiaoWjACfVierDreiNRpabadyJZehnSiebenundvierzigSechsundvierzigFmAESiebenIZNeunSechszehnakqNeunundzwanzigDreiundzwanzigVierundzwanzigceElfSechsVierzehnwlauPP5p5SQKABZwanzigatABCAchtundzwanzigFünfzehnxGDreizehngNeunzehnkaeacADFünfDOAAdXnSiebenunddreissigFünfundzwanzigEHDreissigbSechszehn->FünfSechsundzwanzigTEinsEinunddreissigAchtaaZwölfshtSiebzehniATAKAU
deutsch	spalten	kontinuum	KontinuenAchtzehnzrMYLZweiaoWjACfVierDreiNRpabadyJZehnSiebenundvierzigSechsundvierzigFmAESiebenIZNeunSechszehnakqNeunundzwanzigDreiundzwanzigVierundzwanzigceElfSechsVierzehnwlauPP5p5SQKABZwanzigatABCAchtundzwanzigFünfzehnxGDreizehngNeunzehnkaeacADFünfDOAAdXnSiebenunddreissigFünfundzwanzigEHDreissigbSechszehn->FünfSechsundzwanzigTEinsEinunddreissigAchtaaZwölfshtSiebzehniATAKAU
deutsch	spalten	Herrschaft	interglaktischHerrschaftsformenStrukturgroesseorbitclustergalaxiestrukturabstrakte_HerrschaftSpeziesherrschaftsformenOrbit-HerrschaftsMassenmedienSternen_SystemGalaxienclusterherrschaftPlanetenherrschaftHerrschafts_DatenstrukturGalaxieherrschaftGrößeSatellitenabstraktplanetSpeziesformensonnePlanetenkorrekturgroesseGalaxie
deutsch	spalten	macht	interglaktischHerrschaftsformenStrukturgroesseorbitclustergalaxiestrukturabstrakte_HerrschaftSpeziesherrschaftsformenOrbit-HerrschaftsMassenmedienSternen_SystemGalaxienclusterherrschaftPlanetenherrschaftHerrschafts_DatenstrukturGalaxieherrschaftGrößeSatellitenabstraktplanetSpeziesformensonnePlanetenkorrekturgroesseGalaxie
deutsch	spalten	MetaMetaPhysik_und_MetaChemie	metachemieKybernetik_und_Meta_ChemieMeta_Meta_Physik_Einteilungenkybernetik
deutsch	spalten	Planet_(10_und_oder_12)	IntelligenzgleichheitwirklichkeitMeta-Systeme_(12)wirklichkeitenKomplexitätfreiheitMechanismenKreislaufKreislaufwirtschaftmechanismenkreislaufmechanismusintelligenzmetasystemherrschaftPlanetenherrschaftGleichheit_Freiheit_OrdnungPlanetenkorrekturherrschaftWirklichkeiten_(10)logikmeta-systemekomplexitaetLogikmetasystememeta-systemkomplexität
deutsch	spalten	planet	IntelligenzgleichheitwirklichkeitMeta-Systeme_(12)wirklichkeitenKomplexitätfreiheitMechanismenKreislaufKreislaufwirtschaftmechanismenkreislaufmechanismusintelligenzmetasystemherrschaftPlanetenherrschaftGleichheit_Freiheit_OrdnungPlanetenkorrekturherrschaftWirklichkeiten_(10)logikmeta-systemekomplexitaetLogikmetasystememeta-systemkomplexität
deutsch	spalten	Religionen	gleichförmiges_PolygonSuperkräfteReligions-Gründer-TypSuperkraeftekreisekugelngleichförmigespolygonVertreter_höherer_KonzepteSatan_Teufelsternpolygonbabylonschwarzesonnender_TierkreiszeichenhundkugelHinduismusgleichfoermigespolygonmessiasmessiasereligionsgruendertyparchongalaxienSternpolygon_vs_gleichförmigesuniversenMessiasvergleichschwarzesonnevertreterhoehererkonzeptemessiassesternpolygonvsgleichfoermigeshinduismusvergleichnvs1divnkreisdertierkreiszeichenprophetheptagrammreligionsgründertypnichtsternpolygonpolygonuniversumgalaxieSternpolygon
deutsch	spalten	religionen	gleichförmiges_PolygonSuperkräfteReligions-Gründer-TypSuperkraeftekreisekugelngleichförmigespolygonVertreter_höherer_KonzepteSatan_Teufelsternpolygonbabylonschwarzesonnender_TierkreiszeichenhundkugelHinduismusgleichfoermigespolygonmessiasmessiasereligionsgruendertyparchongalaxienSternpolygon_vs_gleichförmigesuniversenMessiasvergleichschwarzesonnevertreterhoehererkonzeptemessiassesternpolygonvsgleichfoermigeshinduismusvergleichnvs1divnkreisdertierkreiszeichenprophetheptagrammreligionsgründertypnichtsternpolygonpolygonuniversumgalaxieSternpolygon
deutsch	spalten	religion	gleichförmiges_PolygonSuperkräfteReligions-Gründer-TypSuperkraeftekreisekugelngleichförmigespolygonVertreter_höherer_KonzepteSatan_Teufelsternpolygonbabylonschwarzesonnender_TierkreiszeichenhundkugelHinduismusgleichfoermigespolygonmessiasmessiasereligionsgruendertyparchongalaxienSternpolygon_vs_gleichförmigesuniversenMessiasvergleichschwarzesonnevertreterhoehererkonzeptemessiassesternpolygonvsgleichfoermigeshinduismusvergleichnvs1divnkreisdertierkreiszeichenprophetheptagrammreligionsgründertypnichtsternpolygonpolygonuniversumgalaxieSternpolygon
deutsch	spalten	Galaxie	hochzuechteninnenaussenstrukurchinesisches_HoroskopSuperkräfteinnenaußenstrukurmodallogikkreiseSuperkraeftekugelnkugelnkreiseZergAliens_MenschenHumanoid_ProtosPraedatorenbabylonontologiethomasevangeliumHochzüchtenModallogikthomaschinaKugeln_KreiseRaum-MissionenThomasevangeliumOffenbarung_des_Johannesbabylonische_TierkreiszeichenjohannesbibelchinesischeshoroskoptranszendentalieninnenaußenanalytischeontologieLebewesen_Galaxie_am_Bestenoffenbarunganalytische_OntologieTranszendentalien_innen_außenweltalloffenbarungdesjohanneshochzüchtentranszendentalieninnenaussenoffenbarungjohannestierkreiszeichenstrukturalieninnenaussenstrukturalieninnenaußen
deutsch	spalten	galaxie	hochzuechteninnenaussenstrukurchinesisches_HoroskopSuperkräfteinnenaußenstrukurmodallogikkreiseSuperkraeftekugelnkugelnkreiseZergAliens_MenschenHumanoid_ProtosPraedatorenbabylonontologiethomasevangeliumHochzüchtenModallogikthomaschinaKugeln_KreiseRaum-MissionenThomasevangeliumOffenbarung_des_Johannesbabylonische_TierkreiszeichenjohannesbibelchinesischeshoroskoptranszendentalieninnenaußenanalytischeontologieLebewesen_Galaxie_am_Bestenoffenbarunganalytische_OntologieTranszendentalien_innen_außenweltalloffenbarungdesjohanneshochzüchtentranszendentalieninnenaussenoffenbarungjohannestierkreiszeichenstrukturalieninnenaussenstrukturalieninnenaußen
deutsch	spalten	alteschriften	hochzuechteninnenaussenstrukurchinesisches_HoroskopSuperkräfteinnenaußenstrukurmodallogikkreiseSuperkraeftekugelnkugelnkreiseZergAliens_MenschenHumanoid_ProtosPraedatorenbabylonontologiethomasevangeliumHochzüchtenModallogikthomaschinaKugeln_KreiseRaum-MissionenThomasevangeliumOffenbarung_des_Johannesbabylonische_TierkreiszeichenjohannesbibelchinesischeshoroskoptranszendentalieninnenaußenanalytischeontologieLebewesen_Galaxie_am_Bestenoffenbarunganalytische_OntologieTranszendentalien_innen_außenweltalloffenbarungdesjohanneshochzüchtentranszendentalieninnenaussenoffenbarungjohannestierkreiszeichenstrukturalieninnenaussenstrukturalieninnenaußen
deutsch	spalten	kreis	hochzuechteninnenaussenstrukurchinesisches_HoroskopSuperkräfteinnenaußenstrukurmodallogikkreiseSuperkraeftekugelnkugelnkreiseZergAliens_MenschenHumanoid_ProtosPraedatorenbabylonontologiethomasevangeliumHochzüchtenModallogikthomaschinaKugeln_KreiseRaum-MissionenThomasevangeliumOffenbarung_des_Johannesbabylonische_TierkreiszeichenjohannesbibelchinesischeshoroskoptranszendentalieninnenaußenanalytischeontologieLebewesen_Galaxie_am_Bestenoffenbarunganalytische_OntologieTranszendentalien_innen_außenweltalloffenbarungdesjohanneshochzüchtentranszendentalieninnenaussenoffenbarungjohannestierkreiszeichenstrukturalieninnenaussenstrukturalieninnenaußen
deutsch	spalten	galaxien	hochzuechteninnenaussenstrukurchinesisches_HoroskopSuperkräfteinnenaußenstrukurmodallogikkreiseSuperkraeftekugelnkugelnkreiseZergAliens_MenschenHumanoid_ProtosPraedatorenbabylonontologiethomasevangeliumHochzüchtenModallogikthomaschinaKugeln_KreiseRaum-MissionenThomasevangeliumOffenbarung_des_Johannesbabylonische_TierkreiszeichenjohannesbibelchinesischeshoroskoptranszendentalieninnenaußenanalytischeontologieLebewesen_Galaxie_am_Bestenoffenbarunganalytische_OntologieTranszendentalien_innen_außenweltalloffenbarungdesjohanneshochzüchtentranszendentalieninnenaussenoffenbarungjohannestierkreiszeichenstrukturalieninnenaussenstrukturalieninnenaußen
deutsch	spalten	kreise	hochzuechteninnenaussenstrukurchinesisches_HoroskopSuperkräfteinnenaußenstrukurmodallogikkreiseSuperkraeftekugelnkugelnkreiseZergAliens_MenschenHumanoid_ProtosPraedatorenbabylonontologiethomasevangeliumHochzüchtenModallogikthomaschinaKugeln_KreiseRaum-MissionenThomasevangeliumOffenbarung_des_Johannesbabylonische_TierkreiszeichenjohannesbibelchinesischeshoroskoptranszendentalieninnenaußenanalytischeontologieLebewesen_Galaxie_am_Bestenoffenbarunganalytische_OntologieTranszendentalien_innen_außenweltalloffenbarungdesjohanneshochzüchtentranszendentalieninnenaussenoffenbarungjohannestierkreiszeichenstrukturalieninnenaussenstrukturalieninnenaußen
deutsch	spalten	Teilchen-Meta-Physik	Raum_und_Dimensionen_(8)das_Gute_die_Richtung_(7)das_Galaktische_(14)das_Multiverselle_(16)Wirklichkeiten_(10)wirklichkeitdie_Galaxie_Unterbereiche_(13)wirklichkeitendas_Universelle_(15)die_Tugendsortierung_(13_mit_14)
deutsch	spalten	teilchen	Raum_und_Dimensionen_(8)das_Gute_die_Richtung_(7)das_Galaktische_(14)das_Multiverselle_(16)Wirklichkeiten_(10)wirklichkeitdie_Galaxie_Unterbereiche_(13)wirklichkeitendas_Universelle_(15)die_Tugendsortierung_(13_mit_14)
deutsch	spalten	Operationen	zweifünferalternierend9alternierungzweierstruktur2neunerstruktur5fuenfungeradefuenferstrukturneunerviererstruktur3dreierstrukturMultiplikationmultiplikationdreifünferstrukturviererabfolgenfuenfergeradehalbierungendreierhalbierung4neunHalbierungfünfvier
deutsch	spalten	operationen	zweifünferalternierend9alternierungzweierstruktur2neunerstruktur5fuenfungeradefuenferstrukturneunerviererstruktur3dreierstrukturMultiplikationmultiplikationdreifünferstrukturviererabfolgenfuenfergeradehalbierungendreierhalbierung4neunHalbierungfünfvier
deutsch	spalten	Eigenschaften_1/n	filterartwidrigkeitFilterart_Widrigkeit
deutsch	spalten	konzept2	filterartwidrigkeitFilterart_Widrigkeit
deutsch	spalten	konzepte2	filterartwidrigkeitFilterart_Widrigkeit
deutsch	spalten	Bedeutung	VorzeichenvollkommenheitgesetzeslehrezaehlungVollkommenheit_des_GeistesAnwendung_der_Sonnen_und_Mondewurzelzählunginretain_ReTaMechanismen_der_ZüchtungmechanismenanwendungenfuermondezaehlungenwesenzüchtenprimzahlenJurazuechtenanwendungdersonnenkonjunktivGestirnzählungenvielfacherKonjunktiv_WurzelbildungzüchtunganwendungdersonnenundmondevielfachevorzeichenrechtplanetjuramondsonnegeistgestirnPrimzahlenzuechtungZählungen
deutsch	spalten	bedeutung	VorzeichenvollkommenheitgesetzeslehrezaehlungVollkommenheit_des_GeistesAnwendung_der_Sonnen_und_Mondewurzelzählunginretain_ReTaMechanismen_der_ZüchtungmechanismenanwendungenfuermondezaehlungenwesenzüchtenprimzahlenJurazuechtenanwendungdersonnenkonjunktivGestirnzählungenvielfacherKonjunktiv_WurzelbildungzüchtunganwendungdersonnenundmondevielfachevorzeichenrechtplanetjuramondsonnegeistgestirnPrimzahlenzuechtungZählungen
deutsch	spalten	Wirtschaft	erklaerungsystembwlmaschinengeraetefirmaerklärungErklärungfachbereichemaschineMaschinenBWLFachgebietegeraetSystemOrganisationsformgerätethemenorganisationsformfachgebieteorganisationsartpflanzenPflanzengerätverein
deutsch	spalten	wirtschaft	erklaerungsystembwlmaschinengeraetefirmaerklärungErklärungfachbereichemaschineMaschinenBWLFachgebietegeraetSystemOrganisationsformgerätethemenorganisationsformfachgebieteorganisationsartpflanzenPflanzengerätverein
deutsch	spalten	Wichtigstes_zum_gedanklich_einordnen	WichtigstezweitwichtigstewichtigstesZweitwichtigste
deutsch	spalten	wichtigsteeinordnen	WichtigstezweitwichtigstewichtigstesZweitwichtigste
deutsch	spalten	Symbole	VierZwölfZehnDreiReligionenZwoelfFünfFuenfSiebenNeunSechsAcht
deutsch	spalten	symbole	VierZwölfZehnDreiReligionenZwoelfFünfFuenfSiebenNeunSechsAcht
deutsch	spalten	Licht	
deutsch	spalten	licht	
deutsch	spalten	Eigenschaften_n	bösealtruistweisheitschlechtsinnegoismusoptimalegoistzweckWeisheit_etcweisegutboeseSinn_und_Zweck_des_Lebensoptimumliebaltruismusbedeutungmetaweisheitmeta-weisheitgut_böse_lieb_schlechtaehnlichidiotähnlichEgoismus_vs_Altruismus
deutsch	spalten	eigenschaften	bösealtruistweisheitschlechtsinnegoismusoptimalegoistzweckWeisheit_etcweisegutboeseSinn_und_Zweck_des_Lebensoptimumliebaltruismusbedeutungmetaweisheitmeta-weisheitgut_böse_lieb_schlechtaehnlichidiotähnlichEgoismus_vs_Altruismus
deutsch	spalten	eigenschaft	bösealtruistweisheitschlechtsinnegoismusoptimalegoistzweckWeisheit_etcweisegutboeseSinn_und_Zweck_des_Lebensoptimumliebaltruismusbedeutungmetaweisheitmeta-weisheitgut_böse_lieb_schlechtaehnlichidiotähnlichEgoismus_vs_Altruismus
deutsch	spalten	konzept	bösealtruistweisheitschlechtsinnegoismusoptimalegoistzweckWeisheit_etcweisegutboeseSinn_und_Zweck_des_Lebensoptimumliebaltruismusbedeutungmetaweisheitmeta-weisheitgut_böse_lieb_schlechtaehnlichidiotähnlichEgoismus_vs_Altruismus
deutsch	spalten	konzepte	bösealtruistweisheitschlechtsinnegoismusoptimalegoistzweckWeisheit_etcweisegutboeseSinn_und_Zweck_des_Lebensoptimumliebaltruismusbedeutungmetaweisheitmeta-weisheitgut_böse_lieb_schlechtaehnlichidiotähnlichEgoismus_vs_Altruismus
deutsch	spalten	Pro_Contra	nervigHilfe_erhaltenhilfeerhaltenharmonieveraenderungnutzenproveraenderungkein_Gegenteilnicht_miteinander_auskommenverändernnichtdafuercontradagegennicht_dafürnicht_dagegenGegenpositionunmotivierbarhilfeergibtsinnkontrollierenkeingegenteilbändigennichtabgeneigtHelfennichtdagegenvereinensinngegenspielermachtsinnGegenteilveraendernnichthelfenkoennengegenteilpro_nutzendafürHarmoniedafuernicht_helfen_könnenergibt_SinnVorteilebändigen_kontrollierenbaendigenkontrolliereneinheitantagonistpronutzenveränderungvorteilegegenpositionnicht_abgeneigtnichtauskommenHilfe_nicht_gebrauchenProbaendigenhelfenVeränderunghilfenichtgebrauchenGegenspieler
deutsch	spalten	procontra	nervigHilfe_erhaltenhilfeerhaltenharmonieveraenderungnutzenproveraenderungkein_Gegenteilnicht_miteinander_auskommenverändernnichtdafuercontradagegennicht_dafürnicht_dagegenGegenpositionunmotivierbarhilfeergibtsinnkontrollierenkeingegenteilbändigennichtabgeneigtHelfennichtdagegenvereinensinngegenspielermachtsinnGegenteilveraendernnichthelfenkoennengegenteilpro_nutzendafürHarmoniedafuernicht_helfen_könnenergibt_SinnVorteilebändigen_kontrollierenbaendigenkontrolliereneinheitantagonistpronutzenveränderungvorteilegegenpositionnicht_abgeneigtnichtauskommenHilfe_nicht_gebrauchenProbaendigenhelfenVeränderunghilfenichtgebrauchenGegenspieler
deutsch	spalten	dagegendafuer	nervigHilfe_erhaltenhilfeerhaltenharmonieveraenderungnutzenproveraenderungkein_Gegenteilnicht_miteinander_auskommenverändernnichtdafuercontradagegennicht_dafürnicht_dagegenGegenpositionunmotivierbarhilfeergibtsinnkontrollierenkeingegenteilbändigennichtabgeneigtHelfennichtdagegenvereinensinngegenspielermachtsinnGegenteilveraendernnichthelfenkoennengegenteilpro_nutzendafürHarmoniedafuernicht_helfen_könnenergibt_SinnVorteilebändigen_kontrollierenbaendigenkontrolliereneinheitantagonistpronutzenveränderungvorteilegegenpositionnicht_abgeneigtnichtauskommenHilfe_nicht_gebrauchenProbaendigenhelfenVeränderunghilfenichtgebrauchenGegenspieler
deutsch	spalten	Multiplikationen	rahmenRahmen-Bedingungen
deutsch	spalten	multiplikationen	rahmenRahmen-Bedingungen
deutsch	kombination	galaxie	erwerbenReligionmotivekombinierteswirtschaftssystememotionMännerpersoenlichkeitgefühlewirtschaftssystemmotivationintelligenzEmotionenkreativitaetberühmtheitenberufePersönlichkeit_evolutionär_erwerbenmaennerPersonenkreativitätpersönlichkeitreligionenzielBerufetierLebewesenliebeemotionenfrauenpersonenberuehmtheitenlebewesengefühlreligionWirtschaftssystemewirtschaftssystemeberufgefuehleLiebetiereMotive_ZielemännerzieleEigentum_und_BesitzkombiniertewirtschaftssystemeevolutionKreativität_und_Intelligenz
deutsch	kombination	universum	BewusstseintranszendentalienerwerbenReligiongegentranszendentalienmotiveMechanismen_der_ZuechtungprimzahlkreuzpersoenlichkeitontologiemechanismenbewusstseinmotivationberühmtheitenalienwesenzüchtenberufestrukturalienPersönlichkeit_evolutionär_erwerbenPersonenzuechtenpersönlichkeitreligionenzielBerufetierLebewesenpersonenberuehmtheitengegenstrukturalienleibnitzlebewesenanalytischeontologiemaschinengeraeteanalytische_OntologiereligionPrimzahlkreuzGeistTranszendentalien_StrukturalienberufMaschinenGegentranszendentalientranszendenzgerätetiereMotive_Zielezielegeistevolution
deutsch	ausgabe	nocolor	
deutsch	ausgabe	justtext	
deutsch	ausgabe	art	emacsshellnichtsmarkdownhtmlbbcodecsv
deutsch	ausgabe	onetable	
deutsch	ausgabe	spaltenreihenfolgeundnurdiese	
deutsch	ausgabe	endlessscreen	
deutsch	ausgabe	endless	
deutsch	ausgabe	dontwrap	
deutsch	ausgabe	breite	
deutsch	ausgabe	breiten	
deutsch	ausgabe	keineleereninhalte	
deutsch	ausgabe	keinenummerierung	
deutsch	ausgabe	keineueberschriften	
english	lines	alles	
english	lines	gestern	
english	lines	heute	
english	lines	hoehemaximal	
english	lines	mond	
english	lines	morgen	
english	lines	nachtraeglichneuabzaehlung	
english	lines	nachtraeglichneuabzaehlungvielfache	
english	lines	oberesmaximum	
english	lines	planet	
english	lines	potenzenvonzahlen	
english	lines	primzahlvielfache	
english	lines	schwarzesonne	
english	lines	sonne	
english	lines	typ	
english	lines	vielfachevonzahlen	
english	lines	vorhervonausschnitt	
english	lines	vorhervonausschnittteiler	
english	lines	zaehlung	
english	lines	zeit	
english	lines	primzahlen	
english	lines	aussenerste	
english	lines	innenerste	
english	lines	aussenalle	
english	lines	innenalle	
english	lines	invertieren	
english	lines	SonneMitMondanteil	
english	lines	time	todayyesterdaytomorrow
english	lines	type	moonplanetblacksunsunsunWithMoonParts
english	lines	primenumbers	outsidefirstinsidealloutsideallinsidefirst
english	columns	most_important_to_understand	thirdmostimportantsecondmostimportantmostimportant
english	columns	mostimportanttounderstand	thirdmostimportantsecondmostimportantmostimportant
english	columns	human	faithbetaanfuehrer_und_bossvulnerabilitycreativemusicincelalpha_betasocialclassmotiveKarrierediseasesselflessnessinequalitymalefemalepositionshuman-to-animalSinnesadistwhymoralsmotivationPsychopath_Soziopathillnessintelligent_Designgoalsway_of_thinking_of_living_beingsZeitaltermanagenspecialtiesethicsintentionsfreedomMoraleintelligenceproblemsirrational_numbers_by_rootingirrationalNumbersbyrootingbestrafenway_of_thinkingDiplomatieacquireloveepistemologyalphasense_and_meaning_of_lifekriminelldirectionsclassclassesHimmel_Hoelle_Kettenmolekuelejobthoughts_are_positions_(17)incelshuman-animalobtainedsolutionequalitygoetterlateralRängeemotionsSatan_DevildiplomatiefeelsolutionsLand_Laender-Dach-OrganisationsoziopathsenseAndMeaningintelligencesigmaraengeformationsequalityfreedomfaith_and_epistemologypathologicalmanipulationMeisterschaftequality_freedomINCELsomegasenseAndMeaningOfLifeviolencedominantgendermeister(political)_directions_(7)consciousnessdominateSpiele-Genreless_at_humanemotionegoismcountertranscendentalsneedmoralitydominant_gendermotifsjobsintelligencedeficienciesfeelingsconnections_(18)searchformeaningmanagementviewsSuperpowersnecessaryconsciousness_and_perceptionwayofthinkingeffectGott_und_ProphetsenseandmeaningoflifethoughtsKonservativismusvulnerablehandhabenaltruismkonservativpsychopathelitesalvationcounter-structuraliasSalvationviews_Stances_(18_17)affiliationslearnElitenpsychiatricevolutionary_acquisition_and_intelligence_creativityWeltordnungProfessionellerdiseaseprofikarrierepunishmentevolutionary_acquire_and_intelligenceperceptionbiological_tree_(15)EvolutioninitialpositionVerbrechen_und_BestrafungachievementsintentevolutionarycreativitytopicspoliticalalphabetaAnführer_und_Chef
english	columns	basic_structures	modesintention1/6moodsreciprocalsystemuniversalcomparativemap_filter_and_distinction_(1/12)positionsempathyontologygoalsintention_16_is_to_be_enoughwell-being_(7with6)realities_truth_perception_(10)intentionsenergyaspirationcombinationstopicawareness_instead_of_consciousness_(1)combinationfunctionsloveareas_of_lifetranscendentalsintention_17_is_to_mean_opionionscontroversy_(51)thoughts_are_positions_(17)comprehend_emotionally_or_mentally_by_prime_cross_algorithm_(15)helpanalytic_ontologycomplexemotionsfunctions_Conceptions_(16)reflectionintention10behaviorintention13intention_13_is_helpingparadigms_are_intentions_(13)sheaf_and_behavior_empathy_(31)existentialsprinciplestriggerattractionspassionmind_(15)structural_paradigms_or_meta-paradigms_or_transcendental_(15)intention_7_is_selflessnessmodeminddependent_connectedness_(90)mapawarenessneedconsciousnesscomplexityimpulsesdrives_and_needs_(6)metasystemconnections_(18)coalitions_(10)truthRealitiesfeelingsmoods_combinations_(14)well-beingneedsviewsstructuresizerelativereciprocaluniversalsbecoalitionsagainst_5concretacalculateordercomprehendmeaningsheafsexpectationsmeasuresnumericalcomparisonfcousdrivereflexactionsanalyticontologypunishmentintention_6_is_advantage_maximization.orderandfilterlustbehavioralandfeelsdomains_of_lifephiloaliasmode_and_being_(8)procedureattentionexistentials_(3)categoriestopicspassionsleadership_types_(7)attractions_(36)intention1/8maximastatessetsshall_question_procedure_(1/13)innervaluesmodel_of_Hierarchical_Complexityconcretes_and_Focus_(2)areas_of_life_and_classes_of_problems(28)foundation_(1/19)truthattention_(4)classesreflection_and_Categories_(1/15)classattentionOrRespectparadigmsfoundationoptimization_(10)behavefeelexpectations_(26)imaginationmathematical_design_(32)filterimaginationsaspirationsintention1pro6metasystemsintention_1/8particles_other_universeintention7intention17classes_of_problemsmathematicaldesigntime_(4)_as_realitycomparision_of_numbers_(15_18_6)optimizationaltitudesstructureSizemeta-paradigmscontroversymoodtopics_(6)violenceuniversalpropertiesmodelconditionlust_(9)passions_(21)reflexessizescaledependencemeta-systems_(12)condition_and_trigger_(1/3)intention16modelofhierarchicalcomplexityrelativetimeamountaspirations(1/5)unitsclasses_(20)relation_to_each_other_reciprocal_universal_(18→n_vs._1/n)feelings_(7)timedistinctionmeasures_(39)valuesthoughtsenergyoflifesetintention1pro8transcendentaliameaning_(10)salvationextremaliaempathy_(37)energy_and_universal_properties_(30)Salvationstructuralsviews_Stances_(18_17)affiliationsabstractionnetworkintention_10_is_recognition_of_realitygoals_(19)questionlove_(7)reflexes_(3)intention6perceptionorder_and_Filtering_12_and_1pro12conditionsshallintention_1/6_is_cleaning_and_clarityrelative_time_amount_(15_10_4_18_6)biological_tree_(15)principles(1/8)impulses_(5)universal_comperative_(18→15)focusextremalias_(19)behavior_(11)inner-values_1/6_of_cleaning_and_clarity
english	columns	all	
english	columns	scale	organizationlightpolitical_systemssizepoliticalsystemsstructuresizeorganizationsstructureSizescalepolitics
english	columns	structuresize	organizationlightpolitical_systemssizepoliticalsystemsstructuresizeorganizationsstructureSizescalepolitics
english	columns	size	organizationlightpolitical_systemssizepoliticalsystemsstructuresizeorganizationsstructureSizescalepolitics
english	columns	level	organizationlightpolitical_systemssizepoliticalsystemsstructuresizeorganizationsstructureSizescalepolitics
english	columns	organizations	organizationlightpolitical_systemssizepoliticalsystemsstructuresizeorganizationsstructureSizescalepolitics
english	columns	universe	colorstacticsspeziesObjektecounter-transcendentalcategoryartificiallifeontologycontext_brain_cosmos_universelogikmodel_of_Hierarchical_ComplexitytranscendentalreciprocalLogikcounter-philoaliasparticle-meta-physicssoftware_licensestrategystructuralreciprocalbigAIWinkeltranscendentalsSpezies_Entwicklungevolution_vs_design_intelligentanalytic_ontologyspace-missionscomplexUniversal_ratio_of_equal_numbersratioSameNumberwhy_transcendental_=_complexity_by_Michael_CommonszahlenuniversalsReciprocalparticles_other_universewhytranscendentalstructuralsizeandcharacterwinkelmorphismusprogramming-paradigmssystemthingsmindphiloalienreciprocalartificial_life_(15)kreisekugelnmodelEntwicklungs_Stadium_Speziescountertranscendentalscomplexityprogrammingparadigmsbreedingupreciprocal_of_transcendentaliauniversal_rightmodelofhierarchicalcomplexitymetaparadigmreligionbreedingUptypes_numbersSpezies_Typofikationuniversalscounteruniversalsstrategy_tactics_(15m8)such_as_combining_linkingtranscendentaliacounter-structuraliasstructuralswhy_transcendental_=_structure_size_=_characterabstractionsoftware_licences_and_academic_degreesnetworkMorphismencombineetcspherescirclesobjektnummernno_only_paradigm_religionsanalyticontologywhyTranscendentalEqualsComplexitybiological_tree_(15)philoaliasacademic_degreesspheres_circlesmind__(15)spacelaw
english	columns	transcendentals	colorstacticsspeziesObjektecounter-transcendentalcategoryartificiallifeontologycontext_brain_cosmos_universelogikmodel_of_Hierarchical_ComplexitytranscendentalreciprocalLogikcounter-philoaliasparticle-meta-physicssoftware_licensestrategystructuralreciprocalbigAIWinkeltranscendentalsSpezies_Entwicklungevolution_vs_design_intelligentanalytic_ontologyspace-missionscomplexUniversal_ratio_of_equal_numbersratioSameNumberwhy_transcendental_=_complexity_by_Michael_CommonszahlenuniversalsReciprocalparticles_other_universewhytranscendentalstructuralsizeandcharacterwinkelmorphismusprogramming-paradigmssystemthingsmindphiloalienreciprocalartificial_life_(15)kreisekugelnmodelEntwicklungs_Stadium_Speziescountertranscendentalscomplexityprogrammingparadigmsbreedingupreciprocal_of_transcendentaliauniversal_rightmodelofhierarchicalcomplexitymetaparadigmreligionbreedingUptypes_numbersSpezies_Typofikationuniversalscounteruniversalsstrategy_tactics_(15m8)such_as_combining_linkingtranscendentaliacounter-structuraliasstructuralswhy_transcendental_=_structure_size_=_characterabstractionsoftware_licences_and_academic_degreesnetworkMorphismencombineetcspherescirclesobjektnummernno_only_paradigm_religionsanalyticontologywhyTranscendentalEqualsComplexitybiological_tree_(15)philoaliasacademic_degreesspheres_circlesmind__(15)spacelaw
english	columns	structurals	colorstacticsspeziesObjektecounter-transcendentalcategoryartificiallifeontologycontext_brain_cosmos_universelogikmodel_of_Hierarchical_ComplexitytranscendentalreciprocalLogikcounter-philoaliasparticle-meta-physicssoftware_licensestrategystructuralreciprocalbigAIWinkeltranscendentalsSpezies_Entwicklungevolution_vs_design_intelligentanalytic_ontologyspace-missionscomplexUniversal_ratio_of_equal_numbersratioSameNumberwhy_transcendental_=_complexity_by_Michael_CommonszahlenuniversalsReciprocalparticles_other_universewhytranscendentalstructuralsizeandcharacterwinkelmorphismusprogramming-paradigmssystemthingsmindphiloalienreciprocalartificial_life_(15)kreisekugelnmodelEntwicklungs_Stadium_Speziescountertranscendentalscomplexityprogrammingparadigmsbreedingupreciprocal_of_transcendentaliauniversal_rightmodelofhierarchicalcomplexitymetaparadigmreligionbreedingUptypes_numbersSpezies_Typofikationuniversalscounteruniversalsstrategy_tactics_(15m8)such_as_combining_linkingtranscendentaliacounter-structuraliasstructuralswhy_transcendental_=_structure_size_=_characterabstractionsoftware_licences_and_academic_degreesnetworkMorphismencombineetcspherescirclesobjektnummernno_only_paradigm_religionsanalyticontologywhyTranscendentalEqualsComplexitybiological_tree_(15)philoaliasacademic_degreesspheres_circlesmind__(15)spacelaw
english	columns	sphere	colorstacticsspeziesObjektecounter-transcendentalcategoryartificiallifeontologycontext_brain_cosmos_universelogikmodel_of_Hierarchical_ComplexitytranscendentalreciprocalLogikcounter-philoaliasparticle-meta-physicssoftware_licensestrategystructuralreciprocalbigAIWinkeltranscendentalsSpezies_Entwicklungevolution_vs_design_intelligentanalytic_ontologyspace-missionscomplexUniversal_ratio_of_equal_numbersratioSameNumberwhy_transcendental_=_complexity_by_Michael_CommonszahlenuniversalsReciprocalparticles_other_universewhytranscendentalstructuralsizeandcharacterwinkelmorphismusprogramming-paradigmssystemthingsmindphiloalienreciprocalartificial_life_(15)kreisekugelnmodelEntwicklungs_Stadium_Speziescountertranscendentalscomplexityprogrammingparadigmsbreedingupreciprocal_of_transcendentaliauniversal_rightmodelofhierarchicalcomplexitymetaparadigmreligionbreedingUptypes_numbersSpezies_Typofikationuniversalscounteruniversalsstrategy_tactics_(15m8)such_as_combining_linkingtranscendentaliacounter-structuraliasstructuralswhy_transcendental_=_structure_size_=_characterabstractionsoftware_licences_and_academic_degreesnetworkMorphismencombineetcspherescirclesobjektnummernno_only_paradigm_religionsanalyticontologywhyTranscendentalEqualsComplexitybiological_tree_(15)philoaliasacademic_degreesspheres_circlesmind__(15)spacelaw
english	columns	spheres	colorstacticsspeziesObjektecounter-transcendentalcategoryartificiallifeontologycontext_brain_cosmos_universelogikmodel_of_Hierarchical_ComplexitytranscendentalreciprocalLogikcounter-philoaliasparticle-meta-physicssoftware_licensestrategystructuralreciprocalbigAIWinkeltranscendentalsSpezies_Entwicklungevolution_vs_design_intelligentanalytic_ontologyspace-missionscomplexUniversal_ratio_of_equal_numbersratioSameNumberwhy_transcendental_=_complexity_by_Michael_CommonszahlenuniversalsReciprocalparticles_other_universewhytranscendentalstructuralsizeandcharacterwinkelmorphismusprogramming-paradigmssystemthingsmindphiloalienreciprocalartificial_life_(15)kreisekugelnmodelEntwicklungs_Stadium_Speziescountertranscendentalscomplexityprogrammingparadigmsbreedingupreciprocal_of_transcendentaliauniversal_rightmodelofhierarchicalcomplexitymetaparadigmreligionbreedingUptypes_numbersSpezies_Typofikationuniversalscounteruniversalsstrategy_tactics_(15m8)such_as_combining_linkingtranscendentaliacounter-structuraliasstructuralswhy_transcendental_=_structure_size_=_characterabstractionsoftware_licences_and_academic_degreesnetworkMorphismencombineetcspherescirclesobjektnummernno_only_paradigm_religionsanalyticontologywhyTranscendentalEqualsComplexitybiological_tree_(15)philoaliasacademic_degreesspheres_circlesmind__(15)spacelaw
english	columns	ball	colorstacticsspeziesObjektecounter-transcendentalcategoryartificiallifeontologycontext_brain_cosmos_universelogikmodel_of_Hierarchical_ComplexitytranscendentalreciprocalLogikcounter-philoaliasparticle-meta-physicssoftware_licensestrategystructuralreciprocalbigAIWinkeltranscendentalsSpezies_Entwicklungevolution_vs_design_intelligentanalytic_ontologyspace-missionscomplexUniversal_ratio_of_equal_numbersratioSameNumberwhy_transcendental_=_complexity_by_Michael_CommonszahlenuniversalsReciprocalparticles_other_universewhytranscendentalstructuralsizeandcharacterwinkelmorphismusprogramming-paradigmssystemthingsmindphiloalienreciprocalartificial_life_(15)kreisekugelnmodelEntwicklungs_Stadium_Speziescountertranscendentalscomplexityprogrammingparadigmsbreedingupreciprocal_of_transcendentaliauniversal_rightmodelofhierarchicalcomplexitymetaparadigmreligionbreedingUptypes_numbersSpezies_Typofikationuniversalscounteruniversalsstrategy_tactics_(15m8)such_as_combining_linkingtranscendentaliacounter-structuraliasstructuralswhy_transcendental_=_structure_size_=_characterabstractionsoftware_licences_and_academic_degreesnetworkMorphismencombineetcspherescirclesobjektnummernno_only_paradigm_religionsanalyticontologywhyTranscendentalEqualsComplexitybiological_tree_(15)philoaliasacademic_degreesspheres_circlesmind__(15)spacelaw
english	columns	balls	colorstacticsspeziesObjektecounter-transcendentalcategoryartificiallifeontologycontext_brain_cosmos_universelogikmodel_of_Hierarchical_ComplexitytranscendentalreciprocalLogikcounter-philoaliasparticle-meta-physicssoftware_licensestrategystructuralreciprocalbigAIWinkeltranscendentalsSpezies_Entwicklungevolution_vs_design_intelligentanalytic_ontologyspace-missionscomplexUniversal_ratio_of_equal_numbersratioSameNumberwhy_transcendental_=_complexity_by_Michael_CommonszahlenuniversalsReciprocalparticles_other_universewhytranscendentalstructuralsizeandcharacterwinkelmorphismusprogramming-paradigmssystemthingsmindphiloalienreciprocalartificial_life_(15)kreisekugelnmodelEntwicklungs_Stadium_Speziescountertranscendentalscomplexityprogrammingparadigmsbreedingupreciprocal_of_transcendentaliauniversal_rightmodelofhierarchicalcomplexitymetaparadigmreligionbreedingUptypes_numbersSpezies_Typofikationuniversalscounteruniversalsstrategy_tactics_(15m8)such_as_combining_linkingtranscendentaliacounter-structuraliasstructuralswhy_transcendental_=_structure_size_=_characterabstractionsoftware_licences_and_academic_degreesnetworkMorphismencombineetcspherescirclesobjektnummernno_only_paradigm_religionsanalyticontologywhyTranscendentalEqualsComplexitybiological_tree_(15)philoaliasacademic_degreesspheres_circlesmind__(15)spacelaw
english	columns	increment	why_transcendental_=_complexity_by_Michael_Commonsof1of2whytranscendentalstructuralsizeandcharacterwhy_transcendental_=_structure_size_=_characterparticle-meta-physicsidentitywhyTranscendentalEqualsComplexityof3addition
english	columns	multiverse	colorsp5structural_paradigms_or_meta-paradigms_or_transcendental_(15)meta-paradigmsmindDimensionenmodelfarbeconsciousnessmetachemiecomplexitysixteen->fifespace_time_arrangement_mathematically_universalKybernetik_und_Meta_Chemiekybernetikparticlesmodelofhierarchicalcomplexitybiological_tree_(16_->_15)model_of_Hierarchical_ComplexitypuniversalsReligionen_Kraefte_Krieg_der_Sterne_Star_Warspattern_sciences_(20)ComputerSixteentranscendentaliaFarben_Sind_Signale_Signale_sind_Dimension_Dreizehntranscendentalsstructuralsmeta_physic_particles_(1)abstractioncomplexmultiversalias_(16)computerMultiversum_sind_die_Dimensionenmultiversaliasparticles_other_universestructure_sciences_(10)philoaliasP5machinesPmind_(15)
english	columns	continuum	zrfifeteenMYLaoWjSeventeenACfSevenNEightRpabThreeadyJFifetwentySiebenundvierzigSechsundvierzigTwelveFmfourteenAEIZakqNeunundzwanzigtwoEighteenDreiundzwanzigFourceP5SechswlauPonep5TenSQKABthirteencontinuumsfifetyfifeatABsixteen->fifeCAchtundzwanzigxGgkaeelevenacADDSixteenOnineteenNineAAdXnSiebenunddreissigEHDreissigbSechsundzwanzigTEinunddreissigaaTwentyfourshtiATAKAU
english	columns	Herrschaft	interglaktischHerrschaftsformenorbitclustergalaxystrukturabstrakte_HerrschaftsunSpeziesherrschaftsformenOrbit-HerrschaftsMassenmediensizeSternen_SystemGalaxienclusterherrschaftPlanetenherrschaftHerrschafts_DatenstrukturGalaxieherrschaftGrößeSatellitenabstraktplanetSpeziesstructuresizeformenPlanetenkorrektur
english	columns	macht	interglaktischHerrschaftsformenorbitclustergalaxystrukturabstrakte_HerrschaftsunSpeziesherrschaftsformenOrbit-HerrschaftsMassenmediensizeSternen_SystemGalaxienclusterherrschaftPlanetenherrschaftHerrschafts_DatenstrukturGalaxieherrschaftGrößeSatellitenabstraktplanetSpeziesstructuresizeformenPlanetenkorrektur
english	columns	MetaMetaPhysik_und_MetaChemie	metachemieKybernetik_und_Meta_ChemieMeta_Meta_Physik_Einteilungenkybernetik
english	columns	planet_(10_and_or_12)	truthRealities_(10)equality_freedom_ordermechanismscomplexityKreislaufKreislaufwirtschaftequalitykreislaufmeta-systems_(12)herrschaftPlanetenherrschaftmetasystemmetasystemstruthRealitiesPlanetenkorrekturherrschaftlogikfreedomLogikintelligencemechanism
english	columns	planet	truthRealities_(10)equality_freedom_ordermechanismscomplexityKreislaufKreislaufwirtschaftequalitykreislaufmeta-systems_(12)herrschaftPlanetenherrschaftmetasystemmetasystemstruthRealitiesPlanetenkorrekturherrschaftlogikfreedomLogikintelligencemechanism
english	columns	religions	representativehigherconceptsuniversegalaxycircleuniversesStarpolygonstarpolygonofthezodiacblackSunsbabyloncomparestarpolygonvsuniformpolygonuniformpolygonSuperpowersrepresentative_higher_conceptshinduismuniform_polygonnonstarpolygonreligion-founder-typeArchongalaxiesspheresmessiahreligionfoundertypemessiasessphereHinduismstar_polygon_vs_uniform_polygonMessiahSatan_Devilcirclespolygoncomparevs1divnProphetblacksunheptagramof_the_zodiacdog
english	columns	religion	representativehigherconceptsuniversegalaxycircleuniversesStarpolygonstarpolygonofthezodiacblackSunsbabyloncomparestarpolygonvsuniformpolygonuniformpolygonSuperpowersrepresentative_higher_conceptshinduismuniform_polygonnonstarpolygonreligion-founder-typeArchongalaxiesspheresmessiahreligionfoundertypemessiasessphereHinduismstar_polygon_vs_uniform_polygonMessiahSatan_Devilcirclespolygoncomparevs1divnProphetblacksunheptagramof_the_zodiacdog
english	columns	galaxy	insideOutsideStructurezodiacsignsliving_creatures_galaxy_best_atrevelationbabylonian_zodiacmodallogicGospelofThomaschinesehoroscopebiblejohnanalytic_ontologyspace-missionsZergAliens_MenschenHumanoid_ProtosPraedatorenspherescirclesbabylonstructurealieninsideoutsidebreedingupanalyticontologyRevelation_of_JohnontologyrevelationofjohncirclesstructureinsideoutsidegospelofthomasbreedingUpSuperpowerschinese_horoscopethomaschinaspheres_circlestranscendentalieninsideoutsidespacestructurealiasInsideOutsidetranscendentals_inside_outsidespheresinteriorexteriorstructure
english	columns	ancientscripts	insideOutsideStructurezodiacsignsliving_creatures_galaxy_best_atrevelationbabylonian_zodiacmodallogicGospelofThomaschinesehoroscopebiblejohnanalytic_ontologyspace-missionsZergAliens_MenschenHumanoid_ProtosPraedatorenspherescirclesbabylonstructurealieninsideoutsidebreedingupanalyticontologyRevelation_of_JohnontologyrevelationofjohncirclesstructureinsideoutsidegospelofthomasbreedingUpSuperpowerschinese_horoscopethomaschinaspheres_circlestranscendentalieninsideoutsidespacestructurealiasInsideOutsidetranscendentals_inside_outsidespheresinteriorexteriorstructure
english	columns	circle	insideOutsideStructurezodiacsignsliving_creatures_galaxy_best_atrevelationbabylonian_zodiacmodallogicGospelofThomaschinesehoroscopebiblejohnanalytic_ontologyspace-missionsZergAliens_MenschenHumanoid_ProtosPraedatorenspherescirclesbabylonstructurealieninsideoutsidebreedingupanalyticontologyRevelation_of_JohnontologyrevelationofjohncirclesstructureinsideoutsidegospelofthomasbreedingUpSuperpowerschinese_horoscopethomaschinaspheres_circlestranscendentalieninsideoutsidespacestructurealiasInsideOutsidetranscendentals_inside_outsidespheresinteriorexteriorstructure
english	columns	galaxies	insideOutsideStructurezodiacsignsliving_creatures_galaxy_best_atrevelationbabylonian_zodiacmodallogicGospelofThomaschinesehoroscopebiblejohnanalytic_ontologyspace-missionsZergAliens_MenschenHumanoid_ProtosPraedatorenspherescirclesbabylonstructurealieninsideoutsidebreedingupanalyticontologyRevelation_of_JohnontologyrevelationofjohncirclesstructureinsideoutsidegospelofthomasbreedingUpSuperpowerschinese_horoscopethomaschinaspheres_circlestranscendentalieninsideoutsidespacestructurealiasInsideOutsidetranscendentals_inside_outsidespheresinteriorexteriorstructure
english	columns	circles	insideOutsideStructurezodiacsignsliving_creatures_galaxy_best_atrevelationbabylonian_zodiacmodallogicGospelofThomaschinesehoroscopebiblejohnanalytic_ontologyspace-missionsZergAliens_MenschenHumanoid_ProtosPraedatorenspherescirclesbabylonstructurealieninsideoutsidebreedingupanalyticontologyRevelation_of_JohnontologyrevelationofjohncirclesstructureinsideoutsidegospelofthomasbreedingUpSuperpowerschinese_horoscopethomaschinaspheres_circlestranscendentalieninsideoutsidespacestructurealiasInsideOutsidetranscendentals_inside_outsidespheresinteriorexteriorstructure
english	columns	particle-meta-physics	truthRealitiesuniversal_(16)galaxy_sub_areas_(13)truthRealities_(10)space_and_dimension_(8)multiverse_(16)galactic_(14)non_value_virtue_sorting_(13_with_14)goodness_and_direction_(7)
english	columns	particles	truthRealitiesuniversal_(16)galaxy_sub_areas_(13)truthRealities_(10)space_and_dimension_(8)multiverse_(16)galactic_(14)non_value_virtue_sorting_(13_with_14)goodness_and_direction_(7)
english	columns	operations	threeStructurefivenineStructure9three2four5multiplicationdualstructure3structureoffivehalvingalternatingninesequencesoffouralternationtwofourstructure4oddstructureOfFiveeven
english	columns	properties_1/n	filterTypeadversityfilter_type_and_violation
english	columns	concept2	filterTypeadversityfilter_type_and_violation
english	columns	concepts2	filterTypeadversityfilter_type_and_violation
english	columns	meaning	mindrootspaceObjectmultipleapplication_of_suns_and_moonssubjunctive_rootperfection_of_the_spiritmechanismsperfectionbreedinretain_ReTasunrangesbreedingapplicationofsunsandmoonsapplicationsmoonsmultiplesessencesubjunctiverangeplanetsignbeforeapplicationssunsprimenumbersmechanisms_of_breedingmoonlaw
english	columns	economy	machinetypeOfOrganizationequipmentdevicesexplanationplantsspecialtiessystembusinessAdministrationbusinessadministrationcompanyassociationtypeoforganizationdevicemachinestopics
english	columns	most_important_to_think_about	secondmostimportantmostimportant
english	columns	mostImportantToClassify	secondmostimportantmostimportant
english	columns	symbols	TenFifeSixreligionsSevenFourEightTwelveNineThree
english	columns	light	
english	columns	properties_n	altruismaltruistoptimalgoodmeaning_and_purpose_of_lifeegoistmeaningsimilaregoismegoism_vs_altruismwisdomoptimumpurposebadevilgood_evil_love_badwisdom_etcmeta-wisdomsenseAndMeaningidiotkindwisemetawisdom
english	columns	properties	altruismaltruistoptimalgoodmeaning_and_purpose_of_lifeegoistmeaningsimilaregoismegoism_vs_altruismwisdomoptimumpurposebadevilgood_evil_love_badwisdom_etcmeta-wisdomsenseAndMeaningidiotkindwisemetawisdom
english	columns	property	altruismaltruistoptimalgoodmeaning_and_purpose_of_lifeegoistmeaningsimilaregoismegoism_vs_altruismwisdomoptimumpurposebadevilgood_evil_love_badwisdom_etcmeta-wisdomsenseAndMeaningidiotkindwisemetawisdom
english	columns	concept	altruismaltruistoptimalgoodmeaning_and_purpose_of_lifeegoistmeaningsimilaregoismegoism_vs_altruismwisdomoptimumpurposebadevilgood_evil_love_badwisdom_etcmeta-wisdomsenseAndMeaningidiotkindwisemetawisdom
english	columns	concepts	altruismaltruistoptimalgoodmeaning_and_purpose_of_lifeegoistmeaningsimilaregoismegoism_vs_altruismwisdomoptimumpurposebadevilgood_evil_love_badwisdom_etcmeta-wisdomsenseAndMeaningidiotkindwisemetawisdom
english	columns	pro_contra	not_againstprotameno_oppositetamecontrolcontracannot_helpusechangemakes_sensenot_getting_along_with_anotherunitycontrolprobenefitadvantagesunmotivatednot_forhelp_receivetame_controlnotAgainsthelpyieldsSenseopponentnotdisposedagainstharmonynooppositeoppositecounterpositionannoyingchangeunitenotGettingAlonghelp_not_needcannothelpantagonistnotforsenseAndMeaningpro_benefithelpnotneedforitresultsSensehelpreceivenot_disposed
english	columns	procontra	not_againstprotameno_oppositetamecontrolcontracannot_helpusechangemakes_sensenot_getting_along_with_anotherunitycontrolprobenefitadvantagesunmotivatednot_forhelp_receivetame_controlnotAgainsthelpyieldsSenseopponentnotdisposedagainstharmonynooppositeoppositecounterpositionannoyingchangeunitenotGettingAlonghelp_not_needcannothelpantagonistnotforsenseAndMeaningpro_benefithelpnotneedforitresultsSensehelpreceivenot_disposed
english	columns	multiplications	frameFramework-conditions
english	combination	galaxy	Emotionsgoalemotioneconomicsystemcombinedeconomicsystemmotivationcreaturesgoalsmotifsjobsfeelingspersonspeoplepersonalitylivingbeingacquireloveownership_and_possessionpersonality_evolutionary_acquisitionanimaljobcombinedeconomicsystemsreligionemotionsmeneconomicsystemsreligionscreativity_and_intelligenceanimalswomenintelligencemotives_goalscelebritiescreativityevolution
english	combination	universe	equipmentdevicesmindgoalconsciousnessmechanismscountertranscendentalsmotivationcreaturesessencegoalsmotifsjobsontologypersonspeoplepersonalitylivingbeingacquiretranscendenceleibnitztranscendentalscounter-structuraliasprimecrosspersonality_evolutionary_acquisitionanimaljobstructuralsanalytic_ontologytranscendentalia_structuraliabreedreligionanalyticontologyreligionsanimalsphiloaliasmotives_goalscelebritiesmechanisms_of_breedingmachinesevolution
english	output	nocolor	
english	output	justtext	
english	output	art	
english	output	onetable	
english	output	spaltenreihenfolgeundnurdiese	
english	output	endlessscreen	
english	output	endless	
english	output	dontwrap	
english	output	breite	
english	output	breiten	
english	output	keineleereninhalte	
english	output	keinenummerierung	
english	output	keineueberschriften	
english	output	type	emacsshellnichtsmarkdownhtmlbbcodecsv
vietnamese	lines	alles	
vietnamese	lines	gestern	
vietnamese	lines	heute	
vietnamese	lines	hoehemaximal	
vietnamese	lines	mond	
vietnamese	lines	morgen	
vietnamese	lines	nachtraeglichneuabzaehlung	
vietnamese	lines	nachtraeglichneuabzaehlungvielfache	
vietnamese	lines	oberesmaximum	
vietnamese	lines	planet	
vietnamese	lines	potenzenvonzahlen	
vietnamese	lines	primzahlvielfache	
vietnamese	lines	schwarzesonne	
vietnamese	lines	sonne	
vietnamese	lines	typ	
vietnamese	lines	vielfachevonzahlen	
vietnamese	lines	vorhervonausschnitt	
vietnamese	lines	vorhervonausschnittteiler	
vietnamese	lines	zaehlung	
vietnamese	lines	zeit	
vietnamese	lines	primzahlen	
vietnamese	lines	aussenerste	
vietnamese	lines	innenerste	
vietnamese	lines	aussenalle	
vietnamese	lines	innenalle	
vietnamese	lines	invertieren	
vietnamese	lines	SonneMitMondanteil	
vietnamese	lines	time	todayyesterdaytomorrow
vietnamese	lines	type	moonplanetblacksunsunsunWithMoonParts
vietnamese	lines	primenumbers	outsidefirstinsidealloutsideallinsidefirst
vietnamese	columns	most_important_to_understand	thirdmostimportantsecondmostimportantmostimportant
vietnamese	columns	mostimportanttounderstand	thirdmostimportantsecondmostimportantmostimportant
vietnamese	columns	human	faithbetaanfuehrer_und_bossvulnerabilitycreativemusicincelalpha_betasocialclassmotiveKarrierediseasesselflessnessinequalitymalefemalepositionshuman-to-animalSinnesadistwhymoralsmotivationPsychopath_Soziopathillnessintelligent_Designgoalsway_of_thinking_of_living_beingsZeitaltermanagenspecialtiesethicsintentionsfreedomMoraleintelligenceproblemsirrational_numbers_by_rootingirrationalNumbersbyrootingbestrafenway_of_thinkingDiplomatieacquireloveepistemologyalphasense_and_meaning_of_lifekriminelldirectionsclassclassesHimmel_Hoelle_Kettenmolekuelejobthoughts_are_positions_(17)incelshuman-animalobtainedsolutionequalitygoetterlateralRängeemotionsSatan_DevildiplomatiefeelsolutionsLand_Laender-Dach-OrganisationsoziopathsenseAndMeaningintelligencesigmaraengeformationsequalityfreedomfaith_and_epistemologypathologicalmanipulationMeisterschaftequality_freedomINCELsomegasenseAndMeaningOfLifeviolencedominantgendermeister(political)_directions_(7)consciousnessdominateSpiele-Genreless_at_humanemotionegoismcountertranscendentalsneedmoralitydominant_gendermotifsjobsintelligencedeficienciesfeelingsconnections_(18)searchformeaningmanagementviewsSuperpowersnecessaryconsciousness_and_perceptionwayofthinkingeffectGott_und_ProphetsenseandmeaningoflifethoughtsKonservativismusvulnerablehandhabenaltruismkonservativpsychopathelitesalvationcounter-structuraliasSalvationviews_Stances_(18_17)affiliationslearnElitenpsychiatricevolutionary_acquisition_and_intelligence_creativityWeltordnungProfessionellerdiseaseprofikarrierepunishmentevolutionary_acquire_and_intelligenceperceptionbiological_tree_(15)EvolutioninitialpositionVerbrechen_und_BestrafungachievementsintentevolutionarycreativitytopicspoliticalalphabetaAnführer_und_Chef
vietnamese	columns	basic_structures	modesintention1/6moodsreciprocalsystemuniversalcomparativemap_filter_and_distinction_(1/12)positionsempathyontologygoalsintention_16_is_to_be_enoughwell-being_(7with6)realities_truth_perception_(10)intentionsenergyaspirationcombinationstopicawareness_instead_of_consciousness_(1)combinationfunctionsloveareas_of_lifetranscendentalsintention_17_is_to_mean_opionionscontroversy_(51)thoughts_are_positions_(17)comprehend_emotionally_or_mentally_by_prime_cross_algorithm_(15)helpanalytic_ontologycomplexemotionsfunctions_Conceptions_(16)reflectionintention10behaviorintention13intention_13_is_helpingparadigms_are_intentions_(13)sheaf_and_behavior_empathy_(31)existentialsprinciplestriggerattractionspassionmind_(15)structural_paradigms_or_meta-paradigms_or_transcendental_(15)intention_7_is_selflessnessmodeminddependent_connectedness_(90)mapawarenessneedconsciousnesscomplexityimpulsesdrives_and_needs_(6)metasystemconnections_(18)coalitions_(10)truthRealitiesfeelingsmoods_combinations_(14)well-beingneedsviewsstructuresizerelativereciprocaluniversalsbecoalitionsagainst_5concretacalculateordercomprehendmeaningsheafsexpectationsmeasuresnumericalcomparisonfcousdrivereflexactionsanalyticontologypunishmentintention_6_is_advantage_maximization.orderandfilterlustbehavioralandfeelsdomains_of_lifephiloaliasmode_and_being_(8)procedureattentionexistentials_(3)categoriestopicspassionsleadership_types_(7)attractions_(36)intention1/8maximastatessetsshall_question_procedure_(1/13)innervaluesmodel_of_Hierarchical_Complexityconcretes_and_Focus_(2)areas_of_life_and_classes_of_problems(28)foundation_(1/19)truthattention_(4)classesreflection_and_Categories_(1/15)classattentionOrRespectparadigmsfoundationoptimization_(10)behavefeelexpectations_(26)imaginationmathematical_design_(32)filterimaginationsaspirationsintention1pro6metasystemsintention_1/8particles_other_universeintention7intention17classes_of_problemsmathematicaldesigntime_(4)_as_realitycomparision_of_numbers_(15_18_6)optimizationaltitudesstructureSizemeta-paradigmscontroversymoodtopics_(6)violenceuniversalpropertiesmodelconditionlust_(9)passions_(21)reflexessizescaledependencemeta-systems_(12)condition_and_trigger_(1/3)intention16modelofhierarchicalcomplexityrelativetimeamountaspirations(1/5)unitsclasses_(20)relation_to_each_other_reciprocal_universal_(18→n_vs._1/n)feelings_(7)timedistinctionmeasures_(39)valuesthoughtsenergyoflifesetintention1pro8transcendentaliameaning_(10)salvationextremaliaempathy_(37)energy_and_universal_properties_(30)Salvationstructuralsviews_Stances_(18_17)affiliationsabstractionnetworkintention_10_is_recognition_of_realitygoals_(19)questionlove_(7)reflexes_(3)intention6perceptionorder_and_Filtering_12_and_1pro12conditionsshallintention_1/6_is_cleaning_and_clarityrelative_time_amount_(15_10_4_18_6)biological_tree_(15)principles(1/8)impulses_(5)universal_comperative_(18→15)focusextremalias_(19)behavior_(11)inner-values_1/6_of_cleaning_and_clarity
vietnamese	columns	all	
vietnamese	columns	scale	organizationlightpolitical_systemssizepoliticalsystemsstructuresizeorganizationsstructureSizescalepolitics
vietnamese	columns	structuresize	organizationlightpolitical_systemssizepoliticalsystemsstructuresizeorganizationsstructureSizescalepolitics
vietnamese	columns	size	organizationlightpolitical_systemssizepoliticalsystemsstructuresizeorganizationsstructureSizescalepolitics
vietnamese	columns	level	organizationlightpolitical_systemssizepoliticalsystemsstructuresizeorganizationsstructureSizescalepolitics
vietnamese	columns	organizations	organizationlightpolitical_systemssizepoliticalsystemsstructuresizeorganizationsstructureSizescalepolitics
vietnamese	columns	universe	colorstacticsspeziesObjektecounter-transcendentalcategoryartificiallifeontologycontext_brain_cosmos_universelogikmodel_of_Hierarchical_ComplexitytranscendentalreciprocalLogikcounter-philoaliasparticle-meta-physicssoftware_licensestrategystructuralreciprocalbigAIWinkeltranscendentalsSpezies_Entwicklungevolution_vs_design_intelligentanalytic_ontologyspace-missionscomplexUniversal_ratio_of_equal_numbersratioSameNumberwhy_transcendental_=_complexity_by_Michael_CommonszahlenuniversalsReciprocalparticles_other_universewhytranscendentalstructuralsizeandcharacterwinkelmorphismusprogramming-paradigmssystemthingsmindphiloalienreciprocalartificial_life_(15)kreisekugelnmodelEntwicklungs_Stadium_Speziescountertranscendentalscomplexityprogrammingparadigmsbreedingupreciprocal_of_transcendentaliauniversal_rightmodelofhierarchicalcomplexitymetaparadigmreligionbreedingUptypes_numbersSpezies_Typofikationuniversalscounteruniversalsstrategy_tactics_(15m8)such_as_combining_linkingtranscendentaliacounter-structuraliasstructuralswhy_transcendental_=_structure_size_=_characterabstractionsoftware_licences_and_academic_degreesnetworkMorphismencombineetcspherescirclesobjektnummernno_only_paradigm_religionsanalyticontologywhyTranscendentalEqualsComplexitybiological_tree_(15)philoaliasacademic_degreesspheres_circlesmind__(15)spacelaw
vietnamese	columns	transcendentals	colorstacticsspeziesObjektecounter-transcendentalcategoryartificiallifeontologycontext_brain_cosmos_universelogikmodel_of_Hierarchical_ComplexitytranscendentalreciprocalLogikcounter-philoaliasparticle-meta-physicssoftware_licensestrategystructuralreciprocalbigAIWinkeltranscendentalsSpezies_Entwicklungevolution_vs_design_intelligentanalytic_ontologyspace-missionscomplexUniversal_ratio_of_equal_numbersratioSameNumberwhy_transcendental_=_complexity_by_Michael_CommonszahlenuniversalsReciprocalparticles_other_universewhytranscendentalstructuralsizeandcharacterwinkelmorphismusprogramming-paradigmssystemthingsmindphiloalienreciprocalartificial_life_(15)kreisekugelnmodelEntwicklungs_Stadium_Speziescountertranscendentalscomplexityprogrammingparadigmsbreedingupreciprocal_of_transcendentaliauniversal_rightmodelofhierarchicalcomplexitymetaparadigmreligionbreedingUptypes_numbersSpezies_Typofikationuniversalscounteruniversalsstrategy_tactics_(15m8)such_as_combining_linkingtranscendentaliacounter-structuraliasstructuralswhy_transcendental_=_structure_size_=_characterabstractionsoftware_licences_and_academic_degreesnetworkMorphismencombineetcspherescirclesobjektnummernno_only_paradigm_religionsanalyticontologywhyTranscendentalEqualsComplexitybiological_tree_(15)philoaliasacademic_degreesspheres_circlesmind__(15)spacelaw
vietnamese	columns	structurals	colorstacticsspeziesObjektecounter-transcendentalcategoryartificiallifeontologycontext_brain_cosmos_universelogikmodel_of_Hierarchical_ComplexitytranscendentalreciprocalLogikcounter-philoaliasparticle-meta-physicssoftware_licensestrategystructuralreciprocalbigAIWinkeltranscendentalsSpezies_Entwicklungevolution_vs_design_intelligentanalytic_ontologyspace-missionscomplexUniversal_ratio_of_equal_numbersratioSameNumberwhy_transcendental_=_complexity_by_Michael_CommonszahlenuniversalsReciprocalparticles_other_universewhytranscendentalstructuralsizeandcharacterwinkelmorphismusprogramming-paradigmssystemthingsmindphiloalienreciprocalartificial_life_(15)kreisekugelnmodelEntwicklungs_Stadium_Speziescountertranscendentalscomplexityprogrammingparadigmsbreedingupreciprocal_of_transcendentaliauniversal_rightmodelofhierarchicalcomplexitymetaparadigmreligionbreedingUptypes_numbersSpezies_Typofikationuniversalscounteruniversalsstrategy_tactics_(15m8)such_as_combining_linkingtranscendentaliacounter-structuraliasstructuralswhy_transcendental_=_structure_size_=_characterabstractionsoftware_licences_and_academic_degreesnetworkMorphismencombineetcspherescirclesobjektnummernno_only_paradigm_religionsanalyticontologywhyTranscendentalEqualsComplexitybiological_tree_(15)philoaliasacademic_degreesspheres_circlesmind__(15)spacelaw
vietnamese	columns	sphere	colorstacticsspeziesObjektecounter-transcendentalcategoryartificiallifeontologycontext_brain_cosmos_universelogikmodel_of_Hierarchical_ComplexitytranscendentalreciprocalLogikcounter-philoaliasparticle-meta-physicssoftware_licensestrategystructuralreciprocalbigAIWinkeltranscendentalsSpezies_Entwicklungevolution_vs_design_intelligentanalytic_ontologyspace-missionscomplexUniversal_ratio_of_equal_numbersratioSameNumberwhy_transcendental_=_complexity_by_Michael_CommonszahlenuniversalsReciprocalparticles_other_universewhytranscendentalstructuralsizeandcharacterwinkelmorphismusprogramming-paradigmssystemthingsmindphiloalienreciprocalartificial_life_(15)kreisekugelnmodelEntwicklungs_Stadium_Speziescountertranscendentalscomplexityprogrammingparadigmsbreedingupreciprocal_of_transcendentaliauniversal_rightmodelofhierarchicalcomplexitymetaparadigmreligionbreedingUptypes_numbersSpezies_Typofikationuniversalscounteruniversalsstrategy_tactics_(15m8)such_as_combining_linkingtranscendentaliacounter-structuraliasstructuralswhy_transcendental_=_structure_size_=_characterabstractionsoftware_licences_and_academic_degreesnetworkMorphismencombineetcspherescirclesobjektnummernno_only_paradigm_religionsanalyticontologywhyTranscendentalEqualsComplexitybiological_tree_(15)philoaliasacademic_degreesspheres_circlesmind__(15)spacelaw
vietnamese	columns	spheres	colorstacticsspeziesObjektecounter-transcendentalcategoryartificiallifeontologycontext_brain_cosmos_universelogikmodel_of_Hierarchical_ComplexitytranscendentalreciprocalLogikcounter-philoaliasparticle-meta-physicssoftware_licensestrategystructuralreciprocalbigAIWinkeltranscendentalsSpezies_Entwicklungevolution_vs_design_intelligentanalytic_ontologyspace-missionscomplexUniversal_ratio_of_equal_numbersratioSameNumberwhy_transcendental_=_complexity_by_Michael_CommonszahlenuniversalsReciprocalparticles_other_universewhytranscendentalstructuralsizeandcharacterwinkelmorphismusprogramming-paradigmssystemthingsmindphiloalienreciprocalartificial_life_(15)kreisekugelnmodelEntwicklungs_Stadium_Speziescountertranscendentalscomplexityprogrammingparadigmsbreedingupreciprocal_of_transcendentaliauniversal_rightmodelofhierarchicalcomplexitymetaparadigmreligionbreedingUptypes_numbersSpezies_Typofikationuniversalscounteruniversalsstrategy_tactics_(15m8)such_as_combining_linkingtranscendentaliacounter-structuraliasstructuralswhy_transcendental_=_structure_size_=_characterabstractionsoftware_licences_and_academic_degreesnetworkMorphismencombineetcspherescirclesobjektnummernno_only_paradigm_religionsanalyticontologywhyTranscendentalEqualsComplexitybiological_tree_(15)philoaliasacademic_degreesspheres_circlesmind__(15)spacelaw
vietnamese	columns	ball	colorstacticsspeziesObjektecounter-transcendentalcategoryartificiallifeontologycontext_brain_cosmos_universelogikmodel_of_Hierarchical_ComplexitytranscendentalreciprocalLogikcounter-philoaliasparticle-meta-physicssoftware_licensestrategystructuralreciprocalbigAIWinkeltranscendentalsSpezies_Entwicklungevolution_vs_design_intelligentanalytic_ontologyspace-missionscomplexUniversal_ratio_of_equal_numbersratioSameNumberwhy_transcendental_=_complexity_by_Michael_CommonszahlenuniversalsReciprocalparticles_other_universewhytranscendentalstructuralsizeandcharacterwinkelmorphismusprogramming-paradigmssystemthingsmindphiloalienreciprocalartificial_life_(15)kreisekugelnmodelEntwicklungs_Stadium_Speziescountertranscendentalscomplexityprogrammingparadigmsbreedingupreciprocal_of_transcendentaliauniversal_rightmodelofhierarchicalcomplexitymetaparadigmreligionbreedingUptypes_numbersSpezies_Typofikationuniversalscounteruniversalsstrategy_tactics_(15m8)such_as_combining_linkingtranscendentaliacounter-structuraliasstructuralswhy_transcendental_=_structure_size_=_characterabstractionsoftware_licences_and_academic_degreesnetworkMorphismencombineetcspherescirclesobjektnummernno_only_paradigm_religionsanalyticontologywhyTranscendentalEqualsComplexitybiological_tree_(15)philoaliasacademic_degreesspheres_circlesmind__(15)spacelaw
vietnamese	columns	balls	colorstacticsspeziesObjektecounter-transcendentalcategoryartificiallifeontologycontext_brain_cosmos_universelogikmodel_of_Hierarchical_ComplexitytranscendentalreciprocalLogikcounter-philoaliasparticle-meta-physicssoftware_licensestrategystructuralreciprocalbigAIWinkeltranscendentalsSpezies_Entwicklungevolution_vs_design_intelligentanalytic_ontologyspace-missionscomplexUniversal_ratio_of_equal_numbersratioSameNumberwhy_transcendental_=_complexity_by_Michael_CommonszahlenuniversalsReciprocalparticles_other_universewhytranscendentalstructuralsizeandcharacterwinkelmorphismusprogramming-paradigmssystemthingsmindphiloalienreciprocalartificial_life_(15)kreisekugelnmodelEntwicklungs_Stadium_Speziescountertranscendentalscomplexityprogrammingparadigmsbreedingupreciprocal_of_transcendentaliauniversal_rightmodelofhierarchicalcomplexitymetaparadigmreligionbreedingUptypes_numbersSpezies_Typofikationuniversalscounteruniversalsstrategy_tactics_(15m8)such_as_combining_linkingtranscendentaliacounter-structuraliasstructuralswhy_transcendental_=_structure_size_=_characterabstractionsoftware_licences_and_academic_degreesnetworkMorphismencombineetcspherescirclesobjektnummernno_only_paradigm_religionsanalyticontologywhyTranscendentalEqualsComplexitybiological_tree_(15)philoaliasacademic_degreesspheres_circlesmind__(15)spacelaw
vietnamese	columns	increment	why_transcendental_=_complexity_by_Michael_Commonsof1of2whytranscendentalstructuralsizeandcharacterwhy_transcendental_=_structure_size_=_characterparticle-meta-physicsidentitywhyTranscendentalEqualsComplexityof3addition
vietnamese	columns	multiverse	colorsp5structural_paradigms_or_meta-paradigms_or_transcendental_(15)meta-paradigmsmindDimensionenmodelfarbeconsciousnessmetachemiecomplexitysixteen->fifespace_time_arrangement_mathematically_universalKybernetik_und_Meta_Chemiekybernetikparticlesmodelofhierarchicalcomplexitybiological_tree_(16_->_15)model_of_Hierarchical_ComplexitypuniversalsReligionen_Kraefte_Krieg_der_Sterne_Star_Warspattern_sciences_(20)ComputerSixteentranscendentaliaFarben_Sind_Signale_Signale_sind_Dimension_Dreizehntranscendentalsstructuralsmeta_physic_particles_(1)abstractioncomplexmultiversalias_(16)computerMultiversum_sind_die_Dimensionenmultiversaliasparticles_other_universestructure_sciences_(10)philoaliasP5machinesPmind_(15)
vietnamese	columns	continuum	zrfifeteenMYLaoWjSeventeenACfSevenNEightRpabThreeadyJFifetwentySiebenundvierzigSechsundvierzigTwelveFmfourteenAEIZakqNeunundzwanzigtwoEighteenDreiundzwanzigFourceP5SechswlauPonep5TenSQKABthirteencontinuumsfifetyfifeatABsixteen->fifeCAchtundzwanzigxGgkaeelevenacADDSixteenOnineteenNineAAdXnSiebenunddreissigEHDreissigbSechsundzwanzigTEinunddreissigaaTwentyfourshtiATAKAU
vietnamese	columns	Herrschaft	interglaktischHerrschaftsformenorbitclustergalaxystrukturabstrakte_HerrschaftsunSpeziesherrschaftsformenOrbit-HerrschaftsMassenmediensizeSternen_SystemGalaxienclusterherrschaftPlanetenherrschaftHerrschafts_DatenstrukturGalaxieherrschaftGrößeSatellitenabstraktplanetSpeziesstructuresizeformenPlanetenkorrektur
vietnamese	columns	macht	interglaktischHerrschaftsformenorbitclustergalaxystrukturabstrakte_HerrschaftsunSpeziesherrschaftsformenOrbit-HerrschaftsMassenmediensizeSternen_SystemGalaxienclusterherrschaftPlanetenherrschaftHerrschafts_DatenstrukturGalaxieherrschaftGrößeSatellitenabstraktplanetSpeziesstructuresizeformenPlanetenkorrektur
vietnamese	columns	MetaMetaPhysik_und_MetaChemie	metachemieKybernetik_und_Meta_ChemieMeta_Meta_Physik_Einteilungenkybernetik
vietnamese	columns	planet_(10_and_or_12)	truthRealities_(10)equality_freedom_ordermechanismscomplexityKreislaufKreislaufwirtschaftequalitykreislaufmeta-systems_(12)herrschaftPlanetenherrschaftmetasystemmetasystemstruthRealitiesPlanetenkorrekturherrschaftlogikfreedomLogikintelligencemechanism
vietnamese	columns	planet	truthRealities_(10)equality_freedom_ordermechanismscomplexityKreislaufKreislaufwirtschaftequalitykreislaufmeta-systems_(12)herrschaftPlanetenherrschaftmetasystemmetasystemstruthRealitiesPlanetenkorrekturherrschaftlogikfreedomLogikintelligencemechanism
vietnamese	columns	religions	representativehigherconceptsuniversegalaxycircleuniversesStarpolygonstarpolygonofthezodiacblackSunsbabyloncomparestarpolygonvsuniformpolygonuniformpolygonSuperpowersrepresentative_higher_conceptshinduismuniform_polygonnonstarpolygonreligion-founder-typeArchongalaxiesspheresmessiahreligionfoundertypemessiasessphereHinduismstar_polygon_vs_uniform_polygonMessiahSatan_Devilcirclespolygoncomparevs1divnProphetblacksunheptagramof_the_zodiacdog
vietnamese	columns	religion	representativehigherconceptsuniversegalaxycircleuniversesStarpolygonstarpolygonofthezodiacblackSunsbabyloncomparestarpolygonvsuniformpolygonuniformpolygonSuperpowersrepresentative_higher_conceptshinduismuniform_polygonnonstarpolygonreligion-founder-typeArchongalaxiesspheresmessiahreligionfoundertypemessiasessphereHinduismstar_polygon_vs_uniform_polygonMessiahSatan_Devilcirclespolygoncomparevs1divnProphetblacksunheptagramof_the_zodiacdog
vietnamese	columns	galaxy	insideOutsideStructurezodiacsignsliving_creatures_galaxy_best_atrevelationbabylonian_zodiacmodallogicGospelofThomaschinesehoroscopebiblejohnanalytic_ontologyspace-missionsZergAliens_MenschenHumanoid_ProtosPraedatorenspherescirclesbabylonstructurealieninsideoutsidebreedingupanalyticontologyRevelation_of_JohnontologyrevelationofjohncirclesstructureinsideoutsidegospelofthomasbreedingUpSuperpowerschinese_horoscopethomaschinaspheres_circlestranscendentalieninsideoutsidespacestructurealiasInsideOutsidetranscendentals_inside_outsidespheresinteriorexteriorstructure
vietnamese	columns	ancientscripts	insideOutsideStructurezodiacsignsliving_creatures_galaxy_best_atrevelationbabylonian_zodiacmodallogicGospelofThomaschinesehoroscopebiblejohnanalytic_ontologyspace-missionsZergAliens_MenschenHumanoid_ProtosPraedatorenspherescirclesbabylonstructurealieninsideoutsidebreedingupanalyticontologyRevelation_of_JohnontologyrevelationofjohncirclesstructureinsideoutsidegospelofthomasbreedingUpSuperpowerschinese_horoscopethomaschinaspheres_circlestranscendentalieninsideoutsidespacestructurealiasInsideOutsidetranscendentals_inside_outsidespheresinteriorexteriorstructure
vietnamese	columns	circle	insideOutsideStructurezodiacsignsliving_creatures_galaxy_best_atrevelationbabylonian_zodiacmodallogicGospelofThomaschinesehoroscopebiblejohnanalytic_ontologyspace-missionsZergAliens_MenschenHumanoid_ProtosPraedatorenspherescirclesbabylonstructurealieninsideoutsidebreedingupanalyticontologyRevelation_of_JohnontologyrevelationofjohncirclesstructureinsideoutsidegospelofthomasbreedingUpSuperpowerschinese_horoscopethomaschinaspheres_circlestranscendentalieninsideoutsidespacestructurealiasInsideOutsidetranscendentals_inside_outsidespheresinteriorexteriorstructure
vietnamese	columns	galaxies	insideOutsideStructurezodiacsignsliving_creatures_galaxy_best_atrevelationbabylonian_zodiacmodallogicGospelofThomaschinesehoroscopebiblejohnanalytic_ontologyspace-missionsZergAliens_MenschenHumanoid_ProtosPraedatorenspherescirclesbabylonstructurealieninsideoutsidebreedingupanalyticontologyRevelation_of_JohnontologyrevelationofjohncirclesstructureinsideoutsidegospelofthomasbreedingUpSuperpowerschinese_horoscopethomaschinaspheres_circlestranscendentalieninsideoutsidespacestructurealiasInsideOutsidetranscendentals_inside_outsidespheresinteriorexteriorstructure
vietnamese	columns	circles	insideOutsideStructurezodiacsignsliving_creatures_galaxy_best_atrevelationbabylonian_zodiacmodallogicGospelofThomaschinesehoroscopebiblejohnanalytic_ontologyspace-missionsZergAliens_MenschenHumanoid_ProtosPraedatorenspherescirclesbabylonstructurealieninsideoutsidebreedingupanalyticontologyRevelation_of_JohnontologyrevelationofjohncirclesstructureinsideoutsidegospelofthomasbreedingUpSuperpowerschinese_horoscopethomaschinaspheres_circlestranscendentalieninsideoutsidespacestructurealiasInsideOutsidetranscendentals_inside_outsidespheresinteriorexteriorstructure
vietnamese	columns	particle-meta-physics	truthRealitiesuniversal_(16)galaxy_sub_areas_(13)truthRealities_(10)space_and_dimension_(8)multiverse_(16)galactic_(14)non_value_virtue_sorting_(13_with_14)goodness_and_direction_(7)
vietnamese	columns	particles	truthRealitiesuniversal_(16)galaxy_sub_areas_(13)truthRealities_(10)space_and_dimension_(8)multiverse_(16)galactic_(14)non_value_virtue_sorting_(13_with_14)goodness_and_direction_(7)
vietnamese	columns	operations	threeStructurefivenineStructure9three2four5multiplicationdualstructure3structureoffivehalvingalternatingninesequencesoffouralternationtwofourstructure4oddstructureOfFiveeven
vietnamese	columns	properties_1/n	filterTypeadversityfilter_type_and_violation
vietnamese	columns	concept2	filterTypeadversityfilter_type_and_violation
vietnamese	columns	concepts2	filterTypeadversityfilter_type_and_violation
vietnamese	columns	meaning	mindrootspaceObjectmultipleapplication_of_suns_and_moonssubjunctive_rootperfection_of_the_spiritmechanismsperfectionbreedinretain_ReTasunrangesbreedingapplicationofsunsandmoonsapplicationsmoonsmultiplesessencesubjunctiverangeplanetsignbeforeapplicationssunsprimenumbersmechanisms_of_breedingmoonlaw
vietnamese	columns	economy	machinetypeOfOrganizationequipmentdevicesexplanationplantsspecialtiessystembusinessAdministrationbusinessadministrationcompanyassociationtypeoforganizationdevicemachinestopics
vietnamese	columns	most_important_to_think_about	secondmostimportantmostimportant
vietnamese	columns	mostImportantToClassify	secondmostimportantmostimportant
vietnamese	columns	symbols	TenFifeSixreligionsSevenFourEightTwelveNineThree
vietnamese	columns	light	
vietnamese	columns	properties_n	altruismaltruistoptimalgoodmeaning_and_purpose_of_lifeegoistmeaningsimilaregoismegoism_vs_altruismwisdomoptimumpurposebadevilgood_evil_love_badwisdom_etcmeta-wisdomsenseAndMeaningidiotkindwisemetawisdom
vietnamese	columns	properties	altruismaltruistoptimalgoodmeaning_and_purpose_of_lifeegoistmeaningsimilaregoismegoism_vs_altruismwisdomoptimumpurposebadevilgood_evil_love_badwisdom_etcmeta-wisdomsenseAndMeaningidiotkindwisemetawisdom
vietnamese	columns	property	altruismaltruistoptimalgoodmeaning_and_purpose_of_lifeegoistmeaningsimilaregoismegoism_vs_altruismwisdomoptimumpurposebadevilgood_evil_love_badwisdom_etcmeta-wisdomsenseAndMeaningidiotkindwisemetawisdom
vietnamese	columns	concept	altruismaltruistoptimalgoodmeaning_and_purpose_of_lifeegoistmeaningsimilaregoismegoism_vs_altruismwisdomoptimumpurposebadevilgood_evil_love_badwisdom_etcmeta-wisdomsenseAndMeaningidiotkindwisemetawisdom
vietnamese	columns	concepts	altruismaltruistoptimalgoodmeaning_and_purpose_of_lifeegoistmeaningsimilaregoismegoism_vs_altruismwisdomoptimumpurposebadevilgood_evil_love_badwisdom_etcmeta-wisdomsenseAndMeaningidiotkindwisemetawisdom
vietnamese	columns	pro_contra	not_againstprotameno_oppositetamecontrolcontracannot_helpusechangemakes_sensenot_getting_along_with_anotherunitycontrolprobenefitadvantagesunmotivatednot_forhelp_receivetame_controlnotAgainsthelpyieldsSenseopponentnotdisposedagainstharmonynooppositeoppositecounterpositionannoyingchangeunitenotGettingAlonghelp_not_needcannothelpantagonistnotforsenseAndMeaningpro_benefithelpnotneedforitresultsSensehelpreceivenot_disposed
vietnamese	columns	procontra	not_againstprotameno_oppositetamecontrolcontracannot_helpusechangemakes_sensenot_getting_along_with_anotherunitycontrolprobenefitadvantagesunmotivatednot_forhelp_receivetame_controlnotAgainsthelpyieldsSenseopponentnotdisposedagainstharmonynooppositeoppositecounterpositionannoyingchangeunitenotGettingAlonghelp_not_needcannothelpantagonistnotforsenseAndMeaningpro_benefithelpnotneedforitresultsSensehelpreceivenot_disposed
vietnamese	columns	multiplications	frameFramework-conditions
vietnamese	combination	galaxy	Emotionsgoalemotioneconomicsystemcombinedeconomicsystemmotivationcreaturesgoalsmotifsjobsfeelingspersonspeoplepersonalitylivingbeingacquireloveownership_and_possessionpersonality_evolutionary_acquisitionanimaljobcombinedeconomicsystemsreligionemotionsmeneconomicsystemsreligionscreativity_and_intelligenceanimalswomenintelligencemotives_goalscelebritiescreativityevolution
vietnamese	combination	universe	equipmentdevicesmindgoalconsciousnessmechanismscountertranscendentalsmotivationcreaturesessencegoalsmotifsjobsontologypersonspeoplepersonalitylivingbeingacquiretranscendenceleibnitztranscendentalscounter-structuraliasprimecrosspersonality_evolutionary_acquisitionanimaljobstructuralsanalytic_ontologytranscendentalia_structuraliabreedreligionanalyticontologyreligionsanimalsphiloaliasmotives_goalscelebritiesmechanisms_of_breedingmachinesevolution
vietnamese	output	nocolor	
vietnamese	output	justtext	
vietnamese	output	art	
vietnamese	output	onetable	
vietnamese	output	spaltenreihenfolgeundnurdiese	
vietnamese	output	endlessscreen	
vietnamese	output	endless	
vietnamese	output	dontwrap	
vietnamese	output	breite	
vietnamese	output	breiten	
vietnamese	output	keineleereninhalte	
vietnamese	output	keinenummerierung	
vietnamese	output	keineueberschriften	
vietnamese	output	type	emacsshellnichtsmarkdownhtmlbbcodecsv
chinese	lines	alles	
chinese	lines	gestern	
chinese	lines	heute	
chinese	lines	hoehemaximal	
chinese	lines	mond	
chinese	lines	morgen	
chinese	lines	nachtraeglichneuabzaehlung	
chinese	lines	nachtraeglichneuabzaehlungvielfache	
chinese	lines	oberesmaximum	
chinese	lines	planet	
chinese	lines	potenzenvonzahlen	
chinese	lines	primzahlvielfache	
chinese	lines	schwarzesonne	
chinese	lines	sonne	
chinese	lines	typ	
chinese	lines	vielfachevonzahlen	
chinese	lines	vorhervonausschnitt	
chinese	lines	vorhervonausschnittteiler	
chinese	lines	zaehlung	
chinese	lines	zeit	
chinese	lines	primzahlen	
chinese	lines	aussenerste	
chinese	lines	innenerste	
chinese	lines	aussenalle	
chinese	lines	innenalle	
chinese	lines	invertieren	
chinese	lines	SonneMitMondanteil	
chinese	lines	time	todayyesterdaytomorrow
chinese	lines	type	moonplanetblacksunsunsunWithMoonParts
chinese	lines	primenumbers	outsidefirstinsidealloutsideallinsidefirst
chinese	columns	most_important_to_understand	thirdmostimportantsecondmostimportantmostimportant
chinese	columns	mostimportanttounderstand	thirdmostimportantsecondmostimportantmostimportant
chinese	columns	human	faithbetaanfuehrer_und_bossvulnerabilitycreativemusicincelalpha_betasocialclassmotiveKarrierediseasesselflessnessinequalitymalefemalepositionshuman-to-animalSinnesadistwhymoralsmotivationPsychopath_Soziopathillnessintelligent_Designgoalsway_of_thinking_of_living_beingsZeitaltermanagenspecialtiesethicsintentionsfreedomMoraleintelligenceproblemsirrational_numbers_by_rootingirrationalNumbersbyrootingbestrafenway_of_thinkingDiplomatieacquireloveepistemologyalphasense_and_meaning_of_lifekriminelldirectionsclassclassesHimmel_Hoelle_Kettenmolekuelejobthoughts_are_positions_(17)incelshuman-animalobtainedsolutionequalitygoetterlateralRängeemotionsSatan_DevildiplomatiefeelsolutionsLand_Laender-Dach-OrganisationsoziopathsenseAndMeaningintelligencesigmaraengeformationsequalityfreedomfaith_and_epistemologypathologicalmanipulationMeisterschaftequality_freedomINCELsomegasenseAndMeaningOfLifeviolencedominantgendermeister(political)_directions_(7)consciousnessdominateSpiele-Genreless_at_humanemotionegoismcountertranscendentalsneedmoralitydominant_gendermotifsjobsintelligencedeficienciesfeelingsconnections_(18)searchformeaningmanagementviewsSuperpowersnecessaryconsciousness_and_perceptionwayofthinkingeffectGott_und_ProphetsenseandmeaningoflifethoughtsKonservativismusvulnerablehandhabenaltruismkonservativpsychopathelitesalvationcounter-structuraliasSalvationviews_Stances_(18_17)affiliationslearnElitenpsychiatricevolutionary_acquisition_and_intelligence_creativityWeltordnungProfessionellerdiseaseprofikarrierepunishmentevolutionary_acquire_and_intelligenceperceptionbiological_tree_(15)EvolutioninitialpositionVerbrechen_und_BestrafungachievementsintentevolutionarycreativitytopicspoliticalalphabetaAnführer_und_Chef
chinese	columns	basic_structures	modesintention1/6moodsreciprocalsystemuniversalcomparativemap_filter_and_distinction_(1/12)positionsempathyontologygoalsintention_16_is_to_be_enoughwell-being_(7with6)realities_truth_perception_(10)intentionsenergyaspirationcombinationstopicawareness_instead_of_consciousness_(1)combinationfunctionsloveareas_of_lifetranscendentalsintention_17_is_to_mean_opionionscontroversy_(51)thoughts_are_positions_(17)comprehend_emotionally_or_mentally_by_prime_cross_algorithm_(15)helpanalytic_ontologycomplexemotionsfunctions_Conceptions_(16)reflectionintention10behaviorintention13intention_13_is_helpingparadigms_are_intentions_(13)sheaf_and_behavior_empathy_(31)existentialsprinciplestriggerattractionspassionmind_(15)structural_paradigms_or_meta-paradigms_or_transcendental_(15)intention_7_is_selflessnessmodeminddependent_connectedness_(90)mapawarenessneedconsciousnesscomplexityimpulsesdrives_and_needs_(6)metasystemconnections_(18)coalitions_(10)truthRealitiesfeelingsmoods_combinations_(14)well-beingneedsviewsstructuresizerelativereciprocaluniversalsbecoalitionsagainst_5concretacalculateordercomprehendmeaningsheafsexpectationsmeasuresnumericalcomparisonfcousdrivereflexactionsanalyticontologypunishmentintention_6_is_advantage_maximization.orderandfilterlustbehavioralandfeelsdomains_of_lifephiloaliasmode_and_being_(8)procedureattentionexistentials_(3)categoriestopicspassionsleadership_types_(7)attractions_(36)intention1/8maximastatessetsshall_question_procedure_(1/13)innervaluesmodel_of_Hierarchical_Complexityconcretes_and_Focus_(2)areas_of_life_and_classes_of_problems(28)foundation_(1/19)truthattention_(4)classesreflection_and_Categories_(1/15)classattentionOrRespectparadigmsfoundationoptimization_(10)behavefeelexpectations_(26)imaginationmathematical_design_(32)filterimaginationsaspirationsintention1pro6metasystemsintention_1/8particles_other_universeintention7intention17classes_of_problemsmathematicaldesigntime_(4)_as_realitycomparision_of_numbers_(15_18_6)optimizationaltitudesstructureSizemeta-paradigmscontroversymoodtopics_(6)violenceuniversalpropertiesmodelconditionlust_(9)passions_(21)reflexessizescaledependencemeta-systems_(12)condition_and_trigger_(1/3)intention16modelofhierarchicalcomplexityrelativetimeamountaspirations(1/5)unitsclasses_(20)relation_to_each_other_reciprocal_universal_(18→n_vs._1/n)feelings_(7)timedistinctionmeasures_(39)valuesthoughtsenergyoflifesetintention1pro8transcendentaliameaning_(10)salvationextremaliaempathy_(37)energy_and_universal_properties_(30)Salvationstructuralsviews_Stances_(18_17)affiliationsabstractionnetworkintention_10_is_recognition_of_realitygoals_(19)questionlove_(7)reflexes_(3)intention6perceptionorder_and_Filtering_12_and_1pro12conditionsshallintention_1/6_is_cleaning_and_clarityrelative_time_amount_(15_10_4_18_6)biological_tree_(15)principles(1/8)impulses_(5)universal_comperative_(18→15)focusextremalias_(19)behavior_(11)inner-values_1/6_of_cleaning_and_clarity
chinese	columns	all	
chinese	columns	scale	organizationlightpolitical_systemssizepoliticalsystemsstructuresizeorganizationsstructureSizescalepolitics
chinese	columns	structuresize	organizationlightpolitical_systemssizepoliticalsystemsstructuresizeorganizationsstructureSizescalepolitics
chinese	columns	size	organizationlightpolitical_systemssizepoliticalsystemsstructuresizeorganizationsstructureSizescalepolitics
chinese	columns	level	organizationlightpolitical_systemssizepoliticalsystemsstructuresizeorganizationsstructureSizescalepolitics
chinese	columns	organizations	organizationlightpolitical_systemssizepoliticalsystemsstructuresizeorganizationsstructureSizescalepolitics
chinese	columns	universe	colorstacticsspeziesObjektecounter-transcendentalcategoryartificiallifeontologycontext_brain_cosmos_universelogikmodel_of_Hierarchical_ComplexitytranscendentalreciprocalLogikcounter-philoaliasparticle-meta-physicssoftware_licensestrategystructuralreciprocalbigAIWinkeltranscendentalsSpezies_Entwicklungevolution_vs_design_intelligentanalytic_ontologyspace-missionscomplexUniversal_ratio_of_equal_numbersratioSameNumberwhy_transcendental_=_complexity_by_Michael_CommonszahlenuniversalsReciprocalparticles_other_universewhytranscendentalstructuralsizeandcharacterwinkelmorphismusprogramming-paradigmssystemthingsmindphiloalienreciprocalartificial_life_(15)kreisekugelnmodelEntwicklungs_Stadium_Speziescountertranscendentalscomplexityprogrammingparadigmsbreedingupreciprocal_of_transcendentaliauniversal_rightmodelofhierarchicalcomplexitymetaparadigmreligionbreedingUptypes_numbersSpezies_Typofikationuniversalscounteruniversalsstrategy_tactics_(15m8)such_as_combining_linkingtranscendentaliacounter-structuraliasstructuralswhy_transcendental_=_structure_size_=_characterabstractionsoftware_licences_and_academic_degreesnetworkMorphismencombineetcspherescirclesobjektnummernno_only_paradigm_religionsanalyticontologywhyTranscendentalEqualsComplexitybiological_tree_(15)philoaliasacademic_degreesspheres_circlesmind__(15)spacelaw
chinese	columns	transcendentals	colorstacticsspeziesObjektecounter-transcendentalcategoryartificiallifeontologycontext_brain_cosmos_universelogikmodel_of_Hierarchical_ComplexitytranscendentalreciprocalLogikcounter-philoaliasparticle-meta-physicssoftware_licensestrategystructuralreciprocalbigAIWinkeltranscendentalsSpezies_Entwicklungevolution_vs_design_intelligentanalytic_ontologyspace-missionscomplexUniversal_ratio_of_equal_numbersratioSameNumberwhy_transcendental_=_complexity_by_Michael_CommonszahlenuniversalsReciprocalparticles_other_universewhytranscendentalstructuralsizeandcharacterwinkelmorphismusprogramming-paradigmssystemthingsmindphiloalienreciprocalartificial_life_(15)kreisekugelnmodelEntwicklungs_Stadium_Speziescountertranscendentalscomplexityprogrammingparadigmsbreedingupreciprocal_of_transcendentaliauniversal_rightmodelofhierarchicalcomplexitymetaparadigmreligionbreedingUptypes_numbersSpezies_Typofikationuniversalscounteruniversalsstrategy_tactics_(15m8)such_as_combining_linkingtranscendentaliacounter-structuraliasstructuralswhy_transcendental_=_structure_size_=_characterabstractionsoftware_licences_and_academic_degreesnetworkMorphismencombineetcspherescirclesobjektnummernno_only_paradigm_religionsanalyticontologywhyTranscendentalEqualsComplexitybiological_tree_(15)philoaliasacademic_degreesspheres_circlesmind__(15)spacelaw
chinese	columns	structurals	colorstacticsspeziesObjektecounter-transcendentalcategoryartificiallifeontologycontext_brain_cosmos_universelogikmodel_of_Hierarchical_ComplexitytranscendentalreciprocalLogikcounter-philoaliasparticle-meta-physicssoftware_licensestrategystructuralreciprocalbigAIWinkeltranscendentalsSpezies_Entwicklungevolution_vs_design_intelligentanalytic_ontologyspace-missionscomplexUniversal_ratio_of_equal_numbersratioSameNumberwhy_transcendental_=_complexity_by_Michael_CommonszahlenuniversalsReciprocalparticles_other_universewhytranscendentalstructuralsizeandcharacterwinkelmorphismusprogramming-paradigmssystemthingsmindphiloalienreciprocalartificial_life_(15)kreisekugelnmodelEntwicklungs_Stadium_Speziescountertranscendentalscomplexityprogrammingparadigmsbreedingupreciprocal_of_transcendentaliauniversal_rightmodelofhierarchicalcomplexitymetaparadigmreligionbreedingUptypes_numbersSpezies_Typofikationuniversalscounteruniversalsstrategy_tactics_(15m8)such_as_combining_linkingtranscendentaliacounter-structuraliasstructuralswhy_transcendental_=_structure_size_=_characterabstractionsoftware_licences_and_academic_degreesnetworkMorphismencombineetcspherescirclesobjektnummernno_only_paradigm_religionsanalyticontologywhyTranscendentalEqualsComplexitybiological_tree_(15)philoaliasacademic_degreesspheres_circlesmind__(15)spacelaw
chinese	columns	sphere	colorstacticsspeziesObjektecounter-transcendentalcategoryartificiallifeontologycontext_brain_cosmos_universelogikmodel_of_Hierarchical_ComplexitytranscendentalreciprocalLogikcounter-philoaliasparticle-meta-physicssoftware_licensestrategystructuralreciprocalbigAIWinkeltranscendentalsSpezies_Entwicklungevolution_vs_design_intelligentanalytic_ontologyspace-missionscomplexUniversal_ratio_of_equal_numbersratioSameNumberwhy_transcendental_=_complexity_by_Michael_CommonszahlenuniversalsReciprocalparticles_other_universewhytranscendentalstructuralsizeandcharacterwinkelmorphismusprogramming-paradigmssystemthingsmindphiloalienreciprocalartificial_life_(15)kreisekugelnmodelEntwicklungs_Stadium_Speziescountertranscendentalscomplexityprogrammingparadigmsbreedingupreciprocal_of_transcendentaliauniversal_rightmodelofhierarchicalcomplexitymetaparadigmreligionbreedingUptypes_numbersSpezies_Typofikationuniversalscounteruniversalsstrategy_tactics_(15m8)such_as_combining_linkingtranscendentaliacounter-structuraliasstructuralswhy_transcendental_=_structure_size_=_characterabstractionsoftware_licences_and_academic_degreesnetworkMorphismencombineetcspherescirclesobjektnummernno_only_paradigm_religionsanalyticontologywhyTranscendentalEqualsComplexitybiological_tree_(15)philoaliasacademic_degreesspheres_circlesmind__(15)spacelaw
chinese	columns	spheres	colorstacticsspeziesObjektecounter-transcendentalcategoryartificiallifeontologycontext_brain_cosmos_universelogikmodel_of_Hierarchical_ComplexitytranscendentalreciprocalLogikcounter-philoaliasparticle-meta-physicssoftware_licensestrategystructuralreciprocalbigAIWinkeltranscendentalsSpezies_Entwicklungevolution_vs_design_intelligentanalytic_ontologyspace-missionscomplexUniversal_ratio_of_equal_numbersratioSameNumberwhy_transcendental_=_complexity_by_Michael_CommonszahlenuniversalsReciprocalparticles_other_universewhytranscendentalstructuralsizeandcharacterwinkelmorphismusprogramming-paradigmssystemthingsmindphiloalienreciprocalartificial_life_(15)kreisekugelnmodelEntwicklungs_Stadium_Speziescountertranscendentalscomplexityprogrammingparadigmsbreedingupreciprocal_of_transcendentaliauniversal_rightmodelofhierarchicalcomplexitymetaparadigmreligionbreedingUptypes_numbersSpezies_Typofikationuniversalscounteruniversalsstrategy_tactics_(15m8)such_as_combining_linkingtranscendentaliacounter-structuraliasstructuralswhy_transcendental_=_structure_size_=_characterabstractionsoftware_licences_and_academic_degreesnetworkMorphismencombineetcspherescirclesobjektnummernno_only_paradigm_religionsanalyticontologywhyTranscendentalEqualsComplexitybiological_tree_(15)philoaliasacademic_degreesspheres_circlesmind__(15)spacelaw
chinese	columns	ball	colorstacticsspeziesObjektecounter-transcendentalcategoryartificiallifeontologycontext_brain_cosmos_universelogikmodel_of_Hierarchical_ComplexitytranscendentalreciprocalLogikcounter-philoaliasparticle-meta-physicssoftware_licensestrategystructuralreciprocalbigAIWinkeltranscendentalsSpezies_Entwicklungevolution_vs_design_intelligentanalytic_ontologyspace-missionscomplexUniversal_ratio_of_equal_numbersratioSameNumberwhy_transcendental_=_complexity_by_Michael_CommonszahlenuniversalsReciprocalparticles_other_universewhytranscendentalstructuralsizeandcharacterwinkelmorphismusprogramming-paradigmssystemthingsmindphiloalienreciprocalartificial_life_(15)kreisekugelnmodelEntwicklungs_Stadium_Speziescountertranscendentalscomplexityprogrammingparadigmsbreedingupreciprocal_of_transcendentaliauniversal_rightmodelofhierarchicalcomplexitymetaparadigmreligionbreedingUptypes_numbersSpezies_Typofikationuniversalscounteruniversalsstrategy_tactics_(15m8)such_as_combining_linkingtranscendentaliacounter-structuraliasstructuralswhy_transcendental_=_structure_size_=_characterabstractionsoftware_licences_and_academic_degreesnetworkMorphismencombineetcspherescirclesobjektnummernno_only_paradigm_religionsanalyticontologywhyTranscendentalEqualsComplexitybiological_tree_(15)philoaliasacademic_degreesspheres_circlesmind__(15)spacelaw
chinese	columns	balls	colorstacticsspeziesObjektecounter-transcendentalcategoryartificiallifeontologycontext_brain_cosmos_universelogikmodel_of_Hierarchical_ComplexitytranscendentalreciprocalLogikcounter-philoaliasparticle-meta-physicssoftware_licensestrategystructuralreciprocalbigAIWinkeltranscendentalsSpezies_Entwicklungevolution_vs_design_intelligentanalytic_ontologyspace-missionscomplexUniversal_ratio_of_equal_numbersratioSameNumberwhy_transcendental_=_complexity_by_Michael_CommonszahlenuniversalsReciprocalparticles_other_universewhytranscendentalstructuralsizeandcharacterwinkelmorphismusprogramming-paradigmssystemthingsmindphiloalienreciprocalartificial_life_(15)kreisekugelnmodelEntwicklungs_Stadium_Speziescountertranscendentalscomplexityprogrammingparadigmsbreedingupreciprocal_of_transcendentaliauniversal_rightmodelofhierarchicalcomplexitymetaparadigmreligionbreedingUptypes_numbersSpezies_Typofikationuniversalscounteruniversalsstrategy_tactics_(15m8)such_as_combining_linkingtranscendentaliacounter-structuraliasstructuralswhy_transcendental_=_structure_size_=_characterabstractionsoftware_licences_and_academic_degreesnetworkMorphismencombineetcspherescirclesobjektnummernno_only_paradigm_religionsanalyticontologywhyTranscendentalEqualsComplexitybiological_tree_(15)philoaliasacademic_degreesspheres_circlesmind__(15)spacelaw
chinese	columns	increment	why_transcendental_=_complexity_by_Michael_Commonsof1of2whytranscendentalstructuralsizeandcharacterwhy_transcendental_=_structure_size_=_characterparticle-meta-physicsidentitywhyTranscendentalEqualsComplexityof3addition
chinese	columns	multiverse	colorsp5structural_paradigms_or_meta-paradigms_or_transcendental_(15)meta-paradigmsmindDimensionenmodelfarbeconsciousnessmetachemiecomplexitysixteen->fifespace_time_arrangement_mathematically_universalKybernetik_und_Meta_Chemiekybernetikparticlesmodelofhierarchicalcomplexitybiological_tree_(16_->_15)model_of_Hierarchical_ComplexitypuniversalsReligionen_Kraefte_Krieg_der_Sterne_Star_Warspattern_sciences_(20)ComputerSixteentranscendentaliaFarben_Sind_Signale_Signale_sind_Dimension_Dreizehntranscendentalsstructuralsmeta_physic_particles_(1)abstractioncomplexmultiversalias_(16)computerMultiversum_sind_die_Dimensionenmultiversaliasparticles_other_universestructure_sciences_(10)philoaliasP5machinesPmind_(15)
chinese	columns	continuum	zrfifeteenMYLaoWjSeventeenACfSevenNEightRpabThreeadyJFifetwentySiebenundvierzigSechsundvierzigTwelveFmfourteenAEIZakqNeunundzwanzigtwoEighteenDreiundzwanzigFourceP5SechswlauPonep5TenSQKABthirteencontinuumsfifetyfifeatABsixteen->fifeCAchtundzwanzigxGgkaeelevenacADDSixteenOnineteenNineAAdXnSiebenunddreissigEHDreissigbSechsundzwanzigTEinunddreissigaaTwentyfourshtiATAKAU
chinese	columns	Herrschaft	interglaktischHerrschaftsformenorbitclustergalaxystrukturabstrakte_HerrschaftsunSpeziesherrschaftsformenOrbit-HerrschaftsMassenmediensizeSternen_SystemGalaxienclusterherrschaftPlanetenherrschaftHerrschafts_DatenstrukturGalaxieherrschaftGrößeSatellitenabstraktplanetSpeziesstructuresizeformenPlanetenkorrektur
chinese	columns	macht	interglaktischHerrschaftsformenorbitclustergalaxystrukturabstrakte_HerrschaftsunSpeziesherrschaftsformenOrbit-HerrschaftsMassenmediensizeSternen_SystemGalaxienclusterherrschaftPlanetenherrschaftHerrschafts_DatenstrukturGalaxieherrschaftGrößeSatellitenabstraktplanetSpeziesstructuresizeformenPlanetenkorrektur
chinese	columns	MetaMetaPhysik_und_MetaChemie	metachemieKybernetik_und_Meta_ChemieMeta_Meta_Physik_Einteilungenkybernetik
chinese	columns	planet_(10_and_or_12)	truthRealities_(10)equality_freedom_ordermechanismscomplexityKreislaufKreislaufwirtschaftequalitykreislaufmeta-systems_(12)herrschaftPlanetenherrschaftmetasystemmetasystemstruthRealitiesPlanetenkorrekturherrschaftlogikfreedomLogikintelligencemechanism
chinese	columns	planet	truthRealities_(10)equality_freedom_ordermechanismscomplexityKreislaufKreislaufwirtschaftequalitykreislaufmeta-systems_(12)herrschaftPlanetenherrschaftmetasystemmetasystemstruthRealitiesPlanetenkorrekturherrschaftlogikfreedomLogikintelligencemechanism
chinese	columns	religions	representativehigherconceptsuniversegalaxycircleuniversesStarpolygonstarpolygonofthezodiacblackSunsbabyloncomparestarpolygonvsuniformpolygonuniformpolygonSuperpowersrepresentative_higher_conceptshinduismuniform_polygonnonstarpolygonreligion-founder-typeArchongalaxiesspheresmessiahreligionfoundertypemessiasessphereHinduismstar_polygon_vs_uniform_polygonMessiahSatan_Devilcirclespolygoncomparevs1divnProphetblacksunheptagramof_the_zodiacdog
chinese	columns	religion	representativehigherconceptsuniversegalaxycircleuniversesStarpolygonstarpolygonofthezodiacblackSunsbabyloncomparestarpolygonvsuniformpolygonuniformpolygonSuperpowersrepresentative_higher_conceptshinduismuniform_polygonnonstarpolygonreligion-founder-typeArchongalaxiesspheresmessiahreligionfoundertypemessiasessphereHinduismstar_polygon_vs_uniform_polygonMessiahSatan_Devilcirclespolygoncomparevs1divnProphetblacksunheptagramof_the_zodiacdog
chinese	columns	galaxy	insideOutsideStructurezodiacsignsliving_creatures_galaxy_best_atrevelationbabylonian_zodiacmodallogicGospelofThomaschinesehoroscopebiblejohnanalytic_ontologyspace-missionsZergAliens_MenschenHumanoid_ProtosPraedatorenspherescirclesbabylonstructurealieninsideoutsidebreedingupanalyticontologyRevelation_of_JohnontologyrevelationofjohncirclesstructureinsideoutsidegospelofthomasbreedingUpSuperpowerschinese_horoscopethomaschinaspheres_circlestranscendentalieninsideoutsidespacestructurealiasInsideOutsidetranscendentals_inside_outsidespheresinteriorexteriorstructure
chinese	columns	ancientscripts	insideOutsideStructurezodiacsignsliving_creatures_galaxy_best_atrevelationbabylonian_zodiacmodallogicGospelofThomaschinesehoroscopebiblejohnanalytic_ontologyspace-missionsZergAliens_MenschenHumanoid_ProtosPraedatorenspherescirclesbabylonstructurealieninsideoutsidebreedingupanalyticontologyRevelation_of_JohnontologyrevelationofjohncirclesstructureinsideoutsidegospelofthomasbreedingUpSuperpowerschinese_horoscopethomaschinaspheres_circlestranscendentalieninsideoutsidespacestructurealiasInsideOutsidetranscendentals_inside_outsidespheresinteriorexteriorstructure
chinese	columns	circle	insideOutsideStructurezodiacsignsliving_creatures_galaxy_best_atrevelationbabylonian_zodiacmodallogicGospelofThomaschinesehoroscopebiblejohnanalytic_ontologyspace-missionsZergAliens_MenschenHumanoid_ProtosPraedatorenspherescirclesbabylonstructurealieninsideoutsidebreedingupanalyticontologyRevelation_of_JohnontologyrevelationofjohncirclesstructureinsideoutsidegospelofthomasbreedingUpSuperpowerschinese_horoscopethomaschinaspheres_circlestranscendentalieninsideoutsidespacestructurealiasInsideOutsidetranscendentals_inside_outsidespheresinteriorexteriorstructure
chinese	columns	galaxies	insideOutsideStructurezodiacsignsliving_creatures_galaxy_best_atrevelationbabylonian_zodiacmodallogicGospelofThomaschinesehoroscopebiblejohnanalytic_ontologyspace-missionsZergAliens_MenschenHumanoid_ProtosPraedatorenspherescirclesbabylonstructurealieninsideoutsidebreedingupanalyticontologyRevelation_of_JohnontologyrevelationofjohncirclesstructureinsideoutsidegospelofthomasbreedingUpSuperpowerschinese_horoscopethomaschinaspheres_circlestranscendentalieninsideoutsidespacestructurealiasInsideOutsidetranscendentals_inside_outsidespheresinteriorexteriorstructure
chinese	columns	circles	insideOutsideStructurezodiacsignsliving_creatures_galaxy_best_atrevelationbabylonian_zodiacmodallogicGospelofThomaschinesehoroscopebiblejohnanalytic_ontologyspace-missionsZergAliens_MenschenHumanoid_ProtosPraedatorenspherescirclesbabylonstructurealieninsideoutsidebreedingupanalyticontologyRevelation_of_JohnontologyrevelationofjohncirclesstructureinsideoutsidegospelofthomasbreedingUpSuperpowerschinese_horoscopethomaschinaspheres_circlestranscendentalieninsideoutsidespacestructurealiasInsideOutsidetranscendentals_inside_outsidespheresinteriorexteriorstructure
chinese	columns	particle-meta-physics	truthRealitiesuniversal_(16)galaxy_sub_areas_(13)truthRealities_(10)space_and_dimension_(8)multiverse_(16)galactic_(14)non_value_virtue_sorting_(13_with_14)goodness_and_direction_(7)
chinese	columns	particles	truthRealitiesuniversal_(16)galaxy_sub_areas_(13)truthRealities_(10)space_and_dimension_(8)multiverse_(16)galactic_(14)non_value_virtue_sorting_(13_with_14)goodness_and_direction_(7)
chinese	columns	operations	threeStructurefivenineStructure9three2four5multiplicationdualstructure3structureoffivehalvingalternatingninesequencesoffouralternationtwofourstructure4oddstructureOfFiveeven
chinese	columns	properties_1/n	filterTypeadversityfilter_type_and_violation
chinese	columns	concept2	filterTypeadversityfilter_type_and_violation
chinese	columns	concepts2	filterTypeadversityfilter_type_and_violation
chinese	columns	meaning	mindrootspaceObjectmultipleapplication_of_suns_and_moonssubjunctive_rootperfection_of_the_spiritmechanismsperfectionbreedinretain_ReTasunrangesbreedingapplicationofsunsandmoonsapplicationsmoonsmultiplesessencesubjunctiverangeplanetsignbeforeapplicationssunsprimenumbersmechanisms_of_breedingmoonlaw
chinese	columns	economy	machinetypeOfOrganizationequipmentdevicesexplanationplantsspecialtiessystembusinessAdministrationbusinessadministrationcompanyassociationtypeoforganizationdevicemachinestopics
chinese	columns	most_important_to_think_about	secondmostimportantmostimportant
chinese	columns	mostImportantToClassify	secondmostimportantmostimportant
chinese	columns	symbols	TenFifeSixreligionsSevenFourEightTwelveNineThree
chinese	columns	light	
chinese	columns	properties_n	altruismaltruistoptimalgoodmeaning_and_purpose_of_lifeegoistmeaningsimilaregoismegoism_vs_altruismwisdomoptimumpurposebadevilgood_evil_love_badwisdom_etcmeta-wisdomsenseAndMeaningidiotkindwisemetawisdom
chinese	columns	properties	altruismaltruistoptimalgoodmeaning_and_purpose_of_lifeegoistmeaningsimilaregoismegoism_vs_altruismwisdomoptimumpurposebadevilgood_evil_love_badwisdom_etcmeta-wisdomsenseAndMeaningidiotkindwisemetawisdom
chinese	columns	property	altruismaltruistoptimalgoodmeaning_and_purpose_of_lifeegoistmeaningsimilaregoismegoism_vs_altruismwisdomoptimumpurposebadevilgood_evil_love_badwisdom_etcmeta-wisdomsenseAndMeaningidiotkindwisemetawisdom
chinese	columns	concept	altruismaltruistoptimalgoodmeaning_and_purpose_of_lifeegoistmeaningsimilaregoismegoism_vs_altruismwisdomoptimumpurposebadevilgood_evil_love_badwisdom_etcmeta-wisdomsenseAndMeaningidiotkindwisemetawisdom
chinese	columns	concepts	altruismaltruistoptimalgoodmeaning_and_purpose_of_lifeegoistmeaningsimilaregoismegoism_vs_altruismwisdomoptimumpurposebadevilgood_evil_love_badwisdom_etcmeta-wisdomsenseAndMeaningidiotkindwisemetawisdom
chinese	columns	pro_contra	not_againstprotameno_oppositetamecontrolcontracannot_helpusechangemakes_sensenot_getting_along_with_anotherunitycontrolprobenefitadvantagesunmotivatednot_forhelp_receivetame_controlnotAgainsthelpyieldsSenseopponentnotdisposedagainstharmonynooppositeoppositecounterpositionannoyingchangeunitenotGettingAlonghelp_not_needcannothelpantagonistnotforsenseAndMeaningpro_benefithelpnotneedforitresultsSensehelpreceivenot_disposed
chinese	columns	procontra	not_againstprotameno_oppositetamecontrolcontracannot_helpusechangemakes_sensenot_getting_along_with_anotherunitycontrolprobenefitadvantagesunmotivatednot_forhelp_receivetame_controlnotAgainsthelpyieldsSenseopponentnotdisposedagainstharmonynooppositeoppositecounterpositionannoyingchangeunitenotGettingAlonghelp_not_needcannothelpantagonistnotforsenseAndMeaningpro_benefithelpnotneedforitresultsSensehelpreceivenot_disposed
chinese	columns	multiplications	frameFramework-conditions
chinese	combination	galaxy	Emotionsgoalemotioneconomicsystemcombinedeconomicsystemmotivationcreaturesgoalsmotifsjobsfeelingspersonspeoplepersonalitylivingbeingacquireloveownership_and_possessionpersonality_evolutionary_acquisitionanimaljobcombinedeconomicsystemsreligionemotionsmeneconomicsystemsreligionscreativity_and_intelligenceanimalswomenintelligencemotives_goalscelebritiescreativityevolution
chinese	combination	universe	equipmentdevicesmindgoalconsciousnessmechanismscountertranscendentalsmotivationcreaturesessencegoalsmotifsjobsontologypersonspeoplepersonalitylivingbeingacquiretranscendenceleibnitztranscendentalscounter-structuraliasprimecrosspersonality_evolutionary_acquisitionanimaljobstructuralsanalytic_ontologytranscendentalia_structuraliabreedreligionanalyticontologyreligionsanimalsphiloaliasmotives_goalscelebritiesmechanisms_of_breedingmachinesevolution
chinese	output	nocolor	
chinese	output	justtext	
chinese	output	art	
chinese	output	onetable	
chinese	output	spaltenreihenfolgeundnurdiese	
chinese	output	endlessscreen	
chinese	output	endless	
chinese	output	dontwrap	
chinese	output	breite	
chinese	output	breiten	
chinese	output	keineleereninhalte	
chinese	output	keinenummerierung	
chinese	output	keineueberschriften	
chinese	output	type	emacsshellnichtsmarkdownhtmlbbcodecsv
korean	lines	alles	
korean	lines	gestern	
korean	lines	heute	
korean	lines	hoehemaximal	
korean	lines	mond	
korean	lines	morgen	
korean	lines	nachtraeglichneuabzaehlung	
korean	lines	nachtraeglichneuabzaehlungvielfache	
korean	lines	oberesmaximum	
korean	lines	planet	
korean	lines	potenzenvonzahlen	
korean	lines	primzahlvielfache	
korean	lines	schwarzesonne	
korean	lines	sonne	
korean	lines	typ	
korean	lines	vielfachevonzahlen	
korean	lines	vorhervonausschnitt	
korean	lines	vorhervonausschnittteiler	
korean	lines	zaehlung	
korean	lines	zeit	
korean	lines	primzahlen	
korean	lines	aussenerste	
korean	lines	innenerste	
korean	lines	aussenalle	
korean	lines	innenalle	
korean	lines	invertieren	
korean	lines	SonneMitMondanteil	
korean	lines	time	todayyesterdaytomorrow
korean	lines	type	moonplanetblacksunsunsunWithMoonParts
korean	lines	primenumbers	outsidefirstinsidealloutsideallinsidefirst
korean	columns	most_important_to_understand	thirdmostimportantsecondmostimportantmostimportant
korean	columns	mostimportanttounderstand	thirdmostimportantsecondmostimportantmostimportant
korean	columns	human	faithbetaanfuehrer_und_bossvulnerabilitycreativemusicincelalpha_betasocialclassmotiveKarrierediseasesselflessnessinequalitymalefemalepositionshuman-to-animalSinnesadistwhymoralsmotivationPsychopath_Soziopathillnessintelligent_Designgoalsway_of_thinking_of_living_beingsZeitaltermanagenspecialtiesethicsintentionsfreedomMoraleintelligenceproblemsirrational_numbers_by_rootingirrationalNumbersbyrootingbestrafenway_of_thinkingDiplomatieacquireloveepistemologyalphasense_and_meaning_of_lifekriminelldirectionsclassclassesHimmel_Hoelle_Kettenmolekuelejobthoughts_are_positions_(17)incelshuman-animalobtainedsolutionequalitygoetterlateralRängeemotionsSatan_DevildiplomatiefeelsolutionsLand_Laender-Dach-OrganisationsoziopathsenseAndMeaningintelligencesigmaraengeformationsequalityfreedomfaith_and_epistemologypathologicalmanipulationMeisterschaftequality_freedomINCELsomegasenseAndMeaningOfLifeviolencedominantgendermeister(political)_directions_(7)consciousnessdominateSpiele-Genreless_at_humanemotionegoismcountertranscendentalsneedmoralitydominant_gendermotifsjobsintelligencedeficienciesfeelingsconnections_(18)searchformeaningmanagementviewsSuperpowersnecessaryconsciousness_and_perceptionwayofthinkingeffectGott_und_ProphetsenseandmeaningoflifethoughtsKonservativismusvulnerablehandhabenaltruismkonservativpsychopathelitesalvationcounter-structuraliasSalvationviews_Stances_(18_17)affiliationslearnElitenpsychiatricevolutionary_acquisition_and_intelligence_creativityWeltordnungProfessionellerdiseaseprofikarrierepunishmentevolutionary_acquire_and_intelligenceperceptionbiological_tree_(15)EvolutioninitialpositionVerbrechen_und_BestrafungachievementsintentevolutionarycreativitytopicspoliticalalphabetaAnführer_und_Chef
korean	columns	basic_structures	modesintention1/6moodsreciprocalsystemuniversalcomparativemap_filter_and_distinction_(1/12)positionsempathyontologygoalsintention_16_is_to_be_enoughwell-being_(7with6)realities_truth_perception_(10)intentionsenergyaspirationcombinationstopicawareness_instead_of_consciousness_(1)combinationfunctionsloveareas_of_lifetranscendentalsintention_17_is_to_mean_opionionscontroversy_(51)thoughts_are_positions_(17)comprehend_emotionally_or_mentally_by_prime_cross_algorithm_(15)helpanalytic_ontologycomplexemotionsfunctions_Conceptions_(16)reflectionintention10behaviorintention13intention_13_is_helpingparadigms_are_intentions_(13)sheaf_and_behavior_empathy_(31)existentialsprinciplestriggerattractionspassionmind_(15)structural_paradigms_or_meta-paradigms_or_transcendental_(15)intention_7_is_selflessnessmodeminddependent_connectedness_(90)mapawarenessneedconsciousnesscomplexityimpulsesdrives_and_needs_(6)metasystemconnections_(18)coalitions_(10)truthRealitiesfeelingsmoods_combinations_(14)well-beingneedsviewsstructuresizerelativereciprocaluniversalsbecoalitionsagainst_5concretacalculateordercomprehendmeaningsheafsexpectationsmeasuresnumericalcomparisonfcousdrivereflexactionsanalyticontologypunishmentintention_6_is_advantage_maximization.orderandfilterlustbehavioralandfeelsdomains_of_lifephiloaliasmode_and_being_(8)procedureattentionexistentials_(3)categoriestopicspassionsleadership_types_(7)attractions_(36)intention1/8maximastatessetsshall_question_procedure_(1/13)innervaluesmodel_of_Hierarchical_Complexityconcretes_and_Focus_(2)areas_of_life_and_classes_of_problems(28)foundation_(1/19)truthattention_(4)classesreflection_and_Categories_(1/15)classattentionOrRespectparadigmsfoundationoptimization_(10)behavefeelexpectations_(26)imaginationmathematical_design_(32)filterimaginationsaspirationsintention1pro6metasystemsintention_1/8particles_other_universeintention7intention17classes_of_problemsmathematicaldesigntime_(4)_as_realitycomparision_of_numbers_(15_18_6)optimizationaltitudesstructureSizemeta-paradigmscontroversymoodtopics_(6)violenceuniversalpropertiesmodelconditionlust_(9)passions_(21)reflexessizescaledependencemeta-systems_(12)condition_and_trigger_(1/3)intention16modelofhierarchicalcomplexityrelativetimeamountaspirations(1/5)unitsclasses_(20)relation_to_each_other_reciprocal_universal_(18→n_vs._1/n)feelings_(7)timedistinctionmeasures_(39)valuesthoughtsenergyoflifesetintention1pro8transcendentaliameaning_(10)salvationextremaliaempathy_(37)energy_and_universal_properties_(30)Salvationstructuralsviews_Stances_(18_17)affiliationsabstractionnetworkintention_10_is_recognition_of_realitygoals_(19)questionlove_(7)reflexes_(3)intention6perceptionorder_and_Filtering_12_and_1pro12conditionsshallintention_1/6_is_cleaning_and_clarityrelative_time_amount_(15_10_4_18_6)biological_tree_(15)principles(1/8)impulses_(5)universal_comperative_(18→15)focusextremalias_(19)behavior_(11)inner-values_1/6_of_cleaning_and_clarity
korean	columns	all	
korean	columns	scale	organizationlightpolitical_systemssizepoliticalsystemsstructuresizeorganizationsstructureSizescalepolitics
korean	columns	structuresize	organizationlightpolitical_systemssizepoliticalsystemsstructuresizeorganizationsstructureSizescalepolitics
korean	columns	size	organizationlightpolitical_systemssizepoliticalsystemsstructuresizeorganizationsstructureSizescalepolitics
korean	columns	level	organizationlightpolitical_systemssizepoliticalsystemsstructuresizeorganizationsstructureSizescalepolitics
korean	columns	organizations	organizationlightpolitical_systemssizepoliticalsystemsstructuresizeorganizationsstructureSizescalepolitics
korean	columns	universe	colorstacticsspeziesObjektecounter-transcendentalcategoryartificiallifeontologycontext_brain_cosmos_universelogikmodel_of_Hierarchical_ComplexitytranscendentalreciprocalLogikcounter-philoaliasparticle-meta-physicssoftware_licensestrategystructuralreciprocalbigAIWinkeltranscendentalsSpezies_Entwicklungevolution_vs_design_intelligentanalytic_ontologyspace-missionscomplexUniversal_ratio_of_equal_numbersratioSameNumberwhy_transcendental_=_complexity_by_Michael_CommonszahlenuniversalsReciprocalparticles_other_universewhytranscendentalstructuralsizeandcharacterwinkelmorphismusprogramming-paradigmssystemthingsmindphiloalienreciprocalartificial_life_(15)kreisekugelnmodelEntwicklungs_Stadium_Speziescountertranscendentalscomplexityprogrammingparadigmsbreedingupreciprocal_of_transcendentaliauniversal_rightmodelofhierarchicalcomplexitymetaparadigmreligionbreedingUptypes_numbersSpezies_Typofikationuniversalscounteruniversalsstrategy_tactics_(15m8)such_as_combining_linkingtranscendentaliacounter-structuraliasstructuralswhy_transcendental_=_structure_size_=_characterabstractionsoftware_licences_and_academic_degreesnetworkMorphismencombineetcspherescirclesobjektnummernno_only_paradigm_religionsanalyticontologywhyTranscendentalEqualsComplexitybiological_tree_(15)philoaliasacademic_degreesspheres_circlesmind__(15)spacelaw
korean	columns	transcendentals	colorstacticsspeziesObjektecounter-transcendentalcategoryartificiallifeontologycontext_brain_cosmos_universelogikmodel_of_Hierarchical_ComplexitytranscendentalreciprocalLogikcounter-philoaliasparticle-meta-physicssoftware_licensestrategystructuralreciprocalbigAIWinkeltranscendentalsSpezies_Entwicklungevolution_vs_design_intelligentanalytic_ontologyspace-missionscomplexUniversal_ratio_of_equal_numbersratioSameNumberwhy_transcendental_=_complexity_by_Michael_CommonszahlenuniversalsReciprocalparticles_other_universewhytranscendentalstructuralsizeandcharacterwinkelmorphismusprogramming-paradigmssystemthingsmindphiloalienreciprocalartificial_life_(15)kreisekugelnmodelEntwicklungs_Stadium_Speziescountertranscendentalscomplexityprogrammingparadigmsbreedingupreciprocal_of_transcendentaliauniversal_rightmodelofhierarchicalcomplexitymetaparadigmreligionbreedingUptypes_numbersSpezies_Typofikationuniversalscounteruniversalsstrategy_tactics_(15m8)such_as_combining_linkingtranscendentaliacounter-structuraliasstructuralswhy_transcendental_=_structure_size_=_characterabstractionsoftware_licences_and_academic_degreesnetworkMorphismencombineetcspherescirclesobjektnummernno_only_paradigm_religionsanalyticontologywhyTranscendentalEqualsComplexitybiological_tree_(15)philoaliasacademic_degreesspheres_circlesmind__(15)spacelaw
korean	columns	structurals	colorstacticsspeziesObjektecounter-transcendentalcategoryartificiallifeontologycontext_brain_cosmos_universelogikmodel_of_Hierarchical_ComplexitytranscendentalreciprocalLogikcounter-philoaliasparticle-meta-physicssoftware_licensestrategystructuralreciprocalbigAIWinkeltranscendentalsSpezies_Entwicklungevolution_vs_design_intelligentanalytic_ontologyspace-missionscomplexUniversal_ratio_of_equal_numbersratioSameNumberwhy_transcendental_=_complexity_by_Michael_CommonszahlenuniversalsReciprocalparticles_other_universewhytranscendentalstructuralsizeandcharacterwinkelmorphismusprogramming-paradigmssystemthingsmindphiloalienreciprocalartificial_life_(15)kreisekugelnmodelEntwicklungs_Stadium_Speziescountertranscendentalscomplexityprogrammingparadigmsbreedingupreciprocal_of_transcendentaliauniversal_rightmodelofhierarchicalcomplexitymetaparadigmreligionbreedingUptypes_numbersSpezies_Typofikationuniversalscounteruniversalsstrategy_tactics_(15m8)such_as_combining_linkingtranscendentaliacounter-structuraliasstructuralswhy_transcendental_=_structure_size_=_characterabstractionsoftware_licences_and_academic_degreesnetworkMorphismencombineetcspherescirclesobjektnummernno_only_paradigm_religionsanalyticontologywhyTranscendentalEqualsComplexitybiological_tree_(15)philoaliasacademic_degreesspheres_circlesmind__(15)spacelaw
korean	columns	sphere	colorstacticsspeziesObjektecounter-transcendentalcategoryartificiallifeontologycontext_brain_cosmos_universelogikmodel_of_Hierarchical_ComplexitytranscendentalreciprocalLogikcounter-philoaliasparticle-meta-physicssoftware_licensestrategystructuralreciprocalbigAIWinkeltranscendentalsSpezies_Entwicklungevolution_vs_design_intelligentanalytic_ontologyspace-missionscomplexUniversal_ratio_of_equal_numbersratioSameNumberwhy_transcendental_=_complexity_by_Michael_CommonszahlenuniversalsReciprocalparticles_other_universewhytranscendentalstructuralsizeandcharacterwinkelmorphismusprogramming-paradigmssystemthingsmindphiloalienreciprocalartificial_life_(15)kreisekugelnmodelEntwicklungs_Stadium_Speziescountertranscendentalscomplexityprogrammingparadigmsbreedingupreciprocal_of_transcendentaliauniversal_rightmodelofhierarchicalcomplexitymetaparadigmreligionbreedingUptypes_numbersSpezies_Typofikationuniversalscounteruniversalsstrategy_tactics_(15m8)such_as_combining_linkingtranscendentaliacounter-structuraliasstructuralswhy_transcendental_=_structure_size_=_characterabstractionsoftware_licences_and_academic_degreesnetworkMorphismencombineetcspherescirclesobjektnummernno_only_paradigm_religionsanalyticontologywhyTranscendentalEqualsComplexitybiological_tree_(15)philoaliasacademic_degreesspheres_circlesmind__(15)spacelaw
korean	columns	spheres	colorstacticsspeziesObjektecounter-transcendentalcategoryartificiallifeontologycontext_brain_cosmos_universelogikmodel_of_Hierarchical_ComplexitytranscendentalreciprocalLogikcounter-philoaliasparticle-meta-physicssoftware_licensestrategystructuralreciprocalbigAIWinkeltranscendentalsSpezies_Entwicklungevolution_vs_design_intelligentanalytic_ontologyspace-missionscomplexUniversal_ratio_of_equal_numbersratioSameNumberwhy_transcendental_=_complexity_by_Michael_CommonszahlenuniversalsReciprocalparticles_other_universewhytranscendentalstructuralsizeandcharacterwinkelmorphismusprogramming-paradigmssystemthingsmindphiloalienreciprocalartificial_life_(15)kreisekugelnmodelEntwicklungs_Stadium_Speziescountertranscendentalscomplexityprogrammingparadigmsbreedingupreciprocal_of_transcendentaliauniversal_rightmodelofhierarchicalcomplexitymetaparadigmreligionbreedingUptypes_numbersSpezies_Typofikationuniversalscounteruniversalsstrategy_tactics_(15m8)such_as_combining_linkingtranscendentaliacounter-structuraliasstructuralswhy_transcendental_=_structure_size_=_characterabstractionsoftware_licences_and_academic_degreesnetworkMorphismencombineetcspherescirclesobjektnummernno_only_paradigm_religionsanalyticontologywhyTranscendentalEqualsComplexitybiological_tree_(15)philoaliasacademic_degreesspheres_circlesmind__(15)spacelaw
korean	columns	ball	colorstacticsspeziesObjektecounter-transcendentalcategoryartificiallifeontologycontext_brain_cosmos_universelogikmodel_of_Hierarchical_ComplexitytranscendentalreciprocalLogikcounter-philoaliasparticle-meta-physicssoftware_licensestrategystructuralreciprocalbigAIWinkeltranscendentalsSpezies_Entwicklungevolution_vs_design_intelligentanalytic_ontologyspace-missionscomplexUniversal_ratio_of_equal_numbersratioSameNumberwhy_transcendental_=_complexity_by_Michael_CommonszahlenuniversalsReciprocalparticles_other_universewhytranscendentalstructuralsizeandcharacterwinkelmorphismusprogramming-paradigmssystemthingsmindphiloalienreciprocalartificial_life_(15)kreisekugelnmodelEntwicklungs_Stadium_Speziescountertranscendentalscomplexityprogrammingparadigmsbreedingupreciprocal_of_transcendentaliauniversal_rightmodelofhierarchicalcomplexitymetaparadigmreligionbreedingUptypes_numbersSpezies_Typofikationuniversalscounteruniversalsstrategy_tactics_(15m8)such_as_combining_linkingtranscendentaliacounter-structuraliasstructuralswhy_transcendental_=_structure_size_=_characterabstractionsoftware_licences_and_academic_degreesnetworkMorphismencombineetcspherescirclesobjektnummernno_only_paradigm_religionsanalyticontologywhyTranscendentalEqualsComplexitybiological_tree_(15)philoaliasacademic_degreesspheres_circlesmind__(15)spacelaw
korean	columns	balls	colorstacticsspeziesObjektecounter-transcendentalcategoryartificiallifeontologycontext_brain_cosmos_universelogikmodel_of_Hierarchical_ComplexitytranscendentalreciprocalLogikcounter-philoaliasparticle-meta-physicssoftware_licensestrategystructuralreciprocalbigAIWinkeltranscendentalsSpezies_Entwicklungevolution_vs_design_intelligentanalytic_ontologyspace-missionscomplexUniversal_ratio_of_equal_numbersratioSameNumberwhy_transcendental_=_complexity_by_Michael_CommonszahlenuniversalsReciprocalparticles_other_universewhytranscendentalstructuralsizeandcharacterwinkelmorphismusprogramming-paradigmssystemthingsmindphiloalienreciprocalartificial_life_(15)kreisekugelnmodelEntwicklungs_Stadium_Speziescountertranscendentalscomplexityprogrammingparadigmsbreedingupreciprocal_of_transcendentaliauniversal_rightmodelofhierarchicalcomplexitymetaparadigmreligionbreedingUptypes_numbersSpezies_Typofikationuniversalscounteruniversalsstrategy_tactics_(15m8)such_as_combining_linkingtranscendentaliacounter-structuraliasstructuralswhy_transcendental_=_structure_size_=_characterabstractionsoftware_licences_and_academic_degreesnetworkMorphismencombineetcspherescirclesobjektnummernno_only_paradigm_religionsanalyticontologywhyTranscendentalEqualsComplexitybiological_tree_(15)philoaliasacademic_degreesspheres_circlesmind__(15)spacelaw
korean	columns	increment	why_transcendental_=_complexity_by_Michael_Commonsof1of2whytranscendentalstructuralsizeandcharacterwhy_transcendental_=_structure_size_=_characterparticle-meta-physicsidentitywhyTranscendentalEqualsComplexityof3addition
korean	columns	multiverse	colorsp5structural_paradigms_or_meta-paradigms_or_transcendental_(15)meta-paradigmsmindDimensionenmodelfarbeconsciousnessmetachemiecomplexitysixteen->fifespace_time_arrangement_mathematically_universalKybernetik_und_Meta_Chemiekybernetikparticlesmodelofhierarchicalcomplexitybiological_tree_(16_->_15)model_of_Hierarchical_ComplexitypuniversalsReligionen_Kraefte_Krieg_der_Sterne_Star_Warspattern_sciences_(20)ComputerSixteentranscendentaliaFarben_Sind_Signale_Signale_sind_Dimension_Dreizehntranscendentalsstructuralsmeta_physic_particles_(1)abstractioncomplexmultiversalias_(16)computerMultiversum_sind_die_Dimensionenmultiversaliasparticles_other_universestructure_sciences_(10)philoaliasP5machinesPmind_(15)
korean	columns	continuum	zrfifeteenMYLaoWjSeventeenACfSevenNEightRpabThreeadyJFifetwentySiebenundvierzigSechsundvierzigTwelveFmfourteenAEIZakqNeunundzwanzigtwoEighteenDreiundzwanzigFourceP5SechswlauPonep5TenSQKABthirteencontinuumsfifetyfifeatABsixteen->fifeCAchtundzwanzigxGgkaeelevenacADDSixteenOnineteenNineAAdXnSiebenunddreissigEHDreissigbSechsundzwanzigTEinunddreissigaaTwentyfourshtiATAKAU
korean	columns	Herrschaft	interglaktischHerrschaftsformenorbitclustergalaxystrukturabstrakte_HerrschaftsunSpeziesherrschaftsformenOrbit-HerrschaftsMassenmediensizeSternen_SystemGalaxienclusterherrschaftPlanetenherrschaftHerrschafts_DatenstrukturGalaxieherrschaftGrößeSatellitenabstraktplanetSpeziesstructuresizeformenPlanetenkorrektur
korean	columns	macht	interglaktischHerrschaftsformenorbitclustergalaxystrukturabstrakte_HerrschaftsunSpeziesherrschaftsformenOrbit-HerrschaftsMassenmediensizeSternen_SystemGalaxienclusterherrschaftPlanetenherrschaftHerrschafts_DatenstrukturGalaxieherrschaftGrößeSatellitenabstraktplanetSpeziesstructuresizeformenPlanetenkorrektur
korean	columns	MetaMetaPhysik_und_MetaChemie	metachemieKybernetik_und_Meta_ChemieMeta_Meta_Physik_Einteilungenkybernetik
korean	columns	planet_(10_and_or_12)	truthRealities_(10)equality_freedom_ordermechanismscomplexityKreislaufKreislaufwirtschaftequalitykreislaufmeta-systems_(12)herrschaftPlanetenherrschaftmetasystemmetasystemstruthRealitiesPlanetenkorrekturherrschaftlogikfreedomLogikintelligencemechanism
korean	columns	planet	truthRealities_(10)equality_freedom_ordermechanismscomplexityKreislaufKreislaufwirtschaftequalitykreislaufmeta-systems_(12)herrschaftPlanetenherrschaftmetasystemmetasystemstruthRealitiesPlanetenkorrekturherrschaftlogikfreedomLogikintelligencemechanism
korean	columns	religions	representativehigherconceptsuniversegalaxycircleuniversesStarpolygonstarpolygonofthezodiacblackSunsbabyloncomparestarpolygonvsuniformpolygonuniformpolygonSuperpowersrepresentative_higher_conceptshinduismuniform_polygonnonstarpolygonreligion-founder-typeArchongalaxiesspheresmessiahreligionfoundertypemessiasessphereHinduismstar_polygon_vs_uniform_polygonMessiahSatan_Devilcirclespolygoncomparevs1divnProphetblacksunheptagramof_the_zodiacdog
korean	columns	religion	representativehigherconceptsuniversegalaxycircleuniversesStarpolygonstarpolygonofthezodiacblackSunsbabyloncomparestarpolygonvsuniformpolygonuniformpolygonSuperpowersrepresentative_higher_conceptshinduismuniform_polygonnonstarpolygonreligion-founder-typeArchongalaxiesspheresmessiahreligionfoundertypemessiasessphereHinduismstar_polygon_vs_uniform_polygonMessiahSatan_Devilcirclespolygoncomparevs1divnProphetblacksunheptagramof_the_zodiacdog
korean	columns	galaxy	insideOutsideStructurezodiacsignsliving_creatures_galaxy_best_atrevelationbabylonian_zodiacmodallogicGospelofThomaschinesehoroscopebiblejohnanalytic_ontologyspace-missionsZergAliens_MenschenHumanoid_ProtosPraedatorenspherescirclesbabylonstructurealieninsideoutsidebreedingupanalyticontologyRevelation_of_JohnontologyrevelationofjohncirclesstructureinsideoutsidegospelofthomasbreedingUpSuperpowerschinese_horoscopethomaschinaspheres_circlestranscendentalieninsideoutsidespacestructurealiasInsideOutsidetranscendentals_inside_outsidespheresinteriorexteriorstructure
korean	columns	ancientscripts	insideOutsideStructurezodiacsignsliving_creatures_galaxy_best_atrevelationbabylonian_zodiacmodallogicGospelofThomaschinesehoroscopebiblejohnanalytic_ontologyspace-missionsZergAliens_MenschenHumanoid_ProtosPraedatorenspherescirclesbabylonstructurealieninsideoutsidebreedingupanalyticontologyRevelation_of_JohnontologyrevelationofjohncirclesstructureinsideoutsidegospelofthomasbreedingUpSuperpowerschinese_horoscopethomaschinaspheres_circlestranscendentalieninsideoutsidespacestructurealiasInsideOutsidetranscendentals_inside_outsidespheresinteriorexteriorstructure
korean	columns	circle	insideOutsideStructurezodiacsignsliving_creatures_galaxy_best_atrevelationbabylonian_zodiacmodallogicGospelofThomaschinesehoroscopebiblejohnanalytic_ontologyspace-missionsZergAliens_MenschenHumanoid_ProtosPraedatorenspherescirclesbabylonstructurealieninsideoutsidebreedingupanalyticontologyRevelation_of_JohnontologyrevelationofjohncirclesstructureinsideoutsidegospelofthomasbreedingUpSuperpowerschinese_horoscopethomaschinaspheres_circlestranscendentalieninsideoutsidespacestructurealiasInsideOutsidetranscendentals_inside_outsidespheresinteriorexteriorstructure
korean	columns	galaxies	insideOutsideStructurezodiacsignsliving_creatures_galaxy_best_atrevelationbabylonian_zodiacmodallogicGospelofThomaschinesehoroscopebiblejohnanalytic_ontologyspace-missionsZergAliens_MenschenHumanoid_ProtosPraedatorenspherescirclesbabylonstructurealieninsideoutsidebreedingupanalyticontologyRevelation_of_JohnontologyrevelationofjohncirclesstructureinsideoutsidegospelofthomasbreedingUpSuperpowerschinese_horoscopethomaschinaspheres_circlestranscendentalieninsideoutsidespacestructurealiasInsideOutsidetranscendentals_inside_outsidespheresinteriorexteriorstructure
korean	columns	circles	insideOutsideStructurezodiacsignsliving_creatures_galaxy_best_atrevelationbabylonian_zodiacmodallogicGospelofThomaschinesehoroscopebiblejohnanalytic_ontologyspace-missionsZergAliens_MenschenHumanoid_ProtosPraedatorenspherescirclesbabylonstructurealieninsideoutsidebreedingupanalyticontologyRevelation_of_JohnontologyrevelationofjohncirclesstructureinsideoutsidegospelofthomasbreedingUpSuperpowerschinese_horoscopethomaschinaspheres_circlestranscendentalieninsideoutsidespacestructurealiasInsideOutsidetranscendentals_inside_outsidespheresinteriorexteriorstructure
korean	columns	particle-meta-physics	truthRealitiesuniversal_(16)galaxy_sub_areas_(13)truthRealities_(10)space_and_dimension_(8)multiverse_(16)galactic_(14)non_value_virtue_sorting_(13_with_14)goodness_and_direction_(7)
korean	columns	particles	truthRealitiesuniversal_(16)galaxy_sub_areas_(13)truthRealities_(10)space_and_dimension_(8)multiverse_(16)galactic_(14)non_value_virtue_sorting_(13_with_14)goodness_and_direction_(7)
korean	columns	operations	threeStructurefivenineStructure9three2four5multiplicationdualstructure3structureoffivehalvingalternatingninesequencesoffouralternationtwofourstructure4oddstructureOfFiveeven
korean	columns	properties_1/n	filterTypeadversityfilter_type_and_violation
korean	columns	concept2	filterTypeadversityfilter_type_and_violation
korean	columns	concepts2	filterTypeadversityfilter_type_and_violation
korean	columns	meaning	mindrootspaceObjectmultipleapplication_of_suns_and_moonssubjunctive_rootperfection_of_the_spiritmechanismsperfectionbreedinretain_ReTasunrangesbreedingapplicationofsunsandmoonsapplicationsmoonsmultiplesessencesubjunctiverangeplanetsignbeforeapplicationssunsprimenumbersmechanisms_of_breedingmoonlaw
korean	columns	economy	machinetypeOfOrganizationequipmentdevicesexplanationplantsspecialtiessystembusinessAdministrationbusinessadministrationcompanyassociationtypeoforganizationdevicemachinestopics
korean	columns	most_important_to_think_about	secondmostimportantmostimportant
korean	columns	mostImportantToClassify	secondmostimportantmostimportant
korean	columns	symbols	TenFifeSixreligionsSevenFourEightTwelveNineThree
korean	columns	light	
korean	columns	properties_n	altruismaltruistoptimalgoodmeaning_and_purpose_of_lifeegoistmeaningsimilaregoismegoism_vs_altruismwisdomoptimumpurposebadevilgood_evil_love_badwisdom_etcmeta-wisdomsenseAndMeaningidiotkindwisemetawisdom
korean	columns	properties	altruismaltruistoptimalgoodmeaning_and_purpose_of_lifeegoistmeaningsimilaregoismegoism_vs_altruismwisdomoptimumpurposebadevilgood_evil_love_badwisdom_etcmeta-wisdomsenseAndMeaningidiotkindwisemetawisdom
korean	columns	property	altruismaltruistoptimalgoodmeaning_and_purpose_of_lifeegoistmeaningsimilaregoismegoism_vs_altruismwisdomoptimumpurposebadevilgood_evil_love_badwisdom_etcmeta-wisdomsenseAndMeaningidiotkindwisemetawisdom
korean	columns	concept	altruismaltruistoptimalgoodmeaning_and_purpose_of_lifeegoistmeaningsimilaregoismegoism_vs_altruismwisdomoptimumpurposebadevilgood_evil_love_badwisdom_etcmeta-wisdomsenseAndMeaningidiotkindwisemetawisdom
korean	columns	concepts	altruismaltruistoptimalgoodmeaning_and_purpose_of_lifeegoistmeaningsimilaregoismegoism_vs_altruismwisdomoptimumpurposebadevilgood_evil_love_badwisdom_etcmeta-wisdomsenseAndMeaningidiotkindwisemetawisdom
korean	columns	pro_contra	not_againstprotameno_oppositetamecontrolcontracannot_helpusechangemakes_sensenot_getting_along_with_anotherunitycontrolprobenefitadvantagesunmotivatednot_forhelp_receivetame_controlnotAgainsthelpyieldsSenseopponentnotdisposedagainstharmonynooppositeoppositecounterpositionannoyingchangeunitenotGettingAlonghelp_not_needcannothelpantagonistnotforsenseAndMeaningpro_benefithelpnotneedforitresultsSensehelpreceivenot_disposed
korean	columns	procontra	not_againstprotameno_oppositetamecontrolcontracannot_helpusechangemakes_sensenot_getting_along_with_anotherunitycontrolprobenefitadvantagesunmotivatednot_forhelp_receivetame_controlnotAgainsthelpyieldsSenseopponentnotdisposedagainstharmonynooppositeoppositecounterpositionannoyingchangeunitenotGettingAlonghelp_not_needcannothelpantagonistnotforsenseAndMeaningpro_benefithelpnotneedforitresultsSensehelpreceivenot_disposed
korean	columns	multiplications	frameFramework-conditions
korean	combination	galaxy	Emotionsgoalemotioneconomicsystemcombinedeconomicsystemmotivationcreaturesgoalsmotifsjobsfeelingspersonspeoplepersonalitylivingbeingacquireloveownership_and_possessionpersonality_evolutionary_acquisitionanimaljobcombinedeconomicsystemsreligionemotionsmeneconomicsystemsreligionscreativity_and_intelligenceanimalswomenintelligencemotives_goalscelebritiescreativityevolution
korean	combination	universe	equipmentdevicesmindgoalconsciousnessmechanismscountertranscendentalsmotivationcreaturesessencegoalsmotifsjobsontologypersonspeoplepersonalitylivingbeingacquiretranscendenceleibnitztranscendentalscounter-structuraliasprimecrosspersonality_evolutionary_acquisitionanimaljobstructuralsanalytic_ontologytranscendentalia_structuraliabreedreligionanalyticontologyreligionsanimalsphiloaliasmotives_goalscelebritiesmechanisms_of_breedingmachinesevolution
korean	output	nocolor	
korean	output	justtext	
korean	output	art	
korean	output	onetable	
korean	output	spaltenreihenfolgeundnurdiese	
korean	output	endlessscreen	
korean	output	endless	
korean	output	dontwrap	
korean	output	breite	
korean	output	breiten	
korean	output	keineleereninhalte	
korean	output	keinenummerierung	
korean	output	keineueberschriften	
korean	output	type	emacsshellnichtsmarkdownhtmlbbcodecsv
