deutsch	parameter	--nocolor
deutsch	parameter	--justtext
deutsch	parameter	--art=
deutsch	parameter	--onetable
deutsch	parameter	--spaltenreihenfolgeundnurdiese=
deutsch	parameter	--endlessscreen
deutsch	parameter	--endless
deutsch	parameter	--dontwrap
deutsch	parameter	--breite=
deutsch	parameter	--breiten=
deutsch	parameter	--keineleereninhalte
deutsch	parameter	--keinenummerierung
deutsch	parameter	--keineueberschriften
deutsch	parameter	--*=
deutsch	parameter	--zeit=
deutsch	parameter	--zaehlung=
deutsch	parameter	--vorhervonausschnitt=
deutsch	parameter	--vorhervonausschnittteiler
deutsch	parameter	--primzahlvielfache=
deutsch	parameter	--nachtraeglichneuabzaehlung=
deutsch	parameter	--nachtraeglichneuabzaehlungvielfache=
deutsch	parameter	--alles
deutsch	parameter	--potenzenvonzahlen=
deutsch	parameter	--typ=
deutsch	parameter	--vielfachevonzahlen=
deutsch	parameter	--oberesmaximum=
deutsch	parameter	--primzahlen=
deutsch	parameter	--invertieren
deutsch	parameter	--*=
deutsch	parameter	--galaxie=
deutsch	parameter	--universum=
deutsch	parameter	--*=
deutsch	parameter	--Wichtigstes_zum_verstehen=
deutsch	parameter	--Wichtigstes_zum_verstehen=
deutsch	parameter	--wichtigsteverstehen=
deutsch	parameter	--wichtigsteverstehen=
deutsch	parameter	--Menschliches=
deutsch	parameter	--Menschliches=
deutsch	parameter	--Menschliches=
deutsch	parameter	--menschliches=
deutsch	parameter	--menschliches=
deutsch	parameter	--menschliches=
deutsch	parameter	--Menschliches=
deutsch	parameter	--Menschliches=
deutsch	parameter	--Menschliches=
deutsch	parameter	--menschliches=
deutsch	parameter	--menschliches=
deutsch	parameter	--menschliches=
deutsch	parameter	--Herrschaft=
deutsch	parameter	--Herrschaft=
deutsch	parameter	--Herrschaft=
deutsch	parameter	--macht=
deutsch	parameter	--macht=
deutsch	parameter	--macht=
deutsch	parameter	--Herrschaft=
deutsch	parameter	--Herrschaft=
deutsch	parameter	--Herrschaft=
deutsch	parameter	--Herrschaft=
deutsch	parameter	--Herrschaft=
deutsch	parameter	--macht=
deutsch	parameter	--macht=
deutsch	parameter	--macht=
deutsch	parameter	--macht=
deutsch	parameter	--macht=
deutsch	parameter	--Herrschaft=
deutsch	parameter	--Herrschaft=
deutsch	parameter	--Herrschaft=
deutsch	parameter	--Herrschaft=
deutsch	parameter	--macht=
deutsch	parameter	--macht=
deutsch	parameter	--macht=
deutsch	parameter	--macht=
deutsch	parameter	--Herrschaft=
deutsch	parameter	--Herrschaft=
deutsch	parameter	--macht=
deutsch	parameter	--macht=
deutsch	parameter	--MetaMetaPhysik_und_MetaChemie=
deutsch	parameter	--Herrschaft=
deutsch	parameter	--Herrschaft=
deutsch	parameter	--macht=
deutsch	parameter	--macht=
deutsch	parameter	--Herrschaft=
deutsch	parameter	--Herrschaft=
deutsch	parameter	--Herrschaft=
deutsch	parameter	--macht=
deutsch	parameter	--macht=
deutsch	parameter	--macht=
deutsch	parameter	--Herrschaft=
deutsch	parameter	--Herrschaft=
deutsch	parameter	--macht=
deutsch	parameter	--macht=
deutsch	parameter	--Universum=
deutsch	parameter	--Universum=
deutsch	parameter	--universum=
deutsch	parameter	--universum=
deutsch	parameter	--transzendentalien=
deutsch	parameter	--transzendentalien=
deutsch	parameter	--strukturalien=
deutsch	parameter	--strukturalien=
deutsch	parameter	--kugel=
deutsch	parameter	--kugel=
deutsch	parameter	--kugeln=
deutsch	parameter	--kugeln=
deutsch	parameter	--ball=
deutsch	parameter	--ball=
deutsch	parameter	--baelle=
deutsch	parameter	--baelle=
deutsch	parameter	--bälle=
deutsch	parameter	--bälle=
deutsch	parameter	--Universum=
deutsch	parameter	--Universum=
deutsch	parameter	--universum=
deutsch	parameter	--universum=
deutsch	parameter	--transzendentalien=
deutsch	parameter	--transzendentalien=
deutsch	parameter	--strukturalien=
deutsch	parameter	--strukturalien=
deutsch	parameter	--kugel=
deutsch	parameter	--kugel=
deutsch	parameter	--kugeln=
deutsch	parameter	--kugeln=
deutsch	parameter	--ball=
deutsch	parameter	--ball=
deutsch	parameter	--baelle=
deutsch	parameter	--baelle=
deutsch	parameter	--bälle=
deutsch	parameter	--bälle=
deutsch	parameter	--Planet_(10_und_oder_12)=
deutsch	parameter	--Planet_(10_und_oder_12)=
deutsch	parameter	--planet=
deutsch	parameter	--planet=
deutsch	parameter	--Planet_(10_und_oder_12)=
deutsch	parameter	--Planet_(10_und_oder_12)=
deutsch	parameter	--Planet_(10_und_oder_12)=
deutsch	parameter	--planet=
deutsch	parameter	--planet=
deutsch	parameter	--planet=
deutsch	parameter	--Planet_(10_und_oder_12)=
deutsch	parameter	--Planet_(10_und_oder_12)=
deutsch	parameter	--Planet_(10_und_oder_12)=
deutsch	parameter	--planet=
deutsch	parameter	--planet=
deutsch	parameter	--planet=
deutsch	parameter	--Herrschaft=
deutsch	parameter	--Herrschaft=
deutsch	parameter	--macht=
deutsch	parameter	--macht=
deutsch	parameter	--Herrschaft=
deutsch	parameter	--Herrschaft=
deutsch	parameter	--Herrschaft=
deutsch	parameter	--macht=
deutsch	parameter	--macht=
deutsch	parameter	--macht=
deutsch	parameter	--Religionen=
deutsch	parameter	--Religionen=
deutsch	parameter	--religionen=
deutsch	parameter	--religionen=
deutsch	parameter	--religion=
deutsch	parameter	--religion=
deutsch	parameter	--Galaxie=
deutsch	parameter	--Galaxie=
deutsch	parameter	--galaxie=
deutsch	parameter	--galaxie=
deutsch	parameter	--alteschriften=
deutsch	parameter	--alteschriften=
deutsch	parameter	--kreis=
deutsch	parameter	--kreis=
deutsch	parameter	--galaxien=
deutsch	parameter	--galaxien=
deutsch	parameter	--kreise=
deutsch	parameter	--kreise=
deutsch	parameter	--Universum=
deutsch	parameter	--Universum=
deutsch	parameter	--universum=
deutsch	parameter	--universum=
deutsch	parameter	--transzendentalien=
deutsch	parameter	--transzendentalien=
deutsch	parameter	--strukturalien=
deutsch	parameter	--strukturalien=
deutsch	parameter	--kugel=
deutsch	parameter	--kugel=
deutsch	parameter	--kugeln=
deutsch	parameter	--kugeln=
deutsch	parameter	--ball=
deutsch	parameter	--ball=
deutsch	parameter	--baelle=
deutsch	parameter	--baelle=
deutsch	parameter	--bälle=
deutsch	parameter	--bälle=
deutsch	parameter	--Universum=
deutsch	parameter	--universum=
deutsch	parameter	--transzendentalien=
deutsch	parameter	--strukturalien=
deutsch	parameter	--kugel=
deutsch	parameter	--kugeln=
deutsch	parameter	--ball=
deutsch	parameter	--baelle=
deutsch	parameter	--bälle=
deutsch	parameter	--Menschliches=
deutsch	parameter	--Menschliches=
deutsch	parameter	--menschliches=
deutsch	parameter	--menschliches=
deutsch	parameter	--Menschliches=
deutsch	parameter	--menschliches=
deutsch	parameter	--Menschliches=
deutsch	parameter	--Menschliches=
deutsch	parameter	--menschliches=
deutsch	parameter	--menschliches=
deutsch	parameter	--Menschliches=
deutsch	parameter	--menschliches=
deutsch	parameter	--Menschliches=
deutsch	parameter	--Menschliches=
deutsch	parameter	--menschliches=
deutsch	parameter	--menschliches=
deutsch	parameter	--Menschliches=
deutsch	parameter	--Menschliches=
deutsch	parameter	--Menschliches=
deutsch	parameter	--menschliches=
deutsch	parameter	--menschliches=
deutsch	parameter	--menschliches=
deutsch	parameter	--Planet_(10_und_oder_12)=
deutsch	parameter	--Planet_(10_und_oder_12)=
deutsch	parameter	--Planet_(10_und_oder_12)=
deutsch	parameter	--planet=
deutsch	parameter	--planet=
deutsch	parameter	--planet=
deutsch	parameter	--Planet_(10_und_oder_12)=
deutsch	parameter	--Planet_(10_und_oder_12)=
deutsch	parameter	--Planet_(10_und_oder_12)=
deutsch	parameter	--Planet_(10_und_oder_12)=
deutsch	parameter	--Planet_(10_und_oder_12)=
deutsch	parameter	--planet=
deutsch	parameter	--planet=
deutsch	parameter	--planet=
deutsch	parameter	--planet=
deutsch	parameter	--planet=
deutsch	parameter	--Planet_(10_und_oder_12)=
deutsch	parameter	--Planet_(10_und_oder_12)=
deutsch	parameter	--planet=
deutsch	parameter	--planet=
deutsch	parameter	--Planet_(10_und_oder_12)=
deutsch	parameter	--Planet_(10_und_oder_12)=
deutsch	parameter	--Planet_(10_und_oder_12)=
deutsch	parameter	--planet=
deutsch	parameter	--planet=
deutsch	parameter	--planet=
deutsch	parameter	--Planet_(10_und_oder_12)=
deutsch	parameter	--Planet_(10_und_oder_12)=
deutsch	parameter	--Planet_(10_und_oder_12)=
deutsch	parameter	--planet=
deutsch	parameter	--planet=
deutsch	parameter	--planet=
deutsch	parameter	--Planet_(10_und_oder_12)=
deutsch	parameter	--Planet_(10_und_oder_12)=
deutsch	parameter	--Planet_(10_und_oder_12)=
deutsch	parameter	--planet=
deutsch	parameter	--planet=
deutsch	parameter	--planet=
deutsch	parameter	--Wichtigstes_zum_verstehen=
deutsch	parameter	--Wichtigstes_zum_verstehen=
deutsch	parameter	--wichtigsteverstehen=
deutsch	parameter	--wichtigsteverstehen=
deutsch	parameter	--Wichtigstes_zum_verstehen=
deutsch	parameter	--Wichtigstes_zum_verstehen=
deutsch	parameter	--wichtigsteverstehen=
deutsch	parameter	--wichtigsteverstehen=
deutsch	parameter	--Wichtigstes_zum_verstehen=
deutsch	parameter	--Wichtigstes_zum_verstehen=
deutsch	parameter	--wichtigsteverstehen=
deutsch	parameter	--wichtigsteverstehen=
deutsch	parameter	--Wichtigstes_zum_gedanklich_einordnen=
deutsch	parameter	--Wichtigstes_zum_gedanklich_einordnen=
deutsch	parameter	--wichtigsteeinordnen=
deutsch	parameter	--wichtigsteeinordnen=
deutsch	parameter	--Wichtigstes_zum_gedanklich_einordnen=
deutsch	parameter	--Wichtigstes_zum_gedanklich_einordnen=
deutsch	parameter	--wichtigsteeinordnen=
deutsch	parameter	--wichtigsteeinordnen=
deutsch	parameter	--Operationen=
deutsch	parameter	--Operationen=
deutsch	parameter	--Operationen=
deutsch	parameter	--operationen=
deutsch	parameter	--operationen=
deutsch	parameter	--operationen=
deutsch	parameter	--Religionen=
deutsch	parameter	--Religionen=
deutsch	parameter	--Religionen=
deutsch	parameter	--Religionen=
deutsch	parameter	--Religionen=
deutsch	parameter	--religionen=
deutsch	parameter	--religionen=
deutsch	parameter	--religionen=
deutsch	parameter	--religionen=
deutsch	parameter	--religionen=
deutsch	parameter	--religion=
deutsch	parameter	--religion=
deutsch	parameter	--religion=
deutsch	parameter	--religion=
deutsch	parameter	--religion=
deutsch	parameter	--Religionen=
deutsch	parameter	--religionen=
deutsch	parameter	--religion=
deutsch	parameter	--Menschliches=
deutsch	parameter	--menschliches=
deutsch	parameter	--Religionen=
deutsch	parameter	--Religionen=
deutsch	parameter	--religionen=
deutsch	parameter	--religionen=
deutsch	parameter	--religion=
deutsch	parameter	--religion=
deutsch	parameter	--Religionen=
deutsch	parameter	--Religionen=
deutsch	parameter	--religionen=
deutsch	parameter	--religionen=
deutsch	parameter	--religion=
deutsch	parameter	--religion=
deutsch	parameter	--Religionen=
deutsch	parameter	--Religionen=
deutsch	parameter	--Religionen=
deutsch	parameter	--religionen=
deutsch	parameter	--religionen=
deutsch	parameter	--religionen=
deutsch	parameter	--religion=
deutsch	parameter	--religion=
deutsch	parameter	--religion=
deutsch	parameter	--Religionen=
deutsch	parameter	--Religionen=
deutsch	parameter	--Religionen=
deutsch	parameter	--Religionen=
deutsch	parameter	--religionen=
deutsch	parameter	--religionen=
deutsch	parameter	--religionen=
deutsch	parameter	--religionen=
deutsch	parameter	--religion=
deutsch	parameter	--religion=
deutsch	parameter	--religion=
deutsch	parameter	--religion=
deutsch	parameter	--Religionen=
deutsch	parameter	--Religionen=
deutsch	parameter	--Religionen=
deutsch	parameter	--Religionen=
deutsch	parameter	--Religionen=
deutsch	parameter	--Religionen=
deutsch	parameter	--religionen=
deutsch	parameter	--religionen=
deutsch	parameter	--religionen=
deutsch	parameter	--religionen=
deutsch	parameter	--religionen=
deutsch	parameter	--religionen=
deutsch	parameter	--religion=
deutsch	parameter	--religion=
deutsch	parameter	--religion=
deutsch	parameter	--religion=
deutsch	parameter	--religion=
deutsch	parameter	--religion=
deutsch	parameter	--Religionen=
deutsch	parameter	--Religionen=
deutsch	parameter	--Religionen=
deutsch	parameter	--Religionen=
deutsch	parameter	--Religionen=
deutsch	parameter	--religionen=
deutsch	parameter	--religionen=
deutsch	parameter	--religionen=
deutsch	parameter	--religionen=
deutsch	parameter	--religionen=
deutsch	parameter	--religion=
deutsch	parameter	--religion=
deutsch	parameter	--religion=
deutsch	parameter	--religion=
deutsch	parameter	--religion=
deutsch	parameter	--Religionen=
deutsch	parameter	--Religionen=
deutsch	parameter	--Religionen=
deutsch	parameter	--Religionen=
deutsch	parameter	--Religionen=
deutsch	parameter	--Religionen=
deutsch	parameter	--Religionen=
deutsch	parameter	--Religionen=
deutsch	parameter	--Religionen=
deutsch	parameter	--Religionen=
deutsch	parameter	--Religionen=
deutsch	parameter	--Religionen=
deutsch	parameter	--religionen=
deutsch	parameter	--religionen=
deutsch	parameter	--religionen=
deutsch	parameter	--religionen=
deutsch	parameter	--religionen=
deutsch	parameter	--religionen=
deutsch	parameter	--religionen=
deutsch	parameter	--religionen=
deutsch	parameter	--religionen=
deutsch	parameter	--religionen=
deutsch	parameter	--religionen=
deutsch	parameter	--religionen=
deutsch	parameter	--religion=
deutsch	parameter	--religion=
deutsch	parameter	--religion=
deutsch	parameter	--religion=
deutsch	parameter	--religion=
deutsch	parameter	--religion=
deutsch	parameter	--religion=
deutsch	parameter	--religion=
deutsch	parameter	--religion=
deutsch	parameter	--religion=
deutsch	parameter	--religion=
deutsch	parameter	--religion=
deutsch	parameter	--Galaxie=
deutsch	parameter	--galaxie=
deutsch	parameter	--alteschriften=
deutsch	parameter	--kreis=
deutsch	parameter	--galaxien=
deutsch	parameter	--kreise=
deutsch	parameter	--Galaxie=
deutsch	parameter	--Galaxie=
deutsch	parameter	--Galaxie=
deutsch	parameter	--Galaxie=
deutsch	parameter	--Galaxie=
deutsch	parameter	--Galaxie=
deutsch	parameter	--galaxie=
deutsch	parameter	--galaxie=
deutsch	parameter	--galaxie=
deutsch	parameter	--galaxie=
deutsch	parameter	--galaxie=
deutsch	parameter	--galaxie=
deutsch	parameter	--alteschriften=
deutsch	parameter	--alteschriften=
deutsch	parameter	--alteschriften=
deutsch	parameter	--alteschriften=
deutsch	parameter	--alteschriften=
deutsch	parameter	--alteschriften=
deutsch	parameter	--kreis=
deutsch	parameter	--kreis=
deutsch	parameter	--kreis=
deutsch	parameter	--kreis=
deutsch	parameter	--kreis=
deutsch	parameter	--kreis=
deutsch	parameter	--galaxien=
deutsch	parameter	--galaxien=
deutsch	parameter	--galaxien=
deutsch	parameter	--galaxien=
deutsch	parameter	--galaxien=
deutsch	parameter	--galaxien=
deutsch	parameter	--kreise=
deutsch	parameter	--kreise=
deutsch	parameter	--kreise=
deutsch	parameter	--kreise=
deutsch	parameter	--kreise=
deutsch	parameter	--kreise=
deutsch	parameter	--Inkrementieren=
deutsch	parameter	--Inkrementieren=
deutsch	parameter	--Inkrementieren=
deutsch	parameter	--Inkrementieren=
deutsch	parameter	--inkrementieren=
deutsch	parameter	--inkrementieren=
deutsch	parameter	--inkrementieren=
deutsch	parameter	--inkrementieren=
deutsch	parameter	--Galaxie=
deutsch	parameter	--Galaxie=
deutsch	parameter	--Galaxie=
deutsch	parameter	--galaxie=
deutsch	parameter	--galaxie=
deutsch	parameter	--galaxie=
deutsch	parameter	--alteschriften=
deutsch	parameter	--alteschriften=
deutsch	parameter	--alteschriften=
deutsch	parameter	--kreis=
deutsch	parameter	--kreis=
deutsch	parameter	--kreis=
deutsch	parameter	--galaxien=
deutsch	parameter	--galaxien=
deutsch	parameter	--galaxien=
deutsch	parameter	--kreise=
deutsch	parameter	--kreise=
deutsch	parameter	--kreise=
deutsch	parameter	--Multiversum=
deutsch	parameter	--Multiversum=
deutsch	parameter	--Multiversum=
deutsch	parameter	--multiversum=
deutsch	parameter	--multiversum=
deutsch	parameter	--multiversum=
deutsch	parameter	--Multiversum=
deutsch	parameter	--Multiversum=
deutsch	parameter	--Multiversum=
deutsch	parameter	--Multiversum=
deutsch	parameter	--multiversum=
deutsch	parameter	--multiversum=
deutsch	parameter	--multiversum=
deutsch	parameter	--multiversum=
deutsch	parameter	--MetaMetaPhysik_und_MetaChemie=
deutsch	parameter	--MetaMetaPhysik_und_MetaChemie=
deutsch	parameter	--MetaMetaPhysik_und_MetaChemie=
deutsch	parameter	--Multiversum=
deutsch	parameter	--Multiversum=
deutsch	parameter	--Multiversum=
deutsch	parameter	--multiversum=
deutsch	parameter	--multiversum=
deutsch	parameter	--multiversum=
deutsch	parameter	--Multiversum=
deutsch	parameter	--multiversum=
deutsch	parameter	--Grundstrukturen=
deutsch	parameter	--grundstrukturen=
deutsch	parameter	--Universum=
deutsch	parameter	--Universum=
deutsch	parameter	--universum=
deutsch	parameter	--universum=
deutsch	parameter	--transzendentalien=
deutsch	parameter	--transzendentalien=
deutsch	parameter	--strukturalien=
deutsch	parameter	--strukturalien=
deutsch	parameter	--kugel=
deutsch	parameter	--kugel=
deutsch	parameter	--kugeln=
deutsch	parameter	--kugeln=
deutsch	parameter	--ball=
deutsch	parameter	--ball=
deutsch	parameter	--baelle=
deutsch	parameter	--baelle=
deutsch	parameter	--bälle=
deutsch	parameter	--bälle=
deutsch	parameter	--Universum=
deutsch	parameter	--universum=
deutsch	parameter	--transzendentalien=
deutsch	parameter	--strukturalien=
deutsch	parameter	--kugel=
deutsch	parameter	--kugeln=
deutsch	parameter	--ball=
deutsch	parameter	--baelle=
deutsch	parameter	--bälle=
deutsch	parameter	--Universum=
deutsch	parameter	--universum=
deutsch	parameter	--transzendentalien=
deutsch	parameter	--strukturalien=
deutsch	parameter	--kugel=
deutsch	parameter	--kugeln=
deutsch	parameter	--ball=
deutsch	parameter	--baelle=
deutsch	parameter	--bälle=
deutsch	parameter	--Universum=
deutsch	parameter	--Universum=
deutsch	parameter	--Universum=
deutsch	parameter	--universum=
deutsch	parameter	--universum=
deutsch	parameter	--universum=
deutsch	parameter	--transzendentalien=
deutsch	parameter	--transzendentalien=
deutsch	parameter	--transzendentalien=
deutsch	parameter	--strukturalien=
deutsch	parameter	--strukturalien=
deutsch	parameter	--strukturalien=
deutsch	parameter	--kugel=
deutsch	parameter	--kugel=
deutsch	parameter	--kugel=
deutsch	parameter	--kugeln=
deutsch	parameter	--kugeln=
deutsch	parameter	--kugeln=
deutsch	parameter	--ball=
deutsch	parameter	--ball=
deutsch	parameter	--ball=
deutsch	parameter	--baelle=
deutsch	parameter	--baelle=
deutsch	parameter	--baelle=
deutsch	parameter	--bälle=
deutsch	parameter	--bälle=
deutsch	parameter	--bälle=
deutsch	parameter	--Menschliches=
deutsch	parameter	--menschliches=
deutsch	parameter	--Menschliches=
deutsch	parameter	--Menschliches=
deutsch	parameter	--Menschliches=
deutsch	parameter	--menschliches=
deutsch	parameter	--menschliches=
deutsch	parameter	--menschliches=
deutsch	parameter	--Grundstrukturen=
deutsch	parameter	--grundstrukturen=
deutsch	parameter	--Menschliches=
deutsch	parameter	--menschliches=
deutsch	parameter	--Menschliches=
deutsch	parameter	--Menschliches=
deutsch	parameter	--menschliches=
deutsch	parameter	--menschliches=
deutsch	parameter	--Grundstrukturen=
deutsch	parameter	--Grundstrukturen=
deutsch	parameter	--grundstrukturen=
deutsch	parameter	--grundstrukturen=
deutsch	parameter	--Menschliches=
deutsch	parameter	--menschliches=
deutsch	parameter	--Grundstrukturen=
deutsch	parameter	--grundstrukturen=
deutsch	parameter	--Universum=
deutsch	parameter	--universum=
deutsch	parameter	--transzendentalien=
deutsch	parameter	--strukturalien=
deutsch	parameter	--kugel=
deutsch	parameter	--kugeln=
deutsch	parameter	--ball=
deutsch	parameter	--baelle=
deutsch	parameter	--bälle=
deutsch	parameter	--Universum=
deutsch	parameter	--Universum=
deutsch	parameter	--Universum=
deutsch	parameter	--universum=
deutsch	parameter	--universum=
deutsch	parameter	--universum=
deutsch	parameter	--transzendentalien=
deutsch	parameter	--transzendentalien=
deutsch	parameter	--transzendentalien=
deutsch	parameter	--strukturalien=
deutsch	parameter	--strukturalien=
deutsch	parameter	--strukturalien=
deutsch	parameter	--kugel=
deutsch	parameter	--kugel=
deutsch	parameter	--kugel=
deutsch	parameter	--kugeln=
deutsch	parameter	--kugeln=
deutsch	parameter	--kugeln=
deutsch	parameter	--ball=
deutsch	parameter	--ball=
deutsch	parameter	--ball=
deutsch	parameter	--baelle=
deutsch	parameter	--baelle=
deutsch	parameter	--baelle=
deutsch	parameter	--bälle=
deutsch	parameter	--bälle=
deutsch	parameter	--bälle=
deutsch	parameter	--Universum=
deutsch	parameter	--Universum=
deutsch	parameter	--Universum=
deutsch	parameter	--universum=
deutsch	parameter	--universum=
deutsch	parameter	--universum=
deutsch	parameter	--transzendentalien=
deutsch	parameter	--transzendentalien=
deutsch	parameter	--transzendentalien=
deutsch	parameter	--strukturalien=
deutsch	parameter	--strukturalien=
deutsch	parameter	--strukturalien=
deutsch	parameter	--kugel=
deutsch	parameter	--kugel=
deutsch	parameter	--kugel=
deutsch	parameter	--kugeln=
deutsch	parameter	--kugeln=
deutsch	parameter	--kugeln=
deutsch	parameter	--ball=
deutsch	parameter	--ball=
deutsch	parameter	--ball=
deutsch	parameter	--baelle=
deutsch	parameter	--baelle=
deutsch	parameter	--baelle=
deutsch	parameter	--bälle=
deutsch	parameter	--bälle=
deutsch	parameter	--bälle=
deutsch	parameter	--Universum=
deutsch	parameter	--Universum=
deutsch	parameter	--Universum=
deutsch	parameter	--universum=
deutsch	parameter	--universum=
deutsch	parameter	--universum=
deutsch	parameter	--transzendentalien=
deutsch	parameter	--transzendentalien=
deutsch	parameter	--transzendentalien=
deutsch	parameter	--strukturalien=
deutsch	parameter	--strukturalien=
deutsch	parameter	--strukturalien=
deutsch	parameter	--kugel=
deutsch	parameter	--kugel=
deutsch	parameter	--kugel=
deutsch	parameter	--kugeln=
deutsch	parameter	--kugeln=
deutsch	parameter	--kugeln=
deutsch	parameter	--ball=
deutsch	parameter	--ball=
deutsch	parameter	--ball=
deutsch	parameter	--baelle=
deutsch	parameter	--baelle=
deutsch	parameter	--baelle=
deutsch	parameter	--bälle=
deutsch	parameter	--bälle=
deutsch	parameter	--bälle=
deutsch	parameter	--Universum=
deutsch	parameter	--Universum=
deutsch	parameter	--universum=
deutsch	parameter	--universum=
deutsch	parameter	--transzendentalien=
deutsch	parameter	--transzendentalien=
deutsch	parameter	--strukturalien=
deutsch	parameter	--strukturalien=
deutsch	parameter	--kugel=
deutsch	parameter	--kugel=
deutsch	parameter	--kugeln=
deutsch	parameter	--kugeln=
deutsch	parameter	--ball=
deutsch	parameter	--ball=
deutsch	parameter	--baelle=
deutsch	parameter	--baelle=
deutsch	parameter	--bälle=
deutsch	parameter	--bälle=
deutsch	parameter	--Universum=
deutsch	parameter	--Universum=
deutsch	parameter	--Universum=
deutsch	parameter	--universum=
deutsch	parameter	--universum=
deutsch	parameter	--universum=
deutsch	parameter	--transzendentalien=
deutsch	parameter	--transzendentalien=
deutsch	parameter	--transzendentalien=
deutsch	parameter	--strukturalien=
deutsch	parameter	--strukturalien=
deutsch	parameter	--strukturalien=
deutsch	parameter	--kugel=
deutsch	parameter	--kugel=
deutsch	parameter	--kugel=
deutsch	parameter	--kugeln=
deutsch	parameter	--kugeln=
deutsch	parameter	--kugeln=
deutsch	parameter	--ball=
deutsch	parameter	--ball=
deutsch	parameter	--ball=
deutsch	parameter	--baelle=
deutsch	parameter	--baelle=
deutsch	parameter	--baelle=
deutsch	parameter	--bälle=
deutsch	parameter	--bälle=
deutsch	parameter	--bälle=
deutsch	parameter	--Universum=
deutsch	parameter	--Universum=
deutsch	parameter	--universum=
deutsch	parameter	--universum=
deutsch	parameter	--transzendentalien=
deutsch	parameter	--transzendentalien=
deutsch	parameter	--strukturalien=
deutsch	parameter	--strukturalien=
deutsch	parameter	--kugel=
deutsch	parameter	--kugel=
deutsch	parameter	--kugeln=
deutsch	parameter	--kugeln=
deutsch	parameter	--ball=
deutsch	parameter	--ball=
deutsch	parameter	--baelle=
deutsch	parameter	--baelle=
deutsch	parameter	--bälle=
deutsch	parameter	--bälle=
deutsch	parameter	--Universum=
deutsch	parameter	--Universum=
deutsch	parameter	--Universum=
deutsch	parameter	--universum=
deutsch	parameter	--universum=
deutsch	parameter	--universum=
deutsch	parameter	--transzendentalien=
deutsch	parameter	--transzendentalien=
deutsch	parameter	--transzendentalien=
deutsch	parameter	--strukturalien=
deutsch	parameter	--strukturalien=
deutsch	parameter	--strukturalien=
deutsch	parameter	--kugel=
deutsch	parameter	--kugel=
deutsch	parameter	--kugel=
deutsch	parameter	--kugeln=
deutsch	parameter	--kugeln=
deutsch	parameter	--kugeln=
deutsch	parameter	--ball=
deutsch	parameter	--ball=
deutsch	parameter	--ball=
deutsch	parameter	--baelle=
deutsch	parameter	--baelle=
deutsch	parameter	--baelle=
deutsch	parameter	--bälle=
deutsch	parameter	--bälle=
deutsch	parameter	--bälle=
deutsch	parameter	--Universum=
deutsch	parameter	--universum=
deutsch	parameter	--transzendentalien=
deutsch	parameter	--strukturalien=
deutsch	parameter	--kugel=
deutsch	parameter	--kugeln=
deutsch	parameter	--ball=
deutsch	parameter	--baelle=
deutsch	parameter	--bälle=
deutsch	parameter	--Teilchen-Meta-Physik=
deutsch	parameter	--teilchen=
deutsch	parameter	--Teilchen-Meta-Physik=
deutsch	parameter	--Teilchen-Meta-Physik=
deutsch	parameter	--Teilchen-Meta-Physik=
deutsch	parameter	--teilchen=
deutsch	parameter	--teilchen=
deutsch	parameter	--teilchen=
deutsch	parameter	--Teilchen-Meta-Physik=
deutsch	parameter	--teilchen=
deutsch	parameter	--Teilchen-Meta-Physik=
deutsch	parameter	--teilchen=
deutsch	parameter	--Teilchen-Meta-Physik=
deutsch	parameter	--teilchen=
deutsch	parameter	--Teilchen-Meta-Physik=
deutsch	parameter	--teilchen=
deutsch	parameter	--Teilchen-Meta-Physik=
deutsch	parameter	--teilchen=
deutsch	parameter	--Teilchen-Meta-Physik=
deutsch	parameter	--teilchen=
deutsch	parameter	--Universum=
deutsch	parameter	--Universum=
deutsch	parameter	--universum=
deutsch	parameter	--universum=
deutsch	parameter	--transzendentalien=
deutsch	parameter	--transzendentalien=
deutsch	parameter	--strukturalien=
deutsch	parameter	--strukturalien=
deutsch	parameter	--kugel=
deutsch	parameter	--kugel=
deutsch	parameter	--kugeln=
deutsch	parameter	--kugeln=
deutsch	parameter	--ball=
deutsch	parameter	--ball=
deutsch	parameter	--baelle=
deutsch	parameter	--baelle=
deutsch	parameter	--bälle=
deutsch	parameter	--bälle=
deutsch	parameter	--Universum=
deutsch	parameter	--Universum=
deutsch	parameter	--Universum=
deutsch	parameter	--Universum=
deutsch	parameter	--universum=
deutsch	parameter	--universum=
deutsch	parameter	--universum=
deutsch	parameter	--universum=
deutsch	parameter	--transzendentalien=
deutsch	parameter	--transzendentalien=
deutsch	parameter	--transzendentalien=
deutsch	parameter	--transzendentalien=
deutsch	parameter	--strukturalien=
deutsch	parameter	--strukturalien=
deutsch	parameter	--strukturalien=
deutsch	parameter	--strukturalien=
deutsch	parameter	--kugel=
deutsch	parameter	--kugel=
deutsch	parameter	--kugel=
deutsch	parameter	--kugel=
deutsch	parameter	--kugeln=
deutsch	parameter	--kugeln=
deutsch	parameter	--kugeln=
deutsch	parameter	--kugeln=
deutsch	parameter	--ball=
deutsch	parameter	--ball=
deutsch	parameter	--ball=
deutsch	parameter	--ball=
deutsch	parameter	--baelle=
deutsch	parameter	--baelle=
deutsch	parameter	--baelle=
deutsch	parameter	--baelle=
deutsch	parameter	--bälle=
deutsch	parameter	--bälle=
deutsch	parameter	--bälle=
deutsch	parameter	--bälle=
deutsch	parameter	--Multiversum=
deutsch	parameter	--multiversum=
deutsch	parameter	--Multiversum=
deutsch	parameter	--Multiversum=
deutsch	parameter	--multiversum=
deutsch	parameter	--multiversum=
deutsch	parameter	--Multiversum=
deutsch	parameter	--Multiversum=
deutsch	parameter	--multiversum=
deutsch	parameter	--multiversum=
deutsch	parameter	--Galaxie=
deutsch	parameter	--Galaxie=
deutsch	parameter	--Galaxie=
deutsch	parameter	--Galaxie=
deutsch	parameter	--galaxie=
deutsch	parameter	--galaxie=
deutsch	parameter	--galaxie=
deutsch	parameter	--galaxie=
deutsch	parameter	--alteschriften=
deutsch	parameter	--alteschriften=
deutsch	parameter	--alteschriften=
deutsch	parameter	--alteschriften=
deutsch	parameter	--kreis=
deutsch	parameter	--kreis=
deutsch	parameter	--kreis=
deutsch	parameter	--kreis=
deutsch	parameter	--galaxien=
deutsch	parameter	--galaxien=
deutsch	parameter	--galaxien=
deutsch	parameter	--galaxien=
deutsch	parameter	--kreise=
deutsch	parameter	--kreise=
deutsch	parameter	--kreise=
deutsch	parameter	--kreise=
deutsch	parameter	--Galaxie=
deutsch	parameter	--Galaxie=
deutsch	parameter	--Galaxie=
deutsch	parameter	--galaxie=
deutsch	parameter	--galaxie=
deutsch	parameter	--galaxie=
deutsch	parameter	--alteschriften=
deutsch	parameter	--alteschriften=
deutsch	parameter	--alteschriften=
deutsch	parameter	--kreis=
deutsch	parameter	--kreis=
deutsch	parameter	--kreis=
deutsch	parameter	--galaxien=
deutsch	parameter	--galaxien=
deutsch	parameter	--galaxien=
deutsch	parameter	--kreise=
deutsch	parameter	--kreise=
deutsch	parameter	--kreise=
deutsch	parameter	--Galaxie=
deutsch	parameter	--Galaxie=
deutsch	parameter	--Galaxie=
deutsch	parameter	--galaxie=
deutsch	parameter	--galaxie=
deutsch	parameter	--galaxie=
deutsch	parameter	--alteschriften=
deutsch	parameter	--alteschriften=
deutsch	parameter	--alteschriften=
deutsch	parameter	--kreis=
deutsch	parameter	--kreis=
deutsch	parameter	--kreis=
deutsch	parameter	--galaxien=
deutsch	parameter	--galaxien=
deutsch	parameter	--galaxien=
deutsch	parameter	--kreise=
deutsch	parameter	--kreise=
deutsch	parameter	--kreise=
deutsch	parameter	--Galaxie=
deutsch	parameter	--Galaxie=
deutsch	parameter	--Galaxie=
deutsch	parameter	--galaxie=
deutsch	parameter	--galaxie=
deutsch	parameter	--galaxie=
deutsch	parameter	--alteschriften=
deutsch	parameter	--alteschriften=
deutsch	parameter	--alteschriften=
deutsch	parameter	--kreis=
deutsch	parameter	--kreis=
deutsch	parameter	--kreis=
deutsch	parameter	--galaxien=
deutsch	parameter	--galaxien=
deutsch	parameter	--galaxien=
deutsch	parameter	--kreise=
deutsch	parameter	--kreise=
deutsch	parameter	--kreise=
deutsch	parameter	--Grundstrukturen=
deutsch	parameter	--Grundstrukturen=
deutsch	parameter	--grundstrukturen=
deutsch	parameter	--grundstrukturen=
deutsch	parameter	--Grundstrukturen=
deutsch	parameter	--Grundstrukturen=
deutsch	parameter	--grundstrukturen=
deutsch	parameter	--grundstrukturen=
deutsch	parameter	--Grundstrukturen=
deutsch	parameter	--Grundstrukturen=
deutsch	parameter	--grundstrukturen=
deutsch	parameter	--grundstrukturen=
deutsch	parameter	--Grundstrukturen=
deutsch	parameter	--Grundstrukturen=
deutsch	parameter	--Grundstrukturen=
deutsch	parameter	--grundstrukturen=
deutsch	parameter	--grundstrukturen=
deutsch	parameter	--grundstrukturen=
deutsch	parameter	--Galaxie=
deutsch	parameter	--Galaxie=
deutsch	parameter	--Galaxie=
deutsch	parameter	--galaxie=
deutsch	parameter	--galaxie=
deutsch	parameter	--galaxie=
deutsch	parameter	--alteschriften=
deutsch	parameter	--alteschriften=
deutsch	parameter	--alteschriften=
deutsch	parameter	--kreis=
deutsch	parameter	--kreis=
deutsch	parameter	--kreis=
deutsch	parameter	--galaxien=
deutsch	parameter	--galaxien=
deutsch	parameter	--galaxien=
deutsch	parameter	--kreise=
deutsch	parameter	--kreise=
deutsch	parameter	--kreise=
deutsch	parameter	--Galaxie=
deutsch	parameter	--Galaxie=
deutsch	parameter	--Galaxie=
deutsch	parameter	--Galaxie=
deutsch	parameter	--Galaxie=
deutsch	parameter	--Galaxie=
deutsch	parameter	--Galaxie=
deutsch	parameter	--galaxie=
deutsch	parameter	--galaxie=
deutsch	parameter	--galaxie=
deutsch	parameter	--galaxie=
deutsch	parameter	--galaxie=
deutsch	parameter	--galaxie=
deutsch	parameter	--galaxie=
deutsch	parameter	--alteschriften=
deutsch	parameter	--alteschriften=
deutsch	parameter	--alteschriften=
deutsch	parameter	--alteschriften=
deutsch	parameter	--alteschriften=
deutsch	parameter	--alteschriften=
deutsch	parameter	--alteschriften=
deutsch	parameter	--kreis=
deutsch	parameter	--kreis=
deutsch	parameter	--kreis=
deutsch	parameter	--kreis=
deutsch	parameter	--kreis=
deutsch	parameter	--kreis=
deutsch	parameter	--kreis=
deutsch	parameter	--galaxien=
deutsch	parameter	--galaxien=
deutsch	parameter	--galaxien=
deutsch	parameter	--galaxien=
deutsch	parameter	--galaxien=
deutsch	parameter	--galaxien=
deutsch	parameter	--galaxien=
deutsch	parameter	--kreise=
deutsch	parameter	--kreise=
deutsch	parameter	--kreise=
deutsch	parameter	--kreise=
deutsch	parameter	--kreise=
deutsch	parameter	--kreise=
deutsch	parameter	--kreise=
deutsch	parameter	--Galaxie=
deutsch	parameter	--Galaxie=
deutsch	parameter	--galaxie=
deutsch	parameter	--galaxie=
deutsch	parameter	--alteschriften=
deutsch	parameter	--alteschriften=
deutsch	parameter	--kreis=
deutsch	parameter	--kreis=
deutsch	parameter	--galaxien=
deutsch	parameter	--galaxien=
deutsch	parameter	--kreise=
deutsch	parameter	--kreise=
deutsch	parameter	--Operationen=
deutsch	parameter	--Operationen=
deutsch	parameter	--Operationen=
deutsch	parameter	--Operationen=
deutsch	parameter	--Operationen=
deutsch	parameter	--Operationen=
deutsch	parameter	--Operationen=
deutsch	parameter	--operationen=
deutsch	parameter	--operationen=
deutsch	parameter	--operationen=
deutsch	parameter	--operationen=
deutsch	parameter	--operationen=
deutsch	parameter	--operationen=
deutsch	parameter	--operationen=
deutsch	parameter	--Operationen=
deutsch	parameter	--Operationen=
deutsch	parameter	--Operationen=
deutsch	parameter	--Operationen=
deutsch	parameter	--operationen=
deutsch	parameter	--operationen=
deutsch	parameter	--operationen=
deutsch	parameter	--operationen=
deutsch	parameter	--Operationen=
deutsch	parameter	--Operationen=
deutsch	parameter	--Operationen=
deutsch	parameter	--Operationen=
deutsch	parameter	--operationen=
deutsch	parameter	--operationen=
deutsch	parameter	--operationen=
deutsch	parameter	--operationen=
deutsch	parameter	--Größenordnung=
deutsch	parameter	--Größenordnung=
deutsch	parameter	--groessenordnung=
deutsch	parameter	--groessenordnung=
deutsch	parameter	--strukturgroesse=
deutsch	parameter	--strukturgroesse=
deutsch	parameter	--strukturgroeße=
deutsch	parameter	--strukturgroeße=
deutsch	parameter	--strukturgrösse=
deutsch	parameter	--strukturgrösse=
deutsch	parameter	--strukturgröße=
deutsch	parameter	--strukturgröße=
deutsch	parameter	--groesse=
deutsch	parameter	--groesse=
deutsch	parameter	--stufe=
deutsch	parameter	--stufe=
deutsch	parameter	--organisationen=
deutsch	parameter	--organisationen=
deutsch	parameter	--Grundstrukturen=
deutsch	parameter	--Grundstrukturen=
deutsch	parameter	--Grundstrukturen=
deutsch	parameter	--Grundstrukturen=
deutsch	parameter	--Grundstrukturen=
deutsch	parameter	--Grundstrukturen=
deutsch	parameter	--Grundstrukturen=
deutsch	parameter	--Grundstrukturen=
deutsch	parameter	--Grundstrukturen=
deutsch	parameter	--grundstrukturen=
deutsch	parameter	--grundstrukturen=
deutsch	parameter	--grundstrukturen=
deutsch	parameter	--grundstrukturen=
deutsch	parameter	--grundstrukturen=
deutsch	parameter	--grundstrukturen=
deutsch	parameter	--grundstrukturen=
deutsch	parameter	--grundstrukturen=
deutsch	parameter	--grundstrukturen=
deutsch	parameter	--Größenordnung=
deutsch	parameter	--Größenordnung=
deutsch	parameter	--Größenordnung=
deutsch	parameter	--Größenordnung=
deutsch	parameter	--Größenordnung=
deutsch	parameter	--Größenordnung=
deutsch	parameter	--Größenordnung=
deutsch	parameter	--Größenordnung=
deutsch	parameter	--Größenordnung=
deutsch	parameter	--groessenordnung=
deutsch	parameter	--groessenordnung=
deutsch	parameter	--groessenordnung=
deutsch	parameter	--groessenordnung=
deutsch	parameter	--groessenordnung=
deutsch	parameter	--groessenordnung=
deutsch	parameter	--groessenordnung=
deutsch	parameter	--groessenordnung=
deutsch	parameter	--groessenordnung=
deutsch	parameter	--strukturgroesse=
deutsch	parameter	--strukturgroesse=
deutsch	parameter	--strukturgroesse=
deutsch	parameter	--strukturgroesse=
deutsch	parameter	--strukturgroesse=
deutsch	parameter	--strukturgroesse=
deutsch	parameter	--strukturgroesse=
deutsch	parameter	--strukturgroesse=
deutsch	parameter	--strukturgroesse=
deutsch	parameter	--strukturgroeße=
deutsch	parameter	--strukturgroeße=
deutsch	parameter	--strukturgroeße=
deutsch	parameter	--strukturgroeße=
deutsch	parameter	--strukturgroeße=
deutsch	parameter	--strukturgroeße=
deutsch	parameter	--strukturgroeße=
deutsch	parameter	--strukturgroeße=
deutsch	parameter	--strukturgroeße=
deutsch	parameter	--strukturgrösse=
deutsch	parameter	--strukturgrösse=
deutsch	parameter	--strukturgrösse=
deutsch	parameter	--strukturgrösse=
deutsch	parameter	--strukturgrösse=
deutsch	parameter	--strukturgrösse=
deutsch	parameter	--strukturgrösse=
deutsch	parameter	--strukturgrösse=
deutsch	parameter	--strukturgrösse=
deutsch	parameter	--strukturgröße=
deutsch	parameter	--strukturgröße=
deutsch	parameter	--strukturgröße=
deutsch	parameter	--strukturgröße=
deutsch	parameter	--strukturgröße=
deutsch	parameter	--strukturgröße=
deutsch	parameter	--strukturgröße=
deutsch	parameter	--strukturgröße=
deutsch	parameter	--strukturgröße=
deutsch	parameter	--groesse=
deutsch	parameter	--groesse=
deutsch	parameter	--groesse=
deutsch	parameter	--groesse=
deutsch	parameter	--groesse=
deutsch	parameter	--groesse=
deutsch	parameter	--groesse=
deutsch	parameter	--groesse=
deutsch	parameter	--groesse=
deutsch	parameter	--stufe=
deutsch	parameter	--stufe=
deutsch	parameter	--stufe=
deutsch	parameter	--stufe=
deutsch	parameter	--stufe=
deutsch	parameter	--stufe=
deutsch	parameter	--stufe=
deutsch	parameter	--stufe=
deutsch	parameter	--stufe=
deutsch	parameter	--organisationen=
deutsch	parameter	--organisationen=
deutsch	parameter	--organisationen=
deutsch	parameter	--organisationen=
deutsch	parameter	--organisationen=
deutsch	parameter	--organisationen=
deutsch	parameter	--organisationen=
deutsch	parameter	--organisationen=
deutsch	parameter	--organisationen=
deutsch	parameter	--Größenordnung=
deutsch	parameter	--Größenordnung=
deutsch	parameter	--Größenordnung=
deutsch	parameter	--groessenordnung=
deutsch	parameter	--groessenordnung=
deutsch	parameter	--groessenordnung=
deutsch	parameter	--strukturgroesse=
deutsch	parameter	--strukturgroesse=
deutsch	parameter	--strukturgroesse=
deutsch	parameter	--strukturgroeße=
deutsch	parameter	--strukturgroeße=
deutsch	parameter	--strukturgroeße=
deutsch	parameter	--strukturgrösse=
deutsch	parameter	--strukturgrösse=
deutsch	parameter	--strukturgrösse=
deutsch	parameter	--strukturgröße=
deutsch	parameter	--strukturgröße=
deutsch	parameter	--strukturgröße=
deutsch	parameter	--groesse=
deutsch	parameter	--groesse=
deutsch	parameter	--groesse=
deutsch	parameter	--stufe=
deutsch	parameter	--stufe=
deutsch	parameter	--stufe=
deutsch	parameter	--organisationen=
deutsch	parameter	--organisationen=
deutsch	parameter	--organisationen=
deutsch	parameter	--Größenordnung=
deutsch	parameter	--Größenordnung=
deutsch	parameter	--Größenordnung=
deutsch	parameter	--groessenordnung=
deutsch	parameter	--groessenordnung=
deutsch	parameter	--groessenordnung=
deutsch	parameter	--strukturgroesse=
deutsch	parameter	--strukturgroesse=
deutsch	parameter	--strukturgroesse=
deutsch	parameter	--strukturgroeße=
deutsch	parameter	--strukturgroeße=
deutsch	parameter	--strukturgroeße=
deutsch	parameter	--strukturgrösse=
deutsch	parameter	--strukturgrösse=
deutsch	parameter	--strukturgrösse=
deutsch	parameter	--strukturgröße=
deutsch	parameter	--strukturgröße=
deutsch	parameter	--strukturgröße=
deutsch	parameter	--groesse=
deutsch	parameter	--groesse=
deutsch	parameter	--groesse=
deutsch	parameter	--stufe=
deutsch	parameter	--stufe=
deutsch	parameter	--stufe=
deutsch	parameter	--organisationen=
deutsch	parameter	--organisationen=
deutsch	parameter	--organisationen=
deutsch	parameter	--Meta_vs_Konkret_(Universum)=
deutsch	parameter	--universummetakonkret=
deutsch	parameter	--Meta_vs_Konkret_(Universum)=
deutsch	parameter	--universummetakonkret=
deutsch	parameter	--Meta_vs_Konkret_(Universum)=
deutsch	parameter	--Meta_vs_Konkret_(Universum)=
deutsch	parameter	--universummetakonkret=
deutsch	parameter	--universummetakonkret=
deutsch	parameter	--Meta_vs_Konkret_(Universum)=
deutsch	parameter	--Meta_vs_Konkret_(Universum)=
deutsch	parameter	--universummetakonkret=
deutsch	parameter	--universummetakonkret=
deutsch	parameter	--Meta_vs_Konkret_(Universum)=
deutsch	parameter	--Meta_vs_Konkret_(Universum)=
deutsch	parameter	--Meta_vs_Konkret_(Universum)=
deutsch	parameter	--universummetakonkret=
deutsch	parameter	--universummetakonkret=
deutsch	parameter	--universummetakonkret=
deutsch	parameter	--Meta_vs_Konkret_(Universum)=
deutsch	parameter	--Meta_vs_Konkret_(Universum)=
deutsch	parameter	--Meta_vs_Konkret_(Universum)=
deutsch	parameter	--universummetakonkret=
deutsch	parameter	--universummetakonkret=
deutsch	parameter	--universummetakonkret=
deutsch	parameter	--Meta_vs_Konkret_(Universum)=
deutsch	parameter	--Meta_vs_Konkret_(Universum)=
deutsch	parameter	--Meta_vs_Konkret_(Universum)=
deutsch	parameter	--universummetakonkret=
deutsch	parameter	--universummetakonkret=
deutsch	parameter	--universummetakonkret=
deutsch	parameter	--Meta_vs_Konkret_(Universum)=
deutsch	parameter	--Meta_vs_Konkret_(Universum)=
deutsch	parameter	--Meta_vs_Konkret_(Universum)=
deutsch	parameter	--universummetakonkret=
deutsch	parameter	--universummetakonkret=
deutsch	parameter	--universummetakonkret=
deutsch	parameter	--Primzahlwirkung=
deutsch	parameter	--Primzahlwirkung=
deutsch	parameter	--Primzahlwirkung=
deutsch	parameter	--Primzahlwirkung=
deutsch	parameter	--Primzahlwirkung=
deutsch	parameter	--Primzahlwirkung=
deutsch	parameter	--primzahlwirkung=
deutsch	parameter	--primzahlwirkung=
deutsch	parameter	--primzahlwirkung=
deutsch	parameter	--primzahlwirkung=
deutsch	parameter	--primzahlwirkung=
deutsch	parameter	--primzahlwirkung=
deutsch	parameter	--Primzahlwirkung=
deutsch	parameter	--Primzahlwirkung=
deutsch	parameter	--primzahlwirkung=
deutsch	parameter	--primzahlwirkung=
deutsch	parameter	--Primzahlwirkung=
deutsch	parameter	--Primzahlwirkung=
deutsch	parameter	--Primzahlwirkung=
deutsch	parameter	--Primzahlwirkung=
deutsch	parameter	--Primzahlwirkung=
deutsch	parameter	--Primzahlwirkung=
deutsch	parameter	--Primzahlwirkung=
deutsch	parameter	--primzahlwirkung=
deutsch	parameter	--primzahlwirkung=
deutsch	parameter	--primzahlwirkung=
deutsch	parameter	--primzahlwirkung=
deutsch	parameter	--primzahlwirkung=
deutsch	parameter	--primzahlwirkung=
deutsch	parameter	--primzahlwirkung=
deutsch	parameter	--Primzahlwirkung=
deutsch	parameter	--Primzahlwirkung=
deutsch	parameter	--Primzahlwirkung=
deutsch	parameter	--Primzahlwirkung=
deutsch	parameter	--Primzahlwirkung=
deutsch	parameter	--Primzahlwirkung=
deutsch	parameter	--Primzahlwirkung=
deutsch	parameter	--primzahlwirkung=
deutsch	parameter	--primzahlwirkung=
deutsch	parameter	--primzahlwirkung=
deutsch	parameter	--primzahlwirkung=
deutsch	parameter	--primzahlwirkung=
deutsch	parameter	--primzahlwirkung=
deutsch	parameter	--primzahlwirkung=
deutsch	parameter	--Primzahlwirkung=
deutsch	parameter	--Primzahlwirkung=
deutsch	parameter	--Primzahlwirkung=
deutsch	parameter	--Primzahlwirkung=
deutsch	parameter	--Primzahlwirkung=
deutsch	parameter	--Primzahlwirkung=
deutsch	parameter	--primzahlwirkung=
deutsch	parameter	--primzahlwirkung=
deutsch	parameter	--primzahlwirkung=
deutsch	parameter	--primzahlwirkung=
deutsch	parameter	--primzahlwirkung=
deutsch	parameter	--primzahlwirkung=
deutsch	parameter	--Primzahlwirkung=
deutsch	parameter	--Primzahlwirkung=
deutsch	parameter	--Primzahlwirkung=
deutsch	parameter	--Primzahlwirkung=
deutsch	parameter	--Primzahlwirkung=
deutsch	parameter	--primzahlwirkung=
deutsch	parameter	--primzahlwirkung=
deutsch	parameter	--primzahlwirkung=
deutsch	parameter	--primzahlwirkung=
deutsch	parameter	--primzahlwirkung=
deutsch	parameter	--Primzahlwirkung=
deutsch	parameter	--Primzahlwirkung=
deutsch	parameter	--Primzahlwirkung=
deutsch	parameter	--Primzahlwirkung=
deutsch	parameter	--Primzahlwirkung=
deutsch	parameter	--primzahlwirkung=
deutsch	parameter	--primzahlwirkung=
deutsch	parameter	--primzahlwirkung=
deutsch	parameter	--primzahlwirkung=
deutsch	parameter	--primzahlwirkung=
deutsch	parameter	--Meta_vs_Konkret_(Universum)=
deutsch	parameter	--Meta_vs_Konkret_(Universum)=
deutsch	parameter	--Meta_vs_Konkret_(Universum)=
deutsch	parameter	--Meta_vs_Konkret_(Universum)=
deutsch	parameter	--Meta_vs_Konkret_(Universum)=
deutsch	parameter	--universummetakonkret=
deutsch	parameter	--universummetakonkret=
deutsch	parameter	--universummetakonkret=
deutsch	parameter	--universummetakonkret=
deutsch	parameter	--universummetakonkret=
deutsch	parameter	--Meta_vs_Konkret_(Universum)=
deutsch	parameter	--Meta_vs_Konkret_(Universum)=
deutsch	parameter	--universummetakonkret=
deutsch	parameter	--universummetakonkret=
deutsch	parameter	--Meta_vs_Konkret_(Universum)=
deutsch	parameter	--Meta_vs_Konkret_(Universum)=
deutsch	parameter	--Meta_vs_Konkret_(Universum)=
deutsch	parameter	--universummetakonkret=
deutsch	parameter	--universummetakonkret=
deutsch	parameter	--universummetakonkret=
deutsch	parameter	--Meta_vs_Konkret_(Universum)=
deutsch	parameter	--Meta_vs_Konkret_(Universum)=
deutsch	parameter	--Meta_vs_Konkret_(Universum)=
deutsch	parameter	--universummetakonkret=
deutsch	parameter	--universummetakonkret=
deutsch	parameter	--universummetakonkret=
deutsch	parameter	--Universum=
deutsch	parameter	--Universum=
deutsch	parameter	--Universum=
deutsch	parameter	--universum=
deutsch	parameter	--universum=
deutsch	parameter	--universum=
deutsch	parameter	--transzendentalien=
deutsch	parameter	--transzendentalien=
deutsch	parameter	--transzendentalien=
deutsch	parameter	--strukturalien=
deutsch	parameter	--strukturalien=
deutsch	parameter	--strukturalien=
deutsch	parameter	--kugel=
deutsch	parameter	--kugel=
deutsch	parameter	--kugel=
deutsch	parameter	--kugeln=
deutsch	parameter	--kugeln=
deutsch	parameter	--kugeln=
deutsch	parameter	--ball=
deutsch	parameter	--ball=
deutsch	parameter	--ball=
deutsch	parameter	--baelle=
deutsch	parameter	--baelle=
deutsch	parameter	--baelle=
deutsch	parameter	--bälle=
deutsch	parameter	--bälle=
deutsch	parameter	--bälle=
deutsch	parameter	--Universum=
deutsch	parameter	--Universum=
deutsch	parameter	--Universum=
deutsch	parameter	--Universum=
deutsch	parameter	--Universum=
deutsch	parameter	--Universum=
deutsch	parameter	--universum=
deutsch	parameter	--universum=
deutsch	parameter	--universum=
deutsch	parameter	--universum=
deutsch	parameter	--universum=
deutsch	parameter	--universum=
deutsch	parameter	--transzendentalien=
deutsch	parameter	--transzendentalien=
deutsch	parameter	--transzendentalien=
deutsch	parameter	--transzendentalien=
deutsch	parameter	--transzendentalien=
deutsch	parameter	--transzendentalien=
deutsch	parameter	--strukturalien=
deutsch	parameter	--strukturalien=
deutsch	parameter	--strukturalien=
deutsch	parameter	--strukturalien=
deutsch	parameter	--strukturalien=
deutsch	parameter	--strukturalien=
deutsch	parameter	--kugel=
deutsch	parameter	--kugel=
deutsch	parameter	--kugel=
deutsch	parameter	--kugel=
deutsch	parameter	--kugel=
deutsch	parameter	--kugel=
deutsch	parameter	--kugeln=
deutsch	parameter	--kugeln=
deutsch	parameter	--kugeln=
deutsch	parameter	--kugeln=
deutsch	parameter	--kugeln=
deutsch	parameter	--kugeln=
deutsch	parameter	--ball=
deutsch	parameter	--ball=
deutsch	parameter	--ball=
deutsch	parameter	--ball=
deutsch	parameter	--ball=
deutsch	parameter	--ball=
deutsch	parameter	--baelle=
deutsch	parameter	--baelle=
deutsch	parameter	--baelle=
deutsch	parameter	--baelle=
deutsch	parameter	--baelle=
deutsch	parameter	--baelle=
deutsch	parameter	--bälle=
deutsch	parameter	--bälle=
deutsch	parameter	--bälle=
deutsch	parameter	--bälle=
deutsch	parameter	--bälle=
deutsch	parameter	--bälle=
deutsch	parameter	--Universum=
deutsch	parameter	--Universum=
deutsch	parameter	--universum=
deutsch	parameter	--universum=
deutsch	parameter	--transzendentalien=
deutsch	parameter	--transzendentalien=
deutsch	parameter	--strukturalien=
deutsch	parameter	--strukturalien=
deutsch	parameter	--kugel=
deutsch	parameter	--kugel=
deutsch	parameter	--kugeln=
deutsch	parameter	--kugeln=
deutsch	parameter	--ball=
deutsch	parameter	--ball=
deutsch	parameter	--baelle=
deutsch	parameter	--baelle=
deutsch	parameter	--bälle=
deutsch	parameter	--bälle=
deutsch	parameter	--Universum=
deutsch	parameter	--Universum=
deutsch	parameter	--Universum=
deutsch	parameter	--Universum=
deutsch	parameter	--Universum=
deutsch	parameter	--Universum=
deutsch	parameter	--universum=
deutsch	parameter	--universum=
deutsch	parameter	--universum=
deutsch	parameter	--universum=
deutsch	parameter	--universum=
deutsch	parameter	--universum=
deutsch	parameter	--transzendentalien=
deutsch	parameter	--transzendentalien=
deutsch	parameter	--transzendentalien=
deutsch	parameter	--transzendentalien=
deutsch	parameter	--transzendentalien=
deutsch	parameter	--transzendentalien=
deutsch	parameter	--strukturalien=
deutsch	parameter	--strukturalien=
deutsch	parameter	--strukturalien=
deutsch	parameter	--strukturalien=
deutsch	parameter	--strukturalien=
deutsch	parameter	--strukturalien=
deutsch	parameter	--kugel=
deutsch	parameter	--kugel=
deutsch	parameter	--kugel=
deutsch	parameter	--kugel=
deutsch	parameter	--kugel=
deutsch	parameter	--kugel=
deutsch	parameter	--kugeln=
deutsch	parameter	--kugeln=
deutsch	parameter	--kugeln=
deutsch	parameter	--kugeln=
deutsch	parameter	--kugeln=
deutsch	parameter	--kugeln=
deutsch	parameter	--ball=
deutsch	parameter	--ball=
deutsch	parameter	--ball=
deutsch	parameter	--ball=
deutsch	parameter	--ball=
deutsch	parameter	--ball=
deutsch	parameter	--baelle=
deutsch	parameter	--baelle=
deutsch	parameter	--baelle=
deutsch	parameter	--baelle=
deutsch	parameter	--baelle=
deutsch	parameter	--baelle=
deutsch	parameter	--bälle=
deutsch	parameter	--bälle=
deutsch	parameter	--bälle=
deutsch	parameter	--bälle=
deutsch	parameter	--bälle=
deutsch	parameter	--bälle=
deutsch	parameter	--Universum=
deutsch	parameter	--Universum=
deutsch	parameter	--Universum=
deutsch	parameter	--Universum=
deutsch	parameter	--Universum=
deutsch	parameter	--Universum=
deutsch	parameter	--universum=
deutsch	parameter	--universum=
deutsch	parameter	--universum=
deutsch	parameter	--universum=
deutsch	parameter	--universum=
deutsch	parameter	--universum=
deutsch	parameter	--transzendentalien=
deutsch	parameter	--transzendentalien=
deutsch	parameter	--transzendentalien=
deutsch	parameter	--transzendentalien=
deutsch	parameter	--transzendentalien=
deutsch	parameter	--transzendentalien=
deutsch	parameter	--strukturalien=
deutsch	parameter	--strukturalien=
deutsch	parameter	--strukturalien=
deutsch	parameter	--strukturalien=
deutsch	parameter	--strukturalien=
deutsch	parameter	--strukturalien=
deutsch	parameter	--kugel=
deutsch	parameter	--kugel=
deutsch	parameter	--kugel=
deutsch	parameter	--kugel=
deutsch	parameter	--kugel=
deutsch	parameter	--kugel=
deutsch	parameter	--kugeln=
deutsch	parameter	--kugeln=
deutsch	parameter	--kugeln=
deutsch	parameter	--kugeln=
deutsch	parameter	--kugeln=
deutsch	parameter	--kugeln=
deutsch	parameter	--ball=
deutsch	parameter	--ball=
deutsch	parameter	--ball=
deutsch	parameter	--ball=
deutsch	parameter	--ball=
deutsch	parameter	--ball=
deutsch	parameter	--baelle=
deutsch	parameter	--baelle=
deutsch	parameter	--baelle=
deutsch	parameter	--baelle=
deutsch	parameter	--baelle=
deutsch	parameter	--baelle=
deutsch	parameter	--bälle=
deutsch	parameter	--bälle=
deutsch	parameter	--bälle=
deutsch	parameter	--bälle=
deutsch	parameter	--bälle=
deutsch	parameter	--bälle=
deutsch	parameter	--Universum=
deutsch	parameter	--Universum=
deutsch	parameter	--universum=
deutsch	parameter	--universum=
deutsch	parameter	--transzendentalien=
deutsch	parameter	--transzendentalien=
deutsch	parameter	--strukturalien=
deutsch	parameter	--strukturalien=
deutsch	parameter	--kugel=
deutsch	parameter	--kugel=
deutsch	parameter	--kugeln=
deutsch	parameter	--kugeln=
deutsch	parameter	--ball=
deutsch	parameter	--ball=
deutsch	parameter	--baelle=
deutsch	parameter	--baelle=
deutsch	parameter	--bälle=
deutsch	parameter	--bälle=
deutsch	parameter	--Universum=
deutsch	parameter	--Universum=
deutsch	parameter	--universum=
deutsch	parameter	--universum=
deutsch	parameter	--transzendentalien=
deutsch	parameter	--transzendentalien=
deutsch	parameter	--strukturalien=
deutsch	parameter	--strukturalien=
deutsch	parameter	--kugel=
deutsch	parameter	--kugel=
deutsch	parameter	--kugeln=
deutsch	parameter	--kugeln=
deutsch	parameter	--ball=
deutsch	parameter	--ball=
deutsch	parameter	--baelle=
deutsch	parameter	--baelle=
deutsch	parameter	--bälle=
deutsch	parameter	--bälle=
deutsch	parameter	--Universum=
deutsch	parameter	--Universum=
deutsch	parameter	--universum=
deutsch	parameter	--universum=
deutsch	parameter	--transzendentalien=
deutsch	parameter	--transzendentalien=
deutsch	parameter	--strukturalien=
deutsch	parameter	--strukturalien=
deutsch	parameter	--kugel=
deutsch	parameter	--kugel=
deutsch	parameter	--kugeln=
deutsch	parameter	--kugeln=
deutsch	parameter	--ball=
deutsch	parameter	--ball=
deutsch	parameter	--baelle=
deutsch	parameter	--baelle=
deutsch	parameter	--bälle=
deutsch	parameter	--bälle=
deutsch	parameter	--Universum=
deutsch	parameter	--Universum=
deutsch	parameter	--universum=
deutsch	parameter	--universum=
deutsch	parameter	--transzendentalien=
deutsch	parameter	--transzendentalien=
deutsch	parameter	--strukturalien=
deutsch	parameter	--strukturalien=
deutsch	parameter	--kugel=
deutsch	parameter	--kugel=
deutsch	parameter	--kugeln=
deutsch	parameter	--kugeln=
deutsch	parameter	--ball=
deutsch	parameter	--ball=
deutsch	parameter	--baelle=
deutsch	parameter	--baelle=
deutsch	parameter	--bälle=
deutsch	parameter	--bälle=
deutsch	parameter	--Universum=
deutsch	parameter	--Universum=
deutsch	parameter	--universum=
deutsch	parameter	--universum=
deutsch	parameter	--transzendentalien=
deutsch	parameter	--transzendentalien=
deutsch	parameter	--strukturalien=
deutsch	parameter	--strukturalien=
deutsch	parameter	--kugel=
deutsch	parameter	--kugel=
deutsch	parameter	--kugeln=
deutsch	parameter	--kugeln=
deutsch	parameter	--ball=
deutsch	parameter	--ball=
deutsch	parameter	--baelle=
deutsch	parameter	--baelle=
deutsch	parameter	--bälle=
deutsch	parameter	--bälle=
deutsch	parameter	--Galaxie=
deutsch	parameter	--galaxie=
deutsch	parameter	--alteschriften=
deutsch	parameter	--kreis=
deutsch	parameter	--galaxien=
deutsch	parameter	--kreise=
deutsch	parameter	--Galaxie=
deutsch	parameter	--Galaxie=
deutsch	parameter	--galaxie=
deutsch	parameter	--galaxie=
deutsch	parameter	--alteschriften=
deutsch	parameter	--alteschriften=
deutsch	parameter	--kreis=
deutsch	parameter	--kreis=
deutsch	parameter	--galaxien=
deutsch	parameter	--galaxien=
deutsch	parameter	--kreise=
deutsch	parameter	--kreise=
deutsch	parameter	--Universum=
deutsch	parameter	--Universum=
deutsch	parameter	--universum=
deutsch	parameter	--universum=
deutsch	parameter	--transzendentalien=
deutsch	parameter	--transzendentalien=
deutsch	parameter	--strukturalien=
deutsch	parameter	--strukturalien=
deutsch	parameter	--kugel=
deutsch	parameter	--kugel=
deutsch	parameter	--kugeln=
deutsch	parameter	--kugeln=
deutsch	parameter	--ball=
deutsch	parameter	--ball=
deutsch	parameter	--baelle=
deutsch	parameter	--baelle=
deutsch	parameter	--bälle=
deutsch	parameter	--bälle=
deutsch	parameter	--Universum=
deutsch	parameter	--Universum=
deutsch	parameter	--universum=
deutsch	parameter	--universum=
deutsch	parameter	--transzendentalien=
deutsch	parameter	--transzendentalien=
deutsch	parameter	--strukturalien=
deutsch	parameter	--strukturalien=
deutsch	parameter	--kugel=
deutsch	parameter	--kugel=
deutsch	parameter	--kugeln=
deutsch	parameter	--kugeln=
deutsch	parameter	--ball=
deutsch	parameter	--ball=
deutsch	parameter	--baelle=
deutsch	parameter	--baelle=
deutsch	parameter	--bälle=
deutsch	parameter	--bälle=
deutsch	parameter	--Grundstrukturen=
deutsch	parameter	--Grundstrukturen=
deutsch	parameter	--Grundstrukturen=
deutsch	parameter	--Grundstrukturen=
deutsch	parameter	--Grundstrukturen=
deutsch	parameter	--Grundstrukturen=
deutsch	parameter	--Grundstrukturen=
deutsch	parameter	--Grundstrukturen=
deutsch	parameter	--grundstrukturen=
deutsch	parameter	--grundstrukturen=
deutsch	parameter	--grundstrukturen=
deutsch	parameter	--grundstrukturen=
deutsch	parameter	--grundstrukturen=
deutsch	parameter	--grundstrukturen=
deutsch	parameter	--grundstrukturen=
deutsch	parameter	--grundstrukturen=
deutsch	parameter	--Universum=
deutsch	parameter	--Universum=
deutsch	parameter	--Universum=
deutsch	parameter	--Universum=
deutsch	parameter	--Universum=
deutsch	parameter	--Universum=
deutsch	parameter	--Universum=
deutsch	parameter	--Universum=
deutsch	parameter	--universum=
deutsch	parameter	--universum=
deutsch	parameter	--universum=
deutsch	parameter	--universum=
deutsch	parameter	--universum=
deutsch	parameter	--universum=
deutsch	parameter	--universum=
deutsch	parameter	--universum=
deutsch	parameter	--transzendentalien=
deutsch	parameter	--transzendentalien=
deutsch	parameter	--transzendentalien=
deutsch	parameter	--transzendentalien=
deutsch	parameter	--transzendentalien=
deutsch	parameter	--transzendentalien=
deutsch	parameter	--transzendentalien=
deutsch	parameter	--transzendentalien=
deutsch	parameter	--strukturalien=
deutsch	parameter	--strukturalien=
deutsch	parameter	--strukturalien=
deutsch	parameter	--strukturalien=
deutsch	parameter	--strukturalien=
deutsch	parameter	--strukturalien=
deutsch	parameter	--strukturalien=
deutsch	parameter	--strukturalien=
deutsch	parameter	--kugel=
deutsch	parameter	--kugel=
deutsch	parameter	--kugel=
deutsch	parameter	--kugel=
deutsch	parameter	--kugel=
deutsch	parameter	--kugel=
deutsch	parameter	--kugel=
deutsch	parameter	--kugel=
deutsch	parameter	--kugeln=
deutsch	parameter	--kugeln=
deutsch	parameter	--kugeln=
deutsch	parameter	--kugeln=
deutsch	parameter	--kugeln=
deutsch	parameter	--kugeln=
deutsch	parameter	--kugeln=
deutsch	parameter	--kugeln=
deutsch	parameter	--ball=
deutsch	parameter	--ball=
deutsch	parameter	--ball=
deutsch	parameter	--ball=
deutsch	parameter	--ball=
deutsch	parameter	--ball=
deutsch	parameter	--ball=
deutsch	parameter	--ball=
deutsch	parameter	--baelle=
deutsch	parameter	--baelle=
deutsch	parameter	--baelle=
deutsch	parameter	--baelle=
deutsch	parameter	--baelle=
deutsch	parameter	--baelle=
deutsch	parameter	--baelle=
deutsch	parameter	--baelle=
deutsch	parameter	--bälle=
deutsch	parameter	--bälle=
deutsch	parameter	--bälle=
deutsch	parameter	--bälle=
deutsch	parameter	--bälle=
deutsch	parameter	--bälle=
deutsch	parameter	--bälle=
deutsch	parameter	--bälle=
deutsch	parameter	--Multiversum=
deutsch	parameter	--Multiversum=
deutsch	parameter	--Multiversum=
deutsch	parameter	--Multiversum=
deutsch	parameter	--Multiversum=
deutsch	parameter	--Multiversum=
deutsch	parameter	--Multiversum=
deutsch	parameter	--Multiversum=
deutsch	parameter	--multiversum=
deutsch	parameter	--multiversum=
deutsch	parameter	--multiversum=
deutsch	parameter	--multiversum=
deutsch	parameter	--multiversum=
deutsch	parameter	--multiversum=
deutsch	parameter	--multiversum=
deutsch	parameter	--multiversum=
deutsch	parameter	--Operationen=
deutsch	parameter	--Operationen=
deutsch	parameter	--Operationen=
deutsch	parameter	--Operationen=
deutsch	parameter	--Operationen=
deutsch	parameter	--Operationen=
deutsch	parameter	--Operationen=
deutsch	parameter	--operationen=
deutsch	parameter	--operationen=
deutsch	parameter	--operationen=
deutsch	parameter	--operationen=
deutsch	parameter	--operationen=
deutsch	parameter	--operationen=
deutsch	parameter	--operationen=
deutsch	parameter	--Operationen=
deutsch	parameter	--Operationen=
deutsch	parameter	--operationen=
deutsch	parameter	--operationen=
deutsch	parameter	--Operationen=
deutsch	parameter	--Operationen=
deutsch	parameter	--Operationen=
deutsch	parameter	--Operationen=
deutsch	parameter	--operationen=
deutsch	parameter	--operationen=
deutsch	parameter	--operationen=
deutsch	parameter	--operationen=
deutsch	parameter	--Menschliches=
deutsch	parameter	--Menschliches=
deutsch	parameter	--menschliches=
deutsch	parameter	--menschliches=
deutsch	parameter	--Menschliches=
deutsch	parameter	--menschliches=
deutsch	parameter	--Menschliches=
deutsch	parameter	--menschliches=
deutsch	parameter	--Menschliches=
deutsch	parameter	--menschliches=
deutsch	parameter	--Menschliches=
deutsch	parameter	--Menschliches=
deutsch	parameter	--menschliches=
deutsch	parameter	--menschliches=
deutsch	parameter	--Menschliches=
deutsch	parameter	--Menschliches=
deutsch	parameter	--Menschliches=
deutsch	parameter	--menschliches=
deutsch	parameter	--menschliches=
deutsch	parameter	--menschliches=
deutsch	parameter	--Menschliches=
deutsch	parameter	--Menschliches=
deutsch	parameter	--Menschliches=
deutsch	parameter	--menschliches=
deutsch	parameter	--menschliches=
deutsch	parameter	--menschliches=
deutsch	parameter	--Menschliches=
deutsch	parameter	--Menschliches=
deutsch	parameter	--Menschliches=
deutsch	parameter	--Menschliches=
deutsch	parameter	--menschliches=
deutsch	parameter	--menschliches=
deutsch	parameter	--menschliches=
deutsch	parameter	--menschliches=
deutsch	parameter	--Wirtschaft=
deutsch	parameter	--Wirtschaft=
deutsch	parameter	--Wirtschaft=
deutsch	parameter	--Wirtschaft=
deutsch	parameter	--wirtschaft=
deutsch	parameter	--wirtschaft=
deutsch	parameter	--wirtschaft=
deutsch	parameter	--wirtschaft=
deutsch	parameter	--Wirtschaft=
deutsch	parameter	--Wirtschaft=
deutsch	parameter	--wirtschaft=
deutsch	parameter	--wirtschaft=
deutsch	parameter	--Wirtschaft=
deutsch	parameter	--Wirtschaft=
deutsch	parameter	--Wirtschaft=
deutsch	parameter	--Wirtschaft=
deutsch	parameter	--Wirtschaft=
deutsch	parameter	--Wirtschaft=
deutsch	parameter	--Wirtschaft=
deutsch	parameter	--wirtschaft=
deutsch	parameter	--wirtschaft=
deutsch	parameter	--wirtschaft=
deutsch	parameter	--wirtschaft=
deutsch	parameter	--wirtschaft=
deutsch	parameter	--wirtschaft=
deutsch	parameter	--wirtschaft=
deutsch	parameter	--Wirtschaft=
deutsch	parameter	--Wirtschaft=
deutsch	parameter	--Wirtschaft=
deutsch	parameter	--Wirtschaft=
deutsch	parameter	--Wirtschaft=
deutsch	parameter	--wirtschaft=
deutsch	parameter	--wirtschaft=
deutsch	parameter	--wirtschaft=
deutsch	parameter	--wirtschaft=
deutsch	parameter	--wirtschaft=
deutsch	parameter	--Grundstrukturen=
deutsch	parameter	--Grundstrukturen=
deutsch	parameter	--grundstrukturen=
deutsch	parameter	--grundstrukturen=
deutsch	parameter	--Wirtschaft=
deutsch	parameter	--Wirtschaft=
deutsch	parameter	--wirtschaft=
deutsch	parameter	--wirtschaft=
deutsch	parameter	--Wirtschaft=
deutsch	parameter	--Wirtschaft=
deutsch	parameter	--Wirtschaft=
deutsch	parameter	--wirtschaft=
deutsch	parameter	--wirtschaft=
deutsch	parameter	--wirtschaft=
deutsch	parameter	--Wirtschaft=
deutsch	parameter	--Wirtschaft=
deutsch	parameter	--wirtschaft=
deutsch	parameter	--wirtschaft=
deutsch	parameter	--Menschliches=
deutsch	parameter	--Menschliches=
deutsch	parameter	--Menschliches=
deutsch	parameter	--Menschliches=
deutsch	parameter	--Menschliches=
deutsch	parameter	--menschliches=
deutsch	parameter	--menschliches=
deutsch	parameter	--menschliches=
deutsch	parameter	--menschliches=
deutsch	parameter	--menschliches=
deutsch	parameter	--Menschliches=
deutsch	parameter	--Menschliches=
deutsch	parameter	--Menschliches=
deutsch	parameter	--Menschliches=
deutsch	parameter	--menschliches=
deutsch	parameter	--menschliches=
deutsch	parameter	--menschliches=
deutsch	parameter	--menschliches=
deutsch	parameter	--Menschliches=
deutsch	parameter	--Menschliches=
deutsch	parameter	--Menschliches=
deutsch	parameter	--menschliches=
deutsch	parameter	--menschliches=
deutsch	parameter	--menschliches=
deutsch	parameter	--Menschliches=
deutsch	parameter	--Menschliches=
deutsch	parameter	--Menschliches=
deutsch	parameter	--menschliches=
deutsch	parameter	--menschliches=
deutsch	parameter	--menschliches=
deutsch	parameter	--Menschliches=
deutsch	parameter	--Menschliches=
deutsch	parameter	--Menschliches=
deutsch	parameter	--Menschliches=
deutsch	parameter	--Menschliches=
deutsch	parameter	--Menschliches=
deutsch	parameter	--menschliches=
deutsch	parameter	--menschliches=
deutsch	parameter	--menschliches=
deutsch	parameter	--menschliches=
deutsch	parameter	--menschliches=
deutsch	parameter	--menschliches=
deutsch	parameter	--Menschliches=
deutsch	parameter	--Menschliches=
deutsch	parameter	--Menschliches=
deutsch	parameter	--Menschliches=
deutsch	parameter	--Menschliches=
deutsch	parameter	--Menschliches=
deutsch	parameter	--menschliches=
deutsch	parameter	--menschliches=
deutsch	parameter	--menschliches=
deutsch	parameter	--menschliches=
deutsch	parameter	--menschliches=
deutsch	parameter	--menschliches=
deutsch	parameter	--Menschliches=
deutsch	parameter	--Menschliches=
deutsch	parameter	--Menschliches=
deutsch	parameter	--Menschliches=
deutsch	parameter	--menschliches=
deutsch	parameter	--menschliches=
deutsch	parameter	--menschliches=
deutsch	parameter	--menschliches=
deutsch	parameter	--Menschliches=
deutsch	parameter	--Menschliches=
deutsch	parameter	--menschliches=
deutsch	parameter	--menschliches=
deutsch	parameter	--Menschliches=
deutsch	parameter	--Menschliches=
deutsch	parameter	--Menschliches=
deutsch	parameter	--menschliches=
deutsch	parameter	--menschliches=
deutsch	parameter	--menschliches=
deutsch	parameter	--Menschliches=
deutsch	parameter	--Menschliches=
deutsch	parameter	--Menschliches=
deutsch	parameter	--menschliches=
deutsch	parameter	--menschliches=
deutsch	parameter	--menschliches=
deutsch	parameter	--Menschliches=
deutsch	parameter	--Menschliches=
deutsch	parameter	--Menschliches=
deutsch	parameter	--Menschliches=
deutsch	parameter	--Menschliches=
deutsch	parameter	--menschliches=
deutsch	parameter	--menschliches=
deutsch	parameter	--menschliches=
deutsch	parameter	--menschliches=
deutsch	parameter	--menschliches=
deutsch	parameter	--Menschliches=
deutsch	parameter	--Menschliches=
deutsch	parameter	--Menschliches=
deutsch	parameter	--menschliches=
deutsch	parameter	--menschliches=
deutsch	parameter	--menschliches=
deutsch	parameter	--Menschliches=
deutsch	parameter	--Menschliches=
deutsch	parameter	--Menschliches=
deutsch	parameter	--Menschliches=
deutsch	parameter	--menschliches=
deutsch	parameter	--menschliches=
deutsch	parameter	--menschliches=
deutsch	parameter	--menschliches=
deutsch	parameter	--Menschliches=
deutsch	parameter	--Menschliches=
deutsch	parameter	--Menschliches=
deutsch	parameter	--menschliches=
deutsch	parameter	--menschliches=
deutsch	parameter	--menschliches=
deutsch	parameter	--Grundstrukturen=
deutsch	parameter	--Grundstrukturen=
deutsch	parameter	--Grundstrukturen=
deutsch	parameter	--Grundstrukturen=
deutsch	parameter	--Grundstrukturen=
deutsch	parameter	--Grundstrukturen=
deutsch	parameter	--Grundstrukturen=
deutsch	parameter	--Grundstrukturen=
deutsch	parameter	--grundstrukturen=
deutsch	parameter	--grundstrukturen=
deutsch	parameter	--grundstrukturen=
deutsch	parameter	--grundstrukturen=
deutsch	parameter	--grundstrukturen=
deutsch	parameter	--grundstrukturen=
deutsch	parameter	--grundstrukturen=
deutsch	parameter	--grundstrukturen=
deutsch	parameter	--Multiversum=
deutsch	parameter	--Multiversum=
deutsch	parameter	--Multiversum=
deutsch	parameter	--Multiversum=
deutsch	parameter	--Multiversum=
deutsch	parameter	--Multiversum=
deutsch	parameter	--Multiversum=
deutsch	parameter	--Multiversum=
deutsch	parameter	--multiversum=
deutsch	parameter	--multiversum=
deutsch	parameter	--multiversum=
deutsch	parameter	--multiversum=
deutsch	parameter	--multiversum=
deutsch	parameter	--multiversum=
deutsch	parameter	--multiversum=
deutsch	parameter	--multiversum=
deutsch	parameter	--Grundstrukturen=
deutsch	parameter	--Grundstrukturen=
deutsch	parameter	--Grundstrukturen=
deutsch	parameter	--Grundstrukturen=
deutsch	parameter	--Grundstrukturen=
deutsch	parameter	--grundstrukturen=
deutsch	parameter	--grundstrukturen=
deutsch	parameter	--grundstrukturen=
deutsch	parameter	--grundstrukturen=
deutsch	parameter	--grundstrukturen=
deutsch	parameter	--Grundstrukturen=
deutsch	parameter	--Grundstrukturen=
deutsch	parameter	--Grundstrukturen=
deutsch	parameter	--Grundstrukturen=
deutsch	parameter	--grundstrukturen=
deutsch	parameter	--grundstrukturen=
deutsch	parameter	--grundstrukturen=
deutsch	parameter	--grundstrukturen=
deutsch	parameter	--Grundstrukturen=
deutsch	parameter	--Grundstrukturen=
deutsch	parameter	--grundstrukturen=
deutsch	parameter	--grundstrukturen=
deutsch	parameter	--Grundstrukturen=
deutsch	parameter	--Grundstrukturen=
deutsch	parameter	--grundstrukturen=
deutsch	parameter	--grundstrukturen=
deutsch	parameter	--Grundstrukturen=
deutsch	parameter	--Grundstrukturen=
deutsch	parameter	--grundstrukturen=
deutsch	parameter	--grundstrukturen=
deutsch	parameter	--Grundstrukturen=
deutsch	parameter	--Grundstrukturen=
deutsch	parameter	--grundstrukturen=
deutsch	parameter	--grundstrukturen=
deutsch	parameter	--Grundstrukturen=
deutsch	parameter	--Grundstrukturen=
deutsch	parameter	--grundstrukturen=
deutsch	parameter	--grundstrukturen=
deutsch	parameter	--Grundstrukturen=
deutsch	parameter	--Grundstrukturen=
deutsch	parameter	--Grundstrukturen=
deutsch	parameter	--grundstrukturen=
deutsch	parameter	--grundstrukturen=
deutsch	parameter	--grundstrukturen=
deutsch	parameter	--Grundstrukturen=
deutsch	parameter	--Grundstrukturen=
deutsch	parameter	--Grundstrukturen=
deutsch	parameter	--grundstrukturen=
deutsch	parameter	--grundstrukturen=
deutsch	parameter	--grundstrukturen=
deutsch	parameter	--Grundstrukturen=
deutsch	parameter	--Grundstrukturen=
deutsch	parameter	--grundstrukturen=
deutsch	parameter	--grundstrukturen=
deutsch	parameter	--Grundstrukturen=
deutsch	parameter	--Grundstrukturen=
deutsch	parameter	--grundstrukturen=
deutsch	parameter	--grundstrukturen=
deutsch	parameter	--Grundstrukturen=
deutsch	parameter	--Grundstrukturen=
deutsch	parameter	--Grundstrukturen=
deutsch	parameter	--grundstrukturen=
deutsch	parameter	--grundstrukturen=
deutsch	parameter	--grundstrukturen=
deutsch	parameter	--Grundstrukturen=
deutsch	parameter	--Grundstrukturen=
deutsch	parameter	--grundstrukturen=
deutsch	parameter	--grundstrukturen=
deutsch	parameter	--Grundstrukturen=
deutsch	parameter	--Grundstrukturen=
deutsch	parameter	--grundstrukturen=
deutsch	parameter	--grundstrukturen=
deutsch	parameter	--Grundstrukturen=
deutsch	parameter	--Grundstrukturen=
deutsch	parameter	--grundstrukturen=
deutsch	parameter	--grundstrukturen=
deutsch	parameter	--Grundstrukturen=
deutsch	parameter	--Grundstrukturen=
deutsch	parameter	--Grundstrukturen=
deutsch	parameter	--grundstrukturen=
deutsch	parameter	--grundstrukturen=
deutsch	parameter	--grundstrukturen=
deutsch	parameter	--Grundstrukturen=
deutsch	parameter	--Grundstrukturen=
deutsch	parameter	--grundstrukturen=
deutsch	parameter	--grundstrukturen=
deutsch	parameter	--Grundstrukturen=
deutsch	parameter	--Grundstrukturen=
deutsch	parameter	--Grundstrukturen=
deutsch	parameter	--grundstrukturen=
deutsch	parameter	--grundstrukturen=
deutsch	parameter	--grundstrukturen=
deutsch	parameter	--Grundstrukturen=
deutsch	parameter	--Grundstrukturen=
deutsch	parameter	--Grundstrukturen=
deutsch	parameter	--grundstrukturen=
deutsch	parameter	--grundstrukturen=
deutsch	parameter	--grundstrukturen=
deutsch	parameter	--Grundstrukturen=
deutsch	parameter	--Grundstrukturen=
deutsch	parameter	--grundstrukturen=
deutsch	parameter	--grundstrukturen=
deutsch	parameter	--Grundstrukturen=
deutsch	parameter	--Grundstrukturen=
deutsch	parameter	--grundstrukturen=
deutsch	parameter	--grundstrukturen=
deutsch	parameter	--Grundstrukturen=
deutsch	parameter	--Grundstrukturen=
deutsch	parameter	--grundstrukturen=
deutsch	parameter	--grundstrukturen=
deutsch	parameter	--Grundstrukturen=
deutsch	parameter	--Grundstrukturen=
deutsch	parameter	--grundstrukturen=
deutsch	parameter	--grundstrukturen=
deutsch	parameter	--Grundstrukturen=
deutsch	parameter	--Grundstrukturen=
deutsch	parameter	--grundstrukturen=
deutsch	parameter	--grundstrukturen=
deutsch	parameter	--Grundstrukturen=
deutsch	parameter	--Grundstrukturen=
deutsch	parameter	--grundstrukturen=
deutsch	parameter	--grundstrukturen=
deutsch	parameter	--Grundstrukturen=
deutsch	parameter	--Grundstrukturen=
deutsch	parameter	--grundstrukturen=
deutsch	parameter	--grundstrukturen=
deutsch	parameter	--Grundstrukturen=
deutsch	parameter	--Grundstrukturen=
deutsch	parameter	--Grundstrukturen=
deutsch	parameter	--Grundstrukturen=
deutsch	parameter	--grundstrukturen=
deutsch	parameter	--grundstrukturen=
deutsch	parameter	--grundstrukturen=
deutsch	parameter	--grundstrukturen=
deutsch	parameter	--Grundstrukturen=
deutsch	parameter	--Grundstrukturen=
deutsch	parameter	--Grundstrukturen=
deutsch	parameter	--Grundstrukturen=
deutsch	parameter	--grundstrukturen=
deutsch	parameter	--grundstrukturen=
deutsch	parameter	--grundstrukturen=
deutsch	parameter	--grundstrukturen=
deutsch	parameter	--Grundstrukturen=
deutsch	parameter	--Grundstrukturen=
deutsch	parameter	--grundstrukturen=
deutsch	parameter	--grundstrukturen=
deutsch	parameter	--Grundstrukturen=
deutsch	parameter	--Grundstrukturen=
deutsch	parameter	--Grundstrukturen=
deutsch	parameter	--grundstrukturen=
deutsch	parameter	--grundstrukturen=
deutsch	parameter	--grundstrukturen=
deutsch	parameter	--Grundstrukturen=
deutsch	parameter	--Grundstrukturen=
deutsch	parameter	--Grundstrukturen=
deutsch	parameter	--grundstrukturen=
deutsch	parameter	--grundstrukturen=
deutsch	parameter	--grundstrukturen=
deutsch	parameter	--Grundstrukturen=
deutsch	parameter	--Grundstrukturen=
deutsch	parameter	--grundstrukturen=
deutsch	parameter	--grundstrukturen=
deutsch	parameter	--Grundstrukturen=
deutsch	parameter	--Grundstrukturen=
deutsch	parameter	--grundstrukturen=
deutsch	parameter	--grundstrukturen=
deutsch	parameter	--Grundstrukturen=
deutsch	parameter	--Grundstrukturen=
deutsch	parameter	--grundstrukturen=
deutsch	parameter	--grundstrukturen=
deutsch	parameter	--Grundstrukturen=
deutsch	parameter	--Grundstrukturen=
deutsch	parameter	--Grundstrukturen=
deutsch	parameter	--grundstrukturen=
deutsch	parameter	--grundstrukturen=
deutsch	parameter	--grundstrukturen=
deutsch	parameter	--Multiversum=
deutsch	parameter	--Multiversum=
deutsch	parameter	--Multiversum=
deutsch	parameter	--multiversum=
deutsch	parameter	--multiversum=
deutsch	parameter	--multiversum=
deutsch	parameter	--Grundstrukturen=
deutsch	parameter	--Grundstrukturen=
deutsch	parameter	--Grundstrukturen=
deutsch	parameter	--grundstrukturen=
deutsch	parameter	--grundstrukturen=
deutsch	parameter	--grundstrukturen=
deutsch	parameter	--Grundstrukturen=
deutsch	parameter	--Grundstrukturen=
deutsch	parameter	--Grundstrukturen=
deutsch	parameter	--grundstrukturen=
deutsch	parameter	--grundstrukturen=
deutsch	parameter	--grundstrukturen=
deutsch	parameter	--Grundstrukturen=
deutsch	parameter	--Grundstrukturen=
deutsch	parameter	--Grundstrukturen=
deutsch	parameter	--grundstrukturen=
deutsch	parameter	--grundstrukturen=
deutsch	parameter	--grundstrukturen=
deutsch	parameter	--Grundstrukturen=
deutsch	parameter	--Grundstrukturen=
deutsch	parameter	--Grundstrukturen=
deutsch	parameter	--Grundstrukturen=
deutsch	parameter	--Grundstrukturen=
deutsch	parameter	--grundstrukturen=
deutsch	parameter	--grundstrukturen=
deutsch	parameter	--grundstrukturen=
deutsch	parameter	--grundstrukturen=
deutsch	parameter	--grundstrukturen=
deutsch	parameter	--Grundstrukturen=
deutsch	parameter	--Grundstrukturen=
deutsch	parameter	--grundstrukturen=
deutsch	parameter	--grundstrukturen=
deutsch	parameter	--Grundstrukturen=
deutsch	parameter	--Grundstrukturen=
deutsch	parameter	--Grundstrukturen=
deutsch	parameter	--Grundstrukturen=
deutsch	parameter	--Grundstrukturen=
deutsch	parameter	--grundstrukturen=
deutsch	parameter	--grundstrukturen=
deutsch	parameter	--grundstrukturen=
deutsch	parameter	--grundstrukturen=
deutsch	parameter	--grundstrukturen=
deutsch	parameter	--Multiversum=
deutsch	parameter	--multiversum=
deutsch	parameter	--Multiversum=
deutsch	parameter	--multiversum=
deutsch	parameter	--Grundstrukturen=
deutsch	parameter	--grundstrukturen=
deutsch	parameter	--Grundstrukturen=
deutsch	parameter	--Grundstrukturen=
deutsch	parameter	--Grundstrukturen=
deutsch	parameter	--grundstrukturen=
deutsch	parameter	--grundstrukturen=
deutsch	parameter	--grundstrukturen=
deutsch	parameter	--Grundstrukturen=
deutsch	parameter	--Grundstrukturen=
deutsch	parameter	--Grundstrukturen=
deutsch	parameter	--Grundstrukturen=
deutsch	parameter	--grundstrukturen=
deutsch	parameter	--grundstrukturen=
deutsch	parameter	--grundstrukturen=
deutsch	parameter	--grundstrukturen=
deutsch	parameter	--Grundstrukturen=
deutsch	parameter	--Grundstrukturen=
deutsch	parameter	--Grundstrukturen=
deutsch	parameter	--Grundstrukturen=
deutsch	parameter	--Grundstrukturen=
deutsch	parameter	--Grundstrukturen=
deutsch	parameter	--Grundstrukturen=
deutsch	parameter	--grundstrukturen=
deutsch	parameter	--grundstrukturen=
deutsch	parameter	--grundstrukturen=
deutsch	parameter	--grundstrukturen=
deutsch	parameter	--grundstrukturen=
deutsch	parameter	--grundstrukturen=
deutsch	parameter	--grundstrukturen=
deutsch	parameter	--Grundstrukturen=
deutsch	parameter	--Grundstrukturen=
deutsch	parameter	--Grundstrukturen=
deutsch	parameter	--grundstrukturen=
deutsch	parameter	--grundstrukturen=
deutsch	parameter	--grundstrukturen=
deutsch	parameter	--Grundstrukturen=
deutsch	parameter	--Grundstrukturen=
deutsch	parameter	--Grundstrukturen=
deutsch	parameter	--Grundstrukturen=
deutsch	parameter	--grundstrukturen=
deutsch	parameter	--grundstrukturen=
deutsch	parameter	--grundstrukturen=
deutsch	parameter	--grundstrukturen=
deutsch	parameter	--Grundstrukturen=
deutsch	parameter	--Grundstrukturen=
deutsch	parameter	--Grundstrukturen=
deutsch	parameter	--Grundstrukturen=
deutsch	parameter	--grundstrukturen=
deutsch	parameter	--grundstrukturen=
deutsch	parameter	--grundstrukturen=
deutsch	parameter	--grundstrukturen=
deutsch	parameter	--Grundstrukturen=
deutsch	parameter	--Grundstrukturen=
deutsch	parameter	--Grundstrukturen=
deutsch	parameter	--Grundstrukturen=
deutsch	parameter	--Grundstrukturen=
deutsch	parameter	--grundstrukturen=
deutsch	parameter	--grundstrukturen=
deutsch	parameter	--grundstrukturen=
deutsch	parameter	--grundstrukturen=
deutsch	parameter	--grundstrukturen=
deutsch	parameter	--Grundstrukturen=
deutsch	parameter	--Grundstrukturen=
deutsch	parameter	--Grundstrukturen=
deutsch	parameter	--grundstrukturen=
deutsch	parameter	--grundstrukturen=
deutsch	parameter	--grundstrukturen=
deutsch	parameter	--Grundstrukturen=
deutsch	parameter	--Grundstrukturen=
deutsch	parameter	--Grundstrukturen=
deutsch	parameter	--Grundstrukturen=
deutsch	parameter	--grundstrukturen=
deutsch	parameter	--grundstrukturen=
deutsch	parameter	--grundstrukturen=
deutsch	parameter	--grundstrukturen=
deutsch	parameter	--Grundstrukturen=
deutsch	parameter	--Grundstrukturen=
deutsch	parameter	--grundstrukturen=
deutsch	parameter	--grundstrukturen=
deutsch	parameter	--Grundstrukturen=
deutsch	parameter	--Grundstrukturen=
deutsch	parameter	--Grundstrukturen=
deutsch	parameter	--grundstrukturen=
deutsch	parameter	--grundstrukturen=
deutsch	parameter	--grundstrukturen=
deutsch	parameter	--Grundstrukturen=
deutsch	parameter	--Grundstrukturen=
deutsch	parameter	--Grundstrukturen=
deutsch	parameter	--Grundstrukturen=
deutsch	parameter	--grundstrukturen=
deutsch	parameter	--grundstrukturen=
deutsch	parameter	--grundstrukturen=
deutsch	parameter	--grundstrukturen=
deutsch	parameter	--Grundstrukturen=
deutsch	parameter	--Grundstrukturen=
deutsch	parameter	--Grundstrukturen=
deutsch	parameter	--Grundstrukturen=
deutsch	parameter	--grundstrukturen=
deutsch	parameter	--grundstrukturen=
deutsch	parameter	--grundstrukturen=
deutsch	parameter	--grundstrukturen=
deutsch	parameter	--Grundstrukturen=
deutsch	parameter	--Grundstrukturen=
deutsch	parameter	--grundstrukturen=
deutsch	parameter	--grundstrukturen=
deutsch	parameter	--Menschliches=
deutsch	parameter	--Menschliches=
deutsch	parameter	--Menschliches=
deutsch	parameter	--Menschliches=
deutsch	parameter	--menschliches=
deutsch	parameter	--menschliches=
deutsch	parameter	--menschliches=
deutsch	parameter	--menschliches=
deutsch	parameter	--Menschliches=
deutsch	parameter	--Menschliches=
deutsch	parameter	--menschliches=
deutsch	parameter	--menschliches=
deutsch	parameter	--Grundstrukturen=
deutsch	parameter	--Grundstrukturen=
deutsch	parameter	--grundstrukturen=
deutsch	parameter	--grundstrukturen=
deutsch	parameter	--Grundstrukturen=
deutsch	parameter	--Grundstrukturen=
deutsch	parameter	--Grundstrukturen=
deutsch	parameter	--grundstrukturen=
deutsch	parameter	--grundstrukturen=
deutsch	parameter	--grundstrukturen=
deutsch	parameter	--Grundstrukturen=
deutsch	parameter	--Grundstrukturen=
deutsch	parameter	--grundstrukturen=
deutsch	parameter	--grundstrukturen=
deutsch	parameter	--Grundstrukturen=
deutsch	parameter	--Grundstrukturen=
deutsch	parameter	--grundstrukturen=
deutsch	parameter	--grundstrukturen=
deutsch	parameter	--Grundstrukturen=
deutsch	parameter	--grundstrukturen=
deutsch	parameter	--Grundstrukturen=
deutsch	parameter	--Grundstrukturen=
deutsch	parameter	--grundstrukturen=
deutsch	parameter	--grundstrukturen=
deutsch	parameter	--Grundstrukturen=
deutsch	parameter	--Grundstrukturen=
deutsch	parameter	--Grundstrukturen=
deutsch	parameter	--Grundstrukturen=
deutsch	parameter	--Grundstrukturen=
deutsch	parameter	--Grundstrukturen=
deutsch	parameter	--grundstrukturen=
deutsch	parameter	--grundstrukturen=
deutsch	parameter	--grundstrukturen=
deutsch	parameter	--grundstrukturen=
deutsch	parameter	--grundstrukturen=
deutsch	parameter	--grundstrukturen=
deutsch	parameter	--Grundstrukturen=
deutsch	parameter	--Grundstrukturen=
deutsch	parameter	--Grundstrukturen=
deutsch	parameter	--grundstrukturen=
deutsch	parameter	--grundstrukturen=
deutsch	parameter	--grundstrukturen=
deutsch	parameter	--Grundstrukturen=
deutsch	parameter	--Grundstrukturen=
deutsch	parameter	--Grundstrukturen=
deutsch	parameter	--grundstrukturen=
deutsch	parameter	--grundstrukturen=
deutsch	parameter	--grundstrukturen=
deutsch	parameter	--Grundstrukturen=
deutsch	parameter	--Grundstrukturen=
deutsch	parameter	--Grundstrukturen=
deutsch	parameter	--Grundstrukturen=
deutsch	parameter	--Grundstrukturen=
deutsch	parameter	--Grundstrukturen=
deutsch	parameter	--grundstrukturen=
deutsch	parameter	--grundstrukturen=
deutsch	parameter	--grundstrukturen=
deutsch	parameter	--grundstrukturen=
deutsch	parameter	--grundstrukturen=
deutsch	parameter	--grundstrukturen=
deutsch	parameter	--Menschliches=
deutsch	parameter	--Menschliches=
deutsch	parameter	--Menschliches=
deutsch	parameter	--Menschliches=
deutsch	parameter	--Menschliches=
deutsch	parameter	--Menschliches=
deutsch	parameter	--menschliches=
deutsch	parameter	--menschliches=
deutsch	parameter	--menschliches=
deutsch	parameter	--menschliches=
deutsch	parameter	--menschliches=
deutsch	parameter	--menschliches=
deutsch	parameter	--Menschliches=
deutsch	parameter	--Menschliches=
deutsch	parameter	--Menschliches=
deutsch	parameter	--menschliches=
deutsch	parameter	--menschliches=
deutsch	parameter	--menschliches=
deutsch	parameter	--Menschliches=
deutsch	parameter	--Menschliches=
deutsch	parameter	--Menschliches=
deutsch	parameter	--menschliches=
deutsch	parameter	--menschliches=
deutsch	parameter	--menschliches=
deutsch	parameter	--Menschliches=
deutsch	parameter	--Menschliches=
deutsch	parameter	--Menschliches=
deutsch	parameter	--Menschliches=
deutsch	parameter	--menschliches=
deutsch	parameter	--menschliches=
deutsch	parameter	--menschliches=
deutsch	parameter	--menschliches=
deutsch	parameter	--Menschliches=
deutsch	parameter	--Menschliches=
deutsch	parameter	--Menschliches=
deutsch	parameter	--Menschliches=
deutsch	parameter	--Menschliches=
deutsch	parameter	--Menschliches=
deutsch	parameter	--Menschliches=
deutsch	parameter	--Menschliches=
deutsch	parameter	--Menschliches=
deutsch	parameter	--Menschliches=
deutsch	parameter	--Menschliches=
deutsch	parameter	--menschliches=
deutsch	parameter	--menschliches=
deutsch	parameter	--menschliches=
deutsch	parameter	--menschliches=
deutsch	parameter	--menschliches=
deutsch	parameter	--menschliches=
deutsch	parameter	--menschliches=
deutsch	parameter	--menschliches=
deutsch	parameter	--menschliches=
deutsch	parameter	--menschliches=
deutsch	parameter	--menschliches=
deutsch	parameter	--Menschliches=
deutsch	parameter	--Menschliches=
deutsch	parameter	--Menschliches=
deutsch	parameter	--Menschliches=
deutsch	parameter	--menschliches=
deutsch	parameter	--menschliches=
deutsch	parameter	--menschliches=
deutsch	parameter	--menschliches=
deutsch	parameter	--Menschliches=
deutsch	parameter	--Menschliches=
deutsch	parameter	--Menschliches=
deutsch	parameter	--Menschliches=
deutsch	parameter	--Menschliches=
deutsch	parameter	--Menschliches=
deutsch	parameter	--menschliches=
deutsch	parameter	--menschliches=
deutsch	parameter	--menschliches=
deutsch	parameter	--menschliches=
deutsch	parameter	--menschliches=
deutsch	parameter	--menschliches=
deutsch	parameter	--Menschliches=
deutsch	parameter	--Menschliches=
deutsch	parameter	--Menschliches=
deutsch	parameter	--Menschliches=
deutsch	parameter	--Menschliches=
deutsch	parameter	--Menschliches=
deutsch	parameter	--menschliches=
deutsch	parameter	--menschliches=
deutsch	parameter	--menschliches=
deutsch	parameter	--menschliches=
deutsch	parameter	--menschliches=
deutsch	parameter	--menschliches=
deutsch	parameter	--Menschliches=
deutsch	parameter	--Menschliches=
deutsch	parameter	--menschliches=
deutsch	parameter	--menschliches=
deutsch	parameter	--Grundstrukturen=
deutsch	parameter	--grundstrukturen=
deutsch	parameter	--Multiversum=
deutsch	parameter	--multiversum=
deutsch	parameter	--Universum=
deutsch	parameter	--Universum=
deutsch	parameter	--universum=
deutsch	parameter	--universum=
deutsch	parameter	--transzendentalien=
deutsch	parameter	--transzendentalien=
deutsch	parameter	--strukturalien=
deutsch	parameter	--strukturalien=
deutsch	parameter	--kugel=
deutsch	parameter	--kugel=
deutsch	parameter	--kugeln=
deutsch	parameter	--kugeln=
deutsch	parameter	--ball=
deutsch	parameter	--ball=
deutsch	parameter	--baelle=
deutsch	parameter	--baelle=
deutsch	parameter	--bälle=
deutsch	parameter	--bälle=
deutsch	parameter	--Universum=
deutsch	parameter	--universum=
deutsch	parameter	--transzendentalien=
deutsch	parameter	--strukturalien=
deutsch	parameter	--kugel=
deutsch	parameter	--kugeln=
deutsch	parameter	--ball=
deutsch	parameter	--baelle=
deutsch	parameter	--bälle=
deutsch	parameter	--Menschliches=
deutsch	parameter	--menschliches=
deutsch	parameter	--Menschliches=
deutsch	parameter	--Menschliches=
deutsch	parameter	--menschliches=
deutsch	parameter	--menschliches=
deutsch	parameter	--Menschliches=
deutsch	parameter	--Menschliches=
deutsch	parameter	--Menschliches=
deutsch	parameter	--menschliches=
deutsch	parameter	--menschliches=
deutsch	parameter	--menschliches=
deutsch	parameter	--Menschliches=
deutsch	parameter	--Menschliches=
deutsch	parameter	--Menschliches=
deutsch	parameter	--Menschliches=
deutsch	parameter	--menschliches=
deutsch	parameter	--menschliches=
deutsch	parameter	--menschliches=
deutsch	parameter	--menschliches=
deutsch	parameter	--Menschliches=
deutsch	parameter	--Menschliches=
deutsch	parameter	--menschliches=
deutsch	parameter	--menschliches=
deutsch	parameter	--Pro_Contra=
deutsch	parameter	--Pro_Contra=
deutsch	parameter	--Pro_Contra=
deutsch	parameter	--Pro_Contra=
deutsch	parameter	--procontra=
deutsch	parameter	--procontra=
deutsch	parameter	--procontra=
deutsch	parameter	--procontra=
deutsch	parameter	--dagegendafuer=
deutsch	parameter	--dagegendafuer=
deutsch	parameter	--dagegendafuer=
deutsch	parameter	--dagegendafuer=
deutsch	parameter	--Pro_Contra=
deutsch	parameter	--Pro_Contra=
deutsch	parameter	--Pro_Contra=
deutsch	parameter	--Pro_Contra=
deutsch	parameter	--Pro_Contra=
deutsch	parameter	--procontra=
deutsch	parameter	--procontra=
deutsch	parameter	--procontra=
deutsch	parameter	--procontra=
deutsch	parameter	--procontra=
deutsch	parameter	--dagegendafuer=
deutsch	parameter	--dagegendafuer=
deutsch	parameter	--dagegendafuer=
deutsch	parameter	--dagegendafuer=
deutsch	parameter	--dagegendafuer=
deutsch	parameter	--Pro_Contra=
deutsch	parameter	--Pro_Contra=
deutsch	parameter	--Pro_Contra=
deutsch	parameter	--Pro_Contra=
deutsch	parameter	--Pro_Contra=
deutsch	parameter	--procontra=
deutsch	parameter	--procontra=
deutsch	parameter	--procontra=
deutsch	parameter	--procontra=
deutsch	parameter	--procontra=
deutsch	parameter	--dagegendafuer=
deutsch	parameter	--dagegendafuer=
deutsch	parameter	--dagegendafuer=
deutsch	parameter	--dagegendafuer=
deutsch	parameter	--dagegendafuer=
deutsch	parameter	--Pro_Contra=
deutsch	parameter	--Pro_Contra=
deutsch	parameter	--procontra=
deutsch	parameter	--procontra=
deutsch	parameter	--dagegendafuer=
deutsch	parameter	--dagegendafuer=
deutsch	parameter	--Pro_Contra=
deutsch	parameter	--Pro_Contra=
deutsch	parameter	--Pro_Contra=
deutsch	parameter	--procontra=
deutsch	parameter	--procontra=
deutsch	parameter	--procontra=
deutsch	parameter	--dagegendafuer=
deutsch	parameter	--dagegendafuer=
deutsch	parameter	--dagegendafuer=
deutsch	parameter	--Pro_Contra=
deutsch	parameter	--Pro_Contra=
deutsch	parameter	--Pro_Contra=
deutsch	parameter	--procontra=
deutsch	parameter	--procontra=
deutsch	parameter	--procontra=
deutsch	parameter	--dagegendafuer=
deutsch	parameter	--dagegendafuer=
deutsch	parameter	--dagegendafuer=
deutsch	parameter	--Pro_Contra=
deutsch	parameter	--procontra=
deutsch	parameter	--dagegendafuer=
deutsch	parameter	--Pro_Contra=
deutsch	parameter	--Pro_Contra=
deutsch	parameter	--procontra=
deutsch	parameter	--procontra=
deutsch	parameter	--dagegendafuer=
deutsch	parameter	--dagegendafuer=
deutsch	parameter	--Pro_Contra=
deutsch	parameter	--Pro_Contra=
deutsch	parameter	--procontra=
deutsch	parameter	--procontra=
deutsch	parameter	--dagegendafuer=
deutsch	parameter	--dagegendafuer=
deutsch	parameter	--Pro_Contra=
deutsch	parameter	--Pro_Contra=
deutsch	parameter	--procontra=
deutsch	parameter	--procontra=
deutsch	parameter	--dagegendafuer=
deutsch	parameter	--dagegendafuer=
deutsch	parameter	--Pro_Contra=
deutsch	parameter	--Pro_Contra=
deutsch	parameter	--Pro_Contra=
deutsch	parameter	--procontra=
deutsch	parameter	--procontra=
deutsch	parameter	--procontra=
deutsch	parameter	--dagegendafuer=
deutsch	parameter	--dagegendafuer=
deutsch	parameter	--dagegendafuer=
deutsch	parameter	--Pro_Contra=
deutsch	parameter	--Pro_Contra=
deutsch	parameter	--Pro_Contra=
deutsch	parameter	--Pro_Contra=
deutsch	parameter	--procontra=
deutsch	parameter	--procontra=
deutsch	parameter	--procontra=
deutsch	parameter	--procontra=
deutsch	parameter	--dagegendafuer=
deutsch	parameter	--dagegendafuer=
deutsch	parameter	--dagegendafuer=
deutsch	parameter	--dagegendafuer=
deutsch	parameter	--Pro_Contra=
deutsch	parameter	--Pro_Contra=
deutsch	parameter	--procontra=
deutsch	parameter	--procontra=
deutsch	parameter	--dagegendafuer=
deutsch	parameter	--dagegendafuer=
deutsch	parameter	--Pro_Contra=
deutsch	parameter	--Pro_Contra=
deutsch	parameter	--procontra=
deutsch	parameter	--procontra=
deutsch	parameter	--dagegendafuer=
deutsch	parameter	--dagegendafuer=
deutsch	parameter	--Pro_Contra=
deutsch	parameter	--Pro_Contra=
deutsch	parameter	--procontra=
deutsch	parameter	--procontra=
deutsch	parameter	--dagegendafuer=
deutsch	parameter	--dagegendafuer=
deutsch	parameter	--Pro_Contra=
deutsch	parameter	--Pro_Contra=
deutsch	parameter	--procontra=
deutsch	parameter	--procontra=
deutsch	parameter	--dagegendafuer=
deutsch	parameter	--dagegendafuer=
deutsch	parameter	--Pro_Contra=
deutsch	parameter	--Pro_Contra=
deutsch	parameter	--procontra=
deutsch	parameter	--procontra=
deutsch	parameter	--dagegendafuer=
deutsch	parameter	--dagegendafuer=
deutsch	parameter	--Pro_Contra=
deutsch	parameter	--Pro_Contra=
deutsch	parameter	--procontra=
deutsch	parameter	--procontra=
deutsch	parameter	--dagegendafuer=
deutsch	parameter	--dagegendafuer=
deutsch	parameter	--Pro_Contra=
deutsch	parameter	--Pro_Contra=
deutsch	parameter	--procontra=
deutsch	parameter	--procontra=
deutsch	parameter	--dagegendafuer=
deutsch	parameter	--dagegendafuer=
deutsch	parameter	--Pro_Contra=
deutsch	parameter	--procontra=
deutsch	parameter	--dagegendafuer=
deutsch	parameter	--Pro_Contra=
deutsch	parameter	--Pro_Contra=
deutsch	parameter	--procontra=
deutsch	parameter	--procontra=
deutsch	parameter	--dagegendafuer=
deutsch	parameter	--dagegendafuer=
deutsch	parameter	--Pro_Contra=
deutsch	parameter	--Pro_Contra=
deutsch	parameter	--procontra=
deutsch	parameter	--procontra=
deutsch	parameter	--dagegendafuer=
deutsch	parameter	--dagegendafuer=
deutsch	parameter	--Pro_Contra=
deutsch	parameter	--Pro_Contra=
deutsch	parameter	--procontra=
deutsch	parameter	--procontra=
deutsch	parameter	--dagegendafuer=
deutsch	parameter	--dagegendafuer=
deutsch	parameter	--Licht=
deutsch	parameter	--licht=
deutsch	parameter	--Pro_Contra=
deutsch	parameter	--Pro_Contra=
deutsch	parameter	--procontra=
deutsch	parameter	--procontra=
deutsch	parameter	--dagegendafuer=
deutsch	parameter	--dagegendafuer=
deutsch	parameter	--Bedeutung=
deutsch	parameter	--Bedeutung=
deutsch	parameter	--bedeutung=
deutsch	parameter	--bedeutung=
deutsch	parameter	--Bedeutung=
deutsch	parameter	--Bedeutung=
deutsch	parameter	--bedeutung=
deutsch	parameter	--bedeutung=
deutsch	parameter	--Bedeutung=
deutsch	parameter	--Bedeutung=
deutsch	parameter	--bedeutung=
deutsch	parameter	--bedeutung=
deutsch	parameter	--Bedeutung=
deutsch	parameter	--Bedeutung=
deutsch	parameter	--Bedeutung=
deutsch	parameter	--Bedeutung=
deutsch	parameter	--bedeutung=
deutsch	parameter	--bedeutung=
deutsch	parameter	--bedeutung=
deutsch	parameter	--bedeutung=
deutsch	parameter	--Bedeutung=
deutsch	parameter	--Bedeutung=
deutsch	parameter	--Bedeutung=
deutsch	parameter	--Bedeutung=
deutsch	parameter	--bedeutung=
deutsch	parameter	--bedeutung=
deutsch	parameter	--bedeutung=
deutsch	parameter	--bedeutung=
deutsch	parameter	--Bedeutung=
deutsch	parameter	--Bedeutung=
deutsch	parameter	--Bedeutung=
deutsch	parameter	--Bedeutung=
deutsch	parameter	--Bedeutung=
deutsch	parameter	--bedeutung=
deutsch	parameter	--bedeutung=
deutsch	parameter	--bedeutung=
deutsch	parameter	--bedeutung=
deutsch	parameter	--bedeutung=
deutsch	parameter	--Bedeutung=
deutsch	parameter	--Bedeutung=
deutsch	parameter	--Bedeutung=
deutsch	parameter	--Bedeutung=
deutsch	parameter	--bedeutung=
deutsch	parameter	--bedeutung=
deutsch	parameter	--bedeutung=
deutsch	parameter	--bedeutung=
deutsch	parameter	--Bedeutung=
deutsch	parameter	--Bedeutung=
deutsch	parameter	--Bedeutung=
deutsch	parameter	--bedeutung=
deutsch	parameter	--bedeutung=
deutsch	parameter	--bedeutung=
deutsch	parameter	--Bedeutung=
deutsch	parameter	--Bedeutung=
deutsch	parameter	--Bedeutung=
deutsch	parameter	--Bedeutung=
deutsch	parameter	--Bedeutung=
deutsch	parameter	--bedeutung=
deutsch	parameter	--bedeutung=
deutsch	parameter	--bedeutung=
deutsch	parameter	--bedeutung=
deutsch	parameter	--bedeutung=
deutsch	parameter	--Bedeutung=
deutsch	parameter	--Bedeutung=
deutsch	parameter	--Bedeutung=
deutsch	parameter	--bedeutung=
deutsch	parameter	--bedeutung=
deutsch	parameter	--bedeutung=
deutsch	parameter	--Bedeutung=
deutsch	parameter	--Bedeutung=
deutsch	parameter	--Bedeutung=
deutsch	parameter	--Bedeutung=
deutsch	parameter	--Bedeutung=
deutsch	parameter	--Bedeutung=
deutsch	parameter	--Bedeutung=
deutsch	parameter	--bedeutung=
deutsch	parameter	--bedeutung=
deutsch	parameter	--bedeutung=
deutsch	parameter	--bedeutung=
deutsch	parameter	--bedeutung=
deutsch	parameter	--bedeutung=
deutsch	parameter	--bedeutung=
deutsch	parameter	--gebrochen-rational_Galaxie_n/m=
deutsch	parameter	--gebrochen-rational_Galaxie_n/m=
deutsch	parameter	--gebrochen-rational_Galaxie_n/m=
deutsch	parameter	--gebrochen-rational_Galaxie_n/m=
deutsch	parameter	--gebrochen-rational_Galaxie_n/m=
deutsch	parameter	--gebrochen-rational_Galaxie_n/m=
deutsch	parameter	--gebrochen-rational_Galaxie_n/m=
deutsch	parameter	--gebrochen-rational_Galaxie_n/m=
deutsch	parameter	--gebrochen-rational_Galaxie_n/m=
deutsch	parameter	--gebrochen-rational_Galaxie_n/m=
deutsch	parameter	--gebrochen-rational_Galaxie_n/m=
deutsch	parameter	--gebrochen-rational_Galaxie_n/m=
deutsch	parameter	--gebrochen-rational_Galaxie_n/m=
deutsch	parameter	--gebrochen-rational_Galaxie_n/m=
deutsch	parameter	--gebrochen-rational_Galaxie_n/m=
deutsch	parameter	--gebrochen-rational_Galaxie_n/m=
deutsch	parameter	--gebrochen-rational_Galaxie_n/m=
deutsch	parameter	--gebrochen-rational_Galaxie_n/m=
deutsch	parameter	--gebrochen-rational_Galaxie_n/m=
deutsch	parameter	--gebrochen-rational_Galaxie_n/m=
deutsch	parameter	--gebrochen-rational_Galaxie_n/m=
deutsch	parameter	--gebrochen-rational_Galaxie_n/m=
deutsch	parameter	--gebrochengalaxie=
deutsch	parameter	--gebrochengalaxie=
deutsch	parameter	--gebrochengalaxie=
deutsch	parameter	--gebrochengalaxie=
deutsch	parameter	--gebrochengalaxie=
deutsch	parameter	--gebrochengalaxie=
deutsch	parameter	--gebrochengalaxie=
deutsch	parameter	--gebrochengalaxie=
deutsch	parameter	--gebrochengalaxie=
deutsch	parameter	--gebrochengalaxie=
deutsch	parameter	--gebrochengalaxie=
deutsch	parameter	--gebrochengalaxie=
deutsch	parameter	--gebrochengalaxie=
deutsch	parameter	--gebrochengalaxie=
deutsch	parameter	--gebrochengalaxie=
deutsch	parameter	--gebrochengalaxie=
deutsch	parameter	--gebrochengalaxie=
deutsch	parameter	--gebrochengalaxie=
deutsch	parameter	--gebrochengalaxie=
deutsch	parameter	--gebrochengalaxie=
deutsch	parameter	--gebrochengalaxie=
deutsch	parameter	--gebrochengalaxie=
deutsch	parameter	--gebrochen-rational_Universum_n/m=
deutsch	parameter	--gebrochen-rational_Universum_n/m=
deutsch	parameter	--gebrochen-rational_Universum_n/m=
deutsch	parameter	--gebrochen-rational_Universum_n/m=
deutsch	parameter	--gebrochen-rational_Universum_n/m=
deutsch	parameter	--gebrochen-rational_Universum_n/m=
deutsch	parameter	--gebrochen-rational_Universum_n/m=
deutsch	parameter	--gebrochen-rational_Universum_n/m=
deutsch	parameter	--gebrochen-rational_Universum_n/m=
deutsch	parameter	--gebrochen-rational_Universum_n/m=
deutsch	parameter	--gebrochen-rational_Universum_n/m=
deutsch	parameter	--gebrochen-rational_Universum_n/m=
deutsch	parameter	--gebrochen-rational_Universum_n/m=
deutsch	parameter	--gebrochen-rational_Universum_n/m=
deutsch	parameter	--gebrochen-rational_Universum_n/m=
deutsch	parameter	--gebrochen-rational_Universum_n/m=
deutsch	parameter	--gebrochen-rational_Universum_n/m=
deutsch	parameter	--gebrochen-rational_Universum_n/m=
deutsch	parameter	--gebrochen-rational_Universum_n/m=
deutsch	parameter	--gebrochen-rational_Universum_n/m=
deutsch	parameter	--gebrochen-rational_Universum_n/m=
deutsch	parameter	--gebrochen-rational_Universum_n/m=
deutsch	parameter	--gebrochenuniversum=
deutsch	parameter	--gebrochenuniversum=
deutsch	parameter	--gebrochenuniversum=
deutsch	parameter	--gebrochenuniversum=
deutsch	parameter	--gebrochenuniversum=
deutsch	parameter	--gebrochenuniversum=
deutsch	parameter	--gebrochenuniversum=
deutsch	parameter	--gebrochenuniversum=
deutsch	parameter	--gebrochenuniversum=
deutsch	parameter	--gebrochenuniversum=
deutsch	parameter	--gebrochenuniversum=
deutsch	parameter	--gebrochenuniversum=
deutsch	parameter	--gebrochenuniversum=
deutsch	parameter	--gebrochenuniversum=
deutsch	parameter	--gebrochenuniversum=
deutsch	parameter	--gebrochenuniversum=
deutsch	parameter	--gebrochenuniversum=
deutsch	parameter	--gebrochenuniversum=
deutsch	parameter	--gebrochenuniversum=
deutsch	parameter	--gebrochenuniversum=
deutsch	parameter	--gebrochenuniversum=
deutsch	parameter	--gebrochenuniversum=
deutsch	parameter	--gebrochen-rational_Gefuehle_n/m=
deutsch	parameter	--gebrochen-rational_Gefuehle_n/m=
deutsch	parameter	--gebrochen-rational_Gefuehle_n/m=
deutsch	parameter	--gebrochen-rational_Gefuehle_n/m=
deutsch	parameter	--gebrochen-rational_Gefuehle_n/m=
deutsch	parameter	--gebrochen-rational_Gefuehle_n/m=
deutsch	parameter	--gebrochen-rational_Gefuehle_n/m=
deutsch	parameter	--gebrochen-rational_Gefuehle_n/m=
deutsch	parameter	--gebrochen-rational_Gefuehle_n/m=
deutsch	parameter	--gebrochen-rational_Gefuehle_n/m=
deutsch	parameter	--gebrochen-rational_Gefuehle_n/m=
deutsch	parameter	--gebrochen-rational_Gefuehle_n/m=
deutsch	parameter	--gebrochen-rational_Gefuehle_n/m=
deutsch	parameter	--gebrochen-rational_Gefuehle_n/m=
deutsch	parameter	--gebrochen-rational_Gefuehle_n/m=
deutsch	parameter	--gebrochen-rational_Gefuehle_n/m=
deutsch	parameter	--gebrochen-rational_Gefuehle_n/m=
deutsch	parameter	--gebrochen-rational_Gefuehle_n/m=
deutsch	parameter	--gebrochen-rational_Gefuehle_n/m=
deutsch	parameter	--gebrochen-rational_Gefuehle_n/m=
deutsch	parameter	--gebrochen-rational_Gefuehle_n/m=
deutsch	parameter	--gebrochen-rational_Gefuehle_n/m=
deutsch	parameter	--gebrochenemotion=
deutsch	parameter	--gebrochenemotion=
deutsch	parameter	--gebrochenemotion=
deutsch	parameter	--gebrochenemotion=
deutsch	parameter	--gebrochenemotion=
deutsch	parameter	--gebrochenemotion=
deutsch	parameter	--gebrochenemotion=
deutsch	parameter	--gebrochenemotion=
deutsch	parameter	--gebrochenemotion=
deutsch	parameter	--gebrochenemotion=
deutsch	parameter	--gebrochenemotion=
deutsch	parameter	--gebrochenemotion=
deutsch	parameter	--gebrochenemotion=
deutsch	parameter	--gebrochenemotion=
deutsch	parameter	--gebrochenemotion=
deutsch	parameter	--gebrochenemotion=
deutsch	parameter	--gebrochenemotion=
deutsch	parameter	--gebrochenemotion=
deutsch	parameter	--gebrochenemotion=
deutsch	parameter	--gebrochenemotion=
deutsch	parameter	--gebrochenemotion=
deutsch	parameter	--gebrochenemotion=
deutsch	parameter	--gebrochen-rational_Strukturgroesse_n/m=
deutsch	parameter	--gebrochen-rational_Strukturgroesse_n/m=
deutsch	parameter	--gebrochen-rational_Strukturgroesse_n/m=
deutsch	parameter	--gebrochen-rational_Strukturgroesse_n/m=
deutsch	parameter	--gebrochen-rational_Strukturgroesse_n/m=
deutsch	parameter	--gebrochen-rational_Strukturgroesse_n/m=
deutsch	parameter	--gebrochen-rational_Strukturgroesse_n/m=
deutsch	parameter	--gebrochen-rational_Strukturgroesse_n/m=
deutsch	parameter	--gebrochen-rational_Strukturgroesse_n/m=
deutsch	parameter	--gebrochen-rational_Strukturgroesse_n/m=
deutsch	parameter	--gebrochen-rational_Strukturgroesse_n/m=
deutsch	parameter	--gebrochen-rational_Strukturgroesse_n/m=
deutsch	parameter	--gebrochen-rational_Strukturgroesse_n/m=
deutsch	parameter	--gebrochen-rational_Strukturgroesse_n/m=
deutsch	parameter	--gebrochen-rational_Strukturgroesse_n/m=
deutsch	parameter	--gebrochen-rational_Strukturgroesse_n/m=
deutsch	parameter	--gebrochen-rational_Strukturgroesse_n/m=
deutsch	parameter	--gebrochen-rational_Strukturgroesse_n/m=
deutsch	parameter	--gebrochen-rational_Strukturgroesse_n/m=
deutsch	parameter	--gebrochen-rational_Strukturgroesse_n/m=
deutsch	parameter	--gebrochen-rational_Strukturgroesse_n/m=
deutsch	parameter	--gebrochen-rational_Strukturgroesse_n/m=
deutsch	parameter	--gebrochengroesse=
deutsch	parameter	--gebrochengroesse=
deutsch	parameter	--gebrochengroesse=
deutsch	parameter	--gebrochengroesse=
deutsch	parameter	--gebrochengroesse=
deutsch	parameter	--gebrochengroesse=
deutsch	parameter	--gebrochengroesse=
deutsch	parameter	--gebrochengroesse=
deutsch	parameter	--gebrochengroesse=
deutsch	parameter	--gebrochengroesse=
deutsch	parameter	--gebrochengroesse=
deutsch	parameter	--gebrochengroesse=
deutsch	parameter	--gebrochengroesse=
deutsch	parameter	--gebrochengroesse=
deutsch	parameter	--gebrochengroesse=
deutsch	parameter	--gebrochengroesse=
deutsch	parameter	--gebrochengroesse=
deutsch	parameter	--gebrochengroesse=
deutsch	parameter	--gebrochengroesse=
deutsch	parameter	--gebrochengroesse=
deutsch	parameter	--gebrochengroesse=
deutsch	parameter	--gebrochengroesse=
deutsch	parameter	--Symbole=
deutsch	parameter	--symbole=
deutsch	parameter	--Symbole=
deutsch	parameter	--symbole=
deutsch	parameter	--Symbole=
deutsch	parameter	--symbole=
deutsch	parameter	--Symbole=
deutsch	parameter	--Symbole=
deutsch	parameter	--symbole=
deutsch	parameter	--symbole=
deutsch	parameter	--Symbole=
deutsch	parameter	--symbole=
deutsch	parameter	--Symbole=
deutsch	parameter	--symbole=
deutsch	parameter	--Symbole=
deutsch	parameter	--symbole=
deutsch	parameter	--Symbole=
deutsch	parameter	--symbole=
deutsch	parameter	--Symbole=
deutsch	parameter	--symbole=
deutsch	parameter	--Symbole=
deutsch	parameter	--Symbole=
deutsch	parameter	--symbole=
deutsch	parameter	--symbole=
deutsch	parameter	--Eigenschaften_n=
deutsch	parameter	--Eigenschaften_n=
deutsch	parameter	--Eigenschaften_n=
deutsch	parameter	--Eigenschaften_n=
deutsch	parameter	--Eigenschaften_n=
deutsch	parameter	--Eigenschaften_n=
deutsch	parameter	--Eigenschaften_n=
deutsch	parameter	--Eigenschaften_n=
deutsch	parameter	--eigenschaften=
deutsch	parameter	--eigenschaften=
deutsch	parameter	--eigenschaften=
deutsch	parameter	--eigenschaften=
deutsch	parameter	--eigenschaften=
deutsch	parameter	--eigenschaften=
deutsch	parameter	--eigenschaften=
deutsch	parameter	--eigenschaften=
deutsch	parameter	--eigenschaft=
deutsch	parameter	--eigenschaft=
deutsch	parameter	--eigenschaft=
deutsch	parameter	--eigenschaft=
deutsch	parameter	--eigenschaft=
deutsch	parameter	--eigenschaft=
deutsch	parameter	--eigenschaft=
deutsch	parameter	--eigenschaft=
deutsch	parameter	--konzept=
deutsch	parameter	--konzept=
deutsch	parameter	--konzept=
deutsch	parameter	--konzept=
deutsch	parameter	--konzept=
deutsch	parameter	--konzept=
deutsch	parameter	--konzept=
deutsch	parameter	--konzept=
deutsch	parameter	--konzepte=
deutsch	parameter	--konzepte=
deutsch	parameter	--konzepte=
deutsch	parameter	--konzepte=
deutsch	parameter	--konzepte=
deutsch	parameter	--konzepte=
deutsch	parameter	--konzepte=
deutsch	parameter	--konzepte=
deutsch	parameter	--Eigenschaften_n=
deutsch	parameter	--Eigenschaften_n=
deutsch	parameter	--Eigenschaften_n=
deutsch	parameter	--Eigenschaften_n=
deutsch	parameter	--eigenschaften=
deutsch	parameter	--eigenschaften=
deutsch	parameter	--eigenschaften=
deutsch	parameter	--eigenschaften=
deutsch	parameter	--eigenschaft=
deutsch	parameter	--eigenschaft=
deutsch	parameter	--eigenschaft=
deutsch	parameter	--eigenschaft=
deutsch	parameter	--konzept=
deutsch	parameter	--konzept=
deutsch	parameter	--konzept=
deutsch	parameter	--konzept=
deutsch	parameter	--konzepte=
deutsch	parameter	--konzepte=
deutsch	parameter	--konzepte=
deutsch	parameter	--konzepte=
deutsch	parameter	--Eigenschaften_n=
deutsch	parameter	--Eigenschaften_n=
deutsch	parameter	--Eigenschaften_n=
deutsch	parameter	--eigenschaften=
deutsch	parameter	--eigenschaften=
deutsch	parameter	--eigenschaften=
deutsch	parameter	--eigenschaft=
deutsch	parameter	--eigenschaft=
deutsch	parameter	--eigenschaft=
deutsch	parameter	--konzept=
deutsch	parameter	--konzept=
deutsch	parameter	--konzept=
deutsch	parameter	--konzepte=
deutsch	parameter	--konzepte=
deutsch	parameter	--konzepte=
deutsch	parameter	--Eigenschaften_n=
deutsch	parameter	--Eigenschaften_n=
deutsch	parameter	--Eigenschaften_n=
deutsch	parameter	--eigenschaften=
deutsch	parameter	--eigenschaften=
deutsch	parameter	--eigenschaften=
deutsch	parameter	--eigenschaft=
deutsch	parameter	--eigenschaft=
deutsch	parameter	--eigenschaft=
deutsch	parameter	--konzept=
deutsch	parameter	--konzept=
deutsch	parameter	--konzept=
deutsch	parameter	--konzepte=
deutsch	parameter	--konzepte=
deutsch	parameter	--konzepte=
deutsch	parameter	--Eigenschaften_1/n=
deutsch	parameter	--Eigenschaften_1/n=
deutsch	parameter	--Eigenschaften_1/n=
deutsch	parameter	--konzept2=
deutsch	parameter	--konzept2=
deutsch	parameter	--konzept2=
deutsch	parameter	--konzepte2=
deutsch	parameter	--konzepte2=
deutsch	parameter	--konzepte2=
deutsch	parameter	--Eigenschaften_1/n=
deutsch	parameter	--Eigenschaften_1/n=
deutsch	parameter	--Eigenschaften_1/n=
deutsch	parameter	--konzept2=
deutsch	parameter	--konzept2=
deutsch	parameter	--konzept2=
deutsch	parameter	--konzepte2=
deutsch	parameter	--konzepte2=
deutsch	parameter	--konzepte2=
deutsch	parameter	--Eigenschaften_1/n=
deutsch	parameter	--Eigenschaften_1/n=
deutsch	parameter	--Eigenschaften_1/n=
deutsch	parameter	--konzept2=
deutsch	parameter	--konzept2=
deutsch	parameter	--konzept2=
deutsch	parameter	--konzepte2=
deutsch	parameter	--konzepte2=
deutsch	parameter	--konzepte2=
deutsch	parameter	--Eigenschaften_1/n=
deutsch	parameter	--Eigenschaften_1/n=
deutsch	parameter	--konzept2=
deutsch	parameter	--konzept2=
deutsch	parameter	--konzepte2=
deutsch	parameter	--konzepte2=
deutsch	parameter	--Eigenschaften_1/n=
deutsch	parameter	--Eigenschaften_1/n=
deutsch	parameter	--Eigenschaften_1/n=
deutsch	parameter	--konzept2=
deutsch	parameter	--konzept2=
deutsch	parameter	--konzept2=
deutsch	parameter	--konzepte2=
deutsch	parameter	--konzepte2=
deutsch	parameter	--konzepte2=
deutsch	parameter	--Eigenschaften_1/n=
deutsch	parameter	--Eigenschaften_1/n=
deutsch	parameter	--Eigenschaften_1/n=
deutsch	parameter	--konzept2=
deutsch	parameter	--konzept2=
deutsch	parameter	--konzept2=
deutsch	parameter	--konzepte2=
deutsch	parameter	--konzepte2=
deutsch	parameter	--konzepte2=
deutsch	parameter	--Eigenschaften_1/n=
deutsch	parameter	--Eigenschaften_1/n=
deutsch	parameter	--konzept2=
deutsch	parameter	--konzept2=
deutsch	parameter	--konzepte2=
deutsch	parameter	--konzepte2=
deutsch	parameter	--Eigenschaften_n=
deutsch	parameter	--Eigenschaften_n=
deutsch	parameter	--Eigenschaften_n=
deutsch	parameter	--Eigenschaften_n=
deutsch	parameter	--eigenschaften=
deutsch	parameter	--eigenschaften=
deutsch	parameter	--eigenschaften=
deutsch	parameter	--eigenschaften=
deutsch	parameter	--eigenschaft=
deutsch	parameter	--eigenschaft=
deutsch	parameter	--eigenschaft=
deutsch	parameter	--eigenschaft=
deutsch	parameter	--konzept=
deutsch	parameter	--konzept=
deutsch	parameter	--konzept=
deutsch	parameter	--konzept=
deutsch	parameter	--konzepte=
deutsch	parameter	--konzepte=
deutsch	parameter	--konzepte=
deutsch	parameter	--konzepte=
deutsch	parameter	--Eigenschaften_1/n=
deutsch	parameter	--Eigenschaften_1/n=
deutsch	parameter	--Eigenschaften_1/n=
deutsch	parameter	--konzept2=
deutsch	parameter	--konzept2=
deutsch	parameter	--konzept2=
deutsch	parameter	--konzepte2=
deutsch	parameter	--konzepte2=
deutsch	parameter	--konzepte2=
deutsch	parameter	--Eigenschaften_1/n=
deutsch	parameter	--Eigenschaften_1/n=
deutsch	parameter	--Eigenschaften_1/n=
deutsch	parameter	--Eigenschaften_1/n=
deutsch	parameter	--Eigenschaften_1/n=
deutsch	parameter	--konzept2=
deutsch	parameter	--konzept2=
deutsch	parameter	--konzept2=
deutsch	parameter	--konzept2=
deutsch	parameter	--konzept2=
deutsch	parameter	--konzepte2=
deutsch	parameter	--konzepte2=
deutsch	parameter	--konzepte2=
deutsch	parameter	--konzepte2=
deutsch	parameter	--konzepte2=
deutsch	parameter	--Eigenschaften_n=
deutsch	parameter	--eigenschaften=
deutsch	parameter	--eigenschaft=
deutsch	parameter	--konzept=
deutsch	parameter	--konzepte=
deutsch	parameter	--Eigenschaften_n=
deutsch	parameter	--Eigenschaften_n=
deutsch	parameter	--eigenschaften=
deutsch	parameter	--eigenschaften=
deutsch	parameter	--eigenschaft=
deutsch	parameter	--eigenschaft=
deutsch	parameter	--konzept=
deutsch	parameter	--konzept=
deutsch	parameter	--konzepte=
deutsch	parameter	--konzepte=
deutsch	parameter	--Eigenschaften_n=
deutsch	parameter	--Eigenschaften_n=
deutsch	parameter	--Eigenschaften_n=
deutsch	parameter	--eigenschaften=
deutsch	parameter	--eigenschaften=
deutsch	parameter	--eigenschaften=
deutsch	parameter	--eigenschaft=
deutsch	parameter	--eigenschaft=
deutsch	parameter	--eigenschaft=
deutsch	parameter	--konzept=
deutsch	parameter	--konzept=
deutsch	parameter	--konzept=
deutsch	parameter	--konzepte=
deutsch	parameter	--konzepte=
deutsch	parameter	--konzepte=
deutsch	parameter	--Eigenschaften_n=
deutsch	parameter	--Eigenschaften_n=
deutsch	parameter	--Eigenschaften_n=
deutsch	parameter	--Eigenschaften_n=
deutsch	parameter	--eigenschaften=
deutsch	parameter	--eigenschaften=
deutsch	parameter	--eigenschaften=
deutsch	parameter	--eigenschaften=
deutsch	parameter	--eigenschaft=
deutsch	parameter	--eigenschaft=
deutsch	parameter	--eigenschaft=
deutsch	parameter	--eigenschaft=
deutsch	parameter	--konzept=
deutsch	parameter	--konzept=
deutsch	parameter	--konzept=
deutsch	parameter	--konzept=
deutsch	parameter	--konzepte=
deutsch	parameter	--konzepte=
deutsch	parameter	--konzepte=
deutsch	parameter	--konzepte=
deutsch	parameter	--Eigenschaften_n=
deutsch	parameter	--Eigenschaften_n=
deutsch	parameter	--Eigenschaften_n=
deutsch	parameter	--Eigenschaften_n=
deutsch	parameter	--eigenschaften=
deutsch	parameter	--eigenschaften=
deutsch	parameter	--eigenschaften=
deutsch	parameter	--eigenschaften=
deutsch	parameter	--eigenschaft=
deutsch	parameter	--eigenschaft=
deutsch	parameter	--eigenschaft=
deutsch	parameter	--eigenschaft=
deutsch	parameter	--konzept=
deutsch	parameter	--konzept=
deutsch	parameter	--konzept=
deutsch	parameter	--konzept=
deutsch	parameter	--konzepte=
deutsch	parameter	--konzepte=
deutsch	parameter	--konzepte=
deutsch	parameter	--konzepte=
deutsch	parameter	--Eigenschaften_n=
deutsch	parameter	--Eigenschaften_n=
deutsch	parameter	--Eigenschaften_n=
deutsch	parameter	--eigenschaften=
deutsch	parameter	--eigenschaften=
deutsch	parameter	--eigenschaften=
deutsch	parameter	--eigenschaft=
deutsch	parameter	--eigenschaft=
deutsch	parameter	--eigenschaft=
deutsch	parameter	--konzept=
deutsch	parameter	--konzept=
deutsch	parameter	--konzept=
deutsch	parameter	--konzepte=
deutsch	parameter	--konzepte=
deutsch	parameter	--konzepte=
deutsch	parameter	--Eigenschaften_n=
deutsch	parameter	--Eigenschaften_n=
deutsch	parameter	--Eigenschaften_n=
deutsch	parameter	--eigenschaften=
deutsch	parameter	--eigenschaften=
deutsch	parameter	--eigenschaften=
deutsch	parameter	--eigenschaft=
deutsch	parameter	--eigenschaft=
deutsch	parameter	--eigenschaft=
deutsch	parameter	--konzept=
deutsch	parameter	--konzept=
deutsch	parameter	--konzept=
deutsch	parameter	--konzepte=
deutsch	parameter	--konzepte=
deutsch	parameter	--konzepte=
deutsch	parameter	--Eigenschaften_n=
deutsch	parameter	--Eigenschaften_n=
deutsch	parameter	--Eigenschaften_n=
deutsch	parameter	--Eigenschaften_n=
deutsch	parameter	--eigenschaften=
deutsch	parameter	--eigenschaften=
deutsch	parameter	--eigenschaften=
deutsch	parameter	--eigenschaften=
deutsch	parameter	--eigenschaft=
deutsch	parameter	--eigenschaft=
deutsch	parameter	--eigenschaft=
deutsch	parameter	--eigenschaft=
deutsch	parameter	--konzept=
deutsch	parameter	--konzept=
deutsch	parameter	--konzept=
deutsch	parameter	--konzept=
deutsch	parameter	--konzepte=
deutsch	parameter	--konzepte=
deutsch	parameter	--konzepte=
deutsch	parameter	--konzepte=
deutsch	parameter	--Eigenschaften_n=
deutsch	parameter	--Eigenschaften_n=
deutsch	parameter	--Eigenschaften_n=
deutsch	parameter	--Eigenschaften_n=
deutsch	parameter	--Eigenschaften_n=
deutsch	parameter	--eigenschaften=
deutsch	parameter	--eigenschaften=
deutsch	parameter	--eigenschaften=
deutsch	parameter	--eigenschaften=
deutsch	parameter	--eigenschaften=
deutsch	parameter	--eigenschaft=
deutsch	parameter	--eigenschaft=
deutsch	parameter	--eigenschaft=
deutsch	parameter	--eigenschaft=
deutsch	parameter	--eigenschaft=
deutsch	parameter	--konzept=
deutsch	parameter	--konzept=
deutsch	parameter	--konzept=
deutsch	parameter	--konzept=
deutsch	parameter	--konzept=
deutsch	parameter	--konzepte=
deutsch	parameter	--konzepte=
deutsch	parameter	--konzepte=
deutsch	parameter	--konzepte=
deutsch	parameter	--konzepte=
deutsch	parameter	--Menschliches=
deutsch	parameter	--Menschliches=
deutsch	parameter	--Menschliches=
deutsch	parameter	--Menschliches=
deutsch	parameter	--menschliches=
deutsch	parameter	--menschliches=
deutsch	parameter	--menschliches=
deutsch	parameter	--menschliches=
deutsch	parameter	--Eigenschaften_n=
deutsch	parameter	--Eigenschaften_n=
deutsch	parameter	--Eigenschaften_n=
deutsch	parameter	--Eigenschaften_n=
deutsch	parameter	--eigenschaften=
deutsch	parameter	--eigenschaften=
deutsch	parameter	--eigenschaften=
deutsch	parameter	--eigenschaften=
deutsch	parameter	--eigenschaft=
deutsch	parameter	--eigenschaft=
deutsch	parameter	--eigenschaft=
deutsch	parameter	--eigenschaft=
deutsch	parameter	--konzept=
deutsch	parameter	--konzept=
deutsch	parameter	--konzept=
deutsch	parameter	--konzept=
deutsch	parameter	--konzepte=
deutsch	parameter	--konzepte=
deutsch	parameter	--konzepte=
deutsch	parameter	--konzepte=
deutsch	parameter	--Eigenschaften_n=
deutsch	parameter	--Eigenschaften_n=
deutsch	parameter	--eigenschaften=
deutsch	parameter	--eigenschaften=
deutsch	parameter	--eigenschaft=
deutsch	parameter	--eigenschaft=
deutsch	parameter	--konzept=
deutsch	parameter	--konzept=
deutsch	parameter	--konzepte=
deutsch	parameter	--konzepte=
deutsch	parameter	--Eigenschaften_n=
deutsch	parameter	--Eigenschaften_n=
deutsch	parameter	--eigenschaften=
deutsch	parameter	--eigenschaften=
deutsch	parameter	--eigenschaft=
deutsch	parameter	--eigenschaft=
deutsch	parameter	--konzept=
deutsch	parameter	--konzept=
deutsch	parameter	--konzepte=
deutsch	parameter	--konzepte=
deutsch	parameter	--Eigenschaften_n=
deutsch	parameter	--Eigenschaften_n=
deutsch	parameter	--Eigenschaften_n=
deutsch	parameter	--Eigenschaften_n=
deutsch	parameter	--Eigenschaften_n=
deutsch	parameter	--eigenschaften=
deutsch	parameter	--eigenschaften=
deutsch	parameter	--eigenschaften=
deutsch	parameter	--eigenschaften=
deutsch	parameter	--eigenschaften=
deutsch	parameter	--eigenschaft=
deutsch	parameter	--eigenschaft=
deutsch	parameter	--eigenschaft=
deutsch	parameter	--eigenschaft=
deutsch	parameter	--eigenschaft=
deutsch	parameter	--konzept=
deutsch	parameter	--konzept=
deutsch	parameter	--konzept=
deutsch	parameter	--konzept=
deutsch	parameter	--konzept=
deutsch	parameter	--konzepte=
deutsch	parameter	--konzepte=
deutsch	parameter	--konzepte=
deutsch	parameter	--konzepte=
deutsch	parameter	--konzepte=
deutsch	parameter	--Eigenschaften_n=
deutsch	parameter	--Eigenschaften_n=
deutsch	parameter	--Eigenschaften_n=
deutsch	parameter	--eigenschaften=
deutsch	parameter	--eigenschaften=
deutsch	parameter	--eigenschaften=
deutsch	parameter	--eigenschaft=
deutsch	parameter	--eigenschaft=
deutsch	parameter	--eigenschaft=
deutsch	parameter	--konzept=
deutsch	parameter	--konzept=
deutsch	parameter	--konzept=
deutsch	parameter	--konzepte=
deutsch	parameter	--konzepte=
deutsch	parameter	--konzepte=
deutsch	parameter	--Eigenschaften_n=
deutsch	parameter	--Eigenschaften_n=
deutsch	parameter	--Eigenschaften_n=
deutsch	parameter	--Eigenschaften_n=
deutsch	parameter	--Eigenschaften_n=
deutsch	parameter	--Eigenschaften_n=
deutsch	parameter	--eigenschaften=
deutsch	parameter	--eigenschaften=
deutsch	parameter	--eigenschaften=
deutsch	parameter	--eigenschaften=
deutsch	parameter	--eigenschaften=
deutsch	parameter	--eigenschaften=
deutsch	parameter	--eigenschaft=
deutsch	parameter	--eigenschaft=
deutsch	parameter	--eigenschaft=
deutsch	parameter	--eigenschaft=
deutsch	parameter	--eigenschaft=
deutsch	parameter	--eigenschaft=
deutsch	parameter	--konzept=
deutsch	parameter	--konzept=
deutsch	parameter	--konzept=
deutsch	parameter	--konzept=
deutsch	parameter	--konzept=
deutsch	parameter	--konzept=
deutsch	parameter	--konzepte=
deutsch	parameter	--konzepte=
deutsch	parameter	--konzepte=
deutsch	parameter	--konzepte=
deutsch	parameter	--konzepte=
deutsch	parameter	--konzepte=
deutsch	parameter	--Eigenschaften_n=
deutsch	parameter	--Eigenschaften_n=
deutsch	parameter	--eigenschaften=
deutsch	parameter	--eigenschaften=
deutsch	parameter	--eigenschaft=
deutsch	parameter	--eigenschaft=
deutsch	parameter	--konzept=
deutsch	parameter	--konzept=
deutsch	parameter	--konzepte=
deutsch	parameter	--konzepte=
deutsch	parameter	--Eigenschaften_n=
deutsch	parameter	--Eigenschaften_n=
deutsch	parameter	--Eigenschaften_n=
deutsch	parameter	--Eigenschaften_n=
deutsch	parameter	--Eigenschaften_n=
deutsch	parameter	--Eigenschaften_n=
deutsch	parameter	--eigenschaften=
deutsch	parameter	--eigenschaften=
deutsch	parameter	--eigenschaften=
deutsch	parameter	--eigenschaften=
deutsch	parameter	--eigenschaften=
deutsch	parameter	--eigenschaften=
deutsch	parameter	--eigenschaft=
deutsch	parameter	--eigenschaft=
deutsch	parameter	--eigenschaft=
deutsch	parameter	--eigenschaft=
deutsch	parameter	--eigenschaft=
deutsch	parameter	--eigenschaft=
deutsch	parameter	--konzept=
deutsch	parameter	--konzept=
deutsch	parameter	--konzept=
deutsch	parameter	--konzept=
deutsch	parameter	--konzept=
deutsch	parameter	--konzept=
deutsch	parameter	--konzepte=
deutsch	parameter	--konzepte=
deutsch	parameter	--konzepte=
deutsch	parameter	--konzepte=
deutsch	parameter	--konzepte=
deutsch	parameter	--konzepte=
deutsch	parameter	--Eigenschaften_n=
deutsch	parameter	--Eigenschaften_n=
deutsch	parameter	--Eigenschaften_n=
deutsch	parameter	--Eigenschaften_n=
deutsch	parameter	--eigenschaften=
deutsch	parameter	--eigenschaften=
deutsch	parameter	--eigenschaften=
deutsch	parameter	--eigenschaften=
deutsch	parameter	--eigenschaft=
deutsch	parameter	--eigenschaft=
deutsch	parameter	--eigenschaft=
deutsch	parameter	--eigenschaft=
deutsch	parameter	--konzept=
deutsch	parameter	--konzept=
deutsch	parameter	--konzept=
deutsch	parameter	--konzept=
deutsch	parameter	--konzepte=
deutsch	parameter	--konzepte=
deutsch	parameter	--konzepte=
deutsch	parameter	--konzepte=
deutsch	parameter	--Eigenschaften_n=
deutsch	parameter	--Eigenschaften_n=
deutsch	parameter	--Eigenschaften_n=
deutsch	parameter	--Eigenschaften_n=
deutsch	parameter	--Eigenschaften_n=
deutsch	parameter	--eigenschaften=
deutsch	parameter	--eigenschaften=
deutsch	parameter	--eigenschaften=
deutsch	parameter	--eigenschaften=
deutsch	parameter	--eigenschaften=
deutsch	parameter	--eigenschaft=
deutsch	parameter	--eigenschaft=
deutsch	parameter	--eigenschaft=
deutsch	parameter	--eigenschaft=
deutsch	parameter	--eigenschaft=
deutsch	parameter	--konzept=
deutsch	parameter	--konzept=
deutsch	parameter	--konzept=
deutsch	parameter	--konzept=
deutsch	parameter	--konzept=
deutsch	parameter	--konzepte=
deutsch	parameter	--konzepte=
deutsch	parameter	--konzepte=
deutsch	parameter	--konzepte=
deutsch	parameter	--konzepte=
deutsch	parameter	--Eigenschaften_n=
deutsch	parameter	--Eigenschaften_n=
deutsch	parameter	--Eigenschaften_n=
deutsch	parameter	--Eigenschaften_n=
deutsch	parameter	--Eigenschaften_n=
deutsch	parameter	--Eigenschaften_n=
deutsch	parameter	--eigenschaften=
deutsch	parameter	--eigenschaften=
deutsch	parameter	--eigenschaften=
deutsch	parameter	--eigenschaften=
deutsch	parameter	--eigenschaften=
deutsch	parameter	--eigenschaften=
deutsch	parameter	--eigenschaft=
deutsch	parameter	--eigenschaft=
deutsch	parameter	--eigenschaft=
deutsch	parameter	--eigenschaft=
deutsch	parameter	--eigenschaft=
deutsch	parameter	--eigenschaft=
deutsch	parameter	--konzept=
deutsch	parameter	--konzept=
deutsch	parameter	--konzept=
deutsch	parameter	--konzept=
deutsch	parameter	--konzept=
deutsch	parameter	--konzept=
deutsch	parameter	--konzepte=
deutsch	parameter	--konzepte=
deutsch	parameter	--konzepte=
deutsch	parameter	--konzepte=
deutsch	parameter	--konzepte=
deutsch	parameter	--konzepte=
deutsch	parameter	--Eigenschaften_n=
deutsch	parameter	--Eigenschaften_n=
deutsch	parameter	--Eigenschaften_n=
deutsch	parameter	--Eigenschaften_n=
deutsch	parameter	--eigenschaften=
deutsch	parameter	--eigenschaften=
deutsch	parameter	--eigenschaften=
deutsch	parameter	--eigenschaften=
deutsch	parameter	--eigenschaft=
deutsch	parameter	--eigenschaft=
deutsch	parameter	--eigenschaft=
deutsch	parameter	--eigenschaft=
deutsch	parameter	--konzept=
deutsch	parameter	--konzept=
deutsch	parameter	--konzept=
deutsch	parameter	--konzept=
deutsch	parameter	--konzepte=
deutsch	parameter	--konzepte=
deutsch	parameter	--konzepte=
deutsch	parameter	--konzepte=
deutsch	parameter	--Eigenschaften_n=
deutsch	parameter	--Eigenschaften_n=
deutsch	parameter	--Eigenschaften_n=
deutsch	parameter	--eigenschaften=
deutsch	parameter	--eigenschaften=
deutsch	parameter	--eigenschaften=
deutsch	parameter	--eigenschaft=
deutsch	parameter	--eigenschaft=
deutsch	parameter	--eigenschaft=
deutsch	parameter	--konzept=
deutsch	parameter	--konzept=
deutsch	parameter	--konzept=
deutsch	parameter	--konzepte=
deutsch	parameter	--konzepte=
deutsch	parameter	--konzepte=
deutsch	parameter	--Eigenschaften_n=
deutsch	parameter	--Eigenschaften_n=
deutsch	parameter	--Eigenschaften_n=
deutsch	parameter	--eigenschaften=
deutsch	parameter	--eigenschaften=
deutsch	parameter	--eigenschaften=
deutsch	parameter	--eigenschaft=
deutsch	parameter	--eigenschaft=
deutsch	parameter	--eigenschaft=
deutsch	parameter	--konzept=
deutsch	parameter	--konzept=
deutsch	parameter	--konzept=
deutsch	parameter	--konzepte=
deutsch	parameter	--konzepte=
deutsch	parameter	--konzepte=
deutsch	parameter	--Eigenschaften_n=
deutsch	parameter	--Eigenschaften_n=
deutsch	parameter	--Eigenschaften_n=
deutsch	parameter	--eigenschaften=
deutsch	parameter	--eigenschaften=
deutsch	parameter	--eigenschaften=
deutsch	parameter	--eigenschaft=
deutsch	parameter	--eigenschaft=
deutsch	parameter	--eigenschaft=
deutsch	parameter	--konzept=
deutsch	parameter	--konzept=
deutsch	parameter	--konzept=
deutsch	parameter	--konzepte=
deutsch	parameter	--konzepte=
deutsch	parameter	--konzepte=
deutsch	parameter	--Eigenschaften_n=
deutsch	parameter	--Eigenschaften_n=
deutsch	parameter	--Eigenschaften_n=
deutsch	parameter	--eigenschaften=
deutsch	parameter	--eigenschaften=
deutsch	parameter	--eigenschaften=
deutsch	parameter	--eigenschaft=
deutsch	parameter	--eigenschaft=
deutsch	parameter	--eigenschaft=
deutsch	parameter	--konzept=
deutsch	parameter	--konzept=
deutsch	parameter	--konzept=
deutsch	parameter	--konzepte=
deutsch	parameter	--konzepte=
deutsch	parameter	--konzepte=
deutsch	parameter	--Eigenschaften_n=
deutsch	parameter	--Eigenschaften_n=
deutsch	parameter	--Eigenschaften_n=
deutsch	parameter	--Eigenschaften_n=
deutsch	parameter	--Eigenschaften_n=
deutsch	parameter	--Eigenschaften_n=
deutsch	parameter	--Eigenschaften_n=
deutsch	parameter	--eigenschaften=
deutsch	parameter	--eigenschaften=
deutsch	parameter	--eigenschaften=
deutsch	parameter	--eigenschaften=
deutsch	parameter	--eigenschaften=
deutsch	parameter	--eigenschaften=
deutsch	parameter	--eigenschaften=
deutsch	parameter	--eigenschaft=
deutsch	parameter	--eigenschaft=
deutsch	parameter	--eigenschaft=
deutsch	parameter	--eigenschaft=
deutsch	parameter	--eigenschaft=
deutsch	parameter	--eigenschaft=
deutsch	parameter	--eigenschaft=
deutsch	parameter	--konzept=
deutsch	parameter	--konzept=
deutsch	parameter	--konzept=
deutsch	parameter	--konzept=
deutsch	parameter	--konzept=
deutsch	parameter	--konzept=
deutsch	parameter	--konzept=
deutsch	parameter	--konzepte=
deutsch	parameter	--konzepte=
deutsch	parameter	--konzepte=
deutsch	parameter	--konzepte=
deutsch	parameter	--konzepte=
deutsch	parameter	--konzepte=
deutsch	parameter	--konzepte=
deutsch	parameter	--Eigenschaften_n=
deutsch	parameter	--Eigenschaften_n=
deutsch	parameter	--Eigenschaften_n=
deutsch	parameter	--Eigenschaften_n=
deutsch	parameter	--Eigenschaften_n=
deutsch	parameter	--eigenschaften=
deutsch	parameter	--eigenschaften=
deutsch	parameter	--eigenschaften=
deutsch	parameter	--eigenschaften=
deutsch	parameter	--eigenschaften=
deutsch	parameter	--eigenschaft=
deutsch	parameter	--eigenschaft=
deutsch	parameter	--eigenschaft=
deutsch	parameter	--eigenschaft=
deutsch	parameter	--eigenschaft=
deutsch	parameter	--konzept=
deutsch	parameter	--konzept=
deutsch	parameter	--konzept=
deutsch	parameter	--konzept=
deutsch	parameter	--konzept=
deutsch	parameter	--konzepte=
deutsch	parameter	--konzepte=
deutsch	parameter	--konzepte=
deutsch	parameter	--konzepte=
deutsch	parameter	--konzepte=
deutsch	parameter	--Eigenschaften_n=
deutsch	parameter	--Eigenschaften_n=
deutsch	parameter	--eigenschaften=
deutsch	parameter	--eigenschaften=
deutsch	parameter	--eigenschaft=
deutsch	parameter	--eigenschaft=
deutsch	parameter	--konzept=
deutsch	parameter	--konzept=
deutsch	parameter	--konzepte=
deutsch	parameter	--konzepte=
deutsch	parameter	--Eigenschaften_n=
deutsch	parameter	--Eigenschaften_n=
deutsch	parameter	--Eigenschaften_n=
deutsch	parameter	--Eigenschaften_n=
deutsch	parameter	--Eigenschaften_n=
deutsch	parameter	--eigenschaften=
deutsch	parameter	--eigenschaften=
deutsch	parameter	--eigenschaften=
deutsch	parameter	--eigenschaften=
deutsch	parameter	--eigenschaften=
deutsch	parameter	--eigenschaft=
deutsch	parameter	--eigenschaft=
deutsch	parameter	--eigenschaft=
deutsch	parameter	--eigenschaft=
deutsch	parameter	--eigenschaft=
deutsch	parameter	--konzept=
deutsch	parameter	--konzept=
deutsch	parameter	--konzept=
deutsch	parameter	--konzept=
deutsch	parameter	--konzept=
deutsch	parameter	--konzepte=
deutsch	parameter	--konzepte=
deutsch	parameter	--konzepte=
deutsch	parameter	--konzepte=
deutsch	parameter	--konzepte=
deutsch	parameter	--Eigenschaften_n=
deutsch	parameter	--Eigenschaften_n=
deutsch	parameter	--Eigenschaften_n=
deutsch	parameter	--eigenschaften=
deutsch	parameter	--eigenschaften=
deutsch	parameter	--eigenschaften=
deutsch	parameter	--eigenschaft=
deutsch	parameter	--eigenschaft=
deutsch	parameter	--eigenschaft=
deutsch	parameter	--konzept=
deutsch	parameter	--konzept=
deutsch	parameter	--konzept=
deutsch	parameter	--konzepte=
deutsch	parameter	--konzepte=
deutsch	parameter	--konzepte=
deutsch	parameter	--Eigenschaften_n=
deutsch	parameter	--Eigenschaften_n=
deutsch	parameter	--eigenschaften=
deutsch	parameter	--eigenschaften=
deutsch	parameter	--eigenschaft=
deutsch	parameter	--eigenschaft=
deutsch	parameter	--konzept=
deutsch	parameter	--konzept=
deutsch	parameter	--konzepte=
deutsch	parameter	--konzepte=
deutsch	parameter	--Eigenschaften_n=
deutsch	parameter	--Eigenschaften_n=
deutsch	parameter	--eigenschaften=
deutsch	parameter	--eigenschaften=
deutsch	parameter	--eigenschaft=
deutsch	parameter	--eigenschaft=
deutsch	parameter	--konzept=
deutsch	parameter	--konzept=
deutsch	parameter	--konzepte=
deutsch	parameter	--konzepte=
deutsch	parameter	--Inkrementieren=
deutsch	parameter	--inkrementieren=
deutsch	parameter	--Inkrementieren=
deutsch	parameter	--inkrementieren=
deutsch	parameter	--Inkrementieren=
deutsch	parameter	--inkrementieren=
deutsch	parameter	--Inkrementieren=
deutsch	parameter	--inkrementieren=
deutsch	parameter	--Inkrementieren=
deutsch	parameter	--Inkrementieren=
deutsch	parameter	--inkrementieren=
deutsch	parameter	--inkrementieren=
deutsch	parameter	--Inkrementieren=
deutsch	parameter	--Inkrementieren=
deutsch	parameter	--inkrementieren=
deutsch	parameter	--inkrementieren=
deutsch	parameter	--Multiplikationen=
deutsch	parameter	--Multiplikationen=
deutsch	parameter	--multiplikationen=
deutsch	parameter	--multiplikationen=
deutsch	parameter	--Multiplikationen=
deutsch	parameter	--Multiplikationen=
deutsch	parameter	--multiplikationen=
deutsch	parameter	--multiplikationen=
deutsch	parameter	--Multiplikationen=
deutsch	parameter	--Multiplikationen=
deutsch	parameter	--multiplikationen=
deutsch	parameter	--multiplikationen=
deutsch	parameter	--Multiplikationen=
deutsch	parameter	--Multiplikationen=
deutsch	parameter	--multiplikationen=
deutsch	parameter	--multiplikationen=
deutsch	parameter	--Multiplikationen=
deutsch	parameter	--Multiplikationen=
deutsch	parameter	--multiplikationen=
deutsch	parameter	--multiplikationen=
deutsch	parameter	--Multiplikationen=
deutsch	parameter	--Multiplikationen=
deutsch	parameter	--multiplikationen=
deutsch	parameter	--multiplikationen=
deutsch	parameter	--Multiplikationen=
deutsch	parameter	--Multiplikationen=
deutsch	parameter	--multiplikationen=
deutsch	parameter	--multiplikationen=
deutsch	parameter	--Multiplikationen=
deutsch	parameter	--Multiplikationen=
deutsch	parameter	--multiplikationen=
deutsch	parameter	--multiplikationen=
deutsch	parameter	--Multiplikationen=
deutsch	parameter	--Multiplikationen=
deutsch	parameter	--multiplikationen=
deutsch	parameter	--multiplikationen=
deutsch	parameter	--Multiplikationen=
deutsch	parameter	--multiplikationen=
deutsch	parameter	--Kontinuum=
deutsch	parameter	--Kontinuum=
deutsch	parameter	--Kontinuum=
deutsch	parameter	--kontinuum=
deutsch	parameter	--kontinuum=
deutsch	parameter	--kontinuum=
deutsch	parameter	--Kontinuum=
deutsch	parameter	--Kontinuum=
deutsch	parameter	--Kontinuum=
deutsch	parameter	--kontinuum=
deutsch	parameter	--kontinuum=
deutsch	parameter	--kontinuum=
deutsch	parameter	--Kontinuum=
deutsch	parameter	--Kontinuum=
deutsch	parameter	--Kontinuum=
deutsch	parameter	--kontinuum=
deutsch	parameter	--kontinuum=
deutsch	parameter	--kontinuum=
deutsch	parameter	--Kontinuum=
deutsch	parameter	--Kontinuum=
deutsch	parameter	--kontinuum=
deutsch	parameter	--kontinuum=
deutsch	parameter	--Kontinuum=
deutsch	parameter	--Kontinuum=
deutsch	parameter	--Kontinuum=
deutsch	parameter	--kontinuum=
deutsch	parameter	--kontinuum=
deutsch	parameter	--kontinuum=
deutsch	parameter	--Kontinuum=
deutsch	parameter	--Kontinuum=
deutsch	parameter	--Kontinuum=
deutsch	parameter	--kontinuum=
deutsch	parameter	--kontinuum=
deutsch	parameter	--kontinuum=
deutsch	parameter	--Kontinuum=
deutsch	parameter	--Kontinuum=
deutsch	parameter	--Kontinuum=
deutsch	parameter	--kontinuum=
deutsch	parameter	--kontinuum=
deutsch	parameter	--kontinuum=
deutsch	parameter	--Kontinuum=
deutsch	parameter	--Kontinuum=
deutsch	parameter	--Kontinuum=
deutsch	parameter	--kontinuum=
deutsch	parameter	--kontinuum=
deutsch	parameter	--kontinuum=
deutsch	parameter	--Kontinuum=
deutsch	parameter	--Kontinuum=
deutsch	parameter	--Kontinuum=
deutsch	parameter	--kontinuum=
deutsch	parameter	--kontinuum=
deutsch	parameter	--kontinuum=
deutsch	parameter	--Kontinuum=
deutsch	parameter	--Kontinuum=
deutsch	parameter	--Kontinuum=
deutsch	parameter	--kontinuum=
deutsch	parameter	--kontinuum=
deutsch	parameter	--kontinuum=
deutsch	parameter	--Kontinuum=
deutsch	parameter	--Kontinuum=
deutsch	parameter	--Kontinuum=
deutsch	parameter	--kontinuum=
deutsch	parameter	--kontinuum=
deutsch	parameter	--kontinuum=
deutsch	parameter	--Kontinuum=
deutsch	parameter	--Kontinuum=
deutsch	parameter	--Kontinuum=
deutsch	parameter	--kontinuum=
deutsch	parameter	--kontinuum=
deutsch	parameter	--kontinuum=
deutsch	parameter	--Kontinuum=
deutsch	parameter	--Kontinuum=
deutsch	parameter	--Kontinuum=
deutsch	parameter	--kontinuum=
deutsch	parameter	--kontinuum=
deutsch	parameter	--kontinuum=
deutsch	parameter	--Kontinuum=
deutsch	parameter	--Kontinuum=
deutsch	parameter	--Kontinuum=
deutsch	parameter	--kontinuum=
deutsch	parameter	--kontinuum=
deutsch	parameter	--kontinuum=
deutsch	parameter	--Universum=
deutsch	parameter	--Universum=
deutsch	parameter	--universum=
deutsch	parameter	--universum=
deutsch	parameter	--transzendentalien=
deutsch	parameter	--transzendentalien=
deutsch	parameter	--strukturalien=
deutsch	parameter	--strukturalien=
deutsch	parameter	--kugel=
deutsch	parameter	--kugel=
deutsch	parameter	--kugeln=
deutsch	parameter	--kugeln=
deutsch	parameter	--ball=
deutsch	parameter	--ball=
deutsch	parameter	--baelle=
deutsch	parameter	--baelle=
deutsch	parameter	--bälle=
deutsch	parameter	--bälle=
deutsch	parameter	--Kontinuum=
deutsch	parameter	--Kontinuum=
deutsch	parameter	--Kontinuum=
deutsch	parameter	--kontinuum=
deutsch	parameter	--kontinuum=
deutsch	parameter	--kontinuum=
deutsch	parameter	--Kontinuum=
deutsch	parameter	--Kontinuum=
deutsch	parameter	--Kontinuum=
deutsch	parameter	--kontinuum=
deutsch	parameter	--kontinuum=
deutsch	parameter	--kontinuum=
deutsch	parameter	--Kontinuum=
deutsch	parameter	--Kontinuum=
deutsch	parameter	--Kontinuum=
deutsch	parameter	--kontinuum=
deutsch	parameter	--kontinuum=
deutsch	parameter	--kontinuum=
deutsch	parameter	--Kontinuum=
deutsch	parameter	--Kontinuum=
deutsch	parameter	--Kontinuum=
deutsch	parameter	--kontinuum=
deutsch	parameter	--kontinuum=
deutsch	parameter	--kontinuum=
deutsch	parameter	--Kontinuum=
deutsch	parameter	--Kontinuum=
deutsch	parameter	--Kontinuum=
deutsch	parameter	--Kontinuum=
deutsch	parameter	--kontinuum=
deutsch	parameter	--kontinuum=
deutsch	parameter	--kontinuum=
deutsch	parameter	--kontinuum=
deutsch	parameter	--Kontinuum=
deutsch	parameter	--Kontinuum=
deutsch	parameter	--Kontinuum=
deutsch	parameter	--kontinuum=
deutsch	parameter	--kontinuum=
deutsch	parameter	--kontinuum=
deutsch	parameter	--Kontinuum=
deutsch	parameter	--Kontinuum=
deutsch	parameter	--Kontinuum=
deutsch	parameter	--kontinuum=
deutsch	parameter	--kontinuum=
deutsch	parameter	--kontinuum=
deutsch	parameter	--Kontinuum=
deutsch	parameter	--Kontinuum=
deutsch	parameter	--Kontinuum=
deutsch	parameter	--kontinuum=
deutsch	parameter	--kontinuum=
deutsch	parameter	--kontinuum=
deutsch	parameter	--Kontinuum=
deutsch	parameter	--Kontinuum=
deutsch	parameter	--Kontinuum=
deutsch	parameter	--kontinuum=
deutsch	parameter	--kontinuum=
deutsch	parameter	--kontinuum=
deutsch	parameter	--Kontinuum=
deutsch	parameter	--Kontinuum=
deutsch	parameter	--Kontinuum=
deutsch	parameter	--kontinuum=
deutsch	parameter	--kontinuum=
deutsch	parameter	--kontinuum=
deutsch	parameter	--Multiversum=
deutsch	parameter	--multiversum=
deutsch	parameter	--Multiversum=
deutsch	parameter	--Multiversum=
deutsch	parameter	--Multiversum=
deutsch	parameter	--Multiversum=
deutsch	parameter	--Multiversum=
deutsch	parameter	--multiversum=
deutsch	parameter	--multiversum=
deutsch	parameter	--multiversum=
deutsch	parameter	--multiversum=
deutsch	parameter	--multiversum=
deutsch	parameter	--Kontinuum=
deutsch	parameter	--Kontinuum=
deutsch	parameter	--Kontinuum=
deutsch	parameter	--kontinuum=
deutsch	parameter	--kontinuum=
deutsch	parameter	--kontinuum=
deutsch	parameter	--Multiversum=
deutsch	parameter	--Multiversum=
deutsch	parameter	--Multiversum=
deutsch	parameter	--multiversum=
deutsch	parameter	--multiversum=
deutsch	parameter	--multiversum=
deutsch	parameter	--Kontinuum=
deutsch	parameter	--Kontinuum=
deutsch	parameter	--Kontinuum=
deutsch	parameter	--kontinuum=
deutsch	parameter	--kontinuum=
deutsch	parameter	--kontinuum=
deutsch	parameter	--Kontinuum=
deutsch	parameter	--Kontinuum=
deutsch	parameter	--Kontinuum=
deutsch	parameter	--kontinuum=
deutsch	parameter	--kontinuum=
deutsch	parameter	--kontinuum=
deutsch	parameter	--Kontinuum=
deutsch	parameter	--Kontinuum=
deutsch	parameter	--Kontinuum=
deutsch	parameter	--kontinuum=
deutsch	parameter	--kontinuum=
deutsch	parameter	--kontinuum=
deutsch	parameter	--Kontinuum=
deutsch	parameter	--Kontinuum=
deutsch	parameter	--Kontinuum=
deutsch	parameter	--kontinuum=
deutsch	parameter	--kontinuum=
deutsch	parameter	--kontinuum=
deutsch	parameter	--Kontinuum=
deutsch	parameter	--Kontinuum=
deutsch	parameter	--Kontinuum=
deutsch	parameter	--kontinuum=
deutsch	parameter	--kontinuum=
deutsch	parameter	--kontinuum=
deutsch	parameter	--Kontinuum=
deutsch	parameter	--Kontinuum=
deutsch	parameter	--Kontinuum=
deutsch	parameter	--kontinuum=
deutsch	parameter	--kontinuum=
deutsch	parameter	--kontinuum=
deutsch	parameter	--Kontinuum=
deutsch	parameter	--Kontinuum=
deutsch	parameter	--Kontinuum=
deutsch	parameter	--kontinuum=
deutsch	parameter	--kontinuum=
deutsch	parameter	--kontinuum=
deutsch	parameter	--Menschliches=
deutsch	parameter	--Menschliches=
deutsch	parameter	--menschliches=
deutsch	parameter	--menschliches=
deutsch	parameter	--Menschliches=
deutsch	parameter	--Menschliches=
deutsch	parameter	--Menschliches=
deutsch	parameter	--Menschliches=
deutsch	parameter	--menschliches=
deutsch	parameter	--menschliches=
deutsch	parameter	--menschliches=
deutsch	parameter	--menschliches=
deutsch	parameter	--Menschliches=
deutsch	parameter	--Menschliches=
deutsch	parameter	--Menschliches=
deutsch	parameter	--menschliches=
deutsch	parameter	--menschliches=
deutsch	parameter	--menschliches=
deutsch	parameter	--Menschliches=
deutsch	parameter	--Menschliches=
deutsch	parameter	--menschliches=
deutsch	parameter	--menschliches=
deutsch	parameter	--Menschliches=
deutsch	parameter	--Menschliches=
deutsch	parameter	--menschliches=
deutsch	parameter	--menschliches=
deutsch	parameter	--Menschliches=
deutsch	parameter	--Menschliches=
deutsch	parameter	--menschliches=
deutsch	parameter	--menschliches=
deutsch	parameter	--Kontinuum=
deutsch	parameter	--Kontinuum=
deutsch	parameter	--Kontinuum=
deutsch	parameter	--kontinuum=
deutsch	parameter	--kontinuum=
deutsch	parameter	--kontinuum=
deutsch	parameter	--alles=
deutsch	parameter	--=
deutsch	parameter	--breite=
deutsch	parameter	--breiten=
deutsch	parameter	--keinenummerierung
deutsch	parameter	--*=
deutsch	parameter	-zeilen
deutsch	parameter	-spalten
deutsch	parameter	-kombination
deutsch	parameter	-ausgabe
deutsch	parameter	-debug
deutsch	parameter	-h
deutsch	parameter	-help
deutsch	command	absicht
deutsch	command	hilfe
deutsch	command	kurzbefehle
deutsch	command	befehle
deutsch	command	groesse
deutsch	command	thomas
deutsch	command	universum
deutsch	command	bewusstsein
deutsch	command	emotion
deutsch	command	geist
deutsch	command	impulse
deutsch	command	reta
deutsch	command	exit
deutsch	command	loggen
deutsch	command	nichtloggen
deutsch	command	quit
deutsch	command	:q
deutsch	command	BefehlSpeichernDanach
deutsch	command	BefehlSpeichernDavor
deutsch	command	BefehlSpeicherungAusgeben
deutsch	command	BefehlSpeicherungLöschen
deutsch	command	HELP
deutsch	command	abc
deutsch	command	abcd
deutsch	command	absichten
deutsch	command	abstand
deutsch	command	abstandPrim
deutsch	command	alles
deutsch	command	ee
deutsch	command	einzeln
deutsch	command	ende
deutsch	command	freiheit
deutsch	command	gleichheit
deutsch	command	invertieren
deutsch	command	keineEinZeichenZeilenPlusKeineAusgabeWelcherBefehlEsWar
deutsch	command	komplex
deutsch	command	kreise
deutsch	command	kugeln
deutsch	command	leeren
deutsch	command	math
deutsch	command	modulo
deutsch	command	mond
deutsch	command	motiv
deutsch	command	motive
deutsch	command	mulpri
deutsch	command	multis
deutsch	command	multis3
deutsch	command	netzwerk
deutsch	command	prim
deutsch	command	prim24
deutsch	command	primfaktorenvergleich
deutsch	command	primfaktorzerlegung
deutsch	command	primfaktorzerlegungModulo24
deutsch	command	primzahlkreuz
deutsch	command	python
deutsch	command	range
deutsch	command	richtung
deutsch	command	shell
deutsch	command	teiler
deutsch	command	triebe
deutsch	command	vielfache
deutsch	command	wirklichkeit
deutsch	command	B
deutsch	command	E
deutsch	command	G
deutsch	command	I
deutsch	command	R
deutsch	command	S
deutsch	command	T
deutsch	command	W
deutsch	command	a
deutsch	command	e
deutsch	command	h
deutsch	command	l
deutsch	command	o
deutsch	command	p
deutsch	command	q
deutsch	command	r
deutsch	command	s
deutsch	command	t
deutsch	command	u
deutsch	command	v
deutsch	command	w
deutsch	command	15_1
deutsch	command	15_10
deutsch	command	15_10_4
deutsch	command	15_10_4_18_6
deutsch	command	15_11
deutsch	command	15_12
deutsch	command	15_13
deutsch	command	15_13_10
deutsch	command	15_13_13
deutsch	command	15_13_16
deutsch	command	15_13_17
deutsch	command	15_13_1pro6
deutsch	command	15_13_1pro8
deutsch	command	15_13_4
deutsch	command	15_13_6
deutsch	command	15_13_7
deutsch	command	15_14
deutsch	command	15_14_6
deutsch	command	15_15
deutsch	command	15_16
deutsch	command	15_17
deutsch	command	15_17_6
deutsch	command	15_17_6_10mit4
deutsch	command	15_18
deutsch	command	15_18_10
deutsch	command	15_18_15
deutsch	command	15_18_15_n-vs-1pron
deutsch	command	15_18_17
deutsch	command	15_18_6
deutsch	command	15_18_7
deutsch	command	15_19
deutsch	command	15_1pro12
deutsch	command	15_1pro13
deutsch	command	15_1pro15
deutsch	command	15_1pro19
deutsch	command	15_1pro3
deutsch	command	15_1pro30
deutsch	command	15_1pro5
deutsch	command	15_1pro6
deutsch	command	15_1pro8
deutsch	command	15_2
deutsch	command	15_20
deutsch	command	15_21
deutsch	command	15_24
deutsch	command	15_26
deutsch	command	15_28
deutsch	command	15_3
deutsch	command	15_30
deutsch	command	15_31
deutsch	command	15_32
deutsch	command	15_36
deutsch	command	15_37
deutsch	command	15_39
deutsch	command	15_4
deutsch	command	15_5
deutsch	command	15_51
deutsch	command	15_5_10
deutsch	command	15_6
deutsch	command	15_7
deutsch	command	15_7mit6
deutsch	command	15_8
deutsch	command	15_9
deutsch	command	15_90
deutsch	command	15_9_6
deutsch	command	15_gegen5
deutsch	command	16_1
deutsch	command	16_10
deutsch	command	16_15
deutsch	command	16_15_1
deutsch	command	16_15_10
deutsch	command	16_15_10_4
deutsch	command	16_15_10_4_18_6
deutsch	command	16_15_11
deutsch	command	16_15_12
deutsch	command	16_15_13
deutsch	command	16_15_13_10
deutsch	command	16_15_13_13
deutsch	command	16_15_13_16
deutsch	command	16_15_13_17
deutsch	command	16_15_13_1pro6
deutsch	command	16_15_13_1pro8
deutsch	command	16_15_13_4
deutsch	command	16_15_13_6
deutsch	command	16_15_13_7
deutsch	command	16_15_14
deutsch	command	16_15_14_6
deutsch	command	16_15_16
deutsch	command	16_15_17
deutsch	command	16_15_17_6
deutsch	command	16_15_17_6_10mit4
deutsch	command	16_15_18
deutsch	command	16_15_18_10
deutsch	command	16_15_18_15
deutsch	command	16_15_18_15_n-vs-1pron
deutsch	command	16_15_18_17
deutsch	command	16_15_18_6
deutsch	command	16_15_18_7
deutsch	command	16_15_19
deutsch	command	16_15_1pro12
deutsch	command	16_15_1pro13
deutsch	command	16_15_1pro15
deutsch	command	16_15_1pro19
deutsch	command	16_15_1pro3
deutsch	command	16_15_1pro30
deutsch	command	16_15_1pro5
deutsch	command	16_15_1pro6
deutsch	command	16_15_1pro8
deutsch	command	16_15_2
deutsch	command	16_15_20
deutsch	command	16_15_21
deutsch	command	16_15_24
deutsch	command	16_15_26
deutsch	command	16_15_28
deutsch	command	16_15_3
deutsch	command	16_15_30
deutsch	command	16_15_31
deutsch	command	16_15_32
deutsch	command	16_15_36
deutsch	command	16_15_37
deutsch	command	16_15_39
deutsch	command	16_15_4
deutsch	command	16_15_5
deutsch	command	16_15_51
deutsch	command	16_15_5_10
deutsch	command	16_15_6
deutsch	command	16_15_7
deutsch	command	16_15_7mit6
deutsch	command	16_15_8
deutsch	command	16_15_9
deutsch	command	16_15_90
deutsch	command	16_15_9_6
deutsch	command	16_15_gegen5
deutsch	command	16_16
deutsch	command	16_2
deutsch	command	16_20
deutsch	command	16_3
deutsch	command	16_5
deutsch	command	16_6
deutsch	command	EIGNDein_Recht_bekommen
deutsch	command	EIGNDurchleuchten
deutsch	command	EIGNEgoismus_vs_Altruismus
deutsch	command	EIGNEhrlichkeit_und_Streit
deutsch	command	EIGNForschen_Erfinden_Einklinken
deutsch	command	EIGNFördern_Sensiblisieren_und_Gedeihen
deutsch	command	EIGNFührung
deutsch	command	EIGNGleichheit
deutsch	command	EIGNGötter_Propheten_Familien_Freunde
deutsch	command	EIGNKooperation_vs_Arsch
deutsch	command	EIGNLiebe_usw
deutsch	command	EIGNMeinungen_und_Ruf
deutsch	command	EIGNMeinungsintelligenz
deutsch	command	EIGNPolung_der_Liebe
deutsch	command	EIGNSelbstlosigkeit_Ichlosigkeit_etc
deutsch	command	EIGNSelbstsucht_Ichsucht_etc
deutsch	command	EIGNSinn_und_Zweck_des_Lebens
deutsch	command	EIGNSittlichkeit
deutsch	command	EIGNTragweite
deutsch	command	EIGNWeisheit_etc
deutsch	command	EIGNZeit_vs_Raum
deutsch	command	EIGNZuneigung_Abneigung
deutsch	command	EIGNabgeneigt
deutsch	command	EIGNaehnlich
deutsch	command	EIGNaltruismus
deutsch	command	EIGNaltruist
deutsch	command	EIGNanderemenschen
deutsch	command	EIGNannaehrerung
deutsch	command	EIGNanprangern
deutsch	command	EIGNarsch
deutsch	command	EIGNarschloch
deutsch	command	EIGNautoritaer
deutsch	command	EIGNautoritär
deutsch	command	EIGNbedeutung
deutsch	command	EIGNbegrenzen
deutsch	command	EIGNbescheiden
deutsch	command	EIGNboese
deutsch	command	EIGNböse
deutsch	command	EIGNdurchleuchten
deutsch	command	EIGNegalitaer
deutsch	command	EIGNegalitaerautoritaer
deutsch	command	EIGNegalitär
deutsch	command	EIGNegalitär_vs_autoritär
deutsch	command	EIGNego
deutsch	command	EIGNegoismus
deutsch	command	EIGNegoist
deutsch	command	EIGNehrlich
deutsch	command	EIGNehrlich_vs_höflich
deutsch	command	EIGNehrlichkeit
deutsch	command	EIGNeinheit
deutsch	command	EIGNeinklinken
deutsch	command	EIGNeinklinken_vertrauen_anprangern
deutsch	command	EIGNeintoenig
deutsch	command	EIGNeintönig
deutsch	command	EIGNerfinden
deutsch	command	EIGNerleuchten
deutsch	command	EIGNfamiliaer
deutsch	command	EIGNfamiliebrauchen
deutsch	command	EIGNfoerdern
deutsch	command	EIGNforschen
deutsch	command	EIGNfreunde
deutsch	command	EIGNfuehrung
deutsch	command	EIGNfördern
deutsch	command	EIGNführung
deutsch	command	EIGNgedeihen
deutsch	command	EIGNgeltung
deutsch	command	EIGNgenese
deutsch	command	EIGNgleich
deutsch	command	EIGNgoettlich
deutsch	command	EIGNgut
deutsch	command	EIGNgut_böse_lieb_schlecht
deutsch	command	EIGNhart
deutsch	command	EIGNhoeflich
deutsch	command	EIGNhöflich
deutsch	command	EIGNichlos
deutsch	command	EIGNichsucht
deutsch	command	EIGNidiot
deutsch	command	EIGNkausal
deutsch	command	EIGNkooperation
deutsch	command	EIGNlieb
deutsch	command	EIGNliebe
deutsch	command	EIGNliebepolung
deutsch	command	EIGNmeinungen
deutsch	command	EIGNmeinungsintelligenz
deutsch	command	EIGNmeta-weisheit
deutsch	command	EIGNmetaweisheit
deutsch	command	EIGNoptimal
deutsch	command	EIGNoptimum
deutsch	command	EIGNpropheten
deutsch	command	EIGNraum
deutsch	command	EIGNrecht
deutsch	command	EIGNrechte
deutsch	command	EIGNreserviert
deutsch	command	EIGNruf
deutsch	command	EIGNräumlich
deutsch	command	EIGNsanft
deutsch	command	EIGNsanft_vs_hart
deutsch	command	EIGNschlecht
deutsch	command	EIGNselbstgerecht
deutsch	command	EIGNselbstlos
deutsch	command	EIGNselbstsucht
deutsch	command	EIGNsensibilisieren
deutsch	command	EIGNsinn
deutsch	command	EIGNsittlichkeit
deutsch	command	EIGNstreit
deutsch	command	EIGNtragweite
deutsch	command	EIGNueberheblich
deutsch	command	EIGNueberheblichkeit
deutsch	command	EIGNueberleben
deutsch	command	EIGNueberlegen
deutsch	command	EIGNunterlegen
deutsch	command	EIGNunterlegen_überlegen
deutsch	command	EIGNursprungsintelligenz
deutsch	command	EIGNvariationsreich
deutsch	command	EIGNvariationsreich_eintönig
deutsch	command	EIGNverbinden
deutsch	command	EIGNverbindung
deutsch	command	EIGNverderben
deutsch	command	EIGNvereinen
deutsch	command	EIGNvereinen_vs_verbinden
deutsch	command	EIGNvereinenverbinden
deutsch	command	EIGNvertrauenerhalten
deutsch	command	EIGNweise
deutsch	command	EIGNweisheit
deutsch	command	EIGNwertlos
deutsch	command	EIGNwertvoll
deutsch	command	EIGNwissenschaft
deutsch	command	EIGNzeit
deutsch	command	EIGNzeitlich
deutsch	command	EIGNzugeneigt
deutsch	command	EIGNzugewandt
deutsch	command	EIGNzuneigung
deutsch	command	EIGNzweck
deutsch	command	EIGNÜberheblichkeit
deutsch	command	EIGNÜberleben
deutsch	command	EIGNähnlich
deutsch	command	EIGNüberheblich
deutsch	command	EIGNüberheblichkeit
deutsch	command	EIGRAusrichten_Einrichten
deutsch	command	EIGRFilterart_Widrigkeit
deutsch	command	EIGRGutartigkeits-Egoismus
deutsch	command	EIGRReflektieren_Erkenntnis-Erkennen
deutsch	command	EIGRRegel_vs_Ausnahme
deutsch	command	EIGRToleranz_Respekt_Akzeptanz_Willkommen
deutsch	command	EIGRVertrauen_wollen
deutsch	command	EIGRWerte
deutsch	command	EIGRWürdig
deutsch	command	EIGRakzeptanz
deutsch	command	EIGRausnahme
deutsch	command	EIGRausrichten
deutsch	command	EIGReinrichten
deutsch	command	EIGRerkenntnis
deutsch	command	EIGRfilterart
deutsch	command	EIGRgutesreziprok
deutsch	command	EIGRposition
deutsch	command	EIGRreflektieren
deutsch	command	EIGRregel
deutsch	command	EIGRrespekt
deutsch	command	EIGRtoleranz
deutsch	command	EIGRvertrauenwollen
deutsch	command	EIGRwerte
deutsch	command	EIGRwidrigkeit
deutsch	command	EIGRwillkommen
deutsch	command	EIGRwuerdig
deutsch	command	EIGRwürdig
deutsch	allowed_fraction	2
deutsch	allowed_fraction	3
deutsch	allowed_fraction	4
deutsch	allowed_fraction	5
deutsch	allowed_fraction	6
deutsch	allowed_fraction	7
deutsch	allowed_fraction	8
deutsch	allowed_fraction	9
deutsch	allowed_fraction	10
deutsch	allowed_fraction	11
deutsch	allowed_fraction	12
deutsch	allowed_fraction	13
deutsch	allowed_fraction	14
deutsch	allowed_fraction	15
deutsch	allowed_fraction	16
deutsch	allowed_fraction	17
deutsch	allowed_fraction	18
deutsch	allowed_fraction	19
deutsch	allowed_fraction	20
deutsch	allowed_fraction	21
deutsch	allowed_fraction	22
deutsch	short	B
deutsch	short	E
deutsch	short	G
deutsch	short	I
deutsch	short	R
deutsch	short	S
deutsch	short	T
deutsch	short	W
deutsch	short	a
deutsch	short	e
deutsch	short	h
deutsch	short	l
deutsch	short	o
deutsch	short	p
deutsch	short	q
deutsch	short	r
deutsch	short	s
deutsch	short	t
deutsch	short	u
deutsch	short	v
deutsch	short	w
english	parameter	--nocolor
english	parameter	--justtext
english	parameter	--type=
english	parameter	--onetable
english	parameter	--columnorderandonlythese=
english	parameter	--endlessscreen
english	parameter	--endless
english	parameter	--dontwrap
english	parameter	--width=
english	parameter	--widths=
english	parameter	--noblankcontents
english	parameter	--nonumbering
english	parameter	--noheadings
english	parameter	--*=
english	parameter	--time=
english	parameter	--ranges=
english	parameter	--thisrangebefore=
english	parameter	--thisrangebeforedividers
english	parameter	--primemultiples=
english	parameter	--retrospectiverecount=
english	parameter	--retrospectiverecountmultiples=
english	parameter	--all
english	parameter	--potenciesofnumbers=
english	parameter	--type=
english	parameter	--multiplesofnumbers=
english	parameter	--uppermaximum=
english	parameter	--primenumbers=
english	parameter	--invert
english	parameter	--*=
english	parameter	--galaxy=
english	parameter	--universe=
english	parameter	--*=
english	parameter	--most_important_to_understand=
english	parameter	--mostimportanttounderstand=
english	parameter	--human=
english	parameter	--human=
english	parameter	--human=
english	parameter	--human=
english	parameter	--human=
english	parameter	--Herrschaft=
english	parameter	--Herrschaft=
english	parameter	--Herrschaft=
english	parameter	--macht=
english	parameter	--macht=
english	parameter	--macht=
english	parameter	--Herrschaft=
english	parameter	--Herrschaft=
english	parameter	--Herrschaft=
english	parameter	--Herrschaft=
english	parameter	--Herrschaft=
english	parameter	--macht=
english	parameter	--macht=
english	parameter	--macht=
english	parameter	--macht=
english	parameter	--macht=
english	parameter	--Herrschaft=
english	parameter	--Herrschaft=
english	parameter	--Herrschaft=
english	parameter	--Herrschaft=
english	parameter	--macht=
english	parameter	--macht=
english	parameter	--macht=
english	parameter	--macht=
english	parameter	--Herrschaft=
english	parameter	--Herrschaft=
english	parameter	--macht=
english	parameter	--macht=
english	parameter	--MetaMetaPhysik_und_MetaChemie=
english	parameter	--Herrschaft=
english	parameter	--Herrschaft=
english	parameter	--macht=
english	parameter	--macht=
english	parameter	--Herrschaft=
english	parameter	--Herrschaft=
english	parameter	--macht=
english	parameter	--macht=
english	parameter	--Herrschaft=
english	parameter	--Herrschaft=
english	parameter	--macht=
english	parameter	--macht=
english	parameter	--universe=
english	parameter	--universe=
english	parameter	--transcendentals=
english	parameter	--transcendentals=
english	parameter	--structurals=
english	parameter	--structurals=
english	parameter	--sphere=
english	parameter	--sphere=
english	parameter	--spheres=
english	parameter	--spheres=
english	parameter	--ball=
english	parameter	--ball=
english	parameter	--balls=
english	parameter	--balls=
english	parameter	--universe=
english	parameter	--universe=
english	parameter	--transcendentals=
english	parameter	--transcendentals=
english	parameter	--structurals=
english	parameter	--structurals=
english	parameter	--sphere=
english	parameter	--sphere=
english	parameter	--spheres=
english	parameter	--spheres=
english	parameter	--ball=
english	parameter	--ball=
english	parameter	--balls=
english	parameter	--balls=
english	parameter	--planet_(10_and_or_12)=
english	parameter	--planet_(10_and_or_12)=
english	parameter	--planet=
english	parameter	--planet=
english	parameter	--planet_(10_and_or_12)=
english	parameter	--planet_(10_and_or_12)=
english	parameter	--planet_(10_and_or_12)=
english	parameter	--planet=
english	parameter	--planet=
english	parameter	--planet=
english	parameter	--planet_(10_and_or_12)=
english	parameter	--planet_(10_and_or_12)=
english	parameter	--planet_(10_and_or_12)=
english	parameter	--planet=
english	parameter	--planet=
english	parameter	--planet=
english	parameter	--Herrschaft=
english	parameter	--Herrschaft=
english	parameter	--macht=
english	parameter	--macht=
english	parameter	--Herrschaft=
english	parameter	--Herrschaft=
english	parameter	--Herrschaft=
english	parameter	--macht=
english	parameter	--macht=
english	parameter	--macht=
english	parameter	--religions=
english	parameter	--religion=
english	parameter	--galaxy=
english	parameter	--ancientscripts=
english	parameter	--circle=
english	parameter	--galaxies=
english	parameter	--circles=
english	parameter	--universe=
english	parameter	--universe=
english	parameter	--transcendentals=
english	parameter	--transcendentals=
english	parameter	--structurals=
english	parameter	--structurals=
english	parameter	--sphere=
english	parameter	--sphere=
english	parameter	--spheres=
english	parameter	--spheres=
english	parameter	--ball=
english	parameter	--ball=
english	parameter	--balls=
english	parameter	--balls=
english	parameter	--universe=
english	parameter	--transcendentals=
english	parameter	--structurals=
english	parameter	--sphere=
english	parameter	--spheres=
english	parameter	--ball=
english	parameter	--balls=
english	parameter	--human=
english	parameter	--human=
english	parameter	--human=
english	parameter	--human=
english	parameter	--human=
english	parameter	--human=
english	parameter	--human=
english	parameter	--human=
english	parameter	--human=
english	parameter	--human=
english	parameter	--planet_(10_and_or_12)=
english	parameter	--planet_(10_and_or_12)=
english	parameter	--planet=
english	parameter	--planet=
english	parameter	--planet_(10_and_or_12)=
english	parameter	--planet_(10_and_or_12)=
english	parameter	--planet_(10_and_or_12)=
english	parameter	--planet=
english	parameter	--planet=
english	parameter	--planet=
english	parameter	--planet_(10_and_or_12)=
english	parameter	--planet=
english	parameter	--planet_(10_and_or_12)=
english	parameter	--planet_(10_and_or_12)=
english	parameter	--planet_(10_and_or_12)=
english	parameter	--planet=
english	parameter	--planet=
english	parameter	--planet=
english	parameter	--planet_(10_and_or_12)=
english	parameter	--planet=
english	parameter	--planet_(10_and_or_12)=
english	parameter	--planet_(10_and_or_12)=
english	parameter	--planet=
english	parameter	--planet=
english	parameter	--most_important_to_understand=
english	parameter	--mostimportanttounderstand=
english	parameter	--most_important_to_understand=
english	parameter	--mostimportanttounderstand=
english	parameter	--most_important_to_understand=
english	parameter	--most_important_to_understand=
english	parameter	--mostimportanttounderstand=
english	parameter	--mostimportanttounderstand=
english	parameter	--most_important_to_think_about=
english	parameter	--mostImportantToClassify=
english	parameter	--most_important_to_think_about=
english	parameter	--mostImportantToClassify=
english	parameter	--operations=
english	parameter	--religions=
english	parameter	--religions=
english	parameter	--religions=
english	parameter	--religions=
english	parameter	--religion=
english	parameter	--religion=
english	parameter	--religion=
english	parameter	--religion=
english	parameter	--religions=
english	parameter	--religion=
english	parameter	--human=
english	parameter	--religions=
english	parameter	--religions=
english	parameter	--religion=
english	parameter	--religion=
english	parameter	--religions=
english	parameter	--religions=
english	parameter	--religion=
english	parameter	--religion=
english	parameter	--religions=
english	parameter	--religions=
english	parameter	--religions=
english	parameter	--religion=
english	parameter	--religion=
english	parameter	--religion=
english	parameter	--religions=
english	parameter	--religions=
english	parameter	--religions=
english	parameter	--religions=
english	parameter	--religion=
english	parameter	--religion=
english	parameter	--religion=
english	parameter	--religion=
english	parameter	--religions=
english	parameter	--religions=
english	parameter	--religions=
english	parameter	--religions=
english	parameter	--religions=
english	parameter	--religion=
english	parameter	--religion=
english	parameter	--religion=
english	parameter	--religion=
english	parameter	--religion=
english	parameter	--religions=
english	parameter	--religions=
english	parameter	--religions=
english	parameter	--religions=
english	parameter	--religion=
english	parameter	--religion=
english	parameter	--religion=
english	parameter	--religion=
english	parameter	--religions=
english	parameter	--religions=
english	parameter	--religions=
english	parameter	--religions=
english	parameter	--religions=
english	parameter	--religions=
english	parameter	--religions=
english	parameter	--religions=
english	parameter	--religions=
english	parameter	--religions=
english	parameter	--religions=
english	parameter	--religions=
english	parameter	--religion=
english	parameter	--religion=
english	parameter	--religion=
english	parameter	--religion=
english	parameter	--religion=
english	parameter	--religion=
english	parameter	--religion=
english	parameter	--religion=
english	parameter	--religion=
english	parameter	--religion=
english	parameter	--religion=
english	parameter	--religion=
english	parameter	--galaxy=
english	parameter	--ancientscripts=
english	parameter	--circle=
english	parameter	--galaxies=
english	parameter	--circles=
english	parameter	--galaxy=
english	parameter	--galaxy=
english	parameter	--galaxy=
english	parameter	--galaxy=
english	parameter	--galaxy=
english	parameter	--ancientscripts=
english	parameter	--ancientscripts=
english	parameter	--ancientscripts=
english	parameter	--ancientscripts=
english	parameter	--ancientscripts=
english	parameter	--circle=
english	parameter	--circle=
english	parameter	--circle=
english	parameter	--circle=
english	parameter	--circle=
english	parameter	--galaxies=
english	parameter	--galaxies=
english	parameter	--galaxies=
english	parameter	--galaxies=
english	parameter	--galaxies=
english	parameter	--circles=
english	parameter	--circles=
english	parameter	--circles=
english	parameter	--circles=
english	parameter	--circles=
english	parameter	--increment=
english	parameter	--increment=
english	parameter	--increment=
english	parameter	--galaxy=
english	parameter	--galaxy=
english	parameter	--ancientscripts=
english	parameter	--ancientscripts=
english	parameter	--circle=
english	parameter	--circle=
english	parameter	--galaxies=
english	parameter	--galaxies=
english	parameter	--circles=
english	parameter	--circles=
english	parameter	--multiverse=
english	parameter	--multiverse=
english	parameter	--multiverse=
english	parameter	--multiverse=
english	parameter	--multiverse=
english	parameter	--multiverse=
english	parameter	--MetaMetaPhysik_und_MetaChemie=
english	parameter	--MetaMetaPhysik_und_MetaChemie=
english	parameter	--MetaMetaPhysik_und_MetaChemie=
english	parameter	--multiverse=
english	parameter	--multiverse=
english	parameter	--multiverse=
english	parameter	--multiverse=
english	parameter	--basic_structures=
english	parameter	--universe=
english	parameter	--universe=
english	parameter	--transcendentals=
english	parameter	--transcendentals=
english	parameter	--structurals=
english	parameter	--structurals=
english	parameter	--sphere=
english	parameter	--sphere=
english	parameter	--spheres=
english	parameter	--spheres=
english	parameter	--ball=
english	parameter	--ball=
english	parameter	--balls=
english	parameter	--balls=
english	parameter	--universe=
english	parameter	--transcendentals=
english	parameter	--structurals=
english	parameter	--sphere=
english	parameter	--spheres=
english	parameter	--ball=
english	parameter	--balls=
english	parameter	--universe=
english	parameter	--transcendentals=
english	parameter	--structurals=
english	parameter	--sphere=
english	parameter	--spheres=
english	parameter	--ball=
english	parameter	--balls=
english	parameter	--universe=
english	parameter	--universe=
english	parameter	--universe=
english	parameter	--transcendentals=
english	parameter	--transcendentals=
english	parameter	--transcendentals=
english	parameter	--structurals=
english	parameter	--structurals=
english	parameter	--structurals=
english	parameter	--sphere=
english	parameter	--sphere=
english	parameter	--sphere=
english	parameter	--spheres=
english	parameter	--spheres=
english	parameter	--spheres=
english	parameter	--ball=
english	parameter	--ball=
english	parameter	--ball=
english	parameter	--balls=
english	parameter	--balls=
english	parameter	--balls=
english	parameter	--human=
english	parameter	--human=
english	parameter	--human=
english	parameter	--human=
english	parameter	--basic_structures=
english	parameter	--human=
english	parameter	--human=
english	parameter	--human=
english	parameter	--basic_structures=
english	parameter	--basic_structures=
english	parameter	--human=
english	parameter	--basic_structures=
english	parameter	--universe=
english	parameter	--transcendentals=
english	parameter	--structurals=
english	parameter	--sphere=
english	parameter	--spheres=
english	parameter	--ball=
english	parameter	--balls=
english	parameter	--universe=
english	parameter	--universe=
english	parameter	--universe=
english	parameter	--transcendentals=
english	parameter	--transcendentals=
english	parameter	--transcendentals=
english	parameter	--structurals=
english	parameter	--structurals=
english	parameter	--structurals=
english	parameter	--sphere=
english	parameter	--sphere=
english	parameter	--sphere=
english	parameter	--spheres=
english	parameter	--spheres=
english	parameter	--spheres=
english	parameter	--ball=
english	parameter	--ball=
english	parameter	--ball=
english	parameter	--balls=
english	parameter	--balls=
english	parameter	--balls=
english	parameter	--universe=
english	parameter	--universe=
english	parameter	--universe=
english	parameter	--transcendentals=
english	parameter	--transcendentals=
english	parameter	--transcendentals=
english	parameter	--structurals=
english	parameter	--structurals=
english	parameter	--structurals=
english	parameter	--sphere=
english	parameter	--sphere=
english	parameter	--sphere=
english	parameter	--spheres=
english	parameter	--spheres=
english	parameter	--spheres=
english	parameter	--ball=
english	parameter	--ball=
english	parameter	--ball=
english	parameter	--balls=
english	parameter	--balls=
english	parameter	--balls=
english	parameter	--universe=
english	parameter	--universe=
english	parameter	--universe=
english	parameter	--transcendentals=
english	parameter	--transcendentals=
english	parameter	--transcendentals=
english	parameter	--structurals=
english	parameter	--structurals=
english	parameter	--structurals=
english	parameter	--sphere=
english	parameter	--sphere=
english	parameter	--sphere=
english	parameter	--spheres=
english	parameter	--spheres=
english	parameter	--spheres=
english	parameter	--ball=
english	parameter	--ball=
english	parameter	--ball=
english	parameter	--balls=
english	parameter	--balls=
english	parameter	--balls=
english	parameter	--universe=
english	parameter	--universe=
english	parameter	--transcendentals=
english	parameter	--transcendentals=
english	parameter	--structurals=
english	parameter	--structurals=
english	parameter	--sphere=
english	parameter	--sphere=
english	parameter	--spheres=
english	parameter	--spheres=
english	parameter	--ball=
english	parameter	--ball=
english	parameter	--balls=
english	parameter	--balls=
english	parameter	--universe=
english	parameter	--universe=
english	parameter	--transcendentals=
english	parameter	--transcendentals=
english	parameter	--structurals=
english	parameter	--structurals=
english	parameter	--sphere=
english	parameter	--sphere=
english	parameter	--spheres=
english	parameter	--spheres=
english	parameter	--ball=
english	parameter	--ball=
english	parameter	--balls=
english	parameter	--balls=
english	parameter	--universe=
english	parameter	--universe=
english	parameter	--transcendentals=
english	parameter	--transcendentals=
english	parameter	--structurals=
english	parameter	--structurals=
english	parameter	--sphere=
english	parameter	--sphere=
english	parameter	--spheres=
english	parameter	--spheres=
english	parameter	--ball=
english	parameter	--ball=
english	parameter	--balls=
english	parameter	--balls=
english	parameter	--universe=
english	parameter	--universe=
english	parameter	--transcendentals=
english	parameter	--transcendentals=
english	parameter	--structurals=
english	parameter	--structurals=
english	parameter	--sphere=
english	parameter	--sphere=
english	parameter	--spheres=
english	parameter	--spheres=
english	parameter	--ball=
english	parameter	--ball=
english	parameter	--balls=
english	parameter	--balls=
english	parameter	--universe=
english	parameter	--transcendentals=
english	parameter	--structurals=
english	parameter	--sphere=
english	parameter	--spheres=
english	parameter	--ball=
english	parameter	--balls=
english	parameter	--particle-meta-physics=
english	parameter	--particles=
english	parameter	--particle-meta-physics=
english	parameter	--particle-meta-physics=
english	parameter	--particles=
english	parameter	--particles=
english	parameter	--particle-meta-physics=
english	parameter	--particles=
english	parameter	--particle-meta-physics=
english	parameter	--particles=
english	parameter	--particle-meta-physics=
english	parameter	--particles=
english	parameter	--particle-meta-physics=
english	parameter	--particles=
english	parameter	--particle-meta-physics=
english	parameter	--particles=
english	parameter	--particle-meta-physics=
english	parameter	--particles=
english	parameter	--universe=
english	parameter	--universe=
english	parameter	--transcendentals=
english	parameter	--transcendentals=
english	parameter	--structurals=
english	parameter	--structurals=
english	parameter	--sphere=
english	parameter	--sphere=
english	parameter	--spheres=
english	parameter	--spheres=
english	parameter	--ball=
english	parameter	--ball=
english	parameter	--balls=
english	parameter	--balls=
english	parameter	--universe=
english	parameter	--universe=
english	parameter	--universe=
english	parameter	--universe=
english	parameter	--transcendentals=
english	parameter	--transcendentals=
english	parameter	--transcendentals=
english	parameter	--transcendentals=
english	parameter	--structurals=
english	parameter	--structurals=
english	parameter	--structurals=
english	parameter	--structurals=
english	parameter	--sphere=
english	parameter	--sphere=
english	parameter	--sphere=
english	parameter	--sphere=
english	parameter	--spheres=
english	parameter	--spheres=
english	parameter	--spheres=
english	parameter	--spheres=
english	parameter	--ball=
english	parameter	--ball=
english	parameter	--ball=
english	parameter	--ball=
english	parameter	--balls=
english	parameter	--balls=
english	parameter	--balls=
english	parameter	--balls=
english	parameter	--multiverse=
english	parameter	--multiverse=
english	parameter	--multiverse=
english	parameter	--multiverse=
english	parameter	--multiverse=
english	parameter	--galaxy=
english	parameter	--galaxy=
english	parameter	--galaxy=
english	parameter	--galaxy=
english	parameter	--ancientscripts=
english	parameter	--ancientscripts=
english	parameter	--ancientscripts=
english	parameter	--ancientscripts=
english	parameter	--circle=
english	parameter	--circle=
english	parameter	--circle=
english	parameter	--circle=
english	parameter	--galaxies=
english	parameter	--galaxies=
english	parameter	--galaxies=
english	parameter	--galaxies=
english	parameter	--circles=
english	parameter	--circles=
english	parameter	--circles=
english	parameter	--circles=
english	parameter	--galaxy=
english	parameter	--galaxy=
english	parameter	--galaxy=
english	parameter	--ancientscripts=
english	parameter	--ancientscripts=
english	parameter	--ancientscripts=
english	parameter	--circle=
english	parameter	--circle=
english	parameter	--circle=
english	parameter	--galaxies=
english	parameter	--galaxies=
english	parameter	--galaxies=
english	parameter	--circles=
english	parameter	--circles=
english	parameter	--circles=
english	parameter	--galaxy=
english	parameter	--galaxy=
english	parameter	--galaxy=
english	parameter	--ancientscripts=
english	parameter	--ancientscripts=
english	parameter	--ancientscripts=
english	parameter	--circle=
english	parameter	--circle=
english	parameter	--circle=
english	parameter	--galaxies=
english	parameter	--galaxies=
english	parameter	--galaxies=
english	parameter	--circles=
english	parameter	--circles=
english	parameter	--circles=
english	parameter	--galaxy=
english	parameter	--galaxy=
english	parameter	--galaxy=
english	parameter	--ancientscripts=
english	parameter	--ancientscripts=
english	parameter	--ancientscripts=
english	parameter	--circle=
english	parameter	--circle=
english	parameter	--circle=
english	parameter	--galaxies=
english	parameter	--galaxies=
english	parameter	--galaxies=
english	parameter	--circles=
english	parameter	--circles=
english	parameter	--circles=
english	parameter	--basic_structures=
english	parameter	--basic_structures=
english	parameter	--basic_structures=
english	parameter	--basic_structures=
english	parameter	--basic_structures=
english	parameter	--basic_structures=
english	parameter	--basic_structures=
english	parameter	--basic_structures=
english	parameter	--galaxy=
english	parameter	--galaxy=
english	parameter	--galaxy=
english	parameter	--ancientscripts=
english	parameter	--ancientscripts=
english	parameter	--ancientscripts=
english	parameter	--circle=
english	parameter	--circle=
english	parameter	--circle=
english	parameter	--galaxies=
english	parameter	--galaxies=
english	parameter	--galaxies=
english	parameter	--circles=
english	parameter	--circles=
english	parameter	--circles=
english	parameter	--galaxy=
english	parameter	--galaxy=
english	parameter	--galaxy=
english	parameter	--galaxy=
english	parameter	--galaxy=
english	parameter	--galaxy=
english	parameter	--galaxy=
english	parameter	--ancientscripts=
english	parameter	--ancientscripts=
english	parameter	--ancientscripts=
english	parameter	--ancientscripts=
english	parameter	--ancientscripts=
english	parameter	--ancientscripts=
english	parameter	--ancientscripts=
english	parameter	--circle=
english	parameter	--circle=
english	parameter	--circle=
english	parameter	--circle=
english	parameter	--circle=
english	parameter	--circle=
english	parameter	--circle=
english	parameter	--galaxies=
english	parameter	--galaxies=
english	parameter	--galaxies=
english	parameter	--galaxies=
english	parameter	--galaxies=
english	parameter	--galaxies=
english	parameter	--galaxies=
english	parameter	--circles=
english	parameter	--circles=
english	parameter	--circles=
english	parameter	--circles=
english	parameter	--circles=
english	parameter	--circles=
english	parameter	--circles=
english	parameter	--galaxy=
english	parameter	--ancientscripts=
english	parameter	--circle=
english	parameter	--galaxies=
english	parameter	--circles=
english	parameter	--operations=
english	parameter	--operations=
english	parameter	--operations=
english	parameter	--operations=
english	parameter	--operations=
english	parameter	--operations=
english	parameter	--operations=
english	parameter	--operations=
english	parameter	--operations=
english	parameter	--operations=
english	parameter	--scale=
english	parameter	--structuresize=
english	parameter	--size=
english	parameter	--level=
english	parameter	--organizations=
english	parameter	--basic_structures=
english	parameter	--basic_structures=
english	parameter	--basic_structures=
english	parameter	--basic_structures=
english	parameter	--scale=
english	parameter	--scale=
english	parameter	--scale=
english	parameter	--scale=
english	parameter	--structuresize=
english	parameter	--structuresize=
english	parameter	--structuresize=
english	parameter	--structuresize=
english	parameter	--size=
english	parameter	--size=
english	parameter	--size=
english	parameter	--size=
english	parameter	--level=
english	parameter	--level=
english	parameter	--level=
english	parameter	--level=
english	parameter	--organizations=
english	parameter	--organizations=
english	parameter	--organizations=
english	parameter	--organizations=
english	parameter	--scale=
english	parameter	--scale=
english	parameter	--structuresize=
english	parameter	--structuresize=
english	parameter	--size=
english	parameter	--size=
english	parameter	--level=
english	parameter	--level=
english	parameter	--organizations=
english	parameter	--organizations=
english	parameter	--scale=
english	parameter	--scale=
english	parameter	--scale=
english	parameter	--structuresize=
english	parameter	--structuresize=
english	parameter	--structuresize=
english	parameter	--size=
english	parameter	--size=
english	parameter	--size=
english	parameter	--level=
english	parameter	--level=
english	parameter	--level=
english	parameter	--organizations=
english	parameter	--organizations=
english	parameter	--organizations=
english	parameter	--meta_vs_concrete_(universe)=
english	parameter	--universeMetaConcrete=
english	parameter	--meta_vs_concrete_(universe)=
english	parameter	--universeMetaConcrete=
english	parameter	--meta_vs_concrete_(universe)=
english	parameter	--universeMetaConcrete=
english	parameter	--meta_vs_concrete_(universe)=
english	parameter	--universeMetaConcrete=
english	parameter	--meta_vs_concrete_(universe)=
english	parameter	--meta_vs_concrete_(universe)=
english	parameter	--universeMetaConcrete=
english	parameter	--universeMetaConcrete=
english	parameter	--meta_vs_concrete_(universe)=
english	parameter	--meta_vs_concrete_(universe)=
english	parameter	--universeMetaConcrete=
english	parameter	--universeMetaConcrete=
english	parameter	--meta_vs_concrete_(universe)=
english	parameter	--meta_vs_concrete_(universe)=
english	parameter	--universeMetaConcrete=
english	parameter	--universeMetaConcrete=
english	parameter	--meta_vs_concrete_(universe)=
english	parameter	--meta_vs_concrete_(universe)=
english	parameter	--meta_vs_concrete_(universe)=
english	parameter	--universeMetaConcrete=
english	parameter	--universeMetaConcrete=
english	parameter	--universeMetaConcrete=
english	parameter	--prime_effect=
english	parameter	--prime_effect=
english	parameter	--prime_effect=
english	parameter	--prime_effect=
english	parameter	--prime_effect=
english	parameter	--prime_effect=
english	parameter	--primeeffect=
english	parameter	--primeeffect=
english	parameter	--primeeffect=
english	parameter	--primeeffect=
english	parameter	--primeeffect=
english	parameter	--primeeffect=
english	parameter	--prime_effect=
english	parameter	--prime_effect=
english	parameter	--primeeffect=
english	parameter	--primeeffect=
english	parameter	--prime_effect=
english	parameter	--prime_effect=
english	parameter	--prime_effect=
english	parameter	--prime_effect=
english	parameter	--prime_effect=
english	parameter	--prime_effect=
english	parameter	--prime_effect=
english	parameter	--primeeffect=
english	parameter	--primeeffect=
english	parameter	--primeeffect=
english	parameter	--primeeffect=
english	parameter	--primeeffect=
english	parameter	--primeeffect=
english	parameter	--primeeffect=
english	parameter	--prime_effect=
english	parameter	--prime_effect=
english	parameter	--prime_effect=
english	parameter	--prime_effect=
english	parameter	--prime_effect=
english	parameter	--prime_effect=
english	parameter	--primeeffect=
english	parameter	--primeeffect=
english	parameter	--primeeffect=
english	parameter	--primeeffect=
english	parameter	--primeeffect=
english	parameter	--primeeffect=
english	parameter	--prime_effect=
english	parameter	--prime_effect=
english	parameter	--prime_effect=
english	parameter	--prime_effect=
english	parameter	--prime_effect=
english	parameter	--primeeffect=
english	parameter	--primeeffect=
english	parameter	--primeeffect=
english	parameter	--primeeffect=
english	parameter	--primeeffect=
english	parameter	--prime_effect=
english	parameter	--prime_effect=
english	parameter	--prime_effect=
english	parameter	--prime_effect=
english	parameter	--primeeffect=
english	parameter	--primeeffect=
english	parameter	--primeeffect=
english	parameter	--primeeffect=
english	parameter	--prime_effect=
english	parameter	--prime_effect=
english	parameter	--prime_effect=
english	parameter	--prime_effect=
english	parameter	--prime_effect=
english	parameter	--primeeffect=
english	parameter	--primeeffect=
english	parameter	--primeeffect=
english	parameter	--primeeffect=
english	parameter	--primeeffect=
english	parameter	--meta_vs_concrete_(universe)=
english	parameter	--meta_vs_concrete_(universe)=
english	parameter	--meta_vs_concrete_(universe)=
english	parameter	--universeMetaConcrete=
english	parameter	--universeMetaConcrete=
english	parameter	--universeMetaConcrete=
english	parameter	--meta_vs_concrete_(universe)=
english	parameter	--meta_vs_concrete_(universe)=
english	parameter	--universeMetaConcrete=
english	parameter	--universeMetaConcrete=
english	parameter	--meta_vs_concrete_(universe)=
english	parameter	--meta_vs_concrete_(universe)=
english	parameter	--universeMetaConcrete=
english	parameter	--universeMetaConcrete=
english	parameter	--meta_vs_concrete_(universe)=
english	parameter	--meta_vs_concrete_(universe)=
english	parameter	--universeMetaConcrete=
english	parameter	--universeMetaConcrete=
english	parameter	--universe=
english	parameter	--universe=
english	parameter	--universe=
english	parameter	--transcendentals=
english	parameter	--transcendentals=
english	parameter	--transcendentals=
english	parameter	--structurals=
english	parameter	--structurals=
english	parameter	--structurals=
english	parameter	--sphere=
english	parameter	--sphere=
english	parameter	--sphere=
english	parameter	--spheres=
english	parameter	--spheres=
english	parameter	--spheres=
english	parameter	--ball=
english	parameter	--ball=
english	parameter	--ball=
english	parameter	--balls=
english	parameter	--balls=
english	parameter	--balls=
english	parameter	--universe=
english	parameter	--universe=
english	parameter	--universe=
english	parameter	--universe=
english	parameter	--universe=
english	parameter	--transcendentals=
english	parameter	--transcendentals=
english	parameter	--transcendentals=
english	parameter	--transcendentals=
english	parameter	--transcendentals=
english	parameter	--structurals=
english	parameter	--structurals=
english	parameter	--structurals=
english	parameter	--structurals=
english	parameter	--structurals=
english	parameter	--sphere=
english	parameter	--sphere=
english	parameter	--sphere=
english	parameter	--sphere=
english	parameter	--sphere=
english	parameter	--spheres=
english	parameter	--spheres=
english	parameter	--spheres=
english	parameter	--spheres=
english	parameter	--spheres=
english	parameter	--ball=
english	parameter	--ball=
english	parameter	--ball=
english	parameter	--ball=
english	parameter	--ball=
english	parameter	--balls=
english	parameter	--balls=
english	parameter	--balls=
english	parameter	--balls=
english	parameter	--balls=
english	parameter	--universe=
english	parameter	--transcendentals=
english	parameter	--structurals=
english	parameter	--sphere=
english	parameter	--spheres=
english	parameter	--ball=
english	parameter	--balls=
english	parameter	--universe=
english	parameter	--universe=
english	parameter	--universe=
english	parameter	--universe=
english	parameter	--universe=
english	parameter	--transcendentals=
english	parameter	--transcendentals=
english	parameter	--transcendentals=
english	parameter	--transcendentals=
english	parameter	--transcendentals=
english	parameter	--structurals=
english	parameter	--structurals=
english	parameter	--structurals=
english	parameter	--structurals=
english	parameter	--structurals=
english	parameter	--sphere=
english	parameter	--sphere=
english	parameter	--sphere=
english	parameter	--sphere=
english	parameter	--sphere=
english	parameter	--spheres=
english	parameter	--spheres=
english	parameter	--spheres=
english	parameter	--spheres=
english	parameter	--spheres=
english	parameter	--ball=
english	parameter	--ball=
english	parameter	--ball=
english	parameter	--ball=
english	parameter	--ball=
english	parameter	--balls=
english	parameter	--balls=
english	parameter	--balls=
english	parameter	--balls=
english	parameter	--balls=
english	parameter	--universe=
english	parameter	--universe=
english	parameter	--universe=
english	parameter	--universe=
english	parameter	--universe=
english	parameter	--transcendentals=
english	parameter	--transcendentals=
english	parameter	--transcendentals=
english	parameter	--transcendentals=
english	parameter	--transcendentals=
english	parameter	--structurals=
english	parameter	--structurals=
english	parameter	--structurals=
english	parameter	--structurals=
english	parameter	--structurals=
english	parameter	--sphere=
english	parameter	--sphere=
english	parameter	--sphere=
english	parameter	--sphere=
english	parameter	--sphere=
english	parameter	--spheres=
english	parameter	--spheres=
english	parameter	--spheres=
english	parameter	--spheres=
english	parameter	--spheres=
english	parameter	--ball=
english	parameter	--ball=
english	parameter	--ball=
english	parameter	--ball=
english	parameter	--ball=
english	parameter	--balls=
english	parameter	--balls=
english	parameter	--balls=
english	parameter	--balls=
english	parameter	--balls=
english	parameter	--universe=
english	parameter	--transcendentals=
english	parameter	--structurals=
english	parameter	--sphere=
english	parameter	--spheres=
english	parameter	--ball=
english	parameter	--balls=
english	parameter	--universe=
english	parameter	--universe=
english	parameter	--transcendentals=
english	parameter	--transcendentals=
english	parameter	--structurals=
english	parameter	--structurals=
english	parameter	--sphere=
english	parameter	--sphere=
english	parameter	--spheres=
english	parameter	--spheres=
english	parameter	--ball=
english	parameter	--ball=
english	parameter	--balls=
english	parameter	--balls=
english	parameter	--universe=
english	parameter	--transcendentals=
english	parameter	--structurals=
english	parameter	--sphere=
english	parameter	--spheres=
english	parameter	--ball=
english	parameter	--balls=
english	parameter	--universe=
english	parameter	--universe=
english	parameter	--transcendentals=
english	parameter	--transcendentals=
english	parameter	--structurals=
english	parameter	--structurals=
english	parameter	--sphere=
english	parameter	--sphere=
english	parameter	--spheres=
english	parameter	--spheres=
english	parameter	--ball=
english	parameter	--ball=
english	parameter	--balls=
english	parameter	--balls=
english	parameter	--universe=
english	parameter	--universe=
english	parameter	--transcendentals=
english	parameter	--transcendentals=
english	parameter	--structurals=
english	parameter	--structurals=
english	parameter	--sphere=
english	parameter	--sphere=
english	parameter	--spheres=
english	parameter	--spheres=
english	parameter	--ball=
english	parameter	--ball=
english	parameter	--balls=
english	parameter	--balls=
english	parameter	--galaxy=
english	parameter	--ancientscripts=
english	parameter	--circle=
english	parameter	--galaxies=
english	parameter	--circles=
english	parameter	--galaxy=
english	parameter	--galaxy=
english	parameter	--ancientscripts=
english	parameter	--ancientscripts=
english	parameter	--circle=
english	parameter	--circle=
english	parameter	--galaxies=
english	parameter	--galaxies=
english	parameter	--circles=
english	parameter	--circles=
english	parameter	--universe=
english	parameter	--universe=
english	parameter	--transcendentals=
english	parameter	--transcendentals=
english	parameter	--structurals=
english	parameter	--structurals=
english	parameter	--sphere=
english	parameter	--sphere=
english	parameter	--spheres=
english	parameter	--spheres=
english	parameter	--ball=
english	parameter	--ball=
english	parameter	--balls=
english	parameter	--balls=
english	parameter	--universe=
english	parameter	--universe=
english	parameter	--transcendentals=
english	parameter	--transcendentals=
english	parameter	--structurals=
english	parameter	--structurals=
english	parameter	--sphere=
english	parameter	--sphere=
english	parameter	--spheres=
english	parameter	--spheres=
english	parameter	--ball=
english	parameter	--ball=
english	parameter	--balls=
english	parameter	--balls=
english	parameter	--basic_structures=
english	parameter	--basic_structures=
english	parameter	--basic_structures=
english	parameter	--basic_structures=
english	parameter	--basic_structures=
english	parameter	--basic_structures=
english	parameter	--universe=
english	parameter	--universe=
english	parameter	--universe=
english	parameter	--universe=
english	parameter	--universe=
english	parameter	--universe=
english	parameter	--transcendentals=
english	parameter	--transcendentals=
english	parameter	--transcendentals=
english	parameter	--transcendentals=
english	parameter	--transcendentals=
english	parameter	--transcendentals=
english	parameter	--structurals=
english	parameter	--structurals=
english	parameter	--structurals=
english	parameter	--structurals=
english	parameter	--structurals=
english	parameter	--structurals=
english	parameter	--sphere=
english	parameter	--sphere=
english	parameter	--sphere=
english	parameter	--sphere=
english	parameter	--sphere=
english	parameter	--sphere=
english	parameter	--spheres=
english	parameter	--spheres=
english	parameter	--spheres=
english	parameter	--spheres=
english	parameter	--spheres=
english	parameter	--spheres=
english	parameter	--ball=
english	parameter	--ball=
english	parameter	--ball=
english	parameter	--ball=
english	parameter	--ball=
english	parameter	--ball=
english	parameter	--balls=
english	parameter	--balls=
english	parameter	--balls=
english	parameter	--balls=
english	parameter	--balls=
english	parameter	--balls=
english	parameter	--multiverse=
english	parameter	--multiverse=
english	parameter	--multiverse=
english	parameter	--multiverse=
english	parameter	--multiverse=
english	parameter	--multiverse=
english	parameter	--operations=
english	parameter	--operations=
english	parameter	--operations=
english	parameter	--operations=
english	parameter	--operations=
english	parameter	--operations=
english	parameter	--operations=
english	parameter	--operations=
english	parameter	--operations=
english	parameter	--operations=
english	parameter	--operations=
english	parameter	--operations=
english	parameter	--human=
english	parameter	--human=
english	parameter	--human=
english	parameter	--human=
english	parameter	--human=
english	parameter	--human=
english	parameter	--human=
english	parameter	--human=
english	parameter	--human=
english	parameter	--human=
english	parameter	--human=
english	parameter	--human=
english	parameter	--human=
english	parameter	--human=
english	parameter	--human=
english	parameter	--economy=
english	parameter	--economy=
english	parameter	--economy=
english	parameter	--economy=
english	parameter	--economy=
english	parameter	--economy=
english	parameter	--economy=
english	parameter	--economy=
english	parameter	--economy=
english	parameter	--economy=
english	parameter	--economy=
english	parameter	--economy=
english	parameter	--basic_structures=
english	parameter	--economy=
english	parameter	--economy=
english	parameter	--economy=
english	parameter	--economy=
english	parameter	--human=
english	parameter	--human=
english	parameter	--human=
english	parameter	--human=
english	parameter	--human=
english	parameter	--human=
english	parameter	--human=
english	parameter	--human=
english	parameter	--human=
english	parameter	--human=
english	parameter	--human=
english	parameter	--human=
english	parameter	--human=
english	parameter	--human=
english	parameter	--human=
english	parameter	--human=
english	parameter	--human=
english	parameter	--human=
english	parameter	--human=
english	parameter	--human=
english	parameter	--human=
english	parameter	--human=
english	parameter	--human=
english	parameter	--human=
english	parameter	--human=
english	parameter	--human=
english	parameter	--human=
english	parameter	--human=
english	parameter	--human=
english	parameter	--human=
english	parameter	--human=
english	parameter	--human=
english	parameter	--human=
english	parameter	--human=
english	parameter	--human=
english	parameter	--human=
english	parameter	--human=
english	parameter	--human=
english	parameter	--human=
english	parameter	--human=
english	parameter	--human=
english	parameter	--human=
english	parameter	--human=
english	parameter	--basic_structures=
english	parameter	--basic_structures=
english	parameter	--basic_structures=
english	parameter	--basic_structures=
english	parameter	--basic_structures=
english	parameter	--basic_structures=
english	parameter	--basic_structures=
english	parameter	--multiverse=
english	parameter	--multiverse=
english	parameter	--multiverse=
english	parameter	--multiverse=
english	parameter	--multiverse=
english	parameter	--multiverse=
english	parameter	--multiverse=
english	parameter	--basic_structures=
english	parameter	--basic_structures=
english	parameter	--basic_structures=
english	parameter	--basic_structures=
english	parameter	--basic_structures=
english	parameter	--basic_structures=
english	parameter	--basic_structures=
english	parameter	--basic_structures=
english	parameter	--basic_structures=
english	parameter	--basic_structures=
english	parameter	--basic_structures=
english	parameter	--basic_structures=
english	parameter	--basic_structures=
english	parameter	--basic_structures=
english	parameter	--basic_structures=
english	parameter	--basic_structures=
english	parameter	--basic_structures=
english	parameter	--basic_structures=
english	parameter	--basic_structures=
english	parameter	--basic_structures=
english	parameter	--basic_structures=
english	parameter	--basic_structures=
english	parameter	--basic_structures=
english	parameter	--basic_structures=
english	parameter	--basic_structures=
english	parameter	--basic_structures=
english	parameter	--basic_structures=
english	parameter	--basic_structures=
english	parameter	--basic_structures=
english	parameter	--basic_structures=
english	parameter	--basic_structures=
english	parameter	--basic_structures=
english	parameter	--basic_structures=
english	parameter	--basic_structures=
english	parameter	--basic_structures=
english	parameter	--basic_structures=
english	parameter	--basic_structures=
english	parameter	--basic_structures=
english	parameter	--basic_structures=
english	parameter	--basic_structures=
english	parameter	--basic_structures=
english	parameter	--basic_structures=
english	parameter	--basic_structures=
english	parameter	--basic_structures=
english	parameter	--basic_structures=
english	parameter	--basic_structures=
english	parameter	--basic_structures=
english	parameter	--basic_structures=
english	parameter	--basic_structures=
english	parameter	--basic_structures=
english	parameter	--basic_structures=
english	parameter	--basic_structures=
english	parameter	--basic_structures=
english	parameter	--basic_structures=
english	parameter	--basic_structures=
english	parameter	--basic_structures=
english	parameter	--basic_structures=
english	parameter	--basic_structures=
english	parameter	--basic_structures=
english	parameter	--basic_structures=
english	parameter	--basic_structures=
english	parameter	--basic_structures=
english	parameter	--basic_structures=
english	parameter	--basic_structures=
english	parameter	--basic_structures=
english	parameter	--basic_structures=
english	parameter	--basic_structures=
english	parameter	--basic_structures=
english	parameter	--basic_structures=
english	parameter	--basic_structures=
english	parameter	--basic_structures=
english	parameter	--basic_structures=
english	parameter	--basic_structures=
english	parameter	--basic_structures=
english	parameter	--basic_structures=
english	parameter	--basic_structures=
english	parameter	--basic_structures=
english	parameter	--basic_structures=
english	parameter	--basic_structures=
english	parameter	--basic_structures=
english	parameter	--basic_structures=
english	parameter	--basic_structures=
english	parameter	--basic_structures=
english	parameter	--multiverse=
english	parameter	--multiverse=
english	parameter	--multiverse=
english	parameter	--basic_structures=
english	parameter	--basic_structures=
english	parameter	--basic_structures=
english	parameter	--basic_structures=
english	parameter	--basic_structures=
english	parameter	--basic_structures=
english	parameter	--basic_structures=
english	parameter	--basic_structures=
english	parameter	--basic_structures=
english	parameter	--basic_structures=
english	parameter	--basic_structures=
english	parameter	--basic_structures=
english	parameter	--basic_structures=
english	parameter	--basic_structures=
english	parameter	--basic_structures=
english	parameter	--basic_structures=
english	parameter	--basic_structures=
english	parameter	--basic_structures=
english	parameter	--basic_structures=
english	parameter	--multiverse=
english	parameter	--multiverse=
english	parameter	--basic_structures=
english	parameter	--basic_structures=
english	parameter	--basic_structures=
english	parameter	--basic_structures=
english	parameter	--basic_structures=
english	parameter	--basic_structures=
english	parameter	--basic_structures=
english	parameter	--basic_structures=
english	parameter	--basic_structures=
english	parameter	--basic_structures=
english	parameter	--basic_structures=
english	parameter	--basic_structures=
english	parameter	--basic_structures=
english	parameter	--basic_structures=
english	parameter	--basic_structures=
english	parameter	--basic_structures=
english	parameter	--basic_structures=
english	parameter	--basic_structures=
english	parameter	--basic_structures=
english	parameter	--basic_structures=
english	parameter	--basic_structures=
english	parameter	--basic_structures=
english	parameter	--basic_structures=
english	parameter	--basic_structures=
english	parameter	--basic_structures=
english	parameter	--basic_structures=
english	parameter	--basic_structures=
english	parameter	--basic_structures=
english	parameter	--basic_structures=
english	parameter	--basic_structures=
english	parameter	--basic_structures=
english	parameter	--basic_structures=
english	parameter	--basic_structures=
english	parameter	--basic_structures=
english	parameter	--basic_structures=
english	parameter	--basic_structures=
english	parameter	--basic_structures=
english	parameter	--basic_structures=
english	parameter	--basic_structures=
english	parameter	--basic_structures=
english	parameter	--basic_structures=
english	parameter	--basic_structures=
english	parameter	--basic_structures=
english	parameter	--basic_structures=
english	parameter	--basic_structures=
english	parameter	--basic_structures=
english	parameter	--basic_structures=
english	parameter	--human=
english	parameter	--human=
english	parameter	--human=
english	parameter	--human=
english	parameter	--human=
english	parameter	--human=
english	parameter	--basic_structures=
english	parameter	--basic_structures=
english	parameter	--basic_structures=
english	parameter	--basic_structures=
english	parameter	--basic_structures=
english	parameter	--basic_structures=
english	parameter	--basic_structures=
english	parameter	--basic_structures=
english	parameter	--basic_structures=
english	parameter	--basic_structures=
english	parameter	--basic_structures=
english	parameter	--basic_structures=
english	parameter	--basic_structures=
english	parameter	--basic_structures=
english	parameter	--basic_structures=
english	parameter	--basic_structures=
english	parameter	--basic_structures=
english	parameter	--basic_structures=
english	parameter	--basic_structures=
english	parameter	--basic_structures=
english	parameter	--basic_structures=
english	parameter	--basic_structures=
english	parameter	--basic_structures=
english	parameter	--basic_structures=
english	parameter	--basic_structures=
english	parameter	--basic_structures=
english	parameter	--human=
english	parameter	--human=
english	parameter	--human=
english	parameter	--human=
english	parameter	--human=
english	parameter	--human=
english	parameter	--human=
english	parameter	--human=
english	parameter	--human=
english	parameter	--human=
english	parameter	--human=
english	parameter	--human=
english	parameter	--human=
english	parameter	--human=
english	parameter	--human=
english	parameter	--human=
english	parameter	--human=
english	parameter	--human=
english	parameter	--human=
english	parameter	--human=
english	parameter	--human=
english	parameter	--human=
english	parameter	--human=
english	parameter	--human=
english	parameter	--human=
english	parameter	--human=
english	parameter	--human=
english	parameter	--human=
english	parameter	--human=
english	parameter	--human=
english	parameter	--human=
english	parameter	--human=
english	parameter	--human=
english	parameter	--human=
english	parameter	--human=
english	parameter	--human=
english	parameter	--human=
english	parameter	--basic_structures=
english	parameter	--multiverse=
english	parameter	--universe=
english	parameter	--universe=
english	parameter	--transcendentals=
english	parameter	--transcendentals=
english	parameter	--structurals=
english	parameter	--structurals=
english	parameter	--sphere=
english	parameter	--sphere=
english	parameter	--spheres=
english	parameter	--spheres=
english	parameter	--ball=
english	parameter	--ball=
english	parameter	--balls=
english	parameter	--balls=
english	parameter	--universe=
english	parameter	--transcendentals=
english	parameter	--structurals=
english	parameter	--sphere=
english	parameter	--spheres=
english	parameter	--ball=
english	parameter	--balls=
english	parameter	--human=
english	parameter	--human=
english	parameter	--human=
english	parameter	--human=
english	parameter	--human=
english	parameter	--human=
english	parameter	--human=
english	parameter	--pro_contra=
english	parameter	--pro_contra=
english	parameter	--pro_contra=
english	parameter	--pro_contra=
english	parameter	--procontra=
english	parameter	--procontra=
english	parameter	--procontra=
english	parameter	--procontra=
english	parameter	--pro_contra=
english	parameter	--procontra=
english	parameter	--pro_contra=
english	parameter	--pro_contra=
english	parameter	--pro_contra=
english	parameter	--pro_contra=
english	parameter	--procontra=
english	parameter	--procontra=
english	parameter	--procontra=
english	parameter	--procontra=
english	parameter	--pro_contra=
english	parameter	--pro_contra=
english	parameter	--procontra=
english	parameter	--procontra=
english	parameter	--pro_contra=
english	parameter	--pro_contra=
english	parameter	--procontra=
english	parameter	--procontra=
english	parameter	--pro_contra=
english	parameter	--pro_contra=
english	parameter	--procontra=
english	parameter	--procontra=
english	parameter	--pro_contra=
english	parameter	--procontra=
english	parameter	--pro_contra=
english	parameter	--pro_contra=
english	parameter	--procontra=
english	parameter	--procontra=
english	parameter	--pro_contra=
english	parameter	--procontra=
english	parameter	--pro_contra=
english	parameter	--pro_contra=
english	parameter	--procontra=
english	parameter	--procontra=
english	parameter	--pro_contra=
english	parameter	--procontra=
english	parameter	--pro_contra=
english	parameter	--pro_contra=
english	parameter	--procontra=
english	parameter	--procontra=
english	parameter	--pro_contra=
english	parameter	--pro_contra=
english	parameter	--procontra=
english	parameter	--procontra=
english	parameter	--pro_contra=
english	parameter	--pro_contra=
english	parameter	--procontra=
english	parameter	--procontra=
english	parameter	--pro_contra=
english	parameter	--pro_contra=
english	parameter	--procontra=
english	parameter	--procontra=
english	parameter	--pro_contra=
english	parameter	--pro_contra=
english	parameter	--procontra=
english	parameter	--procontra=
english	parameter	--pro_contra=
english	parameter	--pro_contra=
english	parameter	--procontra=
english	parameter	--procontra=
english	parameter	--pro_contra=
english	parameter	--pro_contra=
english	parameter	--procontra=
english	parameter	--procontra=
english	parameter	--pro_contra=
english	parameter	--pro_contra=
english	parameter	--procontra=
english	parameter	--procontra=
english	parameter	--pro_contra=
english	parameter	--procontra=
english	parameter	--pro_contra=
english	parameter	--pro_contra=
english	parameter	--procontra=
english	parameter	--procontra=
english	parameter	--pro_contra=
english	parameter	--procontra=
english	parameter	--pro_contra=
english	parameter	--procontra=
english	parameter	--light=
english	parameter	--pro_contra=
english	parameter	--pro_contra=
english	parameter	--procontra=
english	parameter	--procontra=
english	parameter	--meaning=
english	parameter	--meaning=
english	parameter	--meaning=
english	parameter	--meaning=
english	parameter	--meaning=
english	parameter	--meaning=
english	parameter	--meaning=
english	parameter	--meaning=
english	parameter	--meaning=
english	parameter	--meaning=
english	parameter	--meaning=
english	parameter	--meaning=
english	parameter	--meaning=
english	parameter	--meaning=
english	parameter	--meaning=
english	parameter	--meaning=
english	parameter	--meaning=
english	parameter	--meaning=
english	parameter	--meaning=
english	parameter	--meaning=
english	parameter	--meaning=
english	parameter	--meaning=
english	parameter	--meaning=
english	parameter	--meaning=
english	parameter	--meaning=
english	parameter	--meaning=
english	parameter	--meaning=
english	parameter	--meaning=
english	parameter	--meaning=
english	parameter	--meaning=
english	parameter	--fractional_galaxy_n/m=
english	parameter	--fractional_galaxy_n/m=
english	parameter	--fractional_galaxy_n/m=
english	parameter	--fractional_galaxy_n/m=
english	parameter	--fractional_galaxy_n/m=
english	parameter	--fractional_galaxy_n/m=
english	parameter	--fractional_galaxy_n/m=
english	parameter	--fractional_galaxy_n/m=
english	parameter	--fractional_galaxy_n/m=
english	parameter	--fractional_galaxy_n/m=
english	parameter	--fractional_galaxy_n/m=
english	parameter	--fractional_galaxy_n/m=
english	parameter	--fractional_galaxy_n/m=
english	parameter	--fractional_galaxy_n/m=
english	parameter	--fractional_galaxy_n/m=
english	parameter	--fractional_galaxy_n/m=
english	parameter	--fractional_galaxy_n/m=
english	parameter	--fractional_galaxy_n/m=
english	parameter	--fractional_galaxy_n/m=
english	parameter	--fractional_galaxy_n/m=
english	parameter	--fractional_galaxy_n/m=
english	parameter	--fractional_galaxy_n/m=
english	parameter	--gebrochengalaxie_fractionalgalaxy=
english	parameter	--gebrochengalaxie_fractionalgalaxy=
english	parameter	--gebrochengalaxie_fractionalgalaxy=
english	parameter	--gebrochengalaxie_fractionalgalaxy=
english	parameter	--gebrochengalaxie_fractionalgalaxy=
english	parameter	--gebrochengalaxie_fractionalgalaxy=
english	parameter	--gebrochengalaxie_fractionalgalaxy=
english	parameter	--gebrochengalaxie_fractionalgalaxy=
english	parameter	--gebrochengalaxie_fractionalgalaxy=
english	parameter	--gebrochengalaxie_fractionalgalaxy=
english	parameter	--gebrochengalaxie_fractionalgalaxy=
english	parameter	--gebrochengalaxie_fractionalgalaxy=
english	parameter	--gebrochengalaxie_fractionalgalaxy=
english	parameter	--gebrochengalaxie_fractionalgalaxy=
english	parameter	--gebrochengalaxie_fractionalgalaxy=
english	parameter	--gebrochengalaxie_fractionalgalaxy=
english	parameter	--gebrochengalaxie_fractionalgalaxy=
english	parameter	--gebrochengalaxie_fractionalgalaxy=
english	parameter	--gebrochengalaxie_fractionalgalaxy=
english	parameter	--gebrochengalaxie_fractionalgalaxy=
english	parameter	--gebrochengalaxie_fractionalgalaxy=
english	parameter	--gebrochengalaxie_fractionalgalaxy=
english	parameter	--fractional_universe_n/m=
english	parameter	--fractional_universe_n/m=
english	parameter	--fractional_universe_n/m=
english	parameter	--fractional_universe_n/m=
english	parameter	--fractional_universe_n/m=
english	parameter	--fractional_universe_n/m=
english	parameter	--fractional_universe_n/m=
english	parameter	--fractional_universe_n/m=
english	parameter	--fractional_universe_n/m=
english	parameter	--fractional_universe_n/m=
english	parameter	--fractional_universe_n/m=
english	parameter	--fractional_universe_n/m=
english	parameter	--fractional_universe_n/m=
english	parameter	--fractional_universe_n/m=
english	parameter	--fractional_universe_n/m=
english	parameter	--fractional_universe_n/m=
english	parameter	--fractional_universe_n/m=
english	parameter	--fractional_universe_n/m=
english	parameter	--fractional_universe_n/m=
english	parameter	--fractional_universe_n/m=
english	parameter	--fractional_universe_n/m=
english	parameter	--fractional_universe_n/m=
english	parameter	--gebrochenuniversum_fractionaluniverse=
english	parameter	--gebrochenuniversum_fractionaluniverse=
english	parameter	--gebrochenuniversum_fractionaluniverse=
english	parameter	--gebrochenuniversum_fractionaluniverse=
english	parameter	--gebrochenuniversum_fractionaluniverse=
english	parameter	--gebrochenuniversum_fractionaluniverse=
english	parameter	--gebrochenuniversum_fractionaluniverse=
english	parameter	--gebrochenuniversum_fractionaluniverse=
english	parameter	--gebrochenuniversum_fractionaluniverse=
english	parameter	--gebrochenuniversum_fractionaluniverse=
english	parameter	--gebrochenuniversum_fractionaluniverse=
english	parameter	--gebrochenuniversum_fractionaluniverse=
english	parameter	--gebrochenuniversum_fractionaluniverse=
english	parameter	--gebrochenuniversum_fractionaluniverse=
english	parameter	--gebrochenuniversum_fractionaluniverse=
english	parameter	--gebrochenuniversum_fractionaluniverse=
english	parameter	--gebrochenuniversum_fractionaluniverse=
english	parameter	--gebrochenuniversum_fractionaluniverse=
english	parameter	--gebrochenuniversum_fractionaluniverse=
english	parameter	--gebrochenuniversum_fractionaluniverse=
english	parameter	--gebrochenuniversum_fractionaluniverse=
english	parameter	--gebrochenuniversum_fractionaluniverse=
english	parameter	--fractional-rational_numbered_emotions_n/m=
english	parameter	--fractional-rational_numbered_emotions_n/m=
english	parameter	--fractional-rational_numbered_emotions_n/m=
english	parameter	--fractional-rational_numbered_emotions_n/m=
english	parameter	--fractional-rational_numbered_emotions_n/m=
english	parameter	--fractional-rational_numbered_emotions_n/m=
english	parameter	--fractional-rational_numbered_emotions_n/m=
english	parameter	--fractional-rational_numbered_emotions_n/m=
english	parameter	--fractional-rational_numbered_emotions_n/m=
english	parameter	--fractional-rational_numbered_emotions_n/m=
english	parameter	--fractional-rational_numbered_emotions_n/m=
english	parameter	--fractional-rational_numbered_emotions_n/m=
english	parameter	--fractional-rational_numbered_emotions_n/m=
english	parameter	--fractional-rational_numbered_emotions_n/m=
english	parameter	--fractional-rational_numbered_emotions_n/m=
english	parameter	--fractional-rational_numbered_emotions_n/m=
english	parameter	--fractional-rational_numbered_emotions_n/m=
english	parameter	--fractional-rational_numbered_emotions_n/m=
english	parameter	--fractional-rational_numbered_emotions_n/m=
english	parameter	--fractional-rational_numbered_emotions_n/m=
english	parameter	--fractional-rational_numbered_emotions_n/m=
english	parameter	--fractional-rational_numbered_emotions_n/m=
english	parameter	--fractionedemotion=
english	parameter	--fractionedemotion=
english	parameter	--fractionedemotion=
english	parameter	--fractionedemotion=
english	parameter	--fractionedemotion=
english	parameter	--fractionedemotion=
english	parameter	--fractionedemotion=
english	parameter	--fractionedemotion=
english	parameter	--fractionedemotion=
english	parameter	--fractionedemotion=
english	parameter	--fractionedemotion=
english	parameter	--fractionedemotion=
english	parameter	--fractionedemotion=
english	parameter	--fractionedemotion=
english	parameter	--fractionedemotion=
english	parameter	--fractionedemotion=
english	parameter	--fractionedemotion=
english	parameter	--fractionedemotion=
english	parameter	--fractionedemotion=
english	parameter	--fractionedemotion=
english	parameter	--fractionedemotion=
english	parameter	--fractionedemotion=
english	parameter	--fractional-rational_numbered_structure_sizes_n/m=
english	parameter	--fractional-rational_numbered_structure_sizes_n/m=
english	parameter	--fractional-rational_numbered_structure_sizes_n/m=
english	parameter	--fractional-rational_numbered_structure_sizes_n/m=
english	parameter	--fractional-rational_numbered_structure_sizes_n/m=
english	parameter	--fractional-rational_numbered_structure_sizes_n/m=
english	parameter	--fractional-rational_numbered_structure_sizes_n/m=
english	parameter	--fractional-rational_numbered_structure_sizes_n/m=
english	parameter	--fractional-rational_numbered_structure_sizes_n/m=
english	parameter	--fractional-rational_numbered_structure_sizes_n/m=
english	parameter	--fractional-rational_numbered_structure_sizes_n/m=
english	parameter	--fractional-rational_numbered_structure_sizes_n/m=
english	parameter	--fractional-rational_numbered_structure_sizes_n/m=
english	parameter	--fractional-rational_numbered_structure_sizes_n/m=
english	parameter	--fractional-rational_numbered_structure_sizes_n/m=
english	parameter	--fractional-rational_numbered_structure_sizes_n/m=
english	parameter	--fractional-rational_numbered_structure_sizes_n/m=
english	parameter	--fractional-rational_numbered_structure_sizes_n/m=
english	parameter	--fractional-rational_numbered_structure_sizes_n/m=
english	parameter	--fractional-rational_numbered_structure_sizes_n/m=
english	parameter	--fractional-rational_numbered_structure_sizes_n/m=
english	parameter	--fractional-rational_numbered_structure_sizes_n/m=
english	parameter	--fractionalnumberedstructuresize=
english	parameter	--fractionalnumberedstructuresize=
english	parameter	--fractionalnumberedstructuresize=
english	parameter	--fractionalnumberedstructuresize=
english	parameter	--fractionalnumberedstructuresize=
english	parameter	--fractionalnumberedstructuresize=
english	parameter	--fractionalnumberedstructuresize=
english	parameter	--fractionalnumberedstructuresize=
english	parameter	--fractionalnumberedstructuresize=
english	parameter	--fractionalnumberedstructuresize=
english	parameter	--fractionalnumberedstructuresize=
english	parameter	--fractionalnumberedstructuresize=
english	parameter	--fractionalnumberedstructuresize=
english	parameter	--fractionalnumberedstructuresize=
english	parameter	--fractionalnumberedstructuresize=
english	parameter	--fractionalnumberedstructuresize=
english	parameter	--fractionalnumberedstructuresize=
english	parameter	--fractionalnumberedstructuresize=
english	parameter	--fractionalnumberedstructuresize=
english	parameter	--fractionalnumberedstructuresize=
english	parameter	--fractionalnumberedstructuresize=
english	parameter	--fractionalnumberedstructuresize=
english	parameter	--symbols=
english	parameter	--symbols=
english	parameter	--symbols=
english	parameter	--symbols=
english	parameter	--symbols=
english	parameter	--symbols=
english	parameter	--symbols=
english	parameter	--symbols=
english	parameter	--symbols=
english	parameter	--symbols=
english	parameter	--properties_n=
english	parameter	--properties_n=
english	parameter	--properties_n=
english	parameter	--properties_n=
english	parameter	--properties_n=
english	parameter	--properties_n=
english	parameter	--properties_n=
english	parameter	--properties_n=
english	parameter	--properties=
english	parameter	--properties=
english	parameter	--properties=
english	parameter	--properties=
english	parameter	--properties=
english	parameter	--properties=
english	parameter	--properties=
english	parameter	--properties=
english	parameter	--property=
english	parameter	--property=
english	parameter	--property=
english	parameter	--property=
english	parameter	--property=
english	parameter	--property=
english	parameter	--property=
english	parameter	--property=
english	parameter	--concept=
english	parameter	--concept=
english	parameter	--concept=
english	parameter	--concept=
english	parameter	--concept=
english	parameter	--concept=
english	parameter	--concept=
english	parameter	--concept=
english	parameter	--concepts=
english	parameter	--concepts=
english	parameter	--concepts=
english	parameter	--concepts=
english	parameter	--concepts=
english	parameter	--concepts=
english	parameter	--concepts=
english	parameter	--concepts=
english	parameter	--properties_n=
english	parameter	--properties_n=
english	parameter	--properties_n=
english	parameter	--properties_n=
english	parameter	--properties=
english	parameter	--properties=
english	parameter	--properties=
english	parameter	--properties=
english	parameter	--property=
english	parameter	--property=
english	parameter	--property=
english	parameter	--property=
english	parameter	--concept=
english	parameter	--concept=
english	parameter	--concept=
english	parameter	--concept=
english	parameter	--concepts=
english	parameter	--concepts=
english	parameter	--concepts=
english	parameter	--concepts=
english	parameter	--properties_n=
english	parameter	--properties_n=
english	parameter	--properties_n=
english	parameter	--properties=
english	parameter	--properties=
english	parameter	--properties=
english	parameter	--property=
english	parameter	--property=
english	parameter	--property=
english	parameter	--concept=
english	parameter	--concept=
english	parameter	--concept=
english	parameter	--concepts=
english	parameter	--concepts=
english	parameter	--concepts=
english	parameter	--properties_n=
english	parameter	--properties_n=
english	parameter	--properties_n=
english	parameter	--properties=
english	parameter	--properties=
english	parameter	--properties=
english	parameter	--property=
english	parameter	--property=
english	parameter	--property=
english	parameter	--concept=
english	parameter	--concept=
english	parameter	--concept=
english	parameter	--concepts=
english	parameter	--concepts=
english	parameter	--concepts=
english	parameter	--properties_1/n=
english	parameter	--properties_1/n=
english	parameter	--concept2=
english	parameter	--concept2=
english	parameter	--concepts2=
english	parameter	--concepts2=
english	parameter	--properties_1/n=
english	parameter	--properties_1/n=
english	parameter	--properties_1/n=
english	parameter	--concept2=
english	parameter	--concept2=
english	parameter	--concept2=
english	parameter	--concepts2=
english	parameter	--concepts2=
english	parameter	--concepts2=
english	parameter	--properties_1/n=
english	parameter	--properties_1/n=
english	parameter	--properties_1/n=
english	parameter	--concept2=
english	parameter	--concept2=
english	parameter	--concept2=
english	parameter	--concepts2=
english	parameter	--concepts2=
english	parameter	--concepts2=
english	parameter	--properties_1/n=
english	parameter	--concept2=
english	parameter	--concepts2=
english	parameter	--properties_1/n=
english	parameter	--properties_1/n=
english	parameter	--properties_1/n=
english	parameter	--concept2=
english	parameter	--concept2=
english	parameter	--concept2=
english	parameter	--concepts2=
english	parameter	--concepts2=
english	parameter	--concepts2=
english	parameter	--properties_1/n=
english	parameter	--properties_1/n=
english	parameter	--properties_1/n=
english	parameter	--concept2=
english	parameter	--concept2=
english	parameter	--concept2=
english	parameter	--concepts2=
english	parameter	--concepts2=
english	parameter	--concepts2=
english	parameter	--properties_1/n=
english	parameter	--properties_1/n=
english	parameter	--concept2=
english	parameter	--concept2=
english	parameter	--concepts2=
english	parameter	--concepts2=
english	parameter	--properties_n=
english	parameter	--properties_n=
english	parameter	--properties_n=
english	parameter	--properties_n=
english	parameter	--properties=
english	parameter	--properties=
english	parameter	--properties=
english	parameter	--properties=
english	parameter	--property=
english	parameter	--property=
english	parameter	--property=
english	parameter	--property=
english	parameter	--concept=
english	parameter	--concept=
english	parameter	--concept=
english	parameter	--concept=
english	parameter	--concepts=
english	parameter	--concepts=
english	parameter	--concepts=
english	parameter	--concepts=
english	parameter	--properties_1/n=
english	parameter	--properties_1/n=
english	parameter	--concept2=
english	parameter	--concept2=
english	parameter	--concepts2=
english	parameter	--concepts2=
english	parameter	--properties_1/n=
english	parameter	--properties_1/n=
english	parameter	--properties_1/n=
english	parameter	--properties_1/n=
english	parameter	--properties_1/n=
english	parameter	--concept2=
english	parameter	--concept2=
english	parameter	--concept2=
english	parameter	--concept2=
english	parameter	--concept2=
english	parameter	--concepts2=
english	parameter	--concepts2=
english	parameter	--concepts2=
english	parameter	--concepts2=
english	parameter	--concepts2=
english	parameter	--properties_n=
english	parameter	--properties=
english	parameter	--property=
english	parameter	--concept=
english	parameter	--concepts=
english	parameter	--properties_n=
english	parameter	--properties_n=
english	parameter	--properties=
english	parameter	--properties=
english	parameter	--property=
english	parameter	--property=
english	parameter	--concept=
english	parameter	--concept=
english	parameter	--concepts=
english	parameter	--concepts=
english	parameter	--properties_n=
english	parameter	--properties_n=
english	parameter	--properties_n=
english	parameter	--properties=
english	parameter	--properties=
english	parameter	--properties=
english	parameter	--property=
english	parameter	--property=
english	parameter	--property=
english	parameter	--concept=
english	parameter	--concept=
english	parameter	--concept=
english	parameter	--concepts=
english	parameter	--concepts=
english	parameter	--concepts=
english	parameter	--properties_n=
english	parameter	--properties_n=
english	parameter	--properties_n=
english	parameter	--properties_n=
english	parameter	--properties=
english	parameter	--properties=
english	parameter	--properties=
english	parameter	--properties=
english	parameter	--property=
english	parameter	--property=
english	parameter	--property=
english	parameter	--property=
english	parameter	--concept=
english	parameter	--concept=
english	parameter	--concept=
english	parameter	--concept=
english	parameter	--concepts=
english	parameter	--concepts=
english	parameter	--concepts=
english	parameter	--concepts=
english	parameter	--properties_n=
english	parameter	--properties_n=
english	parameter	--properties_n=
english	parameter	--properties_n=
english	parameter	--properties=
english	parameter	--properties=
english	parameter	--properties=
english	parameter	--properties=
english	parameter	--property=
english	parameter	--property=
english	parameter	--property=
english	parameter	--property=
english	parameter	--concept=
english	parameter	--concept=
english	parameter	--concept=
english	parameter	--concept=
english	parameter	--concepts=
english	parameter	--concepts=
english	parameter	--concepts=
english	parameter	--concepts=
english	parameter	--properties_n=
english	parameter	--properties_n=
english	parameter	--properties_n=
english	parameter	--properties=
english	parameter	--properties=
english	parameter	--properties=
english	parameter	--property=
english	parameter	--property=
english	parameter	--property=
english	parameter	--concept=
english	parameter	--concept=
english	parameter	--concept=
english	parameter	--concepts=
english	parameter	--concepts=
english	parameter	--concepts=
english	parameter	--properties_n=
english	parameter	--properties_n=
english	parameter	--properties_n=
english	parameter	--properties=
english	parameter	--properties=
english	parameter	--properties=
english	parameter	--property=
english	parameter	--property=
english	parameter	--property=
english	parameter	--concept=
english	parameter	--concept=
english	parameter	--concept=
english	parameter	--concepts=
english	parameter	--concepts=
english	parameter	--concepts=
english	parameter	--properties_n=
english	parameter	--properties_n=
english	parameter	--properties_n=
english	parameter	--properties=
english	parameter	--properties=
english	parameter	--properties=
english	parameter	--property=
english	parameter	--property=
english	parameter	--property=
english	parameter	--concept=
english	parameter	--concept=
english	parameter	--concept=
english	parameter	--concepts=
english	parameter	--concepts=
english	parameter	--concepts=
english	parameter	--properties_n=
english	parameter	--properties_n=
english	parameter	--properties_n=
english	parameter	--properties_n=
english	parameter	--properties_n=
english	parameter	--properties=
english	parameter	--properties=
english	parameter	--properties=
english	parameter	--properties=
english	parameter	--properties=
english	parameter	--property=
english	parameter	--property=
english	parameter	--property=
english	parameter	--property=
english	parameter	--property=
english	parameter	--concept=
english	parameter	--concept=
english	parameter	--concept=
english	parameter	--concept=
english	parameter	--concept=
english	parameter	--concepts=
english	parameter	--concepts=
english	parameter	--concepts=
english	parameter	--concepts=
english	parameter	--concepts=
english	parameter	--human=
english	parameter	--human=
english	parameter	--human=
english	parameter	--human=
english	parameter	--properties_n=
english	parameter	--properties_n=
english	parameter	--properties_n=
english	parameter	--properties_n=
english	parameter	--properties=
english	parameter	--properties=
english	parameter	--properties=
english	parameter	--properties=
english	parameter	--property=
english	parameter	--property=
english	parameter	--property=
english	parameter	--property=
english	parameter	--concept=
english	parameter	--concept=
english	parameter	--concept=
english	parameter	--concept=
english	parameter	--concepts=
english	parameter	--concepts=
english	parameter	--concepts=
english	parameter	--concepts=
english	parameter	--properties_n=
english	parameter	--properties=
english	parameter	--property=
english	parameter	--concept=
english	parameter	--concepts=
english	parameter	--properties_n=
english	parameter	--properties_n=
english	parameter	--properties=
english	parameter	--properties=
english	parameter	--property=
english	parameter	--property=
english	parameter	--concept=
english	parameter	--concept=
english	parameter	--concepts=
english	parameter	--concepts=
english	parameter	--properties_n=
english	parameter	--properties_n=
english	parameter	--properties_n=
english	parameter	--properties_n=
english	parameter	--properties_n=
english	parameter	--properties=
english	parameter	--properties=
english	parameter	--properties=
english	parameter	--properties=
english	parameter	--properties=
english	parameter	--property=
english	parameter	--property=
english	parameter	--property=
english	parameter	--property=
english	parameter	--property=
english	parameter	--concept=
english	parameter	--concept=
english	parameter	--concept=
english	parameter	--concept=
english	parameter	--concept=
english	parameter	--concepts=
english	parameter	--concepts=
english	parameter	--concepts=
english	parameter	--concepts=
english	parameter	--concepts=
english	parameter	--properties_n=
english	parameter	--properties_n=
english	parameter	--properties_n=
english	parameter	--properties=
english	parameter	--properties=
english	parameter	--properties=
english	parameter	--property=
english	parameter	--property=
english	parameter	--property=
english	parameter	--concept=
english	parameter	--concept=
english	parameter	--concept=
english	parameter	--concepts=
english	parameter	--concepts=
english	parameter	--concepts=
english	parameter	--properties_n=
english	parameter	--properties_n=
english	parameter	--properties_n=
english	parameter	--properties_n=
english	parameter	--properties_n=
english	parameter	--properties=
english	parameter	--properties=
english	parameter	--properties=
english	parameter	--properties=
english	parameter	--properties=
english	parameter	--property=
english	parameter	--property=
english	parameter	--property=
english	parameter	--property=
english	parameter	--property=
english	parameter	--concept=
english	parameter	--concept=
english	parameter	--concept=
english	parameter	--concept=
english	parameter	--concept=
english	parameter	--concepts=
english	parameter	--concepts=
english	parameter	--concepts=
english	parameter	--concepts=
english	parameter	--concepts=
english	parameter	--properties_n=
english	parameter	--properties=
english	parameter	--property=
english	parameter	--concept=
english	parameter	--concepts=
english	parameter	--properties_n=
english	parameter	--properties_n=
english	parameter	--properties_n=
english	parameter	--properties_n=
english	parameter	--properties_n=
english	parameter	--properties=
english	parameter	--properties=
english	parameter	--properties=
english	parameter	--properties=
english	parameter	--properties=
english	parameter	--property=
english	parameter	--property=
english	parameter	--property=
english	parameter	--property=
english	parameter	--property=
english	parameter	--concept=
english	parameter	--concept=
english	parameter	--concept=
english	parameter	--concept=
english	parameter	--concept=
english	parameter	--concepts=
english	parameter	--concepts=
english	parameter	--concepts=
english	parameter	--concepts=
english	parameter	--concepts=
english	parameter	--properties_n=
english	parameter	--properties_n=
english	parameter	--properties_n=
english	parameter	--properties_n=
english	parameter	--properties=
english	parameter	--properties=
english	parameter	--properties=
english	parameter	--properties=
english	parameter	--property=
english	parameter	--property=
english	parameter	--property=
english	parameter	--property=
english	parameter	--concept=
english	parameter	--concept=
english	parameter	--concept=
english	parameter	--concept=
english	parameter	--concepts=
english	parameter	--concepts=
english	parameter	--concepts=
english	parameter	--concepts=
english	parameter	--properties_n=
english	parameter	--properties_n=
english	parameter	--properties_n=
english	parameter	--properties_n=
english	parameter	--properties=
english	parameter	--properties=
english	parameter	--properties=
english	parameter	--properties=
english	parameter	--property=
english	parameter	--property=
english	parameter	--property=
english	parameter	--property=
english	parameter	--concept=
english	parameter	--concept=
english	parameter	--concept=
english	parameter	--concept=
english	parameter	--concepts=
english	parameter	--concepts=
english	parameter	--concepts=
english	parameter	--concepts=
english	parameter	--properties_n=
english	parameter	--properties_n=
english	parameter	--properties_n=
english	parameter	--properties_n=
english	parameter	--properties=
english	parameter	--properties=
english	parameter	--properties=
english	parameter	--properties=
english	parameter	--property=
english	parameter	--property=
english	parameter	--property=
english	parameter	--property=
english	parameter	--concept=
english	parameter	--concept=
english	parameter	--concept=
english	parameter	--concept=
english	parameter	--concepts=
english	parameter	--concepts=
english	parameter	--concepts=
english	parameter	--concepts=
english	parameter	--properties_n=
english	parameter	--properties_n=
english	parameter	--properties_n=
english	parameter	--properties_n=
english	parameter	--properties=
english	parameter	--properties=
english	parameter	--properties=
english	parameter	--properties=
english	parameter	--property=
english	parameter	--property=
english	parameter	--property=
english	parameter	--property=
english	parameter	--concept=
english	parameter	--concept=
english	parameter	--concept=
english	parameter	--concept=
english	parameter	--concepts=
english	parameter	--concepts=
english	parameter	--concepts=
english	parameter	--concepts=
english	parameter	--properties_n=
english	parameter	--properties_n=
english	parameter	--properties=
english	parameter	--properties=
english	parameter	--property=
english	parameter	--property=
english	parameter	--concept=
english	parameter	--concept=
english	parameter	--concepts=
english	parameter	--concepts=
english	parameter	--properties_n=
english	parameter	--properties_n=
english	parameter	--properties=
english	parameter	--properties=
english	parameter	--property=
english	parameter	--property=
english	parameter	--concept=
english	parameter	--concept=
english	parameter	--concepts=
english	parameter	--concepts=
english	parameter	--properties_n=
english	parameter	--properties=
english	parameter	--property=
english	parameter	--concept=
english	parameter	--concepts=
english	parameter	--properties_n=
english	parameter	--properties_n=
english	parameter	--properties=
english	parameter	--properties=
english	parameter	--property=
english	parameter	--property=
english	parameter	--concept=
english	parameter	--concept=
english	parameter	--concepts=
english	parameter	--concepts=
english	parameter	--properties_n=
english	parameter	--properties_n=
english	parameter	--properties_n=
english	parameter	--properties_n=
english	parameter	--properties_n=
english	parameter	--properties_n=
english	parameter	--properties_n=
english	parameter	--properties=
english	parameter	--properties=
english	parameter	--properties=
english	parameter	--properties=
english	parameter	--properties=
english	parameter	--properties=
english	parameter	--properties=
english	parameter	--property=
english	parameter	--property=
english	parameter	--property=
english	parameter	--property=
english	parameter	--property=
english	parameter	--property=
english	parameter	--property=
english	parameter	--concept=
english	parameter	--concept=
english	parameter	--concept=
english	parameter	--concept=
english	parameter	--concept=
english	parameter	--concept=
english	parameter	--concept=
english	parameter	--concepts=
english	parameter	--concepts=
english	parameter	--concepts=
english	parameter	--concepts=
english	parameter	--concepts=
english	parameter	--concepts=
english	parameter	--concepts=
english	parameter	--properties_n=
english	parameter	--properties_n=
english	parameter	--properties=
english	parameter	--properties=
english	parameter	--property=
english	parameter	--property=
english	parameter	--concept=
english	parameter	--concept=
english	parameter	--concepts=
english	parameter	--concepts=
english	parameter	--properties_n=
english	parameter	--properties_n=
english	parameter	--properties=
english	parameter	--properties=
english	parameter	--property=
english	parameter	--property=
english	parameter	--concept=
english	parameter	--concept=
english	parameter	--concepts=
english	parameter	--concepts=
english	parameter	--properties_n=
english	parameter	--properties_n=
english	parameter	--properties_n=
english	parameter	--properties_n=
english	parameter	--properties_n=
english	parameter	--properties=
english	parameter	--properties=
english	parameter	--properties=
english	parameter	--properties=
english	parameter	--properties=
english	parameter	--property=
english	parameter	--property=
english	parameter	--property=
english	parameter	--property=
english	parameter	--property=
english	parameter	--concept=
english	parameter	--concept=
english	parameter	--concept=
english	parameter	--concept=
english	parameter	--concept=
english	parameter	--concepts=
english	parameter	--concepts=
english	parameter	--concepts=
english	parameter	--concepts=
english	parameter	--concepts=
english	parameter	--properties_n=
english	parameter	--properties_n=
english	parameter	--properties_n=
english	parameter	--properties=
english	parameter	--properties=
english	parameter	--properties=
english	parameter	--property=
english	parameter	--property=
english	parameter	--property=
english	parameter	--concept=
english	parameter	--concept=
english	parameter	--concept=
english	parameter	--concepts=
english	parameter	--concepts=
english	parameter	--concepts=
english	parameter	--properties_n=
english	parameter	--properties_n=
english	parameter	--properties=
english	parameter	--properties=
english	parameter	--property=
english	parameter	--property=
english	parameter	--concept=
english	parameter	--concept=
english	parameter	--concepts=
english	parameter	--concepts=
english	parameter	--properties_n=
english	parameter	--properties_n=
english	parameter	--properties=
english	parameter	--properties=
english	parameter	--property=
english	parameter	--property=
english	parameter	--concept=
english	parameter	--concept=
english	parameter	--concepts=
english	parameter	--concepts=
english	parameter	--increment=
english	parameter	--increment=
english	parameter	--increment=
english	parameter	--increment=
english	parameter	--increment=
english	parameter	--increment=
english	parameter	--increment=
english	parameter	--increment=
english	parameter	--multiplications=
english	parameter	--multiplications=
english	parameter	--multiplications=
english	parameter	--multiplications=
english	parameter	--multiplications=
english	parameter	--multiplications=
english	parameter	--multiplications=
english	parameter	--multiplications=
english	parameter	--multiplications=
english	parameter	--multiplications=
english	parameter	--multiplications=
english	parameter	--multiplications=
english	parameter	--multiplications=
english	parameter	--multiplications=
english	parameter	--multiplications=
english	parameter	--multiplications=
english	parameter	--multiplications=
english	parameter	--multiplications=
english	parameter	--continuum=
english	parameter	--continuum=
english	parameter	--continuum=
english	parameter	--continuum=
english	parameter	--continuum=
english	parameter	--continuum=
english	parameter	--continuum=
english	parameter	--continuum=
english	parameter	--continuum=
english	parameter	--continuum=
english	parameter	--continuum=
english	parameter	--continuum=
english	parameter	--continuum=
english	parameter	--continuum=
english	parameter	--continuum=
english	parameter	--continuum=
english	parameter	--continuum=
english	parameter	--continuum=
english	parameter	--continuum=
english	parameter	--continuum=
english	parameter	--continuum=
english	parameter	--continuum=
english	parameter	--continuum=
english	parameter	--continuum=
english	parameter	--continuum=
english	parameter	--continuum=
english	parameter	--continuum=
english	parameter	--continuum=
english	parameter	--continuum=
english	parameter	--continuum=
english	parameter	--continuum=
english	parameter	--continuum=
english	parameter	--continuum=
english	parameter	--continuum=
english	parameter	--continuum=
english	parameter	--continuum=
english	parameter	--continuum=
english	parameter	--continuum=
english	parameter	--continuum=
english	parameter	--continuum=
english	parameter	--continuum=
english	parameter	--universe=
english	parameter	--universe=
english	parameter	--transcendentals=
english	parameter	--transcendentals=
english	parameter	--structurals=
english	parameter	--structurals=
english	parameter	--sphere=
english	parameter	--sphere=
english	parameter	--spheres=
english	parameter	--spheres=
english	parameter	--ball=
english	parameter	--ball=
english	parameter	--balls=
english	parameter	--balls=
english	parameter	--continuum=
english	parameter	--continuum=
english	parameter	--continuum=
english	parameter	--continuum=
english	parameter	--continuum=
english	parameter	--continuum=
english	parameter	--continuum=
english	parameter	--continuum=
english	parameter	--continuum=
english	parameter	--continuum=
english	parameter	--continuum=
english	parameter	--continuum=
english	parameter	--continuum=
english	parameter	--continuum=
english	parameter	--continuum=
english	parameter	--continuum=
english	parameter	--continuum=
english	parameter	--continuum=
english	parameter	--continuum=
english	parameter	--continuum=
english	parameter	--continuum=
english	parameter	--continuum=
english	parameter	--continuum=
english	parameter	--continuum=
english	parameter	--continuum=
english	parameter	--continuum=
english	parameter	--continuum=
english	parameter	--continuum=
english	parameter	--continuum=
english	parameter	--continuum=
english	parameter	--continuum=
english	parameter	--multiverse=
english	parameter	--multiverse=
english	parameter	--multiverse=
english	parameter	--multiverse=
english	parameter	--multiverse=
english	parameter	--multiverse=
english	parameter	--continuum=
english	parameter	--continuum=
english	parameter	--continuum=
english	parameter	--multiverse=
english	parameter	--multiverse=
english	parameter	--multiverse=
english	parameter	--continuum=
english	parameter	--continuum=
english	parameter	--continuum=
english	parameter	--continuum=
english	parameter	--continuum=
english	parameter	--continuum=
english	parameter	--continuum=
english	parameter	--continuum=
english	parameter	--continuum=
english	parameter	--continuum=
english	parameter	--continuum=
english	parameter	--continuum=
english	parameter	--continuum=
english	parameter	--continuum=
english	parameter	--continuum=
english	parameter	--continuum=
english	parameter	--continuum=
english	parameter	--continuum=
english	parameter	--continuum=
english	parameter	--continuum=
english	parameter	--continuum=
english	parameter	--human=
english	parameter	--human=
english	parameter	--human=
english	parameter	--human=
english	parameter	--human=
english	parameter	--human=
english	parameter	--human=
english	parameter	--human=
english	parameter	--human=
english	parameter	--human=
english	parameter	--human=
english	parameter	--human=
english	parameter	--human=
english	parameter	--human=
english	parameter	--human=
english	parameter	--continuum=
english	parameter	--continuum=
english	parameter	--continuum=
english	parameter	--all=
english	parameter	--=
english	parameter	--width=
english	parameter	--widths=
english	parameter	--nonumbering
english	parameter	--*=
english	parameter	-lines
english	parameter	-columns
english	parameter	-combination
english	parameter	-output
english	parameter	-debug
english	parameter	-h
english	parameter	-help
english	command	help
english	command	intent
english	command	shortcuts
english	command	commands
english	command	size
english	command	thomas
english	command	universe
english	command	consciousness
english	command	emotions
english	command	impulses
english	command	mind
english	command	reta
english	command	exit
english	command	logging_no
english	command	logging_yes
english	command	quit
english	command	:q
english	command	CommandClearSaves
english	command	CommandSaveAfter
english	command	CommandSaveBefore
english	command	CommandSaveOutput
english	command	HELP
english	command	abc
english	command	abcd
english	command	all
english	command	circles
english	command	clear
english	command	complex
english	command	direction
english	command	distance
english	command	distancePrime
english	command	divider
english	command	drive
english	command	ee
english	command	end
english	command	equality
english	command	freedom
english	command	intentions
english	command	invert
english	command	math
english	command	modulo
english	command	moon
english	command	motifs
english	command	motive
english	command	mulpri
english	command	multiple
english	command	multis
english	command	multis3
english	command	network
english	command	noOneCharacterLinePlusNoOutputWhichCommandItWas
english	command	primaryfactorcomparison
english	command	prime
english	command	prime24
english	command	primecross
english	command	primefactorization
english	command	primefactorizationModulo24
english	command	python
english	command	range
english	command	shell
english	command	single
english	command	spheres
english	command	truthRealities
english	command	C
english	command	D
english	command	E
english	command	I
english	command	M
english	command	R
english	command	S
english	command	T
english	command	c
english	command	d
english	command	e
english	command	h
english	command	i
english	command	m
english	command	o
english	command	p
english	command	q
english	command	r
english	command	s
english	command	t
english	command	u
english	command	15_1
english	command	15_10
english	command	15_10_4
english	command	15_10_4_18_6
english	command	15_11
english	command	15_12
english	command	15_13
english	command	15_13_10
english	command	15_13_13
english	command	15_13_16
english	command	15_13_17
english	command	15_13_1pro6
english	command	15_13_1pro8
english	command	15_13_4
english	command	15_13_6
english	command	15_13_7
english	command	15_14
english	command	15_14_6
english	command	15_15
english	command	15_16
english	command	15_17
english	command	15_17_6
english	command	15_17_6_10with4
english	command	15_18
english	command	15_18_10
english	command	15_18_15
english	command	15_18_15_n-vs-1pron
english	command	15_18_17
english	command	15_18_6
english	command	15_18_7
english	command	15_19
english	command	15_1pro12
english	command	15_1pro13
english	command	15_1pro15
english	command	15_1pro19
english	command	15_1pro3
english	command	15_1pro30
english	command	15_1pro5
english	command	15_1pro6
english	command	15_1pro8
english	command	15_2
english	command	15_20
english	command	15_21
english	command	15_24
english	command	15_26
english	command	15_28
english	command	15_3
english	command	15_30
english	command	15_31
english	command	15_32
english	command	15_36
english	command	15_37
english	command	15_39
english	command	15_4
english	command	15_5
english	command	15_51
english	command	15_5_10
english	command	15_6
english	command	15_7
english	command	15_7with6
english	command	15_8
english	command	15_9
english	command	15_90
english	command	15_9_6
english	command	15_against5
english	command	16_1
english	command	16_10
english	command	16_15
english	command	16_15_1
english	command	16_15_10
english	command	16_15_10_4
english	command	16_15_10_4_18_6
english	command	16_15_11
english	command	16_15_12
english	command	16_15_13
english	command	16_15_13_10
english	command	16_15_13_13
english	command	16_15_13_16
english	command	16_15_13_17
english	command	16_15_13_1pro6
english	command	16_15_13_1pro8
english	command	16_15_13_4
english	command	16_15_13_6
english	command	16_15_13_7
english	command	16_15_14
english	command	16_15_14_6
english	command	16_15_16
english	command	16_15_17
english	command	16_15_17_6
english	command	16_15_17_6_10with4
english	command	16_15_18
english	command	16_15_18_10
english	command	16_15_18_15
english	command	16_15_18_15_n-vs-1pron
english	command	16_15_18_17
english	command	16_15_18_6
english	command	16_15_18_7
english	command	16_15_19
english	command	16_15_1pro12
english	command	16_15_1pro13
english	command	16_15_1pro15
english	command	16_15_1pro19
english	command	16_15_1pro3
english	command	16_15_1pro30
english	command	16_15_1pro5
english	command	16_15_1pro6
english	command	16_15_1pro8
english	command	16_15_2
english	command	16_15_20
english	command	16_15_21
english	command	16_15_24
english	command	16_15_26
english	command	16_15_28
english	command	16_15_3
english	command	16_15_30
english	command	16_15_31
english	command	16_15_32
english	command	16_15_36
english	command	16_15_37
english	command	16_15_39
english	command	16_15_4
english	command	16_15_5
english	command	16_15_51
english	command	16_15_5_10
english	command	16_15_6
english	command	16_15_7
english	command	16_15_7with6
english	command	16_15_8
english	command	16_15_9
english	command	16_15_90
english	command	16_15_9_6
english	command	16_15_against5
english	command	16_16
english	command	16_2
english	command	16_20
english	command	16_3
english	command	16_5
english	command	16_6
english	command	PROPNIAddiction
english	command	PROPNIless
english	command	PROPNX-ray
english	command	PROPNaffection
english	command	PROPNaffection_dislike
english	command	PROPNaffectionate
english	command	PROPNaltruism
english	command	PROPNaltruist
english	command	PROPNarrogance
english	command	PROPNarrogant
english	command	PROPNass
english	command	PROPNasshole
english	command	PROPNauthoritarian
english	command	PROPNaverse
english	command	PROPNbad
english	command	PROPNcachetPrestigeValidity
english	command	PROPNcausal
english	command	PROPNconnect
english	command	PROPNcooperation
english	command	PROPNcooperation_vs_ass
english	command	PROPNcourteous
english	command	PROPNdenounce
english	command	PROPNdispute
english	command	PROPNegalitarian
english	command	PROPNegalitarianAuthoritarian
english	command	PROPNegalitarian_vs_authoritarian
english	command	PROPNego
english	command	PROPNegoism
english	command	PROPNegoism_vs_altruism
english	command	PROPNegoist
english	command	PROPNencourage
english	command	PROPNencourage_sensitize_and_grant
english	command	PROPNengage_trust_denounce
english	command	PROPNequal
english	command	PROPNequality
english	command	PROPNevil
english	command	PROPNfamilial
english	command	PROPNfamilyneeds
english	command	PROPNfriends
english	command	PROPNgenesis
english	command	PROPNgentle_vs_hard
english	command	PROPNget_your_right
english	command	PROPNgettingNear
english	command	PROPNgodly
english	command	PROPNgods_prophets_families_friends
english	command	PROPNgood
english	command	PROPNgood_evil_love_bad
english	command	PROPNhard
english	command	PROPNhonest
english	command	PROPNhonest_vs_polite
english	command	PROPNhonesty
english	command	PROPNhonesty_and_contention
english	command	PROPNhumble
english	command	PROPNidiot
english	command	PROPNilluminate
english	command	PROPNinclined
english	command	PROPNinferior
english	command	PROPNinferior_superior
english	command	PROPNinvent
english	command	PROPNkind
english	command	PROPNlatchOn
english	command	PROPNlaw
english	command	PROPNleadership
english	command	PROPNlimit
english	command	PROPNlove
english	command	PROPNlove_etc
english	command	PROPNmeaning
english	command	PROPNmeaning_and_purpose_of_life
english	command	PROPNmeta-wisdom
english	command	PROPNmetawisdom
english	command	PROPNmonotonous
english	command	PROPNmorality
english	command	PROPNopinionintelligence
english	command	PROPNopinions
english	command	PROPNopinions_and_reputation
english	command	PROPNoptimal
english	command	PROPNoptimum
english	command	PROPNoriginintelligence
english	command	PROPNotherpeople
english	command	PROPNoutnumber
english	command	PROPNpolarityOfLove
english	command	PROPNpolarity_of_love
english	command	PROPNpolite
english	command	PROPNpromote
english	command	PROPNprophets
english	command	PROPNpurpose
english	command	PROPNraiseawareness
english	command	PROPNreputation
english	command	PROPNresearch
english	command	PROPNresearch_invention_engagement
english	command	PROPNreserved
english	command	PROPNrights
english	command	PROPNscience
english	command	PROPNscope
english	command	PROPNselfishness
english	command	PROPNselfishness_wantingYourOwnI_etc
english	command	PROPNselfless
english	command	PROPNselflessness_Ilessness_etc
english	command	PROPNselfrighteous
english	command	PROPNsenseAndMeaning
english	command	PROPNsimilar
english	command	PROPNsoft
english	command	PROPNspace
english	command	PROPNspatially
english	command	PROPNspoil
english	command	PROPNsurvival
english	command	PROPNsurvive
english	command	PROPNthrive
english	command	PROPNtime
english	command	PROPNtime_vs_space
english	command	PROPNtrustMaintain
english	command	PROPNunite
english	command	PROPNuniteConnect
english	command	PROPNunite_vs_connect
english	command	PROPNunity
english	command	PROPNvaluable
english	command	PROPNvaried
english	command	PROPNvaried_monotonous
english	command	PROPNwisdom
english	command	PROPNwisdom_etc
english	command	PROPNwise
english	command	PROPNworthless
english	command	PROPRGoodnessegoism
english	command	PROPRacceptance
english	command	PROPRadversity
english	command	PROPRalign
english	command	PROPRalign_setup
english	command	PROPRdignified
english	command	PROPRepistemology
english	command	PROPRexception
english	command	PROPRfilterType
english	command	PROPRfilter_type_and_violation
english	command	PROPRgoodreciprocal
english	command	PROPRposition
english	command	PROPRreflect
english	command	PROPRreflect_recognize
english	command	PROPRrespect
english	command	PROPRrule
english	command	PROPRrule_vs_exception
english	command	PROPRtolerance
english	command	PROPRtolerance_respect_acceptance_welcome
english	command	PROPRtrust_want
english	command	PROPRvalues
english	command	PROPRwantToTrust
english	command	PROPRwelcome
english	command	PROPRworthy
english	allowed_fraction	2
english	allowed_fraction	3
english	allowed_fraction	4
english	allowed_fraction	5
english	allowed_fraction	6
english	allowed_fraction	7
english	allowed_fraction	8
english	allowed_fraction	9
english	allowed_fraction	10
english	allowed_fraction	11
english	allowed_fraction	12
english	allowed_fraction	13
english	allowed_fraction	14
english	allowed_fraction	15
english	allowed_fraction	16
english	allowed_fraction	17
english	allowed_fraction	18
english	allowed_fraction	19
english	allowed_fraction	20
english	allowed_fraction	21
english	allowed_fraction	22
english	short	C
english	short	D
english	short	E
english	short	I
english	short	M
english	short	R
english	short	S
english	short	T
english	short	c
english	short	d
english	short	e
english	short	h
english	short	i
english	short	m
english	short	o
english	short	p
english	short	q
english	short	r
english	short	s
english	short	t
english	short	u
vietnamese	parameter	--nocolor
vietnamese	parameter	--justtext
vietnamese	parameter	--type=
vietnamese	parameter	--onetable
vietnamese	parameter	--columnorderandonlythese=
vietnamese	parameter	--endlessscreen
vietnamese	parameter	--endless
vietnamese	parameter	--dontwrap
vietnamese	parameter	--width=
vietnamese	parameter	--widths=
vietnamese	parameter	--noblankcontents
vietnamese	parameter	--nonumbering
vietnamese	parameter	--noheadings
vietnamese	parameter	--*=
vietnamese	parameter	--time=
vietnamese	parameter	--ranges=
vietnamese	parameter	--thisrangebefore=
vietnamese	parameter	--thisrangebeforedividers
vietnamese	parameter	--primemultiples=
vietnamese	parameter	--retrospectiverecount=
vietnamese	parameter	--retrospectiverecountmultiples=
vietnamese	parameter	--all
vietnamese	parameter	--potenciesofnumbers=
vietnamese	parameter	--type=
vietnamese	parameter	--multiplesofnumbers=
vietnamese	parameter	--uppermaximum=
vietnamese	parameter	--primenumbers=
vietnamese	parameter	--invert
vietnamese	parameter	--*=
vietnamese	parameter	--galaxy=
vietnamese	parameter	--universe=
vietnamese	parameter	--*=
vietnamese	parameter	--most_important_to_understand=
vietnamese	parameter	--mostimportanttounderstand=
vietnamese	parameter	--human=
vietnamese	parameter	--human=
vietnamese	parameter	--human=
vietnamese	parameter	--human=
vietnamese	parameter	--human=
vietnamese	parameter	--Herrschaft=
vietnamese	parameter	--Herrschaft=
vietnamese	parameter	--Herrschaft=
vietnamese	parameter	--macht=
vietnamese	parameter	--macht=
vietnamese	parameter	--macht=
vietnamese	parameter	--Herrschaft=
vietnamese	parameter	--Herrschaft=
vietnamese	parameter	--Herrschaft=
vietnamese	parameter	--Herrschaft=
vietnamese	parameter	--Herrschaft=
vietnamese	parameter	--macht=
vietnamese	parameter	--macht=
vietnamese	parameter	--macht=
vietnamese	parameter	--macht=
vietnamese	parameter	--macht=
vietnamese	parameter	--Herrschaft=
vietnamese	parameter	--Herrschaft=
vietnamese	parameter	--Herrschaft=
vietnamese	parameter	--Herrschaft=
vietnamese	parameter	--macht=
vietnamese	parameter	--macht=
vietnamese	parameter	--macht=
vietnamese	parameter	--macht=
vietnamese	parameter	--Herrschaft=
vietnamese	parameter	--Herrschaft=
vietnamese	parameter	--macht=
vietnamese	parameter	--macht=
vietnamese	parameter	--MetaMetaPhysik_und_MetaChemie=
vietnamese	parameter	--Herrschaft=
vietnamese	parameter	--Herrschaft=
vietnamese	parameter	--macht=
vietnamese	parameter	--macht=
vietnamese	parameter	--Herrschaft=
vietnamese	parameter	--Herrschaft=
vietnamese	parameter	--macht=
vietnamese	parameter	--macht=
vietnamese	parameter	--Herrschaft=
vietnamese	parameter	--Herrschaft=
vietnamese	parameter	--macht=
vietnamese	parameter	--macht=
vietnamese	parameter	--universe=
vietnamese	parameter	--universe=
vietnamese	parameter	--transcendentals=
vietnamese	parameter	--transcendentals=
vietnamese	parameter	--structurals=
vietnamese	parameter	--structurals=
vietnamese	parameter	--sphere=
vietnamese	parameter	--sphere=
vietnamese	parameter	--spheres=
vietnamese	parameter	--spheres=
vietnamese	parameter	--ball=
vietnamese	parameter	--ball=
vietnamese	parameter	--balls=
vietnamese	parameter	--balls=
vietnamese	parameter	--universe=
vietnamese	parameter	--universe=
vietnamese	parameter	--transcendentals=
vietnamese	parameter	--transcendentals=
vietnamese	parameter	--structurals=
vietnamese	parameter	--structurals=
vietnamese	parameter	--sphere=
vietnamese	parameter	--sphere=
vietnamese	parameter	--spheres=
vietnamese	parameter	--spheres=
vietnamese	parameter	--ball=
vietnamese	parameter	--ball=
vietnamese	parameter	--balls=
vietnamese	parameter	--balls=
vietnamese	parameter	--planet_(10_and_or_12)=
vietnamese	parameter	--planet_(10_and_or_12)=
vietnamese	parameter	--planet=
vietnamese	parameter	--planet=
vietnamese	parameter	--planet_(10_and_or_12)=
vietnamese	parameter	--planet_(10_and_or_12)=
vietnamese	parameter	--planet_(10_and_or_12)=
vietnamese	parameter	--planet=
vietnamese	parameter	--planet=
vietnamese	parameter	--planet=
vietnamese	parameter	--planet_(10_and_or_12)=
vietnamese	parameter	--planet_(10_and_or_12)=
vietnamese	parameter	--planet_(10_and_or_12)=
vietnamese	parameter	--planet=
vietnamese	parameter	--planet=
vietnamese	parameter	--planet=
vietnamese	parameter	--Herrschaft=
vietnamese	parameter	--Herrschaft=
vietnamese	parameter	--macht=
vietnamese	parameter	--macht=
vietnamese	parameter	--Herrschaft=
vietnamese	parameter	--Herrschaft=
vietnamese	parameter	--Herrschaft=
vietnamese	parameter	--macht=
vietnamese	parameter	--macht=
vietnamese	parameter	--macht=
vietnamese	parameter	--religions=
vietnamese	parameter	--religion=
vietnamese	parameter	--galaxy=
vietnamese	parameter	--ancientscripts=
vietnamese	parameter	--circle=
vietnamese	parameter	--galaxies=
vietnamese	parameter	--circles=
vietnamese	parameter	--universe=
vietnamese	parameter	--universe=
vietnamese	parameter	--transcendentals=
vietnamese	parameter	--transcendentals=
vietnamese	parameter	--structurals=
vietnamese	parameter	--structurals=
vietnamese	parameter	--sphere=
vietnamese	parameter	--sphere=
vietnamese	parameter	--spheres=
vietnamese	parameter	--spheres=
vietnamese	parameter	--ball=
vietnamese	parameter	--ball=
vietnamese	parameter	--balls=
vietnamese	parameter	--balls=
vietnamese	parameter	--universe=
vietnamese	parameter	--transcendentals=
vietnamese	parameter	--structurals=
vietnamese	parameter	--sphere=
vietnamese	parameter	--spheres=
vietnamese	parameter	--ball=
vietnamese	parameter	--balls=
vietnamese	parameter	--human=
vietnamese	parameter	--human=
vietnamese	parameter	--human=
vietnamese	parameter	--human=
vietnamese	parameter	--human=
vietnamese	parameter	--human=
vietnamese	parameter	--human=
vietnamese	parameter	--human=
vietnamese	parameter	--human=
vietnamese	parameter	--human=
vietnamese	parameter	--planet_(10_and_or_12)=
vietnamese	parameter	--planet_(10_and_or_12)=
vietnamese	parameter	--planet=
vietnamese	parameter	--planet=
vietnamese	parameter	--planet_(10_and_or_12)=
vietnamese	parameter	--planet_(10_and_or_12)=
vietnamese	parameter	--planet_(10_and_or_12)=
vietnamese	parameter	--planet=
vietnamese	parameter	--planet=
vietnamese	parameter	--planet=
vietnamese	parameter	--planet_(10_and_or_12)=
vietnamese	parameter	--planet=
vietnamese	parameter	--planet_(10_and_or_12)=
vietnamese	parameter	--planet_(10_and_or_12)=
vietnamese	parameter	--planet_(10_and_or_12)=
vietnamese	parameter	--planet=
vietnamese	parameter	--planet=
vietnamese	parameter	--planet=
vietnamese	parameter	--planet_(10_and_or_12)=
vietnamese	parameter	--planet=
vietnamese	parameter	--planet_(10_and_or_12)=
vietnamese	parameter	--planet_(10_and_or_12)=
vietnamese	parameter	--planet=
vietnamese	parameter	--planet=
vietnamese	parameter	--most_important_to_understand=
vietnamese	parameter	--mostimportanttounderstand=
vietnamese	parameter	--most_important_to_understand=
vietnamese	parameter	--mostimportanttounderstand=
vietnamese	parameter	--most_important_to_understand=
vietnamese	parameter	--most_important_to_understand=
vietnamese	parameter	--mostimportanttounderstand=
vietnamese	parameter	--mostimportanttounderstand=
vietnamese	parameter	--most_important_to_think_about=
vietnamese	parameter	--mostImportantToClassify=
vietnamese	parameter	--most_important_to_think_about=
vietnamese	parameter	--mostImportantToClassify=
vietnamese	parameter	--operations=
vietnamese	parameter	--religions=
vietnamese	parameter	--religions=
vietnamese	parameter	--religions=
vietnamese	parameter	--religions=
vietnamese	parameter	--religion=
vietnamese	parameter	--religion=
vietnamese	parameter	--religion=
vietnamese	parameter	--religion=
vietnamese	parameter	--religions=
vietnamese	parameter	--religion=
vietnamese	parameter	--human=
vietnamese	parameter	--religions=
vietnamese	parameter	--religions=
vietnamese	parameter	--religion=
vietnamese	parameter	--religion=
vietnamese	parameter	--religions=
vietnamese	parameter	--religions=
vietnamese	parameter	--religion=
vietnamese	parameter	--religion=
vietnamese	parameter	--religions=
vietnamese	parameter	--religions=
vietnamese	parameter	--religions=
vietnamese	parameter	--religion=
vietnamese	parameter	--religion=
vietnamese	parameter	--religion=
vietnamese	parameter	--religions=
vietnamese	parameter	--religions=
vietnamese	parameter	--religions=
vietnamese	parameter	--religions=
vietnamese	parameter	--religion=
vietnamese	parameter	--religion=
vietnamese	parameter	--religion=
vietnamese	parameter	--religion=
vietnamese	parameter	--religions=
vietnamese	parameter	--religions=
vietnamese	parameter	--religions=
vietnamese	parameter	--religions=
vietnamese	parameter	--religions=
vietnamese	parameter	--religion=
vietnamese	parameter	--religion=
vietnamese	parameter	--religion=
vietnamese	parameter	--religion=
vietnamese	parameter	--religion=
vietnamese	parameter	--religions=
vietnamese	parameter	--religions=
vietnamese	parameter	--religions=
vietnamese	parameter	--religions=
vietnamese	parameter	--religion=
vietnamese	parameter	--religion=
vietnamese	parameter	--religion=
vietnamese	parameter	--religion=
vietnamese	parameter	--religions=
vietnamese	parameter	--religions=
vietnamese	parameter	--religions=
vietnamese	parameter	--religions=
vietnamese	parameter	--religions=
vietnamese	parameter	--religions=
vietnamese	parameter	--religions=
vietnamese	parameter	--religions=
vietnamese	parameter	--religions=
vietnamese	parameter	--religions=
vietnamese	parameter	--religions=
vietnamese	parameter	--religions=
vietnamese	parameter	--religion=
vietnamese	parameter	--religion=
vietnamese	parameter	--religion=
vietnamese	parameter	--religion=
vietnamese	parameter	--religion=
vietnamese	parameter	--religion=
vietnamese	parameter	--religion=
vietnamese	parameter	--religion=
vietnamese	parameter	--religion=
vietnamese	parameter	--religion=
vietnamese	parameter	--religion=
vietnamese	parameter	--religion=
vietnamese	parameter	--galaxy=
vietnamese	parameter	--ancientscripts=
vietnamese	parameter	--circle=
vietnamese	parameter	--galaxies=
vietnamese	parameter	--circles=
vietnamese	parameter	--galaxy=
vietnamese	parameter	--galaxy=
vietnamese	parameter	--galaxy=
vietnamese	parameter	--galaxy=
vietnamese	parameter	--galaxy=
vietnamese	parameter	--ancientscripts=
vietnamese	parameter	--ancientscripts=
vietnamese	parameter	--ancientscripts=
vietnamese	parameter	--ancientscripts=
vietnamese	parameter	--ancientscripts=
vietnamese	parameter	--circle=
vietnamese	parameter	--circle=
vietnamese	parameter	--circle=
vietnamese	parameter	--circle=
vietnamese	parameter	--circle=
vietnamese	parameter	--galaxies=
vietnamese	parameter	--galaxies=
vietnamese	parameter	--galaxies=
vietnamese	parameter	--galaxies=
vietnamese	parameter	--galaxies=
vietnamese	parameter	--circles=
vietnamese	parameter	--circles=
vietnamese	parameter	--circles=
vietnamese	parameter	--circles=
vietnamese	parameter	--circles=
vietnamese	parameter	--increment=
vietnamese	parameter	--increment=
vietnamese	parameter	--increment=
vietnamese	parameter	--galaxy=
vietnamese	parameter	--galaxy=
vietnamese	parameter	--ancientscripts=
vietnamese	parameter	--ancientscripts=
vietnamese	parameter	--circle=
vietnamese	parameter	--circle=
vietnamese	parameter	--galaxies=
vietnamese	parameter	--galaxies=
vietnamese	parameter	--circles=
vietnamese	parameter	--circles=
vietnamese	parameter	--multiverse=
vietnamese	parameter	--multiverse=
vietnamese	parameter	--multiverse=
vietnamese	parameter	--multiverse=
vietnamese	parameter	--multiverse=
vietnamese	parameter	--multiverse=
vietnamese	parameter	--MetaMetaPhysik_und_MetaChemie=
vietnamese	parameter	--MetaMetaPhysik_und_MetaChemie=
vietnamese	parameter	--MetaMetaPhysik_und_MetaChemie=
vietnamese	parameter	--multiverse=
vietnamese	parameter	--multiverse=
vietnamese	parameter	--multiverse=
vietnamese	parameter	--multiverse=
vietnamese	parameter	--basic_structures=
vietnamese	parameter	--universe=
vietnamese	parameter	--universe=
vietnamese	parameter	--transcendentals=
vietnamese	parameter	--transcendentals=
vietnamese	parameter	--structurals=
vietnamese	parameter	--structurals=
vietnamese	parameter	--sphere=
vietnamese	parameter	--sphere=
vietnamese	parameter	--spheres=
vietnamese	parameter	--spheres=
vietnamese	parameter	--ball=
vietnamese	parameter	--ball=
vietnamese	parameter	--balls=
vietnamese	parameter	--balls=
vietnamese	parameter	--universe=
vietnamese	parameter	--transcendentals=
vietnamese	parameter	--structurals=
vietnamese	parameter	--sphere=
vietnamese	parameter	--spheres=
vietnamese	parameter	--ball=
vietnamese	parameter	--balls=
vietnamese	parameter	--universe=
vietnamese	parameter	--transcendentals=
vietnamese	parameter	--structurals=
vietnamese	parameter	--sphere=
vietnamese	parameter	--spheres=
vietnamese	parameter	--ball=
vietnamese	parameter	--balls=
vietnamese	parameter	--universe=
vietnamese	parameter	--universe=
vietnamese	parameter	--universe=
vietnamese	parameter	--transcendentals=
vietnamese	parameter	--transcendentals=
vietnamese	parameter	--transcendentals=
vietnamese	parameter	--structurals=
vietnamese	parameter	--structurals=
vietnamese	parameter	--structurals=
vietnamese	parameter	--sphere=
vietnamese	parameter	--sphere=
vietnamese	parameter	--sphere=
vietnamese	parameter	--spheres=
vietnamese	parameter	--spheres=
vietnamese	parameter	--spheres=
vietnamese	parameter	--ball=
vietnamese	parameter	--ball=
vietnamese	parameter	--ball=
vietnamese	parameter	--balls=
vietnamese	parameter	--balls=
vietnamese	parameter	--balls=
vietnamese	parameter	--human=
vietnamese	parameter	--human=
vietnamese	parameter	--human=
vietnamese	parameter	--human=
vietnamese	parameter	--basic_structures=
vietnamese	parameter	--human=
vietnamese	parameter	--human=
vietnamese	parameter	--human=
vietnamese	parameter	--basic_structures=
vietnamese	parameter	--basic_structures=
vietnamese	parameter	--human=
vietnamese	parameter	--basic_structures=
vietnamese	parameter	--universe=
vietnamese	parameter	--transcendentals=
vietnamese	parameter	--structurals=
vietnamese	parameter	--sphere=
vietnamese	parameter	--spheres=
vietnamese	parameter	--ball=
vietnamese	parameter	--balls=
vietnamese	parameter	--universe=
vietnamese	parameter	--universe=
vietnamese	parameter	--universe=
vietnamese	parameter	--transcendentals=
vietnamese	parameter	--transcendentals=
vietnamese	parameter	--transcendentals=
vietnamese	parameter	--structurals=
vietnamese	parameter	--structurals=
vietnamese	parameter	--structurals=
vietnamese	parameter	--sphere=
vietnamese	parameter	--sphere=
vietnamese	parameter	--sphere=
vietnamese	parameter	--spheres=
vietnamese	parameter	--spheres=
vietnamese	parameter	--spheres=
vietnamese	parameter	--ball=
vietnamese	parameter	--ball=
vietnamese	parameter	--ball=
vietnamese	parameter	--balls=
vietnamese	parameter	--balls=
vietnamese	parameter	--balls=
vietnamese	parameter	--universe=
vietnamese	parameter	--universe=
vietnamese	parameter	--universe=
vietnamese	parameter	--transcendentals=
vietnamese	parameter	--transcendentals=
vietnamese	parameter	--transcendentals=
vietnamese	parameter	--structurals=
vietnamese	parameter	--structurals=
vietnamese	parameter	--structurals=
vietnamese	parameter	--sphere=
vietnamese	parameter	--sphere=
vietnamese	parameter	--sphere=
vietnamese	parameter	--spheres=
vietnamese	parameter	--spheres=
vietnamese	parameter	--spheres=
vietnamese	parameter	--ball=
vietnamese	parameter	--ball=
vietnamese	parameter	--ball=
vietnamese	parameter	--balls=
vietnamese	parameter	--balls=
vietnamese	parameter	--balls=
vietnamese	parameter	--universe=
vietnamese	parameter	--universe=
vietnamese	parameter	--universe=
vietnamese	parameter	--transcendentals=
vietnamese	parameter	--transcendentals=
vietnamese	parameter	--transcendentals=
vietnamese	parameter	--structurals=
vietnamese	parameter	--structurals=
vietnamese	parameter	--structurals=
vietnamese	parameter	--sphere=
vietnamese	parameter	--sphere=
vietnamese	parameter	--sphere=
vietnamese	parameter	--spheres=
vietnamese	parameter	--spheres=
vietnamese	parameter	--spheres=
vietnamese	parameter	--ball=
vietnamese	parameter	--ball=
vietnamese	parameter	--ball=
vietnamese	parameter	--balls=
vietnamese	parameter	--balls=
vietnamese	parameter	--balls=
vietnamese	parameter	--universe=
vietnamese	parameter	--universe=
vietnamese	parameter	--transcendentals=
vietnamese	parameter	--transcendentals=
vietnamese	parameter	--structurals=
vietnamese	parameter	--structurals=
vietnamese	parameter	--sphere=
vietnamese	parameter	--sphere=
vietnamese	parameter	--spheres=
vietnamese	parameter	--spheres=
vietnamese	parameter	--ball=
vietnamese	parameter	--ball=
vietnamese	parameter	--balls=
vietnamese	parameter	--balls=
vietnamese	parameter	--universe=
vietnamese	parameter	--universe=
vietnamese	parameter	--transcendentals=
vietnamese	parameter	--transcendentals=
vietnamese	parameter	--structurals=
vietnamese	parameter	--structurals=
vietnamese	parameter	--sphere=
vietnamese	parameter	--sphere=
vietnamese	parameter	--spheres=
vietnamese	parameter	--spheres=
vietnamese	parameter	--ball=
vietnamese	parameter	--ball=
vietnamese	parameter	--balls=
vietnamese	parameter	--balls=
vietnamese	parameter	--universe=
vietnamese	parameter	--universe=
vietnamese	parameter	--transcendentals=
vietnamese	parameter	--transcendentals=
vietnamese	parameter	--structurals=
vietnamese	parameter	--structurals=
vietnamese	parameter	--sphere=
vietnamese	parameter	--sphere=
vietnamese	parameter	--spheres=
vietnamese	parameter	--spheres=
vietnamese	parameter	--ball=
vietnamese	parameter	--ball=
vietnamese	parameter	--balls=
vietnamese	parameter	--balls=
vietnamese	parameter	--universe=
vietnamese	parameter	--universe=
vietnamese	parameter	--transcendentals=
vietnamese	parameter	--transcendentals=
vietnamese	parameter	--structurals=
vietnamese	parameter	--structurals=
vietnamese	parameter	--sphere=
vietnamese	parameter	--sphere=
vietnamese	parameter	--spheres=
vietnamese	parameter	--spheres=
vietnamese	parameter	--ball=
vietnamese	parameter	--ball=
vietnamese	parameter	--balls=
vietnamese	parameter	--balls=
vietnamese	parameter	--universe=
vietnamese	parameter	--transcendentals=
vietnamese	parameter	--structurals=
vietnamese	parameter	--sphere=
vietnamese	parameter	--spheres=
vietnamese	parameter	--ball=
vietnamese	parameter	--balls=
vietnamese	parameter	--particle-meta-physics=
vietnamese	parameter	--particles=
vietnamese	parameter	--particle-meta-physics=
vietnamese	parameter	--particle-meta-physics=
vietnamese	parameter	--particles=
vietnamese	parameter	--particles=
vietnamese	parameter	--particle-meta-physics=
vietnamese	parameter	--particles=
vietnamese	parameter	--particle-meta-physics=
vietnamese	parameter	--particles=
vietnamese	parameter	--particle-meta-physics=
vietnamese	parameter	--particles=
vietnamese	parameter	--particle-meta-physics=
vietnamese	parameter	--particles=
vietnamese	parameter	--particle-meta-physics=
vietnamese	parameter	--particles=
vietnamese	parameter	--particle-meta-physics=
vietnamese	parameter	--particles=
vietnamese	parameter	--universe=
vietnamese	parameter	--universe=
vietnamese	parameter	--transcendentals=
vietnamese	parameter	--transcendentals=
vietnamese	parameter	--structurals=
vietnamese	parameter	--structurals=
vietnamese	parameter	--sphere=
vietnamese	parameter	--sphere=
vietnamese	parameter	--spheres=
vietnamese	parameter	--spheres=
vietnamese	parameter	--ball=
vietnamese	parameter	--ball=
vietnamese	parameter	--balls=
vietnamese	parameter	--balls=
vietnamese	parameter	--universe=
vietnamese	parameter	--universe=
vietnamese	parameter	--universe=
vietnamese	parameter	--universe=
vietnamese	parameter	--transcendentals=
vietnamese	parameter	--transcendentals=
vietnamese	parameter	--transcendentals=
vietnamese	parameter	--transcendentals=
vietnamese	parameter	--structurals=
vietnamese	parameter	--structurals=
vietnamese	parameter	--structurals=
vietnamese	parameter	--structurals=
vietnamese	parameter	--sphere=
vietnamese	parameter	--sphere=
vietnamese	parameter	--sphere=
vietnamese	parameter	--sphere=
vietnamese	parameter	--spheres=
vietnamese	parameter	--spheres=
vietnamese	parameter	--spheres=
vietnamese	parameter	--spheres=
vietnamese	parameter	--ball=
vietnamese	parameter	--ball=
vietnamese	parameter	--ball=
vietnamese	parameter	--ball=
vietnamese	parameter	--balls=
vietnamese	parameter	--balls=
vietnamese	parameter	--balls=
vietnamese	parameter	--balls=
vietnamese	parameter	--multiverse=
vietnamese	parameter	--multiverse=
vietnamese	parameter	--multiverse=
vietnamese	parameter	--multiverse=
vietnamese	parameter	--multiverse=
vietnamese	parameter	--galaxy=
vietnamese	parameter	--galaxy=
vietnamese	parameter	--galaxy=
vietnamese	parameter	--galaxy=
vietnamese	parameter	--ancientscripts=
vietnamese	parameter	--ancientscripts=
vietnamese	parameter	--ancientscripts=
vietnamese	parameter	--ancientscripts=
vietnamese	parameter	--circle=
vietnamese	parameter	--circle=
vietnamese	parameter	--circle=
vietnamese	parameter	--circle=
vietnamese	parameter	--galaxies=
vietnamese	parameter	--galaxies=
vietnamese	parameter	--galaxies=
vietnamese	parameter	--galaxies=
vietnamese	parameter	--circles=
vietnamese	parameter	--circles=
vietnamese	parameter	--circles=
vietnamese	parameter	--circles=
vietnamese	parameter	--galaxy=
vietnamese	parameter	--galaxy=
vietnamese	parameter	--galaxy=
vietnamese	parameter	--ancientscripts=
vietnamese	parameter	--ancientscripts=
vietnamese	parameter	--ancientscripts=
vietnamese	parameter	--circle=
vietnamese	parameter	--circle=
vietnamese	parameter	--circle=
vietnamese	parameter	--galaxies=
vietnamese	parameter	--galaxies=
vietnamese	parameter	--galaxies=
vietnamese	parameter	--circles=
vietnamese	parameter	--circles=
vietnamese	parameter	--circles=
vietnamese	parameter	--galaxy=
vietnamese	parameter	--galaxy=
vietnamese	parameter	--galaxy=
vietnamese	parameter	--ancientscripts=
vietnamese	parameter	--ancientscripts=
vietnamese	parameter	--ancientscripts=
vietnamese	parameter	--circle=
vietnamese	parameter	--circle=
vietnamese	parameter	--circle=
vietnamese	parameter	--galaxies=
vietnamese	parameter	--galaxies=
vietnamese	parameter	--galaxies=
vietnamese	parameter	--circles=
vietnamese	parameter	--circles=
vietnamese	parameter	--circles=
vietnamese	parameter	--galaxy=
vietnamese	parameter	--galaxy=
vietnamese	parameter	--galaxy=
vietnamese	parameter	--ancientscripts=
vietnamese	parameter	--ancientscripts=
vietnamese	parameter	--ancientscripts=
vietnamese	parameter	--circle=
vietnamese	parameter	--circle=
vietnamese	parameter	--circle=
vietnamese	parameter	--galaxies=
vietnamese	parameter	--galaxies=
vietnamese	parameter	--galaxies=
vietnamese	parameter	--circles=
vietnamese	parameter	--circles=
vietnamese	parameter	--circles=
vietnamese	parameter	--basic_structures=
vietnamese	parameter	--basic_structures=
vietnamese	parameter	--basic_structures=
vietnamese	parameter	--basic_structures=
vietnamese	parameter	--basic_structures=
vietnamese	parameter	--basic_structures=
vietnamese	parameter	--basic_structures=
vietnamese	parameter	--basic_structures=
vietnamese	parameter	--galaxy=
vietnamese	parameter	--galaxy=
vietnamese	parameter	--galaxy=
vietnamese	parameter	--ancientscripts=
vietnamese	parameter	--ancientscripts=
vietnamese	parameter	--ancientscripts=
vietnamese	parameter	--circle=
vietnamese	parameter	--circle=
vietnamese	parameter	--circle=
vietnamese	parameter	--galaxies=
vietnamese	parameter	--galaxies=
vietnamese	parameter	--galaxies=
vietnamese	parameter	--circles=
vietnamese	parameter	--circles=
vietnamese	parameter	--circles=
vietnamese	parameter	--galaxy=
vietnamese	parameter	--galaxy=
vietnamese	parameter	--galaxy=
vietnamese	parameter	--galaxy=
vietnamese	parameter	--galaxy=
vietnamese	parameter	--galaxy=
vietnamese	parameter	--galaxy=
vietnamese	parameter	--ancientscripts=
vietnamese	parameter	--ancientscripts=
vietnamese	parameter	--ancientscripts=
vietnamese	parameter	--ancientscripts=
vietnamese	parameter	--ancientscripts=
vietnamese	parameter	--ancientscripts=
vietnamese	parameter	--ancientscripts=
vietnamese	parameter	--circle=
vietnamese	parameter	--circle=
vietnamese	parameter	--circle=
vietnamese	parameter	--circle=
vietnamese	parameter	--circle=
vietnamese	parameter	--circle=
vietnamese	parameter	--circle=
vietnamese	parameter	--galaxies=
vietnamese	parameter	--galaxies=
vietnamese	parameter	--galaxies=
vietnamese	parameter	--galaxies=
vietnamese	parameter	--galaxies=
vietnamese	parameter	--galaxies=
vietnamese	parameter	--galaxies=
vietnamese	parameter	--circles=
vietnamese	parameter	--circles=
vietnamese	parameter	--circles=
vietnamese	parameter	--circles=
vietnamese	parameter	--circles=
vietnamese	parameter	--circles=
vietnamese	parameter	--circles=
vietnamese	parameter	--galaxy=
vietnamese	parameter	--ancientscripts=
vietnamese	parameter	--circle=
vietnamese	parameter	--galaxies=
vietnamese	parameter	--circles=
vietnamese	parameter	--operations=
vietnamese	parameter	--operations=
vietnamese	parameter	--operations=
vietnamese	parameter	--operations=
vietnamese	parameter	--operations=
vietnamese	parameter	--operations=
vietnamese	parameter	--operations=
vietnamese	parameter	--operations=
vietnamese	parameter	--operations=
vietnamese	parameter	--operations=
vietnamese	parameter	--scale=
vietnamese	parameter	--structuresize=
vietnamese	parameter	--size=
vietnamese	parameter	--level=
vietnamese	parameter	--organizations=
vietnamese	parameter	--basic_structures=
vietnamese	parameter	--basic_structures=
vietnamese	parameter	--basic_structures=
vietnamese	parameter	--basic_structures=
vietnamese	parameter	--scale=
vietnamese	parameter	--scale=
vietnamese	parameter	--scale=
vietnamese	parameter	--scale=
vietnamese	parameter	--structuresize=
vietnamese	parameter	--structuresize=
vietnamese	parameter	--structuresize=
vietnamese	parameter	--structuresize=
vietnamese	parameter	--size=
vietnamese	parameter	--size=
vietnamese	parameter	--size=
vietnamese	parameter	--size=
vietnamese	parameter	--level=
vietnamese	parameter	--level=
vietnamese	parameter	--level=
vietnamese	parameter	--level=
vietnamese	parameter	--organizations=
vietnamese	parameter	--organizations=
vietnamese	parameter	--organizations=
vietnamese	parameter	--organizations=
vietnamese	parameter	--scale=
vietnamese	parameter	--scale=
vietnamese	parameter	--structuresize=
vietnamese	parameter	--structuresize=
vietnamese	parameter	--size=
vietnamese	parameter	--size=
vietnamese	parameter	--level=
vietnamese	parameter	--level=
vietnamese	parameter	--organizations=
vietnamese	parameter	--organizations=
vietnamese	parameter	--scale=
vietnamese	parameter	--scale=
vietnamese	parameter	--scale=
vietnamese	parameter	--structuresize=
vietnamese	parameter	--structuresize=
vietnamese	parameter	--structuresize=
vietnamese	parameter	--size=
vietnamese	parameter	--size=
vietnamese	parameter	--size=
vietnamese	parameter	--level=
vietnamese	parameter	--level=
vietnamese	parameter	--level=
vietnamese	parameter	--organizations=
vietnamese	parameter	--organizations=
vietnamese	parameter	--organizations=
vietnamese	parameter	--meta_vs_concrete_(universe)=
vietnamese	parameter	--universeMetaConcrete=
vietnamese	parameter	--meta_vs_concrete_(universe)=
vietnamese	parameter	--universeMetaConcrete=
vietnamese	parameter	--meta_vs_concrete_(universe)=
vietnamese	parameter	--universeMetaConcrete=
vietnamese	parameter	--meta_vs_concrete_(universe)=
vietnamese	parameter	--universeMetaConcrete=
vietnamese	parameter	--meta_vs_concrete_(universe)=
vietnamese	parameter	--meta_vs_concrete_(universe)=
vietnamese	parameter	--universeMetaConcrete=
vietnamese	parameter	--universeMetaConcrete=
vietnamese	parameter	--meta_vs_concrete_(universe)=
vietnamese	parameter	--meta_vs_concrete_(universe)=
vietnamese	parameter	--universeMetaConcrete=
vietnamese	parameter	--universeMetaConcrete=
vietnamese	parameter	--meta_vs_concrete_(universe)=
vietnamese	parameter	--meta_vs_concrete_(universe)=
vietnamese	parameter	--universeMetaConcrete=
vietnamese	parameter	--universeMetaConcrete=
vietnamese	parameter	--meta_vs_concrete_(universe)=
vietnamese	parameter	--meta_vs_concrete_(universe)=
vietnamese	parameter	--meta_vs_concrete_(universe)=
vietnamese	parameter	--universeMetaConcrete=
vietnamese	parameter	--universeMetaConcrete=
vietnamese	parameter	--universeMetaConcrete=
vietnamese	parameter	--prime_effect=
vietnamese	parameter	--prime_effect=
vietnamese	parameter	--prime_effect=
vietnamese	parameter	--prime_effect=
vietnamese	parameter	--prime_effect=
vietnamese	parameter	--prime_effect=
vietnamese	parameter	--primeeffect=
vietnamese	parameter	--primeeffect=
vietnamese	parameter	--primeeffect=
vietnamese	parameter	--primeeffect=
vietnamese	parameter	--primeeffect=
vietnamese	parameter	--primeeffect=
vietnamese	parameter	--prime_effect=
vietnamese	parameter	--prime_effect=
vietnamese	parameter	--primeeffect=
vietnamese	parameter	--primeeffect=
vietnamese	parameter	--prime_effect=
vietnamese	parameter	--prime_effect=
vietnamese	parameter	--prime_effect=
vietnamese	parameter	--prime_effect=
vietnamese	parameter	--prime_effect=
vietnamese	parameter	--prime_effect=
vietnamese	parameter	--prime_effect=
vietnamese	parameter	--primeeffect=
vietnamese	parameter	--primeeffect=
vietnamese	parameter	--primeeffect=
vietnamese	parameter	--primeeffect=
vietnamese	parameter	--primeeffect=
vietnamese	parameter	--primeeffect=
vietnamese	parameter	--primeeffect=
vietnamese	parameter	--prime_effect=
vietnamese	parameter	--prime_effect=
vietnamese	parameter	--prime_effect=
vietnamese	parameter	--prime_effect=
vietnamese	parameter	--prime_effect=
vietnamese	parameter	--prime_effect=
vietnamese	parameter	--primeeffect=
vietnamese	parameter	--primeeffect=
vietnamese	parameter	--primeeffect=
vietnamese	parameter	--primeeffect=
vietnamese	parameter	--primeeffect=
vietnamese	parameter	--primeeffect=
vietnamese	parameter	--prime_effect=
vietnamese	parameter	--prime_effect=
vietnamese	parameter	--prime_effect=
vietnamese	parameter	--prime_effect=
vietnamese	parameter	--prime_effect=
vietnamese	parameter	--primeeffect=
vietnamese	parameter	--primeeffect=
vietnamese	parameter	--primeeffect=
vietnamese	parameter	--primeeffect=
vietnamese	parameter	--primeeffect=
vietnamese	parameter	--prime_effect=
vietnamese	parameter	--prime_effect=
vietnamese	parameter	--prime_effect=
vietnamese	parameter	--prime_effect=
vietnamese	parameter	--primeeffect=
vietnamese	parameter	--primeeffect=
vietnamese	parameter	--primeeffect=
vietnamese	parameter	--primeeffect=
vietnamese	parameter	--prime_effect=
vietnamese	parameter	--prime_effect=
vietnamese	parameter	--prime_effect=
vietnamese	parameter	--prime_effect=
vietnamese	parameter	--prime_effect=
vietnamese	parameter	--primeeffect=
vietnamese	parameter	--primeeffect=
vietnamese	parameter	--primeeffect=
vietnamese	parameter	--primeeffect=
vietnamese	parameter	--primeeffect=
vietnamese	parameter	--meta_vs_concrete_(universe)=
vietnamese	parameter	--meta_vs_concrete_(universe)=
vietnamese	parameter	--meta_vs_concrete_(universe)=
vietnamese	parameter	--universeMetaConcrete=
vietnamese	parameter	--universeMetaConcrete=
vietnamese	parameter	--universeMetaConcrete=
vietnamese	parameter	--meta_vs_concrete_(universe)=
vietnamese	parameter	--meta_vs_concrete_(universe)=
vietnamese	parameter	--universeMetaConcrete=
vietnamese	parameter	--universeMetaConcrete=
vietnamese	parameter	--meta_vs_concrete_(universe)=
vietnamese	parameter	--meta_vs_concrete_(universe)=
vietnamese	parameter	--universeMetaConcrete=
vietnamese	parameter	--universeMetaConcrete=
vietnamese	parameter	--meta_vs_concrete_(universe)=
vietnamese	parameter	--meta_vs_concrete_(universe)=
vietnamese	parameter	--universeMetaConcrete=
vietnamese	parameter	--universeMetaConcrete=
vietnamese	parameter	--universe=
vietnamese	parameter	--universe=
vietnamese	parameter	--universe=
vietnamese	parameter	--transcendentals=
vietnamese	parameter	--transcendentals=
vietnamese	parameter	--transcendentals=
vietnamese	parameter	--structurals=
vietnamese	parameter	--structurals=
vietnamese	parameter	--structurals=
vietnamese	parameter	--sphere=
vietnamese	parameter	--sphere=
vietnamese	parameter	--sphere=
vietnamese	parameter	--spheres=
vietnamese	parameter	--spheres=
vietnamese	parameter	--spheres=
vietnamese	parameter	--ball=
vietnamese	parameter	--ball=
vietnamese	parameter	--ball=
vietnamese	parameter	--balls=
vietnamese	parameter	--balls=
vietnamese	parameter	--balls=
vietnamese	parameter	--universe=
vietnamese	parameter	--universe=
vietnamese	parameter	--universe=
vietnamese	parameter	--universe=
vietnamese	parameter	--universe=
vietnamese	parameter	--transcendentals=
vietnamese	parameter	--transcendentals=
vietnamese	parameter	--transcendentals=
vietnamese	parameter	--transcendentals=
vietnamese	parameter	--transcendentals=
vietnamese	parameter	--structurals=
vietnamese	parameter	--structurals=
vietnamese	parameter	--structurals=
vietnamese	parameter	--structurals=
vietnamese	parameter	--structurals=
vietnamese	parameter	--sphere=
vietnamese	parameter	--sphere=
vietnamese	parameter	--sphere=
vietnamese	parameter	--sphere=
vietnamese	parameter	--sphere=
vietnamese	parameter	--spheres=
vietnamese	parameter	--spheres=
vietnamese	parameter	--spheres=
vietnamese	parameter	--spheres=
vietnamese	parameter	--spheres=
vietnamese	parameter	--ball=
vietnamese	parameter	--ball=
vietnamese	parameter	--ball=
vietnamese	parameter	--ball=
vietnamese	parameter	--ball=
vietnamese	parameter	--balls=
vietnamese	parameter	--balls=
vietnamese	parameter	--balls=
vietnamese	parameter	--balls=
vietnamese	parameter	--balls=
vietnamese	parameter	--universe=
vietnamese	parameter	--transcendentals=
vietnamese	parameter	--structurals=
vietnamese	parameter	--sphere=
vietnamese	parameter	--spheres=
vietnamese	parameter	--ball=
vietnamese	parameter	--balls=
vietnamese	parameter	--universe=
vietnamese	parameter	--universe=
vietnamese	parameter	--universe=
vietnamese	parameter	--universe=
vietnamese	parameter	--universe=
vietnamese	parameter	--transcendentals=
vietnamese	parameter	--transcendentals=
vietnamese	parameter	--transcendentals=
vietnamese	parameter	--transcendentals=
vietnamese	parameter	--transcendentals=
vietnamese	parameter	--structurals=
vietnamese	parameter	--structurals=
vietnamese	parameter	--structurals=
vietnamese	parameter	--structurals=
vietnamese	parameter	--structurals=
vietnamese	parameter	--sphere=
vietnamese	parameter	--sphere=
vietnamese	parameter	--sphere=
vietnamese	parameter	--sphere=
vietnamese	parameter	--sphere=
vietnamese	parameter	--spheres=
vietnamese	parameter	--spheres=
vietnamese	parameter	--spheres=
vietnamese	parameter	--spheres=
vietnamese	parameter	--spheres=
vietnamese	parameter	--ball=
vietnamese	parameter	--ball=
vietnamese	parameter	--ball=
vietnamese	parameter	--ball=
vietnamese	parameter	--ball=
vietnamese	parameter	--balls=
vietnamese	parameter	--balls=
vietnamese	parameter	--balls=
vietnamese	parameter	--balls=
vietnamese	parameter	--balls=
vietnamese	parameter	--universe=
vietnamese	parameter	--universe=
vietnamese	parameter	--universe=
vietnamese	parameter	--universe=
vietnamese	parameter	--universe=
vietnamese	parameter	--transcendentals=
vietnamese	parameter	--transcendentals=
vietnamese	parameter	--transcendentals=
vietnamese	parameter	--transcendentals=
vietnamese	parameter	--transcendentals=
vietnamese	parameter	--structurals=
vietnamese	parameter	--structurals=
vietnamese	parameter	--structurals=
vietnamese	parameter	--structurals=
vietnamese	parameter	--structurals=
vietnamese	parameter	--sphere=
vietnamese	parameter	--sphere=
vietnamese	parameter	--sphere=
vietnamese	parameter	--sphere=
vietnamese	parameter	--sphere=
vietnamese	parameter	--spheres=
vietnamese	parameter	--spheres=
vietnamese	parameter	--spheres=
vietnamese	parameter	--spheres=
vietnamese	parameter	--spheres=
vietnamese	parameter	--ball=
vietnamese	parameter	--ball=
vietnamese	parameter	--ball=
vietnamese	parameter	--ball=
vietnamese	parameter	--ball=
vietnamese	parameter	--balls=
vietnamese	parameter	--balls=
vietnamese	parameter	--balls=
vietnamese	parameter	--balls=
vietnamese	parameter	--balls=
vietnamese	parameter	--universe=
vietnamese	parameter	--transcendentals=
vietnamese	parameter	--structurals=
vietnamese	parameter	--sphere=
vietnamese	parameter	--spheres=
vietnamese	parameter	--ball=
vietnamese	parameter	--balls=
vietnamese	parameter	--universe=
vietnamese	parameter	--universe=
vietnamese	parameter	--transcendentals=
vietnamese	parameter	--transcendentals=
vietnamese	parameter	--structurals=
vietnamese	parameter	--structurals=
vietnamese	parameter	--sphere=
vietnamese	parameter	--sphere=
vietnamese	parameter	--spheres=
vietnamese	parameter	--spheres=
vietnamese	parameter	--ball=
vietnamese	parameter	--ball=
vietnamese	parameter	--balls=
vietnamese	parameter	--balls=
vietnamese	parameter	--universe=
vietnamese	parameter	--transcendentals=
vietnamese	parameter	--structurals=
vietnamese	parameter	--sphere=
vietnamese	parameter	--spheres=
vietnamese	parameter	--ball=
vietnamese	parameter	--balls=
vietnamese	parameter	--universe=
vietnamese	parameter	--universe=
vietnamese	parameter	--transcendentals=
vietnamese	parameter	--transcendentals=
vietnamese	parameter	--structurals=
vietnamese	parameter	--structurals=
vietnamese	parameter	--sphere=
vietnamese	parameter	--sphere=
vietnamese	parameter	--spheres=
vietnamese	parameter	--spheres=
vietnamese	parameter	--ball=
vietnamese	parameter	--ball=
vietnamese	parameter	--balls=
vietnamese	parameter	--balls=
vietnamese	parameter	--universe=
vietnamese	parameter	--universe=
vietnamese	parameter	--transcendentals=
vietnamese	parameter	--transcendentals=
vietnamese	parameter	--structurals=
vietnamese	parameter	--structurals=
vietnamese	parameter	--sphere=
vietnamese	parameter	--sphere=
vietnamese	parameter	--spheres=
vietnamese	parameter	--spheres=
vietnamese	parameter	--ball=
vietnamese	parameter	--ball=
vietnamese	parameter	--balls=
vietnamese	parameter	--balls=
vietnamese	parameter	--galaxy=
vietnamese	parameter	--ancientscripts=
vietnamese	parameter	--circle=
vietnamese	parameter	--galaxies=
vietnamese	parameter	--circles=
vietnamese	parameter	--galaxy=
vietnamese	parameter	--galaxy=
vietnamese	parameter	--ancientscripts=
vietnamese	parameter	--ancientscripts=
vietnamese	parameter	--circle=
vietnamese	parameter	--circle=
vietnamese	parameter	--galaxies=
vietnamese	parameter	--galaxies=
vietnamese	parameter	--circles=
vietnamese	parameter	--circles=
vietnamese	parameter	--universe=
vietnamese	parameter	--universe=
vietnamese	parameter	--transcendentals=
vietnamese	parameter	--transcendentals=
vietnamese	parameter	--structurals=
vietnamese	parameter	--structurals=
vietnamese	parameter	--sphere=
vietnamese	parameter	--sphere=
vietnamese	parameter	--spheres=
vietnamese	parameter	--spheres=
vietnamese	parameter	--ball=
vietnamese	parameter	--ball=
vietnamese	parameter	--balls=
vietnamese	parameter	--balls=
vietnamese	parameter	--universe=
vietnamese	parameter	--universe=
vietnamese	parameter	--transcendentals=
vietnamese	parameter	--transcendentals=
vietnamese	parameter	--structurals=
vietnamese	parameter	--structurals=
vietnamese	parameter	--sphere=
vietnamese	parameter	--sphere=
vietnamese	parameter	--spheres=
vietnamese	parameter	--spheres=
vietnamese	parameter	--ball=
vietnamese	parameter	--ball=
vietnamese	parameter	--balls=
vietnamese	parameter	--balls=
vietnamese	parameter	--basic_structures=
vietnamese	parameter	--basic_structures=
vietnamese	parameter	--basic_structures=
vietnamese	parameter	--basic_structures=
vietnamese	parameter	--basic_structures=
vietnamese	parameter	--basic_structures=
vietnamese	parameter	--universe=
vietnamese	parameter	--universe=
vietnamese	parameter	--universe=
vietnamese	parameter	--universe=
vietnamese	parameter	--universe=
vietnamese	parameter	--universe=
vietnamese	parameter	--transcendentals=
vietnamese	parameter	--transcendentals=
vietnamese	parameter	--transcendentals=
vietnamese	parameter	--transcendentals=
vietnamese	parameter	--transcendentals=
vietnamese	parameter	--transcendentals=
vietnamese	parameter	--structurals=
vietnamese	parameter	--structurals=
vietnamese	parameter	--structurals=
vietnamese	parameter	--structurals=
vietnamese	parameter	--structurals=
vietnamese	parameter	--structurals=
vietnamese	parameter	--sphere=
vietnamese	parameter	--sphere=
vietnamese	parameter	--sphere=
vietnamese	parameter	--sphere=
vietnamese	parameter	--sphere=
vietnamese	parameter	--sphere=
vietnamese	parameter	--spheres=
vietnamese	parameter	--spheres=
vietnamese	parameter	--spheres=
vietnamese	parameter	--spheres=
vietnamese	parameter	--spheres=
vietnamese	parameter	--spheres=
vietnamese	parameter	--ball=
vietnamese	parameter	--ball=
vietnamese	parameter	--ball=
vietnamese	parameter	--ball=
vietnamese	parameter	--ball=
vietnamese	parameter	--ball=
vietnamese	parameter	--balls=
vietnamese	parameter	--balls=
vietnamese	parameter	--balls=
vietnamese	parameter	--balls=
vietnamese	parameter	--balls=
vietnamese	parameter	--balls=
vietnamese	parameter	--multiverse=
vietnamese	parameter	--multiverse=
vietnamese	parameter	--multiverse=
vietnamese	parameter	--multiverse=
vietnamese	parameter	--multiverse=
vietnamese	parameter	--multiverse=
vietnamese	parameter	--operations=
vietnamese	parameter	--operations=
vietnamese	parameter	--operations=
vietnamese	parameter	--operations=
vietnamese	parameter	--operations=
vietnamese	parameter	--operations=
vietnamese	parameter	--operations=
vietnamese	parameter	--operations=
vietnamese	parameter	--operations=
vietnamese	parameter	--operations=
vietnamese	parameter	--operations=
vietnamese	parameter	--operations=
vietnamese	parameter	--human=
vietnamese	parameter	--human=
vietnamese	parameter	--human=
vietnamese	parameter	--human=
vietnamese	parameter	--human=
vietnamese	parameter	--human=
vietnamese	parameter	--human=
vietnamese	parameter	--human=
vietnamese	parameter	--human=
vietnamese	parameter	--human=
vietnamese	parameter	--human=
vietnamese	parameter	--human=
vietnamese	parameter	--human=
vietnamese	parameter	--human=
vietnamese	parameter	--human=
vietnamese	parameter	--economy=
vietnamese	parameter	--economy=
vietnamese	parameter	--economy=
vietnamese	parameter	--economy=
vietnamese	parameter	--economy=
vietnamese	parameter	--economy=
vietnamese	parameter	--economy=
vietnamese	parameter	--economy=
vietnamese	parameter	--economy=
vietnamese	parameter	--economy=
vietnamese	parameter	--economy=
vietnamese	parameter	--economy=
vietnamese	parameter	--basic_structures=
vietnamese	parameter	--economy=
vietnamese	parameter	--economy=
vietnamese	parameter	--economy=
vietnamese	parameter	--economy=
vietnamese	parameter	--human=
vietnamese	parameter	--human=
vietnamese	parameter	--human=
vietnamese	parameter	--human=
vietnamese	parameter	--human=
vietnamese	parameter	--human=
vietnamese	parameter	--human=
vietnamese	parameter	--human=
vietnamese	parameter	--human=
vietnamese	parameter	--human=
vietnamese	parameter	--human=
vietnamese	parameter	--human=
vietnamese	parameter	--human=
vietnamese	parameter	--human=
vietnamese	parameter	--human=
vietnamese	parameter	--human=
vietnamese	parameter	--human=
vietnamese	parameter	--human=
vietnamese	parameter	--human=
vietnamese	parameter	--human=
vietnamese	parameter	--human=
vietnamese	parameter	--human=
vietnamese	parameter	--human=
vietnamese	parameter	--human=
vietnamese	parameter	--human=
vietnamese	parameter	--human=
vietnamese	parameter	--human=
vietnamese	parameter	--human=
vietnamese	parameter	--human=
vietnamese	parameter	--human=
vietnamese	parameter	--human=
vietnamese	parameter	--human=
vietnamese	parameter	--human=
vietnamese	parameter	--human=
vietnamese	parameter	--human=
vietnamese	parameter	--human=
vietnamese	parameter	--human=
vietnamese	parameter	--human=
vietnamese	parameter	--human=
vietnamese	parameter	--human=
vietnamese	parameter	--human=
vietnamese	parameter	--human=
vietnamese	parameter	--human=
vietnamese	parameter	--basic_structures=
vietnamese	parameter	--basic_structures=
vietnamese	parameter	--basic_structures=
vietnamese	parameter	--basic_structures=
vietnamese	parameter	--basic_structures=
vietnamese	parameter	--basic_structures=
vietnamese	parameter	--basic_structures=
vietnamese	parameter	--multiverse=
vietnamese	parameter	--multiverse=
vietnamese	parameter	--multiverse=
vietnamese	parameter	--multiverse=
vietnamese	parameter	--multiverse=
vietnamese	parameter	--multiverse=
vietnamese	parameter	--multiverse=
vietnamese	parameter	--basic_structures=
vietnamese	parameter	--basic_structures=
vietnamese	parameter	--basic_structures=
vietnamese	parameter	--basic_structures=
vietnamese	parameter	--basic_structures=
vietnamese	parameter	--basic_structures=
vietnamese	parameter	--basic_structures=
vietnamese	parameter	--basic_structures=
vietnamese	parameter	--basic_structures=
vietnamese	parameter	--basic_structures=
vietnamese	parameter	--basic_structures=
vietnamese	parameter	--basic_structures=
vietnamese	parameter	--basic_structures=
vietnamese	parameter	--basic_structures=
vietnamese	parameter	--basic_structures=
vietnamese	parameter	--basic_structures=
vietnamese	parameter	--basic_structures=
vietnamese	parameter	--basic_structures=
vietnamese	parameter	--basic_structures=
vietnamese	parameter	--basic_structures=
vietnamese	parameter	--basic_structures=
vietnamese	parameter	--basic_structures=
vietnamese	parameter	--basic_structures=
vietnamese	parameter	--basic_structures=
vietnamese	parameter	--basic_structures=
vietnamese	parameter	--basic_structures=
vietnamese	parameter	--basic_structures=
vietnamese	parameter	--basic_structures=
vietnamese	parameter	--basic_structures=
vietnamese	parameter	--basic_structures=
vietnamese	parameter	--basic_structures=
vietnamese	parameter	--basic_structures=
vietnamese	parameter	--basic_structures=
vietnamese	parameter	--basic_structures=
vietnamese	parameter	--basic_structures=
vietnamese	parameter	--basic_structures=
vietnamese	parameter	--basic_structures=
vietnamese	parameter	--basic_structures=
vietnamese	parameter	--basic_structures=
vietnamese	parameter	--basic_structures=
vietnamese	parameter	--basic_structures=
vietnamese	parameter	--basic_structures=
vietnamese	parameter	--basic_structures=
vietnamese	parameter	--basic_structures=
vietnamese	parameter	--basic_structures=
vietnamese	parameter	--basic_structures=
vietnamese	parameter	--basic_structures=
vietnamese	parameter	--basic_structures=
vietnamese	parameter	--basic_structures=
vietnamese	parameter	--basic_structures=
vietnamese	parameter	--basic_structures=
vietnamese	parameter	--basic_structures=
vietnamese	parameter	--basic_structures=
vietnamese	parameter	--basic_structures=
vietnamese	parameter	--basic_structures=
vietnamese	parameter	--basic_structures=
vietnamese	parameter	--basic_structures=
vietnamese	parameter	--basic_structures=
vietnamese	parameter	--basic_structures=
vietnamese	parameter	--basic_structures=
vietnamese	parameter	--basic_structures=
vietnamese	parameter	--basic_structures=
vietnamese	parameter	--basic_structures=
vietnamese	parameter	--basic_structures=
vietnamese	parameter	--basic_structures=
vietnamese	parameter	--basic_structures=
vietnamese	parameter	--basic_structures=
vietnamese	parameter	--basic_structures=
vietnamese	parameter	--basic_structures=
vietnamese	parameter	--basic_structures=
vietnamese	parameter	--basic_structures=
vietnamese	parameter	--basic_structures=
vietnamese	parameter	--basic_structures=
vietnamese	parameter	--basic_structures=
vietnamese	parameter	--basic_structures=
vietnamese	parameter	--basic_structures=
vietnamese	parameter	--basic_structures=
vietnamese	parameter	--basic_structures=
vietnamese	parameter	--basic_structures=
vietnamese	parameter	--basic_structures=
vietnamese	parameter	--basic_structures=
vietnamese	parameter	--basic_structures=
vietnamese	parameter	--basic_structures=
vietnamese	parameter	--multiverse=
vietnamese	parameter	--multiverse=
vietnamese	parameter	--multiverse=
vietnamese	parameter	--basic_structures=
vietnamese	parameter	--basic_structures=
vietnamese	parameter	--basic_structures=
vietnamese	parameter	--basic_structures=
vietnamese	parameter	--basic_structures=
vietnamese	parameter	--basic_structures=
vietnamese	parameter	--basic_structures=
vietnamese	parameter	--basic_structures=
vietnamese	parameter	--basic_structures=
vietnamese	parameter	--basic_structures=
vietnamese	parameter	--basic_structures=
vietnamese	parameter	--basic_structures=
vietnamese	parameter	--basic_structures=
vietnamese	parameter	--basic_structures=
vietnamese	parameter	--basic_structures=
vietnamese	parameter	--basic_structures=
vietnamese	parameter	--basic_structures=
vietnamese	parameter	--basic_structures=
vietnamese	parameter	--basic_structures=
vietnamese	parameter	--multiverse=
vietnamese	parameter	--multiverse=
vietnamese	parameter	--basic_structures=
vietnamese	parameter	--basic_structures=
vietnamese	parameter	--basic_structures=
vietnamese	parameter	--basic_structures=
vietnamese	parameter	--basic_structures=
vietnamese	parameter	--basic_structures=
vietnamese	parameter	--basic_structures=
vietnamese	parameter	--basic_structures=
vietnamese	parameter	--basic_structures=
vietnamese	parameter	--basic_structures=
vietnamese	parameter	--basic_structures=
vietnamese	parameter	--basic_structures=
vietnamese	parameter	--basic_structures=
vietnamese	parameter	--basic_structures=
vietnamese	parameter	--basic_structures=
vietnamese	parameter	--basic_structures=
vietnamese	parameter	--basic_structures=
vietnamese	parameter	--basic_structures=
vietnamese	parameter	--basic_structures=
vietnamese	parameter	--basic_structures=
vietnamese	parameter	--basic_structures=
vietnamese	parameter	--basic_structures=
vietnamese	parameter	--basic_structures=
vietnamese	parameter	--basic_structures=
vietnamese	parameter	--basic_structures=
vietnamese	parameter	--basic_structures=
vietnamese	parameter	--basic_structures=
vietnamese	parameter	--basic_structures=
vietnamese	parameter	--basic_structures=
vietnamese	parameter	--basic_structures=
vietnamese	parameter	--basic_structures=
vietnamese	parameter	--basic_structures=
vietnamese	parameter	--basic_structures=
vietnamese	parameter	--basic_structures=
vietnamese	parameter	--basic_structures=
vietnamese	parameter	--basic_structures=
vietnamese	parameter	--basic_structures=
vietnamese	parameter	--basic_structures=
vietnamese	parameter	--basic_structures=
vietnamese	parameter	--basic_structures=
vietnamese	parameter	--basic_structures=
vietnamese	parameter	--basic_structures=
vietnamese	parameter	--basic_structures=
vietnamese	parameter	--basic_structures=
vietnamese	parameter	--basic_structures=
vietnamese	parameter	--basic_structures=
vietnamese	parameter	--basic_structures=
vietnamese	parameter	--human=
vietnamese	parameter	--human=
vietnamese	parameter	--human=
vietnamese	parameter	--human=
vietnamese	parameter	--human=
vietnamese	parameter	--human=
vietnamese	parameter	--basic_structures=
vietnamese	parameter	--basic_structures=
vietnamese	parameter	--basic_structures=
vietnamese	parameter	--basic_structures=
vietnamese	parameter	--basic_structures=
vietnamese	parameter	--basic_structures=
vietnamese	parameter	--basic_structures=
vietnamese	parameter	--basic_structures=
vietnamese	parameter	--basic_structures=
vietnamese	parameter	--basic_structures=
vietnamese	parameter	--basic_structures=
vietnamese	parameter	--basic_structures=
vietnamese	parameter	--basic_structures=
vietnamese	parameter	--basic_structures=
vietnamese	parameter	--basic_structures=
vietnamese	parameter	--basic_structures=
vietnamese	parameter	--basic_structures=
vietnamese	parameter	--basic_structures=
vietnamese	parameter	--basic_structures=
vietnamese	parameter	--basic_structures=
vietnamese	parameter	--basic_structures=
vietnamese	parameter	--basic_structures=
vietnamese	parameter	--basic_structures=
vietnamese	parameter	--basic_structures=
vietnamese	parameter	--basic_structures=
vietnamese	parameter	--basic_structures=
vietnamese	parameter	--human=
vietnamese	parameter	--human=
vietnamese	parameter	--human=
vietnamese	parameter	--human=
vietnamese	parameter	--human=
vietnamese	parameter	--human=
vietnamese	parameter	--human=
vietnamese	parameter	--human=
vietnamese	parameter	--human=
vietnamese	parameter	--human=
vietnamese	parameter	--human=
vietnamese	parameter	--human=
vietnamese	parameter	--human=
vietnamese	parameter	--human=
vietnamese	parameter	--human=
vietnamese	parameter	--human=
vietnamese	parameter	--human=
vietnamese	parameter	--human=
vietnamese	parameter	--human=
vietnamese	parameter	--human=
vietnamese	parameter	--human=
vietnamese	parameter	--human=
vietnamese	parameter	--human=
vietnamese	parameter	--human=
vietnamese	parameter	--human=
vietnamese	parameter	--human=
vietnamese	parameter	--human=
vietnamese	parameter	--human=
vietnamese	parameter	--human=
vietnamese	parameter	--human=
vietnamese	parameter	--human=
vietnamese	parameter	--human=
vietnamese	parameter	--human=
vietnamese	parameter	--human=
vietnamese	parameter	--human=
vietnamese	parameter	--human=
vietnamese	parameter	--human=
vietnamese	parameter	--basic_structures=
vietnamese	parameter	--multiverse=
vietnamese	parameter	--universe=
vietnamese	parameter	--universe=
vietnamese	parameter	--transcendentals=
vietnamese	parameter	--transcendentals=
vietnamese	parameter	--structurals=
vietnamese	parameter	--structurals=
vietnamese	parameter	--sphere=
vietnamese	parameter	--sphere=
vietnamese	parameter	--spheres=
vietnamese	parameter	--spheres=
vietnamese	parameter	--ball=
vietnamese	parameter	--ball=
vietnamese	parameter	--balls=
vietnamese	parameter	--balls=
vietnamese	parameter	--universe=
vietnamese	parameter	--transcendentals=
vietnamese	parameter	--structurals=
vietnamese	parameter	--sphere=
vietnamese	parameter	--spheres=
vietnamese	parameter	--ball=
vietnamese	parameter	--balls=
vietnamese	parameter	--human=
vietnamese	parameter	--human=
vietnamese	parameter	--human=
vietnamese	parameter	--human=
vietnamese	parameter	--human=
vietnamese	parameter	--human=
vietnamese	parameter	--human=
vietnamese	parameter	--pro_contra=
vietnamese	parameter	--pro_contra=
vietnamese	parameter	--pro_contra=
vietnamese	parameter	--pro_contra=
vietnamese	parameter	--procontra=
vietnamese	parameter	--procontra=
vietnamese	parameter	--procontra=
vietnamese	parameter	--procontra=
vietnamese	parameter	--pro_contra=
vietnamese	parameter	--procontra=
vietnamese	parameter	--pro_contra=
vietnamese	parameter	--pro_contra=
vietnamese	parameter	--pro_contra=
vietnamese	parameter	--pro_contra=
vietnamese	parameter	--procontra=
vietnamese	parameter	--procontra=
vietnamese	parameter	--procontra=
vietnamese	parameter	--procontra=
vietnamese	parameter	--pro_contra=
vietnamese	parameter	--pro_contra=
vietnamese	parameter	--procontra=
vietnamese	parameter	--procontra=
vietnamese	parameter	--pro_contra=
vietnamese	parameter	--pro_contra=
vietnamese	parameter	--procontra=
vietnamese	parameter	--procontra=
vietnamese	parameter	--pro_contra=
vietnamese	parameter	--pro_contra=
vietnamese	parameter	--procontra=
vietnamese	parameter	--procontra=
vietnamese	parameter	--pro_contra=
vietnamese	parameter	--procontra=
vietnamese	parameter	--pro_contra=
vietnamese	parameter	--pro_contra=
vietnamese	parameter	--procontra=
vietnamese	parameter	--procontra=
vietnamese	parameter	--pro_contra=
vietnamese	parameter	--procontra=
vietnamese	parameter	--pro_contra=
vietnamese	parameter	--pro_contra=
vietnamese	parameter	--procontra=
vietnamese	parameter	--procontra=
vietnamese	parameter	--pro_contra=
vietnamese	parameter	--procontra=
vietnamese	parameter	--pro_contra=
vietnamese	parameter	--pro_contra=
vietnamese	parameter	--procontra=
vietnamese	parameter	--procontra=
vietnamese	parameter	--pro_contra=
vietnamese	parameter	--pro_contra=
vietnamese	parameter	--procontra=
vietnamese	parameter	--procontra=
vietnamese	parameter	--pro_contra=
vietnamese	parameter	--pro_contra=
vietnamese	parameter	--procontra=
vietnamese	parameter	--procontra=
vietnamese	parameter	--pro_contra=
vietnamese	parameter	--pro_contra=
vietnamese	parameter	--procontra=
vietnamese	parameter	--procontra=
vietnamese	parameter	--pro_contra=
vietnamese	parameter	--pro_contra=
vietnamese	parameter	--procontra=
vietnamese	parameter	--procontra=
vietnamese	parameter	--pro_contra=
vietnamese	parameter	--pro_contra=
vietnamese	parameter	--procontra=
vietnamese	parameter	--procontra=
vietnamese	parameter	--pro_contra=
vietnamese	parameter	--pro_contra=
vietnamese	parameter	--procontra=
vietnamese	parameter	--procontra=
vietnamese	parameter	--pro_contra=
vietnamese	parameter	--pro_contra=
vietnamese	parameter	--procontra=
vietnamese	parameter	--procontra=
vietnamese	parameter	--pro_contra=
vietnamese	parameter	--procontra=
vietnamese	parameter	--pro_contra=
vietnamese	parameter	--pro_contra=
vietnamese	parameter	--procontra=
vietnamese	parameter	--procontra=
vietnamese	parameter	--pro_contra=
vietnamese	parameter	--procontra=
vietnamese	parameter	--pro_contra=
vietnamese	parameter	--procontra=
vietnamese	parameter	--light=
vietnamese	parameter	--pro_contra=
vietnamese	parameter	--pro_contra=
vietnamese	parameter	--procontra=
vietnamese	parameter	--procontra=
vietnamese	parameter	--meaning=
vietnamese	parameter	--meaning=
vietnamese	parameter	--meaning=
vietnamese	parameter	--meaning=
vietnamese	parameter	--meaning=
vietnamese	parameter	--meaning=
vietnamese	parameter	--meaning=
vietnamese	parameter	--meaning=
vietnamese	parameter	--meaning=
vietnamese	parameter	--meaning=
vietnamese	parameter	--meaning=
vietnamese	parameter	--meaning=
vietnamese	parameter	--meaning=
vietnamese	parameter	--meaning=
vietnamese	parameter	--meaning=
vietnamese	parameter	--meaning=
vietnamese	parameter	--meaning=
vietnamese	parameter	--meaning=
vietnamese	parameter	--meaning=
vietnamese	parameter	--meaning=
vietnamese	parameter	--meaning=
vietnamese	parameter	--meaning=
vietnamese	parameter	--meaning=
vietnamese	parameter	--meaning=
vietnamese	parameter	--meaning=
vietnamese	parameter	--meaning=
vietnamese	parameter	--meaning=
vietnamese	parameter	--meaning=
vietnamese	parameter	--meaning=
vietnamese	parameter	--meaning=
vietnamese	parameter	--fractional_galaxy_n/m=
vietnamese	parameter	--fractional_galaxy_n/m=
vietnamese	parameter	--fractional_galaxy_n/m=
vietnamese	parameter	--fractional_galaxy_n/m=
vietnamese	parameter	--fractional_galaxy_n/m=
vietnamese	parameter	--fractional_galaxy_n/m=
vietnamese	parameter	--fractional_galaxy_n/m=
vietnamese	parameter	--fractional_galaxy_n/m=
vietnamese	parameter	--fractional_galaxy_n/m=
vietnamese	parameter	--fractional_galaxy_n/m=
vietnamese	parameter	--fractional_galaxy_n/m=
vietnamese	parameter	--fractional_galaxy_n/m=
vietnamese	parameter	--fractional_galaxy_n/m=
vietnamese	parameter	--fractional_galaxy_n/m=
vietnamese	parameter	--fractional_galaxy_n/m=
vietnamese	parameter	--fractional_galaxy_n/m=
vietnamese	parameter	--fractional_galaxy_n/m=
vietnamese	parameter	--fractional_galaxy_n/m=
vietnamese	parameter	--fractional_galaxy_n/m=
vietnamese	parameter	--fractional_galaxy_n/m=
vietnamese	parameter	--fractional_galaxy_n/m=
vietnamese	parameter	--fractional_galaxy_n/m=
vietnamese	parameter	--gebrochengalaxie_fractionalgalaxy=
vietnamese	parameter	--gebrochengalaxie_fractionalgalaxy=
vietnamese	parameter	--gebrochengalaxie_fractionalgalaxy=
vietnamese	parameter	--gebrochengalaxie_fractionalgalaxy=
vietnamese	parameter	--gebrochengalaxie_fractionalgalaxy=
vietnamese	parameter	--gebrochengalaxie_fractionalgalaxy=
vietnamese	parameter	--gebrochengalaxie_fractionalgalaxy=
vietnamese	parameter	--gebrochengalaxie_fractionalgalaxy=
vietnamese	parameter	--gebrochengalaxie_fractionalgalaxy=
vietnamese	parameter	--gebrochengalaxie_fractionalgalaxy=
vietnamese	parameter	--gebrochengalaxie_fractionalgalaxy=
vietnamese	parameter	--gebrochengalaxie_fractionalgalaxy=
vietnamese	parameter	--gebrochengalaxie_fractionalgalaxy=
vietnamese	parameter	--gebrochengalaxie_fractionalgalaxy=
vietnamese	parameter	--gebrochengalaxie_fractionalgalaxy=
vietnamese	parameter	--gebrochengalaxie_fractionalgalaxy=
vietnamese	parameter	--gebrochengalaxie_fractionalgalaxy=
vietnamese	parameter	--gebrochengalaxie_fractionalgalaxy=
vietnamese	parameter	--gebrochengalaxie_fractionalgalaxy=
vietnamese	parameter	--gebrochengalaxie_fractionalgalaxy=
vietnamese	parameter	--gebrochengalaxie_fractionalgalaxy=
vietnamese	parameter	--gebrochengalaxie_fractionalgalaxy=
vietnamese	parameter	--fractional_universe_n/m=
vietnamese	parameter	--fractional_universe_n/m=
vietnamese	parameter	--fractional_universe_n/m=
vietnamese	parameter	--fractional_universe_n/m=
vietnamese	parameter	--fractional_universe_n/m=
vietnamese	parameter	--fractional_universe_n/m=
vietnamese	parameter	--fractional_universe_n/m=
vietnamese	parameter	--fractional_universe_n/m=
vietnamese	parameter	--fractional_universe_n/m=
vietnamese	parameter	--fractional_universe_n/m=
vietnamese	parameter	--fractional_universe_n/m=
vietnamese	parameter	--fractional_universe_n/m=
vietnamese	parameter	--fractional_universe_n/m=
vietnamese	parameter	--fractional_universe_n/m=
vietnamese	parameter	--fractional_universe_n/m=
vietnamese	parameter	--fractional_universe_n/m=
vietnamese	parameter	--fractional_universe_n/m=
vietnamese	parameter	--fractional_universe_n/m=
vietnamese	parameter	--fractional_universe_n/m=
vietnamese	parameter	--fractional_universe_n/m=
vietnamese	parameter	--fractional_universe_n/m=
vietnamese	parameter	--fractional_universe_n/m=
vietnamese	parameter	--gebrochenuniversum_fractionaluniverse=
vietnamese	parameter	--gebrochenuniversum_fractionaluniverse=
vietnamese	parameter	--gebrochenuniversum_fractionaluniverse=
vietnamese	parameter	--gebrochenuniversum_fractionaluniverse=
vietnamese	parameter	--gebrochenuniversum_fractionaluniverse=
vietnamese	parameter	--gebrochenuniversum_fractionaluniverse=
vietnamese	parameter	--gebrochenuniversum_fractionaluniverse=
vietnamese	parameter	--gebrochenuniversum_fractionaluniverse=
vietnamese	parameter	--gebrochenuniversum_fractionaluniverse=
vietnamese	parameter	--gebrochenuniversum_fractionaluniverse=
vietnamese	parameter	--gebrochenuniversum_fractionaluniverse=
vietnamese	parameter	--gebrochenuniversum_fractionaluniverse=
vietnamese	parameter	--gebrochenuniversum_fractionaluniverse=
vietnamese	parameter	--gebrochenuniversum_fractionaluniverse=
vietnamese	parameter	--gebrochenuniversum_fractionaluniverse=
vietnamese	parameter	--gebrochenuniversum_fractionaluniverse=
vietnamese	parameter	--gebrochenuniversum_fractionaluniverse=
vietnamese	parameter	--gebrochenuniversum_fractionaluniverse=
vietnamese	parameter	--gebrochenuniversum_fractionaluniverse=
vietnamese	parameter	--gebrochenuniversum_fractionaluniverse=
vietnamese	parameter	--gebrochenuniversum_fractionaluniverse=
vietnamese	parameter	--gebrochenuniversum_fractionaluniverse=
vietnamese	parameter	--fractional-rational_numbered_emotions_n/m=
vietnamese	parameter	--fractional-rational_numbered_emotions_n/m=
vietnamese	parameter	--fractional-rational_numbered_emotions_n/m=
vietnamese	parameter	--fractional-rational_numbered_emotions_n/m=
vietnamese	parameter	--fractional-rational_numbered_emotions_n/m=
vietnamese	parameter	--fractional-rational_numbered_emotions_n/m=
vietnamese	parameter	--fractional-rational_numbered_emotions_n/m=
vietnamese	parameter	--fractional-rational_numbered_emotions_n/m=
vietnamese	parameter	--fractional-rational_numbered_emotions_n/m=
vietnamese	parameter	--fractional-rational_numbered_emotions_n/m=
vietnamese	parameter	--fractional-rational_numbered_emotions_n/m=
vietnamese	parameter	--fractional-rational_numbered_emotions_n/m=
vietnamese	parameter	--fractional-rational_numbered_emotions_n/m=
vietnamese	parameter	--fractional-rational_numbered_emotions_n/m=
vietnamese	parameter	--fractional-rational_numbered_emotions_n/m=
vietnamese	parameter	--fractional-rational_numbered_emotions_n/m=
vietnamese	parameter	--fractional-rational_numbered_emotions_n/m=
vietnamese	parameter	--fractional-rational_numbered_emotions_n/m=
vietnamese	parameter	--fractional-rational_numbered_emotions_n/m=
vietnamese	parameter	--fractional-rational_numbered_emotions_n/m=
vietnamese	parameter	--fractional-rational_numbered_emotions_n/m=
vietnamese	parameter	--fractional-rational_numbered_emotions_n/m=
vietnamese	parameter	--fractionedemotion=
vietnamese	parameter	--fractionedemotion=
vietnamese	parameter	--fractionedemotion=
vietnamese	parameter	--fractionedemotion=
vietnamese	parameter	--fractionedemotion=
vietnamese	parameter	--fractionedemotion=
vietnamese	parameter	--fractionedemotion=
vietnamese	parameter	--fractionedemotion=
vietnamese	parameter	--fractionedemotion=
vietnamese	parameter	--fractionedemotion=
vietnamese	parameter	--fractionedemotion=
vietnamese	parameter	--fractionedemotion=
vietnamese	parameter	--fractionedemotion=
vietnamese	parameter	--fractionedemotion=
vietnamese	parameter	--fractionedemotion=
vietnamese	parameter	--fractionedemotion=
vietnamese	parameter	--fractionedemotion=
vietnamese	parameter	--fractionedemotion=
vietnamese	parameter	--fractionedemotion=
vietnamese	parameter	--fractionedemotion=
vietnamese	parameter	--fractionedemotion=
vietnamese	parameter	--fractionedemotion=
vietnamese	parameter	--fractional-rational_numbered_structure_sizes_n/m=
vietnamese	parameter	--fractional-rational_numbered_structure_sizes_n/m=
vietnamese	parameter	--fractional-rational_numbered_structure_sizes_n/m=
vietnamese	parameter	--fractional-rational_numbered_structure_sizes_n/m=
vietnamese	parameter	--fractional-rational_numbered_structure_sizes_n/m=
vietnamese	parameter	--fractional-rational_numbered_structure_sizes_n/m=
vietnamese	parameter	--fractional-rational_numbered_structure_sizes_n/m=
vietnamese	parameter	--fractional-rational_numbered_structure_sizes_n/m=
vietnamese	parameter	--fractional-rational_numbered_structure_sizes_n/m=
vietnamese	parameter	--fractional-rational_numbered_structure_sizes_n/m=
vietnamese	parameter	--fractional-rational_numbered_structure_sizes_n/m=
vietnamese	parameter	--fractional-rational_numbered_structure_sizes_n/m=
vietnamese	parameter	--fractional-rational_numbered_structure_sizes_n/m=
vietnamese	parameter	--fractional-rational_numbered_structure_sizes_n/m=
vietnamese	parameter	--fractional-rational_numbered_structure_sizes_n/m=
vietnamese	parameter	--fractional-rational_numbered_structure_sizes_n/m=
vietnamese	parameter	--fractional-rational_numbered_structure_sizes_n/m=
vietnamese	parameter	--fractional-rational_numbered_structure_sizes_n/m=
vietnamese	parameter	--fractional-rational_numbered_structure_sizes_n/m=
vietnamese	parameter	--fractional-rational_numbered_structure_sizes_n/m=
vietnamese	parameter	--fractional-rational_numbered_structure_sizes_n/m=
vietnamese	parameter	--fractional-rational_numbered_structure_sizes_n/m=
vietnamese	parameter	--fractionalnumberedstructuresize=
vietnamese	parameter	--fractionalnumberedstructuresize=
vietnamese	parameter	--fractionalnumberedstructuresize=
vietnamese	parameter	--fractionalnumberedstructuresize=
vietnamese	parameter	--fractionalnumberedstructuresize=
vietnamese	parameter	--fractionalnumberedstructuresize=
vietnamese	parameter	--fractionalnumberedstructuresize=
vietnamese	parameter	--fractionalnumberedstructuresize=
vietnamese	parameter	--fractionalnumberedstructuresize=
vietnamese	parameter	--fractionalnumberedstructuresize=
vietnamese	parameter	--fractionalnumberedstructuresize=
vietnamese	parameter	--fractionalnumberedstructuresize=
vietnamese	parameter	--fractionalnumberedstructuresize=
vietnamese	parameter	--fractionalnumberedstructuresize=
vietnamese	parameter	--fractionalnumberedstructuresize=
vietnamese	parameter	--fractionalnumberedstructuresize=
vietnamese	parameter	--fractionalnumberedstructuresize=
vietnamese	parameter	--fractionalnumberedstructuresize=
vietnamese	parameter	--fractionalnumberedstructuresize=
vietnamese	parameter	--fractionalnumberedstructuresize=
vietnamese	parameter	--fractionalnumberedstructuresize=
vietnamese	parameter	--fractionalnumberedstructuresize=
vietnamese	parameter	--symbols=
vietnamese	parameter	--symbols=
vietnamese	parameter	--symbols=
vietnamese	parameter	--symbols=
vietnamese	parameter	--symbols=
vietnamese	parameter	--symbols=
vietnamese	parameter	--symbols=
vietnamese	parameter	--symbols=
vietnamese	parameter	--symbols=
vietnamese	parameter	--symbols=
vietnamese	parameter	--properties_n=
vietnamese	parameter	--properties_n=
vietnamese	parameter	--properties_n=
vietnamese	parameter	--properties_n=
vietnamese	parameter	--properties_n=
vietnamese	parameter	--properties_n=
vietnamese	parameter	--properties_n=
vietnamese	parameter	--properties_n=
vietnamese	parameter	--properties=
vietnamese	parameter	--properties=
vietnamese	parameter	--properties=
vietnamese	parameter	--properties=
vietnamese	parameter	--properties=
vietnamese	parameter	--properties=
vietnamese	parameter	--properties=
vietnamese	parameter	--properties=
vietnamese	parameter	--property=
vietnamese	parameter	--property=
vietnamese	parameter	--property=
vietnamese	parameter	--property=
vietnamese	parameter	--property=
vietnamese	parameter	--property=
vietnamese	parameter	--property=
vietnamese	parameter	--property=
vietnamese	parameter	--concept=
vietnamese	parameter	--concept=
vietnamese	parameter	--concept=
vietnamese	parameter	--concept=
vietnamese	parameter	--concept=
vietnamese	parameter	--concept=
vietnamese	parameter	--concept=
vietnamese	parameter	--concept=
vietnamese	parameter	--concepts=
vietnamese	parameter	--concepts=
vietnamese	parameter	--concepts=
vietnamese	parameter	--concepts=
vietnamese	parameter	--concepts=
vietnamese	parameter	--concepts=
vietnamese	parameter	--concepts=
vietnamese	parameter	--concepts=
vietnamese	parameter	--properties_n=
vietnamese	parameter	--properties_n=
vietnamese	parameter	--properties_n=
vietnamese	parameter	--properties_n=
vietnamese	parameter	--properties=
vietnamese	parameter	--properties=
vietnamese	parameter	--properties=
vietnamese	parameter	--properties=
vietnamese	parameter	--property=
vietnamese	parameter	--property=
vietnamese	parameter	--property=
vietnamese	parameter	--property=
vietnamese	parameter	--concept=
vietnamese	parameter	--concept=
vietnamese	parameter	--concept=
vietnamese	parameter	--concept=
vietnamese	parameter	--concepts=
vietnamese	parameter	--concepts=
vietnamese	parameter	--concepts=
vietnamese	parameter	--concepts=
vietnamese	parameter	--properties_n=
vietnamese	parameter	--properties_n=
vietnamese	parameter	--properties_n=
vietnamese	parameter	--properties=
vietnamese	parameter	--properties=
vietnamese	parameter	--properties=
vietnamese	parameter	--property=
vietnamese	parameter	--property=
vietnamese	parameter	--property=
vietnamese	parameter	--concept=
vietnamese	parameter	--concept=
vietnamese	parameter	--concept=
vietnamese	parameter	--concepts=
vietnamese	parameter	--concepts=
vietnamese	parameter	--concepts=
vietnamese	parameter	--properties_n=
vietnamese	parameter	--properties_n=
vietnamese	parameter	--properties_n=
vietnamese	parameter	--properties=
vietnamese	parameter	--properties=
vietnamese	parameter	--properties=
vietnamese	parameter	--property=
vietnamese	parameter	--property=
vietnamese	parameter	--property=
vietnamese	parameter	--concept=
vietnamese	parameter	--concept=
vietnamese	parameter	--concept=
vietnamese	parameter	--concepts=
vietnamese	parameter	--concepts=
vietnamese	parameter	--concepts=
vietnamese	parameter	--properties_1/n=
vietnamese	parameter	--properties_1/n=
vietnamese	parameter	--concept2=
vietnamese	parameter	--concept2=
vietnamese	parameter	--concepts2=
vietnamese	parameter	--concepts2=
vietnamese	parameter	--properties_1/n=
vietnamese	parameter	--properties_1/n=
vietnamese	parameter	--properties_1/n=
vietnamese	parameter	--concept2=
vietnamese	parameter	--concept2=
vietnamese	parameter	--concept2=
vietnamese	parameter	--concepts2=
vietnamese	parameter	--concepts2=
vietnamese	parameter	--concepts2=
vietnamese	parameter	--properties_1/n=
vietnamese	parameter	--properties_1/n=
vietnamese	parameter	--properties_1/n=
vietnamese	parameter	--concept2=
vietnamese	parameter	--concept2=
vietnamese	parameter	--concept2=
vietnamese	parameter	--concepts2=
vietnamese	parameter	--concepts2=
vietnamese	parameter	--concepts2=
vietnamese	parameter	--properties_1/n=
vietnamese	parameter	--concept2=
vietnamese	parameter	--concepts2=
vietnamese	parameter	--properties_1/n=
vietnamese	parameter	--properties_1/n=
vietnamese	parameter	--properties_1/n=
vietnamese	parameter	--concept2=
vietnamese	parameter	--concept2=
vietnamese	parameter	--concept2=
vietnamese	parameter	--concepts2=
vietnamese	parameter	--concepts2=
vietnamese	parameter	--concepts2=
vietnamese	parameter	--properties_1/n=
vietnamese	parameter	--properties_1/n=
vietnamese	parameter	--properties_1/n=
vietnamese	parameter	--concept2=
vietnamese	parameter	--concept2=
vietnamese	parameter	--concept2=
vietnamese	parameter	--concepts2=
vietnamese	parameter	--concepts2=
vietnamese	parameter	--concepts2=
vietnamese	parameter	--properties_1/n=
vietnamese	parameter	--properties_1/n=
vietnamese	parameter	--concept2=
vietnamese	parameter	--concept2=
vietnamese	parameter	--concepts2=
vietnamese	parameter	--concepts2=
vietnamese	parameter	--properties_n=
vietnamese	parameter	--properties_n=
vietnamese	parameter	--properties_n=
vietnamese	parameter	--properties_n=
vietnamese	parameter	--properties=
vietnamese	parameter	--properties=
vietnamese	parameter	--properties=
vietnamese	parameter	--properties=
vietnamese	parameter	--property=
vietnamese	parameter	--property=
vietnamese	parameter	--property=
vietnamese	parameter	--property=
vietnamese	parameter	--concept=
vietnamese	parameter	--concept=
vietnamese	parameter	--concept=
vietnamese	parameter	--concept=
vietnamese	parameter	--concepts=
vietnamese	parameter	--concepts=
vietnamese	parameter	--concepts=
vietnamese	parameter	--concepts=
vietnamese	parameter	--properties_1/n=
vietnamese	parameter	--properties_1/n=
vietnamese	parameter	--concept2=
vietnamese	parameter	--concept2=
vietnamese	parameter	--concepts2=
vietnamese	parameter	--concepts2=
vietnamese	parameter	--properties_1/n=
vietnamese	parameter	--properties_1/n=
vietnamese	parameter	--properties_1/n=
vietnamese	parameter	--properties_1/n=
vietnamese	parameter	--properties_1/n=
vietnamese	parameter	--concept2=
vietnamese	parameter	--concept2=
vietnamese	parameter	--concept2=
vietnamese	parameter	--concept2=
vietnamese	parameter	--concept2=
vietnamese	parameter	--concepts2=
vietnamese	parameter	--concepts2=
vietnamese	parameter	--concepts2=
vietnamese	parameter	--concepts2=
vietnamese	parameter	--concepts2=
vietnamese	parameter	--properties_n=
vietnamese	parameter	--properties=
vietnamese	parameter	--property=
vietnamese	parameter	--concept=
vietnamese	parameter	--concepts=
vietnamese	parameter	--properties_n=
vietnamese	parameter	--properties_n=
vietnamese	parameter	--properties=
vietnamese	parameter	--properties=
vietnamese	parameter	--property=
vietnamese	parameter	--property=
vietnamese	parameter	--concept=
vietnamese	parameter	--concept=
vietnamese	parameter	--concepts=
vietnamese	parameter	--concepts=
vietnamese	parameter	--properties_n=
vietnamese	parameter	--properties_n=
vietnamese	parameter	--properties_n=
vietnamese	parameter	--properties=
vietnamese	parameter	--properties=
vietnamese	parameter	--properties=
vietnamese	parameter	--property=
vietnamese	parameter	--property=
vietnamese	parameter	--property=
vietnamese	parameter	--concept=
vietnamese	parameter	--concept=
vietnamese	parameter	--concept=
vietnamese	parameter	--concepts=
vietnamese	parameter	--concepts=
vietnamese	parameter	--concepts=
vietnamese	parameter	--properties_n=
vietnamese	parameter	--properties_n=
vietnamese	parameter	--properties_n=
vietnamese	parameter	--properties_n=
vietnamese	parameter	--properties=
vietnamese	parameter	--properties=
vietnamese	parameter	--properties=
vietnamese	parameter	--properties=
vietnamese	parameter	--property=
vietnamese	parameter	--property=
vietnamese	parameter	--property=
vietnamese	parameter	--property=
vietnamese	parameter	--concept=
vietnamese	parameter	--concept=
vietnamese	parameter	--concept=
vietnamese	parameter	--concept=
vietnamese	parameter	--concepts=
vietnamese	parameter	--concepts=
vietnamese	parameter	--concepts=
vietnamese	parameter	--concepts=
vietnamese	parameter	--properties_n=
vietnamese	parameter	--properties_n=
vietnamese	parameter	--properties_n=
vietnamese	parameter	--properties_n=
vietnamese	parameter	--properties=
vietnamese	parameter	--properties=
vietnamese	parameter	--properties=
vietnamese	parameter	--properties=
vietnamese	parameter	--property=
vietnamese	parameter	--property=
vietnamese	parameter	--property=
vietnamese	parameter	--property=
vietnamese	parameter	--concept=
vietnamese	parameter	--concept=
vietnamese	parameter	--concept=
vietnamese	parameter	--concept=
vietnamese	parameter	--concepts=
vietnamese	parameter	--concepts=
vietnamese	parameter	--concepts=
vietnamese	parameter	--concepts=
vietnamese	parameter	--properties_n=
vietnamese	parameter	--properties_n=
vietnamese	parameter	--properties_n=
vietnamese	parameter	--properties=
vietnamese	parameter	--properties=
vietnamese	parameter	--properties=
vietnamese	parameter	--property=
vietnamese	parameter	--property=
vietnamese	parameter	--property=
vietnamese	parameter	--concept=
vietnamese	parameter	--concept=
vietnamese	parameter	--concept=
vietnamese	parameter	--concepts=
vietnamese	parameter	--concepts=
vietnamese	parameter	--concepts=
vietnamese	parameter	--properties_n=
vietnamese	parameter	--properties_n=
vietnamese	parameter	--properties_n=
vietnamese	parameter	--properties=
vietnamese	parameter	--properties=
vietnamese	parameter	--properties=
vietnamese	parameter	--property=
vietnamese	parameter	--property=
vietnamese	parameter	--property=
vietnamese	parameter	--concept=
vietnamese	parameter	--concept=
vietnamese	parameter	--concept=
vietnamese	parameter	--concepts=
vietnamese	parameter	--concepts=
vietnamese	parameter	--concepts=
vietnamese	parameter	--properties_n=
vietnamese	parameter	--properties_n=
vietnamese	parameter	--properties_n=
vietnamese	parameter	--properties=
vietnamese	parameter	--properties=
vietnamese	parameter	--properties=
vietnamese	parameter	--property=
vietnamese	parameter	--property=
vietnamese	parameter	--property=
vietnamese	parameter	--concept=
vietnamese	parameter	--concept=
vietnamese	parameter	--concept=
vietnamese	parameter	--concepts=
vietnamese	parameter	--concepts=
vietnamese	parameter	--concepts=
vietnamese	parameter	--properties_n=
vietnamese	parameter	--properties_n=
vietnamese	parameter	--properties_n=
vietnamese	parameter	--properties_n=
vietnamese	parameter	--properties_n=
vietnamese	parameter	--properties=
vietnamese	parameter	--properties=
vietnamese	parameter	--properties=
vietnamese	parameter	--properties=
vietnamese	parameter	--properties=
vietnamese	parameter	--property=
vietnamese	parameter	--property=
vietnamese	parameter	--property=
vietnamese	parameter	--property=
vietnamese	parameter	--property=
vietnamese	parameter	--concept=
vietnamese	parameter	--concept=
vietnamese	parameter	--concept=
vietnamese	parameter	--concept=
vietnamese	parameter	--concept=
vietnamese	parameter	--concepts=
vietnamese	parameter	--concepts=
vietnamese	parameter	--concepts=
vietnamese	parameter	--concepts=
vietnamese	parameter	--concepts=
vietnamese	parameter	--human=
vietnamese	parameter	--human=
vietnamese	parameter	--human=
vietnamese	parameter	--human=
vietnamese	parameter	--properties_n=
vietnamese	parameter	--properties_n=
vietnamese	parameter	--properties_n=
vietnamese	parameter	--properties_n=
vietnamese	parameter	--properties=
vietnamese	parameter	--properties=
vietnamese	parameter	--properties=
vietnamese	parameter	--properties=
vietnamese	parameter	--property=
vietnamese	parameter	--property=
vietnamese	parameter	--property=
vietnamese	parameter	--property=
vietnamese	parameter	--concept=
vietnamese	parameter	--concept=
vietnamese	parameter	--concept=
vietnamese	parameter	--concept=
vietnamese	parameter	--concepts=
vietnamese	parameter	--concepts=
vietnamese	parameter	--concepts=
vietnamese	parameter	--concepts=
vietnamese	parameter	--properties_n=
vietnamese	parameter	--properties=
vietnamese	parameter	--property=
vietnamese	parameter	--concept=
vietnamese	parameter	--concepts=
vietnamese	parameter	--properties_n=
vietnamese	parameter	--properties_n=
vietnamese	parameter	--properties=
vietnamese	parameter	--properties=
vietnamese	parameter	--property=
vietnamese	parameter	--property=
vietnamese	parameter	--concept=
vietnamese	parameter	--concept=
vietnamese	parameter	--concepts=
vietnamese	parameter	--concepts=
vietnamese	parameter	--properties_n=
vietnamese	parameter	--properties_n=
vietnamese	parameter	--properties_n=
vietnamese	parameter	--properties_n=
vietnamese	parameter	--properties_n=
vietnamese	parameter	--properties=
vietnamese	parameter	--properties=
vietnamese	parameter	--properties=
vietnamese	parameter	--properties=
vietnamese	parameter	--properties=
vietnamese	parameter	--property=
vietnamese	parameter	--property=
vietnamese	parameter	--property=
vietnamese	parameter	--property=
vietnamese	parameter	--property=
vietnamese	parameter	--concept=
vietnamese	parameter	--concept=
vietnamese	parameter	--concept=
vietnamese	parameter	--concept=
vietnamese	parameter	--concept=
vietnamese	parameter	--concepts=
vietnamese	parameter	--concepts=
vietnamese	parameter	--concepts=
vietnamese	parameter	--concepts=
vietnamese	parameter	--concepts=
vietnamese	parameter	--properties_n=
vietnamese	parameter	--properties_n=
vietnamese	parameter	--properties_n=
vietnamese	parameter	--properties=
vietnamese	parameter	--properties=
vietnamese	parameter	--properties=
vietnamese	parameter	--property=
vietnamese	parameter	--property=
vietnamese	parameter	--property=
vietnamese	parameter	--concept=
vietnamese	parameter	--concept=
vietnamese	parameter	--concept=
vietnamese	parameter	--concepts=
vietnamese	parameter	--concepts=
vietnamese	parameter	--concepts=
vietnamese	parameter	--properties_n=
vietnamese	parameter	--properties_n=
vietnamese	parameter	--properties_n=
vietnamese	parameter	--properties_n=
vietnamese	parameter	--properties_n=
vietnamese	parameter	--properties=
vietnamese	parameter	--properties=
vietnamese	parameter	--properties=
vietnamese	parameter	--properties=
vietnamese	parameter	--properties=
vietnamese	parameter	--property=
vietnamese	parameter	--property=
vietnamese	parameter	--property=
vietnamese	parameter	--property=
vietnamese	parameter	--property=
vietnamese	parameter	--concept=
vietnamese	parameter	--concept=
vietnamese	parameter	--concept=
vietnamese	parameter	--concept=
vietnamese	parameter	--concept=
vietnamese	parameter	--concepts=
vietnamese	parameter	--concepts=
vietnamese	parameter	--concepts=
vietnamese	parameter	--concepts=
vietnamese	parameter	--concepts=
vietnamese	parameter	--properties_n=
vietnamese	parameter	--properties=
vietnamese	parameter	--property=
vietnamese	parameter	--concept=
vietnamese	parameter	--concepts=
vietnamese	parameter	--properties_n=
vietnamese	parameter	--properties_n=
vietnamese	parameter	--properties_n=
vietnamese	parameter	--properties_n=
vietnamese	parameter	--properties_n=
vietnamese	parameter	--properties=
vietnamese	parameter	--properties=
vietnamese	parameter	--properties=
vietnamese	parameter	--properties=
vietnamese	parameter	--properties=
vietnamese	parameter	--property=
vietnamese	parameter	--property=
vietnamese	parameter	--property=
vietnamese	parameter	--property=
vietnamese	parameter	--property=
vietnamese	parameter	--concept=
vietnamese	parameter	--concept=
vietnamese	parameter	--concept=
vietnamese	parameter	--concept=
vietnamese	parameter	--concept=
vietnamese	parameter	--concepts=
vietnamese	parameter	--concepts=
vietnamese	parameter	--concepts=
vietnamese	parameter	--concepts=
vietnamese	parameter	--concepts=
vietnamese	parameter	--properties_n=
vietnamese	parameter	--properties_n=
vietnamese	parameter	--properties_n=
vietnamese	parameter	--properties_n=
vietnamese	parameter	--properties=
vietnamese	parameter	--properties=
vietnamese	parameter	--properties=
vietnamese	parameter	--properties=
vietnamese	parameter	--property=
vietnamese	parameter	--property=
vietnamese	parameter	--property=
vietnamese	parameter	--property=
vietnamese	parameter	--concept=
vietnamese	parameter	--concept=
vietnamese	parameter	--concept=
vietnamese	parameter	--concept=
vietnamese	parameter	--concepts=
vietnamese	parameter	--concepts=
vietnamese	parameter	--concepts=
vietnamese	parameter	--concepts=
vietnamese	parameter	--properties_n=
vietnamese	parameter	--properties_n=
vietnamese	parameter	--properties_n=
vietnamese	parameter	--properties_n=
vietnamese	parameter	--properties=
vietnamese	parameter	--properties=
vietnamese	parameter	--properties=
vietnamese	parameter	--properties=
vietnamese	parameter	--property=
vietnamese	parameter	--property=
vietnamese	parameter	--property=
vietnamese	parameter	--property=
vietnamese	parameter	--concept=
vietnamese	parameter	--concept=
vietnamese	parameter	--concept=
vietnamese	parameter	--concept=
vietnamese	parameter	--concepts=
vietnamese	parameter	--concepts=
vietnamese	parameter	--concepts=
vietnamese	parameter	--concepts=
vietnamese	parameter	--properties_n=
vietnamese	parameter	--properties_n=
vietnamese	parameter	--properties_n=
vietnamese	parameter	--properties_n=
vietnamese	parameter	--properties=
vietnamese	parameter	--properties=
vietnamese	parameter	--properties=
vietnamese	parameter	--properties=
vietnamese	parameter	--property=
vietnamese	parameter	--property=
vietnamese	parameter	--property=
vietnamese	parameter	--property=
vietnamese	parameter	--concept=
vietnamese	parameter	--concept=
vietnamese	parameter	--concept=
vietnamese	parameter	--concept=
vietnamese	parameter	--concepts=
vietnamese	parameter	--concepts=
vietnamese	parameter	--concepts=
vietnamese	parameter	--concepts=
vietnamese	parameter	--properties_n=
vietnamese	parameter	--properties_n=
vietnamese	parameter	--properties_n=
vietnamese	parameter	--properties_n=
vietnamese	parameter	--properties=
vietnamese	parameter	--properties=
vietnamese	parameter	--properties=
vietnamese	parameter	--properties=
vietnamese	parameter	--property=
vietnamese	parameter	--property=
vietnamese	parameter	--property=
vietnamese	parameter	--property=
vietnamese	parameter	--concept=
vietnamese	parameter	--concept=
vietnamese	parameter	--concept=
vietnamese	parameter	--concept=
vietnamese	parameter	--concepts=
vietnamese	parameter	--concepts=
vietnamese	parameter	--concepts=
vietnamese	parameter	--concepts=
vietnamese	parameter	--properties_n=
vietnamese	parameter	--properties_n=
vietnamese	parameter	--properties=
vietnamese	parameter	--properties=
vietnamese	parameter	--property=
vietnamese	parameter	--property=
vietnamese	parameter	--concept=
vietnamese	parameter	--concept=
vietnamese	parameter	--concepts=
vietnamese	parameter	--concepts=
vietnamese	parameter	--properties_n=
vietnamese	parameter	--properties_n=
vietnamese	parameter	--properties=
vietnamese	parameter	--properties=
vietnamese	parameter	--property=
vietnamese	parameter	--property=
vietnamese	parameter	--concept=
vietnamese	parameter	--concept=
vietnamese	parameter	--concepts=
vietnamese	parameter	--concepts=
vietnamese	parameter	--properties_n=
vietnamese	parameter	--properties=
vietnamese	parameter	--property=
vietnamese	parameter	--concept=
vietnamese	parameter	--concepts=
vietnamese	parameter	--properties_n=
vietnamese	parameter	--properties_n=
vietnamese	parameter	--properties=
vietnamese	parameter	--properties=
vietnamese	parameter	--property=
vietnamese	parameter	--property=
vietnamese	parameter	--concept=
vietnamese	parameter	--concept=
vietnamese	parameter	--concepts=
vietnamese	parameter	--concepts=
vietnamese	parameter	--properties_n=
vietnamese	parameter	--properties_n=
vietnamese	parameter	--properties_n=
vietnamese	parameter	--properties_n=
vietnamese	parameter	--properties_n=
vietnamese	parameter	--properties_n=
vietnamese	parameter	--properties_n=
vietnamese	parameter	--properties=
vietnamese	parameter	--properties=
vietnamese	parameter	--properties=
vietnamese	parameter	--properties=
vietnamese	parameter	--properties=
vietnamese	parameter	--properties=
vietnamese	parameter	--properties=
vietnamese	parameter	--property=
vietnamese	parameter	--property=
vietnamese	parameter	--property=
vietnamese	parameter	--property=
vietnamese	parameter	--property=
vietnamese	parameter	--property=
vietnamese	parameter	--property=
vietnamese	parameter	--concept=
vietnamese	parameter	--concept=
vietnamese	parameter	--concept=
vietnamese	parameter	--concept=
vietnamese	parameter	--concept=
vietnamese	parameter	--concept=
vietnamese	parameter	--concept=
vietnamese	parameter	--concepts=
vietnamese	parameter	--concepts=
vietnamese	parameter	--concepts=
vietnamese	parameter	--concepts=
vietnamese	parameter	--concepts=
vietnamese	parameter	--concepts=
vietnamese	parameter	--concepts=
vietnamese	parameter	--properties_n=
vietnamese	parameter	--properties_n=
vietnamese	parameter	--properties=
vietnamese	parameter	--properties=
vietnamese	parameter	--property=
vietnamese	parameter	--property=
vietnamese	parameter	--concept=
vietnamese	parameter	--concept=
vietnamese	parameter	--concepts=
vietnamese	parameter	--concepts=
vietnamese	parameter	--properties_n=
vietnamese	parameter	--properties_n=
vietnamese	parameter	--properties=
vietnamese	parameter	--properties=
vietnamese	parameter	--property=
vietnamese	parameter	--property=
vietnamese	parameter	--concept=
vietnamese	parameter	--concept=
vietnamese	parameter	--concepts=
vietnamese	parameter	--concepts=
vietnamese	parameter	--properties_n=
vietnamese	parameter	--properties_n=
vietnamese	parameter	--properties_n=
vietnamese	parameter	--properties_n=
vietnamese	parameter	--properties_n=
vietnamese	parameter	--properties=
vietnamese	parameter	--properties=
vietnamese	parameter	--properties=
vietnamese	parameter	--properties=
vietnamese	parameter	--properties=
vietnamese	parameter	--property=
vietnamese	parameter	--property=
vietnamese	parameter	--property=
vietnamese	parameter	--property=
vietnamese	parameter	--property=
vietnamese	parameter	--concept=
vietnamese	parameter	--concept=
vietnamese	parameter	--concept=
vietnamese	parameter	--concept=
vietnamese	parameter	--concept=
vietnamese	parameter	--concepts=
vietnamese	parameter	--concepts=
vietnamese	parameter	--concepts=
vietnamese	parameter	--concepts=
vietnamese	parameter	--concepts=
vietnamese	parameter	--properties_n=
vietnamese	parameter	--properties_n=
vietnamese	parameter	--properties_n=
vietnamese	parameter	--properties=
vietnamese	parameter	--properties=
vietnamese	parameter	--properties=
vietnamese	parameter	--property=
vietnamese	parameter	--property=
vietnamese	parameter	--property=
vietnamese	parameter	--concept=
vietnamese	parameter	--concept=
vietnamese	parameter	--concept=
vietnamese	parameter	--concepts=
vietnamese	parameter	--concepts=
vietnamese	parameter	--concepts=
vietnamese	parameter	--properties_n=
vietnamese	parameter	--properties_n=
vietnamese	parameter	--properties=
vietnamese	parameter	--properties=
vietnamese	parameter	--property=
vietnamese	parameter	--property=
vietnamese	parameter	--concept=
vietnamese	parameter	--concept=
vietnamese	parameter	--concepts=
vietnamese	parameter	--concepts=
vietnamese	parameter	--properties_n=
vietnamese	parameter	--properties_n=
vietnamese	parameter	--properties=
vietnamese	parameter	--properties=
vietnamese	parameter	--property=
vietnamese	parameter	--property=
vietnamese	parameter	--concept=
vietnamese	parameter	--concept=
vietnamese	parameter	--concepts=
vietnamese	parameter	--concepts=
vietnamese	parameter	--increment=
vietnamese	parameter	--increment=
vietnamese	parameter	--increment=
vietnamese	parameter	--increment=
vietnamese	parameter	--increment=
vietnamese	parameter	--increment=
vietnamese	parameter	--increment=
vietnamese	parameter	--increment=
vietnamese	parameter	--multiplications=
vietnamese	parameter	--multiplications=
vietnamese	parameter	--multiplications=
vietnamese	parameter	--multiplications=
vietnamese	parameter	--multiplications=
vietnamese	parameter	--multiplications=
vietnamese	parameter	--multiplications=
vietnamese	parameter	--multiplications=
vietnamese	parameter	--multiplications=
vietnamese	parameter	--multiplications=
vietnamese	parameter	--multiplications=
vietnamese	parameter	--multiplications=
vietnamese	parameter	--multiplications=
vietnamese	parameter	--multiplications=
vietnamese	parameter	--multiplications=
vietnamese	parameter	--multiplications=
vietnamese	parameter	--multiplications=
vietnamese	parameter	--multiplications=
vietnamese	parameter	--continuum=
vietnamese	parameter	--continuum=
vietnamese	parameter	--continuum=
vietnamese	parameter	--continuum=
vietnamese	parameter	--continuum=
vietnamese	parameter	--continuum=
vietnamese	parameter	--continuum=
vietnamese	parameter	--continuum=
vietnamese	parameter	--continuum=
vietnamese	parameter	--continuum=
vietnamese	parameter	--continuum=
vietnamese	parameter	--continuum=
vietnamese	parameter	--continuum=
vietnamese	parameter	--continuum=
vietnamese	parameter	--continuum=
vietnamese	parameter	--continuum=
vietnamese	parameter	--continuum=
vietnamese	parameter	--continuum=
vietnamese	parameter	--continuum=
vietnamese	parameter	--continuum=
vietnamese	parameter	--continuum=
vietnamese	parameter	--continuum=
vietnamese	parameter	--continuum=
vietnamese	parameter	--continuum=
vietnamese	parameter	--continuum=
vietnamese	parameter	--continuum=
vietnamese	parameter	--continuum=
vietnamese	parameter	--continuum=
vietnamese	parameter	--continuum=
vietnamese	parameter	--continuum=
vietnamese	parameter	--continuum=
vietnamese	parameter	--continuum=
vietnamese	parameter	--continuum=
vietnamese	parameter	--continuum=
vietnamese	parameter	--continuum=
vietnamese	parameter	--continuum=
vietnamese	parameter	--continuum=
vietnamese	parameter	--continuum=
vietnamese	parameter	--continuum=
vietnamese	parameter	--continuum=
vietnamese	parameter	--continuum=
vietnamese	parameter	--universe=
vietnamese	parameter	--universe=
vietnamese	parameter	--transcendentals=
vietnamese	parameter	--transcendentals=
vietnamese	parameter	--structurals=
vietnamese	parameter	--structurals=
vietnamese	parameter	--sphere=
vietnamese	parameter	--sphere=
vietnamese	parameter	--spheres=
vietnamese	parameter	--spheres=
vietnamese	parameter	--ball=
vietnamese	parameter	--ball=
vietnamese	parameter	--balls=
vietnamese	parameter	--balls=
vietnamese	parameter	--continuum=
vietnamese	parameter	--continuum=
vietnamese	parameter	--continuum=
vietnamese	parameter	--continuum=
vietnamese	parameter	--continuum=
vietnamese	parameter	--continuum=
vietnamese	parameter	--continuum=
vietnamese	parameter	--continuum=
vietnamese	parameter	--continuum=
vietnamese	parameter	--continuum=
vietnamese	parameter	--continuum=
vietnamese	parameter	--continuum=
vietnamese	parameter	--continuum=
vietnamese	parameter	--continuum=
vietnamese	parameter	--continuum=
vietnamese	parameter	--continuum=
vietnamese	parameter	--continuum=
vietnamese	parameter	--continuum=
vietnamese	parameter	--continuum=
vietnamese	parameter	--continuum=
vietnamese	parameter	--continuum=
vietnamese	parameter	--continuum=
vietnamese	parameter	--continuum=
vietnamese	parameter	--continuum=
vietnamese	parameter	--continuum=
vietnamese	parameter	--continuum=
vietnamese	parameter	--continuum=
vietnamese	parameter	--continuum=
vietnamese	parameter	--continuum=
vietnamese	parameter	--continuum=
vietnamese	parameter	--continuum=
vietnamese	parameter	--multiverse=
vietnamese	parameter	--multiverse=
vietnamese	parameter	--multiverse=
vietnamese	parameter	--multiverse=
vietnamese	parameter	--multiverse=
vietnamese	parameter	--multiverse=
vietnamese	parameter	--continuum=
vietnamese	parameter	--continuum=
vietnamese	parameter	--continuum=
vietnamese	parameter	--multiverse=
vietnamese	parameter	--multiverse=
vietnamese	parameter	--multiverse=
vietnamese	parameter	--continuum=
vietnamese	parameter	--continuum=
vietnamese	parameter	--continuum=
vietnamese	parameter	--continuum=
vietnamese	parameter	--continuum=
vietnamese	parameter	--continuum=
vietnamese	parameter	--continuum=
vietnamese	parameter	--continuum=
vietnamese	parameter	--continuum=
vietnamese	parameter	--continuum=
vietnamese	parameter	--continuum=
vietnamese	parameter	--continuum=
vietnamese	parameter	--continuum=
vietnamese	parameter	--continuum=
vietnamese	parameter	--continuum=
vietnamese	parameter	--continuum=
vietnamese	parameter	--continuum=
vietnamese	parameter	--continuum=
vietnamese	parameter	--continuum=
vietnamese	parameter	--continuum=
vietnamese	parameter	--continuum=
vietnamese	parameter	--human=
vietnamese	parameter	--human=
vietnamese	parameter	--human=
vietnamese	parameter	--human=
vietnamese	parameter	--human=
vietnamese	parameter	--human=
vietnamese	parameter	--human=
vietnamese	parameter	--human=
vietnamese	parameter	--human=
vietnamese	parameter	--human=
vietnamese	parameter	--human=
vietnamese	parameter	--human=
vietnamese	parameter	--human=
vietnamese	parameter	--human=
vietnamese	parameter	--human=
vietnamese	parameter	--continuum=
vietnamese	parameter	--continuum=
vietnamese	parameter	--continuum=
vietnamese	parameter	--all=
vietnamese	parameter	--=
vietnamese	parameter	--width=
vietnamese	parameter	--widths=
vietnamese	parameter	--nonumbering
vietnamese	parameter	--*=
vietnamese	parameter	-lines
vietnamese	parameter	-columns
vietnamese	parameter	-combination
vietnamese	parameter	-output
vietnamese	parameter	-debug
vietnamese	parameter	-h
vietnamese	parameter	-help
vietnamese	command	help
vietnamese	command	intent
vietnamese	command	shortcuts
vietnamese	command	commands
vietnamese	command	size
vietnamese	command	thomas
vietnamese	command	universe
vietnamese	command	consciousness
vietnamese	command	emotions
vietnamese	command	impulses
vietnamese	command	mind
vietnamese	command	reta
vietnamese	command	exit
vietnamese	command	logging_no
vietnamese	command	logging_yes
vietnamese	command	quit
vietnamese	command	:q
vietnamese	command	CommandClearSaves
vietnamese	command	CommandSaveAfter
vietnamese	command	CommandSaveBefore
vietnamese	command	CommandSaveOutput
vietnamese	command	HELP
vietnamese	command	abc
vietnamese	command	abcd
vietnamese	command	all
vietnamese	command	circles
vietnamese	command	clear
vietnamese	command	complex
vietnamese	command	direction
vietnamese	command	distance
vietnamese	command	distancePrime
vietnamese	command	divider
vietnamese	command	drive
vietnamese	command	ee
vietnamese	command	end
vietnamese	command	equality
vietnamese	command	freedom
vietnamese	command	intentions
vietnamese	command	invert
vietnamese	command	math
vietnamese	command	modulo
vietnamese	command	moon
vietnamese	command	motifs
vietnamese	command	motive
vietnamese	command	mulpri
vietnamese	command	multiple
vietnamese	command	multis
vietnamese	command	multis3
vietnamese	command	network
vietnamese	command	noOneCharacterLinePlusNoOutputWhichCommandItWas
vietnamese	command	primaryfactorcomparison
vietnamese	command	prime
vietnamese	command	prime24
vietnamese	command	primecross
vietnamese	command	primefactorization
vietnamese	command	primefactorizationModulo24
vietnamese	command	python
vietnamese	command	range
vietnamese	command	shell
vietnamese	command	single
vietnamese	command	spheres
vietnamese	command	truthRealities
vietnamese	command	C
vietnamese	command	D
vietnamese	command	E
vietnamese	command	I
vietnamese	command	M
vietnamese	command	R
vietnamese	command	S
vietnamese	command	T
vietnamese	command	c
vietnamese	command	d
vietnamese	command	e
vietnamese	command	h
vietnamese	command	i
vietnamese	command	m
vietnamese	command	o
vietnamese	command	p
vietnamese	command	q
vietnamese	command	r
vietnamese	command	s
vietnamese	command	t
vietnamese	command	u
vietnamese	command	15_1
vietnamese	command	15_10
vietnamese	command	15_10_4
vietnamese	command	15_10_4_18_6
vietnamese	command	15_11
vietnamese	command	15_12
vietnamese	command	15_13
vietnamese	command	15_13_10
vietnamese	command	15_13_13
vietnamese	command	15_13_16
vietnamese	command	15_13_17
vietnamese	command	15_13_1pro6
vietnamese	command	15_13_1pro8
vietnamese	command	15_13_4
vietnamese	command	15_13_6
vietnamese	command	15_13_7
vietnamese	command	15_14
vietnamese	command	15_14_6
vietnamese	command	15_15
vietnamese	command	15_16
vietnamese	command	15_17
vietnamese	command	15_17_6
vietnamese	command	15_17_6_10with4
vietnamese	command	15_18
vietnamese	command	15_18_10
vietnamese	command	15_18_15
vietnamese	command	15_18_15_n-vs-1pron
vietnamese	command	15_18_17
vietnamese	command	15_18_6
vietnamese	command	15_18_7
vietnamese	command	15_19
vietnamese	command	15_1pro12
vietnamese	command	15_1pro13
vietnamese	command	15_1pro15
vietnamese	command	15_1pro19
vietnamese	command	15_1pro3
vietnamese	command	15_1pro30
vietnamese	command	15_1pro5
vietnamese	command	15_1pro6
vietnamese	command	15_1pro8
vietnamese	command	15_2
vietnamese	command	15_20
vietnamese	command	15_21
vietnamese	command	15_24
vietnamese	command	15_26
vietnamese	command	15_28
vietnamese	command	15_3
vietnamese	command	15_30
vietnamese	command	15_31
vietnamese	command	15_32
vietnamese	command	15_36
vietnamese	command	15_37
vietnamese	command	15_39
vietnamese	command	15_4
vietnamese	command	15_5
vietnamese	command	15_51
vietnamese	command	15_5_10
vietnamese	command	15_6
vietnamese	command	15_7
vietnamese	command	15_7with6
vietnamese	command	15_8
vietnamese	command	15_9
vietnamese	command	15_90
vietnamese	command	15_9_6
vietnamese	command	15_against5
vietnamese	command	16_1
vietnamese	command	16_10
vietnamese	command	16_15
vietnamese	command	16_15_1
vietnamese	command	16_15_10
vietnamese	command	16_15_10_4
vietnamese	command	16_15_10_4_18_6
vietnamese	command	16_15_11
vietnamese	command	16_15_12
vietnamese	command	16_15_13
vietnamese	command	16_15_13_10
vietnamese	command	16_15_13_13
vietnamese	command	16_15_13_16
vietnamese	command	16_15_13_17
vietnamese	command	16_15_13_1pro6
vietnamese	command	16_15_13_1pro8
vietnamese	command	16_15_13_4
vietnamese	command	16_15_13_6
vietnamese	command	16_15_13_7
vietnamese	command	16_15_14
vietnamese	command	16_15_14_6
vietnamese	command	16_15_16
vietnamese	command	16_15_17
vietnamese	command	16_15_17_6
vietnamese	command	16_15_17_6_10with4
vietnamese	command	16_15_18
vietnamese	command	16_15_18_10
vietnamese	command	16_15_18_15
vietnamese	command	16_15_18_15_n-vs-1pron
vietnamese	command	16_15_18_17
vietnamese	command	16_15_18_6
vietnamese	command	16_15_18_7
vietnamese	command	16_15_19
vietnamese	command	16_15_1pro12
vietnamese	command	16_15_1pro13
vietnamese	command	16_15_1pro15
vietnamese	command	16_15_1pro19
vietnamese	command	16_15_1pro3
vietnamese	command	16_15_1pro30
vietnamese	command	16_15_1pro5
vietnamese	command	16_15_1pro6
vietnamese	command	16_15_1pro8
vietnamese	command	16_15_2
vietnamese	command	16_15_20
vietnamese	command	16_15_21
vietnamese	command	16_15_24
vietnamese	command	16_15_26
vietnamese	command	16_15_28
vietnamese	command	16_15_3
vietnamese	command	16_15_30
vietnamese	command	16_15_31
vietnamese	command	16_15_32
vietnamese	command	16_15_36
vietnamese	command	16_15_37
vietnamese	command	16_15_39
vietnamese	command	16_15_4
vietnamese	command	16_15_5
vietnamese	command	16_15_51
vietnamese	command	16_15_5_10
vietnamese	command	16_15_6
vietnamese	command	16_15_7
vietnamese	command	16_15_7with6
vietnamese	command	16_15_8
vietnamese	command	16_15_9
vietnamese	command	16_15_90
vietnamese	command	16_15_9_6
vietnamese	command	16_15_against5
vietnamese	command	16_16
vietnamese	command	16_2
vietnamese	command	16_20
vietnamese	command	16_3
vietnamese	command	16_5
vietnamese	command	16_6
vietnamese	command	PROPNIAddiction
vietnamese	command	PROPNIless
vietnamese	command	PROPNX-ray
vietnamese	command	PROPNaffection
vietnamese	command	PROPNaffection_dislike
vietnamese	command	PROPNaffectionate
vietnamese	command	PROPNaltruism
vietnamese	command	PROPNaltruist
vietnamese	command	PROPNarrogance
vietnamese	command	PROPNarrogant
vietnamese	command	PROPNass
vietnamese	command	PROPNasshole
vietnamese	command	PROPNauthoritarian
vietnamese	command	PROPNaverse
vietnamese	command	PROPNbad
vietnamese	command	PROPNcachetPrestigeValidity
vietnamese	command	PROPNcausal
vietnamese	command	PROPNconnect
vietnamese	command	PROPNcooperation
vietnamese	command	PROPNcooperation_vs_ass
vietnamese	command	PROPNcourteous
vietnamese	command	PROPNdenounce
vietnamese	command	PROPNdispute
vietnamese	command	PROPNegalitarian
vietnamese	command	PROPNegalitarianAuthoritarian
vietnamese	command	PROPNegalitarian_vs_authoritarian
vietnamese	command	PROPNego
vietnamese	command	PROPNegoism
vietnamese	command	PROPNegoism_vs_altruism
vietnamese	command	PROPNegoist
vietnamese	command	PROPNencourage
vietnamese	command	PROPNencourage_sensitize_and_grant
vietnamese	command	PROPNengage_trust_denounce
vietnamese	command	PROPNequal
vietnamese	command	PROPNequality
vietnamese	command	PROPNevil
vietnamese	command	PROPNfamilial
vietnamese	command	PROPNfamilyneeds
vietnamese	command	PROPNfriends
vietnamese	command	PROPNgenesis
vietnamese	command	PROPNgentle_vs_hard
vietnamese	command	PROPNget_your_right
vietnamese	command	PROPNgettingNear
vietnamese	command	PROPNgodly
vietnamese	command	PROPNgods_prophets_families_friends
vietnamese	command	PROPNgood
vietnamese	command	PROPNgood_evil_love_bad
vietnamese	command	PROPNhard
vietnamese	command	PROPNhonest
vietnamese	command	PROPNhonest_vs_polite
vietnamese	command	PROPNhonesty
vietnamese	command	PROPNhonesty_and_contention
vietnamese	command	PROPNhumble
vietnamese	command	PROPNidiot
vietnamese	command	PROPNilluminate
vietnamese	command	PROPNinclined
vietnamese	command	PROPNinferior
vietnamese	command	PROPNinferior_superior
vietnamese	command	PROPNinvent
vietnamese	command	PROPNkind
vietnamese	command	PROPNlatchOn
vietnamese	command	PROPNlaw
vietnamese	command	PROPNleadership
vietnamese	command	PROPNlimit
vietnamese	command	PROPNlove
vietnamese	command	PROPNlove_etc
vietnamese	command	PROPNmeaning
vietnamese	command	PROPNmeaning_and_purpose_of_life
vietnamese	command	PROPNmeta-wisdom
vietnamese	command	PROPNmetawisdom
vietnamese	command	PROPNmonotonous
vietnamese	command	PROPNmorality
vietnamese	command	PROPNopinionintelligence
vietnamese	command	PROPNopinions
vietnamese	command	PROPNopinions_and_reputation
vietnamese	command	PROPNoptimal
vietnamese	command	PROPNoptimum
vietnamese	command	PROPNoriginintelligence
vietnamese	command	PROPNotherpeople
vietnamese	command	PROPNoutnumber
vietnamese	command	PROPNpolarityOfLove
vietnamese	command	PROPNpolarity_of_love
vietnamese	command	PROPNpolite
vietnamese	command	PROPNpromote
vietnamese	command	PROPNprophets
vietnamese	command	PROPNpurpose
vietnamese	command	PROPNraiseawareness
vietnamese	command	PROPNreputation
vietnamese	command	PROPNresearch
vietnamese	command	PROPNresearch_invention_engagement
vietnamese	command	PROPNreserved
vietnamese	command	PROPNrights
vietnamese	command	PROPNscience
vietnamese	command	PROPNscope
vietnamese	command	PROPNselfishness
vietnamese	command	PROPNselfishness_wantingYourOwnI_etc
vietnamese	command	PROPNselfless
vietnamese	command	PROPNselflessness_Ilessness_etc
vietnamese	command	PROPNselfrighteous
vietnamese	command	PROPNsenseAndMeaning
vietnamese	command	PROPNsimilar
vietnamese	command	PROPNsoft
vietnamese	command	PROPNspace
vietnamese	command	PROPNspatially
vietnamese	command	PROPNspoil
vietnamese	command	PROPNsurvival
vietnamese	command	PROPNsurvive
vietnamese	command	PROPNthrive
vietnamese	command	PROPNtime
vietnamese	command	PROPNtime_vs_space
vietnamese	command	PROPNtrustMaintain
vietnamese	command	PROPNunite
vietnamese	command	PROPNuniteConnect
vietnamese	command	PROPNunite_vs_connect
vietnamese	command	PROPNunity
vietnamese	command	PROPNvaluable
vietnamese	command	PROPNvaried
vietnamese	command	PROPNvaried_monotonous
vietnamese	command	PROPNwisdom
vietnamese	command	PROPNwisdom_etc
vietnamese	command	PROPNwise
vietnamese	command	PROPNworthless
vietnamese	command	PROPRGoodnessegoism
vietnamese	command	PROPRacceptance
vietnamese	command	PROPRadversity
vietnamese	command	PROPRalign
vietnamese	command	PROPRalign_setup
vietnamese	command	PROPRdignified
vietnamese	command	PROPRepistemology
vietnamese	command	PROPRexception
vietnamese	command	PROPRfilterType
vietnamese	command	PROPRfilter_type_and_violation
vietnamese	command	PROPRgoodreciprocal
vietnamese	command	PROPRposition
vietnamese	command	PROPRreflect
vietnamese	command	PROPRreflect_recognize
vietnamese	command	PROPRrespect
vietnamese	command	PROPRrule
vietnamese	command	PROPRrule_vs_exception
vietnamese	command	PROPRtolerance
vietnamese	command	PROPRtolerance_respect_acceptance_welcome
vietnamese	command	PROPRtrust_want
vietnamese	command	PROPRvalues
vietnamese	command	PROPRwantToTrust
vietnamese	command	PROPRwelcome
vietnamese	command	PROPRworthy
vietnamese	allowed_fraction	2
vietnamese	allowed_fraction	3
vietnamese	allowed_fraction	4
vietnamese	allowed_fraction	5
vietnamese	allowed_fraction	6
vietnamese	allowed_fraction	7
vietnamese	allowed_fraction	8
vietnamese	allowed_fraction	9
vietnamese	allowed_fraction	10
vietnamese	allowed_fraction	11
vietnamese	allowed_fraction	12
vietnamese	allowed_fraction	13
vietnamese	allowed_fraction	14
vietnamese	allowed_fraction	15
vietnamese	allowed_fraction	16
vietnamese	allowed_fraction	17
vietnamese	allowed_fraction	18
vietnamese	allowed_fraction	19
vietnamese	allowed_fraction	20
vietnamese	allowed_fraction	21
vietnamese	allowed_fraction	22
vietnamese	short	C
vietnamese	short	D
vietnamese	short	E
vietnamese	short	I
vietnamese	short	M
vietnamese	short	R
vietnamese	short	S
vietnamese	short	T
vietnamese	short	c
vietnamese	short	d
vietnamese	short	e
vietnamese	short	h
vietnamese	short	i
vietnamese	short	m
vietnamese	short	o
vietnamese	short	p
vietnamese	short	q
vietnamese	short	r
vietnamese	short	s
vietnamese	short	t
vietnamese	short	u
chinese	parameter	--nocolor
chinese	parameter	--justtext
chinese	parameter	--type=
chinese	parameter	--onetable
chinese	parameter	--columnorderandonlythese=
chinese	parameter	--endlessscreen
chinese	parameter	--endless
chinese	parameter	--dontwrap
chinese	parameter	--width=
chinese	parameter	--widths=
chinese	parameter	--noblankcontents
chinese	parameter	--nonumbering
chinese	parameter	--noheadings
chinese	parameter	--*=
chinese	parameter	--time=
chinese	parameter	--ranges=
chinese	parameter	--thisrangebefore=
chinese	parameter	--thisrangebeforedividers
chinese	parameter	--primemultiples=
chinese	parameter	--retrospectiverecount=
chinese	parameter	--retrospectiverecountmultiples=
chinese	parameter	--all
chinese	parameter	--potenciesofnumbers=
chinese	parameter	--type=
chinese	parameter	--multiplesofnumbers=
chinese	parameter	--uppermaximum=
chinese	parameter	--primenumbers=
chinese	parameter	--invert
chinese	parameter	--*=
chinese	parameter	--galaxy=
chinese	parameter	--universe=
chinese	parameter	--*=
chinese	parameter	--most_important_to_understand=
chinese	parameter	--mostimportanttounderstand=
chinese	parameter	--human=
chinese	parameter	--human=
chinese	parameter	--human=
chinese	parameter	--human=
chinese	parameter	--human=
chinese	parameter	--Herrschaft=
chinese	parameter	--Herrschaft=
chinese	parameter	--Herrschaft=
chinese	parameter	--macht=
chinese	parameter	--macht=
chinese	parameter	--macht=
chinese	parameter	--Herrschaft=
chinese	parameter	--Herrschaft=
chinese	parameter	--Herrschaft=
chinese	parameter	--Herrschaft=
chinese	parameter	--Herrschaft=
chinese	parameter	--macht=
chinese	parameter	--macht=
chinese	parameter	--macht=
chinese	parameter	--macht=
chinese	parameter	--macht=
chinese	parameter	--Herrschaft=
chinese	parameter	--Herrschaft=
chinese	parameter	--Herrschaft=
chinese	parameter	--Herrschaft=
chinese	parameter	--macht=
chinese	parameter	--macht=
chinese	parameter	--macht=
chinese	parameter	--macht=
chinese	parameter	--Herrschaft=
chinese	parameter	--Herrschaft=
chinese	parameter	--macht=
chinese	parameter	--macht=
chinese	parameter	--MetaMetaPhysik_und_MetaChemie=
chinese	parameter	--Herrschaft=
chinese	parameter	--Herrschaft=
chinese	parameter	--macht=
chinese	parameter	--macht=
chinese	parameter	--Herrschaft=
chinese	parameter	--Herrschaft=
chinese	parameter	--macht=
chinese	parameter	--macht=
chinese	parameter	--Herrschaft=
chinese	parameter	--Herrschaft=
chinese	parameter	--macht=
chinese	parameter	--macht=
chinese	parameter	--universe=
chinese	parameter	--universe=
chinese	parameter	--transcendentals=
chinese	parameter	--transcendentals=
chinese	parameter	--structurals=
chinese	parameter	--structurals=
chinese	parameter	--sphere=
chinese	parameter	--sphere=
chinese	parameter	--spheres=
chinese	parameter	--spheres=
chinese	parameter	--ball=
chinese	parameter	--ball=
chinese	parameter	--balls=
chinese	parameter	--balls=
chinese	parameter	--universe=
chinese	parameter	--universe=
chinese	parameter	--transcendentals=
chinese	parameter	--transcendentals=
chinese	parameter	--structurals=
chinese	parameter	--structurals=
chinese	parameter	--sphere=
chinese	parameter	--sphere=
chinese	parameter	--spheres=
chinese	parameter	--spheres=
chinese	parameter	--ball=
chinese	parameter	--ball=
chinese	parameter	--balls=
chinese	parameter	--balls=
chinese	parameter	--planet_(10_and_or_12)=
chinese	parameter	--planet_(10_and_or_12)=
chinese	parameter	--planet=
chinese	parameter	--planet=
chinese	parameter	--planet_(10_and_or_12)=
chinese	parameter	--planet_(10_and_or_12)=
chinese	parameter	--planet_(10_and_or_12)=
chinese	parameter	--planet=
chinese	parameter	--planet=
chinese	parameter	--planet=
chinese	parameter	--planet_(10_and_or_12)=
chinese	parameter	--planet_(10_and_or_12)=
chinese	parameter	--planet_(10_and_or_12)=
chinese	parameter	--planet=
chinese	parameter	--planet=
chinese	parameter	--planet=
chinese	parameter	--Herrschaft=
chinese	parameter	--Herrschaft=
chinese	parameter	--macht=
chinese	parameter	--macht=
chinese	parameter	--Herrschaft=
chinese	parameter	--Herrschaft=
chinese	parameter	--Herrschaft=
chinese	parameter	--macht=
chinese	parameter	--macht=
chinese	parameter	--macht=
chinese	parameter	--religions=
chinese	parameter	--religion=
chinese	parameter	--galaxy=
chinese	parameter	--ancientscripts=
chinese	parameter	--circle=
chinese	parameter	--galaxies=
chinese	parameter	--circles=
chinese	parameter	--universe=
chinese	parameter	--universe=
chinese	parameter	--transcendentals=
chinese	parameter	--transcendentals=
chinese	parameter	--structurals=
chinese	parameter	--structurals=
chinese	parameter	--sphere=
chinese	parameter	--sphere=
chinese	parameter	--spheres=
chinese	parameter	--spheres=
chinese	parameter	--ball=
chinese	parameter	--ball=
chinese	parameter	--balls=
chinese	parameter	--balls=
chinese	parameter	--universe=
chinese	parameter	--transcendentals=
chinese	parameter	--structurals=
chinese	parameter	--sphere=
chinese	parameter	--spheres=
chinese	parameter	--ball=
chinese	parameter	--balls=
chinese	parameter	--human=
chinese	parameter	--human=
chinese	parameter	--human=
chinese	parameter	--human=
chinese	parameter	--human=
chinese	parameter	--human=
chinese	parameter	--human=
chinese	parameter	--human=
chinese	parameter	--human=
chinese	parameter	--human=
chinese	parameter	--planet_(10_and_or_12)=
chinese	parameter	--planet_(10_and_or_12)=
chinese	parameter	--planet=
chinese	parameter	--planet=
chinese	parameter	--planet_(10_and_or_12)=
chinese	parameter	--planet_(10_and_or_12)=
chinese	parameter	--planet_(10_and_or_12)=
chinese	parameter	--planet=
chinese	parameter	--planet=
chinese	parameter	--planet=
chinese	parameter	--planet_(10_and_or_12)=
chinese	parameter	--planet=
chinese	parameter	--planet_(10_and_or_12)=
chinese	parameter	--planet_(10_and_or_12)=
chinese	parameter	--planet_(10_and_or_12)=
chinese	parameter	--planet=
chinese	parameter	--planet=
chinese	parameter	--planet=
chinese	parameter	--planet_(10_and_or_12)=
chinese	parameter	--planet=
chinese	parameter	--planet_(10_and_or_12)=
chinese	parameter	--planet_(10_and_or_12)=
chinese	parameter	--planet=
chinese	parameter	--planet=
chinese	parameter	--most_important_to_understand=
chinese	parameter	--mostimportanttounderstand=
chinese	parameter	--most_important_to_understand=
chinese	parameter	--mostimportanttounderstand=
chinese	parameter	--most_important_to_understand=
chinese	parameter	--most_important_to_understand=
chinese	parameter	--mostimportanttounderstand=
chinese	parameter	--mostimportanttounderstand=
chinese	parameter	--most_important_to_think_about=
chinese	parameter	--mostImportantToClassify=
chinese	parameter	--most_important_to_think_about=
chinese	parameter	--mostImportantToClassify=
chinese	parameter	--operations=
chinese	parameter	--religions=
chinese	parameter	--religions=
chinese	parameter	--religions=
chinese	parameter	--religions=
chinese	parameter	--religion=
chinese	parameter	--religion=
chinese	parameter	--religion=
chinese	parameter	--religion=
chinese	parameter	--religions=
chinese	parameter	--religion=
chinese	parameter	--human=
chinese	parameter	--religions=
chinese	parameter	--religions=
chinese	parameter	--religion=
chinese	parameter	--religion=
chinese	parameter	--religions=
chinese	parameter	--religions=
chinese	parameter	--religion=
chinese	parameter	--religion=
chinese	parameter	--religions=
chinese	parameter	--religions=
chinese	parameter	--religions=
chinese	parameter	--religion=
chinese	parameter	--religion=
chinese	parameter	--religion=
chinese	parameter	--religions=
chinese	parameter	--religions=
chinese	parameter	--religions=
chinese	parameter	--religions=
chinese	parameter	--religion=
chinese	parameter	--religion=
chinese	parameter	--religion=
chinese	parameter	--religion=
chinese	parameter	--religions=
chinese	parameter	--religions=
chinese	parameter	--religions=
chinese	parameter	--religions=
chinese	parameter	--religions=
chinese	parameter	--religion=
chinese	parameter	--religion=
chinese	parameter	--religion=
chinese	parameter	--religion=
chinese	parameter	--religion=
chinese	parameter	--religions=
chinese	parameter	--religions=
chinese	parameter	--religions=
chinese	parameter	--religions=
chinese	parameter	--religion=
chinese	parameter	--religion=
chinese	parameter	--religion=
chinese	parameter	--religion=
chinese	parameter	--religions=
chinese	parameter	--religions=
chinese	parameter	--religions=
chinese	parameter	--religions=
chinese	parameter	--religions=
chinese	parameter	--religions=
chinese	parameter	--religions=
chinese	parameter	--religions=
chinese	parameter	--religions=
chinese	parameter	--religions=
chinese	parameter	--religions=
chinese	parameter	--religions=
chinese	parameter	--religion=
chinese	parameter	--religion=
chinese	parameter	--religion=
chinese	parameter	--religion=
chinese	parameter	--religion=
chinese	parameter	--religion=
chinese	parameter	--religion=
chinese	parameter	--religion=
chinese	parameter	--religion=
chinese	parameter	--religion=
chinese	parameter	--religion=
chinese	parameter	--religion=
chinese	parameter	--galaxy=
chinese	parameter	--ancientscripts=
chinese	parameter	--circle=
chinese	parameter	--galaxies=
chinese	parameter	--circles=
chinese	parameter	--galaxy=
chinese	parameter	--galaxy=
chinese	parameter	--galaxy=
chinese	parameter	--galaxy=
chinese	parameter	--galaxy=
chinese	parameter	--ancientscripts=
chinese	parameter	--ancientscripts=
chinese	parameter	--ancientscripts=
chinese	parameter	--ancientscripts=
chinese	parameter	--ancientscripts=
chinese	parameter	--circle=
chinese	parameter	--circle=
chinese	parameter	--circle=
chinese	parameter	--circle=
chinese	parameter	--circle=
chinese	parameter	--galaxies=
chinese	parameter	--galaxies=
chinese	parameter	--galaxies=
chinese	parameter	--galaxies=
chinese	parameter	--galaxies=
chinese	parameter	--circles=
chinese	parameter	--circles=
chinese	parameter	--circles=
chinese	parameter	--circles=
chinese	parameter	--circles=
chinese	parameter	--increment=
chinese	parameter	--increment=
chinese	parameter	--increment=
chinese	parameter	--galaxy=
chinese	parameter	--galaxy=
chinese	parameter	--ancientscripts=
chinese	parameter	--ancientscripts=
chinese	parameter	--circle=
chinese	parameter	--circle=
chinese	parameter	--galaxies=
chinese	parameter	--galaxies=
chinese	parameter	--circles=
chinese	parameter	--circles=
chinese	parameter	--multiverse=
chinese	parameter	--multiverse=
chinese	parameter	--multiverse=
chinese	parameter	--multiverse=
chinese	parameter	--multiverse=
chinese	parameter	--multiverse=
chinese	parameter	--MetaMetaPhysik_und_MetaChemie=
chinese	parameter	--MetaMetaPhysik_und_MetaChemie=
chinese	parameter	--MetaMetaPhysik_und_MetaChemie=
chinese	parameter	--multiverse=
chinese	parameter	--multiverse=
chinese	parameter	--multiverse=
chinese	parameter	--multiverse=
chinese	parameter	--basic_structures=
chinese	parameter	--universe=
chinese	parameter	--universe=
chinese	parameter	--transcendentals=
chinese	parameter	--transcendentals=
chinese	parameter	--structurals=
chinese	parameter	--structurals=
chinese	parameter	--sphere=
chinese	parameter	--sphere=
chinese	parameter	--spheres=
chinese	parameter	--spheres=
chinese	parameter	--ball=
chinese	parameter	--ball=
chinese	parameter	--balls=
chinese	parameter	--balls=
chinese	parameter	--universe=
chinese	parameter	--transcendentals=
chinese	parameter	--structurals=
chinese	parameter	--sphere=
chinese	parameter	--spheres=
chinese	parameter	--ball=
chinese	parameter	--balls=
chinese	parameter	--universe=
chinese	parameter	--transcendentals=
chinese	parameter	--structurals=
chinese	parameter	--sphere=
chinese	parameter	--spheres=
chinese	parameter	--ball=
chinese	parameter	--balls=
chinese	parameter	--universe=
chinese	parameter	--universe=
chinese	parameter	--universe=
chinese	parameter	--transcendentals=
chinese	parameter	--transcendentals=
chinese	parameter	--transcendentals=
chinese	parameter	--structurals=
chinese	parameter	--structurals=
chinese	parameter	--structurals=
chinese	parameter	--sphere=
chinese	parameter	--sphere=
chinese	parameter	--sphere=
chinese	parameter	--spheres=
chinese	parameter	--spheres=
chinese	parameter	--spheres=
chinese	parameter	--ball=
chinese	parameter	--ball=
chinese	parameter	--ball=
chinese	parameter	--balls=
chinese	parameter	--balls=
chinese	parameter	--balls=
chinese	parameter	--human=
chinese	parameter	--human=
chinese	parameter	--human=
chinese	parameter	--human=
chinese	parameter	--basic_structures=
chinese	parameter	--human=
chinese	parameter	--human=
chinese	parameter	--human=
chinese	parameter	--basic_structures=
chinese	parameter	--basic_structures=
chinese	parameter	--human=
chinese	parameter	--basic_structures=
chinese	parameter	--universe=
chinese	parameter	--transcendentals=
chinese	parameter	--structurals=
chinese	parameter	--sphere=
chinese	parameter	--spheres=
chinese	parameter	--ball=
chinese	parameter	--balls=
chinese	parameter	--universe=
chinese	parameter	--universe=
chinese	parameter	--universe=
chinese	parameter	--transcendentals=
chinese	parameter	--transcendentals=
chinese	parameter	--transcendentals=
chinese	parameter	--structurals=
chinese	parameter	--structurals=
chinese	parameter	--structurals=
chinese	parameter	--sphere=
chinese	parameter	--sphere=
chinese	parameter	--sphere=
chinese	parameter	--spheres=
chinese	parameter	--spheres=
chinese	parameter	--spheres=
chinese	parameter	--ball=
chinese	parameter	--ball=
chinese	parameter	--ball=
chinese	parameter	--balls=
chinese	parameter	--balls=
chinese	parameter	--balls=
chinese	parameter	--universe=
chinese	parameter	--universe=
chinese	parameter	--universe=
chinese	parameter	--transcendentals=
chinese	parameter	--transcendentals=
chinese	parameter	--transcendentals=
chinese	parameter	--structurals=
chinese	parameter	--structurals=
chinese	parameter	--structurals=
chinese	parameter	--sphere=
chinese	parameter	--sphere=
chinese	parameter	--sphere=
chinese	parameter	--spheres=
chinese	parameter	--spheres=
chinese	parameter	--spheres=
chinese	parameter	--ball=
chinese	parameter	--ball=
chinese	parameter	--ball=
chinese	parameter	--balls=
chinese	parameter	--balls=
chinese	parameter	--balls=
chinese	parameter	--universe=
chinese	parameter	--universe=
chinese	parameter	--universe=
chinese	parameter	--transcendentals=
chinese	parameter	--transcendentals=
chinese	parameter	--transcendentals=
chinese	parameter	--structurals=
chinese	parameter	--structurals=
chinese	parameter	--structurals=
chinese	parameter	--sphere=
chinese	parameter	--sphere=
chinese	parameter	--sphere=
chinese	parameter	--spheres=
chinese	parameter	--spheres=
chinese	parameter	--spheres=
chinese	parameter	--ball=
chinese	parameter	--ball=
chinese	parameter	--ball=
chinese	parameter	--balls=
chinese	parameter	--balls=
chinese	parameter	--balls=
chinese	parameter	--universe=
chinese	parameter	--universe=
chinese	parameter	--transcendentals=
chinese	parameter	--transcendentals=
chinese	parameter	--structurals=
chinese	parameter	--structurals=
chinese	parameter	--sphere=
chinese	parameter	--sphere=
chinese	parameter	--spheres=
chinese	parameter	--spheres=
chinese	parameter	--ball=
chinese	parameter	--ball=
chinese	parameter	--balls=
chinese	parameter	--balls=
chinese	parameter	--universe=
chinese	parameter	--universe=
chinese	parameter	--transcendentals=
chinese	parameter	--transcendentals=
chinese	parameter	--structurals=
chinese	parameter	--structurals=
chinese	parameter	--sphere=
chinese	parameter	--sphere=
chinese	parameter	--spheres=
chinese	parameter	--spheres=
chinese	parameter	--ball=
chinese	parameter	--ball=
chinese	parameter	--balls=
chinese	parameter	--balls=
chinese	parameter	--universe=
chinese	parameter	--universe=
chinese	parameter	--transcendentals=
chinese	parameter	--transcendentals=
chinese	parameter	--structurals=
chinese	parameter	--structurals=
chinese	parameter	--sphere=
chinese	parameter	--sphere=
chinese	parameter	--spheres=
chinese	parameter	--spheres=
chinese	parameter	--ball=
chinese	parameter	--ball=
chinese	parameter	--balls=
chinese	parameter	--balls=
chinese	parameter	--universe=
chinese	parameter	--universe=
chinese	parameter	--transcendentals=
chinese	parameter	--transcendentals=
chinese	parameter	--structurals=
chinese	parameter	--structurals=
chinese	parameter	--sphere=
chinese	parameter	--sphere=
chinese	parameter	--spheres=
chinese	parameter	--spheres=
chinese	parameter	--ball=
chinese	parameter	--ball=
chinese	parameter	--balls=
chinese	parameter	--balls=
chinese	parameter	--universe=
chinese	parameter	--transcendentals=
chinese	parameter	--structurals=
chinese	parameter	--sphere=
chinese	parameter	--spheres=
chinese	parameter	--ball=
chinese	parameter	--balls=
chinese	parameter	--particle-meta-physics=
chinese	parameter	--particles=
chinese	parameter	--particle-meta-physics=
chinese	parameter	--particle-meta-physics=
chinese	parameter	--particles=
chinese	parameter	--particles=
chinese	parameter	--particle-meta-physics=
chinese	parameter	--particles=
chinese	parameter	--particle-meta-physics=
chinese	parameter	--particles=
chinese	parameter	--particle-meta-physics=
chinese	parameter	--particles=
chinese	parameter	--particle-meta-physics=
chinese	parameter	--particles=
chinese	parameter	--particle-meta-physics=
chinese	parameter	--particles=
chinese	parameter	--particle-meta-physics=
chinese	parameter	--particles=
chinese	parameter	--universe=
chinese	parameter	--universe=
chinese	parameter	--transcendentals=
chinese	parameter	--transcendentals=
chinese	parameter	--structurals=
chinese	parameter	--structurals=
chinese	parameter	--sphere=
chinese	parameter	--sphere=
chinese	parameter	--spheres=
chinese	parameter	--spheres=
chinese	parameter	--ball=
chinese	parameter	--ball=
chinese	parameter	--balls=
chinese	parameter	--balls=
chinese	parameter	--universe=
chinese	parameter	--universe=
chinese	parameter	--universe=
chinese	parameter	--universe=
chinese	parameter	--transcendentals=
chinese	parameter	--transcendentals=
chinese	parameter	--transcendentals=
chinese	parameter	--transcendentals=
chinese	parameter	--structurals=
chinese	parameter	--structurals=
chinese	parameter	--structurals=
chinese	parameter	--structurals=
chinese	parameter	--sphere=
chinese	parameter	--sphere=
chinese	parameter	--sphere=
chinese	parameter	--sphere=
chinese	parameter	--spheres=
chinese	parameter	--spheres=
chinese	parameter	--spheres=
chinese	parameter	--spheres=
chinese	parameter	--ball=
chinese	parameter	--ball=
chinese	parameter	--ball=
chinese	parameter	--ball=
chinese	parameter	--balls=
chinese	parameter	--balls=
chinese	parameter	--balls=
chinese	parameter	--balls=
chinese	parameter	--multiverse=
chinese	parameter	--multiverse=
chinese	parameter	--multiverse=
chinese	parameter	--multiverse=
chinese	parameter	--multiverse=
chinese	parameter	--galaxy=
chinese	parameter	--galaxy=
chinese	parameter	--galaxy=
chinese	parameter	--galaxy=
chinese	parameter	--ancientscripts=
chinese	parameter	--ancientscripts=
chinese	parameter	--ancientscripts=
chinese	parameter	--ancientscripts=
chinese	parameter	--circle=
chinese	parameter	--circle=
chinese	parameter	--circle=
chinese	parameter	--circle=
chinese	parameter	--galaxies=
chinese	parameter	--galaxies=
chinese	parameter	--galaxies=
chinese	parameter	--galaxies=
chinese	parameter	--circles=
chinese	parameter	--circles=
chinese	parameter	--circles=
chinese	parameter	--circles=
chinese	parameter	--galaxy=
chinese	parameter	--galaxy=
chinese	parameter	--galaxy=
chinese	parameter	--ancientscripts=
chinese	parameter	--ancientscripts=
chinese	parameter	--ancientscripts=
chinese	parameter	--circle=
chinese	parameter	--circle=
chinese	parameter	--circle=
chinese	parameter	--galaxies=
chinese	parameter	--galaxies=
chinese	parameter	--galaxies=
chinese	parameter	--circles=
chinese	parameter	--circles=
chinese	parameter	--circles=
chinese	parameter	--galaxy=
chinese	parameter	--galaxy=
chinese	parameter	--galaxy=
chinese	parameter	--ancientscripts=
chinese	parameter	--ancientscripts=
chinese	parameter	--ancientscripts=
chinese	parameter	--circle=
chinese	parameter	--circle=
chinese	parameter	--circle=
chinese	parameter	--galaxies=
chinese	parameter	--galaxies=
chinese	parameter	--galaxies=
chinese	parameter	--circles=
chinese	parameter	--circles=
chinese	parameter	--circles=
chinese	parameter	--galaxy=
chinese	parameter	--galaxy=
chinese	parameter	--galaxy=
chinese	parameter	--ancientscripts=
chinese	parameter	--ancientscripts=
chinese	parameter	--ancientscripts=
chinese	parameter	--circle=
chinese	parameter	--circle=
chinese	parameter	--circle=
chinese	parameter	--galaxies=
chinese	parameter	--galaxies=
chinese	parameter	--galaxies=
chinese	parameter	--circles=
chinese	parameter	--circles=
chinese	parameter	--circles=
chinese	parameter	--basic_structures=
chinese	parameter	--basic_structures=
chinese	parameter	--basic_structures=
chinese	parameter	--basic_structures=
chinese	parameter	--basic_structures=
chinese	parameter	--basic_structures=
chinese	parameter	--basic_structures=
chinese	parameter	--basic_structures=
chinese	parameter	--galaxy=
chinese	parameter	--galaxy=
chinese	parameter	--galaxy=
chinese	parameter	--ancientscripts=
chinese	parameter	--ancientscripts=
chinese	parameter	--ancientscripts=
chinese	parameter	--circle=
chinese	parameter	--circle=
chinese	parameter	--circle=
chinese	parameter	--galaxies=
chinese	parameter	--galaxies=
chinese	parameter	--galaxies=
chinese	parameter	--circles=
chinese	parameter	--circles=
chinese	parameter	--circles=
chinese	parameter	--galaxy=
chinese	parameter	--galaxy=
chinese	parameter	--galaxy=
chinese	parameter	--galaxy=
chinese	parameter	--galaxy=
chinese	parameter	--galaxy=
chinese	parameter	--galaxy=
chinese	parameter	--ancientscripts=
chinese	parameter	--ancientscripts=
chinese	parameter	--ancientscripts=
chinese	parameter	--ancientscripts=
chinese	parameter	--ancientscripts=
chinese	parameter	--ancientscripts=
chinese	parameter	--ancientscripts=
chinese	parameter	--circle=
chinese	parameter	--circle=
chinese	parameter	--circle=
chinese	parameter	--circle=
chinese	parameter	--circle=
chinese	parameter	--circle=
chinese	parameter	--circle=
chinese	parameter	--galaxies=
chinese	parameter	--galaxies=
chinese	parameter	--galaxies=
chinese	parameter	--galaxies=
chinese	parameter	--galaxies=
chinese	parameter	--galaxies=
chinese	parameter	--galaxies=
chinese	parameter	--circles=
chinese	parameter	--circles=
chinese	parameter	--circles=
chinese	parameter	--circles=
chinese	parameter	--circles=
chinese	parameter	--circles=
chinese	parameter	--circles=
chinese	parameter	--galaxy=
chinese	parameter	--ancientscripts=
chinese	parameter	--circle=
chinese	parameter	--galaxies=
chinese	parameter	--circles=
chinese	parameter	--operations=
chinese	parameter	--operations=
chinese	parameter	--operations=
chinese	parameter	--operations=
chinese	parameter	--operations=
chinese	parameter	--operations=
chinese	parameter	--operations=
chinese	parameter	--operations=
chinese	parameter	--operations=
chinese	parameter	--operations=
chinese	parameter	--scale=
chinese	parameter	--structuresize=
chinese	parameter	--size=
chinese	parameter	--level=
chinese	parameter	--organizations=
chinese	parameter	--basic_structures=
chinese	parameter	--basic_structures=
chinese	parameter	--basic_structures=
chinese	parameter	--basic_structures=
chinese	parameter	--scale=
chinese	parameter	--scale=
chinese	parameter	--scale=
chinese	parameter	--scale=
chinese	parameter	--structuresize=
chinese	parameter	--structuresize=
chinese	parameter	--structuresize=
chinese	parameter	--structuresize=
chinese	parameter	--size=
chinese	parameter	--size=
chinese	parameter	--size=
chinese	parameter	--size=
chinese	parameter	--level=
chinese	parameter	--level=
chinese	parameter	--level=
chinese	parameter	--level=
chinese	parameter	--organizations=
chinese	parameter	--organizations=
chinese	parameter	--organizations=
chinese	parameter	--organizations=
chinese	parameter	--scale=
chinese	parameter	--scale=
chinese	parameter	--structuresize=
chinese	parameter	--structuresize=
chinese	parameter	--size=
chinese	parameter	--size=
chinese	parameter	--level=
chinese	parameter	--level=
chinese	parameter	--organizations=
chinese	parameter	--organizations=
chinese	parameter	--scale=
chinese	parameter	--scale=
chinese	parameter	--scale=
chinese	parameter	--structuresize=
chinese	parameter	--structuresize=
chinese	parameter	--structuresize=
chinese	parameter	--size=
chinese	parameter	--size=
chinese	parameter	--size=
chinese	parameter	--level=
chinese	parameter	--level=
chinese	parameter	--level=
chinese	parameter	--organizations=
chinese	parameter	--organizations=
chinese	parameter	--organizations=
chinese	parameter	--meta_vs_concrete_(universe)=
chinese	parameter	--universeMetaConcrete=
chinese	parameter	--meta_vs_concrete_(universe)=
chinese	parameter	--universeMetaConcrete=
chinese	parameter	--meta_vs_concrete_(universe)=
chinese	parameter	--universeMetaConcrete=
chinese	parameter	--meta_vs_concrete_(universe)=
chinese	parameter	--universeMetaConcrete=
chinese	parameter	--meta_vs_concrete_(universe)=
chinese	parameter	--meta_vs_concrete_(universe)=
chinese	parameter	--universeMetaConcrete=
chinese	parameter	--universeMetaConcrete=
chinese	parameter	--meta_vs_concrete_(universe)=
chinese	parameter	--meta_vs_concrete_(universe)=
chinese	parameter	--universeMetaConcrete=
chinese	parameter	--universeMetaConcrete=
chinese	parameter	--meta_vs_concrete_(universe)=
chinese	parameter	--meta_vs_concrete_(universe)=
chinese	parameter	--universeMetaConcrete=
chinese	parameter	--universeMetaConcrete=
chinese	parameter	--meta_vs_concrete_(universe)=
chinese	parameter	--meta_vs_concrete_(universe)=
chinese	parameter	--meta_vs_concrete_(universe)=
chinese	parameter	--universeMetaConcrete=
chinese	parameter	--universeMetaConcrete=
chinese	parameter	--universeMetaConcrete=
chinese	parameter	--prime_effect=
chinese	parameter	--prime_effect=
chinese	parameter	--prime_effect=
chinese	parameter	--prime_effect=
chinese	parameter	--prime_effect=
chinese	parameter	--prime_effect=
chinese	parameter	--primeeffect=
chinese	parameter	--primeeffect=
chinese	parameter	--primeeffect=
chinese	parameter	--primeeffect=
chinese	parameter	--primeeffect=
chinese	parameter	--primeeffect=
chinese	parameter	--prime_effect=
chinese	parameter	--prime_effect=
chinese	parameter	--primeeffect=
chinese	parameter	--primeeffect=
chinese	parameter	--prime_effect=
chinese	parameter	--prime_effect=
chinese	parameter	--prime_effect=
chinese	parameter	--prime_effect=
chinese	parameter	--prime_effect=
chinese	parameter	--prime_effect=
chinese	parameter	--prime_effect=
chinese	parameter	--primeeffect=
chinese	parameter	--primeeffect=
chinese	parameter	--primeeffect=
chinese	parameter	--primeeffect=
chinese	parameter	--primeeffect=
chinese	parameter	--primeeffect=
chinese	parameter	--primeeffect=
chinese	parameter	--prime_effect=
chinese	parameter	--prime_effect=
chinese	parameter	--prime_effect=
chinese	parameter	--prime_effect=
chinese	parameter	--prime_effect=
chinese	parameter	--prime_effect=
chinese	parameter	--primeeffect=
chinese	parameter	--primeeffect=
chinese	parameter	--primeeffect=
chinese	parameter	--primeeffect=
chinese	parameter	--primeeffect=
chinese	parameter	--primeeffect=
chinese	parameter	--prime_effect=
chinese	parameter	--prime_effect=
chinese	parameter	--prime_effect=
chinese	parameter	--prime_effect=
chinese	parameter	--prime_effect=
chinese	parameter	--primeeffect=
chinese	parameter	--primeeffect=
chinese	parameter	--primeeffect=
chinese	parameter	--primeeffect=
chinese	parameter	--primeeffect=
chinese	parameter	--prime_effect=
chinese	parameter	--prime_effect=
chinese	parameter	--prime_effect=
chinese	parameter	--prime_effect=
chinese	parameter	--primeeffect=
chinese	parameter	--primeeffect=
chinese	parameter	--primeeffect=
chinese	parameter	--primeeffect=
chinese	parameter	--prime_effect=
chinese	parameter	--prime_effect=
chinese	parameter	--prime_effect=
chinese	parameter	--prime_effect=
chinese	parameter	--prime_effect=
chinese	parameter	--primeeffect=
chinese	parameter	--primeeffect=
chinese	parameter	--primeeffect=
chinese	parameter	--primeeffect=
chinese	parameter	--primeeffect=
chinese	parameter	--meta_vs_concrete_(universe)=
chinese	parameter	--meta_vs_concrete_(universe)=
chinese	parameter	--meta_vs_concrete_(universe)=
chinese	parameter	--universeMetaConcrete=
chinese	parameter	--universeMetaConcrete=
chinese	parameter	--universeMetaConcrete=
chinese	parameter	--meta_vs_concrete_(universe)=
chinese	parameter	--meta_vs_concrete_(universe)=
chinese	parameter	--universeMetaConcrete=
chinese	parameter	--universeMetaConcrete=
chinese	parameter	--meta_vs_concrete_(universe)=
chinese	parameter	--meta_vs_concrete_(universe)=
chinese	parameter	--universeMetaConcrete=
chinese	parameter	--universeMetaConcrete=
chinese	parameter	--meta_vs_concrete_(universe)=
chinese	parameter	--meta_vs_concrete_(universe)=
chinese	parameter	--universeMetaConcrete=
chinese	parameter	--universeMetaConcrete=
chinese	parameter	--universe=
chinese	parameter	--universe=
chinese	parameter	--universe=
chinese	parameter	--transcendentals=
chinese	parameter	--transcendentals=
chinese	parameter	--transcendentals=
chinese	parameter	--structurals=
chinese	parameter	--structurals=
chinese	parameter	--structurals=
chinese	parameter	--sphere=
chinese	parameter	--sphere=
chinese	parameter	--sphere=
chinese	parameter	--spheres=
chinese	parameter	--spheres=
chinese	parameter	--spheres=
chinese	parameter	--ball=
chinese	parameter	--ball=
chinese	parameter	--ball=
chinese	parameter	--balls=
chinese	parameter	--balls=
chinese	parameter	--balls=
chinese	parameter	--universe=
chinese	parameter	--universe=
chinese	parameter	--universe=
chinese	parameter	--universe=
chinese	parameter	--universe=
chinese	parameter	--transcendentals=
chinese	parameter	--transcendentals=
chinese	parameter	--transcendentals=
chinese	parameter	--transcendentals=
chinese	parameter	--transcendentals=
chinese	parameter	--structurals=
chinese	parameter	--structurals=
chinese	parameter	--structurals=
chinese	parameter	--structurals=
chinese	parameter	--structurals=
chinese	parameter	--sphere=
chinese	parameter	--sphere=
chinese	parameter	--sphere=
chinese	parameter	--sphere=
chinese	parameter	--sphere=
chinese	parameter	--spheres=
chinese	parameter	--spheres=
chinese	parameter	--spheres=
chinese	parameter	--spheres=
chinese	parameter	--spheres=
chinese	parameter	--ball=
chinese	parameter	--ball=
chinese	parameter	--ball=
chinese	parameter	--ball=
chinese	parameter	--ball=
chinese	parameter	--balls=
chinese	parameter	--balls=
chinese	parameter	--balls=
chinese	parameter	--balls=
chinese	parameter	--balls=
chinese	parameter	--universe=
chinese	parameter	--transcendentals=
chinese	parameter	--structurals=
chinese	parameter	--sphere=
chinese	parameter	--spheres=
chinese	parameter	--ball=
chinese	parameter	--balls=
chinese	parameter	--universe=
chinese	parameter	--universe=
chinese	parameter	--universe=
chinese	parameter	--universe=
chinese	parameter	--universe=
chinese	parameter	--transcendentals=
chinese	parameter	--transcendentals=
chinese	parameter	--transcendentals=
chinese	parameter	--transcendentals=
chinese	parameter	--transcendentals=
chinese	parameter	--structurals=
chinese	parameter	--structurals=
chinese	parameter	--structurals=
chinese	parameter	--structurals=
chinese	parameter	--structurals=
chinese	parameter	--sphere=
chinese	parameter	--sphere=
chinese	parameter	--sphere=
chinese	parameter	--sphere=
chinese	parameter	--sphere=
chinese	parameter	--spheres=
chinese	parameter	--spheres=
chinese	parameter	--spheres=
chinese	parameter	--spheres=
chinese	parameter	--spheres=
chinese	parameter	--ball=
chinese	parameter	--ball=
chinese	parameter	--ball=
chinese	parameter	--ball=
chinese	parameter	--ball=
chinese	parameter	--balls=
chinese	parameter	--balls=
chinese	parameter	--balls=
chinese	parameter	--balls=
chinese	parameter	--balls=
chinese	parameter	--universe=
chinese	parameter	--universe=
chinese	parameter	--universe=
chinese	parameter	--universe=
chinese	parameter	--universe=
chinese	parameter	--transcendentals=
chinese	parameter	--transcendentals=
chinese	parameter	--transcendentals=
chinese	parameter	--transcendentals=
chinese	parameter	--transcendentals=
chinese	parameter	--structurals=
chinese	parameter	--structurals=
chinese	parameter	--structurals=
chinese	parameter	--structurals=
chinese	parameter	--structurals=
chinese	parameter	--sphere=
chinese	parameter	--sphere=
chinese	parameter	--sphere=
chinese	parameter	--sphere=
chinese	parameter	--sphere=
chinese	parameter	--spheres=
chinese	parameter	--spheres=
chinese	parameter	--spheres=
chinese	parameter	--spheres=
chinese	parameter	--spheres=
chinese	parameter	--ball=
chinese	parameter	--ball=
chinese	parameter	--ball=
chinese	parameter	--ball=
chinese	parameter	--ball=
chinese	parameter	--balls=
chinese	parameter	--balls=
chinese	parameter	--balls=
chinese	parameter	--balls=
chinese	parameter	--balls=
chinese	parameter	--universe=
chinese	parameter	--transcendentals=
chinese	parameter	--structurals=
chinese	parameter	--sphere=
chinese	parameter	--spheres=
chinese	parameter	--ball=
chinese	parameter	--balls=
chinese	parameter	--universe=
chinese	parameter	--universe=
chinese	parameter	--transcendentals=
chinese	parameter	--transcendentals=
chinese	parameter	--structurals=
chinese	parameter	--structurals=
chinese	parameter	--sphere=
chinese	parameter	--sphere=
chinese	parameter	--spheres=
chinese	parameter	--spheres=
chinese	parameter	--ball=
chinese	parameter	--ball=
chinese	parameter	--balls=
chinese	parameter	--balls=
chinese	parameter	--universe=
chinese	parameter	--transcendentals=
chinese	parameter	--structurals=
chinese	parameter	--sphere=
chinese	parameter	--spheres=
chinese	parameter	--ball=
chinese	parameter	--balls=
chinese	parameter	--universe=
chinese	parameter	--universe=
chinese	parameter	--transcendentals=
chinese	parameter	--transcendentals=
chinese	parameter	--structurals=
chinese	parameter	--structurals=
chinese	parameter	--sphere=
chinese	parameter	--sphere=
chinese	parameter	--spheres=
chinese	parameter	--spheres=
chinese	parameter	--ball=
chinese	parameter	--ball=
chinese	parameter	--balls=
chinese	parameter	--balls=
chinese	parameter	--universe=
chinese	parameter	--universe=
chinese	parameter	--transcendentals=
chinese	parameter	--transcendentals=
chinese	parameter	--structurals=
chinese	parameter	--structurals=
chinese	parameter	--sphere=
chinese	parameter	--sphere=
chinese	parameter	--spheres=
chinese	parameter	--spheres=
chinese	parameter	--ball=
chinese	parameter	--ball=
chinese	parameter	--balls=
chinese	parameter	--balls=
chinese	parameter	--galaxy=
chinese	parameter	--ancientscripts=
chinese	parameter	--circle=
chinese	parameter	--galaxies=
chinese	parameter	--circles=
chinese	parameter	--galaxy=
chinese	parameter	--galaxy=
chinese	parameter	--ancientscripts=
chinese	parameter	--ancientscripts=
chinese	parameter	--circle=
chinese	parameter	--circle=
chinese	parameter	--galaxies=
chinese	parameter	--galaxies=
chinese	parameter	--circles=
chinese	parameter	--circles=
chinese	parameter	--universe=
chinese	parameter	--universe=
chinese	parameter	--transcendentals=
chinese	parameter	--transcendentals=
chinese	parameter	--structurals=
chinese	parameter	--structurals=
chinese	parameter	--sphere=
chinese	parameter	--sphere=
chinese	parameter	--spheres=
chinese	parameter	--spheres=
chinese	parameter	--ball=
chinese	parameter	--ball=
chinese	parameter	--balls=
chinese	parameter	--balls=
chinese	parameter	--universe=
chinese	parameter	--universe=
chinese	parameter	--transcendentals=
chinese	parameter	--transcendentals=
chinese	parameter	--structurals=
chinese	parameter	--structurals=
chinese	parameter	--sphere=
chinese	parameter	--sphere=
chinese	parameter	--spheres=
chinese	parameter	--spheres=
chinese	parameter	--ball=
chinese	parameter	--ball=
chinese	parameter	--balls=
chinese	parameter	--balls=
chinese	parameter	--basic_structures=
chinese	parameter	--basic_structures=
chinese	parameter	--basic_structures=
chinese	parameter	--basic_structures=
chinese	parameter	--basic_structures=
chinese	parameter	--basic_structures=
chinese	parameter	--universe=
chinese	parameter	--universe=
chinese	parameter	--universe=
chinese	parameter	--universe=
chinese	parameter	--universe=
chinese	parameter	--universe=
chinese	parameter	--transcendentals=
chinese	parameter	--transcendentals=
chinese	parameter	--transcendentals=
chinese	parameter	--transcendentals=
chinese	parameter	--transcendentals=
chinese	parameter	--transcendentals=
chinese	parameter	--structurals=
chinese	parameter	--structurals=
chinese	parameter	--structurals=
chinese	parameter	--structurals=
chinese	parameter	--structurals=
chinese	parameter	--structurals=
chinese	parameter	--sphere=
chinese	parameter	--sphere=
chinese	parameter	--sphere=
chinese	parameter	--sphere=
chinese	parameter	--sphere=
chinese	parameter	--sphere=
chinese	parameter	--spheres=
chinese	parameter	--spheres=
chinese	parameter	--spheres=
chinese	parameter	--spheres=
chinese	parameter	--spheres=
chinese	parameter	--spheres=
chinese	parameter	--ball=
chinese	parameter	--ball=
chinese	parameter	--ball=
chinese	parameter	--ball=
chinese	parameter	--ball=
chinese	parameter	--ball=
chinese	parameter	--balls=
chinese	parameter	--balls=
chinese	parameter	--balls=
chinese	parameter	--balls=
chinese	parameter	--balls=
chinese	parameter	--balls=
chinese	parameter	--multiverse=
chinese	parameter	--multiverse=
chinese	parameter	--multiverse=
chinese	parameter	--multiverse=
chinese	parameter	--multiverse=
chinese	parameter	--multiverse=
chinese	parameter	--operations=
chinese	parameter	--operations=
chinese	parameter	--operations=
chinese	parameter	--operations=
chinese	parameter	--operations=
chinese	parameter	--operations=
chinese	parameter	--operations=
chinese	parameter	--operations=
chinese	parameter	--operations=
chinese	parameter	--operations=
chinese	parameter	--operations=
chinese	parameter	--operations=
chinese	parameter	--human=
chinese	parameter	--human=
chinese	parameter	--human=
chinese	parameter	--human=
chinese	parameter	--human=
chinese	parameter	--human=
chinese	parameter	--human=
chinese	parameter	--human=
chinese	parameter	--human=
chinese	parameter	--human=
chinese	parameter	--human=
chinese	parameter	--human=
chinese	parameter	--human=
chinese	parameter	--human=
chinese	parameter	--human=
chinese	parameter	--economy=
chinese	parameter	--economy=
chinese	parameter	--economy=
chinese	parameter	--economy=
chinese	parameter	--economy=
chinese	parameter	--economy=
chinese	parameter	--economy=
chinese	parameter	--economy=
chinese	parameter	--economy=
chinese	parameter	--economy=
chinese	parameter	--economy=
chinese	parameter	--economy=
chinese	parameter	--basic_structures=
chinese	parameter	--economy=
chinese	parameter	--economy=
chinese	parameter	--economy=
chinese	parameter	--economy=
chinese	parameter	--human=
chinese	parameter	--human=
chinese	parameter	--human=
chinese	parameter	--human=
chinese	parameter	--human=
chinese	parameter	--human=
chinese	parameter	--human=
chinese	parameter	--human=
chinese	parameter	--human=
chinese	parameter	--human=
chinese	parameter	--human=
chinese	parameter	--human=
chinese	parameter	--human=
chinese	parameter	--human=
chinese	parameter	--human=
chinese	parameter	--human=
chinese	parameter	--human=
chinese	parameter	--human=
chinese	parameter	--human=
chinese	parameter	--human=
chinese	parameter	--human=
chinese	parameter	--human=
chinese	parameter	--human=
chinese	parameter	--human=
chinese	parameter	--human=
chinese	parameter	--human=
chinese	parameter	--human=
chinese	parameter	--human=
chinese	parameter	--human=
chinese	parameter	--human=
chinese	parameter	--human=
chinese	parameter	--human=
chinese	parameter	--human=
chinese	parameter	--human=
chinese	parameter	--human=
chinese	parameter	--human=
chinese	parameter	--human=
chinese	parameter	--human=
chinese	parameter	--human=
chinese	parameter	--human=
chinese	parameter	--human=
chinese	parameter	--human=
chinese	parameter	--human=
chinese	parameter	--basic_structures=
chinese	parameter	--basic_structures=
chinese	parameter	--basic_structures=
chinese	parameter	--basic_structures=
chinese	parameter	--basic_structures=
chinese	parameter	--basic_structures=
chinese	parameter	--basic_structures=
chinese	parameter	--multiverse=
chinese	parameter	--multiverse=
chinese	parameter	--multiverse=
chinese	parameter	--multiverse=
chinese	parameter	--multiverse=
chinese	parameter	--multiverse=
chinese	parameter	--multiverse=
chinese	parameter	--basic_structures=
chinese	parameter	--basic_structures=
chinese	parameter	--basic_structures=
chinese	parameter	--basic_structures=
chinese	parameter	--basic_structures=
chinese	parameter	--basic_structures=
chinese	parameter	--basic_structures=
chinese	parameter	--basic_structures=
chinese	parameter	--basic_structures=
chinese	parameter	--basic_structures=
chinese	parameter	--basic_structures=
chinese	parameter	--basic_structures=
chinese	parameter	--basic_structures=
chinese	parameter	--basic_structures=
chinese	parameter	--basic_structures=
chinese	parameter	--basic_structures=
chinese	parameter	--basic_structures=
chinese	parameter	--basic_structures=
chinese	parameter	--basic_structures=
chinese	parameter	--basic_structures=
chinese	parameter	--basic_structures=
chinese	parameter	--basic_structures=
chinese	parameter	--basic_structures=
chinese	parameter	--basic_structures=
chinese	parameter	--basic_structures=
chinese	parameter	--basic_structures=
chinese	parameter	--basic_structures=
chinese	parameter	--basic_structures=
chinese	parameter	--basic_structures=
chinese	parameter	--basic_structures=
chinese	parameter	--basic_structures=
chinese	parameter	--basic_structures=
chinese	parameter	--basic_structures=
chinese	parameter	--basic_structures=
chinese	parameter	--basic_structures=
chinese	parameter	--basic_structures=
chinese	parameter	--basic_structures=
chinese	parameter	--basic_structures=
chinese	parameter	--basic_structures=
chinese	parameter	--basic_structures=
chinese	parameter	--basic_structures=
chinese	parameter	--basic_structures=
chinese	parameter	--basic_structures=
chinese	parameter	--basic_structures=
chinese	parameter	--basic_structures=
chinese	parameter	--basic_structures=
chinese	parameter	--basic_structures=
chinese	parameter	--basic_structures=
chinese	parameter	--basic_structures=
chinese	parameter	--basic_structures=
chinese	parameter	--basic_structures=
chinese	parameter	--basic_structures=
chinese	parameter	--basic_structures=
chinese	parameter	--basic_structures=
chinese	parameter	--basic_structures=
chinese	parameter	--basic_structures=
chinese	parameter	--basic_structures=
chinese	parameter	--basic_structures=
chinese	parameter	--basic_structures=
chinese	parameter	--basic_structures=
chinese	parameter	--basic_structures=
chinese	parameter	--basic_structures=
chinese	parameter	--basic_structures=
chinese	parameter	--basic_structures=
chinese	parameter	--basic_structures=
chinese	parameter	--basic_structures=
chinese	parameter	--basic_structures=
chinese	parameter	--basic_structures=
chinese	parameter	--basic_structures=
chinese	parameter	--basic_structures=
chinese	parameter	--basic_structures=
chinese	parameter	--basic_structures=
chinese	parameter	--basic_structures=
chinese	parameter	--basic_structures=
chinese	parameter	--basic_structures=
chinese	parameter	--basic_structures=
chinese	parameter	--basic_structures=
chinese	parameter	--basic_structures=
chinese	parameter	--basic_structures=
chinese	parameter	--basic_structures=
chinese	parameter	--basic_structures=
chinese	parameter	--basic_structures=
chinese	parameter	--basic_structures=
chinese	parameter	--multiverse=
chinese	parameter	--multiverse=
chinese	parameter	--multiverse=
chinese	parameter	--basic_structures=
chinese	parameter	--basic_structures=
chinese	parameter	--basic_structures=
chinese	parameter	--basic_structures=
chinese	parameter	--basic_structures=
chinese	parameter	--basic_structures=
chinese	parameter	--basic_structures=
chinese	parameter	--basic_structures=
chinese	parameter	--basic_structures=
chinese	parameter	--basic_structures=
chinese	parameter	--basic_structures=
chinese	parameter	--basic_structures=
chinese	parameter	--basic_structures=
chinese	parameter	--basic_structures=
chinese	parameter	--basic_structures=
chinese	parameter	--basic_structures=
chinese	parameter	--basic_structures=
chinese	parameter	--basic_structures=
chinese	parameter	--basic_structures=
chinese	parameter	--multiverse=
chinese	parameter	--multiverse=
chinese	parameter	--basic_structures=
chinese	parameter	--basic_structures=
chinese	parameter	--basic_structures=
chinese	parameter	--basic_structures=
chinese	parameter	--basic_structures=
chinese	parameter	--basic_structures=
chinese	parameter	--basic_structures=
chinese	parameter	--basic_structures=
chinese	parameter	--basic_structures=
chinese	parameter	--basic_structures=
chinese	parameter	--basic_structures=
chinese	parameter	--basic_structures=
chinese	parameter	--basic_structures=
chinese	parameter	--basic_structures=
chinese	parameter	--basic_structures=
chinese	parameter	--basic_structures=
chinese	parameter	--basic_structures=
chinese	parameter	--basic_structures=
chinese	parameter	--basic_structures=
chinese	parameter	--basic_structures=
chinese	parameter	--basic_structures=
chinese	parameter	--basic_structures=
chinese	parameter	--basic_structures=
chinese	parameter	--basic_structures=
chinese	parameter	--basic_structures=
chinese	parameter	--basic_structures=
chinese	parameter	--basic_structures=
chinese	parameter	--basic_structures=
chinese	parameter	--basic_structures=
chinese	parameter	--basic_structures=
chinese	parameter	--basic_structures=
chinese	parameter	--basic_structures=
chinese	parameter	--basic_structures=
chinese	parameter	--basic_structures=
chinese	parameter	--basic_structures=
chinese	parameter	--basic_structures=
chinese	parameter	--basic_structures=
chinese	parameter	--basic_structures=
chinese	parameter	--basic_structures=
chinese	parameter	--basic_structures=
chinese	parameter	--basic_structures=
chinese	parameter	--basic_structures=
chinese	parameter	--basic_structures=
chinese	parameter	--basic_structures=
chinese	parameter	--basic_structures=
chinese	parameter	--basic_structures=
chinese	parameter	--basic_structures=
chinese	parameter	--human=
chinese	parameter	--human=
chinese	parameter	--human=
chinese	parameter	--human=
chinese	parameter	--human=
chinese	parameter	--human=
chinese	parameter	--basic_structures=
chinese	parameter	--basic_structures=
chinese	parameter	--basic_structures=
chinese	parameter	--basic_structures=
chinese	parameter	--basic_structures=
chinese	parameter	--basic_structures=
chinese	parameter	--basic_structures=
chinese	parameter	--basic_structures=
chinese	parameter	--basic_structures=
chinese	parameter	--basic_structures=
chinese	parameter	--basic_structures=
chinese	parameter	--basic_structures=
chinese	parameter	--basic_structures=
chinese	parameter	--basic_structures=
chinese	parameter	--basic_structures=
chinese	parameter	--basic_structures=
chinese	parameter	--basic_structures=
chinese	parameter	--basic_structures=
chinese	parameter	--basic_structures=
chinese	parameter	--basic_structures=
chinese	parameter	--basic_structures=
chinese	parameter	--basic_structures=
chinese	parameter	--basic_structures=
chinese	parameter	--basic_structures=
chinese	parameter	--basic_structures=
chinese	parameter	--basic_structures=
chinese	parameter	--human=
chinese	parameter	--human=
chinese	parameter	--human=
chinese	parameter	--human=
chinese	parameter	--human=
chinese	parameter	--human=
chinese	parameter	--human=
chinese	parameter	--human=
chinese	parameter	--human=
chinese	parameter	--human=
chinese	parameter	--human=
chinese	parameter	--human=
chinese	parameter	--human=
chinese	parameter	--human=
chinese	parameter	--human=
chinese	parameter	--human=
chinese	parameter	--human=
chinese	parameter	--human=
chinese	parameter	--human=
chinese	parameter	--human=
chinese	parameter	--human=
chinese	parameter	--human=
chinese	parameter	--human=
chinese	parameter	--human=
chinese	parameter	--human=
chinese	parameter	--human=
chinese	parameter	--human=
chinese	parameter	--human=
chinese	parameter	--human=
chinese	parameter	--human=
chinese	parameter	--human=
chinese	parameter	--human=
chinese	parameter	--human=
chinese	parameter	--human=
chinese	parameter	--human=
chinese	parameter	--human=
chinese	parameter	--human=
chinese	parameter	--basic_structures=
chinese	parameter	--multiverse=
chinese	parameter	--universe=
chinese	parameter	--universe=
chinese	parameter	--transcendentals=
chinese	parameter	--transcendentals=
chinese	parameter	--structurals=
chinese	parameter	--structurals=
chinese	parameter	--sphere=
chinese	parameter	--sphere=
chinese	parameter	--spheres=
chinese	parameter	--spheres=
chinese	parameter	--ball=
chinese	parameter	--ball=
chinese	parameter	--balls=
chinese	parameter	--balls=
chinese	parameter	--universe=
chinese	parameter	--transcendentals=
chinese	parameter	--structurals=
chinese	parameter	--sphere=
chinese	parameter	--spheres=
chinese	parameter	--ball=
chinese	parameter	--balls=
chinese	parameter	--human=
chinese	parameter	--human=
chinese	parameter	--human=
chinese	parameter	--human=
chinese	parameter	--human=
chinese	parameter	--human=
chinese	parameter	--human=
chinese	parameter	--pro_contra=
chinese	parameter	--pro_contra=
chinese	parameter	--pro_contra=
chinese	parameter	--pro_contra=
chinese	parameter	--procontra=
chinese	parameter	--procontra=
chinese	parameter	--procontra=
chinese	parameter	--procontra=
chinese	parameter	--pro_contra=
chinese	parameter	--procontra=
chinese	parameter	--pro_contra=
chinese	parameter	--pro_contra=
chinese	parameter	--pro_contra=
chinese	parameter	--pro_contra=
chinese	parameter	--procontra=
chinese	parameter	--procontra=
chinese	parameter	--procontra=
chinese	parameter	--procontra=
chinese	parameter	--pro_contra=
chinese	parameter	--pro_contra=
chinese	parameter	--procontra=
chinese	parameter	--procontra=
chinese	parameter	--pro_contra=
chinese	parameter	--pro_contra=
chinese	parameter	--procontra=
chinese	parameter	--procontra=
chinese	parameter	--pro_contra=
chinese	parameter	--pro_contra=
chinese	parameter	--procontra=
chinese	parameter	--procontra=
chinese	parameter	--pro_contra=
chinese	parameter	--procontra=
chinese	parameter	--pro_contra=
chinese	parameter	--pro_contra=
chinese	parameter	--procontra=
chinese	parameter	--procontra=
chinese	parameter	--pro_contra=
chinese	parameter	--procontra=
chinese	parameter	--pro_contra=
chinese	parameter	--pro_contra=
chinese	parameter	--procontra=
chinese	parameter	--procontra=
chinese	parameter	--pro_contra=
chinese	parameter	--procontra=
chinese	parameter	--pro_contra=
chinese	parameter	--pro_contra=
chinese	parameter	--procontra=
chinese	parameter	--procontra=
chinese	parameter	--pro_contra=
chinese	parameter	--pro_contra=
chinese	parameter	--procontra=
chinese	parameter	--procontra=
chinese	parameter	--pro_contra=
chinese	parameter	--pro_contra=
chinese	parameter	--procontra=
chinese	parameter	--procontra=
chinese	parameter	--pro_contra=
chinese	parameter	--pro_contra=
chinese	parameter	--procontra=
chinese	parameter	--procontra=
chinese	parameter	--pro_contra=
chinese	parameter	--pro_contra=
chinese	parameter	--procontra=
chinese	parameter	--procontra=
chinese	parameter	--pro_contra=
chinese	parameter	--pro_contra=
chinese	parameter	--procontra=
chinese	parameter	--procontra=
chinese	parameter	--pro_contra=
chinese	parameter	--pro_contra=
chinese	parameter	--procontra=
chinese	parameter	--procontra=
chinese	parameter	--pro_contra=
chinese	parameter	--pro_contra=
chinese	parameter	--procontra=
chinese	parameter	--procontra=
chinese	parameter	--pro_contra=
chinese	parameter	--procontra=
chinese	parameter	--pro_contra=
chinese	parameter	--pro_contra=
chinese	parameter	--procontra=
chinese	parameter	--procontra=
chinese	parameter	--pro_contra=
chinese	parameter	--procontra=
chinese	parameter	--pro_contra=
chinese	parameter	--procontra=
chinese	parameter	--light=
chinese	parameter	--pro_contra=
chinese	parameter	--pro_contra=
chinese	parameter	--procontra=
chinese	parameter	--procontra=
chinese	parameter	--meaning=
chinese	parameter	--meaning=
chinese	parameter	--meaning=
chinese	parameter	--meaning=
chinese	parameter	--meaning=
chinese	parameter	--meaning=
chinese	parameter	--meaning=
chinese	parameter	--meaning=
chinese	parameter	--meaning=
chinese	parameter	--meaning=
chinese	parameter	--meaning=
chinese	parameter	--meaning=
chinese	parameter	--meaning=
chinese	parameter	--meaning=
chinese	parameter	--meaning=
chinese	parameter	--meaning=
chinese	parameter	--meaning=
chinese	parameter	--meaning=
chinese	parameter	--meaning=
chinese	parameter	--meaning=
chinese	parameter	--meaning=
chinese	parameter	--meaning=
chinese	parameter	--meaning=
chinese	parameter	--meaning=
chinese	parameter	--meaning=
chinese	parameter	--meaning=
chinese	parameter	--meaning=
chinese	parameter	--meaning=
chinese	parameter	--meaning=
chinese	parameter	--meaning=
chinese	parameter	--fractional_galaxy_n/m=
chinese	parameter	--fractional_galaxy_n/m=
chinese	parameter	--fractional_galaxy_n/m=
chinese	parameter	--fractional_galaxy_n/m=
chinese	parameter	--fractional_galaxy_n/m=
chinese	parameter	--fractional_galaxy_n/m=
chinese	parameter	--fractional_galaxy_n/m=
chinese	parameter	--fractional_galaxy_n/m=
chinese	parameter	--fractional_galaxy_n/m=
chinese	parameter	--fractional_galaxy_n/m=
chinese	parameter	--fractional_galaxy_n/m=
chinese	parameter	--fractional_galaxy_n/m=
chinese	parameter	--fractional_galaxy_n/m=
chinese	parameter	--fractional_galaxy_n/m=
chinese	parameter	--fractional_galaxy_n/m=
chinese	parameter	--fractional_galaxy_n/m=
chinese	parameter	--fractional_galaxy_n/m=
chinese	parameter	--fractional_galaxy_n/m=
chinese	parameter	--fractional_galaxy_n/m=
chinese	parameter	--fractional_galaxy_n/m=
chinese	parameter	--fractional_galaxy_n/m=
chinese	parameter	--fractional_galaxy_n/m=
chinese	parameter	--gebrochengalaxie_fractionalgalaxy=
chinese	parameter	--gebrochengalaxie_fractionalgalaxy=
chinese	parameter	--gebrochengalaxie_fractionalgalaxy=
chinese	parameter	--gebrochengalaxie_fractionalgalaxy=
chinese	parameter	--gebrochengalaxie_fractionalgalaxy=
chinese	parameter	--gebrochengalaxie_fractionalgalaxy=
chinese	parameter	--gebrochengalaxie_fractionalgalaxy=
chinese	parameter	--gebrochengalaxie_fractionalgalaxy=
chinese	parameter	--gebrochengalaxie_fractionalgalaxy=
chinese	parameter	--gebrochengalaxie_fractionalgalaxy=
chinese	parameter	--gebrochengalaxie_fractionalgalaxy=
chinese	parameter	--gebrochengalaxie_fractionalgalaxy=
chinese	parameter	--gebrochengalaxie_fractionalgalaxy=
chinese	parameter	--gebrochengalaxie_fractionalgalaxy=
chinese	parameter	--gebrochengalaxie_fractionalgalaxy=
chinese	parameter	--gebrochengalaxie_fractionalgalaxy=
chinese	parameter	--gebrochengalaxie_fractionalgalaxy=
chinese	parameter	--gebrochengalaxie_fractionalgalaxy=
chinese	parameter	--gebrochengalaxie_fractionalgalaxy=
chinese	parameter	--gebrochengalaxie_fractionalgalaxy=
chinese	parameter	--gebrochengalaxie_fractionalgalaxy=
chinese	parameter	--gebrochengalaxie_fractionalgalaxy=
chinese	parameter	--fractional_universe_n/m=
chinese	parameter	--fractional_universe_n/m=
chinese	parameter	--fractional_universe_n/m=
chinese	parameter	--fractional_universe_n/m=
chinese	parameter	--fractional_universe_n/m=
chinese	parameter	--fractional_universe_n/m=
chinese	parameter	--fractional_universe_n/m=
chinese	parameter	--fractional_universe_n/m=
chinese	parameter	--fractional_universe_n/m=
chinese	parameter	--fractional_universe_n/m=
chinese	parameter	--fractional_universe_n/m=
chinese	parameter	--fractional_universe_n/m=
chinese	parameter	--fractional_universe_n/m=
chinese	parameter	--fractional_universe_n/m=
chinese	parameter	--fractional_universe_n/m=
chinese	parameter	--fractional_universe_n/m=
chinese	parameter	--fractional_universe_n/m=
chinese	parameter	--fractional_universe_n/m=
chinese	parameter	--fractional_universe_n/m=
chinese	parameter	--fractional_universe_n/m=
chinese	parameter	--fractional_universe_n/m=
chinese	parameter	--fractional_universe_n/m=
chinese	parameter	--gebrochenuniversum_fractionaluniverse=
chinese	parameter	--gebrochenuniversum_fractionaluniverse=
chinese	parameter	--gebrochenuniversum_fractionaluniverse=
chinese	parameter	--gebrochenuniversum_fractionaluniverse=
chinese	parameter	--gebrochenuniversum_fractionaluniverse=
chinese	parameter	--gebrochenuniversum_fractionaluniverse=
chinese	parameter	--gebrochenuniversum_fractionaluniverse=
chinese	parameter	--gebrochenuniversum_fractionaluniverse=
chinese	parameter	--gebrochenuniversum_fractionaluniverse=
chinese	parameter	--gebrochenuniversum_fractionaluniverse=
chinese	parameter	--gebrochenuniversum_fractionaluniverse=
chinese	parameter	--gebrochenuniversum_fractionaluniverse=
chinese	parameter	--gebrochenuniversum_fractionaluniverse=
chinese	parameter	--gebrochenuniversum_fractionaluniverse=
chinese	parameter	--gebrochenuniversum_fractionaluniverse=
chinese	parameter	--gebrochenuniversum_fractionaluniverse=
chinese	parameter	--gebrochenuniversum_fractionaluniverse=
chinese	parameter	--gebrochenuniversum_fractionaluniverse=
chinese	parameter	--gebrochenuniversum_fractionaluniverse=
chinese	parameter	--gebrochenuniversum_fractionaluniverse=
chinese	parameter	--gebrochenuniversum_fractionaluniverse=
chinese	parameter	--gebrochenuniversum_fractionaluniverse=
chinese	parameter	--fractional-rational_numbered_emotions_n/m=
chinese	parameter	--fractional-rational_numbered_emotions_n/m=
chinese	parameter	--fractional-rational_numbered_emotions_n/m=
chinese	parameter	--fractional-rational_numbered_emotions_n/m=
chinese	parameter	--fractional-rational_numbered_emotions_n/m=
chinese	parameter	--fractional-rational_numbered_emotions_n/m=
chinese	parameter	--fractional-rational_numbered_emotions_n/m=
chinese	parameter	--fractional-rational_numbered_emotions_n/m=
chinese	parameter	--fractional-rational_numbered_emotions_n/m=
chinese	parameter	--fractional-rational_numbered_emotions_n/m=
chinese	parameter	--fractional-rational_numbered_emotions_n/m=
chinese	parameter	--fractional-rational_numbered_emotions_n/m=
chinese	parameter	--fractional-rational_numbered_emotions_n/m=
chinese	parameter	--fractional-rational_numbered_emotions_n/m=
chinese	parameter	--fractional-rational_numbered_emotions_n/m=
chinese	parameter	--fractional-rational_numbered_emotions_n/m=
chinese	parameter	--fractional-rational_numbered_emotions_n/m=
chinese	parameter	--fractional-rational_numbered_emotions_n/m=
chinese	parameter	--fractional-rational_numbered_emotions_n/m=
chinese	parameter	--fractional-rational_numbered_emotions_n/m=
chinese	parameter	--fractional-rational_numbered_emotions_n/m=
chinese	parameter	--fractional-rational_numbered_emotions_n/m=
chinese	parameter	--fractionedemotion=
chinese	parameter	--fractionedemotion=
chinese	parameter	--fractionedemotion=
chinese	parameter	--fractionedemotion=
chinese	parameter	--fractionedemotion=
chinese	parameter	--fractionedemotion=
chinese	parameter	--fractionedemotion=
chinese	parameter	--fractionedemotion=
chinese	parameter	--fractionedemotion=
chinese	parameter	--fractionedemotion=
chinese	parameter	--fractionedemotion=
chinese	parameter	--fractionedemotion=
chinese	parameter	--fractionedemotion=
chinese	parameter	--fractionedemotion=
chinese	parameter	--fractionedemotion=
chinese	parameter	--fractionedemotion=
chinese	parameter	--fractionedemotion=
chinese	parameter	--fractionedemotion=
chinese	parameter	--fractionedemotion=
chinese	parameter	--fractionedemotion=
chinese	parameter	--fractionedemotion=
chinese	parameter	--fractionedemotion=
chinese	parameter	--fractional-rational_numbered_structure_sizes_n/m=
chinese	parameter	--fractional-rational_numbered_structure_sizes_n/m=
chinese	parameter	--fractional-rational_numbered_structure_sizes_n/m=
chinese	parameter	--fractional-rational_numbered_structure_sizes_n/m=
chinese	parameter	--fractional-rational_numbered_structure_sizes_n/m=
chinese	parameter	--fractional-rational_numbered_structure_sizes_n/m=
chinese	parameter	--fractional-rational_numbered_structure_sizes_n/m=
chinese	parameter	--fractional-rational_numbered_structure_sizes_n/m=
chinese	parameter	--fractional-rational_numbered_structure_sizes_n/m=
chinese	parameter	--fractional-rational_numbered_structure_sizes_n/m=
chinese	parameter	--fractional-rational_numbered_structure_sizes_n/m=
chinese	parameter	--fractional-rational_numbered_structure_sizes_n/m=
chinese	parameter	--fractional-rational_numbered_structure_sizes_n/m=
chinese	parameter	--fractional-rational_numbered_structure_sizes_n/m=
chinese	parameter	--fractional-rational_numbered_structure_sizes_n/m=
chinese	parameter	--fractional-rational_numbered_structure_sizes_n/m=
chinese	parameter	--fractional-rational_numbered_structure_sizes_n/m=
chinese	parameter	--fractional-rational_numbered_structure_sizes_n/m=
chinese	parameter	--fractional-rational_numbered_structure_sizes_n/m=
chinese	parameter	--fractional-rational_numbered_structure_sizes_n/m=
chinese	parameter	--fractional-rational_numbered_structure_sizes_n/m=
chinese	parameter	--fractional-rational_numbered_structure_sizes_n/m=
chinese	parameter	--fractionalnumberedstructuresize=
chinese	parameter	--fractionalnumberedstructuresize=
chinese	parameter	--fractionalnumberedstructuresize=
chinese	parameter	--fractionalnumberedstructuresize=
chinese	parameter	--fractionalnumberedstructuresize=
chinese	parameter	--fractionalnumberedstructuresize=
chinese	parameter	--fractionalnumberedstructuresize=
chinese	parameter	--fractionalnumberedstructuresize=
chinese	parameter	--fractionalnumberedstructuresize=
chinese	parameter	--fractionalnumberedstructuresize=
chinese	parameter	--fractionalnumberedstructuresize=
chinese	parameter	--fractionalnumberedstructuresize=
chinese	parameter	--fractionalnumberedstructuresize=
chinese	parameter	--fractionalnumberedstructuresize=
chinese	parameter	--fractionalnumberedstructuresize=
chinese	parameter	--fractionalnumberedstructuresize=
chinese	parameter	--fractionalnumberedstructuresize=
chinese	parameter	--fractionalnumberedstructuresize=
chinese	parameter	--fractionalnumberedstructuresize=
chinese	parameter	--fractionalnumberedstructuresize=
chinese	parameter	--fractionalnumberedstructuresize=
chinese	parameter	--fractionalnumberedstructuresize=
chinese	parameter	--symbols=
chinese	parameter	--symbols=
chinese	parameter	--symbols=
chinese	parameter	--symbols=
chinese	parameter	--symbols=
chinese	parameter	--symbols=
chinese	parameter	--symbols=
chinese	parameter	--symbols=
chinese	parameter	--symbols=
chinese	parameter	--symbols=
chinese	parameter	--properties_n=
chinese	parameter	--properties_n=
chinese	parameter	--properties_n=
chinese	parameter	--properties_n=
chinese	parameter	--properties_n=
chinese	parameter	--properties_n=
chinese	parameter	--properties_n=
chinese	parameter	--properties_n=
chinese	parameter	--properties=
chinese	parameter	--properties=
chinese	parameter	--properties=
chinese	parameter	--properties=
chinese	parameter	--properties=
chinese	parameter	--properties=
chinese	parameter	--properties=
chinese	parameter	--properties=
chinese	parameter	--property=
chinese	parameter	--property=
chinese	parameter	--property=
chinese	parameter	--property=
chinese	parameter	--property=
chinese	parameter	--property=
chinese	parameter	--property=
chinese	parameter	--property=
chinese	parameter	--concept=
chinese	parameter	--concept=
chinese	parameter	--concept=
chinese	parameter	--concept=
chinese	parameter	--concept=
chinese	parameter	--concept=
chinese	parameter	--concept=
chinese	parameter	--concept=
chinese	parameter	--concepts=
chinese	parameter	--concepts=
chinese	parameter	--concepts=
chinese	parameter	--concepts=
chinese	parameter	--concepts=
chinese	parameter	--concepts=
chinese	parameter	--concepts=
chinese	parameter	--concepts=
chinese	parameter	--properties_n=
chinese	parameter	--properties_n=
chinese	parameter	--properties_n=
chinese	parameter	--properties_n=
chinese	parameter	--properties=
chinese	parameter	--properties=
chinese	parameter	--properties=
chinese	parameter	--properties=
chinese	parameter	--property=
chinese	parameter	--property=
chinese	parameter	--property=
chinese	parameter	--property=
chinese	parameter	--concept=
chinese	parameter	--concept=
chinese	parameter	--concept=
chinese	parameter	--concept=
chinese	parameter	--concepts=
chinese	parameter	--concepts=
chinese	parameter	--concepts=
chinese	parameter	--concepts=
chinese	parameter	--properties_n=
chinese	parameter	--properties_n=
chinese	parameter	--properties_n=
chinese	parameter	--properties=
chinese	parameter	--properties=
chinese	parameter	--properties=
chinese	parameter	--property=
chinese	parameter	--property=
chinese	parameter	--property=
chinese	parameter	--concept=
chinese	parameter	--concept=
chinese	parameter	--concept=
chinese	parameter	--concepts=
chinese	parameter	--concepts=
chinese	parameter	--concepts=
chinese	parameter	--properties_n=
chinese	parameter	--properties_n=
chinese	parameter	--properties_n=
chinese	parameter	--properties=
chinese	parameter	--properties=
chinese	parameter	--properties=
chinese	parameter	--property=
chinese	parameter	--property=
chinese	parameter	--property=
chinese	parameter	--concept=
chinese	parameter	--concept=
chinese	parameter	--concept=
chinese	parameter	--concepts=
chinese	parameter	--concepts=
chinese	parameter	--concepts=
chinese	parameter	--properties_1/n=
chinese	parameter	--properties_1/n=
chinese	parameter	--concept2=
chinese	parameter	--concept2=
chinese	parameter	--concepts2=
chinese	parameter	--concepts2=
chinese	parameter	--properties_1/n=
chinese	parameter	--properties_1/n=
chinese	parameter	--properties_1/n=
chinese	parameter	--concept2=
chinese	parameter	--concept2=
chinese	parameter	--concept2=
chinese	parameter	--concepts2=
chinese	parameter	--concepts2=
chinese	parameter	--concepts2=
chinese	parameter	--properties_1/n=
chinese	parameter	--properties_1/n=
chinese	parameter	--properties_1/n=
chinese	parameter	--concept2=
chinese	parameter	--concept2=
chinese	parameter	--concept2=
chinese	parameter	--concepts2=
chinese	parameter	--concepts2=
chinese	parameter	--concepts2=
chinese	parameter	--properties_1/n=
chinese	parameter	--concept2=
chinese	parameter	--concepts2=
chinese	parameter	--properties_1/n=
chinese	parameter	--properties_1/n=
chinese	parameter	--properties_1/n=
chinese	parameter	--concept2=
chinese	parameter	--concept2=
chinese	parameter	--concept2=
chinese	parameter	--concepts2=
chinese	parameter	--concepts2=
chinese	parameter	--concepts2=
chinese	parameter	--properties_1/n=
chinese	parameter	--properties_1/n=
chinese	parameter	--properties_1/n=
chinese	parameter	--concept2=
chinese	parameter	--concept2=
chinese	parameter	--concept2=
chinese	parameter	--concepts2=
chinese	parameter	--concepts2=
chinese	parameter	--concepts2=
chinese	parameter	--properties_1/n=
chinese	parameter	--properties_1/n=
chinese	parameter	--concept2=
chinese	parameter	--concept2=
chinese	parameter	--concepts2=
chinese	parameter	--concepts2=
chinese	parameter	--properties_n=
chinese	parameter	--properties_n=
chinese	parameter	--properties_n=
chinese	parameter	--properties_n=
chinese	parameter	--properties=
chinese	parameter	--properties=
chinese	parameter	--properties=
chinese	parameter	--properties=
chinese	parameter	--property=
chinese	parameter	--property=
chinese	parameter	--property=
chinese	parameter	--property=
chinese	parameter	--concept=
chinese	parameter	--concept=
chinese	parameter	--concept=
chinese	parameter	--concept=
chinese	parameter	--concepts=
chinese	parameter	--concepts=
chinese	parameter	--concepts=
chinese	parameter	--concepts=
chinese	parameter	--properties_1/n=
chinese	parameter	--properties_1/n=
chinese	parameter	--concept2=
chinese	parameter	--concept2=
chinese	parameter	--concepts2=
chinese	parameter	--concepts2=
chinese	parameter	--properties_1/n=
chinese	parameter	--properties_1/n=
chinese	parameter	--properties_1/n=
chinese	parameter	--properties_1/n=
chinese	parameter	--properties_1/n=
chinese	parameter	--concept2=
chinese	parameter	--concept2=
chinese	parameter	--concept2=
chinese	parameter	--concept2=
chinese	parameter	--concept2=
chinese	parameter	--concepts2=
chinese	parameter	--concepts2=
chinese	parameter	--concepts2=
chinese	parameter	--concepts2=
chinese	parameter	--concepts2=
chinese	parameter	--properties_n=
chinese	parameter	--properties=
chinese	parameter	--property=
chinese	parameter	--concept=
chinese	parameter	--concepts=
chinese	parameter	--properties_n=
chinese	parameter	--properties_n=
chinese	parameter	--properties=
chinese	parameter	--properties=
chinese	parameter	--property=
chinese	parameter	--property=
chinese	parameter	--concept=
chinese	parameter	--concept=
chinese	parameter	--concepts=
chinese	parameter	--concepts=
chinese	parameter	--properties_n=
chinese	parameter	--properties_n=
chinese	parameter	--properties_n=
chinese	parameter	--properties=
chinese	parameter	--properties=
chinese	parameter	--properties=
chinese	parameter	--property=
chinese	parameter	--property=
chinese	parameter	--property=
chinese	parameter	--concept=
chinese	parameter	--concept=
chinese	parameter	--concept=
chinese	parameter	--concepts=
chinese	parameter	--concepts=
chinese	parameter	--concepts=
chinese	parameter	--properties_n=
chinese	parameter	--properties_n=
chinese	parameter	--properties_n=
chinese	parameter	--properties_n=
chinese	parameter	--properties=
chinese	parameter	--properties=
chinese	parameter	--properties=
chinese	parameter	--properties=
chinese	parameter	--property=
chinese	parameter	--property=
chinese	parameter	--property=
chinese	parameter	--property=
chinese	parameter	--concept=
chinese	parameter	--concept=
chinese	parameter	--concept=
chinese	parameter	--concept=
chinese	parameter	--concepts=
chinese	parameter	--concepts=
chinese	parameter	--concepts=
chinese	parameter	--concepts=
chinese	parameter	--properties_n=
chinese	parameter	--properties_n=
chinese	parameter	--properties_n=
chinese	parameter	--properties_n=
chinese	parameter	--properties=
chinese	parameter	--properties=
chinese	parameter	--properties=
chinese	parameter	--properties=
chinese	parameter	--property=
chinese	parameter	--property=
chinese	parameter	--property=
chinese	parameter	--property=
chinese	parameter	--concept=
chinese	parameter	--concept=
chinese	parameter	--concept=
chinese	parameter	--concept=
chinese	parameter	--concepts=
chinese	parameter	--concepts=
chinese	parameter	--concepts=
chinese	parameter	--concepts=
chinese	parameter	--properties_n=
chinese	parameter	--properties_n=
chinese	parameter	--properties_n=
chinese	parameter	--properties=
chinese	parameter	--properties=
chinese	parameter	--properties=
chinese	parameter	--property=
chinese	parameter	--property=
chinese	parameter	--property=
chinese	parameter	--concept=
chinese	parameter	--concept=
chinese	parameter	--concept=
chinese	parameter	--concepts=
chinese	parameter	--concepts=
chinese	parameter	--concepts=
chinese	parameter	--properties_n=
chinese	parameter	--properties_n=
chinese	parameter	--properties_n=
chinese	parameter	--properties=
chinese	parameter	--properties=
chinese	parameter	--properties=
chinese	parameter	--property=
chinese	parameter	--property=
chinese	parameter	--property=
chinese	parameter	--concept=
chinese	parameter	--concept=
chinese	parameter	--concept=
chinese	parameter	--concepts=
chinese	parameter	--concepts=
chinese	parameter	--concepts=
chinese	parameter	--properties_n=
chinese	parameter	--properties_n=
chinese	parameter	--properties_n=
chinese	parameter	--properties=
chinese	parameter	--properties=
chinese	parameter	--properties=
chinese	parameter	--property=
chinese	parameter	--property=
chinese	parameter	--property=
chinese	parameter	--concept=
chinese	parameter	--concept=
chinese	parameter	--concept=
chinese	parameter	--concepts=
chinese	parameter	--concepts=
chinese	parameter	--concepts=
chinese	parameter	--properties_n=
chinese	parameter	--properties_n=
chinese	parameter	--properties_n=
chinese	parameter	--properties_n=
chinese	parameter	--properties_n=
chinese	parameter	--properties=
chinese	parameter	--properties=
chinese	parameter	--properties=
chinese	parameter	--properties=
chinese	parameter	--properties=
chinese	parameter	--property=
chinese	parameter	--property=
chinese	parameter	--property=
chinese	parameter	--property=
chinese	parameter	--property=
chinese	parameter	--concept=
chinese	parameter	--concept=
chinese	parameter	--concept=
chinese	parameter	--concept=
chinese	parameter	--concept=
chinese	parameter	--concepts=
chinese	parameter	--concepts=
chinese	parameter	--concepts=
chinese	parameter	--concepts=
chinese	parameter	--concepts=
chinese	parameter	--human=
chinese	parameter	--human=
chinese	parameter	--human=
chinese	parameter	--human=
chinese	parameter	--properties_n=
chinese	parameter	--properties_n=
chinese	parameter	--properties_n=
chinese	parameter	--properties_n=
chinese	parameter	--properties=
chinese	parameter	--properties=
chinese	parameter	--properties=
chinese	parameter	--properties=
chinese	parameter	--property=
chinese	parameter	--property=
chinese	parameter	--property=
chinese	parameter	--property=
chinese	parameter	--concept=
chinese	parameter	--concept=
chinese	parameter	--concept=
chinese	parameter	--concept=
chinese	parameter	--concepts=
chinese	parameter	--concepts=
chinese	parameter	--concepts=
chinese	parameter	--concepts=
chinese	parameter	--properties_n=
chinese	parameter	--properties=
chinese	parameter	--property=
chinese	parameter	--concept=
chinese	parameter	--concepts=
chinese	parameter	--properties_n=
chinese	parameter	--properties_n=
chinese	parameter	--properties=
chinese	parameter	--properties=
chinese	parameter	--property=
chinese	parameter	--property=
chinese	parameter	--concept=
chinese	parameter	--concept=
chinese	parameter	--concepts=
chinese	parameter	--concepts=
chinese	parameter	--properties_n=
chinese	parameter	--properties_n=
chinese	parameter	--properties_n=
chinese	parameter	--properties_n=
chinese	parameter	--properties_n=
chinese	parameter	--properties=
chinese	parameter	--properties=
chinese	parameter	--properties=
chinese	parameter	--properties=
chinese	parameter	--properties=
chinese	parameter	--property=
chinese	parameter	--property=
chinese	parameter	--property=
chinese	parameter	--property=
chinese	parameter	--property=
chinese	parameter	--concept=
chinese	parameter	--concept=
chinese	parameter	--concept=
chinese	parameter	--concept=
chinese	parameter	--concept=
chinese	parameter	--concepts=
chinese	parameter	--concepts=
chinese	parameter	--concepts=
chinese	parameter	--concepts=
chinese	parameter	--concepts=
chinese	parameter	--properties_n=
chinese	parameter	--properties_n=
chinese	parameter	--properties_n=
chinese	parameter	--properties=
chinese	parameter	--properties=
chinese	parameter	--properties=
chinese	parameter	--property=
chinese	parameter	--property=
chinese	parameter	--property=
chinese	parameter	--concept=
chinese	parameter	--concept=
chinese	parameter	--concept=
chinese	parameter	--concepts=
chinese	parameter	--concepts=
chinese	parameter	--concepts=
chinese	parameter	--properties_n=
chinese	parameter	--properties_n=
chinese	parameter	--properties_n=
chinese	parameter	--properties_n=
chinese	parameter	--properties_n=
chinese	parameter	--properties=
chinese	parameter	--properties=
chinese	parameter	--properties=
chinese	parameter	--properties=
chinese	parameter	--properties=
chinese	parameter	--property=
chinese	parameter	--property=
chinese	parameter	--property=
chinese	parameter	--property=
chinese	parameter	--property=
chinese	parameter	--concept=
chinese	parameter	--concept=
chinese	parameter	--concept=
chinese	parameter	--concept=
chinese	parameter	--concept=
chinese	parameter	--concepts=
chinese	parameter	--concepts=
chinese	parameter	--concepts=
chinese	parameter	--concepts=
chinese	parameter	--concepts=
chinese	parameter	--properties_n=
chinese	parameter	--properties=
chinese	parameter	--property=
chinese	parameter	--concept=
chinese	parameter	--concepts=
chinese	parameter	--properties_n=
chinese	parameter	--properties_n=
chinese	parameter	--properties_n=
chinese	parameter	--properties_n=
chinese	parameter	--properties_n=
chinese	parameter	--properties=
chinese	parameter	--properties=
chinese	parameter	--properties=
chinese	parameter	--properties=
chinese	parameter	--properties=
chinese	parameter	--property=
chinese	parameter	--property=
chinese	parameter	--property=
chinese	parameter	--property=
chinese	parameter	--property=
chinese	parameter	--concept=
chinese	parameter	--concept=
chinese	parameter	--concept=
chinese	parameter	--concept=
chinese	parameter	--concept=
chinese	parameter	--concepts=
chinese	parameter	--concepts=
chinese	parameter	--concepts=
chinese	parameter	--concepts=
chinese	parameter	--concepts=
chinese	parameter	--properties_n=
chinese	parameter	--properties_n=
chinese	parameter	--properties_n=
chinese	parameter	--properties_n=
chinese	parameter	--properties=
chinese	parameter	--properties=
chinese	parameter	--properties=
chinese	parameter	--properties=
chinese	parameter	--property=
chinese	parameter	--property=
chinese	parameter	--property=
chinese	parameter	--property=
chinese	parameter	--concept=
chinese	parameter	--concept=
chinese	parameter	--concept=
chinese	parameter	--concept=
chinese	parameter	--concepts=
chinese	parameter	--concepts=
chinese	parameter	--concepts=
chinese	parameter	--concepts=
chinese	parameter	--properties_n=
chinese	parameter	--properties_n=
chinese	parameter	--properties_n=
chinese	parameter	--properties_n=
chinese	parameter	--properties=
chinese	parameter	--properties=
chinese	parameter	--properties=
chinese	parameter	--properties=
chinese	parameter	--property=
chinese	parameter	--property=
chinese	parameter	--property=
chinese	parameter	--property=
chinese	parameter	--concept=
chinese	parameter	--concept=
chinese	parameter	--concept=
chinese	parameter	--concept=
chinese	parameter	--concepts=
chinese	parameter	--concepts=
chinese	parameter	--concepts=
chinese	parameter	--concepts=
chinese	parameter	--properties_n=
chinese	parameter	--properties_n=
chinese	parameter	--properties_n=
chinese	parameter	--properties_n=
chinese	parameter	--properties=
chinese	parameter	--properties=
chinese	parameter	--properties=
chinese	parameter	--properties=
chinese	parameter	--property=
chinese	parameter	--property=
chinese	parameter	--property=
chinese	parameter	--property=
chinese	parameter	--concept=
chinese	parameter	--concept=
chinese	parameter	--concept=
chinese	parameter	--concept=
chinese	parameter	--concepts=
chinese	parameter	--concepts=
chinese	parameter	--concepts=
chinese	parameter	--concepts=
chinese	parameter	--properties_n=
chinese	parameter	--properties_n=
chinese	parameter	--properties_n=
chinese	parameter	--properties_n=
chinese	parameter	--properties=
chinese	parameter	--properties=
chinese	parameter	--properties=
chinese	parameter	--properties=
chinese	parameter	--property=
chinese	parameter	--property=
chinese	parameter	--property=
chinese	parameter	--property=
chinese	parameter	--concept=
chinese	parameter	--concept=
chinese	parameter	--concept=
chinese	parameter	--concept=
chinese	parameter	--concepts=
chinese	parameter	--concepts=
chinese	parameter	--concepts=
chinese	parameter	--concepts=
chinese	parameter	--properties_n=
chinese	parameter	--properties_n=
chinese	parameter	--properties=
chinese	parameter	--properties=
chinese	parameter	--property=
chinese	parameter	--property=
chinese	parameter	--concept=
chinese	parameter	--concept=
chinese	parameter	--concepts=
chinese	parameter	--concepts=
chinese	parameter	--properties_n=
chinese	parameter	--properties_n=
chinese	parameter	--properties=
chinese	parameter	--properties=
chinese	parameter	--property=
chinese	parameter	--property=
chinese	parameter	--concept=
chinese	parameter	--concept=
chinese	parameter	--concepts=
chinese	parameter	--concepts=
chinese	parameter	--properties_n=
chinese	parameter	--properties=
chinese	parameter	--property=
chinese	parameter	--concept=
chinese	parameter	--concepts=
chinese	parameter	--properties_n=
chinese	parameter	--properties_n=
chinese	parameter	--properties=
chinese	parameter	--properties=
chinese	parameter	--property=
chinese	parameter	--property=
chinese	parameter	--concept=
chinese	parameter	--concept=
chinese	parameter	--concepts=
chinese	parameter	--concepts=
chinese	parameter	--properties_n=
chinese	parameter	--properties_n=
chinese	parameter	--properties_n=
chinese	parameter	--properties_n=
chinese	parameter	--properties_n=
chinese	parameter	--properties_n=
chinese	parameter	--properties_n=
chinese	parameter	--properties=
chinese	parameter	--properties=
chinese	parameter	--properties=
chinese	parameter	--properties=
chinese	parameter	--properties=
chinese	parameter	--properties=
chinese	parameter	--properties=
chinese	parameter	--property=
chinese	parameter	--property=
chinese	parameter	--property=
chinese	parameter	--property=
chinese	parameter	--property=
chinese	parameter	--property=
chinese	parameter	--property=
chinese	parameter	--concept=
chinese	parameter	--concept=
chinese	parameter	--concept=
chinese	parameter	--concept=
chinese	parameter	--concept=
chinese	parameter	--concept=
chinese	parameter	--concept=
chinese	parameter	--concepts=
chinese	parameter	--concepts=
chinese	parameter	--concepts=
chinese	parameter	--concepts=
chinese	parameter	--concepts=
chinese	parameter	--concepts=
chinese	parameter	--concepts=
chinese	parameter	--properties_n=
chinese	parameter	--properties_n=
chinese	parameter	--properties=
chinese	parameter	--properties=
chinese	parameter	--property=
chinese	parameter	--property=
chinese	parameter	--concept=
chinese	parameter	--concept=
chinese	parameter	--concepts=
chinese	parameter	--concepts=
chinese	parameter	--properties_n=
chinese	parameter	--properties_n=
chinese	parameter	--properties=
chinese	parameter	--properties=
chinese	parameter	--property=
chinese	parameter	--property=
chinese	parameter	--concept=
chinese	parameter	--concept=
chinese	parameter	--concepts=
chinese	parameter	--concepts=
chinese	parameter	--properties_n=
chinese	parameter	--properties_n=
chinese	parameter	--properties_n=
chinese	parameter	--properties_n=
chinese	parameter	--properties_n=
chinese	parameter	--properties=
chinese	parameter	--properties=
chinese	parameter	--properties=
chinese	parameter	--properties=
chinese	parameter	--properties=
chinese	parameter	--property=
chinese	parameter	--property=
chinese	parameter	--property=
chinese	parameter	--property=
chinese	parameter	--property=
chinese	parameter	--concept=
chinese	parameter	--concept=
chinese	parameter	--concept=
chinese	parameter	--concept=
chinese	parameter	--concept=
chinese	parameter	--concepts=
chinese	parameter	--concepts=
chinese	parameter	--concepts=
chinese	parameter	--concepts=
chinese	parameter	--concepts=
chinese	parameter	--properties_n=
chinese	parameter	--properties_n=
chinese	parameter	--properties_n=
chinese	parameter	--properties=
chinese	parameter	--properties=
chinese	parameter	--properties=
chinese	parameter	--property=
chinese	parameter	--property=
chinese	parameter	--property=
chinese	parameter	--concept=
chinese	parameter	--concept=
chinese	parameter	--concept=
chinese	parameter	--concepts=
chinese	parameter	--concepts=
chinese	parameter	--concepts=
chinese	parameter	--properties_n=
chinese	parameter	--properties_n=
chinese	parameter	--properties=
chinese	parameter	--properties=
chinese	parameter	--property=
chinese	parameter	--property=
chinese	parameter	--concept=
chinese	parameter	--concept=
chinese	parameter	--concepts=
chinese	parameter	--concepts=
chinese	parameter	--properties_n=
chinese	parameter	--properties_n=
chinese	parameter	--properties=
chinese	parameter	--properties=
chinese	parameter	--property=
chinese	parameter	--property=
chinese	parameter	--concept=
chinese	parameter	--concept=
chinese	parameter	--concepts=
chinese	parameter	--concepts=
chinese	parameter	--increment=
chinese	parameter	--increment=
chinese	parameter	--increment=
chinese	parameter	--increment=
chinese	parameter	--increment=
chinese	parameter	--increment=
chinese	parameter	--increment=
chinese	parameter	--increment=
chinese	parameter	--multiplications=
chinese	parameter	--multiplications=
chinese	parameter	--multiplications=
chinese	parameter	--multiplications=
chinese	parameter	--multiplications=
chinese	parameter	--multiplications=
chinese	parameter	--multiplications=
chinese	parameter	--multiplications=
chinese	parameter	--multiplications=
chinese	parameter	--multiplications=
chinese	parameter	--multiplications=
chinese	parameter	--multiplications=
chinese	parameter	--multiplications=
chinese	parameter	--multiplications=
chinese	parameter	--multiplications=
chinese	parameter	--multiplications=
chinese	parameter	--multiplications=
chinese	parameter	--multiplications=
chinese	parameter	--continuum=
chinese	parameter	--continuum=
chinese	parameter	--continuum=
chinese	parameter	--continuum=
chinese	parameter	--continuum=
chinese	parameter	--continuum=
chinese	parameter	--continuum=
chinese	parameter	--continuum=
chinese	parameter	--continuum=
chinese	parameter	--continuum=
chinese	parameter	--continuum=
chinese	parameter	--continuum=
chinese	parameter	--continuum=
chinese	parameter	--continuum=
chinese	parameter	--continuum=
chinese	parameter	--continuum=
chinese	parameter	--continuum=
chinese	parameter	--continuum=
chinese	parameter	--continuum=
chinese	parameter	--continuum=
chinese	parameter	--continuum=
chinese	parameter	--continuum=
chinese	parameter	--continuum=
chinese	parameter	--continuum=
chinese	parameter	--continuum=
chinese	parameter	--continuum=
chinese	parameter	--continuum=
chinese	parameter	--continuum=
chinese	parameter	--continuum=
chinese	parameter	--continuum=
chinese	parameter	--continuum=
chinese	parameter	--continuum=
chinese	parameter	--continuum=
chinese	parameter	--continuum=
chinese	parameter	--continuum=
chinese	parameter	--continuum=
chinese	parameter	--continuum=
chinese	parameter	--continuum=
chinese	parameter	--continuum=
chinese	parameter	--continuum=
chinese	parameter	--continuum=
chinese	parameter	--universe=
chinese	parameter	--universe=
chinese	parameter	--transcendentals=
chinese	parameter	--transcendentals=
chinese	parameter	--structurals=
chinese	parameter	--structurals=
chinese	parameter	--sphere=
chinese	parameter	--sphere=
chinese	parameter	--spheres=
chinese	parameter	--spheres=
chinese	parameter	--ball=
chinese	parameter	--ball=
chinese	parameter	--balls=
chinese	parameter	--balls=
chinese	parameter	--continuum=
chinese	parameter	--continuum=
chinese	parameter	--continuum=
chinese	parameter	--continuum=
chinese	parameter	--continuum=
chinese	parameter	--continuum=
chinese	parameter	--continuum=
chinese	parameter	--continuum=
chinese	parameter	--continuum=
chinese	parameter	--continuum=
chinese	parameter	--continuum=
chinese	parameter	--continuum=
chinese	parameter	--continuum=
chinese	parameter	--continuum=
chinese	parameter	--continuum=
chinese	parameter	--continuum=
chinese	parameter	--continuum=
chinese	parameter	--continuum=
chinese	parameter	--continuum=
chinese	parameter	--continuum=
chinese	parameter	--continuum=
chinese	parameter	--continuum=
chinese	parameter	--continuum=
chinese	parameter	--continuum=
chinese	parameter	--continuum=
chinese	parameter	--continuum=
chinese	parameter	--continuum=
chinese	parameter	--continuum=
chinese	parameter	--continuum=
chinese	parameter	--continuum=
chinese	parameter	--continuum=
chinese	parameter	--multiverse=
chinese	parameter	--multiverse=
chinese	parameter	--multiverse=
chinese	parameter	--multiverse=
chinese	parameter	--multiverse=
chinese	parameter	--multiverse=
chinese	parameter	--continuum=
chinese	parameter	--continuum=
chinese	parameter	--continuum=
chinese	parameter	--multiverse=
chinese	parameter	--multiverse=
chinese	parameter	--multiverse=
chinese	parameter	--continuum=
chinese	parameter	--continuum=
chinese	parameter	--continuum=
chinese	parameter	--continuum=
chinese	parameter	--continuum=
chinese	parameter	--continuum=
chinese	parameter	--continuum=
chinese	parameter	--continuum=
chinese	parameter	--continuum=
chinese	parameter	--continuum=
chinese	parameter	--continuum=
chinese	parameter	--continuum=
chinese	parameter	--continuum=
chinese	parameter	--continuum=
chinese	parameter	--continuum=
chinese	parameter	--continuum=
chinese	parameter	--continuum=
chinese	parameter	--continuum=
chinese	parameter	--continuum=
chinese	parameter	--continuum=
chinese	parameter	--continuum=
chinese	parameter	--human=
chinese	parameter	--human=
chinese	parameter	--human=
chinese	parameter	--human=
chinese	parameter	--human=
chinese	parameter	--human=
chinese	parameter	--human=
chinese	parameter	--human=
chinese	parameter	--human=
chinese	parameter	--human=
chinese	parameter	--human=
chinese	parameter	--human=
chinese	parameter	--human=
chinese	parameter	--human=
chinese	parameter	--human=
chinese	parameter	--continuum=
chinese	parameter	--continuum=
chinese	parameter	--continuum=
chinese	parameter	--all=
chinese	parameter	--=
chinese	parameter	--width=
chinese	parameter	--widths=
chinese	parameter	--nonumbering
chinese	parameter	--*=
chinese	parameter	-lines
chinese	parameter	-columns
chinese	parameter	-combination
chinese	parameter	-output
chinese	parameter	-debug
chinese	parameter	-h
chinese	parameter	-help
chinese	command	help
chinese	command	intent
chinese	command	shortcuts
chinese	command	commands
chinese	command	size
chinese	command	thomas
chinese	command	universe
chinese	command	consciousness
chinese	command	emotions
chinese	command	impulses
chinese	command	mind
chinese	command	reta
chinese	command	exit
chinese	command	logging_no
chinese	command	logging_yes
chinese	command	quit
chinese	command	:q
chinese	command	CommandClearSaves
chinese	command	CommandSaveAfter
chinese	command	CommandSaveBefore
chinese	command	CommandSaveOutput
chinese	command	HELP
chinese	command	abc
chinese	command	abcd
chinese	command	all
chinese	command	circles
chinese	command	clear
chinese	command	complex
chinese	command	direction
chinese	command	distance
chinese	command	distancePrime
chinese	command	divider
chinese	command	drive
chinese	command	ee
chinese	command	end
chinese	command	equality
chinese	command	freedom
chinese	command	intentions
chinese	command	invert
chinese	command	math
chinese	command	modulo
chinese	command	moon
chinese	command	motifs
chinese	command	motive
chinese	command	mulpri
chinese	command	multiple
chinese	command	multis
chinese	command	multis3
chinese	command	network
chinese	command	noOneCharacterLinePlusNoOutputWhichCommandItWas
chinese	command	primaryfactorcomparison
chinese	command	prime
chinese	command	prime24
chinese	command	primecross
chinese	command	primefactorization
chinese	command	primefactorizationModulo24
chinese	command	python
chinese	command	range
chinese	command	shell
chinese	command	single
chinese	command	spheres
chinese	command	truthRealities
chinese	command	C
chinese	command	D
chinese	command	E
chinese	command	I
chinese	command	M
chinese	command	R
chinese	command	S
chinese	command	T
chinese	command	c
chinese	command	d
chinese	command	e
chinese	command	h
chinese	command	i
chinese	command	m
chinese	command	o
chinese	command	p
chinese	command	q
chinese	command	r
chinese	command	s
chinese	command	t
chinese	command	u
chinese	command	15_1
chinese	command	15_10
chinese	command	15_10_4
chinese	command	15_10_4_18_6
chinese	command	15_11
chinese	command	15_12
chinese	command	15_13
chinese	command	15_13_10
chinese	command	15_13_13
chinese	command	15_13_16
chinese	command	15_13_17
chinese	command	15_13_1pro6
chinese	command	15_13_1pro8
chinese	command	15_13_4
chinese	command	15_13_6
chinese	command	15_13_7
chinese	command	15_14
chinese	command	15_14_6
chinese	command	15_15
chinese	command	15_16
chinese	command	15_17
chinese	command	15_17_6
chinese	command	15_17_6_10with4
chinese	command	15_18
chinese	command	15_18_10
chinese	command	15_18_15
chinese	command	15_18_15_n-vs-1pron
chinese	command	15_18_17
chinese	command	15_18_6
chinese	command	15_18_7
chinese	command	15_19
chinese	command	15_1pro12
chinese	command	15_1pro13
chinese	command	15_1pro15
chinese	command	15_1pro19
chinese	command	15_1pro3
chinese	command	15_1pro30
chinese	command	15_1pro5
chinese	command	15_1pro6
chinese	command	15_1pro8
chinese	command	15_2
chinese	command	15_20
chinese	command	15_21
chinese	command	15_24
chinese	command	15_26
chinese	command	15_28
chinese	command	15_3
chinese	command	15_30
chinese	command	15_31
chinese	command	15_32
chinese	command	15_36
chinese	command	15_37
chinese	command	15_39
chinese	command	15_4
chinese	command	15_5
chinese	command	15_51
chinese	command	15_5_10
chinese	command	15_6
chinese	command	15_7
chinese	command	15_7with6
chinese	command	15_8
chinese	command	15_9
chinese	command	15_90
chinese	command	15_9_6
chinese	command	15_against5
chinese	command	16_1
chinese	command	16_10
chinese	command	16_15
chinese	command	16_15_1
chinese	command	16_15_10
chinese	command	16_15_10_4
chinese	command	16_15_10_4_18_6
chinese	command	16_15_11
chinese	command	16_15_12
chinese	command	16_15_13
chinese	command	16_15_13_10
chinese	command	16_15_13_13
chinese	command	16_15_13_16
chinese	command	16_15_13_17
chinese	command	16_15_13_1pro6
chinese	command	16_15_13_1pro8
chinese	command	16_15_13_4
chinese	command	16_15_13_6
chinese	command	16_15_13_7
chinese	command	16_15_14
chinese	command	16_15_14_6
chinese	command	16_15_16
chinese	command	16_15_17
chinese	command	16_15_17_6
chinese	command	16_15_17_6_10with4
chinese	command	16_15_18
chinese	command	16_15_18_10
chinese	command	16_15_18_15
chinese	command	16_15_18_15_n-vs-1pron
chinese	command	16_15_18_17
chinese	command	16_15_18_6
chinese	command	16_15_18_7
chinese	command	16_15_19
chinese	command	16_15_1pro12
chinese	command	16_15_1pro13
chinese	command	16_15_1pro15
chinese	command	16_15_1pro19
chinese	command	16_15_1pro3
chinese	command	16_15_1pro30
chinese	command	16_15_1pro5
chinese	command	16_15_1pro6
chinese	command	16_15_1pro8
chinese	command	16_15_2
chinese	command	16_15_20
chinese	command	16_15_21
chinese	command	16_15_24
chinese	command	16_15_26
chinese	command	16_15_28
chinese	command	16_15_3
chinese	command	16_15_30
chinese	command	16_15_31
chinese	command	16_15_32
chinese	command	16_15_36
chinese	command	16_15_37
chinese	command	16_15_39
chinese	command	16_15_4
chinese	command	16_15_5
chinese	command	16_15_51
chinese	command	16_15_5_10
chinese	command	16_15_6
chinese	command	16_15_7
chinese	command	16_15_7with6
chinese	command	16_15_8
chinese	command	16_15_9
chinese	command	16_15_90
chinese	command	16_15_9_6
chinese	command	16_15_against5
chinese	command	16_16
chinese	command	16_2
chinese	command	16_20
chinese	command	16_3
chinese	command	16_5
chinese	command	16_6
chinese	command	PROPNIAddiction
chinese	command	PROPNIless
chinese	command	PROPNX-ray
chinese	command	PROPNaffection
chinese	command	PROPNaffection_dislike
chinese	command	PROPNaffectionate
chinese	command	PROPNaltruism
chinese	command	PROPNaltruist
chinese	command	PROPNarrogance
chinese	command	PROPNarrogant
chinese	command	PROPNass
chinese	command	PROPNasshole
chinese	command	PROPNauthoritarian
chinese	command	PROPNaverse
chinese	command	PROPNbad
chinese	command	PROPNcachetPrestigeValidity
chinese	command	PROPNcausal
chinese	command	PROPNconnect
chinese	command	PROPNcooperation
chinese	command	PROPNcooperation_vs_ass
chinese	command	PROPNcourteous
chinese	command	PROPNdenounce
chinese	command	PROPNdispute
chinese	command	PROPNegalitarian
chinese	command	PROPNegalitarianAuthoritarian
chinese	command	PROPNegalitarian_vs_authoritarian
chinese	command	PROPNego
chinese	command	PROPNegoism
chinese	command	PROPNegoism_vs_altruism
chinese	command	PROPNegoist
chinese	command	PROPNencourage
chinese	command	PROPNencourage_sensitize_and_grant
chinese	command	PROPNengage_trust_denounce
chinese	command	PROPNequal
chinese	command	PROPNequality
chinese	command	PROPNevil
chinese	command	PROPNfamilial
chinese	command	PROPNfamilyneeds
chinese	command	PROPNfriends
chinese	command	PROPNgenesis
chinese	command	PROPNgentle_vs_hard
chinese	command	PROPNget_your_right
chinese	command	PROPNgettingNear
chinese	command	PROPNgodly
chinese	command	PROPNgods_prophets_families_friends
chinese	command	PROPNgood
chinese	command	PROPNgood_evil_love_bad
chinese	command	PROPNhard
chinese	command	PROPNhonest
chinese	command	PROPNhonest_vs_polite
chinese	command	PROPNhonesty
chinese	command	PROPNhonesty_and_contention
chinese	command	PROPNhumble
chinese	command	PROPNidiot
chinese	command	PROPNilluminate
chinese	command	PROPNinclined
chinese	command	PROPNinferior
chinese	command	PROPNinferior_superior
chinese	command	PROPNinvent
chinese	command	PROPNkind
chinese	command	PROPNlatchOn
chinese	command	PROPNlaw
chinese	command	PROPNleadership
chinese	command	PROPNlimit
chinese	command	PROPNlove
chinese	command	PROPNlove_etc
chinese	command	PROPNmeaning
chinese	command	PROPNmeaning_and_purpose_of_life
chinese	command	PROPNmeta-wisdom
chinese	command	PROPNmetawisdom
chinese	command	PROPNmonotonous
chinese	command	PROPNmorality
chinese	command	PROPNopinionintelligence
chinese	command	PROPNopinions
chinese	command	PROPNopinions_and_reputation
chinese	command	PROPNoptimal
chinese	command	PROPNoptimum
chinese	command	PROPNoriginintelligence
chinese	command	PROPNotherpeople
chinese	command	PROPNoutnumber
chinese	command	PROPNpolarityOfLove
chinese	command	PROPNpolarity_of_love
chinese	command	PROPNpolite
chinese	command	PROPNpromote
chinese	command	PROPNprophets
chinese	command	PROPNpurpose
chinese	command	PROPNraiseawareness
chinese	command	PROPNreputation
chinese	command	PROPNresearch
chinese	command	PROPNresearch_invention_engagement
chinese	command	PROPNreserved
chinese	command	PROPNrights
chinese	command	PROPNscience
chinese	command	PROPNscope
chinese	command	PROPNselfishness
chinese	command	PROPNselfishness_wantingYourOwnI_etc
chinese	command	PROPNselfless
chinese	command	PROPNselflessness_Ilessness_etc
chinese	command	PROPNselfrighteous
chinese	command	PROPNsenseAndMeaning
chinese	command	PROPNsimilar
chinese	command	PROPNsoft
chinese	command	PROPNspace
chinese	command	PROPNspatially
chinese	command	PROPNspoil
chinese	command	PROPNsurvival
chinese	command	PROPNsurvive
chinese	command	PROPNthrive
chinese	command	PROPNtime
chinese	command	PROPNtime_vs_space
chinese	command	PROPNtrustMaintain
chinese	command	PROPNunite
chinese	command	PROPNuniteConnect
chinese	command	PROPNunite_vs_connect
chinese	command	PROPNunity
chinese	command	PROPNvaluable
chinese	command	PROPNvaried
chinese	command	PROPNvaried_monotonous
chinese	command	PROPNwisdom
chinese	command	PROPNwisdom_etc
chinese	command	PROPNwise
chinese	command	PROPNworthless
chinese	command	PROPRGoodnessegoism
chinese	command	PROPRacceptance
chinese	command	PROPRadversity
chinese	command	PROPRalign
chinese	command	PROPRalign_setup
chinese	command	PROPRdignified
chinese	command	PROPRepistemology
chinese	command	PROPRexception
chinese	command	PROPRfilterType
chinese	command	PROPRfilter_type_and_violation
chinese	command	PROPRgoodreciprocal
chinese	command	PROPRposition
chinese	command	PROPRreflect
chinese	command	PROPRreflect_recognize
chinese	command	PROPRrespect
chinese	command	PROPRrule
chinese	command	PROPRrule_vs_exception
chinese	command	PROPRtolerance
chinese	command	PROPRtolerance_respect_acceptance_welcome
chinese	command	PROPRtrust_want
chinese	command	PROPRvalues
chinese	command	PROPRwantToTrust
chinese	command	PROPRwelcome
chinese	command	PROPRworthy
chinese	allowed_fraction	2
chinese	allowed_fraction	3
chinese	allowed_fraction	4
chinese	allowed_fraction	5
chinese	allowed_fraction	6
chinese	allowed_fraction	7
chinese	allowed_fraction	8
chinese	allowed_fraction	9
chinese	allowed_fraction	10
chinese	allowed_fraction	11
chinese	allowed_fraction	12
chinese	allowed_fraction	13
chinese	allowed_fraction	14
chinese	allowed_fraction	15
chinese	allowed_fraction	16
chinese	allowed_fraction	17
chinese	allowed_fraction	18
chinese	allowed_fraction	19
chinese	allowed_fraction	20
chinese	allowed_fraction	21
chinese	allowed_fraction	22
chinese	short	C
chinese	short	D
chinese	short	E
chinese	short	I
chinese	short	M
chinese	short	R
chinese	short	S
chinese	short	T
chinese	short	c
chinese	short	d
chinese	short	e
chinese	short	h
chinese	short	i
chinese	short	m
chinese	short	o
chinese	short	p
chinese	short	q
chinese	short	r
chinese	short	s
chinese	short	t
chinese	short	u
korean	parameter	--nocolor
korean	parameter	--justtext
korean	parameter	--type=
korean	parameter	--onetable
korean	parameter	--columnorderandonlythese=
korean	parameter	--endlessscreen
korean	parameter	--endless
korean	parameter	--dontwrap
korean	parameter	--width=
korean	parameter	--widths=
korean	parameter	--noblankcontents
korean	parameter	--nonumbering
korean	parameter	--noheadings
korean	parameter	--*=
korean	parameter	--time=
korean	parameter	--ranges=
korean	parameter	--thisrangebefore=
korean	parameter	--thisrangebeforedividers
korean	parameter	--primemultiples=
korean	parameter	--retrospectiverecount=
korean	parameter	--retrospectiverecountmultiples=
korean	parameter	--all
korean	parameter	--potenciesofnumbers=
korean	parameter	--type=
korean	parameter	--multiplesofnumbers=
korean	parameter	--uppermaximum=
korean	parameter	--primenumbers=
korean	parameter	--invert
korean	parameter	--*=
korean	parameter	--galaxy=
korean	parameter	--universe=
korean	parameter	--*=
korean	parameter	--most_important_to_understand=
korean	parameter	--mostimportanttounderstand=
korean	parameter	--human=
korean	parameter	--human=
korean	parameter	--human=
korean	parameter	--human=
korean	parameter	--human=
korean	parameter	--Herrschaft=
korean	parameter	--Herrschaft=
korean	parameter	--Herrschaft=
korean	parameter	--macht=
korean	parameter	--macht=
korean	parameter	--macht=
korean	parameter	--Herrschaft=
korean	parameter	--Herrschaft=
korean	parameter	--Herrschaft=
korean	parameter	--Herrschaft=
korean	parameter	--Herrschaft=
korean	parameter	--macht=
korean	parameter	--macht=
korean	parameter	--macht=
korean	parameter	--macht=
korean	parameter	--macht=
korean	parameter	--Herrschaft=
korean	parameter	--Herrschaft=
korean	parameter	--Herrschaft=
korean	parameter	--Herrschaft=
korean	parameter	--macht=
korean	parameter	--macht=
korean	parameter	--macht=
korean	parameter	--macht=
korean	parameter	--Herrschaft=
korean	parameter	--Herrschaft=
korean	parameter	--macht=
korean	parameter	--macht=
korean	parameter	--MetaMetaPhysik_und_MetaChemie=
korean	parameter	--Herrschaft=
korean	parameter	--Herrschaft=
korean	parameter	--macht=
korean	parameter	--macht=
korean	parameter	--Herrschaft=
korean	parameter	--Herrschaft=
korean	parameter	--macht=
korean	parameter	--macht=
korean	parameter	--Herrschaft=
korean	parameter	--Herrschaft=
korean	parameter	--macht=
korean	parameter	--macht=
korean	parameter	--universe=
korean	parameter	--universe=
korean	parameter	--transcendentals=
korean	parameter	--transcendentals=
korean	parameter	--structurals=
korean	parameter	--structurals=
korean	parameter	--sphere=
korean	parameter	--sphere=
korean	parameter	--spheres=
korean	parameter	--spheres=
korean	parameter	--ball=
korean	parameter	--ball=
korean	parameter	--balls=
korean	parameter	--balls=
korean	parameter	--universe=
korean	parameter	--universe=
korean	parameter	--transcendentals=
korean	parameter	--transcendentals=
korean	parameter	--structurals=
korean	parameter	--structurals=
korean	parameter	--sphere=
korean	parameter	--sphere=
korean	parameter	--spheres=
korean	parameter	--spheres=
korean	parameter	--ball=
korean	parameter	--ball=
korean	parameter	--balls=
korean	parameter	--balls=
korean	parameter	--planet_(10_and_or_12)=
korean	parameter	--planet_(10_and_or_12)=
korean	parameter	--planet=
korean	parameter	--planet=
korean	parameter	--planet_(10_and_or_12)=
korean	parameter	--planet_(10_and_or_12)=
korean	parameter	--planet_(10_and_or_12)=
korean	parameter	--planet=
korean	parameter	--planet=
korean	parameter	--planet=
korean	parameter	--planet_(10_and_or_12)=
korean	parameter	--planet_(10_and_or_12)=
korean	parameter	--planet_(10_and_or_12)=
korean	parameter	--planet=
korean	parameter	--planet=
korean	parameter	--planet=
korean	parameter	--Herrschaft=
korean	parameter	--Herrschaft=
korean	parameter	--macht=
korean	parameter	--macht=
korean	parameter	--Herrschaft=
korean	parameter	--Herrschaft=
korean	parameter	--Herrschaft=
korean	parameter	--macht=
korean	parameter	--macht=
korean	parameter	--macht=
korean	parameter	--religions=
korean	parameter	--religion=
korean	parameter	--galaxy=
korean	parameter	--ancientscripts=
korean	parameter	--circle=
korean	parameter	--galaxies=
korean	parameter	--circles=
korean	parameter	--universe=
korean	parameter	--universe=
korean	parameter	--transcendentals=
korean	parameter	--transcendentals=
korean	parameter	--structurals=
korean	parameter	--structurals=
korean	parameter	--sphere=
korean	parameter	--sphere=
korean	parameter	--spheres=
korean	parameter	--spheres=
korean	parameter	--ball=
korean	parameter	--ball=
korean	parameter	--balls=
korean	parameter	--balls=
korean	parameter	--universe=
korean	parameter	--transcendentals=
korean	parameter	--structurals=
korean	parameter	--sphere=
korean	parameter	--spheres=
korean	parameter	--ball=
korean	parameter	--balls=
korean	parameter	--human=
korean	parameter	--human=
korean	parameter	--human=
korean	parameter	--human=
korean	parameter	--human=
korean	parameter	--human=
korean	parameter	--human=
korean	parameter	--human=
korean	parameter	--human=
korean	parameter	--human=
korean	parameter	--planet_(10_and_or_12)=
korean	parameter	--planet_(10_and_or_12)=
korean	parameter	--planet=
korean	parameter	--planet=
korean	parameter	--planet_(10_and_or_12)=
korean	parameter	--planet_(10_and_or_12)=
korean	parameter	--planet_(10_and_or_12)=
korean	parameter	--planet=
korean	parameter	--planet=
korean	parameter	--planet=
korean	parameter	--planet_(10_and_or_12)=
korean	parameter	--planet=
korean	parameter	--planet_(10_and_or_12)=
korean	parameter	--planet_(10_and_or_12)=
korean	parameter	--planet_(10_and_or_12)=
korean	parameter	--planet=
korean	parameter	--planet=
korean	parameter	--planet=
korean	parameter	--planet_(10_and_or_12)=
korean	parameter	--planet=
korean	parameter	--planet_(10_and_or_12)=
korean	parameter	--planet_(10_and_or_12)=
korean	parameter	--planet=
korean	parameter	--planet=
korean	parameter	--most_important_to_understand=
korean	parameter	--mostimportanttounderstand=
korean	parameter	--most_important_to_understand=
korean	parameter	--mostimportanttounderstand=
korean	parameter	--most_important_to_understand=
korean	parameter	--most_important_to_understand=
korean	parameter	--mostimportanttounderstand=
korean	parameter	--mostimportanttounderstand=
korean	parameter	--most_important_to_think_about=
korean	parameter	--mostImportantToClassify=
korean	parameter	--most_important_to_think_about=
korean	parameter	--mostImportantToClassify=
korean	parameter	--operations=
korean	parameter	--religions=
korean	parameter	--religions=
korean	parameter	--religions=
korean	parameter	--religions=
korean	parameter	--religion=
korean	parameter	--religion=
korean	parameter	--religion=
korean	parameter	--religion=
korean	parameter	--religions=
korean	parameter	--religion=
korean	parameter	--human=
korean	parameter	--religions=
korean	parameter	--religions=
korean	parameter	--religion=
korean	parameter	--religion=
korean	parameter	--religions=
korean	parameter	--religions=
korean	parameter	--religion=
korean	parameter	--religion=
korean	parameter	--religions=
korean	parameter	--religions=
korean	parameter	--religions=
korean	parameter	--religion=
korean	parameter	--religion=
korean	parameter	--religion=
korean	parameter	--religions=
korean	parameter	--religions=
korean	parameter	--religions=
korean	parameter	--religions=
korean	parameter	--religion=
korean	parameter	--religion=
korean	parameter	--religion=
korean	parameter	--religion=
korean	parameter	--religions=
korean	parameter	--religions=
korean	parameter	--religions=
korean	parameter	--religions=
korean	parameter	--religions=
korean	parameter	--religion=
korean	parameter	--religion=
korean	parameter	--religion=
korean	parameter	--religion=
korean	parameter	--religion=
korean	parameter	--religions=
korean	parameter	--religions=
korean	parameter	--religions=
korean	parameter	--religions=
korean	parameter	--religion=
korean	parameter	--religion=
korean	parameter	--religion=
korean	parameter	--religion=
korean	parameter	--religions=
korean	parameter	--religions=
korean	parameter	--religions=
korean	parameter	--religions=
korean	parameter	--religions=
korean	parameter	--religions=
korean	parameter	--religions=
korean	parameter	--religions=
korean	parameter	--religions=
korean	parameter	--religions=
korean	parameter	--religions=
korean	parameter	--religions=
korean	parameter	--religion=
korean	parameter	--religion=
korean	parameter	--religion=
korean	parameter	--religion=
korean	parameter	--religion=
korean	parameter	--religion=
korean	parameter	--religion=
korean	parameter	--religion=
korean	parameter	--religion=
korean	parameter	--religion=
korean	parameter	--religion=
korean	parameter	--religion=
korean	parameter	--galaxy=
korean	parameter	--ancientscripts=
korean	parameter	--circle=
korean	parameter	--galaxies=
korean	parameter	--circles=
korean	parameter	--galaxy=
korean	parameter	--galaxy=
korean	parameter	--galaxy=
korean	parameter	--galaxy=
korean	parameter	--galaxy=
korean	parameter	--ancientscripts=
korean	parameter	--ancientscripts=
korean	parameter	--ancientscripts=
korean	parameter	--ancientscripts=
korean	parameter	--ancientscripts=
korean	parameter	--circle=
korean	parameter	--circle=
korean	parameter	--circle=
korean	parameter	--circle=
korean	parameter	--circle=
korean	parameter	--galaxies=
korean	parameter	--galaxies=
korean	parameter	--galaxies=
korean	parameter	--galaxies=
korean	parameter	--galaxies=
korean	parameter	--circles=
korean	parameter	--circles=
korean	parameter	--circles=
korean	parameter	--circles=
korean	parameter	--circles=
korean	parameter	--increment=
korean	parameter	--increment=
korean	parameter	--increment=
korean	parameter	--galaxy=
korean	parameter	--galaxy=
korean	parameter	--ancientscripts=
korean	parameter	--ancientscripts=
korean	parameter	--circle=
korean	parameter	--circle=
korean	parameter	--galaxies=
korean	parameter	--galaxies=
korean	parameter	--circles=
korean	parameter	--circles=
korean	parameter	--multiverse=
korean	parameter	--multiverse=
korean	parameter	--multiverse=
korean	parameter	--multiverse=
korean	parameter	--multiverse=
korean	parameter	--multiverse=
korean	parameter	--MetaMetaPhysik_und_MetaChemie=
korean	parameter	--MetaMetaPhysik_und_MetaChemie=
korean	parameter	--MetaMetaPhysik_und_MetaChemie=
korean	parameter	--multiverse=
korean	parameter	--multiverse=
korean	parameter	--multiverse=
korean	parameter	--multiverse=
korean	parameter	--basic_structures=
korean	parameter	--universe=
korean	parameter	--universe=
korean	parameter	--transcendentals=
korean	parameter	--transcendentals=
korean	parameter	--structurals=
korean	parameter	--structurals=
korean	parameter	--sphere=
korean	parameter	--sphere=
korean	parameter	--spheres=
korean	parameter	--spheres=
korean	parameter	--ball=
korean	parameter	--ball=
korean	parameter	--balls=
korean	parameter	--balls=
korean	parameter	--universe=
korean	parameter	--transcendentals=
korean	parameter	--structurals=
korean	parameter	--sphere=
korean	parameter	--spheres=
korean	parameter	--ball=
korean	parameter	--balls=
korean	parameter	--universe=
korean	parameter	--transcendentals=
korean	parameter	--structurals=
korean	parameter	--sphere=
korean	parameter	--spheres=
korean	parameter	--ball=
korean	parameter	--balls=
korean	parameter	--universe=
korean	parameter	--universe=
korean	parameter	--universe=
korean	parameter	--transcendentals=
korean	parameter	--transcendentals=
korean	parameter	--transcendentals=
korean	parameter	--structurals=
korean	parameter	--structurals=
korean	parameter	--structurals=
korean	parameter	--sphere=
korean	parameter	--sphere=
korean	parameter	--sphere=
korean	parameter	--spheres=
korean	parameter	--spheres=
korean	parameter	--spheres=
korean	parameter	--ball=
korean	parameter	--ball=
korean	parameter	--ball=
korean	parameter	--balls=
korean	parameter	--balls=
korean	parameter	--balls=
korean	parameter	--human=
korean	parameter	--human=
korean	parameter	--human=
korean	parameter	--human=
korean	parameter	--basic_structures=
korean	parameter	--human=
korean	parameter	--human=
korean	parameter	--human=
korean	parameter	--basic_structures=
korean	parameter	--basic_structures=
korean	parameter	--human=
korean	parameter	--basic_structures=
korean	parameter	--universe=
korean	parameter	--transcendentals=
korean	parameter	--structurals=
korean	parameter	--sphere=
korean	parameter	--spheres=
korean	parameter	--ball=
korean	parameter	--balls=
korean	parameter	--universe=
korean	parameter	--universe=
korean	parameter	--universe=
korean	parameter	--transcendentals=
korean	parameter	--transcendentals=
korean	parameter	--transcendentals=
korean	parameter	--structurals=
korean	parameter	--structurals=
korean	parameter	--structurals=
korean	parameter	--sphere=
korean	parameter	--sphere=
korean	parameter	--sphere=
korean	parameter	--spheres=
korean	parameter	--spheres=
korean	parameter	--spheres=
korean	parameter	--ball=
korean	parameter	--ball=
korean	parameter	--ball=
korean	parameter	--balls=
korean	parameter	--balls=
korean	parameter	--balls=
korean	parameter	--universe=
korean	parameter	--universe=
korean	parameter	--universe=
korean	parameter	--transcendentals=
korean	parameter	--transcendentals=
korean	parameter	--transcendentals=
korean	parameter	--structurals=
korean	parameter	--structurals=
korean	parameter	--structurals=
korean	parameter	--sphere=
korean	parameter	--sphere=
korean	parameter	--sphere=
korean	parameter	--spheres=
korean	parameter	--spheres=
korean	parameter	--spheres=
korean	parameter	--ball=
korean	parameter	--ball=
korean	parameter	--ball=
korean	parameter	--balls=
korean	parameter	--balls=
korean	parameter	--balls=
korean	parameter	--universe=
korean	parameter	--universe=
korean	parameter	--universe=
korean	parameter	--transcendentals=
korean	parameter	--transcendentals=
korean	parameter	--transcendentals=
korean	parameter	--structurals=
korean	parameter	--structurals=
korean	parameter	--structurals=
korean	parameter	--sphere=
korean	parameter	--sphere=
korean	parameter	--sphere=
korean	parameter	--spheres=
korean	parameter	--spheres=
korean	parameter	--spheres=
korean	parameter	--ball=
korean	parameter	--ball=
korean	parameter	--ball=
korean	parameter	--balls=
korean	parameter	--balls=
korean	parameter	--balls=
korean	parameter	--universe=
korean	parameter	--universe=
korean	parameter	--transcendentals=
korean	parameter	--transcendentals=
korean	parameter	--structurals=
korean	parameter	--structurals=
korean	parameter	--sphere=
korean	parameter	--sphere=
korean	parameter	--spheres=
korean	parameter	--spheres=
korean	parameter	--ball=
korean	parameter	--ball=
korean	parameter	--balls=
korean	parameter	--balls=
korean	parameter	--universe=
korean	parameter	--universe=
korean	parameter	--transcendentals=
korean	parameter	--transcendentals=
korean	parameter	--structurals=
korean	parameter	--structurals=
korean	parameter	--sphere=
korean	parameter	--sphere=
korean	parameter	--spheres=
korean	parameter	--spheres=
korean	parameter	--ball=
korean	parameter	--ball=
korean	parameter	--balls=
korean	parameter	--balls=
korean	parameter	--universe=
korean	parameter	--universe=
korean	parameter	--transcendentals=
korean	parameter	--transcendentals=
korean	parameter	--structurals=
korean	parameter	--structurals=
korean	parameter	--sphere=
korean	parameter	--sphere=
korean	parameter	--spheres=
korean	parameter	--spheres=
korean	parameter	--ball=
korean	parameter	--ball=
korean	parameter	--balls=
korean	parameter	--balls=
korean	parameter	--universe=
korean	parameter	--universe=
korean	parameter	--transcendentals=
korean	parameter	--transcendentals=
korean	parameter	--structurals=
korean	parameter	--structurals=
korean	parameter	--sphere=
korean	parameter	--sphere=
korean	parameter	--spheres=
korean	parameter	--spheres=
korean	parameter	--ball=
korean	parameter	--ball=
korean	parameter	--balls=
korean	parameter	--balls=
korean	parameter	--universe=
korean	parameter	--transcendentals=
korean	parameter	--structurals=
korean	parameter	--sphere=
korean	parameter	--spheres=
korean	parameter	--ball=
korean	parameter	--balls=
korean	parameter	--particle-meta-physics=
korean	parameter	--particles=
korean	parameter	--particle-meta-physics=
korean	parameter	--particle-meta-physics=
korean	parameter	--particles=
korean	parameter	--particles=
korean	parameter	--particle-meta-physics=
korean	parameter	--particles=
korean	parameter	--particle-meta-physics=
korean	parameter	--particles=
korean	parameter	--particle-meta-physics=
korean	parameter	--particles=
korean	parameter	--particle-meta-physics=
korean	parameter	--particles=
korean	parameter	--particle-meta-physics=
korean	parameter	--particles=
korean	parameter	--particle-meta-physics=
korean	parameter	--particles=
korean	parameter	--universe=
korean	parameter	--universe=
korean	parameter	--transcendentals=
korean	parameter	--transcendentals=
korean	parameter	--structurals=
korean	parameter	--structurals=
korean	parameter	--sphere=
korean	parameter	--sphere=
korean	parameter	--spheres=
korean	parameter	--spheres=
korean	parameter	--ball=
korean	parameter	--ball=
korean	parameter	--balls=
korean	parameter	--balls=
korean	parameter	--universe=
korean	parameter	--universe=
korean	parameter	--universe=
korean	parameter	--universe=
korean	parameter	--transcendentals=
korean	parameter	--transcendentals=
korean	parameter	--transcendentals=
korean	parameter	--transcendentals=
korean	parameter	--structurals=
korean	parameter	--structurals=
korean	parameter	--structurals=
korean	parameter	--structurals=
korean	parameter	--sphere=
korean	parameter	--sphere=
korean	parameter	--sphere=
korean	parameter	--sphere=
korean	parameter	--spheres=
korean	parameter	--spheres=
korean	parameter	--spheres=
korean	parameter	--spheres=
korean	parameter	--ball=
korean	parameter	--ball=
korean	parameter	--ball=
korean	parameter	--ball=
korean	parameter	--balls=
korean	parameter	--balls=
korean	parameter	--balls=
korean	parameter	--balls=
korean	parameter	--multiverse=
korean	parameter	--multiverse=
korean	parameter	--multiverse=
korean	parameter	--multiverse=
korean	parameter	--multiverse=
korean	parameter	--galaxy=
korean	parameter	--galaxy=
korean	parameter	--galaxy=
korean	parameter	--galaxy=
korean	parameter	--ancientscripts=
korean	parameter	--ancientscripts=
korean	parameter	--ancientscripts=
korean	parameter	--ancientscripts=
korean	parameter	--circle=
korean	parameter	--circle=
korean	parameter	--circle=
korean	parameter	--circle=
korean	parameter	--galaxies=
korean	parameter	--galaxies=
korean	parameter	--galaxies=
korean	parameter	--galaxies=
korean	parameter	--circles=
korean	parameter	--circles=
korean	parameter	--circles=
korean	parameter	--circles=
korean	parameter	--galaxy=
korean	parameter	--galaxy=
korean	parameter	--galaxy=
korean	parameter	--ancientscripts=
korean	parameter	--ancientscripts=
korean	parameter	--ancientscripts=
korean	parameter	--circle=
korean	parameter	--circle=
korean	parameter	--circle=
korean	parameter	--galaxies=
korean	parameter	--galaxies=
korean	parameter	--galaxies=
korean	parameter	--circles=
korean	parameter	--circles=
korean	parameter	--circles=
korean	parameter	--galaxy=
korean	parameter	--galaxy=
korean	parameter	--galaxy=
korean	parameter	--ancientscripts=
korean	parameter	--ancientscripts=
korean	parameter	--ancientscripts=
korean	parameter	--circle=
korean	parameter	--circle=
korean	parameter	--circle=
korean	parameter	--galaxies=
korean	parameter	--galaxies=
korean	parameter	--galaxies=
korean	parameter	--circles=
korean	parameter	--circles=
korean	parameter	--circles=
korean	parameter	--galaxy=
korean	parameter	--galaxy=
korean	parameter	--galaxy=
korean	parameter	--ancientscripts=
korean	parameter	--ancientscripts=
korean	parameter	--ancientscripts=
korean	parameter	--circle=
korean	parameter	--circle=
korean	parameter	--circle=
korean	parameter	--galaxies=
korean	parameter	--galaxies=
korean	parameter	--galaxies=
korean	parameter	--circles=
korean	parameter	--circles=
korean	parameter	--circles=
korean	parameter	--basic_structures=
korean	parameter	--basic_structures=
korean	parameter	--basic_structures=
korean	parameter	--basic_structures=
korean	parameter	--basic_structures=
korean	parameter	--basic_structures=
korean	parameter	--basic_structures=
korean	parameter	--basic_structures=
korean	parameter	--galaxy=
korean	parameter	--galaxy=
korean	parameter	--galaxy=
korean	parameter	--ancientscripts=
korean	parameter	--ancientscripts=
korean	parameter	--ancientscripts=
korean	parameter	--circle=
korean	parameter	--circle=
korean	parameter	--circle=
korean	parameter	--galaxies=
korean	parameter	--galaxies=
korean	parameter	--galaxies=
korean	parameter	--circles=
korean	parameter	--circles=
korean	parameter	--circles=
korean	parameter	--galaxy=
korean	parameter	--galaxy=
korean	parameter	--galaxy=
korean	parameter	--galaxy=
korean	parameter	--galaxy=
korean	parameter	--galaxy=
korean	parameter	--galaxy=
korean	parameter	--ancientscripts=
korean	parameter	--ancientscripts=
korean	parameter	--ancientscripts=
korean	parameter	--ancientscripts=
korean	parameter	--ancientscripts=
korean	parameter	--ancientscripts=
korean	parameter	--ancientscripts=
korean	parameter	--circle=
korean	parameter	--circle=
korean	parameter	--circle=
korean	parameter	--circle=
korean	parameter	--circle=
korean	parameter	--circle=
korean	parameter	--circle=
korean	parameter	--galaxies=
korean	parameter	--galaxies=
korean	parameter	--galaxies=
korean	parameter	--galaxies=
korean	parameter	--galaxies=
korean	parameter	--galaxies=
korean	parameter	--galaxies=
korean	parameter	--circles=
korean	parameter	--circles=
korean	parameter	--circles=
korean	parameter	--circles=
korean	parameter	--circles=
korean	parameter	--circles=
korean	parameter	--circles=
korean	parameter	--galaxy=
korean	parameter	--ancientscripts=
korean	parameter	--circle=
korean	parameter	--galaxies=
korean	parameter	--circles=
korean	parameter	--operations=
korean	parameter	--operations=
korean	parameter	--operations=
korean	parameter	--operations=
korean	parameter	--operations=
korean	parameter	--operations=
korean	parameter	--operations=
korean	parameter	--operations=
korean	parameter	--operations=
korean	parameter	--operations=
korean	parameter	--scale=
korean	parameter	--structuresize=
korean	parameter	--size=
korean	parameter	--level=
korean	parameter	--organizations=
korean	parameter	--basic_structures=
korean	parameter	--basic_structures=
korean	parameter	--basic_structures=
korean	parameter	--basic_structures=
korean	parameter	--scale=
korean	parameter	--scale=
korean	parameter	--scale=
korean	parameter	--scale=
korean	parameter	--structuresize=
korean	parameter	--structuresize=
korean	parameter	--structuresize=
korean	parameter	--structuresize=
korean	parameter	--size=
korean	parameter	--size=
korean	parameter	--size=
korean	parameter	--size=
korean	parameter	--level=
korean	parameter	--level=
korean	parameter	--level=
korean	parameter	--level=
korean	parameter	--organizations=
korean	parameter	--organizations=
korean	parameter	--organizations=
korean	parameter	--organizations=
korean	parameter	--scale=
korean	parameter	--scale=
korean	parameter	--structuresize=
korean	parameter	--structuresize=
korean	parameter	--size=
korean	parameter	--size=
korean	parameter	--level=
korean	parameter	--level=
korean	parameter	--organizations=
korean	parameter	--organizations=
korean	parameter	--scale=
korean	parameter	--scale=
korean	parameter	--scale=
korean	parameter	--structuresize=
korean	parameter	--structuresize=
korean	parameter	--structuresize=
korean	parameter	--size=
korean	parameter	--size=
korean	parameter	--size=
korean	parameter	--level=
korean	parameter	--level=
korean	parameter	--level=
korean	parameter	--organizations=
korean	parameter	--organizations=
korean	parameter	--organizations=
korean	parameter	--meta_vs_concrete_(universe)=
korean	parameter	--universeMetaConcrete=
korean	parameter	--meta_vs_concrete_(universe)=
korean	parameter	--universeMetaConcrete=
korean	parameter	--meta_vs_concrete_(universe)=
korean	parameter	--universeMetaConcrete=
korean	parameter	--meta_vs_concrete_(universe)=
korean	parameter	--universeMetaConcrete=
korean	parameter	--meta_vs_concrete_(universe)=
korean	parameter	--meta_vs_concrete_(universe)=
korean	parameter	--universeMetaConcrete=
korean	parameter	--universeMetaConcrete=
korean	parameter	--meta_vs_concrete_(universe)=
korean	parameter	--meta_vs_concrete_(universe)=
korean	parameter	--universeMetaConcrete=
korean	parameter	--universeMetaConcrete=
korean	parameter	--meta_vs_concrete_(universe)=
korean	parameter	--meta_vs_concrete_(universe)=
korean	parameter	--universeMetaConcrete=
korean	parameter	--universeMetaConcrete=
korean	parameter	--meta_vs_concrete_(universe)=
korean	parameter	--meta_vs_concrete_(universe)=
korean	parameter	--meta_vs_concrete_(universe)=
korean	parameter	--universeMetaConcrete=
korean	parameter	--universeMetaConcrete=
korean	parameter	--universeMetaConcrete=
korean	parameter	--prime_effect=
korean	parameter	--prime_effect=
korean	parameter	--prime_effect=
korean	parameter	--prime_effect=
korean	parameter	--prime_effect=
korean	parameter	--prime_effect=
korean	parameter	--primeeffect=
korean	parameter	--primeeffect=
korean	parameter	--primeeffect=
korean	parameter	--primeeffect=
korean	parameter	--primeeffect=
korean	parameter	--primeeffect=
korean	parameter	--prime_effect=
korean	parameter	--prime_effect=
korean	parameter	--primeeffect=
korean	parameter	--primeeffect=
korean	parameter	--prime_effect=
korean	parameter	--prime_effect=
korean	parameter	--prime_effect=
korean	parameter	--prime_effect=
korean	parameter	--prime_effect=
korean	parameter	--prime_effect=
korean	parameter	--prime_effect=
korean	parameter	--primeeffect=
korean	parameter	--primeeffect=
korean	parameter	--primeeffect=
korean	parameter	--primeeffect=
korean	parameter	--primeeffect=
korean	parameter	--primeeffect=
korean	parameter	--primeeffect=
korean	parameter	--prime_effect=
korean	parameter	--prime_effect=
korean	parameter	--prime_effect=
korean	parameter	--prime_effect=
korean	parameter	--prime_effect=
korean	parameter	--prime_effect=
korean	parameter	--primeeffect=
korean	parameter	--primeeffect=
korean	parameter	--primeeffect=
korean	parameter	--primeeffect=
korean	parameter	--primeeffect=
korean	parameter	--primeeffect=
korean	parameter	--prime_effect=
korean	parameter	--prime_effect=
korean	parameter	--prime_effect=
korean	parameter	--prime_effect=
korean	parameter	--prime_effect=
korean	parameter	--primeeffect=
korean	parameter	--primeeffect=
korean	parameter	--primeeffect=
korean	parameter	--primeeffect=
korean	parameter	--primeeffect=
korean	parameter	--prime_effect=
korean	parameter	--prime_effect=
korean	parameter	--prime_effect=
korean	parameter	--prime_effect=
korean	parameter	--primeeffect=
korean	parameter	--primeeffect=
korean	parameter	--primeeffect=
korean	parameter	--primeeffect=
korean	parameter	--prime_effect=
korean	parameter	--prime_effect=
korean	parameter	--prime_effect=
korean	parameter	--prime_effect=
korean	parameter	--prime_effect=
korean	parameter	--primeeffect=
korean	parameter	--primeeffect=
korean	parameter	--primeeffect=
korean	parameter	--primeeffect=
korean	parameter	--primeeffect=
korean	parameter	--meta_vs_concrete_(universe)=
korean	parameter	--meta_vs_concrete_(universe)=
korean	parameter	--meta_vs_concrete_(universe)=
korean	parameter	--universeMetaConcrete=
korean	parameter	--universeMetaConcrete=
korean	parameter	--universeMetaConcrete=
korean	parameter	--meta_vs_concrete_(universe)=
korean	parameter	--meta_vs_concrete_(universe)=
korean	parameter	--universeMetaConcrete=
korean	parameter	--universeMetaConcrete=
korean	parameter	--meta_vs_concrete_(universe)=
korean	parameter	--meta_vs_concrete_(universe)=
korean	parameter	--universeMetaConcrete=
korean	parameter	--universeMetaConcrete=
korean	parameter	--meta_vs_concrete_(universe)=
korean	parameter	--meta_vs_concrete_(universe)=
korean	parameter	--universeMetaConcrete=
korean	parameter	--universeMetaConcrete=
korean	parameter	--universe=
korean	parameter	--universe=
korean	parameter	--universe=
korean	parameter	--transcendentals=
korean	parameter	--transcendentals=
korean	parameter	--transcendentals=
korean	parameter	--structurals=
korean	parameter	--structurals=
korean	parameter	--structurals=
korean	parameter	--sphere=
korean	parameter	--sphere=
korean	parameter	--sphere=
korean	parameter	--spheres=
korean	parameter	--spheres=
korean	parameter	--spheres=
korean	parameter	--ball=
korean	parameter	--ball=
korean	parameter	--ball=
korean	parameter	--balls=
korean	parameter	--balls=
korean	parameter	--balls=
korean	parameter	--universe=
korean	parameter	--universe=
korean	parameter	--universe=
korean	parameter	--universe=
korean	parameter	--universe=
korean	parameter	--transcendentals=
korean	parameter	--transcendentals=
korean	parameter	--transcendentals=
korean	parameter	--transcendentals=
korean	parameter	--transcendentals=
korean	parameter	--structurals=
korean	parameter	--structurals=
korean	parameter	--structurals=
korean	parameter	--structurals=
korean	parameter	--structurals=
korean	parameter	--sphere=
korean	parameter	--sphere=
korean	parameter	--sphere=
korean	parameter	--sphere=
korean	parameter	--sphere=
korean	parameter	--spheres=
korean	parameter	--spheres=
korean	parameter	--spheres=
korean	parameter	--spheres=
korean	parameter	--spheres=
korean	parameter	--ball=
korean	parameter	--ball=
korean	parameter	--ball=
korean	parameter	--ball=
korean	parameter	--ball=
korean	parameter	--balls=
korean	parameter	--balls=
korean	parameter	--balls=
korean	parameter	--balls=
korean	parameter	--balls=
korean	parameter	--universe=
korean	parameter	--transcendentals=
korean	parameter	--structurals=
korean	parameter	--sphere=
korean	parameter	--spheres=
korean	parameter	--ball=
korean	parameter	--balls=
korean	parameter	--universe=
korean	parameter	--universe=
korean	parameter	--universe=
korean	parameter	--universe=
korean	parameter	--universe=
korean	parameter	--transcendentals=
korean	parameter	--transcendentals=
korean	parameter	--transcendentals=
korean	parameter	--transcendentals=
korean	parameter	--transcendentals=
korean	parameter	--structurals=
korean	parameter	--structurals=
korean	parameter	--structurals=
korean	parameter	--structurals=
korean	parameter	--structurals=
korean	parameter	--sphere=
korean	parameter	--sphere=
korean	parameter	--sphere=
korean	parameter	--sphere=
korean	parameter	--sphere=
korean	parameter	--spheres=
korean	parameter	--spheres=
korean	parameter	--spheres=
korean	parameter	--spheres=
korean	parameter	--spheres=
korean	parameter	--ball=
korean	parameter	--ball=
korean	parameter	--ball=
korean	parameter	--ball=
korean	parameter	--ball=
korean	parameter	--balls=
korean	parameter	--balls=
korean	parameter	--balls=
korean	parameter	--balls=
korean	parameter	--balls=
korean	parameter	--universe=
korean	parameter	--universe=
korean	parameter	--universe=
korean	parameter	--universe=
korean	parameter	--universe=
korean	parameter	--transcendentals=
korean	parameter	--transcendentals=
korean	parameter	--transcendentals=
korean	parameter	--transcendentals=
korean	parameter	--transcendentals=
korean	parameter	--structurals=
korean	parameter	--structurals=
korean	parameter	--structurals=
korean	parameter	--structurals=
korean	parameter	--structurals=
korean	parameter	--sphere=
korean	parameter	--sphere=
korean	parameter	--sphere=
korean	parameter	--sphere=
korean	parameter	--sphere=
korean	parameter	--spheres=
korean	parameter	--spheres=
korean	parameter	--spheres=
korean	parameter	--spheres=
korean	parameter	--spheres=
korean	parameter	--ball=
korean	parameter	--ball=
korean	parameter	--ball=
korean	parameter	--ball=
korean	parameter	--ball=
korean	parameter	--balls=
korean	parameter	--balls=
korean	parameter	--balls=
korean	parameter	--balls=
korean	parameter	--balls=
korean	parameter	--universe=
korean	parameter	--transcendentals=
korean	parameter	--structurals=
korean	parameter	--sphere=
korean	parameter	--spheres=
korean	parameter	--ball=
korean	parameter	--balls=
korean	parameter	--universe=
korean	parameter	--universe=
korean	parameter	--transcendentals=
korean	parameter	--transcendentals=
korean	parameter	--structurals=
korean	parameter	--structurals=
korean	parameter	--sphere=
korean	parameter	--sphere=
korean	parameter	--spheres=
korean	parameter	--spheres=
korean	parameter	--ball=
korean	parameter	--ball=
korean	parameter	--balls=
korean	parameter	--balls=
korean	parameter	--universe=
korean	parameter	--transcendentals=
korean	parameter	--structurals=
korean	parameter	--sphere=
korean	parameter	--spheres=
korean	parameter	--ball=
korean	parameter	--balls=
korean	parameter	--universe=
korean	parameter	--universe=
korean	parameter	--transcendentals=
korean	parameter	--transcendentals=
korean	parameter	--structurals=
korean	parameter	--structurals=
korean	parameter	--sphere=
korean	parameter	--sphere=
korean	parameter	--spheres=
korean	parameter	--spheres=
korean	parameter	--ball=
korean	parameter	--ball=
korean	parameter	--balls=
korean	parameter	--balls=
korean	parameter	--universe=
korean	parameter	--universe=
korean	parameter	--transcendentals=
korean	parameter	--transcendentals=
korean	parameter	--structurals=
korean	parameter	--structurals=
korean	parameter	--sphere=
korean	parameter	--sphere=
korean	parameter	--spheres=
korean	parameter	--spheres=
korean	parameter	--ball=
korean	parameter	--ball=
korean	parameter	--balls=
korean	parameter	--balls=
korean	parameter	--galaxy=
korean	parameter	--ancientscripts=
korean	parameter	--circle=
korean	parameter	--galaxies=
korean	parameter	--circles=
korean	parameter	--galaxy=
korean	parameter	--galaxy=
korean	parameter	--ancientscripts=
korean	parameter	--ancientscripts=
korean	parameter	--circle=
korean	parameter	--circle=
korean	parameter	--galaxies=
korean	parameter	--galaxies=
korean	parameter	--circles=
korean	parameter	--circles=
korean	parameter	--universe=
korean	parameter	--universe=
korean	parameter	--transcendentals=
korean	parameter	--transcendentals=
korean	parameter	--structurals=
korean	parameter	--structurals=
korean	parameter	--sphere=
korean	parameter	--sphere=
korean	parameter	--spheres=
korean	parameter	--spheres=
korean	parameter	--ball=
korean	parameter	--ball=
korean	parameter	--balls=
korean	parameter	--balls=
korean	parameter	--universe=
korean	parameter	--universe=
korean	parameter	--transcendentals=
korean	parameter	--transcendentals=
korean	parameter	--structurals=
korean	parameter	--structurals=
korean	parameter	--sphere=
korean	parameter	--sphere=
korean	parameter	--spheres=
korean	parameter	--spheres=
korean	parameter	--ball=
korean	parameter	--ball=
korean	parameter	--balls=
korean	parameter	--balls=
korean	parameter	--basic_structures=
korean	parameter	--basic_structures=
korean	parameter	--basic_structures=
korean	parameter	--basic_structures=
korean	parameter	--basic_structures=
korean	parameter	--basic_structures=
korean	parameter	--universe=
korean	parameter	--universe=
korean	parameter	--universe=
korean	parameter	--universe=
korean	parameter	--universe=
korean	parameter	--universe=
korean	parameter	--transcendentals=
korean	parameter	--transcendentals=
korean	parameter	--transcendentals=
korean	parameter	--transcendentals=
korean	parameter	--transcendentals=
korean	parameter	--transcendentals=
korean	parameter	--structurals=
korean	parameter	--structurals=
korean	parameter	--structurals=
korean	parameter	--structurals=
korean	parameter	--structurals=
korean	parameter	--structurals=
korean	parameter	--sphere=
korean	parameter	--sphere=
korean	parameter	--sphere=
korean	parameter	--sphere=
korean	parameter	--sphere=
korean	parameter	--sphere=
korean	parameter	--spheres=
korean	parameter	--spheres=
korean	parameter	--spheres=
korean	parameter	--spheres=
korean	parameter	--spheres=
korean	parameter	--spheres=
korean	parameter	--ball=
korean	parameter	--ball=
korean	parameter	--ball=
korean	parameter	--ball=
korean	parameter	--ball=
korean	parameter	--ball=
korean	parameter	--balls=
korean	parameter	--balls=
korean	parameter	--balls=
korean	parameter	--balls=
korean	parameter	--balls=
korean	parameter	--balls=
korean	parameter	--multiverse=
korean	parameter	--multiverse=
korean	parameter	--multiverse=
korean	parameter	--multiverse=
korean	parameter	--multiverse=
korean	parameter	--multiverse=
korean	parameter	--operations=
korean	parameter	--operations=
korean	parameter	--operations=
korean	parameter	--operations=
korean	parameter	--operations=
korean	parameter	--operations=
korean	parameter	--operations=
korean	parameter	--operations=
korean	parameter	--operations=
korean	parameter	--operations=
korean	parameter	--operations=
korean	parameter	--operations=
korean	parameter	--human=
korean	parameter	--human=
korean	parameter	--human=
korean	parameter	--human=
korean	parameter	--human=
korean	parameter	--human=
korean	parameter	--human=
korean	parameter	--human=
korean	parameter	--human=
korean	parameter	--human=
korean	parameter	--human=
korean	parameter	--human=
korean	parameter	--human=
korean	parameter	--human=
korean	parameter	--human=
korean	parameter	--economy=
korean	parameter	--economy=
korean	parameter	--economy=
korean	parameter	--economy=
korean	parameter	--economy=
korean	parameter	--economy=
korean	parameter	--economy=
korean	parameter	--economy=
korean	parameter	--economy=
korean	parameter	--economy=
korean	parameter	--economy=
korean	parameter	--economy=
korean	parameter	--basic_structures=
korean	parameter	--economy=
korean	parameter	--economy=
korean	parameter	--economy=
korean	parameter	--economy=
korean	parameter	--human=
korean	parameter	--human=
korean	parameter	--human=
korean	parameter	--human=
korean	parameter	--human=
korean	parameter	--human=
korean	parameter	--human=
korean	parameter	--human=
korean	parameter	--human=
korean	parameter	--human=
korean	parameter	--human=
korean	parameter	--human=
korean	parameter	--human=
korean	parameter	--human=
korean	parameter	--human=
korean	parameter	--human=
korean	parameter	--human=
korean	parameter	--human=
korean	parameter	--human=
korean	parameter	--human=
korean	parameter	--human=
korean	parameter	--human=
korean	parameter	--human=
korean	parameter	--human=
korean	parameter	--human=
korean	parameter	--human=
korean	parameter	--human=
korean	parameter	--human=
korean	parameter	--human=
korean	parameter	--human=
korean	parameter	--human=
korean	parameter	--human=
korean	parameter	--human=
korean	parameter	--human=
korean	parameter	--human=
korean	parameter	--human=
korean	parameter	--human=
korean	parameter	--human=
korean	parameter	--human=
korean	parameter	--human=
korean	parameter	--human=
korean	parameter	--human=
korean	parameter	--human=
korean	parameter	--basic_structures=
korean	parameter	--basic_structures=
korean	parameter	--basic_structures=
korean	parameter	--basic_structures=
korean	parameter	--basic_structures=
korean	parameter	--basic_structures=
korean	parameter	--basic_structures=
korean	parameter	--multiverse=
korean	parameter	--multiverse=
korean	parameter	--multiverse=
korean	parameter	--multiverse=
korean	parameter	--multiverse=
korean	parameter	--multiverse=
korean	parameter	--multiverse=
korean	parameter	--basic_structures=
korean	parameter	--basic_structures=
korean	parameter	--basic_structures=
korean	parameter	--basic_structures=
korean	parameter	--basic_structures=
korean	parameter	--basic_structures=
korean	parameter	--basic_structures=
korean	parameter	--basic_structures=
korean	parameter	--basic_structures=
korean	parameter	--basic_structures=
korean	parameter	--basic_structures=
korean	parameter	--basic_structures=
korean	parameter	--basic_structures=
korean	parameter	--basic_structures=
korean	parameter	--basic_structures=
korean	parameter	--basic_structures=
korean	parameter	--basic_structures=
korean	parameter	--basic_structures=
korean	parameter	--basic_structures=
korean	parameter	--basic_structures=
korean	parameter	--basic_structures=
korean	parameter	--basic_structures=
korean	parameter	--basic_structures=
korean	parameter	--basic_structures=
korean	parameter	--basic_structures=
korean	parameter	--basic_structures=
korean	parameter	--basic_structures=
korean	parameter	--basic_structures=
korean	parameter	--basic_structures=
korean	parameter	--basic_structures=
korean	parameter	--basic_structures=
korean	parameter	--basic_structures=
korean	parameter	--basic_structures=
korean	parameter	--basic_structures=
korean	parameter	--basic_structures=
korean	parameter	--basic_structures=
korean	parameter	--basic_structures=
korean	parameter	--basic_structures=
korean	parameter	--basic_structures=
korean	parameter	--basic_structures=
korean	parameter	--basic_structures=
korean	parameter	--basic_structures=
korean	parameter	--basic_structures=
korean	parameter	--basic_structures=
korean	parameter	--basic_structures=
korean	parameter	--basic_structures=
korean	parameter	--basic_structures=
korean	parameter	--basic_structures=
korean	parameter	--basic_structures=
korean	parameter	--basic_structures=
korean	parameter	--basic_structures=
korean	parameter	--basic_structures=
korean	parameter	--basic_structures=
korean	parameter	--basic_structures=
korean	parameter	--basic_structures=
korean	parameter	--basic_structures=
korean	parameter	--basic_structures=
korean	parameter	--basic_structures=
korean	parameter	--basic_structures=
korean	parameter	--basic_structures=
korean	parameter	--basic_structures=
korean	parameter	--basic_structures=
korean	parameter	--basic_structures=
korean	parameter	--basic_structures=
korean	parameter	--basic_structures=
korean	parameter	--basic_structures=
korean	parameter	--basic_structures=
korean	parameter	--basic_structures=
korean	parameter	--basic_structures=
korean	parameter	--basic_structures=
korean	parameter	--basic_structures=
korean	parameter	--basic_structures=
korean	parameter	--basic_structures=
korean	parameter	--basic_structures=
korean	parameter	--basic_structures=
korean	parameter	--basic_structures=
korean	parameter	--basic_structures=
korean	parameter	--basic_structures=
korean	parameter	--basic_structures=
korean	parameter	--basic_structures=
korean	parameter	--basic_structures=
korean	parameter	--basic_structures=
korean	parameter	--basic_structures=
korean	parameter	--multiverse=
korean	parameter	--multiverse=
korean	parameter	--multiverse=
korean	parameter	--basic_structures=
korean	parameter	--basic_structures=
korean	parameter	--basic_structures=
korean	parameter	--basic_structures=
korean	parameter	--basic_structures=
korean	parameter	--basic_structures=
korean	parameter	--basic_structures=
korean	parameter	--basic_structures=
korean	parameter	--basic_structures=
korean	parameter	--basic_structures=
korean	parameter	--basic_structures=
korean	parameter	--basic_structures=
korean	parameter	--basic_structures=
korean	parameter	--basic_structures=
korean	parameter	--basic_structures=
korean	parameter	--basic_structures=
korean	parameter	--basic_structures=
korean	parameter	--basic_structures=
korean	parameter	--basic_structures=
korean	parameter	--multiverse=
korean	parameter	--multiverse=
korean	parameter	--basic_structures=
korean	parameter	--basic_structures=
korean	parameter	--basic_structures=
korean	parameter	--basic_structures=
korean	parameter	--basic_structures=
korean	parameter	--basic_structures=
korean	parameter	--basic_structures=
korean	parameter	--basic_structures=
korean	parameter	--basic_structures=
korean	parameter	--basic_structures=
korean	parameter	--basic_structures=
korean	parameter	--basic_structures=
korean	parameter	--basic_structures=
korean	parameter	--basic_structures=
korean	parameter	--basic_structures=
korean	parameter	--basic_structures=
korean	parameter	--basic_structures=
korean	parameter	--basic_structures=
korean	parameter	--basic_structures=
korean	parameter	--basic_structures=
korean	parameter	--basic_structures=
korean	parameter	--basic_structures=
korean	parameter	--basic_structures=
korean	parameter	--basic_structures=
korean	parameter	--basic_structures=
korean	parameter	--basic_structures=
korean	parameter	--basic_structures=
korean	parameter	--basic_structures=
korean	parameter	--basic_structures=
korean	parameter	--basic_structures=
korean	parameter	--basic_structures=
korean	parameter	--basic_structures=
korean	parameter	--basic_structures=
korean	parameter	--basic_structures=
korean	parameter	--basic_structures=
korean	parameter	--basic_structures=
korean	parameter	--basic_structures=
korean	parameter	--basic_structures=
korean	parameter	--basic_structures=
korean	parameter	--basic_structures=
korean	parameter	--basic_structures=
korean	parameter	--basic_structures=
korean	parameter	--basic_structures=
korean	parameter	--basic_structures=
korean	parameter	--basic_structures=
korean	parameter	--basic_structures=
korean	parameter	--basic_structures=
korean	parameter	--human=
korean	parameter	--human=
korean	parameter	--human=
korean	parameter	--human=
korean	parameter	--human=
korean	parameter	--human=
korean	parameter	--basic_structures=
korean	parameter	--basic_structures=
korean	parameter	--basic_structures=
korean	parameter	--basic_structures=
korean	parameter	--basic_structures=
korean	parameter	--basic_structures=
korean	parameter	--basic_structures=
korean	parameter	--basic_structures=
korean	parameter	--basic_structures=
korean	parameter	--basic_structures=
korean	parameter	--basic_structures=
korean	parameter	--basic_structures=
korean	parameter	--basic_structures=
korean	parameter	--basic_structures=
korean	parameter	--basic_structures=
korean	parameter	--basic_structures=
korean	parameter	--basic_structures=
korean	parameter	--basic_structures=
korean	parameter	--basic_structures=
korean	parameter	--basic_structures=
korean	parameter	--basic_structures=
korean	parameter	--basic_structures=
korean	parameter	--basic_structures=
korean	parameter	--basic_structures=
korean	parameter	--basic_structures=
korean	parameter	--basic_structures=
korean	parameter	--human=
korean	parameter	--human=
korean	parameter	--human=
korean	parameter	--human=
korean	parameter	--human=
korean	parameter	--human=
korean	parameter	--human=
korean	parameter	--human=
korean	parameter	--human=
korean	parameter	--human=
korean	parameter	--human=
korean	parameter	--human=
korean	parameter	--human=
korean	parameter	--human=
korean	parameter	--human=
korean	parameter	--human=
korean	parameter	--human=
korean	parameter	--human=
korean	parameter	--human=
korean	parameter	--human=
korean	parameter	--human=
korean	parameter	--human=
korean	parameter	--human=
korean	parameter	--human=
korean	parameter	--human=
korean	parameter	--human=
korean	parameter	--human=
korean	parameter	--human=
korean	parameter	--human=
korean	parameter	--human=
korean	parameter	--human=
korean	parameter	--human=
korean	parameter	--human=
korean	parameter	--human=
korean	parameter	--human=
korean	parameter	--human=
korean	parameter	--human=
korean	parameter	--basic_structures=
korean	parameter	--multiverse=
korean	parameter	--universe=
korean	parameter	--universe=
korean	parameter	--transcendentals=
korean	parameter	--transcendentals=
korean	parameter	--structurals=
korean	parameter	--structurals=
korean	parameter	--sphere=
korean	parameter	--sphere=
korean	parameter	--spheres=
korean	parameter	--spheres=
korean	parameter	--ball=
korean	parameter	--ball=
korean	parameter	--balls=
korean	parameter	--balls=
korean	parameter	--universe=
korean	parameter	--transcendentals=
korean	parameter	--structurals=
korean	parameter	--sphere=
korean	parameter	--spheres=
korean	parameter	--ball=
korean	parameter	--balls=
korean	parameter	--human=
korean	parameter	--human=
korean	parameter	--human=
korean	parameter	--human=
korean	parameter	--human=
korean	parameter	--human=
korean	parameter	--human=
korean	parameter	--pro_contra=
korean	parameter	--pro_contra=
korean	parameter	--pro_contra=
korean	parameter	--pro_contra=
korean	parameter	--procontra=
korean	parameter	--procontra=
korean	parameter	--procontra=
korean	parameter	--procontra=
korean	parameter	--pro_contra=
korean	parameter	--procontra=
korean	parameter	--pro_contra=
korean	parameter	--pro_contra=
korean	parameter	--pro_contra=
korean	parameter	--pro_contra=
korean	parameter	--procontra=
korean	parameter	--procontra=
korean	parameter	--procontra=
korean	parameter	--procontra=
korean	parameter	--pro_contra=
korean	parameter	--pro_contra=
korean	parameter	--procontra=
korean	parameter	--procontra=
korean	parameter	--pro_contra=
korean	parameter	--pro_contra=
korean	parameter	--procontra=
korean	parameter	--procontra=
korean	parameter	--pro_contra=
korean	parameter	--pro_contra=
korean	parameter	--procontra=
korean	parameter	--procontra=
korean	parameter	--pro_contra=
korean	parameter	--procontra=
korean	parameter	--pro_contra=
korean	parameter	--pro_contra=
korean	parameter	--procontra=
korean	parameter	--procontra=
korean	parameter	--pro_contra=
korean	parameter	--procontra=
korean	parameter	--pro_contra=
korean	parameter	--pro_contra=
korean	parameter	--procontra=
korean	parameter	--procontra=
korean	parameter	--pro_contra=
korean	parameter	--procontra=
korean	parameter	--pro_contra=
korean	parameter	--pro_contra=
korean	parameter	--procontra=
korean	parameter	--procontra=
korean	parameter	--pro_contra=
korean	parameter	--pro_contra=
korean	parameter	--procontra=
korean	parameter	--procontra=
korean	parameter	--pro_contra=
korean	parameter	--pro_contra=
korean	parameter	--procontra=
korean	parameter	--procontra=
korean	parameter	--pro_contra=
korean	parameter	--pro_contra=
korean	parameter	--procontra=
korean	parameter	--procontra=
korean	parameter	--pro_contra=
korean	parameter	--pro_contra=
korean	parameter	--procontra=
korean	parameter	--procontra=
korean	parameter	--pro_contra=
korean	parameter	--pro_contra=
korean	parameter	--procontra=
korean	parameter	--procontra=
korean	parameter	--pro_contra=
korean	parameter	--pro_contra=
korean	parameter	--procontra=
korean	parameter	--procontra=
korean	parameter	--pro_contra=
korean	parameter	--pro_contra=
korean	parameter	--procontra=
korean	parameter	--procontra=
korean	parameter	--pro_contra=
korean	parameter	--procontra=
korean	parameter	--pro_contra=
korean	parameter	--pro_contra=
korean	parameter	--procontra=
korean	parameter	--procontra=
korean	parameter	--pro_contra=
korean	parameter	--procontra=
korean	parameter	--pro_contra=
korean	parameter	--procontra=
korean	parameter	--light=
korean	parameter	--pro_contra=
korean	parameter	--pro_contra=
korean	parameter	--procontra=
korean	parameter	--procontra=
korean	parameter	--meaning=
korean	parameter	--meaning=
korean	parameter	--meaning=
korean	parameter	--meaning=
korean	parameter	--meaning=
korean	parameter	--meaning=
korean	parameter	--meaning=
korean	parameter	--meaning=
korean	parameter	--meaning=
korean	parameter	--meaning=
korean	parameter	--meaning=
korean	parameter	--meaning=
korean	parameter	--meaning=
korean	parameter	--meaning=
korean	parameter	--meaning=
korean	parameter	--meaning=
korean	parameter	--meaning=
korean	parameter	--meaning=
korean	parameter	--meaning=
korean	parameter	--meaning=
korean	parameter	--meaning=
korean	parameter	--meaning=
korean	parameter	--meaning=
korean	parameter	--meaning=
korean	parameter	--meaning=
korean	parameter	--meaning=
korean	parameter	--meaning=
korean	parameter	--meaning=
korean	parameter	--meaning=
korean	parameter	--meaning=
korean	parameter	--fractional_galaxy_n/m=
korean	parameter	--fractional_galaxy_n/m=
korean	parameter	--fractional_galaxy_n/m=
korean	parameter	--fractional_galaxy_n/m=
korean	parameter	--fractional_galaxy_n/m=
korean	parameter	--fractional_galaxy_n/m=
korean	parameter	--fractional_galaxy_n/m=
korean	parameter	--fractional_galaxy_n/m=
korean	parameter	--fractional_galaxy_n/m=
korean	parameter	--fractional_galaxy_n/m=
korean	parameter	--fractional_galaxy_n/m=
korean	parameter	--fractional_galaxy_n/m=
korean	parameter	--fractional_galaxy_n/m=
korean	parameter	--fractional_galaxy_n/m=
korean	parameter	--fractional_galaxy_n/m=
korean	parameter	--fractional_galaxy_n/m=
korean	parameter	--fractional_galaxy_n/m=
korean	parameter	--fractional_galaxy_n/m=
korean	parameter	--fractional_galaxy_n/m=
korean	parameter	--fractional_galaxy_n/m=
korean	parameter	--fractional_galaxy_n/m=
korean	parameter	--fractional_galaxy_n/m=
korean	parameter	--gebrochengalaxie_fractionalgalaxy=
korean	parameter	--gebrochengalaxie_fractionalgalaxy=
korean	parameter	--gebrochengalaxie_fractionalgalaxy=
korean	parameter	--gebrochengalaxie_fractionalgalaxy=
korean	parameter	--gebrochengalaxie_fractionalgalaxy=
korean	parameter	--gebrochengalaxie_fractionalgalaxy=
korean	parameter	--gebrochengalaxie_fractionalgalaxy=
korean	parameter	--gebrochengalaxie_fractionalgalaxy=
korean	parameter	--gebrochengalaxie_fractionalgalaxy=
korean	parameter	--gebrochengalaxie_fractionalgalaxy=
korean	parameter	--gebrochengalaxie_fractionalgalaxy=
korean	parameter	--gebrochengalaxie_fractionalgalaxy=
korean	parameter	--gebrochengalaxie_fractionalgalaxy=
korean	parameter	--gebrochengalaxie_fractionalgalaxy=
korean	parameter	--gebrochengalaxie_fractionalgalaxy=
korean	parameter	--gebrochengalaxie_fractionalgalaxy=
korean	parameter	--gebrochengalaxie_fractionalgalaxy=
korean	parameter	--gebrochengalaxie_fractionalgalaxy=
korean	parameter	--gebrochengalaxie_fractionalgalaxy=
korean	parameter	--gebrochengalaxie_fractionalgalaxy=
korean	parameter	--gebrochengalaxie_fractionalgalaxy=
korean	parameter	--gebrochengalaxie_fractionalgalaxy=
korean	parameter	--fractional_universe_n/m=
korean	parameter	--fractional_universe_n/m=
korean	parameter	--fractional_universe_n/m=
korean	parameter	--fractional_universe_n/m=
korean	parameter	--fractional_universe_n/m=
korean	parameter	--fractional_universe_n/m=
korean	parameter	--fractional_universe_n/m=
korean	parameter	--fractional_universe_n/m=
korean	parameter	--fractional_universe_n/m=
korean	parameter	--fractional_universe_n/m=
korean	parameter	--fractional_universe_n/m=
korean	parameter	--fractional_universe_n/m=
korean	parameter	--fractional_universe_n/m=
korean	parameter	--fractional_universe_n/m=
korean	parameter	--fractional_universe_n/m=
korean	parameter	--fractional_universe_n/m=
korean	parameter	--fractional_universe_n/m=
korean	parameter	--fractional_universe_n/m=
korean	parameter	--fractional_universe_n/m=
korean	parameter	--fractional_universe_n/m=
korean	parameter	--fractional_universe_n/m=
korean	parameter	--fractional_universe_n/m=
korean	parameter	--gebrochenuniversum_fractionaluniverse=
korean	parameter	--gebrochenuniversum_fractionaluniverse=
korean	parameter	--gebrochenuniversum_fractionaluniverse=
korean	parameter	--gebrochenuniversum_fractionaluniverse=
korean	parameter	--gebrochenuniversum_fractionaluniverse=
korean	parameter	--gebrochenuniversum_fractionaluniverse=
korean	parameter	--gebrochenuniversum_fractionaluniverse=
korean	parameter	--gebrochenuniversum_fractionaluniverse=
korean	parameter	--gebrochenuniversum_fractionaluniverse=
korean	parameter	--gebrochenuniversum_fractionaluniverse=
korean	parameter	--gebrochenuniversum_fractionaluniverse=
korean	parameter	--gebrochenuniversum_fractionaluniverse=
korean	parameter	--gebrochenuniversum_fractionaluniverse=
korean	parameter	--gebrochenuniversum_fractionaluniverse=
korean	parameter	--gebrochenuniversum_fractionaluniverse=
korean	parameter	--gebrochenuniversum_fractionaluniverse=
korean	parameter	--gebrochenuniversum_fractionaluniverse=
korean	parameter	--gebrochenuniversum_fractionaluniverse=
korean	parameter	--gebrochenuniversum_fractionaluniverse=
korean	parameter	--gebrochenuniversum_fractionaluniverse=
korean	parameter	--gebrochenuniversum_fractionaluniverse=
korean	parameter	--gebrochenuniversum_fractionaluniverse=
korean	parameter	--fractional-rational_numbered_emotions_n/m=
korean	parameter	--fractional-rational_numbered_emotions_n/m=
korean	parameter	--fractional-rational_numbered_emotions_n/m=
korean	parameter	--fractional-rational_numbered_emotions_n/m=
korean	parameter	--fractional-rational_numbered_emotions_n/m=
korean	parameter	--fractional-rational_numbered_emotions_n/m=
korean	parameter	--fractional-rational_numbered_emotions_n/m=
korean	parameter	--fractional-rational_numbered_emotions_n/m=
korean	parameter	--fractional-rational_numbered_emotions_n/m=
korean	parameter	--fractional-rational_numbered_emotions_n/m=
korean	parameter	--fractional-rational_numbered_emotions_n/m=
korean	parameter	--fractional-rational_numbered_emotions_n/m=
korean	parameter	--fractional-rational_numbered_emotions_n/m=
korean	parameter	--fractional-rational_numbered_emotions_n/m=
korean	parameter	--fractional-rational_numbered_emotions_n/m=
korean	parameter	--fractional-rational_numbered_emotions_n/m=
korean	parameter	--fractional-rational_numbered_emotions_n/m=
korean	parameter	--fractional-rational_numbered_emotions_n/m=
korean	parameter	--fractional-rational_numbered_emotions_n/m=
korean	parameter	--fractional-rational_numbered_emotions_n/m=
korean	parameter	--fractional-rational_numbered_emotions_n/m=
korean	parameter	--fractional-rational_numbered_emotions_n/m=
korean	parameter	--fractionedemotion=
korean	parameter	--fractionedemotion=
korean	parameter	--fractionedemotion=
korean	parameter	--fractionedemotion=
korean	parameter	--fractionedemotion=
korean	parameter	--fractionedemotion=
korean	parameter	--fractionedemotion=
korean	parameter	--fractionedemotion=
korean	parameter	--fractionedemotion=
korean	parameter	--fractionedemotion=
korean	parameter	--fractionedemotion=
korean	parameter	--fractionedemotion=
korean	parameter	--fractionedemotion=
korean	parameter	--fractionedemotion=
korean	parameter	--fractionedemotion=
korean	parameter	--fractionedemotion=
korean	parameter	--fractionedemotion=
korean	parameter	--fractionedemotion=
korean	parameter	--fractionedemotion=
korean	parameter	--fractionedemotion=
korean	parameter	--fractionedemotion=
korean	parameter	--fractionedemotion=
korean	parameter	--fractional-rational_numbered_structure_sizes_n/m=
korean	parameter	--fractional-rational_numbered_structure_sizes_n/m=
korean	parameter	--fractional-rational_numbered_structure_sizes_n/m=
korean	parameter	--fractional-rational_numbered_structure_sizes_n/m=
korean	parameter	--fractional-rational_numbered_structure_sizes_n/m=
korean	parameter	--fractional-rational_numbered_structure_sizes_n/m=
korean	parameter	--fractional-rational_numbered_structure_sizes_n/m=
korean	parameter	--fractional-rational_numbered_structure_sizes_n/m=
korean	parameter	--fractional-rational_numbered_structure_sizes_n/m=
korean	parameter	--fractional-rational_numbered_structure_sizes_n/m=
korean	parameter	--fractional-rational_numbered_structure_sizes_n/m=
korean	parameter	--fractional-rational_numbered_structure_sizes_n/m=
korean	parameter	--fractional-rational_numbered_structure_sizes_n/m=
korean	parameter	--fractional-rational_numbered_structure_sizes_n/m=
korean	parameter	--fractional-rational_numbered_structure_sizes_n/m=
korean	parameter	--fractional-rational_numbered_structure_sizes_n/m=
korean	parameter	--fractional-rational_numbered_structure_sizes_n/m=
korean	parameter	--fractional-rational_numbered_structure_sizes_n/m=
korean	parameter	--fractional-rational_numbered_structure_sizes_n/m=
korean	parameter	--fractional-rational_numbered_structure_sizes_n/m=
korean	parameter	--fractional-rational_numbered_structure_sizes_n/m=
korean	parameter	--fractional-rational_numbered_structure_sizes_n/m=
korean	parameter	--fractionalnumberedstructuresize=
korean	parameter	--fractionalnumberedstructuresize=
korean	parameter	--fractionalnumberedstructuresize=
korean	parameter	--fractionalnumberedstructuresize=
korean	parameter	--fractionalnumberedstructuresize=
korean	parameter	--fractionalnumberedstructuresize=
korean	parameter	--fractionalnumberedstructuresize=
korean	parameter	--fractionalnumberedstructuresize=
korean	parameter	--fractionalnumberedstructuresize=
korean	parameter	--fractionalnumberedstructuresize=
korean	parameter	--fractionalnumberedstructuresize=
korean	parameter	--fractionalnumberedstructuresize=
korean	parameter	--fractionalnumberedstructuresize=
korean	parameter	--fractionalnumberedstructuresize=
korean	parameter	--fractionalnumberedstructuresize=
korean	parameter	--fractionalnumberedstructuresize=
korean	parameter	--fractionalnumberedstructuresize=
korean	parameter	--fractionalnumberedstructuresize=
korean	parameter	--fractionalnumberedstructuresize=
korean	parameter	--fractionalnumberedstructuresize=
korean	parameter	--fractionalnumberedstructuresize=
korean	parameter	--fractionalnumberedstructuresize=
korean	parameter	--symbols=
korean	parameter	--symbols=
korean	parameter	--symbols=
korean	parameter	--symbols=
korean	parameter	--symbols=
korean	parameter	--symbols=
korean	parameter	--symbols=
korean	parameter	--symbols=
korean	parameter	--symbols=
korean	parameter	--symbols=
korean	parameter	--properties_n=
korean	parameter	--properties_n=
korean	parameter	--properties_n=
korean	parameter	--properties_n=
korean	parameter	--properties_n=
korean	parameter	--properties_n=
korean	parameter	--properties_n=
korean	parameter	--properties_n=
korean	parameter	--properties=
korean	parameter	--properties=
korean	parameter	--properties=
korean	parameter	--properties=
korean	parameter	--properties=
korean	parameter	--properties=
korean	parameter	--properties=
korean	parameter	--properties=
korean	parameter	--property=
korean	parameter	--property=
korean	parameter	--property=
korean	parameter	--property=
korean	parameter	--property=
korean	parameter	--property=
korean	parameter	--property=
korean	parameter	--property=
korean	parameter	--concept=
korean	parameter	--concept=
korean	parameter	--concept=
korean	parameter	--concept=
korean	parameter	--concept=
korean	parameter	--concept=
korean	parameter	--concept=
korean	parameter	--concept=
korean	parameter	--concepts=
korean	parameter	--concepts=
korean	parameter	--concepts=
korean	parameter	--concepts=
korean	parameter	--concepts=
korean	parameter	--concepts=
korean	parameter	--concepts=
korean	parameter	--concepts=
korean	parameter	--properties_n=
korean	parameter	--properties_n=
korean	parameter	--properties_n=
korean	parameter	--properties_n=
korean	parameter	--properties=
korean	parameter	--properties=
korean	parameter	--properties=
korean	parameter	--properties=
korean	parameter	--property=
korean	parameter	--property=
korean	parameter	--property=
korean	parameter	--property=
korean	parameter	--concept=
korean	parameter	--concept=
korean	parameter	--concept=
korean	parameter	--concept=
korean	parameter	--concepts=
korean	parameter	--concepts=
korean	parameter	--concepts=
korean	parameter	--concepts=
korean	parameter	--properties_n=
korean	parameter	--properties_n=
korean	parameter	--properties_n=
korean	parameter	--properties=
korean	parameter	--properties=
korean	parameter	--properties=
korean	parameter	--property=
korean	parameter	--property=
korean	parameter	--property=
korean	parameter	--concept=
korean	parameter	--concept=
korean	parameter	--concept=
korean	parameter	--concepts=
korean	parameter	--concepts=
korean	parameter	--concepts=
korean	parameter	--properties_n=
korean	parameter	--properties_n=
korean	parameter	--properties_n=
korean	parameter	--properties=
korean	parameter	--properties=
korean	parameter	--properties=
korean	parameter	--property=
korean	parameter	--property=
korean	parameter	--property=
korean	parameter	--concept=
korean	parameter	--concept=
korean	parameter	--concept=
korean	parameter	--concepts=
korean	parameter	--concepts=
korean	parameter	--concepts=
korean	parameter	--properties_1/n=
korean	parameter	--properties_1/n=
korean	parameter	--concept2=
korean	parameter	--concept2=
korean	parameter	--concepts2=
korean	parameter	--concepts2=
korean	parameter	--properties_1/n=
korean	parameter	--properties_1/n=
korean	parameter	--properties_1/n=
korean	parameter	--concept2=
korean	parameter	--concept2=
korean	parameter	--concept2=
korean	parameter	--concepts2=
korean	parameter	--concepts2=
korean	parameter	--concepts2=
korean	parameter	--properties_1/n=
korean	parameter	--properties_1/n=
korean	parameter	--properties_1/n=
korean	parameter	--concept2=
korean	parameter	--concept2=
korean	parameter	--concept2=
korean	parameter	--concepts2=
korean	parameter	--concepts2=
korean	parameter	--concepts2=
korean	parameter	--properties_1/n=
korean	parameter	--concept2=
korean	parameter	--concepts2=
korean	parameter	--properties_1/n=
korean	parameter	--properties_1/n=
korean	parameter	--properties_1/n=
korean	parameter	--concept2=
korean	parameter	--concept2=
korean	parameter	--concept2=
korean	parameter	--concepts2=
korean	parameter	--concepts2=
korean	parameter	--concepts2=
korean	parameter	--properties_1/n=
korean	parameter	--properties_1/n=
korean	parameter	--properties_1/n=
korean	parameter	--concept2=
korean	parameter	--concept2=
korean	parameter	--concept2=
korean	parameter	--concepts2=
korean	parameter	--concepts2=
korean	parameter	--concepts2=
korean	parameter	--properties_1/n=
korean	parameter	--properties_1/n=
korean	parameter	--concept2=
korean	parameter	--concept2=
korean	parameter	--concepts2=
korean	parameter	--concepts2=
korean	parameter	--properties_n=
korean	parameter	--properties_n=
korean	parameter	--properties_n=
korean	parameter	--properties_n=
korean	parameter	--properties=
korean	parameter	--properties=
korean	parameter	--properties=
korean	parameter	--properties=
korean	parameter	--property=
korean	parameter	--property=
korean	parameter	--property=
korean	parameter	--property=
korean	parameter	--concept=
korean	parameter	--concept=
korean	parameter	--concept=
korean	parameter	--concept=
korean	parameter	--concepts=
korean	parameter	--concepts=
korean	parameter	--concepts=
korean	parameter	--concepts=
korean	parameter	--properties_1/n=
korean	parameter	--properties_1/n=
korean	parameter	--concept2=
korean	parameter	--concept2=
korean	parameter	--concepts2=
korean	parameter	--concepts2=
korean	parameter	--properties_1/n=
korean	parameter	--properties_1/n=
korean	parameter	--properties_1/n=
korean	parameter	--properties_1/n=
korean	parameter	--properties_1/n=
korean	parameter	--concept2=
korean	parameter	--concept2=
korean	parameter	--concept2=
korean	parameter	--concept2=
korean	parameter	--concept2=
korean	parameter	--concepts2=
korean	parameter	--concepts2=
korean	parameter	--concepts2=
korean	parameter	--concepts2=
korean	parameter	--concepts2=
korean	parameter	--properties_n=
korean	parameter	--properties=
korean	parameter	--property=
korean	parameter	--concept=
korean	parameter	--concepts=
korean	parameter	--properties_n=
korean	parameter	--properties_n=
korean	parameter	--properties=
korean	parameter	--properties=
korean	parameter	--property=
korean	parameter	--property=
korean	parameter	--concept=
korean	parameter	--concept=
korean	parameter	--concepts=
korean	parameter	--concepts=
korean	parameter	--properties_n=
korean	parameter	--properties_n=
korean	parameter	--properties_n=
korean	parameter	--properties=
korean	parameter	--properties=
korean	parameter	--properties=
korean	parameter	--property=
korean	parameter	--property=
korean	parameter	--property=
korean	parameter	--concept=
korean	parameter	--concept=
korean	parameter	--concept=
korean	parameter	--concepts=
korean	parameter	--concepts=
korean	parameter	--concepts=
korean	parameter	--properties_n=
korean	parameter	--properties_n=
korean	parameter	--properties_n=
korean	parameter	--properties_n=
korean	parameter	--properties=
korean	parameter	--properties=
korean	parameter	--properties=
korean	parameter	--properties=
korean	parameter	--property=
korean	parameter	--property=
korean	parameter	--property=
korean	parameter	--property=
korean	parameter	--concept=
korean	parameter	--concept=
korean	parameter	--concept=
korean	parameter	--concept=
korean	parameter	--concepts=
korean	parameter	--concepts=
korean	parameter	--concepts=
korean	parameter	--concepts=
korean	parameter	--properties_n=
korean	parameter	--properties_n=
korean	parameter	--properties_n=
korean	parameter	--properties_n=
korean	parameter	--properties=
korean	parameter	--properties=
korean	parameter	--properties=
korean	parameter	--properties=
korean	parameter	--property=
korean	parameter	--property=
korean	parameter	--property=
korean	parameter	--property=
korean	parameter	--concept=
korean	parameter	--concept=
korean	parameter	--concept=
korean	parameter	--concept=
korean	parameter	--concepts=
korean	parameter	--concepts=
korean	parameter	--concepts=
korean	parameter	--concepts=
korean	parameter	--properties_n=
korean	parameter	--properties_n=
korean	parameter	--properties_n=
korean	parameter	--properties=
korean	parameter	--properties=
korean	parameter	--properties=
korean	parameter	--property=
korean	parameter	--property=
korean	parameter	--property=
korean	parameter	--concept=
korean	parameter	--concept=
korean	parameter	--concept=
korean	parameter	--concepts=
korean	parameter	--concepts=
korean	parameter	--concepts=
korean	parameter	--properties_n=
korean	parameter	--properties_n=
korean	parameter	--properties_n=
korean	parameter	--properties=
korean	parameter	--properties=
korean	parameter	--properties=
korean	parameter	--property=
korean	parameter	--property=
korean	parameter	--property=
korean	parameter	--concept=
korean	parameter	--concept=
korean	parameter	--concept=
korean	parameter	--concepts=
korean	parameter	--concepts=
korean	parameter	--concepts=
korean	parameter	--properties_n=
korean	parameter	--properties_n=
korean	parameter	--properties_n=
korean	parameter	--properties=
korean	parameter	--properties=
korean	parameter	--properties=
korean	parameter	--property=
korean	parameter	--property=
korean	parameter	--property=
korean	parameter	--concept=
korean	parameter	--concept=
korean	parameter	--concept=
korean	parameter	--concepts=
korean	parameter	--concepts=
korean	parameter	--concepts=
korean	parameter	--properties_n=
korean	parameter	--properties_n=
korean	parameter	--properties_n=
korean	parameter	--properties_n=
korean	parameter	--properties_n=
korean	parameter	--properties=
korean	parameter	--properties=
korean	parameter	--properties=
korean	parameter	--properties=
korean	parameter	--properties=
korean	parameter	--property=
korean	parameter	--property=
korean	parameter	--property=
korean	parameter	--property=
korean	parameter	--property=
korean	parameter	--concept=
korean	parameter	--concept=
korean	parameter	--concept=
korean	parameter	--concept=
korean	parameter	--concept=
korean	parameter	--concepts=
korean	parameter	--concepts=
korean	parameter	--concepts=
korean	parameter	--concepts=
korean	parameter	--concepts=
korean	parameter	--human=
korean	parameter	--human=
korean	parameter	--human=
korean	parameter	--human=
korean	parameter	--properties_n=
korean	parameter	--properties_n=
korean	parameter	--properties_n=
korean	parameter	--properties_n=
korean	parameter	--properties=
korean	parameter	--properties=
korean	parameter	--properties=
korean	parameter	--properties=
korean	parameter	--property=
korean	parameter	--property=
korean	parameter	--property=
korean	parameter	--property=
korean	parameter	--concept=
korean	parameter	--concept=
korean	parameter	--concept=
korean	parameter	--concept=
korean	parameter	--concepts=
korean	parameter	--concepts=
korean	parameter	--concepts=
korean	parameter	--concepts=
korean	parameter	--properties_n=
korean	parameter	--properties=
korean	parameter	--property=
korean	parameter	--concept=
korean	parameter	--concepts=
korean	parameter	--properties_n=
korean	parameter	--properties_n=
korean	parameter	--properties=
korean	parameter	--properties=
korean	parameter	--property=
korean	parameter	--property=
korean	parameter	--concept=
korean	parameter	--concept=
korean	parameter	--concepts=
korean	parameter	--concepts=
korean	parameter	--properties_n=
korean	parameter	--properties_n=
korean	parameter	--properties_n=
korean	parameter	--properties_n=
korean	parameter	--properties_n=
korean	parameter	--properties=
korean	parameter	--properties=
korean	parameter	--properties=
korean	parameter	--properties=
korean	parameter	--properties=
korean	parameter	--property=
korean	parameter	--property=
korean	parameter	--property=
korean	parameter	--property=
korean	parameter	--property=
korean	parameter	--concept=
korean	parameter	--concept=
korean	parameter	--concept=
korean	parameter	--concept=
korean	parameter	--concept=
korean	parameter	--concepts=
korean	parameter	--concepts=
korean	parameter	--concepts=
korean	parameter	--concepts=
korean	parameter	--concepts=
korean	parameter	--properties_n=
korean	parameter	--properties_n=
korean	parameter	--properties_n=
korean	parameter	--properties=
korean	parameter	--properties=
korean	parameter	--properties=
korean	parameter	--property=
korean	parameter	--property=
korean	parameter	--property=
korean	parameter	--concept=
korean	parameter	--concept=
korean	parameter	--concept=
korean	parameter	--concepts=
korean	parameter	--concepts=
korean	parameter	--concepts=
korean	parameter	--properties_n=
korean	parameter	--properties_n=
korean	parameter	--properties_n=
korean	parameter	--properties_n=
korean	parameter	--properties_n=
korean	parameter	--properties=
korean	parameter	--properties=
korean	parameter	--properties=
korean	parameter	--properties=
korean	parameter	--properties=
korean	parameter	--property=
korean	parameter	--property=
korean	parameter	--property=
korean	parameter	--property=
korean	parameter	--property=
korean	parameter	--concept=
korean	parameter	--concept=
korean	parameter	--concept=
korean	parameter	--concept=
korean	parameter	--concept=
korean	parameter	--concepts=
korean	parameter	--concepts=
korean	parameter	--concepts=
korean	parameter	--concepts=
korean	parameter	--concepts=
korean	parameter	--properties_n=
korean	parameter	--properties=
korean	parameter	--property=
korean	parameter	--concept=
korean	parameter	--concepts=
korean	parameter	--properties_n=
korean	parameter	--properties_n=
korean	parameter	--properties_n=
korean	parameter	--properties_n=
korean	parameter	--properties_n=
korean	parameter	--properties=
korean	parameter	--properties=
korean	parameter	--properties=
korean	parameter	--properties=
korean	parameter	--properties=
korean	parameter	--property=
korean	parameter	--property=
korean	parameter	--property=
korean	parameter	--property=
korean	parameter	--property=
korean	parameter	--concept=
korean	parameter	--concept=
korean	parameter	--concept=
korean	parameter	--concept=
korean	parameter	--concept=
korean	parameter	--concepts=
korean	parameter	--concepts=
korean	parameter	--concepts=
korean	parameter	--concepts=
korean	parameter	--concepts=
korean	parameter	--properties_n=
korean	parameter	--properties_n=
korean	parameter	--properties_n=
korean	parameter	--properties_n=
korean	parameter	--properties=
korean	parameter	--properties=
korean	parameter	--properties=
korean	parameter	--properties=
korean	parameter	--property=
korean	parameter	--property=
korean	parameter	--property=
korean	parameter	--property=
korean	parameter	--concept=
korean	parameter	--concept=
korean	parameter	--concept=
korean	parameter	--concept=
korean	parameter	--concepts=
korean	parameter	--concepts=
korean	parameter	--concepts=
korean	parameter	--concepts=
korean	parameter	--properties_n=
korean	parameter	--properties_n=
korean	parameter	--properties_n=
korean	parameter	--properties_n=
korean	parameter	--properties=
korean	parameter	--properties=
korean	parameter	--properties=
korean	parameter	--properties=
korean	parameter	--property=
korean	parameter	--property=
korean	parameter	--property=
korean	parameter	--property=
korean	parameter	--concept=
korean	parameter	--concept=
korean	parameter	--concept=
korean	parameter	--concept=
korean	parameter	--concepts=
korean	parameter	--concepts=
korean	parameter	--concepts=
korean	parameter	--concepts=
korean	parameter	--properties_n=
korean	parameter	--properties_n=
korean	parameter	--properties_n=
korean	parameter	--properties_n=
korean	parameter	--properties=
korean	parameter	--properties=
korean	parameter	--properties=
korean	parameter	--properties=
korean	parameter	--property=
korean	parameter	--property=
korean	parameter	--property=
korean	parameter	--property=
korean	parameter	--concept=
korean	parameter	--concept=
korean	parameter	--concept=
korean	parameter	--concept=
korean	parameter	--concepts=
korean	parameter	--concepts=
korean	parameter	--concepts=
korean	parameter	--concepts=
korean	parameter	--properties_n=
korean	parameter	--properties_n=
korean	parameter	--properties_n=
korean	parameter	--properties_n=
korean	parameter	--properties=
korean	parameter	--properties=
korean	parameter	--properties=
korean	parameter	--properties=
korean	parameter	--property=
korean	parameter	--property=
korean	parameter	--property=
korean	parameter	--property=
korean	parameter	--concept=
korean	parameter	--concept=
korean	parameter	--concept=
korean	parameter	--concept=
korean	parameter	--concepts=
korean	parameter	--concepts=
korean	parameter	--concepts=
korean	parameter	--concepts=
korean	parameter	--properties_n=
korean	parameter	--properties_n=
korean	parameter	--properties=
korean	parameter	--properties=
korean	parameter	--property=
korean	parameter	--property=
korean	parameter	--concept=
korean	parameter	--concept=
korean	parameter	--concepts=
korean	parameter	--concepts=
korean	parameter	--properties_n=
korean	parameter	--properties_n=
korean	parameter	--properties=
korean	parameter	--properties=
korean	parameter	--property=
korean	parameter	--property=
korean	parameter	--concept=
korean	parameter	--concept=
korean	parameter	--concepts=
korean	parameter	--concepts=
korean	parameter	--properties_n=
korean	parameter	--properties=
korean	parameter	--property=
korean	parameter	--concept=
korean	parameter	--concepts=
korean	parameter	--properties_n=
korean	parameter	--properties_n=
korean	parameter	--properties=
korean	parameter	--properties=
korean	parameter	--property=
korean	parameter	--property=
korean	parameter	--concept=
korean	parameter	--concept=
korean	parameter	--concepts=
korean	parameter	--concepts=
korean	parameter	--properties_n=
korean	parameter	--properties_n=
korean	parameter	--properties_n=
korean	parameter	--properties_n=
korean	parameter	--properties_n=
korean	parameter	--properties_n=
korean	parameter	--properties_n=
korean	parameter	--properties=
korean	parameter	--properties=
korean	parameter	--properties=
korean	parameter	--properties=
korean	parameter	--properties=
korean	parameter	--properties=
korean	parameter	--properties=
korean	parameter	--property=
korean	parameter	--property=
korean	parameter	--property=
korean	parameter	--property=
korean	parameter	--property=
korean	parameter	--property=
korean	parameter	--property=
korean	parameter	--concept=
korean	parameter	--concept=
korean	parameter	--concept=
korean	parameter	--concept=
korean	parameter	--concept=
korean	parameter	--concept=
korean	parameter	--concept=
korean	parameter	--concepts=
korean	parameter	--concepts=
korean	parameter	--concepts=
korean	parameter	--concepts=
korean	parameter	--concepts=
korean	parameter	--concepts=
korean	parameter	--concepts=
korean	parameter	--properties_n=
korean	parameter	--properties_n=
korean	parameter	--properties=
korean	parameter	--properties=
korean	parameter	--property=
korean	parameter	--property=
korean	parameter	--concept=
korean	parameter	--concept=
korean	parameter	--concepts=
korean	parameter	--concepts=
korean	parameter	--properties_n=
korean	parameter	--properties_n=
korean	parameter	--properties=
korean	parameter	--properties=
korean	parameter	--property=
korean	parameter	--property=
korean	parameter	--concept=
korean	parameter	--concept=
korean	parameter	--concepts=
korean	parameter	--concepts=
korean	parameter	--properties_n=
korean	parameter	--properties_n=
korean	parameter	--properties_n=
korean	parameter	--properties_n=
korean	parameter	--properties_n=
korean	parameter	--properties=
korean	parameter	--properties=
korean	parameter	--properties=
korean	parameter	--properties=
korean	parameter	--properties=
korean	parameter	--property=
korean	parameter	--property=
korean	parameter	--property=
korean	parameter	--property=
korean	parameter	--property=
korean	parameter	--concept=
korean	parameter	--concept=
korean	parameter	--concept=
korean	parameter	--concept=
korean	parameter	--concept=
korean	parameter	--concepts=
korean	parameter	--concepts=
korean	parameter	--concepts=
korean	parameter	--concepts=
korean	parameter	--concepts=
korean	parameter	--properties_n=
korean	parameter	--properties_n=
korean	parameter	--properties_n=
korean	parameter	--properties=
korean	parameter	--properties=
korean	parameter	--properties=
korean	parameter	--property=
korean	parameter	--property=
korean	parameter	--property=
korean	parameter	--concept=
korean	parameter	--concept=
korean	parameter	--concept=
korean	parameter	--concepts=
korean	parameter	--concepts=
korean	parameter	--concepts=
korean	parameter	--properties_n=
korean	parameter	--properties_n=
korean	parameter	--properties=
korean	parameter	--properties=
korean	parameter	--property=
korean	parameter	--property=
korean	parameter	--concept=
korean	parameter	--concept=
korean	parameter	--concepts=
korean	parameter	--concepts=
korean	parameter	--properties_n=
korean	parameter	--properties_n=
korean	parameter	--properties=
korean	parameter	--properties=
korean	parameter	--property=
korean	parameter	--property=
korean	parameter	--concept=
korean	parameter	--concept=
korean	parameter	--concepts=
korean	parameter	--concepts=
korean	parameter	--increment=
korean	parameter	--increment=
korean	parameter	--increment=
korean	parameter	--increment=
korean	parameter	--increment=
korean	parameter	--increment=
korean	parameter	--increment=
korean	parameter	--increment=
korean	parameter	--multiplications=
korean	parameter	--multiplications=
korean	parameter	--multiplications=
korean	parameter	--multiplications=
korean	parameter	--multiplications=
korean	parameter	--multiplications=
korean	parameter	--multiplications=
korean	parameter	--multiplications=
korean	parameter	--multiplications=
korean	parameter	--multiplications=
korean	parameter	--multiplications=
korean	parameter	--multiplications=
korean	parameter	--multiplications=
korean	parameter	--multiplications=
korean	parameter	--multiplications=
korean	parameter	--multiplications=
korean	parameter	--multiplications=
korean	parameter	--multiplications=
korean	parameter	--continuum=
korean	parameter	--continuum=
korean	parameter	--continuum=
korean	parameter	--continuum=
korean	parameter	--continuum=
korean	parameter	--continuum=
korean	parameter	--continuum=
korean	parameter	--continuum=
korean	parameter	--continuum=
korean	parameter	--continuum=
korean	parameter	--continuum=
korean	parameter	--continuum=
korean	parameter	--continuum=
korean	parameter	--continuum=
korean	parameter	--continuum=
korean	parameter	--continuum=
korean	parameter	--continuum=
korean	parameter	--continuum=
korean	parameter	--continuum=
korean	parameter	--continuum=
korean	parameter	--continuum=
korean	parameter	--continuum=
korean	parameter	--continuum=
korean	parameter	--continuum=
korean	parameter	--continuum=
korean	parameter	--continuum=
korean	parameter	--continuum=
korean	parameter	--continuum=
korean	parameter	--continuum=
korean	parameter	--continuum=
korean	parameter	--continuum=
korean	parameter	--continuum=
korean	parameter	--continuum=
korean	parameter	--continuum=
korean	parameter	--continuum=
korean	parameter	--continuum=
korean	parameter	--continuum=
korean	parameter	--continuum=
korean	parameter	--continuum=
korean	parameter	--continuum=
korean	parameter	--continuum=
korean	parameter	--universe=
korean	parameter	--universe=
korean	parameter	--transcendentals=
korean	parameter	--transcendentals=
korean	parameter	--structurals=
korean	parameter	--structurals=
korean	parameter	--sphere=
korean	parameter	--sphere=
korean	parameter	--spheres=
korean	parameter	--spheres=
korean	parameter	--ball=
korean	parameter	--ball=
korean	parameter	--balls=
korean	parameter	--balls=
korean	parameter	--continuum=
korean	parameter	--continuum=
korean	parameter	--continuum=
korean	parameter	--continuum=
korean	parameter	--continuum=
korean	parameter	--continuum=
korean	parameter	--continuum=
korean	parameter	--continuum=
korean	parameter	--continuum=
korean	parameter	--continuum=
korean	parameter	--continuum=
korean	parameter	--continuum=
korean	parameter	--continuum=
korean	parameter	--continuum=
korean	parameter	--continuum=
korean	parameter	--continuum=
korean	parameter	--continuum=
korean	parameter	--continuum=
korean	parameter	--continuum=
korean	parameter	--continuum=
korean	parameter	--continuum=
korean	parameter	--continuum=
korean	parameter	--continuum=
korean	parameter	--continuum=
korean	parameter	--continuum=
korean	parameter	--continuum=
korean	parameter	--continuum=
korean	parameter	--continuum=
korean	parameter	--continuum=
korean	parameter	--continuum=
korean	parameter	--continuum=
korean	parameter	--multiverse=
korean	parameter	--multiverse=
korean	parameter	--multiverse=
korean	parameter	--multiverse=
korean	parameter	--multiverse=
korean	parameter	--multiverse=
korean	parameter	--continuum=
korean	parameter	--continuum=
korean	parameter	--continuum=
korean	parameter	--multiverse=
korean	parameter	--multiverse=
korean	parameter	--multiverse=
korean	parameter	--continuum=
korean	parameter	--continuum=
korean	parameter	--continuum=
korean	parameter	--continuum=
korean	parameter	--continuum=
korean	parameter	--continuum=
korean	parameter	--continuum=
korean	parameter	--continuum=
korean	parameter	--continuum=
korean	parameter	--continuum=
korean	parameter	--continuum=
korean	parameter	--continuum=
korean	parameter	--continuum=
korean	parameter	--continuum=
korean	parameter	--continuum=
korean	parameter	--continuum=
korean	parameter	--continuum=
korean	parameter	--continuum=
korean	parameter	--continuum=
korean	parameter	--continuum=
korean	parameter	--continuum=
korean	parameter	--human=
korean	parameter	--human=
korean	parameter	--human=
korean	parameter	--human=
korean	parameter	--human=
korean	parameter	--human=
korean	parameter	--human=
korean	parameter	--human=
korean	parameter	--human=
korean	parameter	--human=
korean	parameter	--human=
korean	parameter	--human=
korean	parameter	--human=
korean	parameter	--human=
korean	parameter	--human=
korean	parameter	--continuum=
korean	parameter	--continuum=
korean	parameter	--continuum=
korean	parameter	--all=
korean	parameter	--=
korean	parameter	--width=
korean	parameter	--widths=
korean	parameter	--nonumbering
korean	parameter	--*=
korean	parameter	-lines
korean	parameter	-columns
korean	parameter	-combination
korean	parameter	-output
korean	parameter	-debug
korean	parameter	-h
korean	parameter	-help
korean	command	help
korean	command	intent
korean	command	shortcuts
korean	command	commands
korean	command	size
korean	command	thomas
korean	command	universe
korean	command	consciousness
korean	command	emotions
korean	command	impulses
korean	command	mind
korean	command	reta
korean	command	exit
korean	command	logging_no
korean	command	logging_yes
korean	command	quit
korean	command	:q
korean	command	CommandClearSaves
korean	command	CommandSaveAfter
korean	command	CommandSaveBefore
korean	command	CommandSaveOutput
korean	command	HELP
korean	command	abc
korean	command	abcd
korean	command	all
korean	command	circles
korean	command	clear
korean	command	complex
korean	command	direction
korean	command	distance
korean	command	distancePrime
korean	command	divider
korean	command	drive
korean	command	ee
korean	command	end
korean	command	equality
korean	command	freedom
korean	command	intentions
korean	command	invert
korean	command	math
korean	command	modulo
korean	command	moon
korean	command	motifs
korean	command	motive
korean	command	mulpri
korean	command	multiple
korean	command	multis
korean	command	multis3
korean	command	network
korean	command	noOneCharacterLinePlusNoOutputWhichCommandItWas
korean	command	primaryfactorcomparison
korean	command	prime
korean	command	prime24
korean	command	primecross
korean	command	primefactorization
korean	command	primefactorizationModulo24
korean	command	python
korean	command	range
korean	command	shell
korean	command	single
korean	command	spheres
korean	command	truthRealities
korean	command	C
korean	command	D
korean	command	E
korean	command	I
korean	command	M
korean	command	R
korean	command	S
korean	command	T
korean	command	c
korean	command	d
korean	command	e
korean	command	h
korean	command	i
korean	command	m
korean	command	o
korean	command	p
korean	command	q
korean	command	r
korean	command	s
korean	command	t
korean	command	u
korean	command	15_1
korean	command	15_10
korean	command	15_10_4
korean	command	15_10_4_18_6
korean	command	15_11
korean	command	15_12
korean	command	15_13
korean	command	15_13_10
korean	command	15_13_13
korean	command	15_13_16
korean	command	15_13_17
korean	command	15_13_1pro6
korean	command	15_13_1pro8
korean	command	15_13_4
korean	command	15_13_6
korean	command	15_13_7
korean	command	15_14
korean	command	15_14_6
korean	command	15_15
korean	command	15_16
korean	command	15_17
korean	command	15_17_6
korean	command	15_17_6_10with4
korean	command	15_18
korean	command	15_18_10
korean	command	15_18_15
korean	command	15_18_15_n-vs-1pron
korean	command	15_18_17
korean	command	15_18_6
korean	command	15_18_7
korean	command	15_19
korean	command	15_1pro12
korean	command	15_1pro13
korean	command	15_1pro15
korean	command	15_1pro19
korean	command	15_1pro3
korean	command	15_1pro30
korean	command	15_1pro5
korean	command	15_1pro6
korean	command	15_1pro8
korean	command	15_2
korean	command	15_20
korean	command	15_21
korean	command	15_24
korean	command	15_26
korean	command	15_28
korean	command	15_3
korean	command	15_30
korean	command	15_31
korean	command	15_32
korean	command	15_36
korean	command	15_37
korean	command	15_39
korean	command	15_4
korean	command	15_5
korean	command	15_51
korean	command	15_5_10
korean	command	15_6
korean	command	15_7
korean	command	15_7with6
korean	command	15_8
korean	command	15_9
korean	command	15_90
korean	command	15_9_6
korean	command	15_against5
korean	command	16_1
korean	command	16_10
korean	command	16_15
korean	command	16_15_1
korean	command	16_15_10
korean	command	16_15_10_4
korean	command	16_15_10_4_18_6
korean	command	16_15_11
korean	command	16_15_12
korean	command	16_15_13
korean	command	16_15_13_10
korean	command	16_15_13_13
korean	command	16_15_13_16
korean	command	16_15_13_17
korean	command	16_15_13_1pro6
korean	command	16_15_13_1pro8
korean	command	16_15_13_4
korean	command	16_15_13_6
korean	command	16_15_13_7
korean	command	16_15_14
korean	command	16_15_14_6
korean	command	16_15_16
korean	command	16_15_17
korean	command	16_15_17_6
korean	command	16_15_17_6_10with4
korean	command	16_15_18
korean	command	16_15_18_10
korean	command	16_15_18_15
korean	command	16_15_18_15_n-vs-1pron
korean	command	16_15_18_17
korean	command	16_15_18_6
korean	command	16_15_18_7
korean	command	16_15_19
korean	command	16_15_1pro12
korean	command	16_15_1pro13
korean	command	16_15_1pro15
korean	command	16_15_1pro19
korean	command	16_15_1pro3
korean	command	16_15_1pro30
korean	command	16_15_1pro5
korean	command	16_15_1pro6
korean	command	16_15_1pro8
korean	command	16_15_2
korean	command	16_15_20
korean	command	16_15_21
korean	command	16_15_24
korean	command	16_15_26
korean	command	16_15_28
korean	command	16_15_3
korean	command	16_15_30
korean	command	16_15_31
korean	command	16_15_32
korean	command	16_15_36
korean	command	16_15_37
korean	command	16_15_39
korean	command	16_15_4
korean	command	16_15_5
korean	command	16_15_51
korean	command	16_15_5_10
korean	command	16_15_6
korean	command	16_15_7
korean	command	16_15_7with6
korean	command	16_15_8
korean	command	16_15_9
korean	command	16_15_90
korean	command	16_15_9_6
korean	command	16_15_against5
korean	command	16_16
korean	command	16_2
korean	command	16_20
korean	command	16_3
korean	command	16_5
korean	command	16_6
korean	command	PROPNIAddiction
korean	command	PROPNIless
korean	command	PROPNX-ray
korean	command	PROPNaffection
korean	command	PROPNaffection_dislike
korean	command	PROPNaffectionate
korean	command	PROPNaltruism
korean	command	PROPNaltruist
korean	command	PROPNarrogance
korean	command	PROPNarrogant
korean	command	PROPNass
korean	command	PROPNasshole
korean	command	PROPNauthoritarian
korean	command	PROPNaverse
korean	command	PROPNbad
korean	command	PROPNcachetPrestigeValidity
korean	command	PROPNcausal
korean	command	PROPNconnect
korean	command	PROPNcooperation
korean	command	PROPNcooperation_vs_ass
korean	command	PROPNcourteous
korean	command	PROPNdenounce
korean	command	PROPNdispute
korean	command	PROPNegalitarian
korean	command	PROPNegalitarianAuthoritarian
korean	command	PROPNegalitarian_vs_authoritarian
korean	command	PROPNego
korean	command	PROPNegoism
korean	command	PROPNegoism_vs_altruism
korean	command	PROPNegoist
korean	command	PROPNencourage
korean	command	PROPNencourage_sensitize_and_grant
korean	command	PROPNengage_trust_denounce
korean	command	PROPNequal
korean	command	PROPNequality
korean	command	PROPNevil
korean	command	PROPNfamilial
korean	command	PROPNfamilyneeds
korean	command	PROPNfriends
korean	command	PROPNgenesis
korean	command	PROPNgentle_vs_hard
korean	command	PROPNget_your_right
korean	command	PROPNgettingNear
korean	command	PROPNgodly
korean	command	PROPNgods_prophets_families_friends
korean	command	PROPNgood
korean	command	PROPNgood_evil_love_bad
korean	command	PROPNhard
korean	command	PROPNhonest
korean	command	PROPNhonest_vs_polite
korean	command	PROPNhonesty
korean	command	PROPNhonesty_and_contention
korean	command	PROPNhumble
korean	command	PROPNidiot
korean	command	PROPNilluminate
korean	command	PROPNinclined
korean	command	PROPNinferior
korean	command	PROPNinferior_superior
korean	command	PROPNinvent
korean	command	PROPNkind
korean	command	PROPNlatchOn
korean	command	PROPNlaw
korean	command	PROPNleadership
korean	command	PROPNlimit
korean	command	PROPNlove
korean	command	PROPNlove_etc
korean	command	PROPNmeaning
korean	command	PROPNmeaning_and_purpose_of_life
korean	command	PROPNmeta-wisdom
korean	command	PROPNmetawisdom
korean	command	PROPNmonotonous
korean	command	PROPNmorality
korean	command	PROPNopinionintelligence
korean	command	PROPNopinions
korean	command	PROPNopinions_and_reputation
korean	command	PROPNoptimal
korean	command	PROPNoptimum
korean	command	PROPNoriginintelligence
korean	command	PROPNotherpeople
korean	command	PROPNoutnumber
korean	command	PROPNpolarityOfLove
korean	command	PROPNpolarity_of_love
korean	command	PROPNpolite
korean	command	PROPNpromote
korean	command	PROPNprophets
korean	command	PROPNpurpose
korean	command	PROPNraiseawareness
korean	command	PROPNreputation
korean	command	PROPNresearch
korean	command	PROPNresearch_invention_engagement
korean	command	PROPNreserved
korean	command	PROPNrights
korean	command	PROPNscience
korean	command	PROPNscope
korean	command	PROPNselfishness
korean	command	PROPNselfishness_wantingYourOwnI_etc
korean	command	PROPNselfless
korean	command	PROPNselflessness_Ilessness_etc
korean	command	PROPNselfrighteous
korean	command	PROPNsenseAndMeaning
korean	command	PROPNsimilar
korean	command	PROPNsoft
korean	command	PROPNspace
korean	command	PROPNspatially
korean	command	PROPNspoil
korean	command	PROPNsurvival
korean	command	PROPNsurvive
korean	command	PROPNthrive
korean	command	PROPNtime
korean	command	PROPNtime_vs_space
korean	command	PROPNtrustMaintain
korean	command	PROPNunite
korean	command	PROPNuniteConnect
korean	command	PROPNunite_vs_connect
korean	command	PROPNunity
korean	command	PROPNvaluable
korean	command	PROPNvaried
korean	command	PROPNvaried_monotonous
korean	command	PROPNwisdom
korean	command	PROPNwisdom_etc
korean	command	PROPNwise
korean	command	PROPNworthless
korean	command	PROPRGoodnessegoism
korean	command	PROPRacceptance
korean	command	PROPRadversity
korean	command	PROPRalign
korean	command	PROPRalign_setup
korean	command	PROPRdignified
korean	command	PROPRepistemology
korean	command	PROPRexception
korean	command	PROPRfilterType
korean	command	PROPRfilter_type_and_violation
korean	command	PROPRgoodreciprocal
korean	command	PROPRposition
korean	command	PROPRreflect
korean	command	PROPRreflect_recognize
korean	command	PROPRrespect
korean	command	PROPRrule
korean	command	PROPRrule_vs_exception
korean	command	PROPRtolerance
korean	command	PROPRtolerance_respect_acceptance_welcome
korean	command	PROPRtrust_want
korean	command	PROPRvalues
korean	command	PROPRwantToTrust
korean	command	PROPRwelcome
korean	command	PROPRworthy
korean	allowed_fraction	2
korean	allowed_fraction	3
korean	allowed_fraction	4
korean	allowed_fraction	5
korean	allowed_fraction	6
korean	allowed_fraction	7
korean	allowed_fraction	8
korean	allowed_fraction	9
korean	allowed_fraction	10
korean	allowed_fraction	11
korean	allowed_fraction	12
korean	allowed_fraction	13
korean	allowed_fraction	14
korean	allowed_fraction	15
korean	allowed_fraction	16
korean	allowed_fraction	17
korean	allowed_fraction	18
korean	allowed_fraction	19
korean	allowed_fraction	20
korean	allowed_fraction	21
korean	allowed_fraction	22
korean	short	C
korean	short	D
korean	short	E
korean	short	I
korean	short	M
korean	short	R
korean	short	S
korean	short	T
korean	short	c
korean	short	d
korean	short	e
korean	short	h
korean	short	i
korean	short	m
korean	short	o
korean	short	p
korean	short	q
korean	short	r
korean	short	s
korean	short	t
korean	short	u
